date,captured_at,query,sort,source_segment,source_query,segment_position,source_page,search_position,bestseller_rank,category_rank,rank_delta,trend_score,niche_score,product_id,merchant_id,title,brand,category,url,seller_name,seller_score,price,original_price,discount_percent,price_delta_percent,currency,campaigns,stock_status,stock_signal,sales_signal,sales_signal_min,rating,rating_count,review_count,review_delta,question_count,basket_signal,favorite_signal,view_signal,shipping_cost,shipping_currency,handling_days_min,handling_days_max,transit_days_min,transit_days_max,delivery_summary,badge,image_url,properties,sample_review_count,sample_review_avg,detail_status,detail_selection,detail_attempted,detail_refreshed_at,detail_age_days,data_sources,field_availability,detail_ok,detail_error
2026-08-17,2026-08-17T09:00:04+03:00,çocuk,BEST_SELLER,genel-cocuk,çocuk,1,1,1,1,1,2,125.6,71.9,1183064934,357212,Go Toys Kinetik Top Duyusal Oyuncak - SpinnBall Stret Oyuncak 1 Adet,Go Toys,Eğitici Oyuncak,https://www.trendyol.com/go-toys/kinetik-top-duyusal-oyuncak-spinnball-stret-oyuncak-1-adet-p-1183064934?boutiqueId=61&merchantId=357212,Shopist,9,199.5,285,30,-0.1,TRY,"[""Sepette %30 İndirim"",""Kargo Bedava""]",InStock,100 adetten fazla stok sunulmuştur,Son 3 günde 500+ ürün satıldı!,500,4.4,11,8,4,6,"6,3B kişinin sepetinde","12,9B kişi favoriledi","Son 24 saatte 3,4B kişi görüntüledi",4999,TRY,0,1,1,3,14 saat 57 dakika içinde sipariş verirsen en geç yarın kargoda!,En Çok Satan 1. Ürün,https://cdn.dsmcdn.com/ty1901/prod/QC_PREP/20260810/10/3e22a150-35e2-3887-b3ac-21a1aaf8afb2/1_org_zoom.jpg,"{""Paket İçeriği"":""1'li"",""Yaş"":""3+ Yaş"",""Piller Kutuya Dahil Mi?"":""Hayır"",""Dil"":""Evrensel Dil"",""Pil ile mi çalışır?"":""Hayır"",""Menşei"":""TR""}",8,4.25,refreshed,"[""daily_top""]",true,2026-08-17T09:00:04+03:00,0,"[""search_result_dom"",""product_detail_jsonld"",""product_detail_dom""]","{""title"":""observed"",""brand"":""observed"",""seller_name"":""observed"",""seller_score"":""observed"",""price"":""observed"",""original_price"":""observed"",""campaigns"":""observed"",""stock_status"":""observed"",""stock_signal"":""observed"",""rating"":""observed"",""rating_count"":""observed"",""review_count"":""observed"",""question_count"":""observed"",""delivery_summary"":""observed"",""shipping_cost"":""observed"",""properties"":""observed""}",true,
2026-08-17,2026-08-17T09:00:04+03:00,çocuk,BEST_SELLER,genel-cocuk,çocuk,2,1,2,2,2,21,93.7,36.3,1164531939,517848,FBZhome 72 Parça Manyetik Yapı Blokları - Çocuklar için Renkli 3 Boyutlu Karo Oyun Seti Oyuncak Yap-Boz,FBZhome,Eğitici Oyuncak,https://www.trendyol.com/fbzhome/72-parca-manyetik-yapi-bloklari-cocuklar-icin-renkli-3-boyutlu-karo-oyun-seti-oyuncak-yap-boz-p-1164531939?boutiqueId=61&merchantId=517848,FBZHOME,92,1299.9,,,-2.5,TRY,"[""Kargo Bedava""]",InStock,100 adetten fazla stok sunulmuştur,Son 3 günde 500+ ürün satıldı!,,4.7,206,163,11,,,,,4999,TRY,0,,1,3,2 saat 57 dakika içinde sipariş verirsen en geç bugün kargoda!,En Çok Satan 2. Ürün,https://cdn.dsmcdn.com/ty1930/prod/QC_ENRICHMENT/20260717/11/b1cae3a6-3aff-35af-9567-d612ab4b08ee/1_org_zoom.jpg,"{""Paket İçeriği"":""72'li"",""Yaş"":""3+ Yaş"",""Piller Kutuya Dahil Mi?"":""Hayır"",""Dil"":""Evrensel Dil"",""Pil ile mi çalışır?"":""Hayır"",""Diğer Özellikler"":""manyetik mıknatıslı bloklar"",""Menşei"":""TR"",""Ürün Uyarıları (Oyuncak)"":""3 Yaş Üstü"",""Batarya Türü"":""Diğer"",""Batarya Boyutu"":""Uygulanabilir Değil"",""Özellik"":""Diğer""}",20,5,refreshed,"[""daily_top""]",true,2026-08-17T09:00:04+03:00,0,"[""search_result_dom"",""product_detail_jsonld"",""product_detail_dom""]","{""title"":""observed"",""brand"":""observed"",""seller_name"":""observed"",""seller_score"":""observed"",""price"":""observed"",""original_price"":""unavailable"",""campaigns"":""observed"",""stock_status"":""observed"",""stock_signal"":""observed"",""rating"":""observed"",""rating_count"":""observed"",""review_count"":""observed"",""question_count"":""unavailable"",""delivery_summary"":""observed"",""shipping_cost"":""observed"",""properties"":""observed""}",true,
2026-08-17,2026-08-17T09:00:04+03:00,çocuk,BEST_SELLER,genel-cocuk,çocuk,3,1,3,3,,-2,143.4,49.1,959516754,357212,Go Toys Go Magnetic Series 72 Parça Manyetik Yapı Blokları Original - Mıknatıslı Manyetik Bloklar,Go Toys,Eğitici Oyuncak,https://www.trendyol.com/go-toys/go-magnetic-series-72-parca-manyetik-yapi-bloklari-original-miknatisli-manyetik-bloklar-p-959516754?boutiqueId=61&merchantId=357212,Shopist,9,1536.5,2195,30,-17.6,TRY,"[""Sepette %30 İndirim"",""Kargo Bedava"",""Peşin Fiyatına 3 Taksit""]",InStock,100 adetten fazla stok sunulmuştur,Son 3 günde 500+ ürün satıldı!,500,4.2,11196,4682,48,602,"24,6B kişinin sepetinde","440,3B kişi favoriledi","Son 24 saatte 7,3B kişi görüntüledi",4999,TRY,0,1,1,3,14 saat 57 dakika içinde sipariş verirsen en geç yarın kargoda!,,https://cdn.dsmcdn.com/ty1000388/product/media/images/prod/PIM/20260417/06/199e148e-a776-48e6-963e-bef3603d28f4/1_org_zoom.jpg,"{""Paket İçeriği"":""72'li"",""Yaş"":""3+ Yaş"",""Piller Kutuya Dahil Mi?"":""Hayır"",""Dil"":""Evrensel Dil"",""Pil ile mi çalışır?"":""Hayır"",""Menşei"":""TR"",""Özellik"":""Mıknatıslı""}",20,5,refreshed,"[""daily_top""]",true,2026-08-17T09:00:04+03:00,0,"[""search_result_dom"",""product_detail_jsonld"",""product_detail_dom""]","{""title"":""observed"",""brand"":""observed"",""seller_name"":""observed"",""seller_score"":""observed"",""price"":""observed"",""original_price"":""observed"",""campaigns"":""observed"",""stock_status"":""observed"",""stock_signal"":""observed"",""rating"":""observed"",""rating_count"":""observed"",""review_count"":""observed"",""question_count"":""observed"",""delivery_summary"":""observed"",""shipping_cost"":""observed"",""properties"":""observed""}",true,
2026-08-17,2026-08-17T09:00:04+03:00,çocuk,BEST_SELLER,genel-cocuk,çocuk,4,1,4,4,4,8,141.8,58.2,987253589,1164978,"Genel Markalar 3'lü Bebek Vakumlu Döner Topaç: Duyu Gelişimi Destekli, Serbest Kombinasyonlu ABS Hayvan Oyuncağı",Genel Markalar,Eğitici Oyuncak,https://www.trendyol.com/genel-markalar/3-lu-bebek-vakumlu-doner-topac-duyu-gelisimi-destekli-serbest-kombinasyonlu-abs-hayvan-oyuncagi-p-987253589?boutiqueId=61&merchantId=1164978,BBSKY,96,599,998.34,40,0,TRY,"[""Sepette %40 İndirim"",""125 TL Kupon"",""Kargo Bedava"",""Sepette %20 İndirim""]",InStock,100 adetten fazla stok sunulmuştur,Son 3 günde 500+ ürün satıldı!,500,4.5,468,296,8,26,"2,3B kişinin sepetinde","35,8B kişi favoriledi","Son 24 saatte 1,9B kişi görüntüledi",4999,TRY,0,1,1,3,14 saat 57 dakika içinde sipariş verirsen en geç yarın kargoda!,En Çok Satan 4. Ürün,https://cdn.dsmcdn.com/ty1931/prod/QC_ENRICHMENT/20260802/22/a159a028-5cc9-37ec-9d3a-a1c6edfe06ac/1_org_zoom.jpg,"{""Paket İçeriği"":""3'lü"",""Yaş"":""1+ Yaş"",""Piller Kutuya Dahil Mi?"":""Hayır"",""Dil"":""Evrensel Dil"",""Pil ile mi çalışır?"":""Hayır"",""Diğer Özellikler"":""Çocukların el-göz becerilerini destekler"",""Menşei"":""CN"",""Ürün Uyarıları (Oyuncak)"":""1,10 ay ve üzeri bebekler için uygundur.2,Yalnızca yetişkin gözetiminde kullanılmalıdır.3,Ambalaj malzemelerini çocuklardan uzak tutunuz, boğulma tehlikesi vardır.4,Oyuncağı düzenli olarak kontrol edin, hasarlı parçaları kullanmayınız."",""Özellik"":""Vakumlu""}",20,5,refreshed,"[""daily_top""]",true,2026-08-17T09:00:04+03:00,0,"[""search_result_dom"",""product_detail_jsonld"",""product_detail_dom""]","{""title"":""observed"",""brand"":""observed"",""seller_name"":""observed"",""seller_score"":""observed"",""price"":""observed"",""original_price"":""observed"",""campaigns"":""observed"",""stock_status"":""observed"",""stock_signal"":""observed"",""rating"":""observed"",""rating_count"":""observed"",""review_count"":""observed"",""question_count"":""observed"",""delivery_summary"":""observed"",""shipping_cost"":""observed"",""properties"":""observed""}",true,
2026-08-17,2026-08-17T09:00:04+03:00,çocuk,BEST_SELLER,genel-cocuk,çocuk,5,1,5,5,5,-1,107.9,49.6,955779223,1159908,ankahometoys Puzzle City 3D Yapı Blokları - 128 Parça Eğitici Şehir Kurma ve Tasarım Seti,ankahometoys,Eğitici Oyuncak,https://www.trendyol.com/ankahometoys/puzzle-city-3d-yapi-bloklari-128-parca-egitici-sehir-kurma-ve-tasarim-seti-p-955779223?boutiqueId=61&merchantId=1159908,PLASTMARKET,94,99.9,,,0,TRY,"[""Kargo Bedava"",""Trendyol Plus'a Özel""]",InStock,100 adetten fazla stok sunulmuştur,Son 3 günde 500+ ürün satıldı!,500,4.4,6091,3107,9,278,"7,1B kişinin sepetinde","143,9B kişi favoriledi","Son 24 saatte 2,9B kişi görüntüledi",4999,TRY,0,,1,3,1 saat 57 dakika içinde sipariş verirsen en geç bugün kargoda!,En Çok Satan 5. Ürün,https://cdn.dsmcdn.com/ty1859/prod/QC_ENRICHMENT/20260422/10/5c3c7aa8-5b58-3be6-8d39-27b0e52b1234/1_org_zoom.jpg,"{""Paket İçeriği"":""120'li"",""Yaş"":""3+ Yaş"",""Piller Kutuya Dahil Mi?"":""Hayır"",""Dil"":""Evrensel Dil"",""Pil ile mi çalışır?"":""Hayır"",""Menşei"":""TR"",""Ürün Uyarıları (Oyuncak)"":""3 yaş ve üzeri çocuklar için uygundur"",""Özellik"":""Enerji Tasarrufu""}",20,5,refreshed,"[""daily_top""]",true,2026-08-17T09:00:04+03:00,0,"[""search_result_dom"",""product_detail_jsonld"",""product_detail_dom""]","{""title"":""observed"",""brand"":""observed"",""seller_name"":""observed"",""seller_score"":""observed"",""price"":""observed"",""original_price"":""unavailable"",""campaigns"":""observed"",""stock_status"":""observed"",""stock_signal"":""observed"",""rating"":""observed"",""rating_count"":""observed"",""review_count"":""observed"",""question_count"":""observed"",""delivery_summary"":""observed"",""shipping_cost"":""observed"",""properties"":""observed""}",true,
2026-08-17,2026-08-17T09:00:04+03:00,çocuk,BEST_SELLER,genel-cocuk,çocuk,6,1,6,6,,0,128.2,47,876839630,1047741,Magly Manyetik Yapı Blokları – Çocuklar İçin Renkli 3 Boyutlu 72 Parça Manyetik Karo Oyun Seti,Magly,Eğitici Oyuncak,https://www.trendyol.com/magly/manyetik-yapi-bloklari-cocuklar-icin-renkli-3-boyutlu-72-parca-manyetik-karo-oyun-seti-p-876839630?boutiqueId=61&merchantId=1047741,Magly,,2196,2745,20,0,TRY,"[""Sepette %20 İndirim"",""Kargo Bedava"",""Peşin Fiyatına 3 Taksit""]",InStock,100 adetten fazla stok sunulmuştur,Son 3 günde 500+ ürün satıldı!,500,4.7,10830,5954,27,830,"18,9B kişinin sepetinde","436,8B kişi favoriledi","Son 24 saatte 6,5B kişi görüntüledi",4999,TRY,0,1,1,3,5 saat 57 dakika içinde sipariş verirsen en geç bugün kargoda!,,https://cdn.dsmcdn.com/ty1602/prod/QC/20241118/16/18962b5a-dc5e-3472-b1bb-56962270878a/1_org_zoom.jpg,"{""Paket İçeriği"":""72'li"",""Yaş"":""3+ Yaş"",""Piller Kutuya Dahil Mi?"":""Hayır"",""Dil"":""Evrensel Dil"",""Pil ile mi çalışır?"":""Hayır"",""Diğer Özellikler"":""manyetik bloklar"",""Menşei"":""TR"",""Ürün Uyarıları (Oyuncak)"":""3 yaş üstü"",""Batarya Türü"":""Diğer"",""Batarya Boyutu"":""Uygulanabilir Değil"",""Özellik"":""Diğer""}",20,5,refreshed,"[""daily_top""]",true,2026-08-17T09:00:04+03:00,0,"[""search_result_dom"",""product_detail_jsonld"",""product_detail_dom""]","{""title"":""observed"",""brand"":""observed"",""seller_name"":""observed"",""seller_score"":""unavailable"",""price"":""observed"",""original_price"":""observed"",""campaigns"":""observed"",""stock_status"":""observed"",""stock_signal"":""observed"",""rating"":""observed"",""rating_count"":""observed"",""review_count"":""observed"",""question_count"":""observed"",""delivery_summary"":""observed"",""shipping_cost"":""observed"",""properties"":""observed""}",true,
2026-08-17,2026-08-17T09:00:04+03:00,çocuk,BEST_SELLER,genel-cocuk,çocuk,7,1,7,7,,3,97.3,55.2,887625564,496056,Monalisa Çocuk Renkli Ponpon Toka 10’Lu,Monalisa,Toka,https://www.trendyol.com/monalisa/cocuk-renkli-ponpon-toka-10-lu-p-887625564?boutiqueId=61&merchantId=496056,Monalisa Toka,,20.99,,,0,TRY,"[""Kargo Bedava"",""Trendyol Plus'a Özel""]",InStock,100 adetten fazla stok sunulmuştur,Son 3 günde 500+ ürün satıldı!,500,3.5,814,457,10,46,"1,5B kişinin sepetinde","29,4B kişi favoriledi",Son 24 saatte 754 kişi görüntüledi,4999,TRY,0,,1,3,5 saat 57 dakika içinde sipariş verirsen en geç bugün kargoda!,,https://cdn.dsmcdn.com/ty1618/prod/QC/20241228/00/c41205e3-a9f5-3702-9b76-f9d169b1362b/1_org_zoom.jpg,"{""Desen"":""Renkli"",""Materyal Bileşeni"":""kaplama"",""Materyal"":""Polyester"",""Renk"":""Çok Renkli"",""Menşei"":""TR""}",20,5,refreshed,"[""daily_top""]",true,2026-08-17T09:00:04+03:00,0,"[""search_result_dom"",""product_detail_jsonld"",""product_detail_dom""]","{""title"":""observed"",""brand"":""observed"",""seller_name"":""observed"",""seller_score"":""unavailable"",""price"":""observed"",""original_price"":""unavailable"",""campaigns"":""observed"",""stock_status"":""observed"",""stock_signal"":""observed"",""rating"":""observed"",""rating_count"":""observed"",""review_count"":""observed"",""question_count"":""observed"",""delivery_summary"":""observed"",""shipping_cost"":""observed"",""properties"":""observed""}",true,
2026-08-17,2026-08-17T09:00:04+03:00,çocuk,BEST_SELLER,genel-cocuk,çocuk,8,1,8,8,1,62,85,65,1165761655,252109,mucciden Pufix Dökülmeyen Baloncuk Oyuncağı | Sızdırmaz Baloncuk Şişesi | Çocuk Baloncuk Oyuncağı | Meyve Figürlü,mucciden,Bahçe Oyuncakları,https://www.trendyol.com/mucciden/pufix-dokulmeyen-baloncuk-oyuncagi-sizdirmaz-baloncuk-sisesi-cocuk-baloncuk-oyuncagi-meyve-figurlu-p-1165761655?boutiqueId=61&merchantId=252109,Miniko Kids,93,145.85,,,0,TRY,"[""Kargo Bedava""]",InStock,100 adetten fazla stok sunulmuştur,Son 3 günde 500+ ürün satıldı!,500,3.9,30,23,5,20,"3,8B kişinin sepetinde","12,9B kişi favoriledi","Son 24 saatte 2,1B kişi görüntüledi",4999,TRY,0,1,1,3,14 saat 57 dakika içinde sipariş verirsen en geç yarın kargoda!,En Çok Satan 1. Ürün,https://cdn.dsmcdn.com/ty1939/prod/QC_PREP/20260707/20/65b49733-1756-3901-ac23-d5a27ddcb6de/1_org_zoom.jpg,"{""Yaş"":""3+ Yaş"",""Menşei"":""TR""}",20,4.55,refreshed,"[""daily_top"",""hot_change""]",true,2026-08-17T09:00:04+03:00,0,"[""search_result_dom"",""product_detail_jsonld"",""product_detail_dom""]","{""title"":""observed"",""brand"":""observed"",""seller_name"":""observed"",""seller_score"":""observed"",""price"":""observed"",""original_price"":""unavailable"",""campaigns"":""observed"",""stock_status"":""observed"",""stock_signal"":""observed"",""rating"":""observed"",""rating_count"":""observed"",""review_count"":""observed"",""question_count"":""observed"",""delivery_summary"":""observed"",""shipping_cost"":""observed"",""properties"":""observed""}",true,
2026-08-17,2026-08-17T09:00:04+03:00,çocuk,BEST_SELLER,genel-cocuk,çocuk,9,1,9,9,,12,85.7,61.8,1142311061,1048417,ADİL OYUNCAK 72 Parça Manyetik Yapı Blokları | Montessori Eğitici Oyuncak | 3D Mıknatıslı Blok Seti,ADİL OYUNCAK,Eğitici Oyuncak,https://www.trendyol.com/adil-oyuncak/72-parca-manyetik-yapi-bloklari-montessori-egitici-oyuncak-3d-miknatisli-blok-seti-p-1142311061?boutiqueId=61&merchantId=1048417,KÜRE EKSPRES,82,1269.1,,,-2.3,TRY,"[""Sepette %2 İndirim"",""Kargo Bedava"",""Peşin Fiyatına 3 Taksit"",""Trendyol Plus'a Özel""]",InStock,100 adetten fazla stok sunulmuştur,Son 3 günde 500+ ürün satıldı!,500,3.9,67,50,15,27,"3,4B kişinin sepetinde","12,6B kişi favoriledi","Son 24 saatte 5,9B kişi görüntüledi",4999,TRY,0,1,1,3,14 saat 57 dakika içinde sipariş verirsen en geç yarın kargoda!,,https://cdn.dsmcdn.com/ty1891/prod/QC_ENRICHMENT/20260725/18/ebc78074-63f3-3935-8d2f-a3e9efd28808/1_org_zoom.jpg,"{""Paket İçeriği"":""72'li"",""Yaş"":""2+ Yaş"",""Piller Kutuya Dahil Mi?"":""Hayır"",""Dil"":""Evrensel Dil"",""Pil ile mi çalışır?"":""Hayır"",""Menşei"":""TR""}",20,5,refreshed,"[""daily_top""]",true,2026-08-17T09:00:04+03:00,0,"[""search_result_dom"",""product_detail_jsonld"",""product_detail_dom""]","{""title"":""observed"",""brand"":""observed"",""seller_name"":""observed"",""seller_score"":""observed"",""price"":""observed"",""original_price"":""unavailable"",""campaigns"":""observed"",""stock_status"":""observed"",""stock_signal"":""observed"",""rating"":""observed"",""rating_count"":""observed"",""review_count"":""observed"",""question_count"":""observed"",""delivery_summary"":""observed"",""shipping_cost"":""observed"",""properties"":""observed""}",true,
2026-08-17,2026-08-17T09:00:04+03:00,çocuk,BEST_SELLER,genel-cocuk,çocuk,10,1,10,10,,-2,117.8,39.7,1107131330,357212,Go Toys Go Track Mavi Renk Esnek Yarış-Aksiyon Pisti 4.5 Mt - Flex track,Go Toys,Diğer Oyuncaklar,https://www.trendyol.com/go-toys/go-track-mavi-renk-esnek-yaris-aksiyon-pisti-4-5-mt-flex-track-p-1107131330?boutiqueId=61&merchantId=357212,Shopist,9,237.3,339,30,-17.6,TRY,"[""Sepette %30 İndirim"",""Kargo Bedava""]",InStock,100 adetten fazla stok sunulmuştur,Son 3 günde 250+ ürün satıldı!,250,4.3,1771,707,11,147,"4,5B kişinin sepetinde","151,8B kişi favoriledi","Son 24 saatte 1,9B kişi görüntüledi",4999,TRY,0,1,1,3,14 saat 57 dakika içinde sipariş verirsen en geç yarın kargoda!,,https://cdn.dsmcdn.com/ty1829/prod/QC_PREP/20260219/22/7a0577d0-2537-3975-86db-ae4fc92191dc/1_org_zoom.jpg,"{""Paket İçeriği"":""1+"",""Yaş"":""1+ Yaş"",""Piller Kutuya Dahil Mi?"":""Hayır"",""Pil ile mi çalışır?"":""Hayır"",""Menşei"":""TR""}",20,5,refreshed,"[""daily_top""]",true,2026-08-17T09:00:04+03:00,0,"[""search_result_dom"",""product_detail_jsonld"",""product_detail_dom""]","{""title"":""observed"",""brand"":""observed"",""seller_name"":""observed"",""seller_score"":""observed"",""price"":""observed"",""original_price"":""observed"",""campaigns"":""observed"",""stock_status"":""observed"",""stock_signal"":""observed"",""rating"":""observed"",""rating_count"":""observed"",""review_count"":""observed"",""question_count"":""observed"",""delivery_summary"":""observed"",""shipping_cost"":""observed"",""properties"":""observed""}",true,
2026-08-17,2026-08-17T09:00:04+03:00,çocuk,BEST_SELLER,genel-cocuk,çocuk,11,1,11,11,,-6,86.5,38.5,1081617521,1218056,Mino Makers 78 Parça Manyetik Yapı Blokları - Çocuklar İçin 3 Boyutlu Renkli Mıknatıslı 78 Parça Manyetik Blok Oyun Seti,Mino Makers,Eğitici Oyuncak,https://www.trendyol.com/mino-makers/78-parca-manyetik-yapi-bloklari-cocuklar-icin-3-boyutlu-renkli-miknatisli-78-parca-manyetik-blok-oyun-seti-p-1081617521?boutiqueId=61&merchantId=1218056,Mino Makers,95,1549.9,,,0,TRY,"[""Kargo Bedava"",""Peşin Fiyatına 3 Taksit""]",InStock,100 adetten fazla stok sunulmuştur,Son 3 günde 250+ ürün satıldı!,250,4.4,1564,871,12,209,"5,8B kişinin sepetinde","74,2B kişi favoriledi","Son 24 saatte 3,6B kişi görüntüledi",4999,TRY,0,2,1,5,2 saat 57 dakika içinde sipariş verirsen en geç bugün kargoda!,En Çok Ziyaret Edilen 5. Ürün,https://cdn.dsmcdn.com/ty1913/prod/QC_ENRICHMENT/20260604/14/9b97664c-feae-338d-92d9-c3d381847600/1_org_zoom.jpg,"{""Paket İçeriği"":""50 -100"",""Yaş"":""3+ Yaş"",""Piller Kutuya Dahil Mi?"":""Hayır"",""Dil"":""Evrensel Dil"",""Pil ile mi çalışır?"":""Hayır"",""Menşei"":""TR"",""Özellik"":""Mıknatıslı""}",20,5,refreshed,"[""daily_top""]",true,2026-08-17T09:00:04+03:00,0,"[""search_result_dom"",""product_detail_jsonld"",""product_detail_dom""]","{""title"":""observed"",""brand"":""observed"",""seller_name"":""observed"",""seller_score"":""observed"",""price"":""observed"",""original_price"":""unavailable"",""campaigns"":""observed"",""stock_status"":""observed"",""stock_signal"":""observed"",""rating"":""observed"",""rating_count"":""observed"",""review_count"":""observed"",""question_count"":""observed"",""delivery_summary"":""observed"",""shipping_cost"":""observed"",""properties"":""observed""}",true,
2026-08-17,2026-08-17T09:00:04+03:00,çocuk,BEST_SELLER,genel-cocuk,çocuk,12,1,12,12,1,7,90.7,31.8,118658789,611562,Dragora Ribana Bel Canvas Okul Pantolonu (BİR BÜYÜK BEDEN ALINMASI TAVSİYE EDİLİR),Dragora,,https://www.trendyol.com/dragora/ribana-bel-canvas-okul-pantolonu-bir-buyuk-beden-alinmasi-tavsiye-edilir-p-118658789?boutiqueId=61&merchantId=611562,FERRY BUTİK,87,529,,,140.5,TRY,"[""15 TL Kupon"",""Son 10 Günün En Düşük Fiyatı"",""Kargo Bedava"",""Trendyol Plus'a Özel""]",InStock,100 adetten fazla stok sunulmuştur,Son 3 günde 250+ ürün satıldı!,250,4.3,5142,,0,1222,"1,1B kişinin sepetinde","33,1B kişi favoriledi",Son 24 saatte 615 kişi görüntüledi,,,0,,,,Tahmini Teslim:,En Çok Satan 1. Ürün,,{},0,,refreshed,"[""daily_top""]",true,2026-08-17T09:00:04+03:00,0,"[""search_result_dom"",""product_detail_jsonld"",""product_detail_dom""]","{""title"":""observed"",""brand"":""observed"",""seller_name"":""observed"",""seller_score"":""observed"",""price"":""observed"",""original_price"":""unavailable"",""campaigns"":""observed"",""stock_status"":""observed"",""stock_signal"":""observed"",""rating"":""observed"",""rating_count"":""observed"",""review_count"":""unavailable"",""question_count"":""observed"",""delivery_summary"":""observed"",""shipping_cost"":""unavailable"",""properties"":""observed""}",true,
2026-08-17,2026-08-17T09:00:04+03:00,çocuk,BEST_SELLER,genel-cocuk,çocuk,13,1,13,13,1,-4,85.5,34.5,894860281,158005,yükselen zeka İlk Pofidik Magnet Puzzle - Çiftlik Hayvanları,yükselen zeka,Bebek & Aktivite Oyuncakları,https://www.trendyol.com/yukselen-zeka/ilk-pofidik-magnet-puzzle-ciftlik-hayvanlari-p-894860281?boutiqueId=61&merchantId=158005,COŞKUN AVM,92,345.38,,,12.1,TRY,"[""Sepette %2 İndirim"",""Kargo Bedava""]",InStock,100 adetten fazla stok sunulmuştur,Son 3 günde 250+ ürün satıldı!,250,4.7,3411,2061,2,112,"2,9B kişinin sepetinde",90B kişi favoriledi,Son 24 saatte 1B kişi görüntüledi,4999,TRY,0,,1,3,5 saat 57 dakika içinde sipariş verirsen en geç bugün kargoda!,En Çok Satan 1. Ürün,https://cdn.dsmcdn.com/ty1631/prod/QC/20250124/17/e4e835b7-931f-36c9-b687-0ca9d05023a3/1_org_zoom.jpg,"{""Paket İçeriği"":""Belirtilmemiş"",""Yaş"":""0 - 1 Yaş"",""Dil"":""Türkçe"",""Pil ile mi çalışır?"":""Hayır"",""Piller Kutuya Dahil Mi?"":""Hayır"",""Menşei"":""TR""}",20,5,refreshed,"[""daily_top""]",true,2026-08-17T09:00:04+03:00,0,"[""search_result_dom"",""product_detail_jsonld"",""product_detail_dom""]","{""title"":""observed"",""brand"":""observed"",""seller_name"":""observed"",""seller_score"":""observed"",""price"":""observed"",""original_price"":""unavailable"",""campaigns"":""observed"",""stock_status"":""observed"",""stock_signal"":""observed"",""rating"":""observed"",""rating_count"":""observed"",""review_count"":""observed"",""question_count"":""observed"",""delivery_summary"":""observed"",""shipping_cost"":""observed"",""properties"":""observed""}",true,
2026-08-17,2026-08-17T09:00:04+03:00,çocuk,BEST_SELLER,genel-cocuk,çocuk,14,1,14,14,1,12,84.7,32.8,365516522,124095,Mamma Smile Cotton Sallanır Üç Kademeli Ana Kucağı ( Oyuncak Aparatı Ve Seyahat Çantası ),Mamma,,https://www.trendyol.com/mamma/smile-cotton-sallanir-uc-kademeli-ana-kucagi-oyuncak-aparati-ve-seyahat-cantasi-p-365516522?boutiqueId=61&merchantId=124095,Mymama,95,1799,,,0,TRY,"[""Kargo Bedava"",""Peşin Fiyatına 3 Taksit""]",InStock,100 adetten fazla stok sunulmuştur,Son 3 günde 250+ ürün satıldı!,250,4.7,2935,,0,981,"2,4B kişinin sepetinde","65,6B kişi favoriledi","Son 24 saatte 2,7B kişi görüntüledi",,,0,,,,3 saat 57 dakika içinde sipariş verirsen en geç bugün kargoda!,En Çok Satan 1. Ürün,,{},0,,refreshed,"[""daily_top""]",true,2026-08-17T09:00:04+03:00,0,"[""search_result_dom"",""product_detail_jsonld"",""product_detail_dom""]","{""title"":""observed"",""brand"":""observed"",""seller_name"":""observed"",""seller_score"":""observed"",""price"":""observed"",""original_price"":""unavailable"",""campaigns"":""observed"",""stock_status"":""observed"",""stock_signal"":""observed"",""rating"":""observed"",""rating_count"":""observed"",""review_count"":""unavailable"",""question_count"":""observed"",""delivery_summary"":""observed"",""shipping_cost"":""unavailable"",""properties"":""observed""}",true,
2026-08-17,2026-08-17T09:00:04+03:00,çocuk,BEST_SELLER,genel-cocuk,çocuk,15,1,15,15,1,0,105.1,31.9,127941079,422170,Tutku Renkli Erkek Çocuk Boxer 6 Lı Paket,Tutku,,https://www.trendyol.com/tutku/renkli-erkek-cocuk-boxer-6-li-paket-p-127941079?boutiqueId=61&merchantId=422170,BEYAZ TOPTAN TEKSTİL,91,350,449,22,0,TRY,"[""Kargo Bedava"",""Son 10 Günün En Düşük Fiyatı"",""Son 10 günün en düşük fiyatı""]",InStock,50 adetten fazla stok sunulmuştur,Son 3 günde 250+ ürün satıldı!,250,4.5,3258,,0,507,"2,4B kişinin sepetinde","24,2B kişi favoriledi","Son 24 saatte 1,4B kişi görüntüledi",,,0,,,,14 saat 57 dakika içinde sipariş verirsen en geç yarın kargoda!,En Çok Satan 1. Ürün,,{},0,,refreshed,"[""daily_top""]",true,2026-08-17T09:00:04+03:00,0,"[""search_result_dom"",""product_detail_jsonld"",""product_detail_dom""]","{""title"":""observed"",""brand"":""observed"",""seller_name"":""observed"",""seller_score"":""observed"",""price"":""observed"",""original_price"":""observed"",""campaigns"":""observed"",""stock_status"":""observed"",""stock_signal"":""observed"",""rating"":""observed"",""rating_count"":""observed"",""review_count"":""unavailable"",""question_count"":""observed"",""delivery_summary"":""observed"",""shipping_cost"":""unavailable"",""properties"":""observed""}",true,
2026-08-17,2026-08-17T09:00:04+03:00,çocuk,BEST_SELLER,genel-cocuk,çocuk,16,1,16,16,,-14,100.2,39.6,858144107,982060,H&M 3’lü Pamuklu Kolsuz Üst,H&M,,https://www.trendyol.com/h-m/3-lu-pamuklu-kolsuz-ust-p-858144107?boutiqueId=61&merchantId=982060,H&M,3,399.99,549.99,27.3,0,TRY,"[""Son 10 Günün En Düşük Fiyatı"",""Kargo Bedava"",""Son 10 günün en düşük fiyatı""]",InStock,100 adetten fazla stok sunulmuştur,Son 3 günde 250+ ürün satıldı!,250,4.7,310,,0,12,"3,1B kişinin sepetinde","39,6B kişi favoriledi","Son 24 saatte 5,6B kişi görüntüledi",,,0,,,,Tahmini Teslim:,Fenomen Seçimi,,{},0,,refreshed,"[""daily_top""]",true,2026-08-17T09:00:04+03:00,0,"[""search_result_dom"",""product_detail_jsonld"",""product_detail_dom""]","{""title"":""observed"",""brand"":""observed"",""seller_name"":""observed"",""seller_score"":""observed"",""price"":""observed"",""original_price"":""observed"",""campaigns"":""observed"",""stock_status"":""observed"",""stock_signal"":""observed"",""rating"":""observed"",""rating_count"":""observed"",""review_count"":""unavailable"",""question_count"":""observed"",""delivery_summary"":""observed"",""shipping_cost"":""unavailable"",""properties"":""observed""}",true,
2026-08-17,2026-08-17T09:00:04+03:00,çocuk,BEST_SELLER,genel-cocuk,çocuk,17,1,17,17,2,-4,78.6,41.4,1163407346,758938,HaLVeY Gizemli Paket Renkli Çin Mantısı 1 Adet Sürpriz renk & Ürün İle Birlikte Çocuklar İçin Hediye Oyuncak Anahtarlık Gönderilecektir,HaLVeY,Sürpriz Oyuncak Figürü,https://www.trendyol.com/halvey/gizemli-paket-renkli-cin-mantisi-1-adet-surpriz-renk-urun-ile-birlikte-cocuklar-icin-hediye-oyuncak-anahtarlik-gonderilecektir-p-1163407346?boutiqueId=61&merchantId=758938,HaLVeY Kozmetik,9,535.5,595,10,0,TRY,"[""Sepette %10 İndirim"",""Kargo Bedava""]",InStock,100 adetten fazla stok sunulmuştur,Son 3 günde 250+ ürün satıldı!,250,3.9,208,159,10,26,"6,2B kişinin sepetinde","12,9B kişi favoriledi","Son 24 saatte 3,2B kişi görüntüledi",4999,TRY,0,,1,3,2 saat 57 dakika içinde sipariş verirsen en geç bugün kargoda!,En Çok Satan 2. Ürün,https://cdn.dsmcdn.com/ty1910/prod/QC_PREP/20260701/17/f10b04b1-5f27-3bbb-ae04-17b722f4082c/1_org_zoom.jpg,"{""Yaş"":""3+ Yaş"",""Menşei"":""CN""}",20,5,refreshed,"[""daily_top""]",true,2026-08-17T09:00:04+03:00,0,"[""search_result_dom"",""product_detail_jsonld"",""product_detail_dom""]","{""title"":""observed"",""brand"":""observed"",""seller_name"":""observed"",""seller_score"":""observed"",""price"":""observed"",""original_price"":""observed"",""campaigns"":""observed"",""stock_status"":""observed"",""stock_signal"":""observed"",""rating"":""observed"",""rating_count"":""observed"",""review_count"":""observed"",""question_count"":""observed"",""delivery_summary"":""observed"",""shipping_cost"":""observed"",""properties"":""observed""}",true,
2026-08-17,2026-08-17T09:00:04+03:00,çocuk,BEST_SELLER,genel-cocuk,çocuk,18,1,18,18,,21,73.8,53.7,1176945498,982060,H&M 3'lü Pamuklu ve Uzun Kollu Tişört,H&M,,https://www.trendyol.com/h-m/3-lu-pamuklu-ve-uzun-kollu-tisort-p-1176945498?boutiqueId=61&merchantId=982060,H&M,3,679.99,849.99,20,0,TRY,"[""Sepette %20 İndirim"",""Kargo Bedava""]",InStock,10 adetten fazla stok sunulmuştur,Son 3 günde 250+ ürün satıldı!,250,3.7,3,,0,2,"1,9B kişinin sepetinde","5,7B kişi favoriledi","Son 24 saatte 3,7B kişi görüntüledi",,,0,,,,Tahmini Teslim:,,,{},0,,refreshed,"[""daily_top""]",true,2026-08-17T09:00:04+03:00,0,"[""search_result_dom"",""product_detail_jsonld"",""product_detail_dom""]","{""title"":""observed"",""brand"":""observed"",""seller_name"":""observed"",""seller_score"":""observed"",""price"":""observed"",""original_price"":""observed"",""campaigns"":""observed"",""stock_status"":""observed"",""stock_signal"":""observed"",""rating"":""observed"",""rating_count"":""observed"",""review_count"":""unavailable"",""question_count"":""observed"",""delivery_summary"":""observed"",""shipping_cost"":""unavailable"",""properties"":""observed""}",true,
2026-08-17,2026-08-17T09:00:04+03:00,çocuk,BEST_SELLER,genel-cocuk,çocuk,19,1,19,19,,-1,101.3,16.2,316612628,357212,Go Toys Vakum Molekül 25 Parça Yapı Taşları Fidget Duyusal Eğitici Oyuncak Squigz,Go Toys,Eğitici Oyuncak,https://www.trendyol.com/go-toys/vakum-molekul-25-parca-yapi-taslari-fidget-duyusal-egitici-oyuncak-squigz-p-316612628?boutiqueId=61&merchantId=357212,Shopist,9,139.3,199,30,-17.6,TRY,"[""Sepette %30 İndirim"",""Kargo Bedava""]",InStock,100 adetten fazla stok sunulmuştur,,,4.4,8901,4553,-12,,,,,4999,TRY,0,1,1,3,Tahmini Teslim:,,https://cdn.dsmcdn.com/ty1630/product/media/images/prod/PIM/20250130/16/56ab8680-a0e1-4ae0-b7d7-a6f77aa24d42/1_org_zoom.jpg,"{""Paket İçeriği"":""20 - 25"",""Yaş"":""1+ Yaş"",""Piller Kutuya Dahil Mi?"":""Hayır"",""Dil"":""Evrensel Dil"",""Pil ile mi çalışır?"":""Hayır"",""Diğer Özellikler"":""tr"",""Menşei"":""TR"",""Ürün Uyarıları (Oyuncak)"":""tr"",""Özellik"":""Vakumlu""}",20,5,refreshed,"[""daily_top""]",true,2026-08-17T09:00:04+03:00,0,"[""search_result_dom"",""product_detail_jsonld"",""product_detail_dom""]","{""title"":""observed"",""brand"":""observed"",""seller_name"":""observed"",""seller_score"":""observed"",""price"":""observed"",""original_price"":""observed"",""campaigns"":""observed"",""stock_status"":""observed"",""stock_signal"":""observed"",""rating"":""observed"",""rating_count"":""observed"",""review_count"":""observed"",""question_count"":""unavailable"",""delivery_summary"":""observed"",""shipping_cost"":""observed"",""properties"":""observed""}",true,
2026-08-17,2026-08-17T09:00:04+03:00,çocuk,BEST_SELLER,genel-cocuk,çocuk,20,1,20,20,1,7,40,,804930315,1188,Defacto Kız Çocuk 2'li 40 Denye Külotlu Okul Çorabı C5310A8NS,Defacto,,https://www.trendyol.com/defacto/kiz-cocuk-2-li-40-denye-kulotlu-okul-corabi-c5310a8ns-p-804930315?boutiqueId=61&merchantId=1188,,,99.99,,,0,TRY,[],InStock,,,,,,,0,,,,,,,0,,,,Tahmini Teslim:,En Çok Satan 1. Ürün,,{},0,,refreshed,"[""daily_top""]",true,2026-08-17T09:00:04+03:00,0,"[""search_result_dom"",""product_detail_jsonld"",""product_detail_dom""]","{""title"":""observed"",""brand"":""observed"",""seller_name"":""unavailable"",""seller_score"":""unavailable"",""price"":""observed"",""original_price"":""unavailable"",""campaigns"":""unavailable"",""stock_status"":""observed"",""stock_signal"":""unavailable"",""rating"":""unavailable"",""rating_count"":""unavailable"",""review_count"":""unavailable"",""question_count"":""unavailable"",""delivery_summary"":""observed"",""shipping_cost"":""unavailable"",""properties"":""observed""}",true,
2026-08-17,2026-08-17T09:00:04+03:00,çocuk,BEST_SELLER,genel-cocuk,çocuk,21,1,21,21,1,10,75.4,14.5,114296689,849293,Genel Markalar 5 Li Beyaz Hobistan Bebek Atlet Body Ribana Beyaz Modaicon,Genel Markalar,,https://www.trendyol.com/genel-markalar/5-li-beyaz-hobistan-bebek-atlet-body-ribana-beyaz-modaicon-p-114296689?boutiqueId=61&merchantId=849293,mdk shopping,98,277.99,289.99,4.1,39.7,TRY,"[""Son 10 Günün En Düşük Fiyatı"",""Sepette %1 İndirim"",""Kargo Bedava"",""Son 10 günün en düşük fiyatı""]",InStock,100 adetten fazla stok sunulmuştur,,,4,14573,,0,1529,,,,,,0,,,,2 saat 57 dakika içinde sipariş verirsen en geç bugün kargoda!,En Çok Satan 1. Ürün,,{},0,,refreshed,"[""daily_top""]",true,2026-08-17T09:00:04+03:00,0,"[""search_result_dom"",""product_detail_jsonld"",""product_detail_dom""]","{""title"":""observed"",""brand"":""observed"",""seller_name"":""observed"",""seller_score"":""observed"",""price"":""observed"",""original_price"":""observed"",""campaigns"":""observed"",""stock_status"":""observed"",""stock_signal"":""observed"",""rating"":""observed"",""rating_count"":""observed"",""review_count"":""unavailable"",""question_count"":""observed"",""delivery_summary"":""observed"",""shipping_cost"":""unavailable"",""properties"":""observed""}",true,
2026-08-17,2026-08-17T09:00:04+03:00,çocuk,BEST_SELLER,genel-cocuk,çocuk,22,1,22,22,1,6,37.6,,741425668,1220966,"mordesign Çok Amaçlı Kalın Keçe Anne Bebek Bakım Çantası, Dolap İçi Organizer, Scotch Serisi",mordesign,,https://www.trendyol.com/mordesign/cok-amacli-kalin-kece-anne-bebek-bakim-cantasi-dolap-ici-organizer-scotch-serisi-p-741425668?boutiqueId=61&merchantId=1220966,,,252.47,256.54,1.6,0,TRY,"[""Son 10 Günün En Düşük Fiyatı"",""Kargo Bedava"",""Son 10 günün en düşük fiyatı""]",InStock,,,,,,,0,,,,,,,0,,,,Tahmini Teslim:,En Çok Satan 1. Ürün,,{},0,,refreshed,"[""daily_top""]",true,2026-08-17T09:00:04+03:00,0,"[""search_result_dom"",""product_detail_jsonld"",""product_detail_dom""]","{""title"":""observed"",""brand"":""observed"",""seller_name"":""unavailable"",""seller_score"":""unavailable"",""price"":""observed"",""original_price"":""observed"",""campaigns"":""observed"",""stock_status"":""observed"",""stock_signal"":""unavailable"",""rating"":""unavailable"",""rating_count"":""unavailable"",""review_count"":""unavailable"",""question_count"":""unavailable"",""delivery_summary"":""observed"",""shipping_cost"":""unavailable"",""properties"":""observed""}",true,
2026-08-17,2026-08-17T09:00:04+03:00,çocuk,BEST_SELLER,genel-cocuk,çocuk,23,1,23,23,2,70,47.1,30.4,1166210359,1282015,FunkyCraft Mini Canavar Araba Oyuncak Büyük Tekerlekli Arazi Arabası Erkek Çocuk Oyuncağı Eğlenceli Araba Koleksiyonu,FunkyCraft,Oyuncak Araba,https://www.trendyol.com/funkycraft/mini-canavar-araba-oyuncak-buyuk-tekerlekli-arazi-arabasi-erkek-cocuk-oyuncagi-eglenceli-araba-koleksiyonu-p-1166210359?boutiqueId=61&merchantId=1282015,,,24.99,,,0,TRY,"[""Kargo Bedava""]",InStock,,,,4.8,62,42,0,,,,,4999,TRY,0,,1,3,Tahmini Teslim:,En Çok Satan 2. Ürün,https://cdn.dsmcdn.com/ty1909/prod/QC_PREP/20260708/18/124fa7b3-e366-3405-a5a1-9ad2f982bd7c/1_org_zoom.jpg,"{""Paket İçeriği"":""1+"",""Yaş"":""3+ Yaş"",""Piller Kutuya Dahil Mi?"":""Hayır"",""Pil ile mi çalışır?"":""Hayır"",""Menşei"":""TR"",""Batarya Boyutu"":""Uygulanabilir Değil""}",20,5,refreshed,"[""daily_top"",""hot_change""]",true,2026-08-17T09:00:04+03:00,0,"[""search_result_dom"",""product_detail_jsonld"",""product_detail_dom""]","{""title"":""observed"",""brand"":""observed"",""seller_name"":""unavailable"",""seller_score"":""unavailable"",""price"":""observed"",""original_price"":""unavailable"",""campaigns"":""observed"",""stock_status"":""observed"",""stock_signal"":""unavailable"",""rating"":""observed"",""rating_count"":""observed"",""review_count"":""observed"",""question_count"":""unavailable"",""delivery_summary"":""observed"",""shipping_cost"":""observed"",""properties"":""observed""}",true,
2026-08-17,2026-08-17T09:00:04+03:00,çocuk,BEST_SELLER,genel-cocuk,çocuk,24,1,24,24,1,-17,56.3,,858709533,982060,H&M 2'li Jogger Pantolon,H&M,,https://www.trendyol.com/h-m/2-li-jogger-pantolon-p-858709533?boutiqueId=61&merchantId=982060,,,529.99,699.99,24.3,0,TRY,"[""Son 10 Günün En Düşük Fiyatı"",""Kargo Bedava"",""Son 10 günün en düşük fiyatı""]",InStock,,,,,,,0,,,,,,,0,,,,Tahmini Teslim:,En Çok Satan 1. Ürün,,{},0,,refreshed,"[""daily_top""]",true,2026-08-17T09:00:04+03:00,0,"[""search_result_dom"",""product_detail_jsonld"",""product_detail_dom""]","{""title"":""observed"",""brand"":""observed"",""seller_name"":""unavailable"",""seller_score"":""unavailable"",""price"":""observed"",""original_price"":""observed"",""campaigns"":""observed"",""stock_status"":""observed"",""stock_signal"":""unavailable"",""rating"":""unavailable"",""rating_count"":""unavailable"",""review_count"":""unavailable"",""question_count"":""unavailable"",""delivery_summary"":""observed"",""shipping_cost"":""unavailable"",""properties"":""observed""}",true,
2026-08-17,2026-08-17T09:00:04+03:00,çocuk,BEST_SELLER,genel-cocuk,çocuk,25,2,25,25,1,13,61.3,25,941912296,107242,Elele Potenza 4in1 Ebeveyn Kontrollü 5 Tekerlekli Çocuk Scooter Işıklı Oturaklı Kahverengi,Elele,Scooter,https://www.trendyol.com/elele/potenza-4in1-ebeveyn-kontrollu-5-tekerlekli-cocuk-scooter-isikli-oturakli-kahverengi-p-941912296?boutiqueId=61&merchantId=107242,,,4912.65,5699,13.8,0,TRY,"[""Kargo Bedava"",""Son 10 Günün En Düşük Fiyatı"",""Son 10 günün en düşük fiyatı""]",InStock,,,,4.6,427,154,4,,,,,4999,TRY,0,2,1,5,Tahmini Teslim:,En Çok Satan 1. Ürün,https://cdn.dsmcdn.com/ty1687/prod/QC_PREP/20250602/10/faa13133-464d-33e8-bbc9-eebab3b14aa3/1_org_zoom.jpg,"{""Tekerlek Sayısı"":""4"",""Renk"":""Kahverengi"",""Yaş"":""1+ Yaş"",""Menşei"":""TR""}",20,5,refreshed,"[""daily_top""]",true,2026-08-17T09:00:04+03:00,0,"[""search_result_dom"",""product_detail_jsonld"",""product_detail_dom""]","{""title"":""observed"",""brand"":""observed"",""seller_name"":""unavailable"",""seller_score"":""unavailable"",""price"":""observed"",""original_price"":""observed"",""campaigns"":""observed"",""stock_status"":""observed"",""stock_signal"":""unavailable"",""rating"":""observed"",""rating_count"":""observed"",""review_count"":""observed"",""question_count"":""unavailable"",""delivery_summary"":""observed"",""shipping_cost"":""observed"",""properties"":""observed""}",true,
2026-08-17,2026-08-17T09:00:04+03:00,çocuk,BEST_SELLER,genel-cocuk,çocuk,26,2,26,26,1,23,50.6,19.4,37828416,207099,Bitex Set Şampuan 200Ml + Sprey 100Ml,Bitex,Şampuan,https://www.trendyol.com/bitex/set-sampuan-200ml-sprey-100ml-p-37828416?boutiqueId=61&merchantId=207099,,,160.5,,,0,TRY,"[""Kargo Bedava""]",InStock,,,,4.4,1367,659,1,,,,,4999,TRY,0,,1,3,Tahmini Teslim:,En Çok Satan 1. Ürün,https://cdn.dsmcdn.com/ty1805/prod/QC_ENRICHMENT/20251225/15/d486e29e-3817-3dda-a43a-53b55de2ba97/1_org_zoom.jpg,"{""Etki"":""Nemlendirici"",""Hacim"":""10 ml"",""Saç Tipi"":""Tüm Saç Tipleri"",""Menşei"":""TR"",""Refill"":""Evet""}",20,5,refreshed,"[""daily_top""]",true,2026-08-17T09:00:04+03:00,0,"[""search_result_dom"",""product_detail_jsonld"",""product_detail_dom""]","{""title"":""observed"",""brand"":""observed"",""seller_name"":""unavailable"",""seller_score"":""unavailable"",""price"":""observed"",""original_price"":""unavailable"",""campaigns"":""observed"",""stock_status"":""observed"",""stock_signal"":""unavailable"",""rating"":""observed"",""rating_count"":""observed"",""review_count"":""observed"",""question_count"":""unavailable"",""delivery_summary"":""observed"",""shipping_cost"":""observed"",""properties"":""observed""}",true,
2026-08-17,2026-08-17T09:00:04+03:00,çocuk,BEST_SELLER,genel-cocuk,çocuk,27,2,27,27,10,,49.1,23.4,1040762882,931256,tutobaby Sevimli Mıknatıslı Kurmalı Civcivler,tutobaby,Eğitici Oyuncak,https://www.trendyol.com/tutobaby/sevimli-miknatisli-kurmali-civcivler-p-1040762882?boutiqueId=61&merchantId=931256,,,190,199.99,5,,TRY,"[""Son 10 Günün En Düşük Fiyatı"",""Kargo Bedava"",""Son 10 günün en düşük fiyatı""]",InStock,,,,4.5,287,180,,,,,,4999,TRY,0,,1,3,Tahmini Teslim:,En Çok Satan 10. Ürün,https://cdn.dsmcdn.com/ty1780/prod/QC_PREP/20251026/23/46fdc52a-f704-312c-aa1a-dc832e5c7a9b/1_org_zoom.jpg,"{""Paket İçeriği"":""4'lü"",""Yaş"":""1+ Yaş"",""Piller Kutuya Dahil Mi?"":""Hayır"",""Dil"":""Türkçe"",""Pil ile mi çalışır?"":""Hayır"",""Menşei"":""CN"",""Özellik"":""BPA Free""}",20,5,refreshed,"[""daily_top""]",true,2026-08-17T09:00:04+03:00,0,"[""search_result_dom"",""product_detail_jsonld"",""product_detail_dom""]","{""title"":""observed"",""brand"":""observed"",""seller_name"":""unavailable"",""seller_score"":""unavailable"",""price"":""observed"",""original_price"":""observed"",""campaigns"":""observed"",""stock_status"":""observed"",""stock_signal"":""unavailable"",""rating"":""observed"",""rating_count"":""observed"",""review_count"":""observed"",""question_count"":""unavailable"",""delivery_summary"":""observed"",""shipping_cost"":""observed"",""properties"":""observed""}",true,
2026-08-17,2026-08-17T09:00:04+03:00,çocuk,BEST_SELLER,genel-cocuk,çocuk,28,2,28,28,2,17,24,,333202282,662772,merfbaby Cotton Oyuncaklı Ana Kucağı - Gri,merfbaby,,https://www.trendyol.com/merfbaby/cotton-oyuncakli-ana-kucagi-gri-p-333202282?boutiqueId=61&merchantId=662772,,,1699,,,0,TRY,"[""Kargo Bedava"",""Sepette %1 İndirim"",""Sepette %3 İndirim"",""25 TL Kupon"",""584,80 TL Kupon"",""199,99 TL Kupon"",""Son 10 Günün En Düşük Fiyatı"",""Trendyol Plus'a Özel""]",InStock,,,,,,,0,,,,,,,0,,,,Tahmini Teslim:,En Çok Satan 2. Ürün,,{},0,,refreshed,"[""daily_top""]",true,2026-08-17T09:00:04+03:00,0,"[""search_result_dom"",""product_detail_jsonld"",""product_detail_dom""]","{""title"":""observed"",""brand"":""observed"",""seller_name"":""unavailable"",""seller_score"":""unavailable"",""price"":""observed"",""original_price"":""unavailable"",""campaigns"":""observed"",""stock_status"":""observed"",""stock_signal"":""unavailable"",""rating"":""unavailable"",""rating_count"":""unavailable"",""review_count"":""unavailable"",""question_count"":""unavailable"",""delivery_summary"":""observed"",""shipping_cost"":""unavailable"",""properties"":""observed""}",true,
2026-08-17,2026-08-17T09:00:04+03:00,çocuk,BEST_SELLER,genel-cocuk,çocuk,29,2,29,29,,25,32,30.5,1157437173,109643,"Rüya Gezegeni 1 Adet Mini Taş - Kağıt - Makas Oyunu Anahtarlık , Parmak Oyuncağı , Parti Hediye , Stres Giderici Hediye",Rüya Gezegeni,Eğitici Oyuncak,https://www.trendyol.com/ruya-gezegeni/1-adet-mini-tas-kagit-makas-oyunu-anahtarlik-parmak-oyuncagi-parti-hediye-stres-giderici-hediye-p-1157437173?boutiqueId=61&merchantId=109643,,,23.79,,,0,TRY,"[""Kargo Bedava""]",InStock,,,,4.1,36,17,0,,,,,4999,TRY,0,,1,3,Tahmini Teslim:,,https://cdn.dsmcdn.com/ty1896/prod/QC_PREP/20260617/14/347a899a-5305-3228-8903-50cbe492cc33/1_org_zoom.jpg,"{""Paket İçeriği"":""1+"",""Yaş"":""5+ Yaş"",""Piller Kutuya Dahil Mi?"":""Hayır"",""Dil"":""Türkçe"",""Pil ile mi çalışır?"":""Hayır"",""Menşei"":""TR""}",17,4,refreshed,"[""daily_top""]",true,2026-08-17T09:00:04+03:00,0,"[""search_result_dom"",""product_detail_jsonld"",""product_detail_dom""]","{""title"":""observed"",""brand"":""observed"",""seller_name"":""unavailable"",""seller_score"":""unavailable"",""price"":""observed"",""original_price"":""unavailable"",""campaigns"":""observed"",""stock_status"":""observed"",""stock_signal"":""unavailable"",""rating"":""observed"",""rating_count"":""observed"",""review_count"":""observed"",""question_count"":""unavailable"",""delivery_summary"":""observed"",""shipping_cost"":""observed"",""properties"":""observed""}",true,
2026-08-17,2026-08-17T09:00:04+03:00,çocuk,BEST_SELLER,genel-cocuk,çocuk,30,2,30,30,2,38,25,,118635846,483769,Genel Markalar Ribana Bel Canvas Okul Pantolonu (BİR BÜYÜK BEDEN ALINMASI TAVSİYE EDİLİR),Genel Markalar,,https://www.trendyol.com/genel-markalar/ribana-bel-canvas-okul-pantolonu-bir-buyuk-beden-alinmasi-tavsiye-edilir-p-118635846?boutiqueId=61&merchantId=483769,,,285,300,5,-1.7,TRY,"[""Sepette %5 İndirim"",""Sepette %1 İndirim"",""7 TL Kupon"",""Kargo Bedava"",""Trendyol Plus'a Özel""]",InStock,Son 1 Ürün,,,,,,0,,565 kişinin sepetinde,"16,2B kişi favoriledi",Son 24 saatte 364 kişi görüntüledi,,,0,,,,Tahmini Teslim:,En Çok Satan 2. Ürün,,{},0,,refreshed,"[""daily_top""]",true,2026-08-17T09:00:04+03:00,0,"[""search_result_dom"",""product_detail_jsonld"",""product_detail_dom""]","{""title"":""observed"",""brand"":""observed"",""seller_name"":""unavailable"",""seller_score"":""unavailable"",""price"":""observed"",""original_price"":""observed"",""campaigns"":""observed"",""stock_status"":""observed"",""stock_signal"":""observed"",""rating"":""unavailable"",""rating_count"":""unavailable"",""review_count"":""unavailable"",""question_count"":""unavailable"",""delivery_summary"":""observed"",""shipping_cost"":""unavailable"",""properties"":""observed""}",true,
2026-08-17,2026-08-17T09:00:04+03:00,çocuk,BEST_SELLER,genel-cocuk,çocuk,31,2,31,31,,10,41.1,17.4,1107222295,1186909,"Kids Yazlık Broklyn Usa Ny Baskılı Erkek Kız Çocuk Siyah Şort, Beyaz T-Shirt Takım (1 YAŞ BÜYÜK ALINIZ) bb",Kids,,https://www.trendyol.com/kids/yazlik-broklyn-usa-ny-baskili-erkek-kiz-cocuk-siyah-sort-beyaz-t-shirt-takim-1-yas-buyuk-aliniz-bb-p-1107222295?boutiqueId=61&merchantId=1186909,LETO LYKİA,92,173.25,175,1,-3.7,TRY,"[""Sepette %1 İndirim"",""Kargo Bedava""]",InStock,100 adetten fazla stok sunulmuştur,,,3.3,584,,0,103,"3,2B kişinin sepetinde","21,9B kişi favoriledi",Son 24 saatte 940 kişi görüntüledi,,,0,,,,14 saat 56 dakika içinde sipariş verirsen en geç yarın kargoda!,,,{},0,,refreshed,"[""daily_top""]",true,2026-08-17T09:00:04+03:00,0,"[""search_result_dom"",""product_detail_jsonld"",""product_detail_dom""]","{""title"":""observed"",""brand"":""observed"",""seller_name"":""observed"",""seller_score"":""observed"",""price"":""observed"",""original_price"":""observed"",""campaigns"":""observed"",""stock_status"":""observed"",""stock_signal"":""observed"",""rating"":""observed"",""rating_count"":""observed"",""review_count"":""unavailable"",""question_count"":""observed"",""delivery_summary"":""observed"",""shipping_cost"":""unavailable"",""properties"":""observed""}",true,
2026-08-17,2026-08-17T09:00:04+03:00,çocuk,BEST_SELLER,genel-cocuk,çocuk,32,2,32,32,2,8,16,,1178235953,982060,H&M İçi Tüylü Jogger Pantolon,H&M,Eşofman Altı,https://www.trendyol.com/h-m/ici-tuylu-jogger-pantolon-p-1178235953?boutiqueId=61&merchantId=982060,H&M,,499.99,,,25,TRY,"[""Sepette %20 İndirim"",""Kargo Bedava""]",InStock,10 adetten fazla stok sunulmuştur,,,,,,0,2,806 kişinin sepetinde,"1,1B kişi favoriledi",Son 24 saatte 965 kişi görüntüledi,4999,TRY,0,3,1,7,Tahmini Teslim:,En Çok Satan 2. Ürün,https://cdn.dsmcdn.com/ty1935/prod/QC_PREP/20260731/17/6fe394f4-d46d-3a77-b6ae-7b65fdbce16c/1_org_zoom.jpg,"{""Kalıp"":""Regular"",""Paça Boyu"":""Uzun"",""Renk"":""Lacivert"",""Cep"":""Cepli"",""Desen"":""Düz"",""Boy"":""Belirtilmemiş"",""Siluet"":""Jogger"",""Kumaş Tipi"":""Belirtilmemiş"",""Menşei"":""ID""}",0,,refreshed,"[""daily_top""]",true,2026-08-17T09:00:04+03:00,0,"[""search_result_dom"",""product_detail_jsonld"",""product_detail_dom""]","{""title"":""observed"",""brand"":""observed"",""seller_name"":""observed"",""seller_score"":""unavailable"",""price"":""observed"",""original_price"":""unavailable"",""campaigns"":""observed"",""stock_status"":""observed"",""stock_signal"":""observed"",""rating"":""unavailable"",""rating_count"":""unavailable"",""review_count"":""unavailable"",""question_count"":""observed"",""delivery_summary"":""observed"",""shipping_cost"":""observed"",""properties"":""observed""}",true,
2026-08-17,2026-08-17T09:00:04+03:00,çocuk,BEST_SELLER,genel-cocuk,çocuk,33,2,33,33,1,-1,42.9,9.6,803899053,1188755,ENCİVA İsimli Özel Doğal Bebek Tarak Ve Ahşap Anı Küpü Seti Bebek Hediyelik Bakım Fotoğraf Yeni Doğan,ENCİVA,Bebek Hediyelik,https://www.trendyol.com/enciva/isimli-ozel-dogal-bebek-tarak-ve-ahsap-ani-kupu-seti-bebek-hediyelik-bakim-fotograf-yeni-dogan-p-803899053?boutiqueId=61&merchantId=1188755,ENCİVAN,82,333.46,,,0,TRY,"[""Kargo Bedava"",""Trendyol Plus'a Özel""]",InStock,100 adetten fazla stok sunulmuştur,,,4,6076,4109,7,25571,"1,7B kişinin sepetinde","160,2B kişi favoriledi","Son 24 saatte 1,1B kişi görüntüledi",4999,TRY,0,5,1,9,Tahmini Teslim:,En Çok Satan 1. Ürün,https://cdn.dsmcdn.com/ty1900/prod/QC_ENRICHMENT/20260721/20/75bc025c-13cc-3d6a-befc-664d3c5da703/1_org_zoom.jpg,"{""Renk"":""Bej"",""Menşei"":""TR""}",20,5,refreshed,"[""daily_top""]",true,2026-08-17T09:00:04+03:00,0,"[""search_result_dom"",""product_detail_jsonld"",""product_detail_dom""]","{""title"":""observed"",""brand"":""observed"",""seller_name"":""observed"",""seller_score"":""observed"",""price"":""observed"",""original_price"":""unavailable"",""campaigns"":""observed"",""stock_status"":""observed"",""stock_signal"":""observed"",""rating"":""observed"",""rating_count"":""observed"",""review_count"":""observed"",""question_count"":""observed"",""delivery_summary"":""observed"",""shipping_cost"":""observed"",""properties"":""observed""}",true,
2026-08-17,2026-08-17T09:00:04+03:00,çocuk,BEST_SELLER,genel-cocuk,çocuk,34,2,34,34,1,-23,29.5,20.5,1146152778,104936,Dark Seer DS Speedy Beyaz Mor Tekerlekli Işıklı Paten Çocuk Ayakkabı Sneaker,Dark Seer,,https://www.trendyol.com/dark-seer/ds-speedy-beyaz-mor-tekerlekli-isikli-paten-cocuk-ayakkabi-sneaker-p-1146152778?boutiqueId=61&merchantId=104936,Dark Seer,,1799.9,,,0,TRY,"[""Kargo Bedava"",""Peşin Fiyatına 3 Taksit"",""Trendyol Plus'a Özel""]",InStock,10 adetten fazla stok sunulmuştur,,,4.4,153,,0,79,"2,8B kişinin sepetinde",15B kişi favoriledi,"Son 24 saatte 3,1B kişi görüntüledi",,,0,,,,Tahmini Teslim:,En Çok Satan 1. Ürün,,{},0,,refreshed,"[""daily_top""]",true,2026-08-17T09:00:04+03:00,0,"[""search_result_dom"",""product_detail_jsonld"",""product_detail_dom""]","{""title"":""observed"",""brand"":""observed"",""seller_name"":""observed"",""seller_score"":""unavailable"",""price"":""observed"",""original_price"":""unavailable"",""campaigns"":""observed"",""stock_status"":""observed"",""stock_signal"":""observed"",""rating"":""observed"",""rating_count"":""observed"",""review_count"":""unavailable"",""question_count"":""observed"",""delivery_summary"":""observed"",""shipping_cost"":""unavailable"",""properties"":""observed""}",true,
2026-08-17,2026-08-17T09:00:04+03:00,çocuk,BEST_SELLER,genel-cocuk,çocuk,35,2,35,35,,8,65,12.5,1010359257,357212,Go Toys Go Magnetic Series 2 Adet Araba Eklentisi Manyetik Oyuncak - Mıknatıslı Manyetik Bloklar,Go Toys,Eğitici Oyuncak,https://www.trendyol.com/go-toys/go-magnetic-series-2-adet-araba-eklentisi-manyetik-oyuncak-miknatisli-manyetik-bloklar-p-1010359257?boutiqueId=61&merchantId=357212,Shopist,9,269.85,385.5,30,-17.6,TRY,"[""Sepette %30 İndirim"",""Kargo Bedava""]",InStock,100 adetten fazla stok sunulmuştur,,,4.3,2751,1314,3,166,"2,3B kişinin sepetinde","98,3B kişi favoriledi",Son 24 saatte 966 kişi görüntüledi,4999,TRY,0,1,1,3,14 saat 56 dakika içinde sipariş verirsen en geç yarın kargoda!,,https://cdn.dsmcdn.com/ty1000389/product/media/images/prod/PIM/20260417/06/10a07daf-0d4b-4394-9e25-5c4287910c1a/1_org_zoom.jpg,"{""Paket İçeriği"":""2'li"",""Yaş"":""3+ Yaş"",""Piller Kutuya Dahil Mi?"":""Hayır"",""Dil"":""Evrensel Dil"",""Pil ile mi çalışır?"":""Hayır"",""Menşei"":""TR""}",20,5,refreshed,"[""daily_top""]",true,2026-08-17T09:00:04+03:00,0,"[""search_result_dom"",""product_detail_jsonld"",""product_detail_dom""]","{""title"":""observed"",""brand"":""observed"",""seller_name"":""observed"",""seller_score"":""observed"",""price"":""observed"",""original_price"":""observed"",""campaigns"":""observed"",""stock_status"":""observed"",""stock_signal"":""observed"",""rating"":""observed"",""rating_count"":""observed"",""review_count"":""observed"",""question_count"":""observed"",""delivery_summary"":""observed"",""shipping_cost"":""observed"",""properties"":""observed""}",true,
2026-08-17,2026-08-17T09:00:04+03:00,çocuk,BEST_SELLER,genel-cocuk,çocuk,36,2,36,36,,,30.4,14.6,860347310,931256,tutobaby Montessori 6'sı 1 arada Eğitici ve Öğretici Duyusal Gelişim Oyuncağı,tutobaby,Eğitici Oyuncak,https://www.trendyol.com/tutobaby/montessori-6-si-1-arada-egitici-ve-ogretici-duyusal-gelisim-oyuncagi-p-860347310?boutiqueId=61&merchantId=931256,TuTobaby,97,349.99,,,,TRY,"[""Kargo Bedava""]",InStock,100 adetten fazla stok sunulmuştur,,,4.6,1039,631,,58,"1,9B kişinin sepetinde","55,9B kişi favoriledi","Son 24 saatte 1,7B kişi görüntüledi",4999,TRY,0,,1,3,4 saat 56 dakika içinde sipariş verirsen en geç bugün kargoda!,,https://cdn.dsmcdn.com/ty1609/prod/QC/20241204/15/019817e1-1ab7-341b-8730-7fd8237269fa/1_org_zoom.jpg,"{""Paket İçeriği"":""1+"",""Yaş"":""1+ Yaş"",""Piller Kutuya Dahil Mi?"":""Hayır"",""Dil"":""Türkçe"",""Pil ile mi çalışır?"":""Hayır"",""Menşei"":""CN"",""Özellik"":""BPA Free""}",20,5,refreshed,"[""daily_top""]",true,2026-08-17T09:00:04+03:00,0,"[""search_result_dom"",""product_detail_jsonld"",""product_detail_dom""]","{""title"":""observed"",""brand"":""observed"",""seller_name"":""observed"",""seller_score"":""observed"",""price"":""observed"",""original_price"":""unavailable"",""campaigns"":""observed"",""stock_status"":""observed"",""stock_signal"":""observed"",""rating"":""observed"",""rating_count"":""observed"",""review_count"":""observed"",""question_count"":""observed"",""delivery_summary"":""observed"",""shipping_cost"":""observed"",""properties"":""observed""}",true,
2026-08-17,2026-08-17T09:00:04+03:00,çocuk,BEST_SELLER,genel-cocuk,çocuk,37,2,37,37,,14,35.1,7.4,212062053,159186,Seher Erkek Çocuk Beyaz Penye Atlet 6 Adet 0036,Seher,Atlet,https://www.trendyol.com/seher/erkek-cocuk-beyaz-penye-atlet-6-adet-0036-p-212062053?boutiqueId=61&merchantId=159186,USLUBEY,93,278,,,0,TRY,"[""Kargo Bedava"",""Trendyol Plus'a Özel""]",InStock,5 adetten fazla stok sunulmuştur,,,4.4,8748,4373,-7,1340,"1,3B kişinin sepetinde","47,2B kişi favoriledi",Son 24 saatte 525 kişi görüntüledi,4999,TRY,0,,1,3,4 saat 56 dakika içinde sipariş verirsen en geç bugün kargoda!,,https://cdn.dsmcdn.com/ty997/product/media/images/prod/SPM/PIM/20230908/12/79fac42a-b8fd-329e-9963-4daf321a3cc3/1_org_zoom.jpg,"{""Sezon"":""Tüm Sezonlar"",""Kol Tipi"":""Kolsuz"",""Yaka Tipi"":""Bisiklet Yaka"",""Materyal"":""Penye"",""Renk"":""Beyaz"",""Paket İçeriği"":""6'lı"",""Desen"":""Düz"",""Ürün Detayı"":""Biyeli"",""Ürün Tipi"":""Düz"",""Kalıp"":""Regular"",""Kol Boyu"":""Kolsuz"",""Koleksiyon"":""İç Giyim"",""Kumaş Tipi"":""Dokuma"",""Ek Özellik"":""Ek Özellik Mevcut Değil"",""Dokuma Tipi"":""2 İplik"",""Siluet"":""Regular"",""Baskı/Nakış Tekniği"":""Baskısız"",""Ortam"":""Casual/Günlük"",""Sürdürülebilirlik Detayı"":""Hayır"",""Boy"":""Regular"",""Materyal Bileşeni"":""100% Pamuk"",""Yıkama Talimatı"":""Type 1"",""Menşei"":""TR""}",20,5,refreshed,"[""daily_top""]",true,2026-08-17T09:00:04+03:00,0,"[""search_result_dom"",""product_detail_jsonld"",""product_detail_dom""]","{""title"":""observed"",""brand"":""observed"",""seller_name"":""observed"",""seller_score"":""observed"",""price"":""observed"",""original_price"":""unavailable"",""campaigns"":""observed"",""stock_status"":""observed"",""stock_signal"":""observed"",""rating"":""observed"",""rating_count"":""observed"",""review_count"":""observed"",""question_count"":""observed"",""delivery_summary"":""observed"",""shipping_cost"":""observed"",""properties"":""observed""}",true,
2026-08-17,2026-08-17T09:00:04+03:00,çocuk,BEST_SELLER,genel-cocuk,çocuk,38,2,38,38,,-2,21.6,18.4,1103532328,137544,Kitchen Beauty Çocuklar İçin Silinebilir Çizim Defteri 6 Adet Kalem Hediyeli - Bebekler İçin Aktivite Oyuncak Seti,Kitchen Beauty,Eğitici Oyuncak,https://www.trendyol.com/kitchen-beauty/cocuklar-icin-silinebilir-cizim-defteri-6-adet-kalem-hediyeli-bebekler-icin-aktivite-oyuncak-seti-p-1103532328?boutiqueId=61&merchantId=137544,Eymen Ticaret,89,199.99,,,0,TRY,"[""Kargo Bedava""]",InStock,100 adetten fazla stok sunulmuştur,,,4.1,333,159,2,63,"2,8B kişinin sepetinde","53,3B kişi favoriledi","Son 24 saatte 1,7B kişi görüntüledi",4999,TRY,0,,1,3,3 saat 56 dakika içinde sipariş verirsen en geç bugün kargoda!,,https://cdn.dsmcdn.com/ty1825/prod/QC_PREP/20260213/17/fe778827-1156-32b2-843c-131e63009e09/1_org_zoom.jpg,"{""Paket İçeriği"":""Belirtilmemiş"",""Yaş"":""2+ Yaş"",""Piller Kutuya Dahil Mi?"":""Hayır"",""Dil"":""Türkçe"",""Pil ile mi çalışır?"":""Hayır"",""Menşei"":""CN""}",20,5,refreshed,"[""daily_top""]",true,2026-08-17T09:00:04+03:00,0,"[""search_result_dom"",""product_detail_jsonld"",""product_detail_dom""]","{""title"":""observed"",""brand"":""observed"",""seller_name"":""observed"",""seller_score"":""observed"",""price"":""observed"",""original_price"":""unavailable"",""campaigns"":""observed"",""stock_status"":""observed"",""stock_signal"":""observed"",""rating"":""observed"",""rating_count"":""observed"",""review_count"":""observed"",""question_count"":""observed"",""delivery_summary"":""observed"",""shipping_cost"":""observed"",""properties"":""observed""}",true,
2026-08-17,2026-08-17T09:00:04+03:00,çocuk,BEST_SELLER,genel-cocuk,çocuk,39,2,39,39,2,-15,25.7,11.8,982881458,152772,Serstil 6 Parça Anne Bebek Doğum ve Hastane Çıkış Çantası Seti - Pembe Puantiyeli,Serstil,,https://www.trendyol.com/serstil/6-parca-anne-bebek-dogum-ve-hastane-cikis-cantasi-seti-pembe-puantiyeli-p-982881458?boutiqueId=61&merchantId=152772,ESTİ,89,199.95,,,0,TRY,"[""Kargo Bedava"",""Trendyol Plus'a Özel""]",InStock,100 adetten fazla stok sunulmuştur,,,4.7,915,,0,30,"1,8B kişinin sepetinde",41B kişi favoriledi,"Son 24 saatte 1,2B kişi görüntüledi",,,0,,,,14 saat 56 dakika içinde sipariş verirsen en geç yarın kargoda!,En Çok Satan 2. Ürün,,{},0,,refreshed,"[""daily_top""]",true,2026-08-17T09:00:04+03:00,0,"[""search_result_dom"",""product_detail_jsonld"",""product_detail_dom""]","{""title"":""observed"",""brand"":""observed"",""seller_name"":""observed"",""seller_score"":""observed"",""price"":""observed"",""original_price"":""unavailable"",""campaigns"":""observed"",""stock_status"":""observed"",""stock_signal"":""observed"",""rating"":""observed"",""rating_count"":""observed"",""review_count"":""unavailable"",""question_count"":""observed"",""delivery_summary"":""observed"",""shipping_cost"":""unavailable"",""properties"":""observed""}",true,
2026-08-17,2026-08-17T09:00:04+03:00,çocuk,BEST_SELLER,genel-cocuk,çocuk,40,2,40,40,2,,22.5,12.5,942420770,713614,ExLove 10'lu Erkek Çocuk Boxer Pamuklu,ExLove,Boxer,https://www.trendyol.com/exlove/10-lu-erkek-cocuk-boxer-pamuklu-p-942420770?boutiqueId=61&merchantId=713614,EXMOOR UNDERWEAR,89,379.99,,,,TRY,"[""Kargo Bedava"",""Trendyol Plus'a Özel""]",InStock,100 adetten fazla stok sunulmuştur,,,4,1482,651,,210,"1,4B kişinin sepetinde","14,9B kişi favoriledi",Son 24 saatte 605 kişi görüntüledi,4999,TRY,0,,1,3,2 saat 56 dakika içinde sipariş verirsen en geç bugün kargoda!,En Çok Satan 2. Ürün,https://cdn.dsmcdn.com/ty1792/prod/QC_ENRICHMENT/20251126/22/e22d479f-3615-3a5d-9d97-d8ca6a0cc982/1_org_zoom.jpg,"{""Desen"":""Desenli"",""Materyal"":""Pamuklu"",""Renk"":""Çok Renkli"",""Paket İçeriği"":""10'lu"",""Ürün Detayı"":""Lastikli"",""Ürün Tipi"":""İpliği Boyalı"",""Kalıp"":""Boxer"",""Koleksiyon"":""Basic"",""Materyal Bileşeni"":""likralı pamuklu"",""Ortam"":""Casual/Günlük"",""Yıkama Talimatı"":""30"",""Kumaş Tipi"":""Örme"",""Bel"":""Lastikli"",""Ek Özellik"":""Lisanslı"",""Sürdürülebilirlik Detayı"":""Evet"",""Menşei"":""TR"",""Sezon"":""Tüm Sezonlar"",""Dokuma Tipi"":""Düz Dokuma""}",20,5,refreshed,"[""daily_top""]",true,2026-08-17T09:00:04+03:00,0,"[""search_result_dom"",""product_detail_jsonld"",""product_detail_dom""]","{""title"":""observed"",""brand"":""observed"",""seller_name"":""observed"",""seller_score"":""observed"",""price"":""observed"",""original_price"":""unavailable"",""campaigns"":""observed"",""stock_status"":""observed"",""stock_signal"":""observed"",""rating"":""observed"",""rating_count"":""observed"",""review_count"":""observed"",""question_count"":""observed"",""delivery_summary"":""observed"",""shipping_cost"":""observed"",""properties"":""observed""}",true,
2026-08-17,2026-08-17T09:00:04+03:00,çocuk,BEST_SELLER,genel-cocuk,çocuk,41,2,41,41,1,-19,19.7,14.8,1134031784,1131766,Pico Baby Kaydırmaz Taban / Unisex Bebek Çocuk Deniz Ayakkabısı / Havuz Patiği,Pico Baby,,https://www.trendyol.com/pico-baby/kaydirmaz-taban-unisex-bebek-cocuk-deniz-ayakkabisi-havuz-patigi-p-1134031784?boutiqueId=61&merchantId=1131766,Pico Baby,96,198.46,,,4.9,TRY,"[""Kargo Bedava""]",InStock,100 adetten fazla stok sunulmuştur,,,4.5,292,,0,40,"1,4B kişinin sepetinde","12,9B kişi favoriledi",Son 24 saatte 758 kişi görüntüledi,,,0,,,,2 saat 56 dakika içinde sipariş verirsen en geç bugün kargoda!,En Çok Satan 1. Ürün,,{},0,,refreshed,"[""daily_top""]",true,2026-08-17T09:00:04+03:00,0,"[""search_result_dom"",""product_detail_jsonld"",""product_detail_dom""]","{""title"":""observed"",""brand"":""observed"",""seller_name"":""observed"",""seller_score"":""observed"",""price"":""observed"",""original_price"":""unavailable"",""campaigns"":""observed"",""stock_status"":""observed"",""stock_signal"":""observed"",""rating"":""observed"",""rating_count"":""observed"",""review_count"":""unavailable"",""question_count"":""observed"",""delivery_summary"":""observed"",""shipping_cost"":""unavailable"",""properties"":""observed""}",true,
2026-08-17,2026-08-17T09:00:04+03:00,çocuk,BEST_SELLER,genel-cocuk,çocuk,42,2,42,42,,,25.2,8.8,810045351,122542,Ella Bonna Kaydırmaz Taban Unisex Bebek Çocuk Deniz Ayakkabısı Havuz Patiği Gökkuşağı,Ella Bonna,,https://www.trendyol.com/ella-bonna/kaydirmaz-taban-unisex-bebek-cocuk-deniz-ayakkabisi-havuz-patigi-gokkusagi-p-810045351?boutiqueId=61&merchantId=122542,Ella Bonna,,269.99,,,,TRY,"[""Son 10 Günün En Düşük Fiyatı"",""Kargo Bedava"",""Trendyol Plus'a Özel""]",InStock,100 adetten fazla stok sunulmuştur,,,4.6,1431,,,140,"1,1B kişinin sepetinde","29,6B kişi favoriledi",Son 24 saatte 496 kişi görüntüledi,,,0,,,,2 saat 56 dakika içinde sipariş verirsen en geç bugün kargoda!,En Çok Favorilenen 1. Ürün,,{},0,,refreshed,"[""daily_top""]",true,2026-08-17T09:00:04+03:00,0,"[""search_result_dom"",""product_detail_jsonld"",""product_detail_dom""]","{""title"":""observed"",""brand"":""observed"",""seller_name"":""observed"",""seller_score"":""unavailable"",""price"":""observed"",""original_price"":""unavailable"",""campaigns"":""observed"",""stock_status"":""observed"",""stock_signal"":""observed"",""rating"":""observed"",""rating_count"":""observed"",""review_count"":""unavailable"",""question_count"":""observed"",""delivery_summary"":""observed"",""shipping_cost"":""unavailable"",""properties"":""observed""}",true,
2026-08-17,2026-08-17T09:00:04+03:00,çocuk,BEST_SELLER,genel-cocuk,çocuk,43,2,43,43,,-10,30.9,3.5,6877587,408958,Furkan Toys Cool Wheels Led Işıklı 3 Tekerlekli Yükseklik Ayarlı Twist Scooter,Furkan Toys,,https://www.trendyol.com/furkan-toys/cool-wheels-led-isikli-3-tekerlekli-yukseklik-ayarli-twist-scooter-p-6877587?boutiqueId=61&merchantId=408958,hepeğitim,92,927.77,,,0.1,TRY,"[""Kargo Bedava""]",InStock,10 adetten fazla stok sunulmuştur,,,4.6,7350,,0,1713,"1,3B kişinin sepetinde","83,4B kişi favoriledi","Son 24 saatte 1,3B kişi görüntüledi",,,0,,,,3 saat 56 dakika içinde sipariş verirsen en geç bugün kargoda!,En Çok Favorilenen 1. Ürün,,{},0,,refreshed,"[""daily_top""]",true,2026-08-17T09:00:04+03:00,0,"[""search_result_dom"",""product_detail_jsonld"",""product_detail_dom""]","{""title"":""observed"",""brand"":""observed"",""seller_name"":""observed"",""seller_score"":""observed"",""price"":""observed"",""original_price"":""unavailable"",""campaigns"":""observed"",""stock_status"":""observed"",""stock_signal"":""observed"",""rating"":""observed"",""rating_count"":""observed"",""review_count"":""unavailable"",""question_count"":""observed"",""delivery_summary"":""observed"",""shipping_cost"":""unavailable"",""properties"":""observed""}",true,
2026-08-17,2026-08-17T09:00:04+03:00,çocuk,BEST_SELLER,genel-cocuk,çocuk,44,2,44,44,,-14,23.8,12.8,1134031687,1131766,Pico Baby Kaydırmaz Taban / Unisex Bebek Çocuk Deniz Ayakkabısı / Havuz Patiği,Pico Baby,,https://www.trendyol.com/pico-baby/kaydirmaz-taban-unisex-bebek-cocuk-deniz-ayakkabisi-havuz-patigi-p-1134031687?boutiqueId=61&merchantId=1131766,Pico Baby,96,190.74,197.9,3.6,-4.6,TRY,"[""Son 10 Günün En Düşük Fiyatı"",""Kargo Bedava"",""Son 10 günün en düşük fiyatı""]",InStock,100 adetten fazla stok sunulmuştur,,,4.4,332,,0,37,"1,4B kişinin sepetinde","12,4B kişi favoriledi",Son 24 saatte 570 kişi görüntüledi,,,0,,,,2 saat 56 dakika içinde sipariş verirsen en geç bugün kargoda!,,,{},0,,refreshed,"[""daily_top""]",true,2026-08-17T09:00:04+03:00,0,"[""search_result_dom"",""product_detail_jsonld"",""product_detail_dom""]","{""title"":""observed"",""brand"":""observed"",""seller_name"":""observed"",""seller_score"":""observed"",""price"":""observed"",""original_price"":""observed"",""campaigns"":""observed"",""stock_status"":""observed"",""stock_signal"":""observed"",""rating"":""observed"",""rating_count"":""observed"",""review_count"":""unavailable"",""question_count"":""observed"",""delivery_summary"":""observed"",""shipping_cost"":""unavailable"",""properties"":""observed""}",true,
2026-08-17,2026-08-17T09:00:04+03:00,çocuk,BEST_SELLER,genel-cocuk,çocuk,45,2,45,45,1,1,18,14.5,1086149880,893539,"MİNNOŞŞ pelüş,welsoft tulum bebe",MİNNOŞŞ,Tulum,https://www.trendyol.com/minnoss/pelus-welsoft-tulum-bebe-p-1086149880?boutiqueId=61&merchantId=893539,FEYZA,89,199.99,,,0,TRY,"[""Kargo Bedava"",""Trendyol Plus'a Özel""]",InStock,10 adetten fazla stok sunulmuştur,,,4.5,354,177,4,103,2B kişinin sepetinde,"17,4B kişi favoriledi","Son 24 saatte 1,8B kişi görüntüledi",4999,TRY,0,,1,3,14 saat 56 dakika içinde sipariş verirsen en geç yarın kargoda!,En Çok Satan 1. Ürün,https://cdn.dsmcdn.com/ty1810/prod/QC_ENRICHMENT/20260116/09/40d28829-99a9-3d63-abdc-3f28e78d0ca9/1_org_zoom.jpg,"{""Kol Tipi"":""Uzun Kol"",""Kalıp"":""Regular"",""Kumaş Tipi"":""Örme"",""Renk"":""Ekru"",""Materyal"":""Peluş"",""Yaka Tipi"":""Dik Yaka"",""Cep"":""Cepsiz"",""Desen"":""Baskılı"",""Kol Boyu"":""Uzun"",""Ürün Tipi"":""Düz"",""Kemer/Kuşak Durumu"":""Kemersiz"",""Ortam"":""Günlük"",""Sürdürülebilirlik Detayı"":""Hayır"",""Boy"":""Normal Boy"",""Yıkama Talimatı"":""T44"",""Paça Tipi"":""Manşetli Paça"",""Siluet"":""Uzun"",""Menşei"":""TR"",""Kutu Durumu"":""Kutu yok""}",20,5,refreshed,"[""daily_top""]",true,2026-08-17T09:00:04+03:00,0,"[""search_result_dom"",""product_detail_jsonld"",""product_detail_dom""]","{""title"":""observed"",""brand"":""observed"",""seller_name"":""observed"",""seller_score"":""observed"",""price"":""observed"",""original_price"":""unavailable"",""campaigns"":""observed"",""stock_status"":""observed"",""stock_signal"":""observed"",""rating"":""observed"",""rating_count"":""observed"",""review_count"":""observed"",""question_count"":""observed"",""delivery_summary"":""observed"",""shipping_cost"":""observed"",""properties"":""observed""}",true,
2026-08-17,2026-08-17T09:00:04+03:00,çocuk,BEST_SELLER,genel-cocuk,çocuk,46,2,46,46,1,28,12.6,19.4,1148437877,752303,KİNKU Örümcek Adam Vantuz Fırlatan Eldiven,KİNKU,Diğer Figür Oyuncaklar,https://www.trendyol.com/kinku/orumcek-adam-vantuz-firlatan-eldiven-p-1148437877?boutiqueId=61&merchantId=752303,KİNKU,94,149,,,0,TRY,"[""Kargo Bedava""]",InStock,100 adetten fazla stok sunulmuştur,,,3.7,56,37,3,24,"1,5B kişinin sepetinde","4,2B kişi favoriledi","Son 24 saatte 1,4B kişi görüntüledi",4999,TRY,0,,1,3,5 saat 56 dakika içinde sipariş verirsen en geç bugün kargoda!,En Çok Satan 1. Ürün,https://cdn.dsmcdn.com/ty1929/prod/QC_ENRICHMENT/20260522/19/6df1c510-b562-3071-9492-ac17013fd7e4/1_org_zoom.jpg,"{""Paket İçeriği"":""1'li"",""Yaş"":""3+ Yaş"",""Diğer Özellikler"":""ağ atan vantuz"",""Menşei"":""CN"",""Ürün Uyarıları (Oyuncak)"":""3 yaş altı için uygun değildir"",""Özellik"":""Katı""}",20,4.9,refreshed,"[""daily_top""]",true,2026-08-17T09:00:04+03:00,0,"[""search_result_dom"",""product_detail_jsonld"",""product_detail_dom""]","{""title"":""observed"",""brand"":""observed"",""seller_name"":""observed"",""seller_score"":""observed"",""price"":""observed"",""original_price"":""unavailable"",""campaigns"":""observed"",""stock_status"":""observed"",""stock_signal"":""observed"",""rating"":""observed"",""rating_count"":""observed"",""review_count"":""observed"",""question_count"":""observed"",""delivery_summary"":""observed"",""shipping_cost"":""observed"",""properties"":""observed""}",true,
2026-08-17,2026-08-17T09:00:04+03:00,çocuk,BEST_SELLER,genel-cocuk,çocuk,47,2,47,47,2,,23.7,7.8,860656615,977401,pixelogart Kişiye Özel İsimli Doğal Ahşap Yenidoğan Bebek Türkçe Anı Küpü Çocuk Anne,pixelogart,Bebek Hediyelik,https://www.trendyol.com/pixelogart/kisiye-ozel-isimli-dogal-ahsap-yenidogan-bebek-turkce-ani-kupu-cocuk-anne-p-860656615?boutiqueId=61&merchantId=977401,Pixelogart,94,199.9,,,,TRY,"[""Kargo Bedava""]",InStock,100 adetten fazla stok sunulmuştur,,,4.7,1471,911,,317,"1,7B kişinin sepetinde","29,3B kişi favoriledi",Son 24 saatte 943 kişi görüntüledi,4999,TRY,0,1,1,3,14 saat 56 dakika içinde sipariş verirsen en geç yarın kargoda!,En Çok Satan 2. Ürün,https://cdn.dsmcdn.com/ty1936/prod/QC_ENRICHMENT/20260608/14/a994e478-2fd1-314f-959b-fc457aaf8d3c/1_org_zoom.jpg,"{""Renk"":""Siyah"",""Menşei"":""TR""}",20,5,refreshed,"[""daily_top""]",true,2026-08-17T09:00:04+03:00,0,"[""search_result_dom"",""product_detail_jsonld"",""product_detail_dom""]","{""title"":""observed"",""brand"":""observed"",""seller_name"":""observed"",""seller_score"":""observed"",""price"":""observed"",""original_price"":""unavailable"",""campaigns"":""observed"",""stock_status"":""observed"",""stock_signal"":""observed"",""rating"":""observed"",""rating_count"":""observed"",""review_count"":""observed"",""question_count"":""observed"",""delivery_summary"":""observed"",""shipping_cost"":""observed"",""properties"":""observed""}",true,
2026-08-17,2026-08-17T09:00:04+03:00,çocuk,BEST_SELLER,genel-cocuk,çocuk,48,2,48,48,,78,34.2,6.8,929095492,1122866,PRO Toys Işık/Ledli Üç Teker Yükseklik Ayarlanabilir ve Katlanabilir Fren Sistemli Çocuk Scooter,PRO Toys,,https://www.trendyol.com/pro-toys/isik-ledli-uc-teker-yukseklik-ayarlanabilir-ve-katlanabilir-fren-sistemli-cocuk-scooter-p-929095492?boutiqueId=61&merchantId=1122866,PRO Toys,92,1170,1300,10,0,TRY,"[""Kargo Bedava"",""Peşin Fiyatına 3 Taksit""]",InStock,100 adetten fazla stok sunulmuştur,,,4.7,1052,,0,310,606 kişinin sepetinde,"23,2B kişi favoriledi",Son 24 saatte 1B kişi görüntüledi,,,0,,,,Tahmini Teslim:,,,{},0,,refreshed,"[""daily_top"",""hot_change""]",true,2026-08-17T09:00:04+03:00,0,"[""search_result_dom"",""product_detail_jsonld"",""product_detail_dom""]","{""title"":""observed"",""brand"":""observed"",""seller_name"":""observed"",""seller_score"":""observed"",""price"":""observed"",""original_price"":""observed"",""campaigns"":""observed"",""stock_status"":""observed"",""stock_signal"":""observed"",""rating"":""observed"",""rating_count"":""observed"",""review_count"":""unavailable"",""question_count"":""observed"",""delivery_summary"":""observed"",""shipping_cost"":""unavailable"",""properties"":""observed""}",true,
2026-08-17,2026-08-17T09:00:04+03:00,çocuk,BEST_SELLER,genel-cocuk,çocuk,49,5,49,49,,109,20,,1176945785,982060,H&M Kapüşonlu ve Fermuarlı İçi Tüylü Oversize Üst,H&M,,https://www.trendyol.com/h-m/kapusonlu-ve-fermuarli-ici-tuylu-oversize-ust-p-1176945785?boutiqueId=61&merchantId=982060,H&M,,679.99,849.99,20,0,TRY,"[""Sepette %20 İndirim"",""Kargo Bedava""]",InStock,10 adetten fazla stok sunulmuştur,,,,,,0,,687 kişinin sepetinde,"3,4B kişi favoriledi","Son 24 saatte 2,2B kişi görüntüledi",,,0,,,,Tahmini Teslim:,,,{},0,,refreshed,"[""daily_top"",""hot_change""]",true,2026-08-17T09:00:04+03:00,0,"[""search_result_dom"",""product_detail_jsonld"",""product_detail_dom""]","{""title"":""observed"",""brand"":""observed"",""seller_name"":""observed"",""seller_score"":""unavailable"",""price"":""observed"",""original_price"":""observed"",""campaigns"":""observed"",""stock_status"":""observed"",""stock_signal"":""observed"",""rating"":""unavailable"",""rating_count"":""unavailable"",""review_count"":""unavailable"",""question_count"":""unavailable"",""delivery_summary"":""observed"",""shipping_cost"":""unavailable"",""properties"":""observed""}",true,
2026-08-17,2026-08-17T09:00:04+03:00,çocuk,BEST_SELLER,genel-cocuk,çocuk,50,5,50,50,,30,28,22,1163531094,982060,H&M Pamuklu ve Baskılı Tişört,H&M,,https://www.trendyol.com/h-m/pamuklu-ve-baskili-tisort-p-1163531094?boutiqueId=61&merchantId=982060,H&M,,199.99,249.99,20,0,TRY,"[""Sepette %20 İndirim"",""Kargo Bedava""]",InStock,10 adetten fazla stok sunulmuştur,,,4.9,9,,0,1,660 kişinin sepetinde,"1,2B kişi favoriledi",Son 24 saatte 603 kişi görüntüledi,,,0,,,,Tahmini Teslim:,,,{},0,,refreshed,"[""daily_top""]",true,2026-08-17T09:00:04+03:00,0,"[""search_result_dom"",""product_detail_jsonld"",""product_detail_dom""]","{""title"":""observed"",""brand"":""observed"",""seller_name"":""observed"",""seller_score"":""unavailable"",""price"":""observed"",""original_price"":""observed"",""campaigns"":""observed"",""stock_status"":""observed"",""stock_signal"":""observed"",""rating"":""observed"",""rating_count"":""observed"",""review_count"":""unavailable"",""question_count"":""observed"",""delivery_summary"":""observed"",""shipping_cost"":""unavailable"",""properties"":""observed""}",true,
2026-08-17,2026-08-17T09:00:04+03:00,çocuk,BEST_SELLER,genel-cocuk,çocuk,51,5,51,51,3,57,14.7,15.3,953418189,1266716,SS SİNSER Çocuk “ PARİS “ Özel Baskılı Bisiklet Yaka Tişört - Şort Takım,SS SİNSER,Alt - Üst Takım,https://www.trendyol.com/ss-sinser/cocuk-paris-ozel-baskili-bisiklet-yaka-tisort-sort-takim-p-953418189?boutiqueId=61&merchantId=1266716,ZİNTEKS,82,183.38,,,0,TRY,"[""Kargo Bedava""]",InStock,100 adetten fazla stok sunulmuştur,,,3.7,200,68,0,87,"1,1B kişinin sepetinde",9B kişi favoriledi,Son 24 saatte 522 kişi görüntüledi,4999,TRY,0,,1,3,1 saat 56 dakika içinde sipariş verirsen en geç bugün kargoda!,En Çok Satan 3. Ürün,https://cdn.dsmcdn.com/ty1705/prod/QC_PREP/20250706/14/e0db61f1-b809-3ef0-af92-cefea57d9aa4/1_org_zoom.jpg,"{""Kumaş Tipi"":""Örme"",""Materyal"":""%100 Pamuk"",""Desen"":""Baskılı"",""Kalıp"":""Regular"",""Yaka Tipi"":""Bisiklet Yaka"",""Renk"":""Siyah"",""Cep"":""Cepsiz"",""Ürün Tipi"":""Baskılı"",""Kol Boyu"":""Kısa"",""Kol Tipi"":""Standart Kol"",""Kalınlık"":""İnce"",""Bel"":""Normal Bel"",""Paça Tipi"":""Geniş Paça"",""Siluet"":""Basic"",""Ortam"":""Casual/Günlük"",""Boy"":""Regular"",""Alt-Üst Takım"":""T-shirt-Şort"",""Ek Özellik"":""Yıkamalı"",""Dokuma Tipi"":""2 İplik"",""Persona"":""Cool & Comfort"",""Kemer/Kuşak Durumu"":""Kemersiz"",""Baskı/Nakış Tekniği"":""Dijital Baskı"",""Parça Sayısı"":""2"",""Astar Durumu"":""Astarsız"",""Sürdürülebilirlik Detayı"":""Evet""}",20,5,refreshed,"[""daily_top"",""hot_change""]",true,2026-08-17T09:00:04+03:00,0,"[""search_result_dom"",""product_detail_jsonld"",""product_detail_dom""]","{""title"":""observed"",""brand"":""observed"",""seller_name"":""observed"",""seller_score"":""observed"",""price"":""observed"",""original_price"":""unavailable"",""campaigns"":""observed"",""stock_status"":""observed"",""stock_signal"":""observed"",""rating"":""observed"",""rating_count"":""observed"",""review_count"":""observed"",""question_count"":""observed"",""delivery_summary"":""observed"",""shipping_cost"":""observed"",""properties"":""observed""}",true,
2026-08-17,2026-08-17T09:00:04+03:00,çocuk,BEST_SELLER,genel-cocuk,çocuk,52,5,52,52,,29,30.3,0,177023193,916075,Tutku 6lı Erkek Çocuk Renkli Atlet Pamuklu Askılı Empirme Elastan,Tutku,,https://www.trendyol.com/tutku/6li-erkek-cocuk-renkli-atlet-pamuklu-askili-empirme-elastan-p-177023193?boutiqueId=61&merchantId=916075,TUTKU ELİT,92,387,,,0,TRY,"[""Kargo Bedava""]",InStock,Son 2 Ürün,,,4.6,6049,,0,924,818 kişinin sepetinde,"41,4B kişi favoriledi",Son 24 saatte 527 kişi görüntüledi,,,0,,,,14 saat 56 dakika içinde sipariş verirsen en geç yarın kargoda!,,,{},0,,refreshed,"[""daily_top""]",true,2026-08-17T09:00:04+03:00,0,"[""search_result_dom"",""product_detail_jsonld"",""product_detail_dom""]","{""title"":""observed"",""brand"":""observed"",""seller_name"":""observed"",""seller_score"":""observed"",""price"":""observed"",""original_price"":""unavailable"",""campaigns"":""observed"",""stock_status"":""observed"",""stock_signal"":""observed"",""rating"":""observed"",""rating_count"":""observed"",""review_count"":""unavailable"",""question_count"":""observed"",""delivery_summary"":""observed"",""shipping_cost"":""unavailable"",""properties"":""observed""}",true,
2026-08-17,2026-08-17T09:00:04+03:00,çocuk,BEST_SELLER,genel-cocuk,çocuk,53,5,53,53,,65,16.5,13.5,1153974880,441602,NOFLEN Manifest Tasarım Baskılı Tişört,NOFLEN,,https://www.trendyol.com/noflen/manifest-tasarim-baskili-tisort-p-1153974880?boutiqueId=61&merchantId=441602,TRENDYCLOTHES,93,349.9,,,-5.4,TRY,"[""Sepette %4 İndirim"",""Kargo Bedava"",""Trendyol Plus'a Özel""]",InStock,10 adetten fazla stok sunulmuştur,,,4.5,115,,0,60,"2,1B kişinin sepetinde","12,5B kişi favoriledi","Son 24 saatte 1,1B kişi görüntüledi",,,0,,,,14 saat 56 dakika içinde sipariş verirsen en geç yarın kargoda!,En Çok Ziyaret Edilen 3. Ürün,,{},0,,refreshed,"[""daily_top"",""hot_change""]",true,2026-08-17T09:00:04+03:00,0,"[""search_result_dom"",""product_detail_jsonld"",""product_detail_dom""]","{""title"":""observed"",""brand"":""observed"",""seller_name"":""observed"",""seller_score"":""observed"",""price"":""observed"",""original_price"":""unavailable"",""campaigns"":""observed"",""stock_status"":""observed"",""stock_signal"":""observed"",""rating"":""observed"",""rating_count"":""observed"",""review_count"":""unavailable"",""question_count"":""observed"",""delivery_summary"":""observed"",""shipping_cost"":""unavailable"",""properties"":""observed""}",true,
2026-08-17,2026-08-17T09:00:04+03:00,çocuk,BEST_SELLER,genel-cocuk,çocuk,54,5,54,54,,107,19.4,10.6,937482226,159186,Tutku 0853 Kız Çocuk Fitilli Şort 6'lı Paket Kombin,Tutku,,https://www.trendyol.com/tutku/0853-kiz-cocuk-fitilli-sort-6-li-paket-kombin-p-937482226?boutiqueId=61&merchantId=159186,USLUBEY,93,325.44,,,-1.2,TRY,"[""Sepette %7 İndirim"",""Kargo Bedava"",""Trendyol Plus'a Özel""]",InStock,10 adetten fazla stok sunulmuştur,,,4.1,267,,0,44,794 kişinin sepetinde,"6,2B kişi favoriledi",Son 24 saatte 531 kişi görüntüledi,,,0,,,,4 saat 56 dakika içinde sipariş verirsen en geç bugün kargoda!,En Çok Ziyaret Edilen 2. Ürün,,{},0,,refreshed,"[""daily_top"",""hot_change""]",true,2026-08-17T09:00:04+03:00,0,"[""search_result_dom"",""product_detail_jsonld"",""product_detail_dom""]","{""title"":""observed"",""brand"":""observed"",""seller_name"":""observed"",""seller_score"":""observed"",""price"":""observed"",""original_price"":""unavailable"",""campaigns"":""observed"",""stock_status"":""observed"",""stock_signal"":""observed"",""rating"":""observed"",""rating_count"":""observed"",""review_count"":""unavailable"",""question_count"":""observed"",""delivery_summary"":""observed"",""shipping_cost"":""unavailable"",""properties"":""observed""}",true,
2026-08-17,2026-08-17T09:00:04+03:00,çocuk,BEST_SELLER,genel-cocuk,çocuk,55,5,55,55,4,89,25.9,4.1,741425596,1220966,"mordesign Çok Amaçlı Kalın Keçe Anne Bebek Bakım Çantası, Dolap İçi Organizer, Scotch Serisi",mordesign,,https://www.trendyol.com/mordesign/cok-amacli-kalin-kece-anne-bebek-bakim-cantasi-dolap-ici-organizer-scotch-serisi-p-741425596?boutiqueId=61&merchantId=1220966,mordesign,,220.35,,,2,TRY,"[""Kargo Bedava""]",InStock,100 adetten fazla stok sunulmuştur,,,4.7,1725,,0,26,409 kişinin sepetinde,"23,4B kişi favoriledi",Son 24 saatte 408 kişi görüntüledi,,,0,,,,14 saat 56 dakika içinde sipariş verirsen en geç yarın kargoda!,En Çok Satan 4. Ürün,,{},0,,refreshed,"[""daily_top"",""hot_change""]",true,2026-08-17T09:00:04+03:00,0,"[""search_result_dom"",""product_detail_jsonld"",""product_detail_dom""]","{""title"":""observed"",""brand"":""observed"",""seller_name"":""observed"",""seller_score"":""unavailable"",""price"":""observed"",""original_price"":""unavailable"",""campaigns"":""observed"",""stock_status"":""observed"",""stock_signal"":""observed"",""rating"":""observed"",""rating_count"":""observed"",""review_count"":""unavailable"",""question_count"":""observed"",""delivery_summary"":""observed"",""shipping_cost"":""unavailable"",""properties"":""observed""}",true,
2026-08-17,2026-08-17T09:00:04+03:00,çocuk,BEST_SELLER,genel-cocuk,çocuk,56,5,56,56,5,57,25.6,9.4,957900891,131547,Roxbros Kore Tarzı Aksesuarlı 3'lü Set Kız Çocuk Ilkokul Çantası Kalemlikli Beslenme Çantalı Sırt Çantası,Roxbros,,https://www.trendyol.com/roxbros/kore-tarzi-aksesuarli-3-lu-set-kiz-cocuk-ilkokul-cantasi-kalemlikli-beslenme-cantali-sirt-cantasi-p-957900891?boutiqueId=61&merchantId=131547,Kahrıman Çanta,94,1794.55,1889,5,5,TRY,"[""Sepette %5 İndirim"",""Kargo Bedava"",""Peşin Fiyatına 3 Taksit""]",InStock,100 adetten fazla stok sunulmuştur,,,4.7,372,,0,92,"1,9B kişinin sepetinde",23B kişi favoriledi,"Son 24 saatte 2,7B kişi görüntüledi",,,0,,,,2 saat 56 dakika içinde sipariş verirsen en geç bugün kargoda!,En Çok Satan 5. Ürün,,{},0,,refreshed,"[""daily_top"",""hot_change""]",true,2026-08-17T09:00:04+03:00,0,"[""search_result_dom"",""product_detail_jsonld"",""product_detail_dom""]","{""title"":""observed"",""brand"":""observed"",""seller_name"":""observed"",""seller_score"":""observed"",""price"":""observed"",""original_price"":""observed"",""campaigns"":""observed"",""stock_status"":""observed"",""stock_signal"":""observed"",""rating"":""observed"",""rating_count"":""observed"",""review_count"":""unavailable"",""question_count"":""observed"",""delivery_summary"":""observed"",""shipping_cost"":""unavailable"",""properties"":""observed""}",true,
2026-08-17,2026-08-17T09:00:04+03:00,çocuk,BEST_SELLER,genel-cocuk,çocuk,57,5,57,57,,80,11.3,18.7,1146498214,788392,Hombak Çocuklar İçin 56 Farklı Resimli Projeksiyonlu Eğitici El Feneri - Yeşil Renk,Hombak,Eğitici Oyuncak,https://www.trendyol.com/hombak/cocuklar-icin-56-farkli-resimli-projeksiyonlu-egitici-el-feneri-yesil-renk-p-1146498214?boutiqueId=61&merchantId=788392,Hombak,88,199.99,,,0,TRY,"[""Kargo Bedava""]",InStock,100 adetten fazla stok sunulmuştur,,,4.1,46,25,2,15,842 kişinin sepetinde,"4,7B kişi favoriledi",Son 24 saatte 808 kişi görüntüledi,4999,TRY,0,1,1,3,14 saat 56 dakika içinde sipariş verirsen en geç yarın kargoda!,,https://cdn.dsmcdn.com/ty1929/prod/QC_ENRICHMENT/20260817/00/d343705a-244b-3504-888d-5d91fb470b65/1_org_zoom.jpg,"{""Paket İçeriği"":""1+"",""Yaş"":""3+ Yaş"",""Piller Kutuya Dahil Mi?"":""Belirtilmemiş"",""Dil"":""Türkçe"",""Pil ile mi çalışır?"":""Evet"",""Menşei"":""CN""}",20,4.7,refreshed,"[""daily_top"",""hot_change""]",true,2026-08-17T09:00:04+03:00,0,"[""search_result_dom"",""product_detail_jsonld"",""product_detail_dom""]","{""title"":""observed"",""brand"":""observed"",""seller_name"":""observed"",""seller_score"":""observed"",""price"":""observed"",""original_price"":""unavailable"",""campaigns"":""observed"",""stock_status"":""observed"",""stock_signal"":""observed"",""rating"":""observed"",""rating_count"":""observed"",""review_count"":""observed"",""question_count"":""observed"",""delivery_summary"":""observed"",""shipping_cost"":""observed"",""properties"":""observed""}",true,
2026-08-17,2026-08-17T09:00:04+03:00,çocuk,BEST_SELLER,genel-cocuk,çocuk,58,5,58,58,,64,16.7,13.3,897428363,897060,Bee Smart Ahşap Kirpi Bultak Eğitici Oyuncak Öğretici Geliştirici Oyuncak Çocuk Için Hediye,Bee Smart,Eğitici Oyuncak,https://www.trendyol.com/bee-smart/ahsap-kirpi-bultak-egitici-oyuncak-ogretici-gelistirici-oyuncak-cocuk-icin-hediye-p-897428363?boutiqueId=61&merchantId=897060,KidsGross,92,299,,,5.2,TRY,"[""Kargo Bedava""]",InStock,100 adetten fazla stok sunulmuştur,,,4.4,240,122,1,15,998 kişinin sepetinde,"23,5B kişi favoriledi",Son 24 saatte 896 kişi görüntüledi,4999,TRY,0,1,1,3,14 saat 56 dakika içinde sipariş verirsen en geç yarın kargoda!,,https://cdn.dsmcdn.com/ty1673/prod/QC/20250501/12/1769cc19-276a-3d49-b4ef-d58ec3585722/1_org_zoom.jpg,"{""Paket İçeriği"":""1+"",""Yaş"":""1+ Yaş"",""Piller Kutuya Dahil Mi?"":""Hayır"",""Dil"":""Evrensel Dil"",""Pil ile mi çalışır?"":""Hayır"",""Diğer Özellikler"":""Doğal Ahşap"",""Menşei"":""TR""}",20,5,refreshed,"[""daily_top"",""hot_change""]",true,2026-08-17T09:00:04+03:00,0,"[""search_result_dom"",""product_detail_jsonld"",""product_detail_dom""]","{""title"":""observed"",""brand"":""observed"",""seller_name"":""observed"",""seller_score"":""observed"",""price"":""observed"",""original_price"":""unavailable"",""campaigns"":""observed"",""stock_status"":""observed"",""stock_signal"":""observed"",""rating"":""observed"",""rating_count"":""observed"",""review_count"":""observed"",""question_count"":""observed"",""delivery_summary"":""observed"",""shipping_cost"":""observed"",""properties"":""observed""}",true,
2026-08-17,2026-08-17T09:00:04+03:00,çocuk,BEST_SELLER,genel-cocuk,çocuk,59,5,59,59,2,,12.3,17.7,1151771237,768467,DimpleBaby Winnie The Pooh Bebek Takımı 0-24 Ay,DimpleBaby,Bebek Takımı,https://www.trendyol.com/dimplebaby/winnie-the-pooh-bebek-takimi-0-24-ay-p-1151771237?boutiqueId=61&merchantId=768467,Organic product DimpleBaby,92,271,,,,TRY,"[""Kargo Bedava""]",InStock,100 adetten fazla stok sunulmuştur,,,4.2,69,33,,8,"1,2B kişinin sepetinde","6,2B kişi favoriledi",Son 24 saatte 853 kişi görüntüledi,4999,TRY,0,,1,3,3 saat 56 dakika içinde sipariş verirsen en geç bugün kargoda!,En Çok Satan 2. Ürün,https://cdn.dsmcdn.com/ty1934/prod/QC_PREP/20260602/00/3bb9f2cf-d166-3cce-b273-6b0857897096/1_org_zoom.jpg,"{""Materyal"":""Pamuk"",""Desen"":""Baskılı"",""Renk"":""Sarı"",""Yaka Tipi"":""Bisiklet Yaka"",""Materyal Bileşeni"":""Pamuklu"",""Yıkama Talimatı"":""Maksimum 30 °C sıcaklıkta yıkayınız. Ağartıcı kullanmayınız. Tamburlu kurutma yapmayınız. Orta sıcaklıkta ütüleyiniz. Kuru temizleme yapılamaz"",""Kumaş Tipi"":""Örme"",""Boy"":""Uzun"",""Kalıp"":""Regular"",""Paça Tipi"":""Regular"",""Kol Boyu"":""Uzun"",""Kol Tipi"":""Uzun Kol"",""Sürdürülebilirlik Detayı"":""Evet"",""Paket İçeriği"":""2'li"",""Ortam"":""Günlük"",""Menşei"":""TR""}",20,5,refreshed,"[""daily_top""]",true,2026-08-17T09:00:04+03:00,0,"[""search_result_dom"",""product_detail_jsonld"",""product_detail_dom""]","{""title"":""observed"",""brand"":""observed"",""seller_name"":""observed"",""seller_score"":""observed"",""price"":""observed"",""original_price"":""unavailable"",""campaigns"":""observed"",""stock_status"":""observed"",""stock_signal"":""observed"",""rating"":""observed"",""rating_count"":""observed"",""review_count"":""observed"",""question_count"":""observed"",""delivery_summary"":""observed"",""shipping_cost"":""observed"",""properties"":""observed""}",true,
2026-08-17,2026-08-17T09:00:04+03:00,çocuk,BEST_SELLER,genel-cocuk,çocuk,60,5,60,60,,,27.1,7.6,827089760,931256,tutobaby Ördek Şekilli Montessori Duyusal Gözlem Beceri Geliştirme Ve Diş Kaşıyıcı Oyuncağı,tutobaby,Eğitici Oyuncak,https://www.trendyol.com/tutobaby/ordek-sekilli-montessori-duyusal-gozlem-beceri-gelistirme-ve-dis-kasiyici-oyuncagi-p-827089760?boutiqueId=61&merchantId=931256,TuTobaby,97,390.78,410,4.7,,TRY,"[""Kargo Bedava"",""Son 10 Günün En Düşük Fiyatı"",""Son 10 günün en düşük fiyatı""]",InStock,100 adetten fazla stok sunulmuştur,,,4.8,911,632,,46,540 kişinin sepetinde,"33,8B kişi favoriledi",Son 24 saatte 758 kişi görüntüledi,4999,TRY,0,,1,3,4 saat 56 dakika içinde sipariş verirsen en geç bugün kargoda!,,https://cdn.dsmcdn.com/ty1387/product/media/images/prod/QC/20240628/14/269200f6-bf1e-3ffb-a296-36f2abf045b5/1_org_zoom.jpg,"{""Paket İçeriği"":""1'li"",""Yaş"":""1+ Yaş"",""Piller Kutuya Dahil Mi?"":""Hayır"",""Dil"":""Türkçe"",""Pil ile mi çalışır?"":""Hayır"",""Menşei"":""CN""}",20,5,refreshed,"[""daily_top""]",true,2026-08-17T09:00:04+03:00,0,"[""search_result_dom"",""product_detail_jsonld"",""product_detail_dom""]","{""title"":""observed"",""brand"":""observed"",""seller_name"":""observed"",""seller_score"":""observed"",""price"":""observed"",""original_price"":""observed"",""campaigns"":""observed"",""stock_status"":""observed"",""stock_signal"":""observed"",""rating"":""observed"",""rating_count"":""observed"",""review_count"":""observed"",""question_count"":""observed"",""delivery_summary"":""observed"",""shipping_cost"":""observed"",""properties"":""observed""}",true,
2026-08-17,2026-08-17T09:00:04+03:00,çocuk,BEST_SELLER,genel-cocuk,çocuk,61,5,61,61,6,,11.9,18.1,1140997213,131861,"Çantaland Kore Model 3’lü İlkokul Çanta Seti, Sırt Çantası + Beslenme Çantası + Kalemlik",Çantaland,,https://www.trendyol.com/cantaland/kore-model-3-lu-ilkokul-canta-seti-sirt-cantasi-beslenme-cantasi-kalemlik-p-1140997213?boutiqueId=61&merchantId=131861,Çantaland,95,1299.9,,,,TRY,"[""Sepette %5 İndirim"",""Kargo Bedava"",""Peşin Fiyatına 3 Taksit"",""Trendyol Plus'a Özel""]",InStock,100 adetten fazla stok sunulmuştur,,,4.7,30,,,20,1B kişinin sepetinde,"5,1B kişi favoriledi",Son 24 saatte 2B kişi görüntüledi,,,0,,,,4 saat 56 dakika içinde sipariş verirsen en geç bugün kargoda!,En Çok Satan 6. Ürün,,{},0,,refreshed,"[""daily_top""]",true,2026-08-17T09:00:04+03:00,0,"[""search_result_dom"",""product_detail_jsonld"",""product_detail_dom""]","{""title"":""observed"",""brand"":""observed"",""seller_name"":""observed"",""seller_score"":""observed"",""price"":""observed"",""original_price"":""unavailable"",""campaigns"":""observed"",""stock_status"":""observed"",""stock_signal"":""observed"",""rating"":""observed"",""rating_count"":""observed"",""review_count"":""unavailable"",""question_count"":""observed"",""delivery_summary"":""observed"",""shipping_cost"":""unavailable"",""properties"":""observed""}",true,
2026-08-17,2026-08-17T09:00:04+03:00,çocuk,BEST_SELLER,genel-cocuk,çocuk,62,5,62,62,,,12.5,18.5,926925903,635989,Genel Markalar 5 Çift Aksesuar Fiyonklu Kız Bebek Çorabı Kutusu 0-6 Ay,Genel Markalar,Çorap,https://www.trendyol.com/genel-markalar/5-cift-aksesuar-fiyonklu-kiz-bebek-corabi-kutusu-0-6-ay-p-926925903?boutiqueId=61&merchantId=635989,Baby Socks & Aksesuar,94,197.9,199.9,1,,TRY,"[""Son 10 Günün En Düşük Fiyatı"",""Kargo Bedava"",""Son 10 günün en düşük fiyatı""]",InStock,100 adetten fazla stok sunulmuştur,,,4.4,69,26,,16,"2,2B kişinin sepetinde","10,8B kişi favoriledi",Son 24 saatte 1B kişi görüntüledi,4999,TRY,0,,1,3,5 saat 56 dakika içinde sipariş verirsen en geç bugün kargoda!,En Çok Ziyaret Edilen 2. Ürün,https://cdn.dsmcdn.com/ty1894/prod/QC_ENRICHMENT/20260710/22/38808e25-fb8d-34f7-875e-b5b69ed55276/1_org_zoom.jpg,"{""Sürdürülebilirlik Detayı"":""Hayır"",""Materyal"":""Pamuklu"",""Tip"":""Patik çorap"",""Renk"":""Krem"",""Paket İçeriği"":""5'li"",""Desen"":""Düz"",""Teknik"":""Yıkamalı"",""Ürün Tipi"":""Düz"",""Koleksiyon"":""Basic"",""Kumaş Tipi"":""Dokuma"",""Siluet"":""Orta"",""Persona"":""Cool & Comfort"",""Ortam"":""Casual/Günlük"",""Dokuma Tipi"":""Jakar"",""Yıkama Talimatı"":""Type 1"",""Ek Özellik"":""Organik"",""Boy"":""Uzun"",""Menşei"":""TR"",""Sezon"":""Tüm Sezonlar""}",20,5,refreshed,"[""daily_top""]",true,2026-08-17T09:00:04+03:00,0,"[""search_result_dom"",""product_detail_jsonld"",""product_detail_dom""]","{""title"":""observed"",""brand"":""observed"",""seller_name"":""observed"",""seller_score"":""observed"",""price"":""observed"",""original_price"":""observed"",""campaigns"":""observed"",""stock_status"":""observed"",""stock_signal"":""observed"",""rating"":""observed"",""rating_count"":""observed"",""review_count"":""observed"",""question_count"":""observed"",""delivery_summary"":""observed"",""shipping_cost"":""observed"",""properties"":""observed""}",true,
2026-08-17,2026-08-17T09:00:04+03:00,çocuk,BEST_SELLER,genel-cocuk,çocuk,63,5,63,63,,67,24.2,5.8,85637037,916075,Tutku 6'lı Çocuk Penye Atlet,Tutku,Atlet,https://www.trendyol.com/tutku/6-li-cocuk-penye-atlet-p-85637037?boutiqueId=61&merchantId=916075,TUTKU ELİT,92,394,,,-1.5,TRY,"[""Kargo Bedava"",""Son 10 Günün En Düşük Fiyatı""]",InStock,10 adetten fazla stok sunulmuştur,,,4.5,2453,1049,1,526,855 kişinin sepetinde,"21,2B kişi favoriledi",Son 24 saatte 377 kişi görüntüledi,4999,TRY,0,1,1,3,14 saat 56 dakika içinde sipariş verirsen en geç yarın kargoda!,,https://cdn.dsmcdn.com/ty1329/product/media/images/prod/QC/20240520/09/42690edd-f8a4-3f39-9862-de609695f9e9/1_org_zoom.jpg,"{""Sezon"":""Yaz"",""Kol Tipi"":""Askılı"",""Yaka Tipi"":""Bisiklet Yaka"",""Materyal"":""Pamuk"",""Renk"":""Beyaz"",""Paket İçeriği"":""6'lı"",""Desen"":""Düz"",""Ürün Detayı"":""Biyeli"",""Ürün Tipi"":""Düz"",""Kalıp"":""Straight"",""Kol Boyu"":""Askılı"",""Koleksiyon"":""İç Giyim"",""Kumaş Tipi"":""Dokuma"",""Ek Özellik"":""Ek Özellik Mevcut Değil"",""Dokuma Tipi"":""2 İplik"",""Siluet"":""Straight"",""Persona"":""Fashion Forward"",""Baskı/Nakış Tekniği"":""Baskısız"",""Ortam"":""Lounge/Home"",""Sürdürülebilirlik Detayı"":""Hayır"",""Boy"":""Regular"",""Materyal Bileşeni"":""100% Pamuk"",""Yıkama Talimatı"":""Type 1"",""Menşei"":""TR""}",20,5,refreshed,"[""daily_top"",""hot_change""]",true,2026-08-17T09:00:04+03:00,0,"[""search_result_dom"",""product_detail_jsonld"",""product_detail_dom""]","{""title"":""observed"",""brand"":""observed"",""seller_name"":""observed"",""seller_score"":""observed"",""price"":""observed"",""original_price"":""unavailable"",""campaigns"":""observed"",""stock_status"":""observed"",""stock_signal"":""observed"",""rating"":""observed"",""rating_count"":""observed"",""review_count"":""observed"",""question_count"":""observed"",""delivery_summary"":""observed"",""shipping_cost"":""observed"",""properties"":""observed""}",true,
2026-08-17,2026-08-17T09:00:04+03:00,çocuk,BEST_SELLER,genel-cocuk,çocuk,64,5,64,64,3,,40.6,19.4,755918817,392,ebebek Hello Baby HelloBaby Basic Şardonlu İki İp Eşofman Altı Unisex,ebebek Hello Baby,Eşofman Altı,https://www.trendyol.com/ebebek-hello-baby/hellobaby-basic-sardonlu-iki-ip-esofman-alti-unisex-p-755918817?boutiqueId=61&merchantId=392,ebebek,,187.24,267.49,30,,TRY,"[""Sepette %30 İndirim"",""Kargo Bedava""]",InStock,100 adetten fazla stok sunulmuştur,,,4.6,66,20,,6,419 kişinin sepetinde,"2,4B kişi favoriledi",Son 24 saatte 492 kişi görüntüledi,4999,TRY,0,2,1,5,Tahmini Teslim:,En Çok Satan 3. Ürün,https://cdn.dsmcdn.com/ty991/product/media/images/prod/SPM/PIM/20230826/06/890f7a56-9015-3248-bcbc-6085c210591d/1_org_zoom.jpg,"{""Paça Tipi"":""Ribanalı"",""Materyal"":""Pamuk"",""Renk"":""Ekru"",""Bel"":""Normal Bel"",""Ürün Tipi"":""Şardonlu"",""Koleksiyon"":""Unisex"",""Boy"":""Standart"",""Ortam"":""Günlük"",""Siluet"":""Basic"",""Kumaş Tipi"":""Belirtilmemiş"",""Materyal Bileşeni"":""100% Pamuk"",""Yıkama Talimatı"":""Type 1"",""Menşei"":""TR"",""Kutu Durumu"":""Kutu yok""}",20,4.7,refreshed,"[""daily_top""]",true,2026-08-17T09:00:04+03:00,0,"[""search_result_dom"",""product_detail_jsonld"",""product_detail_dom""]","{""title"":""observed"",""brand"":""observed"",""seller_name"":""observed"",""seller_score"":""unavailable"",""price"":""observed"",""original_price"":""observed"",""campaigns"":""observed"",""stock_status"":""observed"",""stock_signal"":""observed"",""rating"":""observed"",""rating_count"":""observed"",""review_count"":""observed"",""question_count"":""observed"",""delivery_summary"":""observed"",""shipping_cost"":""observed"",""properties"":""observed""}",true,
2026-08-17,2026-08-17T09:00:04+03:00,çocuk,BEST_SELLER,genel-cocuk,çocuk,65,5,65,65,,45,28.4,1.6,794279138,655506,Lui Baby Anne Bebek Bakım Sırt Çantası Termal Biberonluk Ve Bebek Arabası Askı Aparatı Hediye,Lui Baby,,https://www.trendyol.com/lui-baby/anne-bebek-bakim-sirt-cantasi-termal-biberonluk-ve-bebek-arabasi-aski-aparati-hediye-p-794279138?boutiqueId=61&merchantId=655506,Lui Baby,,719,,,0,TRY,"[""Sepette %1 İndirim"",""60 TL Kupon"",""Kargo Bedava"",""Trendyol Plus'a Özel""]",InStock,100 adetten fazla stok sunulmuştur,,,4.5,3519,,0,284,"1,2B kişinin sepetinde","87,3B kişi favoriledi","Son 24 saatte 1,5B kişi görüntüledi",,,0,,,,4 saat 56 dakika içinde sipariş verirsen en geç bugün kargoda!,En Çok Ziyaret Edilen 2. Ürün,,{},0,,refreshed,"[""daily_top""]",true,2026-08-17T09:00:04+03:00,0,"[""search_result_dom"",""product_detail_jsonld"",""product_detail_dom""]","{""title"":""observed"",""brand"":""observed"",""seller_name"":""observed"",""seller_score"":""unavailable"",""price"":""observed"",""original_price"":""unavailable"",""campaigns"":""observed"",""stock_status"":""observed"",""stock_signal"":""observed"",""rating"":""observed"",""rating_count"":""observed"",""review_count"":""unavailable"",""question_count"":""observed"",""delivery_summary"":""observed"",""shipping_cost"":""unavailable"",""properties"":""observed""}",true,
2026-08-17,2026-08-17T09:00:04+03:00,çocuk,BEST_SELLER,genel-cocuk,çocuk,66,5,66,66,2,,26.5,3.5,743190984,832367,HİKKO KİDS çocuk smokin takım elbise,HİKKO KİDS,,https://www.trendyol.com/hikko-kids/cocuk-smokin-takim-elbise-p-743190984?boutiqueId=61&merchantId=832367,YALI&CO,88,475,,,,TRY,"[""Kargo Bedava""]",InStock,10 adetten fazla stok sunulmuştur,,,4.5,2047,,,761,388 kişinin sepetinde,"10,8B kişi favoriledi",Son 24 saatte 498 kişi görüntüledi,,,0,,,,4 saat 56 dakika içinde sipariş verirsen en geç bugün kargoda!,En Çok Satan 2. Ürün,,{},0,,refreshed,"[""daily_top""]",true,2026-08-17T09:00:04+03:00,0,"[""search_result_dom"",""product_detail_jsonld"",""product_detail_dom""]","{""title"":""observed"",""brand"":""observed"",""seller_name"":""observed"",""seller_score"":""observed"",""price"":""observed"",""original_price"":""unavailable"",""campaigns"":""observed"",""stock_status"":""observed"",""stock_signal"":""observed"",""rating"":""observed"",""rating_count"":""observed"",""review_count"":""unavailable"",""question_count"":""observed"",""delivery_summary"":""observed"",""shipping_cost"":""unavailable"",""properties"":""observed""}",true,
2026-08-17,2026-08-17T09:00:04+03:00,çocuk,BEST_SELLER,genel-cocuk,çocuk,67,5,67,67,,,21.1,11.5,1077372867,890565,Genel Markalar 78 Parça Manyetik Yapı Blokları Mıknatıslı Bloklar Fermuarlı Taşıma Poşeti Hediyeli,Genel Markalar,Eğitici Oyuncak,https://www.trendyol.com/genel-markalar/78-parca-manyetik-yapi-bloklari-miknatisli-bloklar-fermuarli-tasima-poseti-hediyeli-p-1077372867?boutiqueId=61&merchantId=890565,FLOTTE,95,1549.9,1591.2,2.6,,TRY,"[""Kargo Bedava"",""Son 10 Günün En Düşük Fiyatı"",""Peşin Fiyatına 3 Taksit"",""Son 10 günün en düşük fiyatı""]",InStock,100 adetten fazla stok sunulmuştur,,,4.2,320,207,,73,"1,5B kişinin sepetinde",21B kişi favoriledi,Son 24 saatte 949 kişi görüntüledi,4999,TRY,0,1,1,3,14 saat 56 dakika içinde sipariş verirsen en geç yarın kargoda!,,https://cdn.dsmcdn.com/ty1909/prod/QC_ENRICHMENT/20260514/19/8db924ee-93fa-3ab7-91a8-1d7109fce0f6/1_org_zoom.jpg,"{""Paket İçeriği"":""50 -100"",""Yaş"":""3+ Yaş"",""Piller Kutuya Dahil Mi?"":""Hayır"",""Dil"":""Evrensel Dil"",""Pil ile mi çalışır?"":""Hayır"",""Menşei"":""TR"",""Ürün Uyarıları (Oyuncak)"":""Kullanım öncesi, parçaların herhangi bir sebepten dolayı kırılmış olabileceğine karşılık kontrolünü sağlamalısınız."",""Özellik"":""Mıknatıslı""}",20,5,refreshed,"[""daily_top""]",true,2026-08-17T09:00:04+03:00,0,"[""search_result_dom"",""product_detail_jsonld"",""product_detail_dom""]","{""title"":""observed"",""brand"":""observed"",""seller_name"":""observed"",""seller_score"":""observed"",""price"":""observed"",""original_price"":""observed"",""campaigns"":""observed"",""stock_status"":""observed"",""stock_signal"":""observed"",""rating"":""observed"",""rating_count"":""observed"",""review_count"":""observed"",""question_count"":""observed"",""delivery_summary"":""observed"",""shipping_cost"":""observed"",""properties"":""observed""}",true,
2026-08-17,2026-08-17T09:00:04+03:00,çocuk,BEST_SELLER,genel-cocuk,çocuk,68,5,68,68,1,36,16.8,13.2,846377078,1113463,SULED Akıllı Çocuk Kol Saati Güvenli Led Su Geçirmez Silikon Dokunmatik Süper Kahraman Figürlü,SULED,,https://www.trendyol.com/suled/akilli-cocuk-kol-saati-guvenli-led-su-gecirmez-silikon-dokunmatik-super-kahraman-figurlu-p-846377078?boutiqueId=61&merchantId=1113463,Quled,84,74.5,,,0,TRY,"[""Kargo Bedava""]",InStock,100 adetten fazla stok sunulmuştur,,,3.9,126,,-69,25,364 kişinin sepetinde,1B kişi favoriledi,,,,0,,,,2 saat 56 dakika içinde sipariş verirsen en geç bugün kargoda!,En Çok Satan 1. Ürün,,{},0,,refreshed,"[""daily_top""]",true,2026-08-17T09:00:04+03:00,0,"[""search_result_dom"",""product_detail_jsonld"",""product_detail_dom""]","{""title"":""observed"",""brand"":""observed"",""seller_name"":""observed"",""seller_score"":""observed"",""price"":""observed"",""original_price"":""unavailable"",""campaigns"":""observed"",""stock_status"":""observed"",""stock_signal"":""observed"",""rating"":""observed"",""rating_count"":""observed"",""review_count"":""unavailable"",""question_count"":""observed"",""delivery_summary"":""observed"",""shipping_cost"":""unavailable"",""properties"":""observed""}",true,
2026-08-17,2026-08-17T09:00:04+03:00,çocuk,BEST_SELLER,genel-cocuk,çocuk,69,5,69,69,,25,30.9,19.1,1164824299,1127325,Circle Toys Ahşap Küçük Telli Koordinasyon Oyunu 1 Adet – Montessori Eğitici El Göz Koordinasyonu ve İnce Motor Beceri Oyuncağı,Circle Toys,Eğitici Oyuncak,https://www.trendyol.com/circle-toys/ahsap-kucuk-telli-koordinasyon-oyunu-1-adet-montessori-egitici-el-goz-koordinasyonu-ve-ince-motor-beceri-oyuncagi-p-1164824299?boutiqueId=61&merchantId=1127325,Circle Toys,,199.8,249.75,20,0,TRY,"[""Sepette %20 İndirim"",""Kargo Bedava""]",InStock,100 adetten fazla stok sunulmuştur,,,3.8,52,22,1,4,"1,6B kişinin sepetinde","7,7B kişi favoriledi",Son 24 saatte 828 kişi görüntüledi,4999,TRY,0,,1,3,1 saat 56 dakika içinde sipariş verirsen en geç bugün kargoda!,,https://cdn.dsmcdn.com/ty1894/prod/QC_PREP/20260705/16/62174451-9c4a-3fa1-904e-5308310f0402/1_org_zoom.jpg,"{""Paket İçeriği"":""1'li"",""Yaş"":""3+ Yaş"",""Piller Kutuya Dahil Mi?"":""Hayır"",""Dil"":""Evrensel Dil"",""Pil ile mi çalışır?"":""Hayır"",""Menşei"":""CN""}",20,3.9,refreshed,"[""daily_top""]",true,2026-08-17T09:00:04+03:00,0,"[""search_result_dom"",""product_detail_jsonld"",""product_detail_dom""]","{""title"":""observed"",""brand"":""observed"",""seller_name"":""observed"",""seller_score"":""unavailable"",""price"":""observed"",""original_price"":""observed"",""campaigns"":""observed"",""stock_status"":""observed"",""stock_signal"":""observed"",""rating"":""observed"",""rating_count"":""observed"",""review_count"":""observed"",""question_count"":""observed"",""delivery_summary"":""observed"",""shipping_cost"":""observed"",""properties"":""observed""}",true,
2026-08-17,2026-08-17T09:00:04+03:00,çocuk,BEST_SELLER,genel-cocuk,çocuk,70,5,70,70,,,13.8,18.2,1165737012,942558,yücel bijuteri Gizemli Paket Renkli Mantı Squishy - Gizemli renk KARIŞIK,yücel bijuteri,Eğitici Oyuncak,https://www.trendyol.com/yucel-bijuteri/gizemli-paket-renkli-manti-squishy-gizemli-renk-karisik-p-1165737012?boutiqueId=61&merchantId=942558,Bellss Accessory,83,386.12,394,2,,TRY,"[""Sepette %2 İndirim"",""Kargo Bedava""]",InStock,100 adetten fazla stok sunulmuştur,,,2.2,44,29,,46,"2,5B kişinin sepetinde","4,3B kişi favoriledi","Son 24 saatte 1,8B kişi görüntüledi",4999,TRY,0,1,1,3,14 saat 56 dakika içinde sipariş verirsen en geç yarın kargoda!,En Çok Ziyaret Edilen 10. Ürün,https://cdn.dsmcdn.com/ty1926/prod/QC_PREP/20260707/17/e3e9d247-c925-3008-b916-97e0072fd635/1_org_zoom.jpg,"{""Paket İçeriği"":""1'li"",""Yaş"":""3+ Yaş"",""Piller Kutuya Dahil Mi?"":""Hayır"",""Dil"":""Evrensel Dil"",""Pil ile mi çalışır?"":""Hayır"",""Menşei"":""CN""}",20,2.2,refreshed,"[""daily_top""]",true,2026-08-17T09:00:04+03:00,0,"[""search_result_dom"",""product_detail_jsonld"",""product_detail_dom""]","{""title"":""observed"",""brand"":""observed"",""seller_name"":""observed"",""seller_score"":""observed"",""price"":""observed"",""original_price"":""observed"",""campaigns"":""observed"",""stock_status"":""observed"",""stock_signal"":""observed"",""rating"":""observed"",""rating_count"":""observed"",""review_count"":""observed"",""question_count"":""observed"",""delivery_summary"":""observed"",""shipping_cost"":""observed"",""properties"":""observed""}",true,
2026-08-17,2026-08-17T09:00:04+03:00,çocuk,BEST_SELLER,genel-cocuk,çocuk,71,5,71,71,6,,13.4,16.6,1151562392,117697,YUNUSOĞLU HOME Gri Keçe Anne Bebek Bakım Çantası Yenidoğan İçin Organizer Düzenleyici,YUNUSOĞLU HOME,,https://www.trendyol.com/yunusoglu-home/gri-kece-anne-bebek-bakim-cantasi-yenidogan-icin-organizer-duzenleyici-p-1151562392?boutiqueId=61&merchantId=117697,YUNUSOĞLU HOME,,102.71,,,,TRY,"[""Kargo Bedava""]",InStock,100 adetten fazla stok sunulmuştur,,,4.2,46,,,3,855 kişinin sepetinde,"3,1B kişi favoriledi",Son 24 saatte 598 kişi görüntüledi,,,0,,,,14 saat 55 dakika içinde sipariş verirsen en geç yarın kargoda!,En Çok Satan 6. Ürün,,{},0,,refreshed,"[""daily_top""]",true,2026-08-17T09:00:04+03:00,0,"[""search_result_dom"",""product_detail_jsonld"",""product_detail_dom""]","{""title"":""observed"",""brand"":""observed"",""seller_name"":""observed"",""seller_score"":""unavailable"",""price"":""observed"",""original_price"":""unavailable"",""campaigns"":""observed"",""stock_status"":""observed"",""stock_signal"":""observed"",""rating"":""observed"",""rating_count"":""observed"",""review_count"":""unavailable"",""question_count"":""observed"",""delivery_summary"":""observed"",""shipping_cost"":""unavailable"",""properties"":""observed""}",true,
2026-08-17,2026-08-17T09:00:04+03:00,çocuk,BEST_SELLER,genel-cocuk,çocuk,72,5,72,72,1,,7.2,22.8,943513162,1188,Defacto Oversize Geniş Kalıp Polo Yaka Desenli Viskon Kısa Kollu Gömlek Erkek Çocuk F5671A825HS,Defacto,Gömlek,https://www.trendyol.com/defacto/oversize-genis-kalip-polo-yaka-desenli-viskon-kisa-kollu-gomlek-erkek-cocuk-f5671a825hs-p-943513162?boutiqueId=61&merchantId=1188,DeFacto,86,575.99,,,,TRY,"[""Sepette %20 İndirim"",""Trendyol Plus'a Özel""]",InStock,100 adetten fazla stok sunulmuştur,,,4.9,20,7,,1,394 kişinin sepetinde,994 kişi favoriledi,Son 24 saatte 533 kişi görüntüledi,4999,TRY,0,3,1,7,Tahmini Teslim:,En Çok Satan 1. Ürün,https://cdn.dsmcdn.com/ty1838/prod/QC_ENRICHMENT/20260312/03/5b256efa-8c10-35bb-9044-daaaedcec6df/1_org_zoom.jpg,"{""Desen"":""Desenli"",""Kalıp"":""Oversize"",""Yaka Tipi"":""Polo Yaka"",""Kumaş Tipi"":""Dokuma"",""Kol Tipi"":""Kısa Kol"",""Renk"":""Sarı"",""Materyal"":""Viskon"",""Cep"":""Cepsiz"",""Kol Boyu"":""Kısa"",""Boy"":""Standart"",""Ortam"":""Casual/Günlük"",""Dokuma Tipi"":""Terryviskon"",""Sürdürülebilirlik Detayı"":""Hayır"",""Kemer/Kuşak Durumu"":""Kemersiz"",""Materyal Bileşeni"":""Viskon"",""Yıkama Talimatı"":""T44"",""Menşei"":""TR"",""Kutu Durumu"":""Kutu yok""}",7,5,refreshed,"[""daily_top""]",true,2026-08-17T09:00:04+03:00,0,"[""search_result_dom"",""product_detail_jsonld"",""product_detail_dom""]","{""title"":""observed"",""brand"":""observed"",""seller_name"":""observed"",""seller_score"":""observed"",""price"":""observed"",""original_price"":""unavailable"",""campaigns"":""observed"",""stock_status"":""observed"",""stock_signal"":""observed"",""rating"":""observed"",""rating_count"":""observed"",""review_count"":""observed"",""question_count"":""observed"",""delivery_summary"":""observed"",""shipping_cost"":""observed"",""properties"":""observed""}",true,
2026-08-17,2026-08-17T09:00:04+03:00,çocuk,BEST_SELLER,cocuk-oyuncak,çocuk oyuncak,1,1,73,73,1,-1,27,3,691009501,819535,Pufu Toys Zürafa Peluş Oyuncak (1 METRE) Yastık,Pufu Toys,Peluş Oyuncak,https://www.trendyol.com/pufu-toys/zurafa-pelus-oyuncak-1-metre-yastik-p-691009501?boutiqueId=61&merchantId=819535,PufuToys,95,585.12,,,0,TRY,"[""Kargo Bedava"",""Trendyol Plus'a Özel""]",InStock,100 adetten fazla stok sunulmuştur,,,4.8,3975,2362,1,366,1B kişinin sepetinde,"112,3B kişi favoriledi",Son 24 saatte 1B kişi görüntüledi,4999,TRY,0,,1,3,3 saat 55 dakika içinde sipariş verirsen en geç bugün kargoda!,En Çok Satan 1. Ürün,https://cdn.dsmcdn.com/ty1610/prod/QC/20241203/23/80d98c71-e147-30fb-8bab-214ff5f38e25/1_org_zoom.jpg,"{""Renk"":""Çok Renkli"",""Boyut"":""100 cm"",""Yaş"":""1+ Yaş"",""Dil"":""Türkçe"",""Pil ile mi çalışır?"":""Hayır"",""Piller Kutuya Dahil Mi?"":""Hayır"",""Menşei"":""TR""}",20,5,refreshed,"[""daily_top""]",true,2026-08-17T09:00:04+03:00,0,"[""search_result_dom"",""product_detail_jsonld"",""product_detail_dom""]","{""title"":""observed"",""brand"":""observed"",""seller_name"":""observed"",""seller_score"":""observed"",""price"":""observed"",""original_price"":""unavailable"",""campaigns"":""observed"",""stock_status"":""observed"",""stock_signal"":""observed"",""rating"":""observed"",""rating_count"":""observed"",""review_count"":""observed"",""question_count"":""observed"",""delivery_summary"":""observed"",""shipping_cost"":""observed"",""properties"":""observed""}",true,
2026-08-17,2026-08-17T09:00:04+03:00,çocuk,BEST_SELLER,cocuk-oyuncak,çocuk oyuncak,2,2,74,74,3,47,39.9,10.1,1133862156,1047741,Magly Magnetic Cars Manyetik Araç Oyun Seti - Manyetik Yapı Blokları Araba Eklentisi,Magly,Oyuncak Araba,https://www.trendyol.com/magly/magnetic-cars-manyetik-arac-oyun-seti-manyetik-yapi-bloklari-araba-eklentisi-p-1133862156?boutiqueId=61&merchantId=1047741,Magly,,436,545,20,0,TRY,"[""Sepette %20 İndirim"",""Kargo Bedava""]",InStock,100 adetten fazla stok sunulmuştur,,,4.8,544,310,4,25,"2,7B kişinin sepetinde",22B kişi favoriledi,Son 24 saatte 1B kişi görüntüledi,4999,TRY,0,1,1,3,5 saat 55 dakika içinde sipariş verirsen en geç bugün kargoda!,En Çok Satan 3. Ürün,https://cdn.dsmcdn.com/ty1940/prod/QC_ENRICHMENT/20260801/17/0fa1db89-f864-3b00-a028-5417c839a8ed/1_org_zoom.jpg,"{""Paket İçeriği"":""2'li"",""Yaş"":""3+ Yaş"",""Pil ile mi çalışır?"":""Hayır"",""Piller Kutuya Dahil Mi?"":""Hayır"",""Menşei"":""TR"",""Ürün Uyarıları (Oyuncak)"":""Küçük parçalar içerir. 3 yaşından küçük çocuklar için uygun değildir. Ürün özellikleri, renk ve içerik ambalajdaki görsellerden farklılık gösterebilir."",""Özellik"":""Mıknatıslı""}",20,5,refreshed,"[""daily_top""]",true,2026-08-17T09:00:04+03:00,0,"[""search_result_dom"",""product_detail_jsonld"",""product_detail_dom""]","{""title"":""observed"",""brand"":""observed"",""seller_name"":""observed"",""seller_score"":""unavailable"",""price"":""observed"",""original_price"":""observed"",""campaigns"":""observed"",""stock_status"":""observed"",""stock_signal"":""observed"",""rating"":""observed"",""rating_count"":""observed"",""review_count"":""observed"",""question_count"":""observed"",""delivery_summary"":""observed"",""shipping_cost"":""observed"",""properties"":""observed""}",true,
2026-08-17,2026-08-17T09:00:04+03:00,çocuk,BEST_SELLER,cocuk-oyuncak,çocuk oyuncak,3,2,75,75,,-61,18.6,11.4,342139878,190370,Brother Toys Büyük Boy Dön Dolaş Ördekler Işıklı Müzikli Oyuncak Ördek Oyunu,Brother Toys,Bebek & Aktivite Oyuncakları,https://www.trendyol.com/brother-toys/buyuk-boy-don-dolas-ordekler-isikli-muzikli-oyuncak-ordek-oyunu-p-342139878?boutiqueId=61&merchantId=190370,BROTHERTOYS,92,549.9,,,0,TRY,"[""Kargo Bedava""]",InStock,100 adetten fazla stok sunulmuştur,,,4.1,343,208,3,75,"1,6B kişinin sepetinde","17,4B kişi favoriledi","Son 24 saatte 1,3B kişi görüntüledi",4999,TRY,0,,1,3,4 saat 55 dakika içinde sipariş verirsen en geç bugün kargoda!,En Çok Ziyaret Edilen 1. Ürün,https://cdn.dsmcdn.com/ty1691/prod/QC_ENRICHMENT/20250604/23/837885aa-214c-3fdb-9744-4321dea88087/1_org_zoom.jpg,"{""Paket İçeriği"":""8'li"",""Yaş"":""3+ Yaş"",""Dil"":""Evrensel Dil"",""Pil ile mi çalışır?"":""Evet"",""Piller Kutuya Dahil Mi?"":""Hayır"",""Diğer Özellikler"":""Kaliteli Malzeme"",""Menşei"":""CN"",""Ürün Uyarıları (Oyuncak)"":""Uyarı. 3 Yaşından Küçük Çocuklar İçin Uygun Değildir. Ebeveyn Kontrolünde Kullanılabilir."",""Özellik"":""Belirtilmemiş""}",20,5,refreshed,"[""daily_top"",""hot_change""]",true,2026-08-17T09:00:04+03:00,0,"[""search_result_dom"",""product_detail_jsonld"",""product_detail_dom""]","{""title"":""observed"",""brand"":""observed"",""seller_name"":""observed"",""seller_score"":""observed"",""price"":""observed"",""original_price"":""unavailable"",""campaigns"":""observed"",""stock_status"":""observed"",""stock_signal"":""observed"",""rating"":""observed"",""rating_count"":""observed"",""review_count"":""observed"",""question_count"":""observed"",""delivery_summary"":""observed"",""shipping_cost"":""observed"",""properties"":""observed""}",true,
2026-08-17,2026-08-17T09:00:04+03:00,çocuk,BEST_SELLER,cocuk-oyuncak,çocuk oyuncak,4,2,76,76,4,,23.1,9.9,865456900,590132,Zuzu Toys 4106 Neşeli Halkalar 6 Adet Renkli Halka,Zuzu Toys,Bebek & Aktivite Oyuncakları,https://www.trendyol.com/zuzu-toys/4106-neseli-halkalar-6-adet-renkli-halka-p-865456900?boutiqueId=61&merchantId=590132,Babysch,9,261.42,269.5,3,,TRY,"[""Sepette %3 İndirim"",""Sepette %1 İndirim"",""Kargo Bedava""]",InStock,100 adetten fazla stok sunulmuştur,,,4.2,642,320,,36,"1,6B kişinin sepetinde",30B kişi favoriledi,Son 24 saatte 521 kişi görüntüledi,4999,TRY,0,,1,3,2 saat 55 dakika içinde sipariş verirsen en geç bugün kargoda!,En Çok Satan 4. Ürün,https://cdn.dsmcdn.com/ty1583/prod/QC/20241011/13/e8294ba7-3675-3dca-a1fb-d76840f74d7c/1_org_zoom.jpg,"{""Paket İçeriği"":""1+"",""Yaş"":""2+ Yaş"",""Dil"":""Türkçe"",""Pil ile mi çalışır?"":""Hayır"",""Piller Kutuya Dahil Mi?"":""Hayır"",""Menşei"":""TR""}",20,5,refreshed,"[""daily_top""]",true,2026-08-17T09:00:04+03:00,0,"[""search_result_dom"",""product_detail_jsonld"",""product_detail_dom""]","{""title"":""observed"",""brand"":""observed"",""seller_name"":""observed"",""seller_score"":""observed"",""price"":""observed"",""original_price"":""observed"",""campaigns"":""observed"",""stock_status"":""observed"",""stock_signal"":""observed"",""rating"":""observed"",""rating_count"":""observed"",""review_count"":""observed"",""question_count"":""observed"",""delivery_summary"":""observed"",""shipping_cost"":""observed"",""properties"":""observed""}",true,
2026-08-17,2026-08-17T09:00:04+03:00,çocuk,BEST_SELLER,cocuk-oyuncak,çocuk oyuncak,5,2,77,77,3,,23.8,6.2,991500434,158005,yükselen zeka Keçemino Etkinlik Halısı - Çiftlik,yükselen zeka,Bebek & Aktivite Oyuncakları,https://www.trendyol.com/yukselen-zeka/kecemino-etkinlik-halisi-ciftlik-p-991500434?boutiqueId=61&merchantId=158005,COŞKUN AVM,92,456.98,,,,TRY,"[""Kargo Bedava"",""Sepette %2 İndirim""]",InStock,100 adetten fazla stok sunulmuştur,,,4.6,1789,930,,98,1B kişinin sepetinde,"69,5B kişi favoriledi",Son 24 saatte 909 kişi görüntüledi,4999,TRY,0,,1,3,5 saat 55 dakika içinde sipariş verirsen en geç bugün kargoda!,En Çok Satan 3. Ürün,https://cdn.dsmcdn.com/ty1768/prod/QC_ENRICHMENT/20251009/21/b6ec36d0-b499-3d2a-add5-356da94ab205/1_org_zoom.jpg,"{""Dil"":""Türkçe"",""Menşei"":""TR""}",20,5,refreshed,"[""daily_top""]",true,2026-08-17T09:00:04+03:00,0,"[""search_result_dom"",""product_detail_jsonld"",""product_detail_dom""]","{""title"":""observed"",""brand"":""observed"",""seller_name"":""observed"",""seller_score"":""observed"",""price"":""observed"",""original_price"":""unavailable"",""campaigns"":""observed"",""stock_status"":""observed"",""stock_signal"":""observed"",""rating"":""observed"",""rating_count"":""observed"",""review_count"":""observed"",""question_count"":""observed"",""delivery_summary"":""observed"",""shipping_cost"":""observed"",""properties"":""observed""}",true,
2026-08-17,2026-08-17T09:00:04+03:00,çocuk,BEST_SELLER,cocuk-oyuncak,çocuk oyuncak,6,2,78,78,1,-20,19.6,10.4,973845507,744768,Nandy Home Tavşan Model Karakter Figürü 3D Yapı Oyuncakları,Nandy Home,Yapı Oyuncakları,https://www.trendyol.com/nandy-home/tavsan-model-karakter-figuru-3d-yapi-oyuncaklari-p-973845507?boutiqueId=61&merchantId=744768,Nandy Kids,96,141.08,,,0,TRY,"[""Kargo Bedava"",""Trendyol Plus'a Özel""]",InStock,100 adetten fazla stok sunulmuştur,,,4.6,616,281,2,53,"1,8B kişinin sepetinde",65B kişi favoriledi,Son 24 saatte 811 kişi görüntüledi,4999,TRY,0,,1,3,5 saat 55 dakika içinde sipariş verirsen en geç bugün kargoda!,En Çok Satan 1. Ürün,https://cdn.dsmcdn.com/ty1918/prod/QC_ENRICHMENT/20260522/10/2cd95bf3-6f2c-3e98-8d6b-35852492ba0e/1_org_zoom.jpg,"{""Seri"":""Mini Figürler"",""Parça Sayısı"":""51-100"",""Yaş"":""6+ Yaş"",""Diğer Özellikler"":""."",""Menşei"":""CN"",""Ürün Uyarıları (Oyuncak)"":""Küçük parçalar içerir. 3 yaş altı çocuklar için uygun değildir."",""Batarya Türü"":""Diğer"",""Özellik"":""Standart""}",20,5,refreshed,"[""daily_top""]",true,2026-08-17T09:00:04+03:00,0,"[""search_result_dom"",""product_detail_jsonld"",""product_detail_dom""]","{""title"":""observed"",""brand"":""observed"",""seller_name"":""observed"",""seller_score"":""observed"",""price"":""observed"",""original_price"":""unavailable"",""campaigns"":""observed"",""stock_status"":""observed"",""stock_signal"":""observed"",""rating"":""observed"",""rating_count"":""observed"",""review_count"":""observed"",""question_count"":""observed"",""delivery_summary"":""observed"",""shipping_cost"":""observed"",""properties"":""observed""}",true,
2026-08-17,2026-08-17T09:00:04+03:00,çocuk,BEST_SELLER,cocuk-oyuncak,çocuk oyuncak,7,2,79,79,,,20.3,9.7,1030904645,358282,BubbyPlay Çantalı Çiçek Bahçesi 52 Parça Yapım Seti Tak Çıkar Blok Montessori Eğitici Oyuncak Çocuk Gelişim 3 Yaş,BubbyPlay,Eğitici Oyuncak,https://www.trendyol.com/bubbyplay/cantali-cicek-bahcesi-52-parca-yapim-seti-tak-cikar-blok-montessori-egitici-oyuncak-cocuk-gelisim-3-yas-p-1030904645?boutiqueId=61&merchantId=358282,kidva,94,129.9,,,,TRY,"[""Kargo Bedava""]",InStock,100 adetten fazla stok sunulmuştur,,,4.8,610,345,,53,1B kişinin sepetinde,"5,3B kişi favoriledi",Son 24 saatte 751 kişi görüntüledi,4999,TRY,0,1,1,3,14 saat 55 dakika içinde sipariş verirsen en geç yarın kargoda!,,https://cdn.dsmcdn.com/ty1909/prod/QC_ENRICHMENT/20260504/13/ad0d7bb3-62f8-3aae-98d5-f36cde82f6a5/1_org_zoom.jpg,"{""Paket İçeriği"":""50'li"",""Yaş"":""3+ Yaş"",""Piller Kutuya Dahil Mi?"":""Hayır"",""Dil"":""Türkçe"",""Pil ile mi çalışır?"":""Hayır"",""Diğer Özellikler"":""52 parça çiçek bahçesi yapım seti tak çıkar blok montessori eğitici oyuncak çocuk gelişim destekli ince motor beceri el göz koordinasyon renk algısı geliştirici 3 yaş ve üzeri kız ve erkek çocuk için uygun dayanıklı plastik anaokulu kreş malzemesi yaratıcı düşünme okul öncesi zeka geliştirici hayal gücü destekleyen pedagojik aktivite seti"",""Menşei"":""TR"",""Ürün Uyarıları (Oyuncak)"":""Ürün küçük parçalar içermektedir 0-3 yaş çocuklar için boğulma tehlikesi nedeniyle uygun değildir 3 yaş ve üzeri çocukların ebeveyn gözetiminde oynaması gerekmektedir 8 yaş altındaki çocuklar için yetişkin denetimi tavsiye edilir parçaları ağıza almayınız hasarlı veya kırık parçaları kullanmayınız çocuğun gözüne ve ağzına yaklaştırmayınız oyun sonrası mutlaka ellerin yıkanması önerilir"",""Batarya Türü"":""Diğer"",""Batarya Boyutu"":""Uygulanabilir Değil"",""Özellik"":""BPA Free""}",20,5,refreshed,"[""daily_top""]",true,2026-08-17T09:00:04+03:00,0,"[""search_result_dom"",""product_detail_jsonld"",""product_detail_dom""]","{""title"":""observed"",""brand"":""observed"",""seller_name"":""observed"",""seller_score"":""observed"",""price"":""observed"",""original_price"":""unavailable"",""campaigns"":""observed"",""stock_status"":""observed"",""stock_signal"":""observed"",""rating"":""observed"",""rating_count"":""observed"",""review_count"":""observed"",""question_count"":""observed"",""delivery_summary"":""observed"",""shipping_cost"":""observed"",""properties"":""observed""}",true,
2026-08-17,2026-08-17T09:00:04+03:00,çocuk,BEST_SELLER,cocuk-oyuncak,çocuk oyuncak,8,2,80,80,,116,29.2,10.8,839813628,190370,Brother Toys Işıklı Stres Giderici Popit Oyun Konsolu Pop It Oyuncak Ördek Sarı Kaplan Transformers,Brother Toys,Eğitici Oyuncak,https://www.trendyol.com/brother-toys/isikli-stres-giderici-popit-oyun-konsolu-pop-it-oyuncak-ordek-sari-kaplan-transformers-p-839813628?boutiqueId=61&merchantId=190370,BROTHERTOYS,92,274.9,305.44,10,-6.7,TRY,"[""Kargo Bedava""]",InStock,100 adetten fazla stok sunulmuştur,,,4.2,424,250,1,218,476 kişinin sepetinde,"10,8B kişi favoriledi",Son 24 saatte 754 kişi görüntüledi,4999,TRY,0,,1,3,4 saat 55 dakika içinde sipariş verirsen en geç bugün kargoda!,,https://cdn.dsmcdn.com/ty1930/prod/QC_ENRICHMENT/20260710/20/baef8111-8d9f-3af0-ab35-f88c94642b52/1_org_zoom.jpg,"{""Paket İçeriği"":""1'li"",""Yaş"":""3+ Yaş"",""Piller Kutuya Dahil Mi?"":""Hayır"",""Dil"":""İngilizce"",""Pil ile mi çalışır?"":""Evet"",""Diğer Özellikler"":""Kaliteli Kırılmaz Malzeme"",""Menşei"":""CN"",""Ürün Uyarıları (Oyuncak)"":""Uyarı. 3 Yaşından Küçük Çocuklar İçin Uygun Değildir."",""Batarya Türü"":""Lityum-iyon"",""Batarya Boyutu"":""AAA"",""Özellik"":""Belirtilmemiş""}",20,5,refreshed,"[""daily_top"",""hot_change""]",true,2026-08-17T09:00:04+03:00,0,"[""search_result_dom"",""product_detail_jsonld"",""product_detail_dom""]","{""title"":""observed"",""brand"":""observed"",""seller_name"":""observed"",""seller_score"":""observed"",""price"":""observed"",""original_price"":""observed"",""campaigns"":""observed"",""stock_status"":""observed"",""stock_signal"":""observed"",""rating"":""observed"",""rating_count"":""observed"",""review_count"":""observed"",""question_count"":""observed"",""delivery_summary"":""observed"",""shipping_cost"":""observed"",""properties"":""observed""}",true,
2026-08-17,2026-08-17T09:00:04+03:00,çocuk,BEST_SELLER,cocuk-oyuncak,çocuk oyuncak,9,2,81,81,,-14,49.3,10.7,1115203911,357212,Go Toys Go Track Turuncu Renk Esnek Yarış-Aksiyon Pisti 4.5 Mt - Flex track,Go Toys,Diğer Oyuncaklar,https://www.trendyol.com/go-toys/go-track-turuncu-renk-esnek-yaris-aksiyon-pisti-4-5-mt-flex-track-p-1115203911?boutiqueId=61&merchantId=357212,Shopist,9,237.3,339,30,-17.6,TRY,"[""Sepette %30 İndirim"",""Kargo Bedava""]",InStock,100 adetten fazla stok sunulmuştur,,,4.3,582,258,6,60,"1,1B kişinin sepetinde",30B kişi favoriledi,Son 24 saatte 503 kişi görüntüledi,4999,TRY,0,1,1,3,14 saat 55 dakika içinde sipariş verirsen en geç yarın kargoda!,,https://cdn.dsmcdn.com/ty1835/prod/QC_PREP/20260306/16/176aebc5-c413-3fe8-9a05-5046b857a21c/1_org_zoom.jpg,"{""Paket İçeriği"":""1+"",""Yaş"":""1+ Yaş"",""Piller Kutuya Dahil Mi?"":""Hayır"",""Pil ile mi çalışır?"":""Hayır"",""Menşei"":""TR""}",20,5,refreshed,"[""daily_top""]",true,2026-08-17T09:00:04+03:00,0,"[""search_result_dom"",""product_detail_jsonld"",""product_detail_dom""]","{""title"":""observed"",""brand"":""observed"",""seller_name"":""observed"",""seller_score"":""observed"",""price"":""observed"",""original_price"":""observed"",""campaigns"":""observed"",""stock_status"":""observed"",""stock_signal"":""observed"",""rating"":""observed"",""rating_count"":""observed"",""review_count"":""observed"",""question_count"":""observed"",""delivery_summary"":""observed"",""shipping_cost"":""observed"",""properties"":""observed""}",true,
2026-08-17,2026-08-17T09:00:04+03:00,çocuk,BEST_SELLER,cocuk-oyuncak,çocuk oyuncak,10,2,82,82,3,51,25.2,4.8,37738604,190370,UNO Kartlar W2087,UNO,Kutu Oyunu,https://www.trendyol.com/uno/kartlar-w2087-p-37738604?boutiqueId=61&merchantId=190370,BROTHERTOYS,92,68,,,0,TRY,"[""Kargo Bedava""]",InStock,100 adetten fazla stok sunulmuştur,,,3.4,2481,1417,-2,226,"1,6B kişinin sepetinde","48,5B kişi favoriledi",Son 24 saatte 512 kişi görüntüledi,4999,TRY,0,,1,3,4 saat 55 dakika içinde sipariş verirsen en geç bugün kargoda!,En Çok Satan 3. Ürün,https://cdn.dsmcdn.com/ty1629/prod/QC/20250130/02/b85d34e7-271a-3675-9005-0a7d753ea871/1_org_zoom.jpg,"{""Oyuncu Sayısı"":""1-3 Kişi"",""Yaş"":""9+ Yaş"",""Dil"":""Türkçe"",""Menşei"":""TR"",""Özellik"":""Belirtilmemiş""}",20,5,refreshed,"[""daily_top"",""hot_change""]",true,2026-08-17T09:00:04+03:00,0,"[""search_result_dom"",""product_detail_jsonld"",""product_detail_dom""]","{""title"":""observed"",""brand"":""observed"",""seller_name"":""observed"",""seller_score"":""observed"",""price"":""observed"",""original_price"":""unavailable"",""campaigns"":""observed"",""stock_status"":""observed"",""stock_signal"":""observed"",""rating"":""observed"",""rating_count"":""observed"",""review_count"":""observed"",""question_count"":""observed"",""delivery_summary"":""observed"",""shipping_cost"":""observed"",""properties"":""observed""}",true,
2026-08-17,2026-08-17T09:00:04+03:00,çocuk,BEST_SELLER,cocuk-oyuncak,çocuk oyuncak,11,2,83,83,,-18,31.1,0,6877586,408958,Furkan Toys Cool Wheels Twist Led Işıklı 3 Tekerlekli Yükseklik Ayarlı PEMBE Scooter,Furkan Toys,,https://www.trendyol.com/furkan-toys/cool-wheels-twist-led-isikli-3-tekerlekli-yukseklik-ayarli-pembe-scooter-p-6877586?boutiqueId=61&merchantId=408958,hepeğitim,92,966.91,,,0.1,TRY,"[""Kargo Bedava""]",InStock,100 adetten fazla stok sunulmuştur,,,4.6,7640,,0,1740,960 kişinin sepetinde,"67,7B kişi favoriledi",Son 24 saatte 774 kişi görüntüledi,,,0,,,,3 saat 55 dakika içinde sipariş verirsen en geç bugün kargoda!,,,{},0,,refreshed,"[""daily_top""]",true,2026-08-17T09:00:04+03:00,0,"[""search_result_dom"",""product_detail_jsonld"",""product_detail_dom""]","{""title"":""observed"",""brand"":""observed"",""seller_name"":""observed"",""seller_score"":""observed"",""price"":""observed"",""original_price"":""unavailable"",""campaigns"":""observed"",""stock_status"":""observed"",""stock_signal"":""observed"",""rating"":""observed"",""rating_count"":""observed"",""review_count"":""unavailable"",""question_count"":""observed"",""delivery_summary"":""observed"",""shipping_cost"":""unavailable"",""properties"":""observed""}",true,
2026-08-17,2026-08-17T09:00:04+03:00,çocuk,BEST_SELLER,cocuk-oyuncak,çocuk oyuncak,12,2,84,84,1,,17.2,12.8,1124472651,668887,"dekan toys Oyuncaklı Gölgelikli Bebek Botu, Bebek Simidi, Güneşten Koruyucu, Mavi",dekan toys,,https://www.trendyol.com/dekan-toys/oyuncakli-golgelikli-bebek-botu-bebek-simidi-gunesten-koruyucu-mavi-p-1124472651?boutiqueId=61&merchantId=668887,Dekan Toys,87,850,,,,TRY,"[""Kargo Bedava""]",InStock,100 adetten fazla stok sunulmuştur,,,3.9,139,,,81,798 kişinin sepetinde,"10,9B kişi favoriledi","Son 24 saatte 1,1B kişi görüntüledi",,,0,,,,14 saat 55 dakika içinde sipariş verirsen en geç yarın kargoda!,En Çok Satan 1. Ürün,,{},0,,refreshed,"[""daily_top""]",true,2026-08-17T09:00:04+03:00,0,"[""search_result_dom"",""product_detail_jsonld"",""product_detail_dom""]","{""title"":""observed"",""brand"":""observed"",""seller_name"":""observed"",""seller_score"":""observed"",""price"":""observed"",""original_price"":""unavailable"",""campaigns"":""observed"",""stock_status"":""observed"",""stock_signal"":""observed"",""rating"":""observed"",""rating_count"":""observed"",""review_count"":""unavailable"",""question_count"":""observed"",""delivery_summary"":""observed"",""shipping_cost"":""unavailable"",""properties"":""observed""}",true,
2026-08-17,2026-08-17T09:00:04+03:00,çocuk,BEST_SELLER,cocuk-oyuncak,çocuk oyuncak,13,2,85,85,,-12,14.2,15.8,1149737010,1230100,PAKİTO Minecraft Manyetik Küp Bloklar 108 Parça Temalı Yapı Seti 3 Boyutlu Renkli Mıknatıslı | Eğitici Zeka Geliştirici Oyuncak,PAKİTO,Eğitici Oyuncak,https://www.trendyol.com/pakito/minecraft-manyetik-kup-bloklar-108-parca-temali-yapi-seti-3-boyutlu-renkli-miknatisli-egitici-zeka-gelistirici-oyuncak-p-1149737010?boutiqueId=61&merchantId=1230100,LUMO STORE,91,1320.5,,,0,TRY,"[""Kargo Bedava"",""Peşin Fiyatına 3 Taksit""]",InStock,100 adetten fazla stok sunulmuştur,,,4.3,96,59,2,19,"1,5B kişinin sepetinde","13,2B kişi favoriledi","Son 24 saatte 1,1B kişi görüntüledi",4999,TRY,0,,1,3,4 saat 55 dakika içinde sipariş verirsen en geç bugün kargoda!,,https://cdn.dsmcdn.com/ty1903/prod/QC_ENRICHMENT/20260528/14/3de993a8-739a-3a17-9815-782c2cc092ee/1_org_zoom.jpg,"{""Paket İçeriği"":""1'li"",""Yaş"":""3+ Yaş"",""Piller Kutuya Dahil Mi?"":""Hayır"",""Dil"":""Türkçe"",""Pil ile mi çalışır?"":""Hayır"",""Diğer Özellikler"":""108 parçadan oluşan geniş yapı seti Birbirine kolayca tutunan manyetik küpler Farklı desenlerle çeşitli oyun alanları oluşturma imkânı İki ve üç boyutlu tasarımlar hazırlamaya uygun yapı Hayal gücünü ve yaratıcı düşünmeyi desteklemeye yardımcı oyun deneyimi El-göz koordinasyonu ve ince motor becerilerinin çalıştırılmasına yardımcı kullanım Şekilleri deneme, birleştirme ve denge kurma becerilerini destekleyen oyun yapısı Model kitapçığı sayesinde örnek tasarımlar oluşturma imkânı"",""Menşei"":""CN"",""Ürün Uyarıları (Oyuncak)"":""Ürün küçük parçalar içerdiğinden 36 aydan küçük çocuklar için uygun değildir. Küçük parçalar boğulma tehlikesi oluşturabilir. Parçalar ağıza sokulmamalı veya ısırılmamalıdır. Kırılmış, çatlamış, keskin kenar oluşmuş veya mıknatısı açığa çıkmış küpler kullanılmamalıdır. Mıknatısın yutulduğundan veya solunduğundan şüphelenilmesi hâlinde derhal tıbbi yardım alınmalıdır. Oyuncak yetişkin gözetiminde kullanılmalıdır. Tüm ambalaj malzemeleri çıkarılmadan ürün çocuğa verilmemelidir. Ürün su, ateş ve yüksek sıcaklıktan uzak tutulmalıdır. Ambalaj üzerindeki bilgiler referans amacıyla saklanmalıdır."",""Batarya Boyutu"":""Uygulanabilir Değil"",""Özellik"":""Mıknatıslı""}",20,5,refreshed,"[""daily_top""]",true,2026-08-17T09:00:04+03:00,0,"[""search_result_dom"",""product_detail_jsonld"",""product_detail_dom""]","{""title"":""observed"",""brand"":""observed"",""seller_name"":""observed"",""seller_score"":""observed"",""price"":""observed"",""original_price"":""unavailable"",""campaigns"":""observed"",""stock_status"":""observed"",""stock_signal"":""observed"",""rating"":""observed"",""rating_count"":""observed"",""review_count"":""observed"",""question_count"":""observed"",""delivery_summary"":""observed"",""shipping_cost"":""observed"",""properties"":""observed""}",true,
2026-08-17,2026-08-17T09:00:04+03:00,çocuk,BEST_SELLER,cocuk-oyuncak,çocuk oyuncak,14,2,86,86,,-4,61.8,0,756100197,357212,Go Toys Kurbağa Denge Ebeveyn Çocuk Etkileşimi Oyunu Eğitici Oyuncak Kutu Oyunu,Go Toys,Eğitici Oyuncak,https://www.trendyol.com/go-toys/kurbaga-denge-ebeveyn-cocuk-etkilesimi-oyunu-egitici-oyuncak-kutu-oyunu-p-756100197?boutiqueId=61&merchantId=357212,Shopist,9,111.3,159,30,-17.6,TRY,"[""Sepette %30 İndirim"",""Kargo Bedava""]",InStock,100 adetten fazla stok sunulmuştur,,,4.6,18629,9476,2,253,"1,3B kişinin sepetinde","253,9B kişi favoriledi",Son 24 saatte 635 kişi görüntüledi,4999,TRY,0,1,1,3,14 saat 55 dakika içinde sipariş verirsen en geç yarın kargoda!,,https://cdn.dsmcdn.com/ty1624/product/media/images/prod/PIM/20250115/10/5d9c4506-058d-4c57-92e4-bc1db1ae5409/1_org_zoom.jpg,"{""Paket İçeriği"":""50'li"",""Yaş"":""3+ Yaş"",""Piller Kutuya Dahil Mi?"":""Hayır"",""Dil"":""Evrensel Dil"",""Pil ile mi çalışır?"":""Hayır"",""Menşei"":""TR"",""Ürün Uyarıları (Oyuncak)"":""3 yaş üzeri"",""Batarya Türü"":""Lityum-iyon"",""Özellik"":""Normal""}",20,5,refreshed,"[""daily_top""]",true,2026-08-17T09:00:04+03:00,0,"[""search_result_dom"",""product_detail_jsonld"",""product_detail_dom""]","{""title"":""observed"",""brand"":""observed"",""seller_name"":""observed"",""seller_score"":""observed"",""price"":""observed"",""original_price"":""observed"",""campaigns"":""observed"",""stock_status"":""observed"",""stock_signal"":""observed"",""rating"":""observed"",""rating_count"":""observed"",""review_count"":""observed"",""question_count"":""observed"",""delivery_summary"":""observed"",""shipping_cost"":""observed"",""properties"":""observed""}",true,
2026-08-17,2026-08-17T09:00:04+03:00,çocuk,BEST_SELLER,cocuk-oyuncak,çocuk oyuncak,15,2,87,87,,-25,29.8,0.2,744257435,512325,Canestar Sevgiliye Özel Hediye Çilek Tavşan Özel Tasarım- Fermuarlı Yapısıyla Hem Çilek Hem de Tavşan,Canestar,,https://www.trendyol.com/canestar/sevgiliye-ozel-hediye-cilek-tavsan-ozel-tasarim-fermuarli-yapisiyla-hem-cilek-hem-de-tavsan-p-744257435?boutiqueId=61&merchantId=512325,Canestar,91,397.49,,,-0.4,TRY,"[""Kargo Bedava""]",InStock,100 adetten fazla stok sunulmuştur,,,4.3,5245,,0,391,2B kişinin sepetinde,"159,8B kişi favoriledi",Son 24 saatte 1B kişi görüntüledi,,,0,,,,2 saat 55 dakika içinde sipariş verirsen en geç bugün kargoda!,En Çok Favorilenen 1. Ürün,,{},0,,refreshed,"[""daily_top""]",true,2026-08-17T09:00:04+03:00,0,"[""search_result_dom"",""product_detail_jsonld"",""product_detail_dom""]","{""title"":""observed"",""brand"":""observed"",""seller_name"":""observed"",""seller_score"":""observed"",""price"":""observed"",""original_price"":""unavailable"",""campaigns"":""observed"",""stock_status"":""observed"",""stock_signal"":""observed"",""rating"":""observed"",""rating_count"":""observed"",""review_count"":""unavailable"",""question_count"":""observed"",""delivery_summary"":""observed"",""shipping_cost"":""unavailable"",""properties"":""observed""}",true,
2026-08-17,2026-08-17T09:00:04+03:00,çocuk,BEST_SELLER,cocuk-oyuncak,çocuk oyuncak,16,2,88,88,,,7.6,22.4,1157415951,397045,ADİL OYUNCAK 2 Adet Araba Eklentisi Manyetik Oyuncak - Mıknatıslı Manyetik Bloklar,ADİL OYUNCAK,Eğitici Oyuncak,https://www.trendyol.com/adil-oyuncak/2-adet-araba-eklentisi-manyetik-oyuncak-miknatisli-manyetik-bloklar-p-1157415951?boutiqueId=61&merchantId=397045,jetlegelsin,89,284.42,,,,TRY,"[""Sepette %2 İndirim"",""Kargo Bedava""]",InStock,100 adetten fazla stok sunulmuştur,,,4.4,16,8,,3,,,,4999,TRY,0,1,1,3,14 saat 55 dakika içinde sipariş verirsen en geç yarın kargoda!,,https://cdn.dsmcdn.com/ty1895/prod/QC_PREP/20260617/13/8aef0c54-f58f-315c-b22d-023807cc4f47/1_org_zoom.jpg,"{""Paket İçeriği"":""2'li"",""Yaş"":""3+ Yaş"",""Piller Kutuya Dahil Mi?"":""Hayır"",""Dil"":""Evrensel Dil"",""Pil ile mi çalışır?"":""Hayır"",""Menşei"":""TR""}",8,3.88,refreshed,"[""daily_top""]",true,2026-08-17T09:00:04+03:00,0,"[""search_result_dom"",""product_detail_jsonld"",""product_detail_dom""]","{""title"":""observed"",""brand"":""observed"",""seller_name"":""observed"",""seller_score"":""observed"",""price"":""observed"",""original_price"":""unavailable"",""campaigns"":""observed"",""stock_status"":""observed"",""stock_signal"":""observed"",""rating"":""observed"",""rating_count"":""observed"",""review_count"":""observed"",""question_count"":""observed"",""delivery_summary"":""observed"",""shipping_cost"":""observed"",""properties"":""observed""}",true,
2026-08-17,2026-08-17T09:00:04+03:00,çocuk,BEST_SELLER,cocuk-oyuncak,çocuk oyuncak,17,2,89,89,,-2,19.8,10.2,930525000,1292014,Genel Markalar Pilli Işıklı Köpük Tabancası Baloncuk Tabancası,Genel Markalar,,https://www.trendyol.com/genel-markalar/pilli-isikli-kopuk-tabancasi-baloncuk-tabancasi-p-930525000?boutiqueId=61&merchantId=1292014,ÜÇLER,2.1,299,,,0,TRY,"[""Kargo Bedava""]",InStock,100 adetten fazla stok sunulmuştur,,,3.5,300,,0,90,753 kişinin sepetinde,9B kişi favoriledi,Son 24 saatte 932 kişi görüntüledi,,,0,,,,14 saat 55 dakika içinde sipariş verirsen en geç yarın kargoda!,En Çok Ziyaret Edilen 2. Ürün,,{},0,,refreshed,"[""daily_top""]",true,2026-08-17T09:00:04+03:00,0,"[""search_result_dom"",""product_detail_jsonld"",""product_detail_dom""]","{""title"":""observed"",""brand"":""observed"",""seller_name"":""observed"",""seller_score"":""observed"",""price"":""observed"",""original_price"":""unavailable"",""campaigns"":""observed"",""stock_status"":""observed"",""stock_signal"":""observed"",""rating"":""observed"",""rating_count"":""observed"",""review_count"":""unavailable"",""question_count"":""observed"",""delivery_summary"":""observed"",""shipping_cost"":""unavailable"",""properties"":""observed""}",true,
2026-08-17,2026-08-17T09:00:04+03:00,çocuk,BEST_SELLER,cocuk-oyuncak,çocuk oyuncak,18,2,90,90,2,-65,15,15,43304618,397045,Genel Markalar Havuz Ve Deniz Makarnası,Genel Markalar,Deniz Malzemesi,https://www.trendyol.com/genel-markalar/havuz-ve-deniz-makarnasi-p-43304618?boutiqueId=61&merchantId=397045,jetlegelsin,89,73.41,,,46.8,TRY,"[""Sepette %1 İndirim"",""Kargo Bedava""]",InStock,100 adetten fazla stok sunulmuştur,,,4.3,144,75,0,64,676 kişinin sepetinde,"3,7B kişi favoriledi",,4999,TRY,0,1,1,3,5 saat 55 dakika içinde sipariş verirsen en geç bugün kargoda!,En Çok Satan 2. Ürün,https://cdn.dsmcdn.com/ty990/product/media/images/prod/SPM/PIM/20230826/00/90ed44d3-b738-3a88-9f6e-d0663be36792/1_org_zoom.jpg,"{""Renk"":""Turuncu"",""Yaş"":""4+ Yaş"",""Menşei"":""TR""}",20,5,refreshed,"[""daily_top"",""hot_change""]",true,2026-08-17T09:00:04+03:00,0,"[""search_result_dom"",""product_detail_jsonld"",""product_detail_dom""]","{""title"":""observed"",""brand"":""observed"",""seller_name"":""observed"",""seller_score"":""observed"",""price"":""observed"",""original_price"":""unavailable"",""campaigns"":""observed"",""stock_status"":""observed"",""stock_signal"":""observed"",""rating"":""observed"",""rating_count"":""observed"",""review_count"":""observed"",""question_count"":""observed"",""delivery_summary"":""observed"",""shipping_cost"":""observed"",""properties"":""observed""}",true,
2026-08-17,2026-08-17T09:00:04+03:00,çocuk,BEST_SELLER,cocuk-oyuncak,çocuk oyuncak,19,2,91,91,6,,18,12,884847125,109643,UNO Kart Oyunu W2087,UNO,Kutu Oyunu,https://www.trendyol.com/uno/kart-oyunu-w2087-p-884847125?boutiqueId=61&merchantId=109643,Rüya Gezegeni,89,49.9,,,,TRY,"[""Kargo Bedava"",""Son 10 Günün En Düşük Fiyatı"",""Trendyol Plus'a Özel""]",InStock,100 adetten fazla stok sunulmuştur,,,3.8,317,175,,52,666 kişinin sepetinde,"7,5B kişi favoriledi",Son 24 saatte 489 kişi görüntüledi,4999,TRY,0,1,1,3,1 saat 55 dakika içinde sipariş verirsen en geç bugün kargoda!,En Çok Satan 6. Ürün,https://cdn.dsmcdn.com/ty1605/prod/QC/20241127/02/a67cd4e3-081e-3338-a22d-711646ab1a9a/1_org_zoom.jpg,"{""Oyuncu Sayısı"":""2-8 Kişi"",""Yaş"":""7+ Yaş"",""Dil"":""Türkçe"",""Diğer Özellikler"":""+3 Yaş İçin Uygundur."",""Menşei"":""TR"",""Ürün Uyarıları (Oyuncak)"":""+3 Yaş İçin Uygundur."",""Özellik"":""Dikdörtgen""}",20,5,refreshed,"[""daily_top""]",true,2026-08-17T09:00:04+03:00,0,"[""search_result_dom"",""product_detail_jsonld"",""product_detail_dom""]","{""title"":""observed"",""brand"":""observed"",""seller_name"":""observed"",""seller_score"":""observed"",""price"":""observed"",""original_price"":""unavailable"",""campaigns"":""observed"",""stock_status"":""observed"",""stock_signal"":""observed"",""rating"":""observed"",""rating_count"":""observed"",""review_count"":""observed"",""question_count"":""observed"",""delivery_summary"":""observed"",""shipping_cost"":""observed"",""properties"":""observed""}",true,
2026-08-17,2026-08-17T09:00:04+03:00,çocuk,BEST_SELLER,cocuk-oyuncak,çocuk oyuncak,20,3,92,92,1,,12,18,842124506,109643,"Genel Markalar 1 Adet Mini Taş-kağıt-makas Oyunu Anahtarlık,parmak Oyuncağı,parti Hediye,stres Giderici Hediye",Genel Markalar,Oyuncak Bebek Aksesuarları,https://www.trendyol.com/genel-markalar/1-adet-mini-tas-kagit-makas-oyunu-anahtarlik-parmak-oyuncagi-parti-hediye-stres-giderici-hediye-p-842124506?boutiqueId=61&merchantId=109643,Rüya Gezegeni,89,22.5,,,,TRY,"[""Sepette %1 İndirim"",""Kargo Bedava""]",InStock,100 adetten fazla stok sunulmuştur,,,3.9,75,31,,37,,"7,1B kişi favoriledi",,4999,TRY,0,1,1,3,1 saat 55 dakika içinde sipariş verirsen en geç bugün kargoda!,En Çok Satan 1. Ürün,https://cdn.dsmcdn.com/ty1928/prod/QC_ENRICHMENT/20260510/16/daca6a0a-bcdc-332f-8b09-eab2c578cc5e/1_org_zoom.jpg,"{""Renk"":""Pembe"",""Yaş"":""3+ Yaş"",""Dil"":""Türkçe"",""Piller Kutuya Dahil Mi?"":""Hayır"",""Pil ile mi çalışır?"":""Hayır"",""Menşei"":""CN"",""Ürün Uyarıları (Oyuncak)"":""36 aydan küçük çocuklar için uygun değildir.""}",20,4.85,refreshed,"[""daily_top""]",true,2026-08-17T09:00:04+03:00,0,"[""search_result_dom"",""product_detail_jsonld"",""product_detail_dom""]","{""title"":""observed"",""brand"":""observed"",""seller_name"":""observed"",""seller_score"":""observed"",""price"":""observed"",""original_price"":""unavailable"",""campaigns"":""observed"",""stock_status"":""observed"",""stock_signal"":""observed"",""rating"":""observed"",""rating_count"":""observed"",""review_count"":""observed"",""question_count"":""observed"",""delivery_summary"":""observed"",""shipping_cost"":""observed"",""properties"":""observed""}",true,
2026-08-17,2026-08-17T09:00:04+03:00,çocuk,BEST_SELLER,cocuk-oyuncak,çocuk oyuncak,21,3,93,93,,57,16.2,13.8,1078840935,885057,TUMU LIFE Çocuklar Için Atlama Zıplama Oyuncağı Boy Uzatıcı Eğitici Fiziksel Ve Zihinsel Geliştirici Spor Oyun,TUMU LIFE,Eğitici Oyuncak,https://www.trendyol.com/tumu-life/cocuklar-icin-atlama-ziplama-oyuncagi-boy-uzatici-egitici-fiziksel-ve-zihinsel-gelistirici-spor-oyun-p-1078840935?boutiqueId=61&merchantId=885057,Aygoren Home,92,199.9,,,0,TRY,"[""Kargo Bedava""]",InStock,100 adetten fazla stok sunulmuştur,,,4.3,238,104,0,76,"1,3B kişinin sepetinde","20,2B kişi favoriledi",Son 24 saatte 920 kişi görüntüledi,4999,TRY,0,,1,3,1 saat 55 dakika içinde sipariş verirsen en geç bugün kargoda!,,https://cdn.dsmcdn.com/ty1854/prod/QC_ENRICHMENT/20260416/10/97c5ab3f-38ff-38f3-848f-e6ff43d4948f/1_org_zoom.jpg,"{""Paket İçeriği"":""1'li"",""Yaş"":""7+ Yaş"",""Piller Kutuya Dahil Mi?"":""Belirtilmemiş"",""Dil"":""Türkçe"",""Pil ile mi çalışır?"":""Hayır"",""Menşei"":""CN""}",20,5,refreshed,"[""daily_top"",""hot_change""]",true,2026-08-17T09:00:04+03:00,0,"[""search_result_dom"",""product_detail_jsonld"",""product_detail_dom""]","{""title"":""observed"",""brand"":""observed"",""seller_name"":""observed"",""seller_score"":""observed"",""price"":""observed"",""original_price"":""unavailable"",""campaigns"":""observed"",""stock_status"":""observed"",""stock_signal"":""observed"",""rating"":""observed"",""rating_count"":""observed"",""review_count"":""observed"",""question_count"":""observed"",""delivery_summary"":""observed"",""shipping_cost"":""observed"",""properties"":""observed""}",true,
2026-08-17,2026-08-17T09:00:04+03:00,çocuk,BEST_SELLER,cocuk-oyuncak,çocuk oyuncak,22,3,94,94,,-25,23.4,6.6,137975483,104968,Dolu Su Ve Kum Aktivite Masası Kırmızı 3070,Dolu,Plaj Oyuncakları,https://www.trendyol.com/dolu/su-ve-kum-aktivite-masasi-kirmizi-3070-p-137975483?boutiqueId=61&merchantId=104968,Happy Center,92,1676.99,,,0,TRY,"[""50 TL Kupon"",""Kargo Bedava"",""Peşin Fiyatına 3 Taksit""]",InStock,100 adetten fazla stok sunulmuştur,,,4.7,1610,837,0,415,"1,7B kişinin sepetinde","76,6B kişi favoriledi",Son 24 saatte 784 kişi görüntüledi,4999,TRY,0,1,1,3,2 saat 55 dakika içinde sipariş verirsen en geç bugün kargoda!,En Çok Ziyaret Edilen 1. Ürün,https://cdn.dsmcdn.com/ty170/product/media/images/20210901/18/124687722/235702026/1/1_org_zoom.jpg,"{""Renk"":""Mavi"",""Paket İçeriği"":""1'li"",""Yaş"":""3 - 4 Yaş"",""Menşei"":""TR"",""Özellik"":""Suya Dayanıklı""}",20,5,refreshed,"[""daily_top""]",true,2026-08-17T09:00:04+03:00,0,"[""search_result_dom"",""product_detail_jsonld"",""product_detail_dom""]","{""title"":""observed"",""brand"":""observed"",""seller_name"":""observed"",""seller_score"":""observed"",""price"":""observed"",""original_price"":""unavailable"",""campaigns"":""observed"",""stock_status"":""observed"",""stock_signal"":""observed"",""rating"":""observed"",""rating_count"":""observed"",""review_count"":""observed"",""question_count"":""observed"",""delivery_summary"":""observed"",""shipping_cost"":""observed"",""properties"":""observed""}",true,
2026-08-17,2026-08-17T09:00:04+03:00,çocuk,BEST_SELLER,cocuk-oyuncak,çocuk oyuncak,23,3,95,95,,,11,19,951743329,109643,PapatyamPartiEvi Parlayan Led Işıklı Uçan Sapan Fırıldak - Eğlencenin Işıkla Buluşması!,PapatyamPartiEvi,Eğitici Oyuncak,https://www.trendyol.com/papatyampartievi/parlayan-led-isikli-ucan-sapan-firildak-eglencenin-isikla-bulusmasi-p-951743329?boutiqueId=61&merchantId=109643,Rüya Gezegeni,89,32,,,,TRY,"[""Sepette %1 İndirim"",""Kargo Bedava""]",InStock,10 adetten fazla stok sunulmuştur,,,3.5,51,23,,20,837 kişinin sepetinde,"3,6B kişi favoriledi",Son 24 saatte 335 kişi görüntüledi,4999,TRY,0,,1,3,14 saat 55 dakika içinde sipariş verirsen en geç yarın kargoda!,,https://cdn.dsmcdn.com/ty1702/prod/QC_PREP/20250701/21/bac26b00-89e0-3afd-9c46-e02b994562f4/1_org_zoom.jpg,"{""Paket İçeriği"":""1'li"",""Yaş"":""2+ Yaş"",""Piller Kutuya Dahil Mi?"":""Belirtilmemiş"",""Dil"":""Türkçe"",""Pil ile mi çalışır?"":""Evet"",""Menşei"":""CN"",""Ürün Uyarıları (Oyuncak)"":""3 yaş üzeri"",""Batarya Türü"":""Lityum-iyon"",""Özellik"":""Normal""}",20,3.2,refreshed,"[""daily_top""]",true,2026-08-17T09:00:04+03:00,0,"[""search_result_dom"",""product_detail_jsonld"",""product_detail_dom""]","{""title"":""observed"",""brand"":""observed"",""seller_name"":""observed"",""seller_score"":""observed"",""price"":""observed"",""original_price"":""unavailable"",""campaigns"":""observed"",""stock_status"":""observed"",""stock_signal"":""observed"",""rating"":""observed"",""rating_count"":""observed"",""review_count"":""observed"",""question_count"":""observed"",""delivery_summary"":""observed"",""shipping_cost"":""observed"",""properties"":""observed""}",true,
2026-08-17,2026-08-17T09:00:04+03:00,çocuk,BEST_SELLER,cocuk-oyuncak,çocuk oyuncak,24,3,96,96,,-25,25.3,4.7,767102785,1135810,"Kayyum Oyuncak Söktak Eğlenceli, Stres ve Anksiyete giderici Montessori Tırtıl Oyuncağı Renkli",Kayyum Oyuncak,Eğitici Oyuncak,https://www.trendyol.com/kayyum-oyuncak/soktak-eglenceli-stres-ve-anksiyete-giderici-montessori-tirtil-oyuncagi-renkli-p-767102785?boutiqueId=61&merchantId=1135810,MK TOYS,88,134.99,,,0,TRY,"[""Kargo Bedava""]",InStock,100 adetten fazla stok sunulmuştur,,,4.7,2525,1455,2,228,725 kişinin sepetinde,"41,9B kişi favoriledi",Son 24 saatte 353 kişi görüntüledi,4999,TRY,0,,1,3,14 saat 55 dakika içinde sipariş verirsen en geç yarın kargoda!,,https://cdn.dsmcdn.com/ty1009/product/media/images/prod/SPM/PIM/20231003/11/603eb426-a93a-3fb0-adbd-e2033fd094c2/1_org_zoom.jpg,"{""Paket İçeriği"":""1'li"",""Yaş"":""3+ Yaş"",""Piller Kutuya Dahil Mi?"":""Hayır"",""Dil"":""Evrensel Dil"",""Pil ile mi çalışır?"":""Hayır"",""Menşei"":""CN""}",20,5,refreshed,"[""daily_top""]",true,2026-08-17T09:00:04+03:00,0,"[""search_result_dom"",""product_detail_jsonld"",""product_detail_dom""]","{""title"":""observed"",""brand"":""observed"",""seller_name"":""observed"",""seller_score"":""observed"",""price"":""observed"",""original_price"":""unavailable"",""campaigns"":""observed"",""stock_status"":""observed"",""stock_signal"":""observed"",""rating"":""observed"",""rating_count"":""observed"",""review_count"":""observed"",""question_count"":""observed"",""delivery_summary"":""observed"",""shipping_cost"":""observed"",""properties"":""observed""}",true,
2026-08-17,2026-08-17T09:00:04+03:00,çocuk,BEST_SELLER,cocuk-oyuncak,çocuk oyuncak,25,3,97,97,,,41.4,8.6,1043614871,1047741,Magly Ball Run Parkur Oyunu – Çocuklar İçin Renkli 3 Boyutlu 101 Parça Yapı Seti - Manyetikler ve Yollar,Magly,Eğitici Oyuncak,https://www.trendyol.com/magly/ball-run-parkur-oyunu-cocuklar-icin-renkli-3-boyutlu-101-parca-yapi-seti-manyetikler-ve-yollar-p-1043614871?boutiqueId=61&merchantId=1047741,Magly,,2356,2945,20,,TRY,"[""Sepette %20 İndirim"",""Kargo Bedava"",""Peşin Fiyatına 3 Taksit""]",InStock,100 adetten fazla stok sunulmuştur,,,4.6,1299,477,,391,"2,5B kişinin sepetinde","127,2B kişi favoriledi","Son 24 saatte 1,9B kişi görüntüledi",4999,TRY,0,,1,3,5 saat 55 dakika içinde sipariş verirsen en geç bugün kargoda!,,https://cdn.dsmcdn.com/ty1927/prod/QC_ENRICHMENT/20260721/09/acdc0338-2d13-3c1b-a642-49ecc363c67d/1_org_zoom.jpg,"{""Paket İçeriği"":""100'lü"",""Yaş"":""3+ Yaş"",""Piller Kutuya Dahil Mi?"":""Hayır"",""Dil"":""Evrensel Dil"",""Pil ile mi çalışır?"":""Hayır"",""Menşei"":""TR"",""Ürün Uyarıları (Oyuncak)"":""Küçük parçalar içerir.; 3 yaşından küçük çocuklar için uygun değildir.; Ürün özellikleri, renk ve içerik ambalajdaki görsellerden farklılık gösterebilir."",""Özellik"":""Mıknatıslı""}",20,5,refreshed,"[""daily_top""]",true,2026-08-17T09:00:04+03:00,0,"[""search_result_dom"",""product_detail_jsonld"",""product_detail_dom""]","{""title"":""observed"",""brand"":""observed"",""seller_name"":""observed"",""seller_score"":""unavailable"",""price"":""observed"",""original_price"":""observed"",""campaigns"":""observed"",""stock_status"":""observed"",""stock_signal"":""observed"",""rating"":""observed"",""rating_count"":""observed"",""review_count"":""observed"",""question_count"":""observed"",""delivery_summary"":""observed"",""shipping_cost"":""observed"",""properties"":""observed""}",true,
2026-08-17,2026-08-17T09:00:04+03:00,çocuk,BEST_SELLER,cocuk-oyuncak,çocuk oyuncak,26,3,98,98,1,29,26.9,3.1,80019495,752303,Genel Markalar Full Fonksiyon Uzaktan Kumandalı Pilli Panter Yarış Arabası,Genel Markalar,,https://www.trendyol.com/genel-markalar/full-fonksiyon-uzaktan-kumandali-pilli-panter-yaris-arabasi-p-80019495?boutiqueId=61&merchantId=752303,KİNKU,94,349.9,,,0,TRY,"[""Kargo Bedava""]",InStock,100 adetten fazla stok sunulmuştur,,,3.3,2300,,0,746,"1,2B kişinin sepetinde","41,1B kişi favoriledi",Son 24 saatte 867 kişi görüntüledi,,,0,,,,14 saat 55 dakika içinde sipariş verirsen en geç yarın kargoda!,En Çok Satan 1. Ürün,,{},0,,refreshed,"[""daily_top""]",true,2026-08-17T09:00:04+03:00,0,"[""search_result_dom"",""product_detail_jsonld"",""product_detail_dom""]","{""title"":""observed"",""brand"":""observed"",""seller_name"":""observed"",""seller_score"":""observed"",""price"":""observed"",""original_price"":""unavailable"",""campaigns"":""observed"",""stock_status"":""observed"",""stock_signal"":""observed"",""rating"":""observed"",""rating_count"":""observed"",""review_count"":""unavailable"",""question_count"":""observed"",""delivery_summary"":""observed"",""shipping_cost"":""unavailable"",""properties"":""observed""}",true,
2026-08-17,2026-08-17T09:00:04+03:00,çocuk,BEST_SELLER,cocuk-oyuncak,çocuk oyuncak,27,3,99,99,,,18,22,1164492787,190370,Brother Toys Şarjlı Kukuli Telefon Pro Max Dokunmatik 500+ Fonksiyonlu Türkçe Sesli Işıklı Müzikli Lisanslı,Brother Toys,Eğitici Oyuncak,https://www.trendyol.com/brother-toys/sarjli-kukuli-telefon-pro-max-dokunmatik-500-fonksiyonlu-turkce-sesli-isikli-muzikli-lisansli-p-1164492787?boutiqueId=61&merchantId=190370,BROTHERTOYS,92,442.69,491.88,10,,TRY,"[""Kargo Bedava""]",InStock,100 adetten fazla stok sunulmuştur,,,4.8,15,9,,10,,"3,3B kişi favoriledi",Son 24 saatte 670 kişi görüntüledi,4999,TRY,0,,1,3,4 saat 55 dakika içinde sipariş verirsen en geç bugün kargoda!,,https://cdn.dsmcdn.com/ty1934/prod/QC_PREP/20260704/13/1b547b14-c1cd-30d6-af0c-6bd7f5da71af/1_org_zoom.jpg,"{""Paket İçeriği"":""2'li"",""Yaş"":""2+ Yaş"",""Piller Kutuya Dahil Mi?"":""Hayır"",""Dil"":""Türkçe"",""Pil ile mi çalışır?"":""Evet"",""Menşei"":""TR"",""Batarya Türü"":""Diğer"",""Batarya Boyutu"":""Uygulanabilir Değil"",""Özellik"":""Fonksiyonlu""}",9,4.67,refreshed,"[""daily_top""]",true,2026-08-17T09:00:04+03:00,0,"[""search_result_dom"",""product_detail_jsonld"",""product_detail_dom""]","{""title"":""observed"",""brand"":""observed"",""seller_name"":""observed"",""seller_score"":""observed"",""price"":""observed"",""original_price"":""observed"",""campaigns"":""observed"",""stock_status"":""observed"",""stock_signal"":""observed"",""rating"":""observed"",""rating_count"":""observed"",""review_count"":""observed"",""question_count"":""observed"",""delivery_summary"":""observed"",""shipping_cost"":""observed"",""properties"":""observed""}",true,
2026-08-17,2026-08-17T09:00:04+03:00,çocuk,BEST_SELLER,cocuk-oyuncak,çocuk oyuncak,28,3,100,100,5,,22.8,7.2,672028176,1163586,Scooter Magic Wheels Işıklı 3 Tekerlekli Twist Çocuk,Scooter,,https://www.trendyol.com/scooter/magic-wheels-isikli-3-tekerlekli-twist-cocuk-p-672028176?boutiqueId=61&merchantId=1163586,TOYZİTOYS OYUNCAK,85,889,,,,TRY,"[""Kargo Bedava""]",InStock,100 adetten fazla stok sunulmuştur,,,3.9,712,,,277,1B kişinin sepetinde,"18,2B kişi favoriledi",Son 24 saatte 799 kişi görüntüledi,,,0,,,,14 saat 55 dakika içinde sipariş verirsen en geç yarın kargoda!,En Çok Satan 5. Ürün,,{},0,,refreshed,"[""daily_top""]",true,2026-08-17T09:00:04+03:00,0,"[""search_result_dom"",""product_detail_jsonld"",""product_detail_dom""]","{""title"":""observed"",""brand"":""observed"",""seller_name"":""observed"",""seller_score"":""observed"",""price"":""observed"",""original_price"":""unavailable"",""campaigns"":""observed"",""stock_status"":""observed"",""stock_signal"":""observed"",""rating"":""observed"",""rating_count"":""observed"",""review_count"":""unavailable"",""question_count"":""observed"",""delivery_summary"":""observed"",""shipping_cost"":""unavailable"",""properties"":""observed""}",true,
2026-08-17,2026-08-17T09:00:04+03:00,çocuk,BEST_SELLER,cocuk-oyuncak,çocuk oyuncak,29,3,101,101,,85,19,11,236434320,1210766,Diytoy Bebeğimin Ilk Zeka Kartları Set-1 / 0-6 Ay,Diytoy,Eğitici Oyuncak,https://www.trendyol.com/diytoy/bebegimin-ilk-zeka-kartlari-set-1-0-6-ay-p-236434320?boutiqueId=61&merchantId=1210766,The Monarch Co,97,197.99,,,0,TRY,"[""Kargo Bedava""]",InStock,10 adetten fazla stok sunulmuştur,,,4.6,514,235,-2,30,580 kişinin sepetinde,"27,1B kişi favoriledi",Son 24 saatte 478 kişi görüntüledi,4999,TRY,0,1,1,3,4 saat 55 dakika içinde sipariş verirsen en geç bugün kargoda!,,https://cdn.dsmcdn.com/ty1526/product/media/images/prod/QC/20240904/17/df166db1-95b9-3e50-bec2-d98db87ab204/1_org_zoom.jpg,"{""Paket İçeriği"":""15'li"",""Yaş"":""0 - 1 Yaş"",""Piller Kutuya Dahil Mi?"":""Hayır"",""Dil"":""Türkçe"",""Pil ile mi çalışır?"":""Hayır"",""Menşei"":""TR""}",20,5,refreshed,"[""daily_top"",""hot_change""]",true,2026-08-17T09:00:04+03:00,0,"[""search_result_dom"",""product_detail_jsonld"",""product_detail_dom""]","{""title"":""observed"",""brand"":""observed"",""seller_name"":""observed"",""seller_score"":""observed"",""price"":""observed"",""original_price"":""unavailable"",""campaigns"":""observed"",""stock_status"":""observed"",""stock_signal"":""observed"",""rating"":""observed"",""rating_count"":""observed"",""review_count"":""observed"",""question_count"":""observed"",""delivery_summary"":""observed"",""shipping_cost"":""observed"",""properties"":""observed""}",true,
2026-08-17,2026-08-17T09:00:04+03:00,çocuk,BEST_SELLER,cocuk-oyuncak,çocuk oyuncak,30,3,102,102,,62,12.5,17.5,1150103627,600595,Miro Toys Zürafa Figürlü Tutacaklı Oturaklı Çocuk Deniz Simidi,Miro Toys,Deniz Malzemesi,https://www.trendyol.com/miro-toys/zurafa-figurlu-tutacakli-oturakli-cocuk-deniz-simidi-p-1150103627?boutiqueId=61&merchantId=600595,ads Street,87,187.2,,,-30.1,TRY,"[""Kargo Bedava"",""Trendyol Plus'a Özel""]",InStock,100 adetten fazla stok sunulmuştur,,,4.2,56,36,1,38,799 kişinin sepetinde,"4,2B kişi favoriledi",Son 24 saatte 748 kişi görüntüledi,4999,TRY,0,,1,3,6 saat 55 dakika içinde sipariş verirsen en geç bugün kargoda!,En Çok Ziyaret Edilen 2. Ürün,https://cdn.dsmcdn.com/ty1909/prod/QC_ENRICHMENT/20260622/20/ffd5b301-2509-3f62-8309-299137265f17/1_org_zoom.jpg,"{""Renk"":""Sarı"",""Yaş"":""3+ Yaş"",""Menşei"":""CN""}",20,5,refreshed,"[""daily_top"",""hot_change""]",true,2026-08-17T09:00:04+03:00,0,"[""search_result_dom"",""product_detail_jsonld"",""product_detail_dom""]","{""title"":""observed"",""brand"":""observed"",""seller_name"":""observed"",""seller_score"":""observed"",""price"":""observed"",""original_price"":""unavailable"",""campaigns"":""observed"",""stock_status"":""observed"",""stock_signal"":""observed"",""rating"":""observed"",""rating_count"":""observed"",""review_count"":""observed"",""question_count"":""observed"",""delivery_summary"":""observed"",""shipping_cost"":""observed"",""properties"":""observed""}",true,
2026-08-17,2026-08-17T09:00:04+03:00,çocuk,BEST_SELLER,cocuk-oyuncak,çocuk oyuncak,31,3,103,103,2,,8.9,21.1,1152263081,333110,Janissary Bubble 12 Adet Köpük Baloncuk Seti – Çocuklar İçin Eğlenceli ve Güvenli Balon Oyuncağı | Karışık Desenli 12’li Pake,Janissary,Bahçe Oyuncakları,https://www.trendyol.com/janissary/bubble-12-adet-kopuk-baloncuk-seti-cocuklar-icin-eglenceli-ve-guvenli-balon-oyuncagi-karisik-desenli-12-li-pake-p-1152263081?boutiqueId=61&merchantId=333110,Atlantik,86,125,,,,TRY,"[""Kargo Bedava""]",InStock,100 adetten fazla stok sunulmuştur,,,2.6,16,12,,2,,1B kişi favoriledi,,4999,TRY,0,1,1,3,14 saat 55 dakika içinde sipariş verirsen en geç yarın kargoda!,En Çok Satan 2. Ürün,https://cdn.dsmcdn.com/ty1913/prod/QC_PREP/20260603/10/5266055b-3094-3805-ad6e-f66e9ca3e9df/1_org_zoom.jpg,"{""Yaş"":""3+ Yaş"",""Menşei"":""TR""}",12,1.75,refreshed,"[""daily_top""]",true,2026-08-17T09:00:04+03:00,0,"[""search_result_dom"",""product_detail_jsonld"",""product_detail_dom""]","{""title"":""observed"",""brand"":""observed"",""seller_name"":""observed"",""seller_score"":""observed"",""price"":""observed"",""original_price"":""unavailable"",""campaigns"":""observed"",""stock_status"":""observed"",""stock_signal"":""observed"",""rating"":""observed"",""rating_count"":""observed"",""review_count"":""observed"",""question_count"":""observed"",""delivery_summary"":""observed"",""shipping_cost"":""observed"",""properties"":""observed""}",true,
2026-08-17,2026-08-17T09:00:04+03:00,çocuk,BEST_SELLER,cocuk-oyuncak,çocuk oyuncak,32,3,104,104,2,25,24.5,8.5,4128440,107786,Intex 3 Boğumlu Sunset Bebek Havuz 86*25cm 58924,Intex,Şişme Çocuk Havuzu & Aksesuarı,https://www.trendyol.com/intex/3-bogumlu-sunset-bebek-havuz-86-25cm-58924-p-4128440?boutiqueId=61&merchantId=107786,Wise,89,333.97,344.3,3,0,TRY,"[""Sepette %3 İndirim"",""Kargo Bedava""]",InStock,100 adetten fazla stok sunulmuştur,,,4.6,990,486,1,168,"1,4B kişinin sepetinde","30,1B kişi favoriledi",Son 24 saatte 639 kişi görüntüledi,4999,TRY,0,1,1,3,3 saat 55 dakika içinde sipariş verirsen en geç bugün kargoda!,En Çok Satan 2. Ürün,https://cdn.dsmcdn.com/ty1639/prod/QC/20250219/09/2bb19103-5a67-344c-96bb-75f59b2908bc/1_org_zoom.jpg,"{""Genişlik"":""86 cm"",""Derinlik"":""86 cm"",""Yükseklik"":""86 cm"",""Paket İçeriği"":""1'li"",""Pompa Durumu"":""Pompa dahil değildir"",""Yaş"":""1+ Yaş"",""Menşei"":""TR"",""Renk"":""Beyaz""}",20,5,refreshed,"[""daily_top""]",true,2026-08-17T09:00:04+03:00,0,"[""search_result_dom"",""product_detail_jsonld"",""product_detail_dom""]","{""title"":""observed"",""brand"":""observed"",""seller_name"":""observed"",""seller_score"":""observed"",""price"":""observed"",""original_price"":""observed"",""campaigns"":""observed"",""stock_status"":""observed"",""stock_signal"":""observed"",""rating"":""observed"",""rating_count"":""observed"",""review_count"":""observed"",""question_count"":""observed"",""delivery_summary"":""observed"",""shipping_cost"":""observed"",""properties"":""observed""}",true,
2026-08-17,2026-08-17T09:00:04+03:00,çocuk,BEST_SELLER,cocuk-oyuncak,çocuk oyuncak,33,3,105,105,,,23,7,125374073,246399,Genel Markalar Nostaljik El Atarisi Tetris Atari,Genel Markalar,Eğitici Oyuncak,https://www.trendyol.com/genel-markalar/nostaljik-el-atarisi-tetris-atari-p-125374073?boutiqueId=61&merchantId=246399,Koza Gift,88,90,,,,TRY,"[""Sepette %1 İndirim"",""15 TL Kupon"",""Kargo Bedava"",""Trendyol Plus'a Özel""]",InStock,100 adetten fazla stok sunulmuştur,,,3.6,1260,744,,36,410 kişinin sepetinde,"3,5B kişi favoriledi",Son 24 saatte 309 kişi görüntüledi,4999,TRY,0,,1,3,2 saat 55 dakika içinde sipariş verirsen en geç bugün kargoda!,,https://cdn.dsmcdn.com/ty1666/prod/QC/20250421/22/a89d7d84-c782-3cab-bbcf-c6c22a955e5a/1_org_zoom.jpg,"{""Paket İçeriği"":""1'li"",""Yaş"":""10+ Yaş"",""Piller Kutuya Dahil Mi?"":""Evet"",""Dil"":""İngilizce"",""Pil ile mi çalışır?"":""Evet"",""Menşei"":""TR"",""Özellik"":""Diğer"",""Renk"":""Siyah""}",20,5,refreshed,"[""daily_top""]",true,2026-08-17T09:00:04+03:00,0,"[""search_result_dom"",""product_detail_jsonld"",""product_detail_dom""]","{""title"":""observed"",""brand"":""observed"",""seller_name"":""observed"",""seller_score"":""observed"",""price"":""observed"",""original_price"":""unavailable"",""campaigns"":""observed"",""stock_status"":""observed"",""stock_signal"":""observed"",""rating"":""observed"",""rating_count"":""observed"",""review_count"":""observed"",""question_count"":""observed"",""delivery_summary"":""observed"",""shipping_cost"":""observed"",""properties"":""observed""}",true,
2026-08-17,2026-08-17T09:00:04+03:00,çocuk,BEST_SELLER,cocuk-oyuncak,çocuk oyuncak,34,3,106,106,,-9,50.5,9.5,928301266,357212,Go Toys Pag Tag Bultak Geometrik Şekiller Motor Beceri Geliştirici Eğitici Oyuncak Bebek Aktivite Oyuncağı,Go Toys,Eğitici Oyuncak,https://www.trendyol.com/go-toys/pag-tag-bultak-geometrik-sekiller-motor-beceri-gelistirici-egitici-oyuncak-bebek-aktivite-oyuncagi-p-928301266?boutiqueId=61&merchantId=357212,Shopist,9,104.65,149.5,30,-17.6,TRY,"[""Sepette %30 İndirim"",""Kargo Bedava""]",InStock,100 adetten fazla stok sunulmuştur,,,4.6,686,365,1,19,1B kişinin sepetinde,"19,3B kişi favoriledi",Son 24 saatte 393 kişi görüntüledi,4999,TRY,0,,1,3,1 saat 55 dakika içinde sipariş verirsen en geç bugün kargoda!,,https://cdn.dsmcdn.com/ty1665/prod/QC/20250418/13/60784edd-bda7-31a5-8ac4-cd25f15587ed/1_org_zoom.jpg,"{""Paket İçeriği"":""Belirtilmemiş"",""Yaş"":""1+ Yaş"",""Piller Kutuya Dahil Mi?"":""Hayır"",""Dil"":""Evrensel Dil"",""Pil ile mi çalışır?"":""Hayır"",""Menşei"":""TR""}",20,5,refreshed,"[""daily_top""]",true,2026-08-17T09:00:04+03:00,0,"[""search_result_dom"",""product_detail_jsonld"",""product_detail_dom""]","{""title"":""observed"",""brand"":""observed"",""seller_name"":""observed"",""seller_score"":""observed"",""price"":""observed"",""original_price"":""observed"",""campaigns"":""observed"",""stock_status"":""observed"",""stock_signal"":""observed"",""rating"":""observed"",""rating_count"":""observed"",""review_count"":""observed"",""question_count"":""observed"",""delivery_summary"":""observed"",""shipping_cost"":""observed"",""properties"":""observed""}",true,
2026-08-17,2026-08-17T09:00:04+03:00,çocuk,BEST_SELLER,cocuk-oyuncak,çocuk oyuncak,35,3,107,107,,,43.9,6.1,875717599,1047741,Magly Manyetik Yapı Blokları – Çocuklar Için Renkli 3 Boyutlu 36 Parça Manyetik Karo Oyun Seti,Magly,Eğitici Oyuncak,https://www.trendyol.com/magly/manyetik-yapi-bloklari-cocuklar-icin-renkli-3-boyutlu-36-parca-manyetik-karo-oyun-seti-p-875717599?boutiqueId=61&merchantId=1047741,Magly,,1236,1545,20,,TRY,"[""Sepette %20 İndirim"",""Kargo Bedava"",""Peşin Fiyatına 3 Taksit"",""Son 10 Günün En Düşük Fiyatı""]",InStock,100 adetten fazla stok sunulmuştur,,,4.7,1871,963,,262,"2,5B kişinin sepetinde","177,2B kişi favoriledi","Son 24 saatte 1,5B kişi görüntüledi",4999,TRY,0,1,1,3,5 saat 55 dakika içinde sipariş verirsen en geç bugün kargoda!,En Çok Favorilenen 4. Ürün,https://cdn.dsmcdn.com/ty1603/prod/QC/20241118/16/5a5a1ad9-65ef-318e-8e92-98a887cd504d/1_org_zoom.jpg,"{""Paket İçeriği"":""36'lı"",""Yaş"":""3+ Yaş"",""Piller Kutuya Dahil Mi?"":""Hayır"",""Dil"":""Evrensel Dil"",""Pil ile mi çalışır?"":""Hayır"",""Menşei"":""TR"",""Ürün Uyarıları (Oyuncak)"":""LEGO"",""Batarya Türü"":""Diğer"",""Özellik"":""Diğer""}",20,5,refreshed,"[""daily_top""]",true,2026-08-17T09:00:04+03:00,0,"[""search_result_dom"",""product_detail_jsonld"",""product_detail_dom""]","{""title"":""observed"",""brand"":""observed"",""seller_name"":""observed"",""seller_score"":""unavailable"",""price"":""observed"",""original_price"":""observed"",""campaigns"":""observed"",""stock_status"":""observed"",""stock_signal"":""observed"",""rating"":""observed"",""rating_count"":""observed"",""review_count"":""observed"",""question_count"":""observed"",""delivery_summary"":""observed"",""shipping_cost"":""observed"",""properties"":""observed""}",true,
2026-08-17,2026-08-17T09:00:04+03:00,çocuk,BEST_SELLER,cocuk-oyuncak,çocuk oyuncak,36,3,108,108,7,,25.6,4.4,72392826,815717,Genel Markalar Ahşap Kızma Birader Kutu Oyunu,Genel Markalar,Kutu Oyunu,https://www.trendyol.com/genel-markalar/ahsap-kizma-birader-kutu-oyunu-p-72392826?boutiqueId=61&merchantId=815717,KOLAY TİCARET,89,128,,,,TRY,"[""Kargo Bedava""]",InStock,100 adetten fazla stok sunulmuştur,,,4.4,3008,1572,,249,898 kişinin sepetinde,"73,8B kişi favoriledi",Son 24 saatte 426 kişi görüntüledi,4999,TRY,0,1,1,3,14 saat 55 dakika içinde sipariş verirsen en geç yarın kargoda!,En Çok Satan 7. Ürün,https://cdn.dsmcdn.com/ty1555/product/media/images/ty1555/prod/QC/20240918/09/f2024af7-0b17-3e8c-9a02-729b7e3e7fc7/1_org_zoom.jpg,"{""Oyuncu Sayısı"":""2-4 Kişi"",""Yaş"":""1+ Yaş"",""Dil"":""Türkçe"",""Diğer Özellikler"":""Plastik"",""Menşei"":""UM"",""Ürün Uyarıları (Oyuncak)"":""1 Yaş Altı Çocuklar İçin Uygun Değildir"",""Özellik"":""Uzun""}",20,5,refreshed,"[""daily_top""]",true,2026-08-17T09:00:04+03:00,0,"[""search_result_dom"",""product_detail_jsonld"",""product_detail_dom""]","{""title"":""observed"",""brand"":""observed"",""seller_name"":""observed"",""seller_score"":""observed"",""price"":""observed"",""original_price"":""unavailable"",""campaigns"":""observed"",""stock_status"":""observed"",""stock_signal"":""observed"",""rating"":""observed"",""rating_count"":""observed"",""review_count"":""observed"",""question_count"":""observed"",""delivery_summary"":""observed"",""shipping_cost"":""observed"",""properties"":""observed""}",true,
2026-08-17,2026-08-17T09:00:04+03:00,çocuk,BEST_SELLER,cocuk-oyuncak,çocuk oyuncak,37,3,109,109,,84,23.7,9.3,659040084,445761,HOT WHEELS Sürpriz Arabalar 3 Adet Sürpriz Araba,HOT WHEELS,Oyuncak Araba,https://www.trendyol.com/hot-wheels/surpriz-arabalar-3-adet-surpriz-araba-p-659040084?boutiqueId=61&merchantId=445761,almali,92,305.54,314.99,3,5.7,TRY,"[""Sepette %3 İndirim"",""Kargo Bedava""]",InStock,5 adetten fazla stok sunulmuştur,,,4.5,679,383,0,572,622 kişinin sepetinde,"32,9B kişi favoriledi","Son 24 saatte 1,9B kişi görüntüledi",4999,TRY,0,1,1,3,14 saat 54 dakika içinde sipariş verirsen en geç yarın kargoda!,,https://cdn.dsmcdn.com/ty1858/prod/QC_ENRICHMENT/20260418/00/f31e6748-c15f-3082-88f2-13389fba04de/1_org_zoom.jpg,"{""Paket İçeriği"":""3'lü"",""Yaş"":""3+ Yaş"",""Piller Kutuya Dahil Mi?"":""Hayır"",""Pil ile mi çalışır?"":""Hayır"",""Menşei"":""MY"",""Ürün Uyarıları (Oyuncak)"":""Uyarı 36 Ayın altındaki çocuklar için uygun değildir""}",20,5,refreshed,"[""daily_top"",""hot_change""]",true,2026-08-17T09:00:04+03:00,0,"[""search_result_dom"",""product_detail_jsonld"",""product_detail_dom""]","{""title"":""observed"",""brand"":""observed"",""seller_name"":""observed"",""seller_score"":""observed"",""price"":""observed"",""original_price"":""observed"",""campaigns"":""observed"",""stock_status"":""observed"",""stock_signal"":""observed"",""rating"":""observed"",""rating_count"":""observed"",""review_count"":""observed"",""question_count"":""observed"",""delivery_summary"":""observed"",""shipping_cost"":""observed"",""properties"":""observed""}",true,
2026-08-17,2026-08-17T09:00:04+03:00,çocuk,BEST_SELLER,cocuk-oyuncak,çocuk oyuncak,38,3,110,110,4,,23,7,930522411,725158,Genel Markalar Köpük Baloncuklu Işıklı Pilli Tabanca – Mavi,Genel Markalar,,https://www.trendyol.com/genel-markalar/kopuk-baloncuklu-isikli-pilli-tabanca-mavi-p-930522411?boutiqueId=61&merchantId=725158,BOLSAN TEKNOLOJİ,86,299,,,,TRY,"[""Kargo Bedava"",""Son 10 Günün En Düşük Fiyatı""]",InStock,100 adetten fazla stok sunulmuştur,,,3.6,752,,,165,658 kişinin sepetinde,"28,8B kişi favoriledi",Son 24 saatte 465 kişi görüntüledi,,,0,,,,2 saat 54 dakika içinde sipariş verirsen en geç bugün kargoda!,En Çok Satan 4. Ürün,,{},0,,refreshed,"[""daily_top""]",true,2026-08-17T09:00:04+03:00,0,"[""search_result_dom"",""product_detail_jsonld"",""product_detail_dom""]","{""title"":""observed"",""brand"":""observed"",""seller_name"":""observed"",""seller_score"":""observed"",""price"":""observed"",""original_price"":""unavailable"",""campaigns"":""observed"",""stock_status"":""observed"",""stock_signal"":""observed"",""rating"":""observed"",""rating_count"":""observed"",""review_count"":""unavailable"",""question_count"":""observed"",""delivery_summary"":""observed"",""shipping_cost"":""unavailable"",""properties"":""observed""}",true,
2026-08-17,2026-08-17T09:00:04+03:00,çocuk,BEST_SELLER,cocuk-oyuncak,çocuk oyuncak,39,3,111,111,7,58,15.3,17.7,1150847146,590132,babysch Toys Neşeli Halkalar ve Yağmur Damlası - Çıngıraklı Top Oyunu ikili set Eğitici Oyuncak Seti,babysch,Bebek & Aktivite Oyuncakları,https://www.trendyol.com/babysch/toys-neseli-halkalar-ve-yagmur-damlasi-cingirakli-top-oyunu-ikili-set-egitici-oyuncak-seti-p-1150847146?boutiqueId=61&merchantId=590132,Babysch,9,416.61,429.5,3,0,TRY,"[""Sepette %3 İndirim"",""Kargo Bedava""]",InStock,100 adetten fazla stok sunulmuştur,,,4.2,56,33,2,9,613 kişinin sepetinde,"4,8B kişi favoriledi",Son 24 saatte 400 kişi görüntüledi,4999,TRY,0,,1,3,2 saat 54 dakika içinde sipariş verirsen en geç bugün kargoda!,En Çok Satan 7. Ürün,https://cdn.dsmcdn.com/ty1914/prod/QC_ENRICHMENT/20260728/01/ac03a611-bee2-3444-8211-74aaa52bc73c/1_org_zoom.jpg,"{""Paket İçeriği"":""2+"",""Yükseklik"":""11 cm"",""Genişlik"":""27 cm"",""Derinlik"":""11 cm"",""Yaş"":""0 - 1 Yaş"",""Dil"":""Türkçe"",""Pil ile mi çalışır?"":""Hayır"",""Piller Kutuya Dahil Mi?"":""Hayır"",""Menşei"":""TR"",""Batarya Türü"":""Diğer"",""Özellik"":""Enerji Tasarrufu""}",20,5,refreshed,"[""daily_top"",""hot_change""]",true,2026-08-17T09:00:04+03:00,0,"[""search_result_dom"",""product_detail_jsonld"",""product_detail_dom""]","{""title"":""observed"",""brand"":""observed"",""seller_name"":""observed"",""seller_score"":""observed"",""price"":""observed"",""original_price"":""observed"",""campaigns"":""observed"",""stock_status"":""observed"",""stock_signal"":""observed"",""rating"":""observed"",""rating_count"":""observed"",""review_count"":""observed"",""question_count"":""observed"",""delivery_summary"":""observed"",""shipping_cost"":""observed"",""properties"":""observed""}",true,
2026-08-17,2026-08-17T09:00:04+03:00,çocuk,BEST_SELLER,cocuk-oyuncak,çocuk oyuncak,40,3,112,112,2,-28,13.7,16.3,1088703783,744768,Nandy Home Civciv Model Karakter Figürü 3D Yapı Oyuncakları,Nandy Home,Diğer Oyun Takımları,https://www.trendyol.com/nandy-home/civciv-model-karakter-figuru-3d-yapi-oyuncaklari-p-1088703783?boutiqueId=61&merchantId=744768,Nandy Kids,96,133.95,,,0,TRY,"[""Kargo Bedava""]",InStock,100 adetten fazla stok sunulmuştur,,,4.7,136,51,3,9,"1,2B kişinin sepetinde","14,6B kişi favoriledi",Son 24 saatte 413 kişi görüntüledi,4999,TRY,0,,1,3,5 saat 54 dakika içinde sipariş verirsen en geç bugün kargoda!,En Çok Satan 2. Ürün,https://cdn.dsmcdn.com/ty1914/prod/QC_ENRICHMENT/20260522/10/821d1544-93f2-3f01-9609-16c6a1df2eb9/1_org_zoom.jpg,"{""Parça Sayısı"":""161"",""Yaş"":""5+ Yaş"",""Diğer Özellikler"":""Küçük parçalar içermektedir."",""Menşei"":""CN"",""Ürün Uyarıları (Oyuncak)"":""Küçük parçalar içermektedir."",""Batarya Türü"":""Diğer"",""Özellik"":""Standart""}",20,5,refreshed,"[""daily_top""]",true,2026-08-17T09:00:04+03:00,0,"[""search_result_dom"",""product_detail_jsonld"",""product_detail_dom""]","{""title"":""observed"",""brand"":""observed"",""seller_name"":""observed"",""seller_score"":""observed"",""price"":""observed"",""original_price"":""unavailable"",""campaigns"":""observed"",""stock_status"":""observed"",""stock_signal"":""observed"",""rating"":""observed"",""rating_count"":""observed"",""review_count"":""observed"",""question_count"":""observed"",""delivery_summary"":""observed"",""shipping_cost"":""observed"",""properties"":""observed""}",true,
2026-08-17,2026-08-17T09:00:04+03:00,çocuk,BEST_SELLER,cocuk-oyuncak,çocuk oyuncak,41,3,113,113,,,47.1,12.9,1134330771,357212,Go Toys Go Magnetic Series 26 Parça Yapı Tasarım Eklentisi - Mıknatıslı Manyetik Bloklar,Go Toys,Eğitici Oyuncak,https://www.trendyol.com/go-toys/go-magnetic-series-26-parca-yapi-tasarim-eklentisi-miknatisli-manyetik-bloklar-p-1134330771?boutiqueId=61&merchantId=357212,Shopist,9,696.5,995,30,,TRY,"[""Sepette %30 İndirim"",""Kargo Bedava""]",InStock,100 adetten fazla stok sunulmuştur,,,4.1,247,135,,30,"1,9B kişinin sepetinde","37,8B kişi favoriledi",Son 24 saatte 1B kişi görüntüledi,4999,TRY,0,1,1,3,14 saat 54 dakika içinde sipariş verirsen en geç yarın kargoda!,,https://cdn.dsmcdn.com/ty1856/prod/QC_PREP/20260417/10/080cdf77-a292-3644-b455-f3a138ee5502/1_org_zoom.jpg,"{""Paket İçeriği"":""Belirtilmemiş"",""Yaş"":""3+ Yaş"",""Piller Kutuya Dahil Mi?"":""Hayır"",""Dil"":""Evrensel Dil"",""Pil ile mi çalışır?"":""Hayır"",""Menşei"":""TR""}",20,5,refreshed,"[""daily_top""]",true,2026-08-17T09:00:04+03:00,0,"[""search_result_dom"",""product_detail_jsonld"",""product_detail_dom""]","{""title"":""observed"",""brand"":""observed"",""seller_name"":""observed"",""seller_score"":""observed"",""price"":""observed"",""original_price"":""observed"",""campaigns"":""observed"",""stock_status"":""observed"",""stock_signal"":""observed"",""rating"":""observed"",""rating_count"":""observed"",""review_count"":""observed"",""question_count"":""observed"",""delivery_summary"":""observed"",""shipping_cost"":""observed"",""properties"":""observed""}",true,
2026-08-17,2026-08-17T09:00:04+03:00,çocuk,BEST_SELLER,cocuk-oyuncak,çocuk oyuncak,42,3,114,114,,,58.6,1.4,803890758,357212,Go Toys Mind Chess Hafıza Oyunu Renklerle Hafıza Ve Zihin Geliştirme Satrancı Memory,Go Toys,Kutu Oyunu,https://www.trendyol.com/go-toys/mind-chess-hafiza-oyunu-renklerle-hafiza-ve-zihin-gelistirme-satranci-memory-p-803890758?boutiqueId=61&merchantId=357212,Shopist,9,132.3,189,30,,TRY,"[""Sepette %30 İndirim"",""Kargo Bedava""]",InStock,100 adetten fazla stok sunulmuştur,,,4.6,6980,3789,,111,767 kişinin sepetinde,"104,4B kişi favoriledi",Son 24 saatte 368 kişi görüntüledi,4999,TRY,0,2,1,5,14 saat 54 dakika içinde sipariş verirsen en geç yarın kargoda!,,https://cdn.dsmcdn.com/ty1478/product/media/images/prod/QC/20240811/17/ae2441b8-00f1-3c34-9106-76be8665a337/1_org_zoom.jpg,"{""Oyuncu Sayısı"":""2-3 Kişi"",""Yaş"":""3+ Yaş"",""Dil"":""Evrensel Dil"",""Menşei"":""KZ""}",20,5,refreshed,"[""daily_top""]",true,2026-08-17T09:00:04+03:00,0,"[""search_result_dom"",""product_detail_jsonld"",""product_detail_dom""]","{""title"":""observed"",""brand"":""observed"",""seller_name"":""observed"",""seller_score"":""observed"",""price"":""observed"",""original_price"":""observed"",""campaigns"":""observed"",""stock_status"":""observed"",""stock_signal"":""observed"",""rating"":""observed"",""rating_count"":""observed"",""review_count"":""observed"",""question_count"":""observed"",""delivery_summary"":""observed"",""shipping_cost"":""observed"",""properties"":""observed""}",true,
2026-08-17,2026-08-17T09:00:04+03:00,çocuk,BEST_SELLER,cocuk-oyuncak,çocuk oyuncak,43,3,115,115,5,39,14.2,15.8,1112597590,1230100,PAKİTO Potalı Top Yuvarlama Kulesi Renkli Eğitici Dikkat Geliştirici Top Kaydırma Oyuncağı,PAKİTO,Bebek & Aktivite Oyuncakları,https://www.trendyol.com/pakito/potali-top-yuvarlama-kulesi-renkli-egitici-dikkat-gelistirici-top-kaydirma-oyuncagi-p-1112597590?boutiqueId=61&merchantId=1230100,LUMO STORE,91,199.95,,,0,TRY,"[""Kargo Bedava""]",InStock,100 adetten fazla stok sunulmuştur,,,3.8,118,58,2,14,1B kişinin sepetinde,"10,2B kişi favoriledi",Son 24 saatte 494 kişi görüntüledi,4999,TRY,0,,1,3,4 saat 54 dakika içinde sipariş verirsen en geç bugün kargoda!,En Çok Satan 5. Ürün,https://cdn.dsmcdn.com/ty1830/prod/QC_PREP/20260224/17/c5219711-d94a-3420-8b4f-7ea2932c8fb5/1_org_zoom.jpg,"{""Paket İçeriği"":""1'li"",""Yükseklik"":""40 cm"",""Genişlik"":""15 cm"",""Derinlik"":""17 cm"",""Yaş"":""1+ Yaş"",""Dil"":""Türkçe"",""Pil ile mi çalışır?"":""Hayır"",""Piller Kutuya Dahil Mi?"":""Hayır"",""Diğer Özellikler"":""Topların katlar boyunca dönerek ilerlediği eğlenceli kule tasarımı Topu potaya bırakmaya dayalı kolay kullanım El-göz koordinasyonunu desteklemeye yardımcı oyun yapısı Görsel takip ve dikkat becerilerinin çalıştırılmasına yardımcı kullanım Neden-sonuç ilişkisini keşfetmeye uygun oyun deneyimi Tekrar tekrar oynanabilen hareketli yapı Alet gerektirmeyen kolay kurulum Renkli ve dikkat çekici tasarım Hafif ve kolay yerleştirilebilir yapı"",""Menşei"":""TR"",""Ürün Uyarıları (Oyuncak)"":""Küçük parçalar boğulma tehlikesi oluşturabilir. Topları ve kule parçalarını ağıza sokmayınız. Ürünü kullanmadan önce tüm ambalaj malzemelerini çıkarınız. Ambalaj poşetlerini çocuklardan uzak tutunuz. Kuleyi merdiven, masa kenarı veya yüksek yüzeylerin yakınında kullanmayınız. Kırılmış, çatlamış veya sivri kenar oluşmuş parçaları kullanmayınız. Ürünün üzerine basmayınız, oturmayınız veya ağır yük koymayınız. Ürünü ateşten ve yüksek sıcaklıktan uzak tutunuz. Ürün renkleri görsellerden farklılık gösterebilir ve renk seçimi yapılamaz."",""Batarya Boyutu"":""Uygulanabilir Değil"",""Materyal Bileşeni"":""Polipropilen"",""Özellik"":""Katı""}",20,5,refreshed,"[""daily_top""]",true,2026-08-17T09:00:04+03:00,0,"[""search_result_dom"",""product_detail_jsonld"",""product_detail_dom""]","{""title"":""observed"",""brand"":""observed"",""seller_name"":""observed"",""seller_score"":""observed"",""price"":""observed"",""original_price"":""unavailable"",""campaigns"":""observed"",""stock_status"":""observed"",""stock_signal"":""observed"",""rating"":""observed"",""rating_count"":""observed"",""review_count"":""observed"",""question_count"":""observed"",""delivery_summary"":""observed"",""shipping_cost"":""observed"",""properties"":""observed""}",true,
2026-08-17,2026-08-17T09:00:04+03:00,çocuk,BEST_SELLER,cocuk-oyuncak,çocuk oyuncak,44,4,116,116,,52,44.9,5.1,47376404,1127325,Circle Toys Geometrik Yumurta Eşleme,Circle Toys,Eğitici Oyuncak,https://www.trendyol.com/circle-toys/geometrik-yumurta-esleme-p-47376404?boutiqueId=61&merchantId=1127325,Circle Toys,,287.9,359.88,20,0,TRY,"[""Sepette %20 İndirim"",""Kargo Bedava""]",InStock,100 adetten fazla stok sunulmuştur,,,4.7,2469,1281,-3,64,"1,1B kişinin sepetinde","67,5B kişi favoriledi",Son 24 saatte 440 kişi görüntüledi,4999,TRY,0,,1,3,1 saat 54 dakika içinde sipariş verirsen en geç bugün kargoda!,,https://cdn.dsmcdn.com/ty1590/prod/QC/20241024/13/6cb83b45-9a50-3160-acf8-dbd191a58f8f/1_org_zoom.jpg,"{""Paket İçeriği"":""1+"",""Yaş"":""2+ Yaş"",""Piller Kutuya Dahil Mi?"":""Hayır"",""Dil"":""Türkçe"",""Pil ile mi çalışır?"":""Hayır"",""Menşei"":""TR"",""Ürün Uyarıları (Oyuncak)"":""Boğulma Tehlikesi - Küçük parçalar 18 ayın altındaki çocuklar için ya da ağızda yenmeyen nesneleri yerleştirme eğilimi olan herhangi bir kişi için değildir.""}",20,5,refreshed,"[""daily_top"",""hot_change""]",true,2026-08-17T09:00:04+03:00,0,"[""search_result_dom"",""product_detail_jsonld"",""product_detail_dom""]","{""title"":""observed"",""brand"":""observed"",""seller_name"":""observed"",""seller_score"":""unavailable"",""price"":""observed"",""original_price"":""observed"",""campaigns"":""observed"",""stock_status"":""observed"",""stock_signal"":""observed"",""rating"":""observed"",""rating_count"":""observed"",""review_count"":""observed"",""question_count"":""observed"",""delivery_summary"":""observed"",""shipping_cost"":""observed"",""properties"":""observed""}",true,
2026-08-17,2026-08-17T09:00:04+03:00,çocuk,BEST_SELLER,cocuk-oyuncak,çocuk oyuncak,45,4,117,117,,,33.6,16.4,1039875682,1127325,Circle Toys Kıvrılabilen Renkli Tırtıl - Stres Giderici ve Motor Gelişimi Destekleyen Eğitici Oyuncak,Circle Toys,Eğitici Oyuncak,https://www.trendyol.com/circle-toys/kivrilabilen-renkli-tirtil-stres-giderici-ve-motor-gelisimi-destekleyen-egitici-oyuncak-p-1039875682?boutiqueId=61&merchantId=1127325,Circle Toys,,190.3,237.88,20,,TRY,"[""Sepette %20 İndirim"",""Kargo Bedava""]",InStock,100 adetten fazla stok sunulmuştur,,,4.6,129,49,,8,"1,1B kişinin sepetinde","10,8B kişi favoriledi",Son 24 saatte 447 kişi görüntüledi,4999,TRY,0,1,1,3,14 saat 54 dakika içinde sipariş verirsen en geç yarın kargoda!,,https://cdn.dsmcdn.com/ty1928/prod/QC_ENRICHMENT/20260815/00/235c7c2b-eb90-30bf-ba1f-67c942e410cf/1_org_zoom.jpg,"{""Paket İçeriği"":""1'li"",""Yaş"":""1+ Yaş"",""Piller Kutuya Dahil Mi?"":""Hayır"",""Dil"":""Evrensel Dil"",""Pil ile mi çalışır?"":""Hayır"",""Menşei"":""CN"",""Ürün Uyarıları (Oyuncak)"":""Standart"",""Özellik"":""Gece Ekstra""}",20,5,refreshed,"[""daily_top""]",true,2026-08-17T09:00:04+03:00,0,"[""search_result_dom"",""product_detail_jsonld"",""product_detail_dom""]","{""title"":""observed"",""brand"":""observed"",""seller_name"":""observed"",""seller_score"":""unavailable"",""price"":""observed"",""original_price"":""observed"",""campaigns"":""observed"",""stock_status"":""observed"",""stock_signal"":""observed"",""rating"":""observed"",""rating_count"":""observed"",""review_count"":""observed"",""question_count"":""observed"",""delivery_summary"":""observed"",""shipping_cost"":""observed"",""properties"":""observed""}",true,
2026-08-17,2026-08-17T09:00:04+03:00,çocuk,BEST_SELLER,cocuk-oyuncak,çocuk oyuncak,46,4,118,118,,,54.6,5.4,847347395,357212,Go Toys İlk Oyun Evim XXL Boy Dayanıklı Karton Boyama Aktivite Evi Boyama Evi Shopist,Go Toys,Eğitici Oyuncak,https://www.trendyol.com/go-toys/ilk-oyun-evim-xxl-boy-dayanikli-karton-boyama-aktivite-evi-boyama-evi-shopist-p-847347395?boutiqueId=61&merchantId=357212,Shopist,,244.3,349,30,,TRY,"[""Sepette %30 İndirim"",""Kargo Bedava""]",InStock,100 adetten fazla stok sunulmuştur,,,4.4,2121,1176,,196,1B kişinin sepetinde,"91,6B kişi favoriledi",Son 24 saatte 430 kişi görüntüledi,4999,TRY,0,1,1,3,14 saat 54 dakika içinde sipariş verirsen en geç yarın kargoda!,,https://cdn.dsmcdn.com/ty1671/product/media/images/prod/PIM/20250501/10/6b8e1c12-9f8f-4f66-8679-dbd993c40db4/1_org_zoom.jpg,"{""Paket İçeriği"":""1+"",""Yaş"":""1+ Yaş"",""Piller Kutuya Dahil Mi?"":""Hayır"",""Dil"":""Evrensel Dil"",""Pil ile mi çalışır?"":""Hayır"",""Menşei"":""UM"",""Özellik"":""Uzun""}",20,5,refreshed,"[""daily_top""]",true,2026-08-17T09:00:04+03:00,0,"[""search_result_dom"",""product_detail_jsonld"",""product_detail_dom""]","{""title"":""observed"",""brand"":""observed"",""seller_name"":""observed"",""seller_score"":""unavailable"",""price"":""observed"",""original_price"":""observed"",""campaigns"":""observed"",""stock_status"":""observed"",""stock_signal"":""observed"",""rating"":""observed"",""rating_count"":""observed"",""review_count"":""observed"",""question_count"":""observed"",""delivery_summary"":""observed"",""shipping_cost"":""observed"",""properties"":""observed""}",true,
2026-08-17,2026-08-17T09:00:04+03:00,çocuk,BEST_SELLER,cocuk-oyuncak,çocuk oyuncak,47,4,119,119,,,40.7,9.3,971161885,1127325,Circle Toys Eğitici Ahşap Ksilofon – 8 Tonlu Renkli Müzik Oyuncağı,Circle Toys,Eğitici Oyuncak,https://www.trendyol.com/circle-toys/egitici-ahsap-ksilofon-8-tonlu-renkli-muzik-oyuncagi-p-971161885?boutiqueId=61&merchantId=1127325,Circle Toys,,268.7,335.88,20,,TRY,"[""Sepette %20 İndirim"",""Kargo Bedava"",""Trendyol Plus'a Özel""]",InStock,100 adetten fazla stok sunulmuştur,,,4.4,780,387,,31,"1,6B kişinin sepetinde","48,4B kişi favoriledi",Son 24 saatte 445 kişi görüntüledi,4999,TRY,0,1,1,3,14 saat 54 dakika içinde sipariş verirsen en geç yarın kargoda!,,https://cdn.dsmcdn.com/ty1920/prod/QC_ENRICHMENT/20260724/06/5270803b-a73d-32d9-bb3a-01834c79d6ce/1_org_zoom.jpg,"{""Paket İçeriği"":""1'li"",""Yaş"":""1+ Yaş"",""Piller Kutuya Dahil Mi?"":""Belirtilmemiş"",""Dil"":""Evrensel Dil"",""Pil ile mi çalışır?"":""Hayır"",""Diğer Özellikler"":""Ahşap, renkli metal notalı"",""Menşei"":""CN"",""Özellik"":""Uzun""}",20,5,refreshed,"[""daily_top""]",true,2026-08-17T09:00:04+03:00,0,"[""search_result_dom"",""product_detail_jsonld"",""product_detail_dom""]","{""title"":""observed"",""brand"":""observed"",""seller_name"":""observed"",""seller_score"":""unavailable"",""price"":""observed"",""original_price"":""observed"",""campaigns"":""observed"",""stock_status"":""observed"",""stock_signal"":""observed"",""rating"":""observed"",""rating_count"":""observed"",""review_count"":""observed"",""question_count"":""observed"",""delivery_summary"":""observed"",""shipping_cost"":""observed"",""properties"":""observed""}",true,
2026-08-17,2026-08-17T09:00:04+03:00,çocuk,BEST_SELLER,cocuk-oyuncak,çocuk oyuncak,48,4,120,120,,-22,24.9,5.1,340817399,1098495,Genel Markalar merdiven small,Genel Markalar,Bebek & Aktivite Oyuncakları,https://www.trendyol.com/genel-markalar/merdiven-small-p-340817399?boutiqueId=61&merchantId=1098495,Berione,84,405,,,-24.2,TRY,"[""Kargo Bedava""]",InStock,10 adetten fazla stok sunulmuştur,,,3.9,2326,1293,6,596,613 kişinin sepetinde,"75,6B kişi favoriledi",Son 24 saatte 626 kişi görüntüledi,4999,TRY,0,1,1,3,14 saat 54 dakika içinde sipariş verirsen en geç yarın kargoda!,En Çok Favorilenen 5. Ürün,https://cdn.dsmcdn.com/ty1817/prod/QC_ENRICHMENT/20260127/20/73163738-91e6-3756-aaec-2cef6adda0cc/1_org_zoom.jpg,"{""Paket İçeriği"":""1'li"",""Yaş"":""3+ Yaş"",""Dil"":""Evrensel Dil"",""Pil ile mi çalışır?"":""Evet"",""Piller Kutuya Dahil Mi?"":""Hayır"",""Menşei"":""CN""}",20,5,refreshed,"[""daily_top""]",true,2026-08-17T09:00:04+03:00,0,"[""search_result_dom"",""product_detail_jsonld"",""product_detail_dom""]","{""title"":""observed"",""brand"":""observed"",""seller_name"":""observed"",""seller_score"":""observed"",""price"":""observed"",""original_price"":""unavailable"",""campaigns"":""observed"",""stock_status"":""observed"",""stock_signal"":""observed"",""rating"":""observed"",""rating_count"":""observed"",""review_count"":""observed"",""question_count"":""observed"",""delivery_summary"":""observed"",""shipping_cost"":""observed"",""properties"":""observed""}",true,
2026-08-17,2026-08-17T09:00:04+03:00,çocuk,BEST_SELLER,cocuk-oyuncak,çocuk oyuncak,49,4,121,121,,,17.1,12.9,1156077926,752303,"ROBEVE Şarjlı Otomatik Su Tabancası Oyuncak Şarjlı Geniş Su Hazneli Gerçekçi Geri Tepme Efektli Su Silahı – Yaz Eğlencesi, Havuz Oyuncağı Bahçe Oyuncağı İçin Eğlenceli Şarjlı Su Tabancası Oyuncak",ROBEVE,,https://www.trendyol.com/robeve/sarjli-otomatik-su-tabancasi-oyuncak-sarjli-genis-su-hazneli-gercekci-geri-tepme-efektli-su-silahi-yaz-eglencesi-havuz-oyuncagi-bahce-oyuncagi-icin-eglenceli-sarjli-su-tabancasi-oyuncak-p-1156077926?boutiqueId=61&merchantId=752303,KİNKU,94,621,,,,TRY,"[""Kargo Bedava""]",InStock,100 adetten fazla stok sunulmuştur,,,3.8,137,,,53,782 kişinin sepetinde,4B kişi favoriledi,Son 24 saatte 800 kişi görüntüledi,,,0,,,,14 saat 54 dakika içinde sipariş verirsen en geç yarın kargoda!,En Çok Ziyaret Edilen 4. Ürün,,{},0,,refreshed,"[""daily_top""]",true,2026-08-17T09:00:04+03:00,0,"[""search_result_dom"",""product_detail_jsonld"",""product_detail_dom""]","{""title"":""observed"",""brand"":""observed"",""seller_name"":""observed"",""seller_score"":""observed"",""price"":""observed"",""original_price"":""unavailable"",""campaigns"":""observed"",""stock_status"":""observed"",""stock_signal"":""observed"",""rating"":""observed"",""rating_count"":""observed"",""review_count"":""unavailable"",""question_count"":""observed"",""delivery_summary"":""observed"",""shipping_cost"":""unavailable"",""properties"":""observed""}",true,
2026-08-17,2026-08-17T09:00:04+03:00,çocuk,BEST_SELLER,cocuk-oyuncak,çocuk oyuncak,50,4,122,122,,,15.7,14.3,1111434080,1270911,BBSKY Merdiven Çıkan Ördek Oyuncağı Işıklı Müzikli Kaydıraklı Eğitici Çocuk Oyuncağı Okul Öncesi Gelişim 3+ Yaş Yeşil,BBSKY,Eğitici Oyuncak,https://www.trendyol.com/bbsky/merdiven-cikan-ordek-oyuncagi-isikli-muzikli-kaydirakli-egitici-cocuk-oyuncagi-okul-oncesi-gelisim-3-yas-yesil-p-1111434080?boutiqueId=61&merchantId=1270911,MagX,94,634.66,,,,TRY,"[""Kargo Bedava"",""Sepette %20 İndirim""]",InStock,100 adetten fazla stok sunulmuştur,,,4.5,134,92,,60,329 kişinin sepetinde,"5,5B kişi favoriledi",Son 24 saatte 569 kişi görüntüledi,4999,TRY,0,1,1,3,14 saat 54 dakika içinde sipariş verirsen en geç yarın kargoda!,,https://cdn.dsmcdn.com/ty1929/prod/QC_ENRICHMENT/20260803/00/2e01e53e-8bf8-3784-a2fb-07c838850285/1_org_zoom.jpg,"{""Paket İçeriği"":""1'li"",""Yaş"":""3+ Yaş"",""Piller Kutuya Dahil Mi?"":""Hayır"",""Dil"":""Türkçe"",""Pil ile mi çalışır?"":""Evet"",""Diğer Özellikler"":""Müzik ve renkli ışıklar"",""Menşei"":""CN"",""Ürün Uyarıları (Oyuncak)"":""Uyarı: 3 yaş altı çocuklar için uygun değildir. Küçük parçalar içerir, boğulma tehlikesi vardır. Yetişkin gözetiminde kullanılmalıdır. Piller yetişkin tarafından takılmalı ve değiştirilmelidir."",""Batarya Türü"":""Alkalin"",""Batarya Boyutu"":""AA"",""Özellik"":""Otomatik""}",20,5,refreshed,"[""daily_top""]",true,2026-08-17T09:00:04+03:00,0,"[""search_result_dom"",""product_detail_jsonld"",""product_detail_dom""]","{""title"":""observed"",""brand"":""observed"",""seller_name"":""observed"",""seller_score"":""observed"",""price"":""observed"",""original_price"":""unavailable"",""campaigns"":""observed"",""stock_status"":""observed"",""stock_signal"":""observed"",""rating"":""observed"",""rating_count"":""observed"",""review_count"":""observed"",""question_count"":""observed"",""delivery_summary"":""observed"",""shipping_cost"":""observed"",""properties"":""observed""}",true,
2026-08-17,2026-08-17T09:00:04+03:00,çocuk,BEST_SELLER,cocuk-oyuncak,çocuk oyuncak,51,4,123,123,,-23,28.4,1.6,790178927,126620,yükselen zeka İlk Magnet Puzzle Bebek (12-36 Ay),yükselen zeka,Bebek & Aktivite Oyuncakları,https://www.trendyol.com/yukselen-zeka/ilk-magnet-puzzle-bebek-12-36-ay-p-790178927?boutiqueId=61&merchantId=126620,YÜKSELEN ZEKA,93,239.1,,,-25,TRY,"[""Kargo Bedava""]",InStock,100 adetten fazla stok sunulmuştur,,,4.7,6226,3547,2,239,976 kişinin sepetinde,"102,2B kişi favoriledi",Son 24 saatte 386 kişi görüntüledi,4999,TRY,0,1,1,3,Tahmini Teslim:,,https://cdn.dsmcdn.com/ty1658/prod/QC/20250403/12/3a275795-9e90-34af-9894-e51aa08b95af/1_org_zoom.jpg,"{""Paket İçeriği"":""Belirtilmemiş"",""Yaş"":""1+ Yaş"",""Dil"":""Türkçe"",""Pil ile mi çalışır?"":""Hayır"",""Piller Kutuya Dahil Mi?"":""Hayır"",""Menşei"":""TR""}",20,5,refreshed,"[""daily_top""]",true,2026-08-17T09:00:04+03:00,0,"[""search_result_dom"",""product_detail_jsonld"",""product_detail_dom""]","{""title"":""observed"",""brand"":""observed"",""seller_name"":""observed"",""seller_score"":""observed"",""price"":""observed"",""original_price"":""unavailable"",""campaigns"":""observed"",""stock_status"":""observed"",""stock_signal"":""observed"",""rating"":""observed"",""rating_count"":""observed"",""review_count"":""observed"",""question_count"":""observed"",""delivery_summary"":""observed"",""shipping_cost"":""observed"",""properties"":""observed""}",true,
2026-08-17,2026-08-17T09:00:04+03:00,çocuk,BEST_SELLER,cocuk-oyuncak,çocuk oyuncak,52,4,124,124,3,64,16.2,13.8,988493414,109032,balody Fanuslu Çiçek Serisi – Hibiskus Yapı Bloğu Seti (543 Parça),balody,Diğer Oyun Takımları,https://www.trendyol.com/balody/fanuslu-cicek-serisi-hibiskus-yapi-blogu-seti-543-parca-p-988493414?boutiqueId=61&merchantId=109032,Touchie Co.,95,649,,,0,TRY,"[""Kargo Bedava""]",InStock,100 adetten fazla stok sunulmuştur,,,4.8,233,105,3,19,1B kişinin sepetinde,"23,3B kişi favoriledi",Son 24 saatte 982 kişi görüntüledi,4999,TRY,0,,1,3,4 saat 54 dakika içinde sipariş verirsen en geç bugün kargoda!,En Çok Satan 3. Ürün,https://cdn.dsmcdn.com/ty1757/prod/QC_ENRICHMENT/20250918/10/b8cabc5b-fd6e-38be-ae5f-40102ede093c/1_org_zoom.jpg,"{""Parça Sayısı"":""543"",""Yaş"":""12+ Yaş"",""Menşei"":""CN"",""Ürün Uyarıları (Oyuncak)"":""3 Yaşından küçük çocuklar için uygun değildir. Boğulma tehlikesi!""}",20,5,refreshed,"[""daily_top"",""hot_change""]",true,2026-08-17T09:00:04+03:00,0,"[""search_result_dom"",""product_detail_jsonld"",""product_detail_dom""]","{""title"":""observed"",""brand"":""observed"",""seller_name"":""observed"",""seller_score"":""observed"",""price"":""observed"",""original_price"":""unavailable"",""campaigns"":""observed"",""stock_status"":""observed"",""stock_signal"":""observed"",""rating"":""observed"",""rating_count"":""observed"",""review_count"":""observed"",""question_count"":""observed"",""delivery_summary"":""observed"",""shipping_cost"":""observed"",""properties"":""observed""}",true,
2026-08-17,2026-08-17T09:00:04+03:00,çocuk,BEST_SELLER,cocuk-oyuncak,çocuk oyuncak,53,4,125,125,,56,36,6.3,769204089,412414,"Budizzz Beyaz Gürültü Cihazı | 33 Sesli, Pışpışlı ve Ninnili | Radyasyon İçermeyen Bebek Uyku Arkadaşı",Budizzz,,https://www.trendyol.com/budizzz/beyaz-gurultu-cihazi-33-sesli-pispisli-ve-ninnili-radyasyon-icermeyen-bebek-uyku-arkadasi-p-769204089?boutiqueId=61&merchantId=412414,BUDİZZZ,95,2850,3250,12.3,0,TRY,"[""200 TL Kupon"",""Kargo Bedava"",""Süper Fırsat Ürünü"",""Peşin Fiyatına 3 Taksit""]",InStock,100 adetten fazla stok sunulmuştur,,,4.7,919,,0,254,714 kişinin sepetinde,"58,1B kişi favoriledi","Son 24 saatte 1,2B kişi görüntüledi",,,0,,,,Tahmini Teslim:,,,{},0,,refreshed,"[""daily_top"",""hot_change""]",true,2026-08-17T09:00:04+03:00,0,"[""search_result_dom"",""product_detail_jsonld"",""product_detail_dom""]","{""title"":""observed"",""brand"":""observed"",""seller_name"":""observed"",""seller_score"":""observed"",""price"":""observed"",""original_price"":""observed"",""campaigns"":""observed"",""stock_status"":""observed"",""stock_signal"":""observed"",""rating"":""observed"",""rating_count"":""observed"",""review_count"":""unavailable"",""question_count"":""observed"",""delivery_summary"":""observed"",""shipping_cost"":""unavailable"",""properties"":""observed""}",true,
2026-08-17,2026-08-17T09:00:04+03:00,çocuk,BEST_SELLER,cocuk-oyuncak,çocuk oyuncak,54,4,126,126,,,15,15,1146806329,668887,"dekan toys Şişme Gölgelikli Simit, Oturaklı Gölgelikli Simit Deniz Simidi 0-3 yaş Oyuncaklı",dekan toys,Deniz Malzemesi,https://www.trendyol.com/dekan-toys/sisme-golgelikli-simit-oturakli-golgelikli-simit-deniz-simidi-0-3-yas-oyuncakli-p-1146806329?boutiqueId=61&merchantId=668887,Dekan Toys,87,825,,,,TRY,"[""Kargo Bedava""]",InStock,100 adetten fazla stok sunulmuştur,,,3.8,110,74,,92,508 kişinin sepetinde,"12,3B kişi favoriledi",Son 24 saatte 667 kişi görüntüledi,4999,TRY,0,1,1,3,14 saat 54 dakika içinde sipariş verirsen en geç yarın kargoda!,En Çok Favorilenen 2. Ürün,https://cdn.dsmcdn.com/ty1896/prod/QC_ENRICHMENT/20260707/12/38cc26d6-d780-3e68-9358-4e869d91787b/1_org_zoom.jpg,"{""Renk"":""Pembe"",""Yaş"":""1+ Yaş"",""Menşei"":""CN""}",20,5,refreshed,"[""daily_top""]",true,2026-08-17T09:00:04+03:00,0,"[""search_result_dom"",""product_detail_jsonld"",""product_detail_dom""]","{""title"":""observed"",""brand"":""observed"",""seller_name"":""observed"",""seller_score"":""observed"",""price"":""observed"",""original_price"":""unavailable"",""campaigns"":""observed"",""stock_status"":""observed"",""stock_signal"":""observed"",""rating"":""observed"",""rating_count"":""observed"",""review_count"":""observed"",""question_count"":""observed"",""delivery_summary"":""observed"",""shipping_cost"":""observed"",""properties"":""observed""}",true,
2026-08-17,2026-08-17T09:00:04+03:00,çocuk,BEST_SELLER,cocuk-oyuncak,çocuk oyuncak,55,4,127,127,5,,20,16.3,1016793037,919413,Genel Markalar 120 parça renkli eğitici zeka yapı blokları oyuncak blok seti,Genel Markalar,Yapı Oyuncakları,https://www.trendyol.com/genel-markalar/120-parca-renkli-egitici-zeka-yapi-bloklari-oyuncak-blok-seti-p-1016793037?boutiqueId=61&merchantId=919413,TABAŞCOLLECTİON,87,206.99,220.85,6.3,,TRY,"[""20 TL Kupon"",""Son 10 Günün En Düşük Fiyatı"",""Kargo Bedava"",""Son 10 günün en düşük fiyatı""]",InStock,100 adetten fazla stok sunulmuştur,,,3.6,91,50,,20,597 kişinin sepetinde,"2,7B kişi favoriledi",Son 24 saatte 379 kişi görüntüledi,4999,TRY,0,1,1,3,14 saat 54 dakika içinde sipariş verirsen en geç yarın kargoda!,En Çok Satan 5. Ürün,https://cdn.dsmcdn.com/ty1901/prod/QC_ENRICHMENT/20260709/00/661b2bd6-4695-35b9-a8fa-b2fff6c621da/1_org_zoom.jpg,"{""Seri"":""Mini Figürler"",""Parça Sayısı"":""120"",""Yaş"":""3+ Yaş"",""Menşei"":""TR"",""Özellik"":""Katı""}",20,4.95,refreshed,"[""daily_top""]",true,2026-08-17T09:00:04+03:00,0,"[""search_result_dom"",""product_detail_jsonld"",""product_detail_dom""]","{""title"":""observed"",""brand"":""observed"",""seller_name"":""observed"",""seller_score"":""observed"",""price"":""observed"",""original_price"":""observed"",""campaigns"":""observed"",""stock_status"":""observed"",""stock_signal"":""observed"",""rating"":""observed"",""rating_count"":""observed"",""review_count"":""observed"",""question_count"":""observed"",""delivery_summary"":""observed"",""shipping_cost"":""observed"",""properties"":""observed""}",true,
2026-08-17,2026-08-17T09:00:04+03:00,çocuk,BEST_SELLER,cocuk-oyuncak,çocuk oyuncak,56,4,128,128,4,,10.6,19.4,1154928101,744768,Nandy Home Yıldız Çiçek Model Karakter Figürü 3D Yapı Oyuncakları - 144 Parça,Nandy Home,Yapı Oyuncakları,https://www.trendyol.com/nandy-home/yildiz-cicek-model-karakter-figuru-3d-yapi-oyuncaklari-144-parca-p-1154928101?boutiqueId=61&merchantId=744768,Nandy Kids,96,137.36,,,,TRY,"[""Kargo Bedava""]",InStock,100 adetten fazla stok sunulmuştur,,,4.5,33,20,,3,678 kişinin sepetinde,"8,8B kişi favoriledi",Son 24 saatte 601 kişi görüntüledi,4999,TRY,0,,1,3,5 saat 54 dakika içinde sipariş verirsen en geç bugün kargoda!,En Çok Satan 4. Ürün,https://cdn.dsmcdn.com/ty1928/prod/QC_PREP/20260610/10/923b15a0-486f-3e0f-a656-ff757cb55bf5/1_org_zoom.jpg,"{""Parça Sayısı"":""144"",""Yaş"":""6+ Yaş"",""Diğer Özellikler"":""Küçük parçalar içermektedir."",""Menşei"":""CN"",""Ürün Uyarıları (Oyuncak)"":""Küçük parçalar içermektedir."",""Batarya Türü"":""Diğer"",""Özellik"":""Standart""}",20,4.35,refreshed,"[""daily_top""]",true,2026-08-17T09:00:04+03:00,0,"[""search_result_dom"",""product_detail_jsonld"",""product_detail_dom""]","{""title"":""observed"",""brand"":""observed"",""seller_name"":""observed"",""seller_score"":""observed"",""price"":""observed"",""original_price"":""unavailable"",""campaigns"":""observed"",""stock_status"":""observed"",""stock_signal"":""observed"",""rating"":""observed"",""rating_count"":""observed"",""review_count"":""observed"",""question_count"":""observed"",""delivery_summary"":""observed"",""shipping_cost"":""observed"",""properties"":""observed""}",true,
2026-08-17,2026-08-17T09:00:04+03:00,çocuk,BEST_SELLER,cocuk-oyuncak,çocuk oyuncak,57,4,129,129,,-33,22.3,7.7,53036058,190370,Brother Toys Transformer Robot Çek Bırak Kendinden Robota Dönüşen 1:32 Bugatti Oyuncak Araba,Brother Toys,Araç Seti,https://www.trendyol.com/brother-toys/transformer-robot-cek-birak-kendinden-robota-donusen-1-32-bugatti-oyuncak-araba-p-53036058?boutiqueId=61&merchantId=190370,BROTHERTOYS,92,199.9,,,0,TRY,"[""Kargo Bedava""]",InStock,100 adetten fazla stok sunulmuştur,,,4,1202,618,1,99,"1,3B kişinin sepetinde",34B kişi favoriledi,Son 24 saatte 838 kişi görüntüledi,4999,TRY,0,,1,3,4 saat 54 dakika içinde sipariş verirsen en geç bugün kargoda!,En Çok Favorilenen 4. Ürün,https://cdn.dsmcdn.com/ty1739/prod/QC_ENRICHMENT/20250827/15/d6f3e408-5ec8-383c-bef4-7f0d24e3281a/1_org_zoom.jpg,"{""Paket İçeriği"":""1'li"",""Yaş"":""1+ Yaş"",""Piller Kutuya Dahil Mi?"":""Hayır"",""Pil ile mi çalışır?"":""Hayır"",""Diğer Özellikler"":""Kaliteli Dayanıklı Malzeme"",""Menşei"":""CN"",""Batarya Türü"":""Diğer"",""Batarya Boyutu"":""Uygulanabilir Değil"",""Özellik"":""Robot"",""Renk"":""Turuncu""}",20,5,refreshed,"[""daily_top""]",true,2026-08-17T09:00:04+03:00,0,"[""search_result_dom"",""product_detail_jsonld"",""product_detail_dom""]","{""title"":""observed"",""brand"":""observed"",""seller_name"":""observed"",""seller_score"":""observed"",""price"":""observed"",""original_price"":""unavailable"",""campaigns"":""observed"",""stock_status"":""observed"",""stock_signal"":""observed"",""rating"":""observed"",""rating_count"":""observed"",""review_count"":""observed"",""question_count"":""observed"",""delivery_summary"":""observed"",""shipping_cost"":""observed"",""properties"":""observed""}",true,
2026-08-17,2026-08-17T09:00:04+03:00,çocuk,BEST_SELLER,cocuk-oyuncak,çocuk oyuncak,58,4,130,130,,,19,11,1088623810,756582,"Erbek Puzzle City 3D Yapı Ve Tasarım Blokları 132 Parça Eğitici, Zeka Geliştirici Oyuncak Lego",Erbek,Eğitici Oyuncak,https://www.trendyol.com/erbek/puzzle-city-3d-yapi-ve-tasarim-bloklari-132-parca-egitici-zeka-gelistirici-oyuncak-lego-p-1088623810?boutiqueId=61&merchantId=756582,DELVOS,9,199.9,,,,TRY,"[""Kargo Bedava""]",InStock,100 adetten fazla stok sunulmuştur,,,4.2,433,235,,37,"1,1B kişinin sepetinde","19,9B kişi favoriledi",Son 24 saatte 578 kişi görüntüledi,4999,TRY,0,,1,3,4 saat 54 dakika içinde sipariş verirsen en geç bugün kargoda!,,https://cdn.dsmcdn.com/ty1927/prod/QC_ENRICHMENT/20260629/15/4f2cd619-6b52-3601-930a-73299b0947f9/1_org_zoom.jpg,"{""Paket İçeriği"":""Belirtilmemiş"",""Yaş"":""3+ Yaş"",""Piller Kutuya Dahil Mi?"":""Hayır"",""Dil"":""Evrensel Dil"",""Pil ile mi çalışır?"":""Hayır"",""Menşei"":""TR""}",20,5,refreshed,"[""daily_top""]",true,2026-08-17T09:00:04+03:00,0,"[""search_result_dom"",""product_detail_jsonld"",""product_detail_dom""]","{""title"":""observed"",""brand"":""observed"",""seller_name"":""observed"",""seller_score"":""observed"",""price"":""observed"",""original_price"":""unavailable"",""campaigns"":""observed"",""stock_status"":""observed"",""stock_signal"":""observed"",""rating"":""observed"",""rating_count"":""observed"",""review_count"":""observed"",""question_count"":""observed"",""delivery_summary"":""observed"",""shipping_cost"":""observed"",""properties"":""observed""}",true,
2026-08-17,2026-08-17T09:00:04+03:00,çocuk,BEST_SELLER,cocuk-oyuncak,çocuk oyuncak,59,4,131,131,8,,22,9.1,930523305,725158,bolfer Köpük Baloncuklu Işıklı Pilli Tabanca – Pembe,bolfer,,https://www.trendyol.com/bolfer/kopuk-baloncuklu-isikli-pilli-tabanca-pembe-p-930523305?boutiqueId=61&merchantId=725158,BOLSAN TEKNOLOJİ,86,304,307.39,1.1,,TRY,"[""Son 10 Günün En Düşük Fiyatı"",""Kargo Bedava"",""Son 10 günün en düşük fiyatı""]",InStock,100 adetten fazla stok sunulmuştur,,,3.3,403,,,136,424 kişinin sepetinde,"11,7B kişi favoriledi",Son 24 saatte 371 kişi görüntüledi,,,0,,,,2 saat 54 dakika içinde sipariş verirsen en geç bugün kargoda!,En Çok Satan 8. Ürün,,{},0,,refreshed,"[""daily_top""]",true,2026-08-17T09:00:04+03:00,0,"[""search_result_dom"",""product_detail_jsonld"",""product_detail_dom""]","{""title"":""observed"",""brand"":""observed"",""seller_name"":""observed"",""seller_score"":""observed"",""price"":""observed"",""original_price"":""observed"",""campaigns"":""observed"",""stock_status"":""observed"",""stock_signal"":""observed"",""rating"":""observed"",""rating_count"":""observed"",""review_count"":""unavailable"",""question_count"":""observed"",""delivery_summary"":""observed"",""shipping_cost"":""unavailable"",""properties"":""observed""}",true,
2026-08-17,2026-08-17T09:00:04+03:00,çocuk,BEST_SELLER,cocuk-oyuncak,çocuk oyuncak,60,4,132,132,,,42.5,17.5,1158160067,357212,Go Toys Yumuşak Yapı Blokları 48 Prc - Bublox Soft Bricks - Yumuşak Yapı Blokları,Go Toys,Diğer Oyun Takımları,https://www.trendyol.com/go-toys/yumusak-yapi-bloklari-48-prc-bublox-soft-bricks-yumusak-yapi-bloklari-p-1158160067?boutiqueId=61&merchantId=357212,Shopist,9,433.3,619,30,,TRY,"[""Sepette %30 İndirim"",""Kargo Bedava""]",InStock,100 adetten fazla stok sunulmuştur,,,4.3,59,36,,21,"2,4B kişinin sepetinde","30,6B kişi favoriledi",Son 24 saatte 864 kişi görüntüledi,4999,TRY,0,1,1,3,14 saat 54 dakika içinde sipariş verirsen en geç yarın kargoda!,,https://cdn.dsmcdn.com/ty1914/prod/QC_PREP/20260619/11/0a79a7b9-8f20-3d54-89d6-cf75f29ff67b/1_org_zoom.jpg,"{""Parça Sayısı"":""48"",""Yaş"":""1+ Yaş"",""Menşei"":""TR""}",20,5,refreshed,"[""daily_top""]",true,2026-08-17T09:00:04+03:00,0,"[""search_result_dom"",""product_detail_jsonld"",""product_detail_dom""]","{""title"":""observed"",""brand"":""observed"",""seller_name"":""observed"",""seller_score"":""observed"",""price"":""observed"",""original_price"":""observed"",""campaigns"":""observed"",""stock_status"":""observed"",""stock_signal"":""observed"",""rating"":""observed"",""rating_count"":""observed"",""review_count"":""observed"",""question_count"":""observed"",""delivery_summary"":""observed"",""shipping_cost"":""observed"",""properties"":""observed""}",true,
2026-08-17,2026-08-17T09:00:04+03:00,çocuk,BEST_SELLER,cocuk-oyuncak,çocuk oyuncak,61,4,133,133,4,-18,15.6,15.4,43837806,119768,Genel Markalar Plaj Havlu Mandalı - Şezlong Mandalı - Mandal Xl 4 Adet,Genel Markalar,Deniz Malzemesi,https://www.trendyol.com/genel-markalar/plaj-havlu-mandali-sezlong-mandali-mandal-xl-4-adet-p-43837806?boutiqueId=61&merchantId=119768,PANJİ EV GEREÇLERİ,86,138.5,139.9,1,-9,TRY,"[""Sepette %1 İndirim"",""Kargo Bedava"",""Son 10 Günün En Düşük Fiyatı"",""Trendyol Plus'a Özel""]",InStock,100 adetten fazla stok sunulmuştur,,,4.6,130,66,0,30,361 kişinin sepetinde,"1,2B kişi favoriledi",,4999,TRY,0,1,1,3,14 saat 54 dakika içinde sipariş verirsen en geç yarın kargoda!,En Çok Satan 4. Ürün,https://cdn.dsmcdn.com/ty1937/prod/QC_ENRICHMENT/20260714/16/d363b169-acbf-3439-900a-80db69cd499b/1_org_zoom.jpg,"{""Renk"":""Turuncu"",""Yaş"":""11+ Yaş"",""Menşei"":""TR""}",20,5,refreshed,"[""daily_top""]",true,2026-08-17T09:00:04+03:00,0,"[""search_result_dom"",""product_detail_jsonld"",""product_detail_dom""]","{""title"":""observed"",""brand"":""observed"",""seller_name"":""observed"",""seller_score"":""observed"",""price"":""observed"",""original_price"":""observed"",""campaigns"":""observed"",""stock_status"":""observed"",""stock_signal"":""observed"",""rating"":""observed"",""rating_count"":""observed"",""review_count"":""observed"",""question_count"":""observed"",""delivery_summary"":""observed"",""shipping_cost"":""observed"",""properties"":""observed""}",true,
2026-08-17,2026-08-17T09:00:04+03:00,çocuk,BEST_SELLER,cocuk-oyuncak,çocuk oyuncak,62,4,134,134,,,25.9,18.4,1176552963,1078313,Minolio LED Işıklı Çizim ve Boyama Tahtası Stant ve 6 Adet Kalem Hediyeli 20X20,Minolio,Eğitici Oyuncak,https://www.trendyol.com/minolio/led-isikli-cizim-ve-boyama-tahtasi-stant-ve-6-adet-kalem-hediyeli-20x20-p-1176552963?boutiqueId=61&merchantId=1078313,Minolio,92,600,700,14.3,,TRY,"[""Kargo Bedava""]",InStock,100 adetten fazla stok sunulmuştur,,,4.6,27,27,,19,"1,2B kişinin sepetinde","4,6B kişi favoriledi","Son 24 saatte 1,6B kişi görüntüledi",4999,TRY,0,1,1,3,14 saat 54 dakika içinde sipariş verirsen en geç yarın kargoda!,,https://cdn.dsmcdn.com/ty1919/prod/QC_PREP/20260727/23/80d12e44-bdff-3e13-ae34-bd961198cfb5/1_org_zoom.jpg,"{""Paket İçeriği"":""Belirtilmemiş"",""Yaş"":""3+ Yaş"",""Piller Kutuya Dahil Mi?"":""Belirtilmemiş"",""Dil"":""Türkçe"",""Pil ile mi çalışır?"":""Hayır"",""Menşei"":""CN""}",20,5,refreshed,"[""daily_top""]",true,2026-08-17T09:00:04+03:00,0,"[""search_result_dom"",""product_detail_jsonld"",""product_detail_dom""]","{""title"":""observed"",""brand"":""observed"",""seller_name"":""observed"",""seller_score"":""observed"",""price"":""observed"",""original_price"":""observed"",""campaigns"":""observed"",""stock_status"":""observed"",""stock_signal"":""observed"",""rating"":""observed"",""rating_count"":""observed"",""review_count"":""observed"",""question_count"":""observed"",""delivery_summary"":""observed"",""shipping_cost"":""observed"",""properties"":""observed""}",true,
2026-08-17,2026-08-17T09:00:04+03:00,çocuk,BEST_SELLER,cocuk-oyuncak,çocuk oyuncak,63,4,135,135,,52,55.3,4.7,376130690,357212,Go Toys Şanslı Penguen Kulesi Eğitici Zeka Ve Aktivite Oyunu Eğlence Kutusu,Go Toys,Kutu Oyunu,https://www.trendyol.com/go-toys/sansli-penguen-kulesi-egitici-zeka-ve-aktivite-oyunu-eglence-kutusu-p-376130690?boutiqueId=61&merchantId=357212,Shopist,9,131.6,188,30,-17.6,TRY,"[""Sepette %30 İndirim"",""Kargo Bedava""]",InStock,100 adetten fazla stok sunulmuştur,,,4.4,2821,1471,-7,50,1B kişinin sepetinde,"89,3B kişi favoriledi",Son 24 saatte 656 kişi görüntüledi,4999,TRY,0,1,1,3,14 saat 54 dakika içinde sipariş verirsen en geç yarın kargoda!,,https://cdn.dsmcdn.com/ty1625/product/media/images/prod/PIM/20250115/10/33c9bb3c-1b8e-4fa8-9882-a513475faf9a/1_org_zoom.jpg,"{""Oyuncu Sayısı"":""6 Kişi"",""Yaş"":""3+ Yaş"",""Dil"":""Evrensel Dil"",""Menşei"":""UM""}",20,5,refreshed,"[""daily_top"",""hot_change""]",true,2026-08-17T09:00:04+03:00,0,"[""search_result_dom"",""product_detail_jsonld"",""product_detail_dom""]","{""title"":""observed"",""brand"":""observed"",""seller_name"":""observed"",""seller_score"":""observed"",""price"":""observed"",""original_price"":""observed"",""campaigns"":""observed"",""stock_status"":""observed"",""stock_signal"":""observed"",""rating"":""observed"",""rating_count"":""observed"",""review_count"":""observed"",""question_count"":""observed"",""delivery_summary"":""observed"",""shipping_cost"":""observed"",""properties"":""observed""}",true,
2026-08-17,2026-08-17T09:00:04+03:00,çocuk,BEST_SELLER,cocuk-oyuncak,çocuk oyuncak,64,4,136,136,,9,10,20,1134495813,1219946,ORVİCA Çocuklar Için Atlama Zıplama Oyuncağı Boy Uzatıcı Eğitici Fiziksel Ve Zihinsel Geliştirici Spor Oyun,ORVİCA,Eğitici Oyuncak,https://www.trendyol.com/orvica/cocuklar-icin-atlama-ziplama-oyuncagi-boy-uzatici-egitici-fiziksel-ve-zihinsel-gelistirici-spor-oyun-p-1134495813?boutiqueId=61&merchantId=1219946,ORVİCA TR,86,189,,,0,TRY,"[""Kargo Bedava""]",InStock,100 adetten fazla stok sunulmuştur,,,4.2,30,17,1,,,,,4999,TRY,0,,1,3,3 saat 54 dakika içinde sipariş verirsen en geç bugün kargoda!,,https://cdn.dsmcdn.com/ty1854/prod/QC_PREP/20260417/17/9ae035bc-9809-3a36-87d7-e159013142e0/1_org_zoom.jpg,"{""Paket İçeriği"":""1+"",""Yaş"":""5+ Yaş"",""Piller Kutuya Dahil Mi?"":""Hayır"",""Dil"":""Türkçe"",""Pil ile mi çalışır?"":""Hayır"",""Menşei"":""CN"",""Özellik"":""Ayarlanabilir""}",17,4.29,refreshed,"[""daily_top""]",true,2026-08-17T09:00:04+03:00,0,"[""search_result_dom"",""product_detail_jsonld"",""product_detail_dom""]","{""title"":""observed"",""brand"":""observed"",""seller_name"":""observed"",""seller_score"":""observed"",""price"":""observed"",""original_price"":""unavailable"",""campaigns"":""observed"",""stock_status"":""observed"",""stock_signal"":""observed"",""rating"":""observed"",""rating_count"":""observed"",""review_count"":""observed"",""question_count"":""unavailable"",""delivery_summary"":""observed"",""shipping_cost"":""observed"",""properties"":""observed""}",true,
2026-08-17,2026-08-17T09:00:04+03:00,çocuk,BEST_SELLER,cocuk-oyuncak,çocuk oyuncak,65,4,137,137,10,,23.9,6.1,873653473,1258151,M&H Heroes Buz Kırma Oyunu Buz Küpü Poşetli %100 Orijinal - Eğitici Öğretici Eğlenceli Çocuk Oyuncak,M&H,Kutu Oyunu,https://www.trendyol.com/m-h/heroes-buz-kirma-oyunu-buz-kupu-posetli-100-orijinal-egitici-ogretici-eglenceli-cocuk-oyuncak-p-873653473?boutiqueId=61&merchantId=1258151,Mind Toys,95,129,,,,TRY,"[""Kargo Bedava""]",InStock,100 adetten fazla stok sunulmuştur,,,4.3,2055,980,,119,,,,4999,TRY,0,,1,3,5 saat 54 dakika içinde sipariş verirsen en geç bugün kargoda!,En Çok Satan 10. Ürün,https://cdn.dsmcdn.com/ty1937/prod/QC_ENRICHMENT/20260622/10/9f8f0d71-07d6-324d-89f1-5c4e3a5a9813/1_org_zoom.jpg,"{""Oyuncu Sayısı"":""2 Kişi"",""Yaş"":""3+ Yaş"",""Dil"":""Evrensel Dil"",""Menşei"":""TR""}",20,5,refreshed,"[""daily_top""]",true,2026-08-17T09:00:04+03:00,0,"[""search_result_dom"",""product_detail_jsonld"",""product_detail_dom""]","{""title"":""observed"",""brand"":""observed"",""seller_name"":""observed"",""seller_score"":""observed"",""price"":""observed"",""original_price"":""unavailable"",""campaigns"":""observed"",""stock_status"":""observed"",""stock_signal"":""observed"",""rating"":""observed"",""rating_count"":""observed"",""review_count"":""observed"",""question_count"":""observed"",""delivery_summary"":""observed"",""shipping_cost"":""observed"",""properties"":""observed""}",true,
2026-08-17,2026-08-17T09:00:04+03:00,çocuk,BEST_SELLER,cocuk-oyuncak,çocuk oyuncak,66,4,138,138,,,15.4,17.5,1157318599,1271116,MİNİKOM`S Minikom Toplu 16`lı Set | 16 adet Hareketli Eğitici Set,MİNİKOM`S,Eğitici Oyuncak,https://www.trendyol.com/minikom-s/minikom-toplu-16-li-set-16-adet-hareketli-egitici-set-p-1157318599?boutiqueId=61&merchantId=1271116,Minikom Oyuncak Dünyası,98,183.63,189.11,2.9,,TRY,"[""Son 10 Günün En Düşük Fiyatı"",""Kargo Bedava"",""Son 10 günün en düşük fiyatı""]",InStock,100 adetten fazla stok sunulmuştur,,,4.9,43,36,,21,,,,4999,TRY,0,1,1,3,14 saat 54 dakika içinde sipariş verirsen en geç yarın kargoda!,,https://cdn.dsmcdn.com/ty1914/prod/QC_PREP/20260617/08/dc653332-2ad3-3005-9e2a-a9deeaa20763/1_org_zoom.jpg,"{""Paket İçeriği"":""16'lı"",""Yaş"":""3+ Yaş"",""Piller Kutuya Dahil Mi?"":""Hayır"",""Dil"":""Türkçe"",""Pil ile mi çalışır?"":""Hayır"",""Diğer Özellikler"":""YOK"",""Menşei"":""TR"",""Ürün Uyarıları (Oyuncak)"":""YOK"",""Batarya Türü"":""Diğer"",""Batarya Boyutu"":""Uygulanabilir Değil"",""Özellik"":""Katı""}",20,5,refreshed,"[""daily_top""]",true,2026-08-17T09:00:04+03:00,0,"[""search_result_dom"",""product_detail_jsonld"",""product_detail_dom""]","{""title"":""observed"",""brand"":""observed"",""seller_name"":""observed"",""seller_score"":""observed"",""price"":""observed"",""original_price"":""observed"",""campaigns"":""observed"",""stock_status"":""observed"",""stock_signal"":""observed"",""rating"":""observed"",""rating_count"":""observed"",""review_count"":""observed"",""question_count"":""observed"",""delivery_summary"":""observed"",""shipping_cost"":""observed"",""properties"":""observed""}",true,
2026-08-17,2026-08-17T09:00:04+03:00,çocuk,BEST_SELLER,cocuk-oyuncak,çocuk oyuncak,67,4,139,139,3,,30.3,5.8,757437741,717818,Sekk O Sevgiliye Özel Hediyelik Çilek Tavşan Peluş Oyuncak 35 Cm Özel Tasarım-fermuarlı Yapısıyla,Sekk O,,https://www.trendyol.com/sekk-o/sevgiliye-ozel-hediyelik-cilek-tavsan-pelus-oyuncak-35-cm-ozel-tasarim-fermuarli-yapisiyla-p-757437741?boutiqueId=61&merchantId=717818,Sekk O,86,348,370.79,6.1,,TRY,"[""Son 10 Günün En Düşük Fiyatı"",""Kargo Bedava"",""Son 10 günün en düşük fiyatı""]",InStock,100 adetten fazla stok sunulmuştur,,,4.4,1064,,,216,730 kişinin sepetinde,"36,2B kişi favoriledi",Son 24 saatte 469 kişi görüntüledi,,,0,,,,1 saat 54 dakika içinde sipariş verirsen en geç bugün kargoda!,En Çok Satan 3. Ürün,,{},0,,refreshed,"[""daily_top""]",true,2026-08-17T09:00:04+03:00,0,"[""search_result_dom"",""product_detail_jsonld"",""product_detail_dom""]","{""title"":""observed"",""brand"":""observed"",""seller_name"":""observed"",""seller_score"":""observed"",""price"":""observed"",""original_price"":""observed"",""campaigns"":""observed"",""stock_status"":""observed"",""stock_signal"":""observed"",""rating"":""observed"",""rating_count"":""observed"",""review_count"":""unavailable"",""question_count"":""observed"",""delivery_summary"":""observed"",""shipping_cost"":""unavailable"",""properties"":""observed""}",true,
2026-08-17,2026-08-17T09:00:04+03:00,çocuk,BEST_SELLER,cocuk-oyuncak,çocuk oyuncak,68,5,140,140,,,38.5,11.5,1124966835,1047741,Magly Soft Bricks Yumuşak Yapı Blokları - Çocuklar İçin Renkli Esnek 42 Parça Yapı Blok Seti,Magly,Diğer Oyun Takımları,https://www.trendyol.com/magly/soft-bricks-yumusak-yapi-bloklari-cocuklar-icin-renkli-esnek-42-parca-yapi-blok-seti-p-1124966835?boutiqueId=61&merchantId=1047741,Magly,,756,945,20,,TRY,"[""Sepette %20 İndirim"",""Kargo Bedava""]",InStock,100 adetten fazla stok sunulmuştur,,,4.9,266,204,,17,"1,4B kişinin sepetinde","21,9B kişi favoriledi",Son 24 saatte 1B kişi görüntüledi,4999,TRY,0,,1,3,5 saat 54 dakika içinde sipariş verirsen en geç bugün kargoda!,En Çok Ziyaret Edilen 6. Ürün,https://cdn.dsmcdn.com/ty1929/prod/QC_ENRICHMENT/20260801/17/9cf2203b-7f5d-36bd-bf48-bf2a44663416/1_org_zoom.jpg,"{""Parça Sayısı"":""42"",""Yaş"":""1+ Yaş"",""Menşei"":""TR"",""Ürün Uyarıları (Oyuncak)"":""Küçük parçalar içerir.; 1 yaşından küçük çocuklar için uygun değildir.; Ürün özellikleri, renk ve içerik ambalajdaki görsellerden farklılık gösterebilir."",""Özellik"":""BPA Free""}",20,5,refreshed,"[""daily_top""]",true,2026-08-17T09:00:04+03:00,0,"[""search_result_dom"",""product_detail_jsonld"",""product_detail_dom""]","{""title"":""observed"",""brand"":""observed"",""seller_name"":""observed"",""seller_score"":""unavailable"",""price"":""observed"",""original_price"":""observed"",""campaigns"":""observed"",""stock_status"":""observed"",""stock_signal"":""observed"",""rating"":""observed"",""rating_count"":""observed"",""review_count"":""observed"",""question_count"":""observed"",""delivery_summary"":""observed"",""shipping_cost"":""observed"",""properties"":""observed""}",true,
2026-08-17,2026-08-17T09:00:04+03:00,çocuk,BEST_SELLER,cocuk-oyuncak,çocuk oyuncak,69,5,141,141,3,,17.5,17.5,1143797846,1183562,Genel Markalar 10'lu Mini Baloncuk Oyuncağı | Köpük Balon Seti | Bubble Oyuncak | Doğum Günü Hediyeliği | Okul Dağıtmalık | Karne Hediyesi | Renkli Baloncuk Tüpü,Genel Markalar,Bahçe Oyuncakları,https://www.trendyol.com/genel-markalar/10-lu-mini-baloncuk-oyuncagi-kopuk-balon-seti-bubble-oyuncak-dogum-gunu-hediyeligi-okul-dagitmalik-karne-hediyesi-renkli-baloncuk-tupu-p-1143797846?boutiqueId=61&merchantId=1183562,Minikoo Kids,88,124.45,131,5,,TRY,"[""Sepette %5 İndirim"",""Kargo Bedava""]",InStock,100 adetten fazla stok sunulmuştur,,,3.7,60,36,,23,526 kişinin sepetinde,"4,4B kişi favoriledi",,4999,TRY,0,1,1,3,14 saat 54 dakika içinde sipariş verirsen en geç yarın kargoda!,En Çok Satan 3. Ürün,https://cdn.dsmcdn.com/ty1896/prod/QC_ENRICHMENT/20260728/23/a60b0def-22fc-36db-a0c6-f348a06186bb/1_org_zoom.jpg,"{""Yaş"":""3+ Yaş"",""Menşei"":""TR""}",20,4.6,refreshed,"[""daily_top""]",true,2026-08-17T09:00:04+03:00,0,"[""search_result_dom"",""product_detail_jsonld"",""product_detail_dom""]","{""title"":""observed"",""brand"":""observed"",""seller_name"":""observed"",""seller_score"":""observed"",""price"":""observed"",""original_price"":""observed"",""campaigns"":""observed"",""stock_status"":""observed"",""stock_signal"":""observed"",""rating"":""observed"",""rating_count"":""observed"",""review_count"":""observed"",""question_count"":""observed"",""delivery_summary"":""observed"",""shipping_cost"":""observed"",""properties"":""observed""}",true,
2026-08-17,2026-08-17T09:00:04+03:00,çocuk,BEST_SELLER,cocuk-oyuncak,çocuk oyuncak,70,5,142,142,2,,19.7,10.3,933194742,107786,Smartfox Şarj Edilebilir Road Blast Full Fonksiyon Uzaktan Kumandalı Araba Mavi,Smartfox,,https://www.trendyol.com/smartfox/sarj-edilebilir-road-blast-full-fonksiyon-uzaktan-kumandali-araba-mavi-p-933194742?boutiqueId=61&merchantId=107786,Wise,89,599,,,,TRY,"[""Kargo Bedava""]",InStock,100 adetten fazla stok sunulmuştur,,,3.5,286,,,73,582 kişinin sepetinde,"5,8B kişi favoriledi",Son 24 saatte 473 kişi görüntüledi,,,0,,,,3 saat 54 dakika içinde sipariş verirsen en geç bugün kargoda!,En Çok Satan 2. Ürün,,{},0,,refreshed,"[""daily_top""]",true,2026-08-17T09:00:04+03:00,0,"[""search_result_dom"",""product_detail_jsonld"",""product_detail_dom""]","{""title"":""observed"",""brand"":""observed"",""seller_name"":""observed"",""seller_score"":""observed"",""price"":""observed"",""original_price"":""unavailable"",""campaigns"":""observed"",""stock_status"":""observed"",""stock_signal"":""observed"",""rating"":""observed"",""rating_count"":""observed"",""review_count"":""unavailable"",""question_count"":""observed"",""delivery_summary"":""observed"",""shipping_cost"":""unavailable"",""properties"":""observed""}",true,
2026-08-17,2026-08-17T09:00:04+03:00,çocuk,BEST_SELLER,cocuk-oyuncak,çocuk oyuncak,71,5,143,143,,,27.7,3.3,36910706,256324,Genel Markalar Tetris Nostaljik Oyuncak Atari Tetris El Atarisi Unutulmayan Tetris Oyun basic fun,Genel Markalar,Eğitici Oyuncak,https://www.trendyol.com/genel-markalar/tetris-nostaljik-oyuncak-atari-tetris-el-atarisi-unutulmayan-tetris-oyun-basic-fun-p-36910706?boutiqueId=61&merchantId=256324,MorzaPazari,84,74.99,75.75,1,,TRY,"[""Sepette %1 İndirim"",""15 TL Kupon"",""Kargo Bedava""]",InStock,50 adetten fazla stok sunulmuştur,,,3.7,4022,2170,,940,335 kişinin sepetinde,50B kişi favoriledi,,4999,TRY,0,,1,3,1 saat 54 dakika içinde sipariş verirsen en geç bugün kargoda!,,https://cdn.dsmcdn.com/ty1667/prod/QC/20250421/22/f944cf0a-845d-3dc0-92ff-67bdbe0f8b41/1_org_zoom.jpg,"{""Paket İçeriği"":""1'li"",""Yaş"":""6+ Yaş"",""Piller Kutuya Dahil Mi?"":""Belirtilmemiş"",""Dil"":""Türkçe"",""Pil ile mi çalışır?"":""Evet"",""Diğer Özellikler"":""+3 Yaş İçin Uygundur."",""Menşei"":""CN"",""Ürün Uyarıları (Oyuncak)"":""3 yaş üzeri"",""Batarya Türü"":""Lityum-iyon"",""Özellik"":""Normal""}",20,5,refreshed,"[""daily_top""]",true,2026-08-17T09:00:04+03:00,0,"[""search_result_dom"",""product_detail_jsonld"",""product_detail_dom""]","{""title"":""observed"",""brand"":""observed"",""seller_name"":""observed"",""seller_score"":""observed"",""price"":""observed"",""original_price"":""observed"",""campaigns"":""observed"",""stock_status"":""observed"",""stock_signal"":""observed"",""rating"":""observed"",""rating_count"":""observed"",""review_count"":""observed"",""question_count"":""observed"",""delivery_summary"":""observed"",""shipping_cost"":""observed"",""properties"":""observed""}",true,
2026-08-17,2026-08-17T09:00:04+03:00,çocuk,BEST_SELLER,cocuk-oyuncak,çocuk oyuncak,72,5,144,144,,,38,12,972632523,1127325,Circle Toys UFO Eğitici Duyusal Aktivite Oyuncağı - 1-3 Yaş Yürümeye Başlayan Çocuklar Için Montessori Seti,Circle Toys,Eğitici Oyuncak,https://www.trendyol.com/circle-toys/ufo-egitici-duyusal-aktivite-oyuncagi-1-3-yas-yurumeye-baslayan-cocuklar-icin-montessori-seti-p-972632523?boutiqueId=61&merchantId=1127325,Circle Toys,,599.9,749.87,20,,TRY,"[""Sepette %20 İndirim"",""Kargo Bedava"",""Trendyol Plus'a Özel""]",InStock,100 adetten fazla stok sunulmuştur,,,4.6,349,175,,22,"1,4B kişinin sepetinde","37,5B kişi favoriledi",Son 24 saatte 777 kişi görüntüledi,4999,TRY,0,1,1,3,1 saat 54 dakika içinde sipariş verirsen en geç bugün kargoda!,,https://cdn.dsmcdn.com/ty1891/prod/QC_ENRICHMENT/20260703/01/ec3dab2c-d2e3-3daf-b348-9e8c06ea02fd/1_org_zoom.jpg,"{""Paket İçeriği"":""1'li"",""Yaş"":""1+ Yaş"",""Piller Kutuya Dahil Mi?"":""Hayır"",""Dil"":""Evrensel Dil"",""Pil ile mi çalışır?"":""Hayır"",""Diğer Özellikler"":""Bebekler için ip çekme oyuncağı, Kayan Top, Popit patlatma"",""Menşei"":""CN"",""Ürün Uyarıları (Oyuncak)"":""Bu oyuncak 12 aydan küçük çocuklar için uygun değildir. Gerekli durumlarda oyuncağı nemli bez ile silerek temizleyiniz.""}",20,5,refreshed,"[""daily_top""]",true,2026-08-17T09:00:04+03:00,0,"[""search_result_dom"",""product_detail_jsonld"",""product_detail_dom""]","{""title"":""observed"",""brand"":""observed"",""seller_name"":""observed"",""seller_score"":""unavailable"",""price"":""observed"",""original_price"":""observed"",""campaigns"":""observed"",""stock_status"":""observed"",""stock_signal"":""observed"",""rating"":""observed"",""rating_count"":""observed"",""review_count"":""observed"",""question_count"":""observed"",""delivery_summary"":""observed"",""shipping_cost"":""observed"",""properties"":""observed""}",true,
2026-08-17,2026-08-17T09:00:04+03:00,çocuk,BEST_SELLER,cocuk-oyuncak,çocuk oyuncak,73,5,145,145,,,18.2,11.8,1156537751,752303,"ROBEVE Şarjlı Otomatik Su Tabancası Oyuncak Şarjlı Geniş Su Hazneli Gerçekçi Geri Tepme Efektli Su Silahı – Yaz Eğlencesi, Havuz Oyuncağı Bahçe Oyuncağı İçin Eğlenceli Şarjlı Su Tabancası Oyuncak",ROBEVE,,https://www.trendyol.com/robeve/sarjli-otomatik-su-tabancasi-oyuncak-sarjli-genis-su-hazneli-gercekci-geri-tepme-efektli-su-silahi-yaz-eglencesi-havuz-oyuncagi-bahce-oyuncagi-icin-eglenceli-sarjli-su-tabancasi-oyuncak-p-1156537751?boutiqueId=61&merchantId=752303,KİNKU,94,624,,,,TRY,"[""Kargo Bedava"",""Son 10 Günün En Düşük Fiyatı""]",InStock,100 adetten fazla stok sunulmuştur,,,3.8,185,,,57,505 kişinin sepetinde,"6,4B kişi favoriledi",Son 24 saatte 619 kişi görüntüledi,,,0,,,,14 saat 54 dakika içinde sipariş verirsen en geç yarın kargoda!,En Çok Ziyaret Edilen 6. Ürün,,{},0,,refreshed,"[""daily_top""]",true,2026-08-17T09:00:04+03:00,0,"[""search_result_dom"",""product_detail_jsonld"",""product_detail_dom""]","{""title"":""observed"",""brand"":""observed"",""seller_name"":""observed"",""seller_score"":""observed"",""price"":""observed"",""original_price"":""unavailable"",""campaigns"":""observed"",""stock_status"":""observed"",""stock_signal"":""observed"",""rating"":""observed"",""rating_count"":""observed"",""review_count"":""unavailable"",""question_count"":""observed"",""delivery_summary"":""observed"",""shipping_cost"":""unavailable"",""properties"":""observed""}",true,
2026-08-17,2026-08-17T09:00:04+03:00,çocuk,BEST_SELLER,cocuk-oyuncak,çocuk oyuncak,74,5,146,146,,,46.6,3.4,639245193,1127325,"Circle Toys Su Oyun Matı , Tummy Time (TEST RAPORLU)",Circle Toys,Bebek & Aktivite Oyuncakları,https://www.trendyol.com/circle-toys/su-oyun-mati-tummy-time-test-raporlu-p-639245193?boutiqueId=61&merchantId=1127325,Circle Toys,,499.9,624.88,20,,TRY,"[""Sepette %20 İndirim"",""50 TL Kupon"",""Kargo Bedava"",""Süper Fırsat Ürünü"",""Trendyol Plus'a Özel""]",InStock,100 adetten fazla stok sunulmuştur,,,4.5,4030,2112,,484,956 kişinin sepetinde,"98,6B kişi favoriledi",Son 24 saatte 460 kişi görüntüledi,4999,TRY,0,1,1,3,1 saat 54 dakika içinde sipariş verirsen en geç bugün kargoda!,En Çok Favorilenen 2. Ürün,https://cdn.dsmcdn.com/ty1614/prod/QC/20241219/19/a1c5fed7-36c2-343a-b3c7-623eda2a6ddc/1_org_zoom.jpg,"{""Paket İçeriği"":""1'li"",""Yükseklik"":""51 cm"",""Genişlik"":""66 cm"",""Derinlik"":""10 cm"",""Yaş"":""1+ Yaş"",""Dil"":""Evrensel Dil"",""Pil ile mi çalışır?"":""Hayır"",""Piller Kutuya Dahil Mi?"":""Hayır"",""Diğer Özellikler"":""Su oyun matı"",""Menşei"":""TR"",""Ürün Uyarıları (Oyuncak)"":""Çevre Dostu Üretim: Sağlığa zararlı maddeler içermez, çocuklar için güvenlidir."",""Materyal Bileşeni"":""NaN% undefined"",""Özellik"":""Suya Dayanıklı""}",20,5,refreshed,"[""daily_top""]",true,2026-08-17T09:00:04+03:00,0,"[""search_result_dom"",""product_detail_jsonld"",""product_detail_dom""]","{""title"":""observed"",""brand"":""observed"",""seller_name"":""observed"",""seller_score"":""unavailable"",""price"":""observed"",""original_price"":""observed"",""campaigns"":""observed"",""stock_status"":""observed"",""stock_signal"":""observed"",""rating"":""observed"",""rating_count"":""observed"",""review_count"":""observed"",""question_count"":""observed"",""delivery_summary"":""observed"",""shipping_cost"":""observed"",""properties"":""observed""}",true,
2026-08-17,2026-08-17T09:00:04+03:00,çocuk,BEST_SELLER,cocuk-oyuncak,çocuk oyuncak,75,5,147,147,8,,11.9,18.1,973525082,744768,Nandy Home Kuzu Model Karakter Figürü 3D Yapı Oyuncakları,Nandy Home,Yapı Oyuncakları,https://www.trendyol.com/nandy-home/kuzu-model-karakter-figuru-3d-yapi-oyuncaklari-p-973525082?boutiqueId=61&merchantId=744768,Nandy Kids,96,136.62,,,,TRY,"[""Kargo Bedava""]",InStock,100 adetten fazla stok sunulmuştur,,,4.5,68,30,,4,801 kişinin sepetinde,6B kişi favoriledi,,4999,TRY,0,,1,3,5 saat 54 dakika içinde sipariş verirsen en geç bugün kargoda!,En Çok Satan 8. Ürün,https://cdn.dsmcdn.com/ty1943/prod/QC_ENRICHMENT/20260522/10/7dab74c5-0c82-3b55-930d-6a755e34ab5e/1_org_zoom.jpg,"{""Seri"":""Mini Figürler"",""Parça Sayısı"":""101-500"",""Yaş"":""6+ Yaş"",""Diğer Özellikler"":""."",""Menşei"":""CN"",""Ürün Uyarıları (Oyuncak)"":""Küçük parçalar içerir. 3 yaş altı çocuklar için uygun değildir."",""Batarya Türü"":""Diğer"",""Özellik"":""Standart""}",20,5,refreshed,"[""daily_top""]",true,2026-08-17T09:00:04+03:00,0,"[""search_result_dom"",""product_detail_jsonld"",""product_detail_dom""]","{""title"":""observed"",""brand"":""observed"",""seller_name"":""observed"",""seller_score"":""observed"",""price"":""observed"",""original_price"":""unavailable"",""campaigns"":""observed"",""stock_status"":""observed"",""stock_signal"":""observed"",""rating"":""observed"",""rating_count"":""observed"",""review_count"":""observed"",""question_count"":""observed"",""delivery_summary"":""observed"",""shipping_cost"":""observed"",""properties"":""observed""}",true,
2026-08-17,2026-08-17T09:00:04+03:00,çocuk,BEST_SELLER,cocuk-oyuncak,çocuk oyuncak,76,5,148,148,4,,28.4,11.6,35145014,128231,Kuki's Spielzeug Kuki Oyuncak 160cm Beyaz Dev Peluş Ayı,Kuki's Spielzeug,Peluş Oyuncak,https://www.trendyol.com/kuki-s-spielzeug/kuki-oyuncak-160cm-beyaz-dev-pelus-ayi-p-35145014?boutiqueId=61&merchantId=128231,Kuki Oyuncak,160,880.24,978.05,10,,TRY,"[""Kargo Bedava""]",InStock,100 adetten fazla stok sunulmuştur,,,4.2,451,200,,143,526 kişinin sepetinde,"15,3B kişi favoriledi",Son 24 saatte 769 kişi görüntüledi,4999,TRY,0,2,1,5,Tahmini Teslim:,En Çok Satan 4. Ürün,https://cdn.dsmcdn.com/ty1397/product/media/images/prod/QC/20240629/22/a4d58f96-e911-37ab-8661-d169e4e829cc/1_org_zoom.jpg,"{""Renk"":""Beyaz"",""Boyut"":""160 cm"",""Yaş"":""1+ Yaş"",""Dil"":""Türkçe"",""Pil ile mi çalışır?"":""Hayır"",""Piller Kutuya Dahil Mi?"":""Hayır"",""Özellik"":""Diğer""}",20,5,refreshed,"[""daily_top""]",true,2026-08-17T09:00:04+03:00,0,"[""search_result_dom"",""product_detail_jsonld"",""product_detail_dom""]","{""title"":""observed"",""brand"":""observed"",""seller_name"":""observed"",""seller_score"":""observed"",""price"":""observed"",""original_price"":""observed"",""campaigns"":""observed"",""stock_status"":""observed"",""stock_signal"":""observed"",""rating"":""observed"",""rating_count"":""observed"",""review_count"":""observed"",""question_count"":""observed"",""delivery_summary"":""observed"",""shipping_cost"":""observed"",""properties"":""observed""}",true,
2026-08-17,2026-08-17T09:00:04+03:00,çocuk,BEST_SELLER,cocuk-oyuncak,çocuk oyuncak,77,5,149,149,,33,16.8,13.2,739317417,137889,robokids Montessori Keçe Eğitim Çantası Busy Board- Mavi 4 Sayfa,robokids,Eğitici Oyuncak,https://www.trendyol.com/robokids/montessori-kece-egitim-cantasi-busy-board-mavi-4-sayfa-p-739317417?boutiqueId=61&merchantId=137889,Robokids,95,799,,,0,TRY,"[""Kargo Bedava""]",InStock,100 adetten fazla stok sunulmuştur,,,4.5,232,125,1,25,1B kişinin sepetinde,"42,6B kişi favoriledi","Son 24 saatte 1,5B kişi görüntüledi",4999,TRY,0,1,1,3,14 saat 54 dakika içinde sipariş verirsen en geç yarın kargoda!,,https://cdn.dsmcdn.com/ty1941/prod/QC_ENRICHMENT/20260811/16/4e435c22-9ed0-32b0-a2f6-da1493626b93/1_org_zoom.jpg,"{""Paket İçeriği"":""1+"",""Yaş"":""1+ Yaş"",""Piller Kutuya Dahil Mi?"":""Hayır"",""Dil"":""İngilizce"",""Pil ile mi çalışır?"":""Hayır"",""Menşei"":""CH""}",20,5,refreshed,"[""daily_top""]",true,2026-08-17T09:00:04+03:00,0,"[""search_result_dom"",""product_detail_jsonld"",""product_detail_dom""]","{""title"":""observed"",""brand"":""observed"",""seller_name"":""observed"",""seller_score"":""observed"",""price"":""observed"",""original_price"":""unavailable"",""campaigns"":""observed"",""stock_status"":""observed"",""stock_signal"":""observed"",""rating"":""observed"",""rating_count"":""observed"",""review_count"":""observed"",""question_count"":""observed"",""delivery_summary"":""observed"",""shipping_cost"":""observed"",""properties"":""observed""}",true,
2026-08-17,2026-08-17T09:00:04+03:00,çocuk,BEST_SELLER,cocuk-oyuncak,çocuk oyuncak,78,5,150,150,6,,21,9,290283627,190370,Brother Toys 8 Adet Mini Metal Yarış Arabaları Oyuncak Araba Set,Brother Toys,Diğer Oyuncaklar,https://www.trendyol.com/brother-toys/8-adet-mini-metal-yaris-arabalari-oyuncak-araba-set-p-290283627?boutiqueId=61&merchantId=190370,BROTHERTOYS,92,198.61,,,,TRY,"[""Kargo Bedava""]",InStock,100 adetten fazla stok sunulmuştur,,,3.5,773,424,,62,796 kişinin sepetinde,"22,5B kişi favoriledi",Son 24 saatte 548 kişi görüntüledi,4999,TRY,0,,1,3,4 saat 54 dakika içinde sipariş verirsen en geç bugün kargoda!,En Çok Satan 6. Ürün,https://cdn.dsmcdn.com/ty1802/prod/QC_ENRICHMENT/20251220/10/655ce10e-5df9-35fe-8094-bc0530d8ceae/1_org_zoom.jpg,"{""Paket İçeriği"":""8'li"",""Yaş"":""1+ Yaş"",""Piller Kutuya Dahil Mi?"":""Hayır"",""Pil ile mi çalışır?"":""Hayır"",""Diğer Özellikler"":""Üst Kısmı Metal Malzeme"",""Menşei"":""CN"",""Ürün Uyarıları (Oyuncak)"":""Uyarı. 3 Yaşından Küçük Çocuklar İçin Uygun Değildir."",""Batarya Türü"":""Diğer"",""Batarya Boyutu"":""Uygulanabilir Değil"",""Özellik"":""Uzun""}",20,5,refreshed,"[""daily_top""]",true,2026-08-17T09:00:04+03:00,0,"[""search_result_dom"",""product_detail_jsonld"",""product_detail_dom""]","{""title"":""observed"",""brand"":""observed"",""seller_name"":""observed"",""seller_score"":""observed"",""price"":""observed"",""original_price"":""unavailable"",""campaigns"":""observed"",""stock_status"":""observed"",""stock_signal"":""observed"",""rating"":""observed"",""rating_count"":""observed"",""review_count"":""observed"",""question_count"":""observed"",""delivery_summary"":""observed"",""shipping_cost"":""observed"",""properties"":""observed""}",true,
2026-08-17,2026-08-17T09:00:04+03:00,çocuk,BEST_SELLER,cocuk-oyuncak,çocuk oyuncak,79,5,151,151,6,,22,8,672023503,1163586,Scooter Magic Wheels Işıklı 3 Tekerlekli Twist Çocuk,Scooter,,https://www.trendyol.com/scooter/magic-wheels-isikli-3-tekerlekli-twist-cocuk-p-672023503?boutiqueId=61&merchantId=1163586,TOYZİTOYS OYUNCAK,85,889,,,,TRY,"[""Kargo Bedava""]",InStock,100 adetten fazla stok sunulmuştur,,,3.6,559,,,172,901 kişinin sepetinde,"14,1B kişi favoriledi",Son 24 saatte 658 kişi görüntüledi,,,0,,,,14 saat 53 dakika içinde sipariş verirsen en geç yarın kargoda!,En Çok Satan 6. Ürün,,{},0,,refreshed,"[""daily_top""]",true,2026-08-17T09:00:04+03:00,0,"[""search_result_dom"",""product_detail_jsonld"",""product_detail_dom""]","{""title"":""observed"",""brand"":""observed"",""seller_name"":""observed"",""seller_score"":""observed"",""price"":""observed"",""original_price"":""unavailable"",""campaigns"":""observed"",""stock_status"":""observed"",""stock_signal"":""observed"",""rating"":""observed"",""rating_count"":""observed"",""review_count"":""unavailable"",""question_count"":""observed"",""delivery_summary"":""observed"",""shipping_cost"":""unavailable"",""properties"":""observed""}",true,
2026-08-17,2026-08-17T09:00:04+03:00,çocuk,BEST_SELLER,cocuk-oyuncak,çocuk oyuncak,80,5,152,152,,,55.4,4.6,936499175,357212,Go Toys Polar Break Buz Tuzağı Aile Aktivite Oyuncağı Buz Kırma Oyuncak,Go Toys,Kutu Oyunu,https://www.trendyol.com/go-toys/polar-break-buz-tuzagi-aile-aktivite-oyuncagi-buz-kirma-oyuncak-p-936499175?boutiqueId=61&merchantId=357212,Shopist,9,118.16,168.8,30,,TRY,"[""Sepette %30 İndirim"",""Kargo Bedava""]",InStock,100 adetten fazla stok sunulmuştur,,,4.2,2885,1479,,81,769 kişinin sepetinde,64B kişi favoriledi,,4999,TRY,0,1,1,3,14 saat 53 dakika içinde sipariş verirsen en geç yarın kargoda!,,https://cdn.dsmcdn.com/ty1681/product/media/images/prod/PIM/20250522/21/dac94bdd-9e12-4ddf-8d78-5fad1d94dd5a/1_org_zoom.jpg,"{""Oyuncu Sayısı"":""2 Kişi"",""Yaş"":""3+ Yaş"",""Dil"":""Evrensel Dil"",""Menşei"":""TR""}",20,5,refreshed,"[""daily_top""]",true,2026-08-17T09:00:04+03:00,0,"[""search_result_dom"",""product_detail_jsonld"",""product_detail_dom""]","{""title"":""observed"",""brand"":""observed"",""seller_name"":""observed"",""seller_score"":""observed"",""price"":""observed"",""original_price"":""observed"",""campaigns"":""observed"",""stock_status"":""observed"",""stock_signal"":""observed"",""rating"":""observed"",""rating_count"":""observed"",""review_count"":""observed"",""question_count"":""observed"",""delivery_summary"":""observed"",""shipping_cost"":""observed"",""properties"":""observed""}",true,
2026-08-17,2026-08-17T09:00:04+03:00,çocuk,BEST_SELLER,cocuk-oyuncak,çocuk oyuncak,81,5,153,153,,,55.6,19.6,1154779990,744768,Nandy Home Siyah Beyaz Kedi Model Karakter Figürü 3D Yapı Oyuncakları - 205 Parça,Nandy Home,Diğer Oyun Takımları,https://www.trendyol.com/nandy-home/siyah-beyaz-kedi-model-karakter-figuru-3d-yapi-oyuncaklari-205-parca-p-1154779990?boutiqueId=61&merchantId=744768,Nandy Kids,96,137,249.9,45.2,,TRY,"[""Son 10 Günün En Düşük Fiyatı"",""Süper Fırsat Ürünü"",""Kargo Bedava"",""Son 10 günün en düşük fiyatı""]",InStock,100 adetten fazla stok sunulmuştur,,,4.7,47,19,,5,521 kişinin sepetinde,"5,7B kişi favoriledi",,4999,TRY,0,,1,3,5 saat 53 dakika içinde sipariş verirsen en geç bugün kargoda!,,https://cdn.dsmcdn.com/ty1897/prod/QC_PREP/20260609/17/b810ee0c-ca5b-3a09-867c-a6efffb1b5a0/1_org_zoom.jpg,"{""Parça Sayısı"":""205"",""Yaş"":""6+ Yaş"",""Diğer Özellikler"":""Küçük parçalar içermektedir."",""Menşei"":""CN"",""Ürün Uyarıları (Oyuncak)"":""Küçük parçalar içermektedir."",""Batarya Türü"":""Diğer"",""Özellik"":""Standart""}",19,4.42,refreshed,"[""daily_top""]",true,2026-08-17T09:00:04+03:00,0,"[""search_result_dom"",""product_detail_jsonld"",""product_detail_dom""]","{""title"":""observed"",""brand"":""observed"",""seller_name"":""observed"",""seller_score"":""observed"",""price"":""observed"",""original_price"":""observed"",""campaigns"":""observed"",""stock_status"":""observed"",""stock_signal"":""observed"",""rating"":""observed"",""rating_count"":""observed"",""review_count"":""observed"",""question_count"":""observed"",""delivery_summary"":""observed"",""shipping_cost"":""observed"",""properties"":""observed""}",true,
2026-08-17,2026-08-17T09:00:04+03:00,çocuk,BEST_SELLER,cocuk-oyuncak,çocuk oyuncak,82,5,154,154,2,,19.7,11.3,826256271,131104,Happy Toys MyClean DİNAZOR SUDA BÜYÜYEN 8 ADET DİNAZOR YUMURTASI,Happy Toys,Hayvan Figür Oyuncak,https://www.trendyol.com/happy-toys/myclean-dinazor-suda-buyuyen-8-adet-dinazor-yumurtasi-p-826256271?boutiqueId=61&merchantId=131104,TURKAFONE,93,187.11,189,1,,TRY,"[""Sepette %1 İndirim"",""Kargo Bedava""]",InStock,,,,4.1,366,215,,100,,"10,9B kişi favoriledi",Son 24 saatte 488 kişi görüntüledi,4999,TRY,0,,1,3,3 saat 53 dakika içinde sipariş verirsen en geç bugün kargoda!,En Çok Satan 2. Ürün,https://cdn.dsmcdn.com/ty1739/prod/QC_ENRICHMENT/20250825/08/54906321-74d7-3d4f-979c-0f19f5a03851/1_org_zoom.jpg,"{""Paket İçeriği"":""8'li"",""Yaş"":""2+ Yaş"",""Pil ile mi çalışır?"":""Hayır"",""Piller Kutuya Dahil Mi?"":""Hayır"",""Menşei"":""TR""}",20,5,refreshed,"[""daily_top""]",true,2026-08-17T09:00:04+03:00,0,"[""search_result_dom"",""product_detail_jsonld"",""product_detail_dom""]","{""title"":""observed"",""brand"":""observed"",""seller_name"":""observed"",""seller_score"":""observed"",""price"":""observed"",""original_price"":""observed"",""campaigns"":""observed"",""stock_status"":""observed"",""stock_signal"":""unavailable"",""rating"":""observed"",""rating_count"":""observed"",""review_count"":""observed"",""question_count"":""observed"",""delivery_summary"":""observed"",""shipping_cost"":""observed"",""properties"":""observed""}",true,
2026-08-17,2026-08-17T09:00:04+03:00,çocuk,BEST_SELLER,cocuk-oyuncak,çocuk oyuncak,83,5,155,155,,-4,21.8,11.2,743685603,107786,Intex Renkli Şişme Taban 3 Bölmeli Havuz 114X25 Cm,Intex,Deniz Malzemesi,https://www.trendyol.com/intex/renkli-sisme-taban-3-bolmeli-havuz-114x25-cm-p-743685603?boutiqueId=61&merchantId=107786,Wise,89,479.18,494,3,9.9,TRY,"[""Sepette %3 İndirim"",""Kargo Bedava""]",InStock,100 adetten fazla stok sunulmuştur,,,4.4,484,222,3,134,"1,6B kişinin sepetinde","24,7B kişi favoriledi",Son 24 saatte 376 kişi görüntüledi,4999,TRY,0,1,1,3,3 saat 53 dakika içinde sipariş verirsen en geç bugün kargoda!,En Çok Favorilenen 1. Ürün,https://cdn.dsmcdn.com/ty966/product/media/images/20230715/5/393893837/978591614/1/1_org_zoom.jpg,"{""Renk"":""Beyaz"",""Yaş"":""1+ Yaş"",""Menşei"":""TR""}",20,5,refreshed,"[""daily_top""]",true,2026-08-17T09:00:04+03:00,0,"[""search_result_dom"",""product_detail_jsonld"",""product_detail_dom""]","{""title"":""observed"",""brand"":""observed"",""seller_name"":""observed"",""seller_score"":""observed"",""price"":""observed"",""original_price"":""observed"",""campaigns"":""observed"",""stock_status"":""observed"",""stock_signal"":""observed"",""rating"":""observed"",""rating_count"":""observed"",""review_count"":""observed"",""question_count"":""observed"",""delivery_summary"":""observed"",""shipping_cost"":""observed"",""properties"":""observed""}",true,
2026-08-17,2026-08-17T09:00:04+03:00,çocuk,BEST_SELLER,cocuk-oyuncak,çocuk oyuncak,84,5,156,156,,,18.6,11.4,946040335,931256,tutobaby Devrilmeyen Sevimli Geyik Oyuncağı (Bebeğinizin Oyun Arkadaşı),tutobaby,Eğitici Oyuncak,https://www.trendyol.com/tutobaby/devrilmeyen-sevimli-geyik-oyuncagi-bebeginizin-oyun-arkadasi-p-946040335?boutiqueId=61&merchantId=931256,TuTobaby,97,280,,,,TRY,"[""Kargo Bedava""]",InStock,100 adetten fazla stok sunulmuştur,,,4.6,362,213,,32,695 kişinin sepetinde,"16,9B kişi favoriledi",Son 24 saatte 500 kişi görüntüledi,4999,TRY,0,,1,3,4 saat 53 dakika içinde sipariş verirsen en geç bugün kargoda!,,https://cdn.dsmcdn.com/ty1697/prod/QC_PREP/20250618/01/1feff991-59c2-3371-8e85-228e6a068dcf/1_org_zoom.jpg,"{""Paket İçeriği"":""1'li"",""Yaş"":""1+ Yaş"",""Piller Kutuya Dahil Mi?"":""Hayır"",""Dil"":""Türkçe"",""Pil ile mi çalışır?"":""Hayır"",""Menşei"":""CN""}",20,5,refreshed,"[""daily_top""]",true,2026-08-17T09:00:04+03:00,0,"[""search_result_dom"",""product_detail_jsonld"",""product_detail_dom""]","{""title"":""observed"",""brand"":""observed"",""seller_name"":""observed"",""seller_score"":""observed"",""price"":""observed"",""original_price"":""unavailable"",""campaigns"":""observed"",""stock_status"":""observed"",""stock_signal"":""observed"",""rating"":""observed"",""rating_count"":""observed"",""review_count"":""observed"",""question_count"":""observed"",""delivery_summary"":""observed"",""shipping_cost"":""observed"",""properties"":""observed""}",true,
2026-08-17,2026-08-17T09:00:04+03:00,çocuk,BEST_SELLER,cocuk-oyuncak,çocuk oyuncak,85,5,157,157,,,17,13,973601256,744768,Nandy Home Kulaklıklı Penguen Model Karakter Figürü 3D Yapı Oyuncakları,Nandy Home,Yapı Oyuncakları,https://www.trendyol.com/nandy-home/kulaklikli-penguen-model-karakter-figuru-3d-yapi-oyuncaklari-p-973601256?boutiqueId=61&merchantId=744768,Nandy Kids,96,141.68,,,,TRY,"[""Kargo Bedava""]",InStock,100 adetten fazla stok sunulmuştur,,,4.7,309,131,,14,724 kişinin sepetinde,"19,8B kişi favoriledi",,4999,TRY,0,,1,3,5 saat 53 dakika içinde sipariş verirsen en geç bugün kargoda!,,https://cdn.dsmcdn.com/ty1942/prod/QC_ENRICHMENT/20260522/11/f00f5091-16ab-3c1f-89ce-49621eafef86/1_org_zoom.jpg,"{""Seri"":""Mini Figürler"",""Parça Sayısı"":""51-100"",""Yaş"":""6+ Yaş"",""Diğer Özellikler"":""."",""Menşei"":""CN"",""Ürün Uyarıları (Oyuncak)"":""Küçük parçalar içerir. 3 yaş altı çocuklar için uygun değildir."",""Batarya Türü"":""Diğer"",""Özellik"":""Standart""}",20,5,refreshed,"[""daily_top""]",true,2026-08-17T09:00:04+03:00,0,"[""search_result_dom"",""product_detail_jsonld"",""product_detail_dom""]","{""title"":""observed"",""brand"":""observed"",""seller_name"":""observed"",""seller_score"":""observed"",""price"":""observed"",""original_price"":""unavailable"",""campaigns"":""observed"",""stock_status"":""observed"",""stock_signal"":""observed"",""rating"":""observed"",""rating_count"":""observed"",""review_count"":""observed"",""question_count"":""observed"",""delivery_summary"":""observed"",""shipping_cost"":""observed"",""properties"":""observed""}",true,
2026-08-17,2026-08-17T09:00:04+03:00,çocuk,BEST_SELLER,cocuk-oyuncak,çocuk oyuncak,86,5,158,158,,,60.2,15.4,1088710797,744768,Nandy Home Tilki Model Karakter Figürü 3D Yapı Oyuncakları,Nandy Home,Yapı Oyuncakları,https://www.trendyol.com/nandy-home/tilki-model-karakter-figuru-3d-yapi-oyuncaklari-p-1088710797?boutiqueId=61&merchantId=744768,Nandy Kids,96,135.9,249.9,45.6,,TRY,"[""Son 10 Günün En Düşük Fiyatı"",""Süper Fırsat Ürünü"",""Kargo Bedava"",""Son 10 günün en düşük fiyatı""]",InStock,100 adetten fazla stok sunulmuştur,,,4.6,164,66,,7,512 kişinin sepetinde,"12,1B kişi favoriledi",,4999,TRY,0,,1,3,5 saat 53 dakika içinde sipariş verirsen en geç bugün kargoda!,,https://cdn.dsmcdn.com/ty1934/prod/QC_ENRICHMENT/20260522/11/ab457a45-6342-3ef0-841a-fe1e7789953b/1_org_zoom.jpg,"{""Parça Sayısı"":""195"",""Yaş"":""5+ Yaş"",""Diğer Özellikler"":""Küçük parçalar içermektedir."",""Menşei"":""CN"",""Ürün Uyarıları (Oyuncak)"":""Küçük parçalar içermektedir."",""Batarya Türü"":""Diğer"",""Özellik"":""Standart""}",20,5,refreshed,"[""daily_top""]",true,2026-08-17T09:00:04+03:00,0,"[""search_result_dom"",""product_detail_jsonld"",""product_detail_dom""]","{""title"":""observed"",""brand"":""observed"",""seller_name"":""observed"",""seller_score"":""observed"",""price"":""observed"",""original_price"":""observed"",""campaigns"":""observed"",""stock_status"":""observed"",""stock_signal"":""observed"",""rating"":""observed"",""rating_count"":""observed"",""review_count"":""observed"",""question_count"":""observed"",""delivery_summary"":""observed"",""shipping_cost"":""observed"",""properties"":""observed""}",true,
2026-08-17,2026-08-17T09:00:04+03:00,çocuk,BEST_SELLER,cocuk-oyuncak,çocuk oyuncak,87,5,159,159,2,,23.1,6.9,964444091,239850,My Kids Room Kişiye Özel İsimlikli Araba Rafı 50'li Beyaz Renk (HOTWHEELS VE MATCBOX ARABALARI IÇİN UYGUNDUR),My Kids Room,Ahşap Oyuncak,https://www.trendyol.com/my-kids-room/kisiye-ozel-isimlikli-araba-rafi-50-li-beyaz-renk-hotwheels-ve-matcbox-arabalari-icin-uygundur-p-964444091?boutiqueId=61&merchantId=239850,My Kids Room,83,299.9,,,,TRY,"[""Kargo Bedava""]",InStock,100 adetten fazla stok sunulmuştur,,,3.9,1382,775,,6002,"1,1B kişinin sepetinde","29,5B kişi favoriledi",Son 24 saatte 546 kişi görüntüledi,4999,TRY,0,2,1,5,Tahmini Teslim:,En Çok Satan 2. Ürün,https://cdn.dsmcdn.com/ty1763/prod/QC_ENRICHMENT/20250925/14/9fcfd1c7-ea99-3a42-9355-4aac8cf4a2d8/1_org_zoom.jpg,"{""Renk"":""Beyaz"",""Parça Sayısı"":""Belirtilmemiş"",""Yaş"":""Belirtilmemiş"",""Menşei"":""TR""}",20,5,refreshed,"[""daily_top""]",true,2026-08-17T09:00:04+03:00,0,"[""search_result_dom"",""product_detail_jsonld"",""product_detail_dom""]","{""title"":""observed"",""brand"":""observed"",""seller_name"":""observed"",""seller_score"":""observed"",""price"":""observed"",""original_price"":""unavailable"",""campaigns"":""observed"",""stock_status"":""observed"",""stock_signal"":""observed"",""rating"":""observed"",""rating_count"":""observed"",""review_count"":""observed"",""question_count"":""observed"",""delivery_summary"":""observed"",""shipping_cost"":""observed"",""properties"":""observed""}",true,
2026-08-17,2026-08-17T09:00:04+03:00,çocuk,BEST_SELLER,cocuk-oyuncak,çocuk oyuncak,88,5,160,160,,-20,20.4,9.6,735668988,137889,robokids Montessori Busy Board Keçe Aktivite Kitabı | 8 Sayfa Dinazor Temalı,robokids,Eğitici Oyuncak,https://www.trendyol.com/robokids/montessori-busy-board-kece-aktivite-kitabi-8-sayfa-dinazor-temali-p-735668988?boutiqueId=61&merchantId=137889,Robokids,95,829,,,0,TRY,"[""Kargo Bedava""]",InStock,100 adetten fazla stok sunulmuştur,,,4.6,633,353,1,97,750 kişinin sepetinde,"72,3B kişi favoriledi",Son 24 saatte 752 kişi görüntüledi,4999,TRY,0,1,1,3,14 saat 53 dakika içinde sipariş verirsen en geç yarın kargoda!,,https://cdn.dsmcdn.com/ty1895/prod/QC_ENRICHMENT/20260811/16/e4504fe8-a66d-34ff-b0b3-504c11026dc8/1_org_zoom.jpg,"{""Paket İçeriği"":""1+"",""Yaş"":""1+ Yaş"",""Piller Kutuya Dahil Mi?"":""Hayır"",""Dil"":""İngilizce"",""Pil ile mi çalışır?"":""Hayır"",""Menşei"":""CH""}",20,5,refreshed,"[""daily_top""]",true,2026-08-17T09:00:04+03:00,0,"[""search_result_dom"",""product_detail_jsonld"",""product_detail_dom""]","{""title"":""observed"",""brand"":""observed"",""seller_name"":""observed"",""seller_score"":""observed"",""price"":""observed"",""original_price"":""unavailable"",""campaigns"":""observed"",""stock_status"":""observed"",""stock_signal"":""observed"",""rating"":""observed"",""rating_count"":""observed"",""review_count"":""observed"",""question_count"":""observed"",""delivery_summary"":""observed"",""shipping_cost"":""observed"",""properties"":""observed""}",true,
2026-08-17,2026-08-17T09:00:04+03:00,çocuk,BEST_SELLER,cocuk-oyuncak,çocuk oyuncak,89,5,161,161,5,,26.5,16.1,1156645756,1138729,aydogdushopping Nefes alan stitch uyku arkadaşı stitch peluş sevimli stitch (Pilli Gönderilmektedir),aydogdushopping,,https://www.trendyol.com/aydogdushopping/nefes-alan-stitch-uyku-arkadasi-stitch-pelus-sevimli-stitch-pilli-gonderilmektedir-p-1156645756?boutiqueId=61&merchantId=1138729,Aydoğdu shopping,87,699,799.99,12.6,,TRY,"[""Kargo Bedava""]",InStock,100 adetten fazla stok sunulmuştur,,,3.4,54,,,49,"2,1B kişinin sepetinde","17,5B kişi favoriledi",Son 24 saatte 694 kişi görüntüledi,,,0,,,,14 saat 53 dakika içinde sipariş verirsen en geç yarın kargoda!,En Çok Satan 5. Ürün,,{},0,,refreshed,"[""daily_top""]",true,2026-08-17T09:00:04+03:00,0,"[""search_result_dom"",""product_detail_jsonld"",""product_detail_dom""]","{""title"":""observed"",""brand"":""observed"",""seller_name"":""observed"",""seller_score"":""observed"",""price"":""observed"",""original_price"":""observed"",""campaigns"":""observed"",""stock_status"":""observed"",""stock_signal"":""observed"",""rating"":""observed"",""rating_count"":""observed"",""review_count"":""unavailable"",""question_count"":""observed"",""delivery_summary"":""observed"",""shipping_cost"":""unavailable"",""properties"":""observed""}",true,
2026-08-17,2026-08-17T09:00:04+03:00,çocuk,BEST_SELLER,cocuk-oyuncak,çocuk oyuncak,90,5,162,162,7,,52.6,13.5,866352630,752303,KİNKU Oyuncak Polis Arabası Pilli Çarptıkça Yön Değiştiren Işıklı Sesli Polis Arabası,KİNKU,Diğer Oyuncaklar,https://www.trendyol.com/kinku/oyuncak-polis-arabasi-pilli-carptikca-yon-degistiren-isikli-sesli-polis-arabasi-p-866352630?boutiqueId=61&merchantId=752303,KİNKU,94,191,299,36.1,,TRY,"[""Son 10 Günün En Düşük Fiyatı"",""Süper Fırsat Ürünü"",""Kargo Bedava"",""Son 10 günün en düşük fiyatı""]",InStock,100 adetten fazla stok sunulmuştur,,,4.3,186,114,,36,,"2,9B kişi favoriledi",Son 24 saatte 313 kişi görüntüledi,4999,TRY,0,,1,3,5 saat 53 dakika içinde sipariş verirsen en geç bugün kargoda!,En Çok Satan 7. Ürün,https://cdn.dsmcdn.com/ty1779/prod/QC_ENRICHMENT/20251025/20/86a2a641-1814-3a56-954f-2bf97a53feb6/1_org_zoom.jpg,"{""Paket İçeriği"":""1'li"",""Yaş"":""2+ Yaş"",""Piller Kutuya Dahil Mi?"":""Hayır"",""Pil ile mi çalışır?"":""Evet""}",20,5,refreshed,"[""daily_top""]",true,2026-08-17T09:00:04+03:00,0,"[""search_result_dom"",""product_detail_jsonld"",""product_detail_dom""]","{""title"":""observed"",""brand"":""observed"",""seller_name"":""observed"",""seller_score"":""observed"",""price"":""observed"",""original_price"":""observed"",""campaigns"":""observed"",""stock_status"":""observed"",""stock_signal"":""observed"",""rating"":""observed"",""rating_count"":""observed"",""review_count"":""observed"",""question_count"":""observed"",""delivery_summary"":""observed"",""shipping_cost"":""observed"",""properties"":""observed""}",true,
2026-08-17,2026-08-17T09:00:04+03:00,çocuk,BEST_SELLER,cocuk-oyuncak,çocuk oyuncak,91,5,163,163,1,,10.7,19.3,922301113,357670,YAHO OYUNCAĞIN DOĞAL HALİ Ahşap Kütük Dilimi ( 1 adet ),YAHO OYUNCAĞIN DOĞAL HALİ,Ahşap Oyuncak,https://www.trendyol.com/yaho-oyuncagin-dogal-hali/ahsap-kutuk-dilimi-1-adet-p-922301113?boutiqueId=61&merchantId=357670,Yüce Oyuncak,89,14.9,,,,TRY,"[""Kargo Bedava""]",InStock,100 adetten fazla stok sunulmuştur,,,4.5,43,21,,15,,"1,9B kişi favoriledi",,4999,TRY,0,,1,3,2 saat 53 dakika içinde sipariş verirsen en geç bugün kargoda!,En Çok Satan 1. Ürün,https://cdn.dsmcdn.com/ty1683/prod/QC/20250523/21/43de633b-52ed-3932-bb53-d0f844f60aea/1_org_zoom.jpg,"{""Renk"":""Kahverengi"",""Parça Sayısı"":""1"",""Yaş"":""3+ Yaş"",""Menşei"":""TR"",""Ürün Uyarıları (Oyuncak)"":""Ürünümüz 3+ yaş için uygundur.""}",20,4.35,refreshed,"[""daily_top""]",true,2026-08-17T09:00:04+03:00,0,"[""search_result_dom"",""product_detail_jsonld"",""product_detail_dom""]","{""title"":""observed"",""brand"":""observed"",""seller_name"":""observed"",""seller_score"":""observed"",""price"":""observed"",""original_price"":""unavailable"",""campaigns"":""observed"",""stock_status"":""observed"",""stock_signal"":""observed"",""rating"":""observed"",""rating_count"":""observed"",""review_count"":""observed"",""question_count"":""observed"",""delivery_summary"":""observed"",""shipping_cost"":""observed"",""properties"":""observed""}",true,
2026-08-17,2026-08-17T09:00:04+03:00,çocuk,BEST_SELLER,cocuk-oyuncak,çocuk oyuncak,92,6,164,164,2,,16.9,13.1,801228842,1098495,Genel Markalar Pilli Zıplayan Tavşan Oyuncak | Sevimli Peluş Hareketli Tavşan,Genel Markalar,Hayvan Figür Oyuncak,https://www.trendyol.com/genel-markalar/pilli-ziplayan-tavsan-oyuncak-sevimli-pelus-hareketli-tavsan-p-801228842?boutiqueId=61&merchantId=1098495,Berione,84,275,,,,TRY,"[""Kargo Bedava""]",InStock,10 adetten fazla stok sunulmuştur,,,4.1,221,127,,208,426 kişinin sepetinde,9B kişi favoriledi,Son 24 saatte 587 kişi görüntüledi,4999,TRY,0,1,1,3,14 saat 53 dakika içinde sipariş verirsen en geç yarın kargoda!,En Çok Satan 2. Ürün,https://cdn.dsmcdn.com/ty1941/prod/QC_ENRICHMENT/20260428/13/c715c608-5bab-392b-b643-8f049663f636/1_org_zoom.jpg,"{""Yaş"":""3+ Yaş"",""Pil ile mi çalışır?"":""Evet"",""Piller Kutuya Dahil Mi?"":""Hayır"",""Menşei"":""TR"",""Özellik"":""Zıplayan""}",20,5,refreshed,"[""daily_top""]",true,2026-08-17T09:00:04+03:00,0,"[""search_result_dom"",""product_detail_jsonld"",""product_detail_dom""]","{""title"":""observed"",""brand"":""observed"",""seller_name"":""observed"",""seller_score"":""observed"",""price"":""observed"",""original_price"":""unavailable"",""campaigns"":""observed"",""stock_status"":""observed"",""stock_signal"":""observed"",""rating"":""observed"",""rating_count"":""observed"",""review_count"":""observed"",""question_count"":""observed"",""delivery_summary"":""observed"",""shipping_cost"":""observed"",""properties"":""observed""}",true,
2026-08-17,2026-08-17T09:00:04+03:00,çocuk,BEST_SELLER,cocuk-oyuncak,çocuk oyuncak,93,6,165,165,7,,14.4,15.6,743431911,1163586,BEREN Brn ışıklı Scooter pembe 2232,BEREN,Scooter,https://www.trendyol.com/beren/brn-isikli-scooter-pembe-2232-p-743431911?boutiqueId=61&merchantId=1163586,TOYZİTOYS OYUNCAK,85,889,,,,TRY,"[""Kargo Bedava""]",InStock,100 adetten fazla stok sunulmuştur,,,3.5,127,63,,81,398 kişinin sepetinde,"5,1B kişi favoriledi",Son 24 saatte 443 kişi görüntüledi,4999,TRY,0,2,1,5,14 saat 53 dakika içinde sipariş verirsen en geç yarın kargoda!,En Çok Satan 7. Ürün,https://cdn.dsmcdn.com/ty1942/prod/QC_ENRICHMENT/20260505/14/07700973-c520-3642-ae28-35945d4d25bb/1_org_zoom.jpg,"{""Tekerlek Sayısı"":""3"",""Renk"":""Pembe"",""Yaş"":""6+ Yaş"",""Menşei"":""CN"",""Özellik"":""Gece""}",20,5,refreshed,"[""daily_top""]",true,2026-08-17T09:00:04+03:00,0,"[""search_result_dom"",""product_detail_jsonld"",""product_detail_dom""]","{""title"":""observed"",""brand"":""observed"",""seller_name"":""observed"",""seller_score"":""observed"",""price"":""observed"",""original_price"":""unavailable"",""campaigns"":""observed"",""stock_status"":""observed"",""stock_signal"":""observed"",""rating"":""observed"",""rating_count"":""observed"",""review_count"":""observed"",""question_count"":""observed"",""delivery_summary"":""observed"",""shipping_cost"":""observed"",""properties"":""observed""}",true,
2026-08-17,2026-08-17T09:00:04+03:00,çocuk,BEST_SELLER,cocuk-oyuncak,çocuk oyuncak,94,6,166,166,,,15.1,14.9,1108810016,1230100,PAKİTO Blok Boru Puzzle Renkli Eğitici Birleştirme Oyuncak Seti 72 Parça,PAKİTO,Eğitici Oyuncak,https://www.trendyol.com/pakito/blok-boru-puzzle-renkli-egitici-birlestirme-oyuncak-seti-72-parca-p-1108810016?boutiqueId=61&merchantId=1230100,LUMO STORE,91,199.95,,,,TRY,"[""Kargo Bedava""]",InStock,100 adetten fazla stok sunulmuştur,,,4.7,130,76,,11,575 kişinin sepetinde,"6,9B kişi favoriledi",Son 24 saatte 319 kişi görüntüledi,4999,TRY,0,,1,3,4 saat 53 dakika içinde sipariş verirsen en geç bugün kargoda!,,https://cdn.dsmcdn.com/ty1830/prod/QC_ENRICHMENT/20260301/01/9b07535f-e8b5-32a1-8472-a365ebfa1859/1_org_zoom.jpg,"{""Paket İçeriği"":""72'li"",""Yaş"":""3+ Yaş"",""Piller Kutuya Dahil Mi?"":""Hayır"",""Dil"":""Türkçe"",""Pil ile mi çalışır?"":""Hayır"",""Diğer Özellikler"":""72 parçalı geniş bir yapı setidir. Farklı bağlantı şekilleri sayesinde çok sayıda model oluşturulabilir. Araç, robot, hayvan, kule ve geometrik yapılar tasarlanabilir. Tekerlekli parçalar sayesinde hareketli araç modelleri hazırlanabilir. Parçaların birbirine nasıl bağlandığını keşfetmeye dayalı oyun imkânı sunar. El-göz koordinasyonu ve ince motor becerilerinin çalıştırılmasına yardımcı olur. Problem çözme ve yaratıcı düşünmeyi desteklemeye yardımcı oyun yapısına sahiptir. Tek başına veya birden fazla çocukla birlikte kullanılabilir. Pil gerektirmeyen pratik kullanım sunar."",""Menşei"":""TR"",""Ürün Uyarıları (Oyuncak)"":""Ürün küçük parçalar içerdiğinden 36 aydan küçük çocuklar için uygun değildir. Küçük parçalar boğulma tehlikesi oluşturabilir. Parçaları ağıza sokmayınız. Kırılmış, çatlamış veya sivri kenar oluşmuş parçaları kullanmayınız. Bağlantı parçalarını aşırı kuvvet uygulayarak zorlamayınız. Ürünü ateşten, sudan ve yüksek sıcaklıktan uzak tutunuz. Kullanımdan önce tüm ambalaj malzemelerini çıkarınız. Ürün renkleri stok durumuna göre farklılık gösterebilir; renk seçimi yapılamaz."",""Batarya Türü"":""Diğer"",""Batarya Boyutu"":""Uygulanabilir Değil"",""Özellik"":""Manuel""}",20,5,refreshed,"[""daily_top""]",true,2026-08-17T09:00:04+03:00,0,"[""search_result_dom"",""product_detail_jsonld"",""product_detail_dom""]","{""title"":""observed"",""brand"":""observed"",""seller_name"":""observed"",""seller_score"":""observed"",""price"":""observed"",""original_price"":""unavailable"",""campaigns"":""observed"",""stock_status"":""observed"",""stock_signal"":""observed"",""rating"":""observed"",""rating_count"":""observed"",""review_count"":""observed"",""question_count"":""observed"",""delivery_summary"":""observed"",""shipping_cost"":""observed"",""properties"":""observed""}",true,
2026-08-17,2026-08-17T09:00:04+03:00,çocuk,BEST_SELLER,cocuk-oyuncak,çocuk oyuncak,95,6,167,167,,,34.1,3.7,865309703,673595,HAPPENS Puzzle City 3d Yapı Ve Tasarım Blokları 64 Parça Eğitici Oyuncak,HAPPENS,Eğitici Oyuncak,https://www.trendyol.com/happens/puzzle-city-3d-yapi-ve-tasarim-bloklari-64-parca-egitici-oyuncak-p-865309703?boutiqueId=61&merchantId=673595,HAPPENS,92,69.12,74.99,7.8,,TRY,"[""Son 10 Günün En Düşük Fiyatı"",""Kargo Bedava"",""Son 10 günün en düşük fiyatı""]",InStock,100 adetten fazla stok sunulmuştur,,,4.3,3703,1931,,124,357 kişinin sepetinde,80B kişi favoriledi,Son 24 saatte 315 kişi görüntüledi,4999,TRY,0,,1,3,4 saat 53 dakika içinde sipariş verirsen en geç bugün kargoda!,,https://cdn.dsmcdn.com/ty1622/prod/QC/20250106/02/48649a14-9862-3318-aff1-8f9b36035397/1_org_zoom.jpg,"{""Paket İçeriği"":""60+"",""Yaş"":""3+ Yaş"",""Piller Kutuya Dahil Mi?"":""Hayır"",""Dil"":""Evrensel Dil"",""Pil ile mi çalışır?"":""Hayır"",""Diğer Özellikler"":""EĞİTİCİ OYUNCAK"",""Menşei"":""TR"",""Ürün Uyarıları (Oyuncak)"":""3 yaş ve Üzeri için uygundur. Yetişkin Gözetiminde kullanılmalıdır.""}",20,5,refreshed,"[""daily_top""]",true,2026-08-17T09:00:04+03:00,0,"[""search_result_dom"",""product_detail_jsonld"",""product_detail_dom""]","{""title"":""observed"",""brand"":""observed"",""seller_name"":""observed"",""seller_score"":""observed"",""price"":""observed"",""original_price"":""observed"",""campaigns"":""observed"",""stock_status"":""observed"",""stock_signal"":""observed"",""rating"":""observed"",""rating_count"":""observed"",""review_count"":""observed"",""question_count"":""observed"",""delivery_summary"":""observed"",""shipping_cost"":""observed"",""properties"":""observed""}",true,
2026-08-17,2026-08-17T09:00:04+03:00,çocuk,BEST_SELLER,cocuk-oyuncak,çocuk oyuncak,96,6,168,168,8,,11.6,18.4,1092341561,190370,Brother Toys Cars Şimşek Mcqueen 6'lı Sürtmeli Araba Seti Mater Sally İtfaiye Doc Hudson,Brother Toys,Diğer Oyuncaklar,https://www.trendyol.com/brother-toys/cars-simsek-mcqueen-6-li-surtmeli-araba-seti-mater-sally-itfaiye-doc-hudson-p-1092341561?boutiqueId=61&merchantId=190370,BROTHERTOYS,92,199.9,,,,TRY,"[""Kargo Bedava""]",InStock,100 adetten fazla stok sunulmuştur,,,4.4,70,27,,17,357 kişinin sepetinde,"5,6B kişi favoriledi",Son 24 saatte 503 kişi görüntüledi,4999,TRY,0,,1,3,4 saat 53 dakika içinde sipariş verirsen en geç bugün kargoda!,En Çok Satan 8. Ürün,https://cdn.dsmcdn.com/ty1816/prod/QC_PREP/20260126/17/e5660a51-dca8-3d01-8ece-2701259ec3c5/1_org_zoom.jpg,"{""Paket İçeriği"":""6'lı"",""Yaş"":""3+ Yaş"",""Piller Kutuya Dahil Mi?"":""Hayır"",""Pil ile mi çalışır?"":""Hayır"",""Diğer Özellikler"":""Kaliteli Malzeme"",""Menşei"":""TR"",""Batarya Türü"":""Diğer"",""Batarya Boyutu"":""Uygulanabilir Değil"",""Özellik"":""Manuel""}",20,5,refreshed,"[""daily_top""]",true,2026-08-17T09:00:04+03:00,0,"[""search_result_dom"",""product_detail_jsonld"",""product_detail_dom""]","{""title"":""observed"",""brand"":""observed"",""seller_name"":""observed"",""seller_score"":""observed"",""price"":""observed"",""original_price"":""unavailable"",""campaigns"":""observed"",""stock_status"":""observed"",""stock_signal"":""observed"",""rating"":""observed"",""rating_count"":""observed"",""review_count"":""observed"",""question_count"":""observed"",""delivery_summary"":""observed"",""shipping_cost"":""observed"",""properties"":""observed""}",true,
2026-08-17,2026-08-17T09:00:04+03:00,çocuk,BEST_SELLER,cocuk-oyuncak,çocuk oyuncak,97,6,169,169,2,,9.6,20.4,1146329954,109643,Koz SÜPRİZ SQUİSHY ÇİN MANTISI KÜÇÜK,Koz,Diğer Figür Oyuncaklar,https://www.trendyol.com/koz/supriz-squishy-cin-mantisi-kucuk-p-1146329954?boutiqueId=61&merchantId=109643,Rüya Gezegeni,89,199.9,,,,TRY,"[""Kargo Bedava"",""Son 10 Günün En Düşük Fiyatı""]",InStock,50 adetten fazla stok sunulmuştur,,,2.2,25,15,,31,1B kişinin sepetinde,"3,3B kişi favoriledi","Son 24 saatte 1,3B kişi görüntüledi",4999,TRY,0,1,1,3,14 saat 53 dakika içinde sipariş verirsen en geç yarın kargoda!,En Çok Satan 2. Ürün,https://cdn.dsmcdn.com/ty1902/prod/QC_PREP/20260516/00/8cffa91f-1014-36f6-a355-816abf367152/1_org_zoom.jpg,"{""Paket İçeriği"":""8'li"",""Yaş"":""2+ Yaş"",""Menşei"":""CN""}",15,1.8,refreshed,"[""daily_top""]",true,2026-08-17T09:00:04+03:00,0,"[""search_result_dom"",""product_detail_jsonld"",""product_detail_dom""]","{""title"":""observed"",""brand"":""observed"",""seller_name"":""observed"",""seller_score"":""observed"",""price"":""observed"",""original_price"":""unavailable"",""campaigns"":""observed"",""stock_status"":""observed"",""stock_signal"":""observed"",""rating"":""observed"",""rating_count"":""observed"",""review_count"":""observed"",""question_count"":""observed"",""delivery_summary"":""observed"",""shipping_cost"":""observed"",""properties"":""observed""}",true,
2026-08-17,2026-08-17T09:00:04+03:00,çocuk,BEST_SELLER,cocuk-oyuncak,çocuk oyuncak,98,6,170,170,,,27.7,2.3,129482966,408958,Furkan Toys Cool Wheels Twist Led Işıklı 3 Tekerlekli Yükseklik Ayarlı SARI Scooter,Furkan Toys,,https://www.trendyol.com/furkan-toys/cool-wheels-twist-led-isikli-3-tekerlekli-yukseklik-ayarli-sari-scooter-p-129482966?boutiqueId=61&merchantId=408958,hepeğitim,92,926.36,,,,TRY,"[""Kargo Bedava"",""Sepette %2 İndirim""]",InStock,100 adetten fazla stok sunulmuştur,,,4.6,2882,,,671,412 kişinin sepetinde,"27,3B kişi favoriledi",Son 24 saatte 452 kişi görüntüledi,,,0,,,,3 saat 53 dakika içinde sipariş verirsen en geç bugün kargoda!,,,{},0,,refreshed,"[""daily_top""]",true,2026-08-17T09:00:04+03:00,0,"[""search_result_dom"",""product_detail_jsonld"",""product_detail_dom""]","{""title"":""observed"",""brand"":""observed"",""seller_name"":""observed"",""seller_score"":""observed"",""price"":""observed"",""original_price"":""unavailable"",""campaigns"":""observed"",""stock_status"":""observed"",""stock_signal"":""observed"",""rating"":""observed"",""rating_count"":""observed"",""review_count"":""unavailable"",""question_count"":""observed"",""delivery_summary"":""observed"",""shipping_cost"":""unavailable"",""properties"":""observed""}",true,
2026-08-17,2026-08-17T09:00:04+03:00,çocuk,BEST_SELLER,cocuk-oyuncak,çocuk oyuncak,99,6,171,171,,,15.9,14.1,1156186298,752303,KİNKU Ne block019 puzzle-Yapboz-3D Zeka geliştiren-Mini Sevimli Figürler Minyatür,KİNKU,Yapı Oyuncakları,https://www.trendyol.com/kinku/ne-block019-puzzle-yapboz-3d-zeka-gelistiren-mini-sevimli-figurler-minyatur-p-1156186298?boutiqueId=61&merchantId=752303,KİNKU,94,119.9,,,,TRY,"[""Kargo Bedava""]",InStock,100 adetten fazla stok sunulmuştur,,,4.5,155,96,,13,"1,3B kişinin sepetinde","8,3B kişi favoriledi",Son 24 saatte 357 kişi görüntüledi,4999,TRY,0,,1,3,5 saat 53 dakika içinde sipariş verirsen en geç bugün kargoda!,,https://cdn.dsmcdn.com/ty1891/prod/QC_ENRICHMENT/20260729/20/faab80bd-f01a-3d9b-a878-0dfcda58392e/1_org_zoom.jpg,"{""Parça Sayısı"":""Belirtilmemiş"",""Yaş"":""3+ Yaş"",""Menşei"":""TR"",""Batarya Türü"":""Diğer"",""Özellik"":""Diğer""}",20,5,refreshed,"[""daily_top""]",true,2026-08-17T09:00:04+03:00,0,"[""search_result_dom"",""product_detail_jsonld"",""product_detail_dom""]","{""title"":""observed"",""brand"":""observed"",""seller_name"":""observed"",""seller_score"":""observed"",""price"":""observed"",""original_price"":""unavailable"",""campaigns"":""observed"",""stock_status"":""observed"",""stock_signal"":""observed"",""rating"":""observed"",""rating_count"":""observed"",""review_count"":""observed"",""question_count"":""observed"",""delivery_summary"":""observed"",""shipping_cost"":""observed"",""properties"":""observed""}",true,
2026-08-17,2026-08-17T09:00:04+03:00,çocuk,BEST_SELLER,cocuk-oyuncak,çocuk oyuncak,100,6,172,172,,,29.7,0.3,33069430,119177,Genel Markalar Uzaktan Kumandalı Takla Atan Işıklı Akrobat Oyuncak Araba Dasher Mg,Genel Markalar,,https://www.trendyol.com/genel-markalar/uzaktan-kumandali-takla-atan-isikli-akrobat-oyuncak-araba-dasher-mg-p-33069430?boutiqueId=61&merchantId=119177,Tıfıl Toys,88,477.9,,,,TRY,"[""Kargo Bedava""]",InStock,100 adetten fazla stok sunulmuştur,,,4.3,5209,,,875,591 kişinin sepetinde,"54,8B kişi favoriledi",Son 24 saatte 425 kişi görüntüledi,,,0,,,,5 saat 53 dakika içinde sipariş verirsen en geç bugün kargoda!,En Çok Favorilenen 1. Ürün,,{},0,,refreshed,"[""daily_top""]",true,2026-08-17T09:00:04+03:00,0,"[""search_result_dom"",""product_detail_jsonld"",""product_detail_dom""]","{""title"":""observed"",""brand"":""observed"",""seller_name"":""observed"",""seller_score"":""observed"",""price"":""observed"",""original_price"":""unavailable"",""campaigns"":""observed"",""stock_status"":""observed"",""stock_signal"":""observed"",""rating"":""observed"",""rating_count"":""observed"",""review_count"":""unavailable"",""question_count"":""observed"",""delivery_summary"":""observed"",""shipping_cost"":""unavailable"",""properties"":""observed""}",true,
2026-08-17,2026-08-17T09:00:04+03:00,çocuk,BEST_SELLER,cocuk-oyuncak,çocuk oyuncak,101,6,173,173,,,12.6,20.4,1078189341,111781,LEGO Botanicals Papatyalar 11508,LEGO,Yapı Oyuncakları,https://www.trendyol.com/lego/botanicals-papatyalar-11508-p-1078189341?boutiqueId=61&merchantId=111781,Toyzz Shop,83,677.98,698.95,3,,TRY,"[""Sepette %3 İndirim"",""Kargo Bedava""]",InStock,5 adetten fazla stok sunulmuştur,,,4.7,48,15,,5,600 kişinin sepetinde,"12,4B kişi favoriledi",Son 24 saatte 605 kişi görüntüledi,4999,TRY,0,1,1,3,Tahmini Teslim:,,https://cdn.dsmcdn.com/ty1806/prod/QC_PREP/20251231/10/105fbe2a-245e-3832-832b-9e4959e598d3/1_org_zoom.jpg,"{""Seri"":""Fortnite®"",""Parça Sayısı"":""1 Parça"",""Yaş"":""3+ Yaş"",""Diğer Özellikler"":""-"",""Menşei"":""TR"",""Batarya Türü"":""Diğer""}",15,4.47,refreshed,"[""daily_top""]",true,2026-08-17T09:00:04+03:00,0,"[""search_result_dom"",""product_detail_jsonld"",""product_detail_dom""]","{""title"":""observed"",""brand"":""observed"",""seller_name"":""observed"",""seller_score"":""observed"",""price"":""observed"",""original_price"":""observed"",""campaigns"":""observed"",""stock_status"":""observed"",""stock_signal"":""observed"",""rating"":""observed"",""rating_count"":""observed"",""review_count"":""observed"",""question_count"":""observed"",""delivery_summary"":""observed"",""shipping_cost"":""observed"",""properties"":""observed""}",true,
2026-08-17,2026-08-17T09:00:04+03:00,çocuk,BEST_SELLER,cocuk-oyuncak,çocuk oyuncak,102,6,174,174,7,,18.2,14.8,830577298,859500,Intex Sarı Bebe Flatörü 70 cm. (6-12Ay),Intex,Deniz Malzemesi,https://www.trendyol.com/intex/sari-bebe-flatoru-70-cm-6-12ay-p-830577298?boutiqueId=61&merchantId=859500,Totteriq Kids,88,533.5,550,3,,TRY,"[""Sepette %3 İndirim"",""Kargo Bedava""]",InStock,10 adetten fazla stok sunulmuştur,,,4.5,159,78,,45,,"5,2B kişi favoriledi",Son 24 saatte 412 kişi görüntüledi,4999,TRY,0,1,1,3,14 saat 53 dakika içinde sipariş verirsen en geç yarın kargoda!,En Çok Satan 7. Ürün,https://cdn.dsmcdn.com/ty1825/prod/QC_PREP/20260216/14/c927341f-764c-344a-aeb1-06c0c0bd0849/1_org_zoom.jpg,"{""Renk"":""Sarı"",""Yaş"":""0 - 1 Yaş"",""Menşei"":""CN""}",20,5,refreshed,"[""daily_top""]",true,2026-08-17T09:00:04+03:00,0,"[""search_result_dom"",""product_detail_jsonld"",""product_detail_dom""]","{""title"":""observed"",""brand"":""observed"",""seller_name"":""observed"",""seller_score"":""observed"",""price"":""observed"",""original_price"":""observed"",""campaigns"":""observed"",""stock_status"":""observed"",""stock_signal"":""observed"",""rating"":""observed"",""rating_count"":""observed"",""review_count"":""observed"",""question_count"":""observed"",""delivery_summary"":""observed"",""shipping_cost"":""observed"",""properties"":""observed""}",true,
2026-08-17,2026-08-17T09:00:04+03:00,çocuk,BEST_SELLER,cocuk-oyuncak,çocuk oyuncak,103,6,175,175,,,10.2,22.8,1164319023,116274,oruçoyuncak Mama Sandalyesi Eğlencesi Vantuzlu Işıklı Dönme Dolap,oruçoyuncak,Bebek & Aktivite Oyuncakları,https://www.trendyol.com/orucoyuncak/mama-sandalyesi-eglencesi-vantuzlu-isikli-donme-dolap-p-1164319023?boutiqueId=61&merchantId=116274,fırsatoyuncak,9,581.03,599,3,,TRY,"[""Sepette %3 İndirim"",""Kargo Bedava""]",InStock,5 adetten fazla stok sunulmuştur,,,4.1,15,7,,12,973 kişinin sepetinde,"8,8B kişi favoriledi",Son 24 saatte 729 kişi görüntüledi,4999,TRY,0,,1,3,1 saat 53 dakika içinde sipariş verirsen en geç bugün kargoda!,En Çok Ziyaret Edilen 4. Ürün,https://cdn.dsmcdn.com/ty1907/prod/QC_PREP/20260703/18/f02edf79-eab9-34f5-91e0-0ba353c9c97a/1_org_zoom.jpg,"{""Paket İçeriği"":""3'lü"",""Yükseklik"":""21 cm"",""Genişlik"":""10 cm"",""Derinlik"":""9 cm"",""Yaş"":""1+ Yaş"",""Dil"":""Türkçe"",""Pil ile mi çalışır?"":""Evet"",""Piller Kutuya Dahil Mi?"":""Hayır"",""Diğer Özellikler"":""oyuncak"",""Menşei"":""TR"",""Ürün Uyarıları (Oyuncak)"":""oyuncak"",""Batarya Türü"":""Diğer"",""Materyal Bileşeni"":""oyuncak"",""Özellik"":""Diğer""}",7,4.14,refreshed,"[""daily_top""]",true,2026-08-17T09:00:04+03:00,0,"[""search_result_dom"",""product_detail_jsonld"",""product_detail_dom""]","{""title"":""observed"",""brand"":""observed"",""seller_name"":""observed"",""seller_score"":""observed"",""price"":""observed"",""original_price"":""observed"",""campaigns"":""observed"",""stock_status"":""observed"",""stock_signal"":""observed"",""rating"":""observed"",""rating_count"":""observed"",""review_count"":""observed"",""question_count"":""observed"",""delivery_summary"":""observed"",""shipping_cost"":""observed"",""properties"":""observed""}",true,
2026-08-17,2026-08-17T09:00:04+03:00,çocuk,BEST_SELLER,cocuk-oyuncak,çocuk oyuncak,104,6,176,176,3,,12.3,17.7,1155549368,752303,KİNKU Örümcek Adam Projeksiyonlu Saat 24 Farklı Karakteri Duvara Yansıtır,KİNKU,Diğer Figür Oyuncaklar,https://www.trendyol.com/kinku/orumcek-adam-projeksiyonlu-saat-24-farkli-karakteri-duvara-yansitir-p-1155549368?boutiqueId=61&merchantId=752303,KİNKU,94,199.9,,,,TRY,"[""Kargo Bedava""]",InStock,100 adetten fazla stok sunulmuştur,,,4.5,53,33,,7,582 kişinin sepetinde,"1,8B kişi favoriledi",Son 24 saatte 390 kişi görüntüledi,4999,TRY,0,,1,3,5 saat 53 dakika içinde sipariş verirsen en geç bugün kargoda!,En Çok Satan 3. Ürün,https://cdn.dsmcdn.com/ty1935/prod/QC_PREP/20260612/01/6488e9f4-c210-38e8-be3f-8f0205f14400/1_org_zoom.jpg,"{""Paket İçeriği"":""2'li"",""Yaş"":""1+ Yaş"",""Diğer Özellikler"":""1yaş için uygundur"",""Menşei"":""TR"",""Ürün Uyarıları (Oyuncak)"":""1yaş için uygundur"",""Özellik"":""Diğer""}",20,5,refreshed,"[""daily_top""]",true,2026-08-17T09:00:04+03:00,0,"[""search_result_dom"",""product_detail_jsonld"",""product_detail_dom""]","{""title"":""observed"",""brand"":""observed"",""seller_name"":""observed"",""seller_score"":""observed"",""price"":""observed"",""original_price"":""unavailable"",""campaigns"":""observed"",""stock_status"":""observed"",""stock_signal"":""observed"",""rating"":""observed"",""rating_count"":""observed"",""review_count"":""observed"",""question_count"":""observed"",""delivery_summary"":""observed"",""shipping_cost"":""observed"",""properties"":""observed""}",true,
2026-08-17,2026-08-17T09:00:04+03:00,çocuk,BEST_SELLER,cocuk-oyuncak,çocuk oyuncak,105,6,177,177,,,52.6,7.4,959514969,357212,Go Toys Go Magnetic Series 36 Parça Manyetik Yapı Blokları Original - Mıknatıslı Manyetik Bloklar,Go Toys,Eğitici Oyuncak,https://www.trendyol.com/go-toys/go-magnetic-series-36-parca-manyetik-yapi-bloklari-original-miknatisli-manyetik-bloklar-p-959514969?boutiqueId=61&merchantId=357212,Shopist,9,871.5,1245,30,,TRY,"[""Sepette %30 İndirim"",""Kargo Bedava""]",InStock,100 adetten fazla stok sunulmuştur,,,4.2,1323,677,,115,"1,9B kişinin sepetinde","109,3B kişi favoriledi",Son 24 saatte 684 kişi görüntüledi,4999,TRY,0,1,1,3,14 saat 53 dakika içinde sipariş verirsen en geç yarın kargoda!,,https://cdn.dsmcdn.com/ty1000388/product/media/images/prod/PIM/20260417/06/2d59353f-a99f-4514-b5a3-4451763458f7/1_org_zoom.jpg,"{""Paket İçeriği"":""36'lı"",""Yaş"":""3+ Yaş"",""Piller Kutuya Dahil Mi?"":""Hayır"",""Dil"":""Evrensel Dil"",""Pil ile mi çalışır?"":""Hayır"",""Menşei"":""TR"",""Özellik"":""Mıknatıslı""}",20,5,refreshed,"[""daily_top""]",true,2026-08-17T09:00:04+03:00,0,"[""search_result_dom"",""product_detail_jsonld"",""product_detail_dom""]","{""title"":""observed"",""brand"":""observed"",""seller_name"":""observed"",""seller_score"":""observed"",""price"":""observed"",""original_price"":""observed"",""campaigns"":""observed"",""stock_status"":""observed"",""stock_signal"":""observed"",""rating"":""observed"",""rating_count"":""observed"",""review_count"":""observed"",""question_count"":""observed"",""delivery_summary"":""observed"",""shipping_cost"":""observed"",""properties"":""observed""}",true,
2026-08-17,2026-08-17T09:00:04+03:00,çocuk,BEST_SELLER,cocuk-oyuncak,çocuk oyuncak,106,6,178,178,,,57.4,2.6,759755770,357212,Go Toys Bionic Man Eğitici Aktivite Oyuncağı,Go Toys,Eğitici Oyuncak,https://www.trendyol.com/go-toys/bionic-man-egitici-aktivite-oyuncagi-p-759755770?boutiqueId=61&merchantId=357212,Shopist,9,103.6,148,30,,TRY,"[""Sepette %30 İndirim"",""Kargo Bedava""]",InStock,100 adetten fazla stok sunulmuştur,,,4.6,5135,2682,,123,547 kişinin sepetinde,"94,6B kişi favoriledi",,4999,TRY,0,,1,3,1 saat 53 dakika içinde sipariş verirsen en geç bugün kargoda!,,https://cdn.dsmcdn.com/ty1160/product/media/images/prod/SPM/PIM/20240131/09/6470d1e3-0f56-313f-a45b-332c9de5b502/1_org_zoom.jpg,"{""Paket İçeriği"":""1'li"",""Yaş"":""1+ Yaş"",""Piller Kutuya Dahil Mi?"":""Hayır"",""Dil"":""Evrensel Dil"",""Pil ile mi çalışır?"":""Hayır"",""Menşei"":""TR""}",20,5,refreshed,"[""daily_top""]",true,2026-08-17T09:00:04+03:00,0,"[""search_result_dom"",""product_detail_jsonld"",""product_detail_dom""]","{""title"":""observed"",""brand"":""observed"",""seller_name"":""observed"",""seller_score"":""observed"",""price"":""observed"",""original_price"":""observed"",""campaigns"":""observed"",""stock_status"":""observed"",""stock_signal"":""observed"",""rating"":""observed"",""rating_count"":""observed"",""review_count"":""observed"",""question_count"":""observed"",""delivery_summary"":""observed"",""shipping_cost"":""observed"",""properties"":""observed""}",true,
2026-08-17,2026-08-17T09:00:04+03:00,çocuk,BEST_SELLER,cocuk-oyuncak,çocuk oyuncak,107,6,179,179,,,31.8,8.2,929849957,190370,Brother Toys Uzaktan Kumandalı 30 Fonksiyon Akıllı Interaktif Öğretici Robot Oyuncak Kedi,Brother Toys,,https://www.trendyol.com/brother-toys/uzaktan-kumandali-30-fonksiyon-akilli-interaktif-ogretici-robot-oyuncak-kedi-p-929849957?boutiqueId=61&merchantId=190370,BROTHERTOYS,92,1271.44,1412.71,10,,TRY,"[""Kargo Bedava"",""Peşin Fiyatına 3 Taksit""]",InStock,100 adetten fazla stok sunulmuştur,,,4.7,525,,,145,623 kişinin sepetinde,"13,4B kişi favoriledi",Son 24 saatte 627 kişi görüntüledi,,,0,,,,4 saat 53 dakika içinde sipariş verirsen en geç bugün kargoda!,,,{},0,,refreshed,"[""daily_top""]",true,2026-08-17T09:00:04+03:00,0,"[""search_result_dom"",""product_detail_jsonld"",""product_detail_dom""]","{""title"":""observed"",""brand"":""observed"",""seller_name"":""observed"",""seller_score"":""observed"",""price"":""observed"",""original_price"":""observed"",""campaigns"":""observed"",""stock_status"":""observed"",""stock_signal"":""observed"",""rating"":""observed"",""rating_count"":""observed"",""review_count"":""unavailable"",""question_count"":""observed"",""delivery_summary"":""observed"",""shipping_cost"":""unavailable"",""properties"":""observed""}",true,
2026-08-17,2026-08-17T09:00:04+03:00,çocuk,BEST_SELLER,cocuk-oyuncak,çocuk oyuncak,108,6,180,180,,,53.3,6.7,883281509,357212,Go Toys Go Blocks 80 Parça Yapı Blok Seti Multi Blok Saklama Çantalı Shopist,Go Toys,Diğer Oyun Takımları,https://www.trendyol.com/go-toys/go-blocks-80-parca-yapi-blok-seti-multi-blok-saklama-cantali-shopist-p-883281509?boutiqueId=61&merchantId=357212,Shopist,,209.3,299,30,,TRY,"[""Sepette %30 İndirim"",""Kargo Bedava""]",InStock,100 adetten fazla stok sunulmuştur,,,4.1,1531,822,,101,627 kişinin sepetinde,47B kişi favoriledi,Son 24 saatte 432 kişi görüntüledi,4999,TRY,0,,1,3,1 saat 53 dakika içinde sipariş verirsen en geç bugün kargoda!,,https://cdn.dsmcdn.com/ty1611/prod/QC/20241210/21/71a86367-6e31-3b9e-9689-bf4925e62654/1_org_zoom.jpg,"{""Parça Sayısı"":""80"",""Yaş"":""3+ Yaş"",""Menşei"":""TR""}",20,5,refreshed,"[""daily_top""]",true,2026-08-17T09:00:04+03:00,0,"[""search_result_dom"",""product_detail_jsonld"",""product_detail_dom""]","{""title"":""observed"",""brand"":""observed"",""seller_name"":""observed"",""seller_score"":""unavailable"",""price"":""observed"",""original_price"":""observed"",""campaigns"":""observed"",""stock_status"":""observed"",""stock_signal"":""observed"",""rating"":""observed"",""rating_count"":""observed"",""review_count"":""observed"",""question_count"":""observed"",""delivery_summary"":""observed"",""shipping_cost"":""observed"",""properties"":""observed""}",true,
2026-08-17,2026-08-17T09:00:04+03:00,çocuk,BEST_SELLER,cocuk-oyuncak,çocuk oyuncak,109,6,181,181,,,22.5,7.5,2838118,104968,Dolu Nuve Eğitici Lazımlık 7051,Dolu,Eğitici Oyuncak,https://www.trendyol.com/dolu/nuve-egitici-lazimlik-7051-p-2838118?boutiqueId=61&merchantId=104968,Happy Center,92,682,,,,TRY,"[""27 TL Kupon"",""Kargo Bedava""]",InStock,100 adetten fazla stok sunulmuştur,,,4.7,1288,650,,235,556 kişinin sepetinde,"26,4B kişi favoriledi",Son 24 saatte 327 kişi görüntüledi,4999,TRY,0,1,1,3,2 saat 53 dakika içinde sipariş verirsen en geç bugün kargoda!,,https://cdn.dsmcdn.com/ty1000327/product/media/images/prod/PIM/20260216/06/9662db56-ccc4-4c34-809f-7fb1a740baf7/1_org_zoom.jpg,"{""Paket İçeriği"":""Belirtilmemiş"",""Yaş"":""7 - 8 Yaş"",""Piller Kutuya Dahil Mi?"":""Belirtilmemiş"",""Dil"":""Almanca"",""Pil ile mi çalışır?"":""Hayır"",""Menşei"":""KZ"",""Batarya Türü"":""Alkalin"",""Batarya Boyutu"":""Uygulanabilir Değil"",""Özellik"":""Yıkanabilir""}",20,5,refreshed,"[""daily_top""]",true,2026-08-17T09:00:04+03:00,0,"[""search_result_dom"",""product_detail_jsonld"",""product_detail_dom""]","{""title"":""observed"",""brand"":""observed"",""seller_name"":""observed"",""seller_score"":""observed"",""price"":""observed"",""original_price"":""unavailable"",""campaigns"":""observed"",""stock_status"":""observed"",""stock_signal"":""observed"",""rating"":""observed"",""rating_count"":""observed"",""review_count"":""observed"",""question_count"":""observed"",""delivery_summary"":""observed"",""shipping_cost"":""observed"",""properties"":""observed""}",true,
2026-08-17,2026-08-17T09:00:04+03:00,çocuk,BEST_SELLER,cocuk-oyuncak,çocuk oyuncak,110,6,182,182,,,21.3,10.7,790612948,109643,HOLLYHOME 2'li Pop It Kare-sekizgen Duyusal Oyuncak Zihinsel Gelişim Stres Popit 2 Ad,HOLLYHOME,Eğitici Oyuncak,https://www.trendyol.com/hollyhome/2-li-pop-it-kare-sekizgen-duyusal-oyuncak-zihinsel-gelisim-stres-popit-2-ad-p-790612948?boutiqueId=61&merchantId=109643,Rüya Gezegeni,89,149,152,2,,TRY,"[""10 TL Kupon"",""Son 10 Günün En Düşük Fiyatı"",""Kargo Bedava"",""Son 10 günün en düşük fiyatı""]",InStock,100 adetten fazla stok sunulmuştur,,,3.9,407,261,,47,359 kişinin sepetinde,"2,5B kişi favoriledi",,4999,TRY,0,2,1,5,14 saat 53 dakika içinde sipariş verirsen en geç yarın kargoda!,,https://cdn.dsmcdn.com/ty1779/prod/QC_ENRICHMENT/20251025/04/7ad7c69d-ba45-3290-a70b-6610960559b6/1_org_zoom.jpg,"{""Paket İçeriği"":""2'li"",""Yaş"":""Belirtilmemiş"",""Piller Kutuya Dahil Mi?"":""Hayır"",""Dil"":""Evrensel Dil"",""Pil ile mi çalışır?"":""Hayır"",""Diğer Özellikler"":""Silikon Malzeme"",""Menşei"":""TR"",""Ürün Uyarıları (Oyuncak)"":""Çocuklar İçin uygundur"",""Özellik"":""Kare""}",20,5,refreshed,"[""daily_top""]",true,2026-08-17T09:00:04+03:00,0,"[""search_result_dom"",""product_detail_jsonld"",""product_detail_dom""]","{""title"":""observed"",""brand"":""observed"",""seller_name"":""observed"",""seller_score"":""observed"",""price"":""observed"",""original_price"":""observed"",""campaigns"":""observed"",""stock_status"":""observed"",""stock_signal"":""observed"",""rating"":""observed"",""rating_count"":""observed"",""review_count"":""observed"",""question_count"":""observed"",""delivery_summary"":""observed"",""shipping_cost"":""observed"",""properties"":""observed""}",true,
2026-08-17,2026-08-17T09:00:04+03:00,çocuk,BEST_SELLER,cocuk-oyuncak,çocuk oyuncak,111,6,183,183,,,14.1,15.9,1165389135,1289394,ŞOKİTO Işıklı Simli Çin Mantısı Squishy Oyuncak | Yumuşak Işıklı Oyuncak |Sürpriz Renk | Viral Dumpling Squishy,ŞOKİTO,Sürpriz Oyuncak Figürü,https://www.trendyol.com/sokito/isikli-simli-cin-mantisi-squishy-oyuncak-yumusak-isikli-oyuncak-surpriz-renk-viral-dumpling-squishy-p-1165389135?boutiqueId=61&merchantId=1289394,EDENZY,85,764.1,,,,TRY,"[""Sepette %10 İndirim"",""Kargo Bedava"",""Trendyol Plus'a Özel""]",InStock,100 adetten fazla stok sunulmuştur,,,4.5,60,57,,10,"1,3B kişinin sepetinde","3,1B kişi favoriledi","Son 24 saatte 2,1B kişi görüntüledi",4999,TRY,0,1,1,3,14 saat 53 dakika içinde sipariş verirsen en geç yarın kargoda!,,https://cdn.dsmcdn.com/ty1907/prod/QC_PREP/20260706/21/96d5420b-9658-302d-8fc5-227cc2f53fb5/1_org_zoom.jpg,"{""Paket İçeriği"":""1'li"",""Yaş"":""3+ Yaş"",""Menşei"":""CN""}",20,5,refreshed,"[""daily_top""]",true,2026-08-17T09:00:04+03:00,0,"[""search_result_dom"",""product_detail_jsonld"",""product_detail_dom""]","{""title"":""observed"",""brand"":""observed"",""seller_name"":""observed"",""seller_score"":""observed"",""price"":""observed"",""original_price"":""unavailable"",""campaigns"":""observed"",""stock_status"":""observed"",""stock_signal"":""observed"",""rating"":""observed"",""rating_count"":""observed"",""review_count"":""observed"",""question_count"":""observed"",""delivery_summary"":""observed"",""shipping_cost"":""observed"",""properties"":""observed""}",true,
2026-08-17,2026-08-17T09:00:04+03:00,çocuk,BEST_SELLER,cocuk-oyuncak,çocuk oyuncak,112,6,184,184,,,60.3,17.1,1089464520,744768,Nandy Home Kamelya Çiçek Model Karakter Figürü 3D Yapı Oyuncakları,Nandy Home,Yapı Oyuncakları,https://www.trendyol.com/nandy-home/kamelya-cicek-model-karakter-figuru-3d-yapi-oyuncaklari-p-1089464520?boutiqueId=61&merchantId=744768,Nandy Kids,96,131.4,249.9,47.4,,TRY,"[""Son 10 Günün En Düşük Fiyatı"",""Süper Fırsat Ürünü"",""Kargo Bedava"",""Son 10 günün en düşük fiyatı""]",InStock,100 adetten fazla stok sunulmuştur,,,4.4,86,40,,10,663 kişinin sepetinde,"15,5B kişi favoriledi",Son 24 saatte 450 kişi görüntüledi,4999,TRY,0,,1,3,5 saat 53 dakika içinde sipariş verirsen en geç bugün kargoda!,,https://cdn.dsmcdn.com/ty1905/prod/QC_ENRICHMENT/20260522/11/647f6974-f71a-3241-ba52-8a535d4157d9/1_org_zoom.jpg,"{""Parça Sayısı"":""99"",""Yaş"":""5+ Yaş"",""Diğer Özellikler"":""Küçük parçalar içermektedir."",""Menşei"":""CN"",""Ürün Uyarıları (Oyuncak)"":""Küçük parçalar içermektedir."",""Batarya Türü"":""Diğer"",""Özellik"":""Standart""}",20,5,refreshed,"[""daily_top""]",true,2026-08-17T09:00:04+03:00,0,"[""search_result_dom"",""product_detail_jsonld"",""product_detail_dom""]","{""title"":""observed"",""brand"":""observed"",""seller_name"":""observed"",""seller_score"":""observed"",""price"":""observed"",""original_price"":""observed"",""campaigns"":""observed"",""stock_status"":""observed"",""stock_signal"":""observed"",""rating"":""observed"",""rating_count"":""observed"",""review_count"":""observed"",""question_count"":""observed"",""delivery_summary"":""observed"",""shipping_cost"":""observed"",""properties"":""observed""}",true,
2026-08-17,2026-08-17T09:00:04+03:00,çocuk,BEST_SELLER,cocuk-oyuncak,çocuk oyuncak,113,6,185,185,,,17.8,12.2,1146936151,1213728,RAMEH Yuvarlak Pembe Oyuncaklı Gölgelikli Tenteli Çocuk Deniz Simiti Baby Float Bebek Deniz Simiti 0-3 Yaş Bebek Botu Pembe,RAMEH,,https://www.trendyol.com/rameh/yuvarlak-pembe-oyuncakli-golgelikli-tenteli-cocuk-deniz-simiti-baby-float-bebek-deniz-simiti-0-3-yas-bebek-botu-pembe-p-1146936151?boutiqueId=61&merchantId=1213728,TinyToys,8,762,,,,TRY,"[""Kargo Bedava""]",InStock,10 adetten fazla stok sunulmuştur,,,3.9,167,,,78,,"11,3B kişi favoriledi",Son 24 saatte 379 kişi görüntüledi,,,0,,,,Tahmini Teslim:,En Çok Favorilenen 3. Ürün,,{},0,,refreshed,"[""daily_top""]",true,2026-08-17T09:00:04+03:00,0,"[""search_result_dom"",""product_detail_jsonld"",""product_detail_dom""]","{""title"":""observed"",""brand"":""observed"",""seller_name"":""observed"",""seller_score"":""observed"",""price"":""observed"",""original_price"":""unavailable"",""campaigns"":""observed"",""stock_status"":""observed"",""stock_signal"":""observed"",""rating"":""observed"",""rating_count"":""observed"",""review_count"":""unavailable"",""question_count"":""observed"",""delivery_summary"":""observed"",""shipping_cost"":""unavailable"",""properties"":""observed""}",true,
2026-08-17,2026-08-17T09:00:04+03:00,çocuk,BEST_SELLER,cocuk-oyuncak,çocuk oyuncak,114,6,186,186,,,24.9,5.1,2018923,200893,LEGO ® Classic Orta Boy Yaratıcı Parçalar Yapım Kutusu 10696 - 4+ Yaratıcı Oyuncak Yapım Seti (484 Parça),LEGO,Diğer Oyun Takımları,https://www.trendyol.com/lego/classic-orta-boy-yaratici-parcalar-yapim-kutusu-10696-4-yaratici-oyuncak-yapim-seti-484-parca-p-2018923?boutiqueId=61&merchantId=200893,ALDIMGİTTİ,94,1325,,,,TRY,"[""Kargo Bedava"",""Peşin Fiyatına 3 Taksit""]",InStock,100 adetten fazla stok sunulmuştur,,,4.8,2953,1313,,273,"1,5B kişinin sepetinde","90,4B kişi favoriledi","Son 24 saatte 1,1B kişi görüntüledi",4999,TRY,0,1,1,3,5 saat 53 dakika içinde sipariş verirsen en geç bugün kargoda!,,https://cdn.dsmcdn.com/ty1743/product/media/images/prod/PIM/20250923/12/d5d68ece-161f-4936-9605-18e1a3d802df/1_org_zoom.jpg,"{""Seri"":""Classic"",""Parça Sayısı"":""1 Parça"",""Yaş"":""Belirtilmemiş"",""Diğer Özellikler"":""-"",""Menşei"":""UM"",""Ürün Uyarıları (Oyuncak)"":""Küçük parçalar içerdiğinden 3 yaş altı çocuklar için uygun değildir; ürünün yetişkin gözetiminde, kullanım talimatına uygun şekilde kullanılması önerilir."",""Batarya Türü"":""Diğer"",""Özellik"":""Diğer"",""Renk"":""Beyaz""}",20,5,refreshed,"[""daily_top""]",true,2026-08-17T09:00:04+03:00,0,"[""search_result_dom"",""product_detail_jsonld"",""product_detail_dom""]","{""title"":""observed"",""brand"":""observed"",""seller_name"":""observed"",""seller_score"":""observed"",""price"":""observed"",""original_price"":""unavailable"",""campaigns"":""observed"",""stock_status"":""observed"",""stock_signal"":""observed"",""rating"":""observed"",""rating_count"":""observed"",""review_count"":""observed"",""question_count"":""observed"",""delivery_summary"":""observed"",""shipping_cost"":""observed"",""properties"":""observed""}",true,
2026-08-17,2026-08-17T09:00:04+03:00,çocuk,BEST_SELLER,cocuk-oyuncak,çocuk oyuncak,115,6,187,187,,,18,17.9,936885100,968,LEGO ® City Polis Teknesi Takibi 60456 - 6+ Çocuklar için Yaratıcı Oyuncak Yapım Seti (264 P),LEGO,Yapı Oyuncakları,https://www.trendyol.com/lego/city-polis-teknesi-takibi-60456-6-cocuklar-icin-yaratici-oyuncak-yapim-seti-264-p-p-936885100?boutiqueId=690823&merchantId=968,Trendyol,,1409.99,1498.19,5.9,,TRY,"[""Kargo Bedava"",""Peşin Fiyatına 3 Taksit""]",InStock,100 adetten fazla stok sunulmuştur,,,4.7,98,32,,6,907 kişinin sepetinde,"15,3B kişi favoriledi",Son 24 saatte 800 kişi görüntüledi,4999,TRY,0,,1,3,7 saat 53 dakika içinde sipariş verirsen en geç bugün kargoda!,,https://cdn.dsmcdn.com/ty1743/product/media/images/prod/PIM/20250919/17/c641585c-f139-44f7-8901-4e0d60f645c5/1_org_zoom.jpg,"{""Seri"":""City"",""Parça Sayısı"":""101-500"",""Yaş"":""6+ Yaş"",""Diğer Özellikler"":""6+"",""Menşei"":""UM"",""Ürün Uyarıları (Oyuncak)"":""Küçük parçalar içerdiğinden 3 yaş altı çocuklar için uygun değildir; ürünün yetişkin gözetiminde, kullanım talimatına uygun şekilde kullanılması önerilir."",""Batarya Türü"":""Diğer"",""Özellik"":""Diğer""}",20,5,refreshed,"[""daily_top""]",true,2026-08-17T09:00:04+03:00,0,"[""search_result_dom"",""product_detail_jsonld"",""product_detail_dom""]","{""title"":""observed"",""brand"":""observed"",""seller_name"":""observed"",""seller_score"":""unavailable"",""price"":""observed"",""original_price"":""observed"",""campaigns"":""observed"",""stock_status"":""observed"",""stock_signal"":""observed"",""rating"":""observed"",""rating_count"":""observed"",""review_count"":""observed"",""question_count"":""observed"",""delivery_summary"":""observed"",""shipping_cost"":""observed"",""properties"":""observed""}",true,
2026-08-17,2026-08-17T09:00:04+03:00,çocuk,BEST_SELLER,cocuk-oyuncak,çocuk oyuncak,116,7,188,188,,,14.7,15.3,1158621099,1027595,KİDOSE Çocuklar İçin Punch Dikiş Etkinlik Seti | Tavşan Panda Kaplan Kurbağa Civciv,KİDOSE,Eğitici Oyuncak,https://www.trendyol.com/kidose/cocuklar-icin-punch-dikis-etkinlik-seti-tavsan-panda-kaplan-kurbaga-civciv-p-1158621099?boutiqueId=61&merchantId=1027595,KiDoSe,96,349.9,,,,TRY,"[""Kargo Bedava"",""Trendyol Plus'a Özel""]",InStock,100 adetten fazla stok sunulmuştur,,,4.7,86,68,,12,782 kişinin sepetinde,"4,6B kişi favoriledi",Son 24 saatte 357 kişi görüntüledi,4999,TRY,0,1,1,3,14 saat 53 dakika içinde sipariş verirsen en geç yarın kargoda!,,https://cdn.dsmcdn.com/ty1936/prod/QC_PREP/20260620/13/e18010fa-14fc-387c-abe9-ab91f80c6af3/1_org_zoom.jpg,"{""Paket İçeriği"":""5'li"",""Yaş"":""3+ Yaş"",""Piller Kutuya Dahil Mi?"":""Hayır"",""Dil"":""Evrensel Dil"",""Pil ile mi çalışır?"":""Hayır"",""Menşei"":""TR"",""Batarya Boyutu"":""Uygulanabilir Değil"",""Özellik"":""Katı""}",20,5,refreshed,"[""daily_top""]",true,2026-08-17T09:00:04+03:00,0,"[""search_result_dom"",""product_detail_jsonld"",""product_detail_dom""]","{""title"":""observed"",""brand"":""observed"",""seller_name"":""observed"",""seller_score"":""observed"",""price"":""observed"",""original_price"":""unavailable"",""campaigns"":""observed"",""stock_status"":""observed"",""stock_signal"":""observed"",""rating"":""observed"",""rating_count"":""observed"",""review_count"":""observed"",""question_count"":""observed"",""delivery_summary"":""observed"",""shipping_cost"":""observed"",""properties"":""observed""}",true,
2026-08-17,2026-08-17T09:00:04+03:00,çocuk,BEST_SELLER,cocuk-oyuncak,çocuk oyuncak,117,7,189,189,,,56.7,3.3,687705772,357212,Go Toys Otobant Eğitici Ve Eğlenceli Yol Yapım Bandı - Çocuk Trafik Bantı - Road Tape Oyun Bandı,Go Toys,Eğitici Oyuncak,https://www.trendyol.com/go-toys/otobant-egitici-ve-eglenceli-yol-yapim-bandi-cocuk-trafik-banti-road-tape-oyun-bandi-p-687705772?boutiqueId=61&merchantId=357212,Shopist,9,97.3,139,30,,TRY,"[""Sepette %30 İndirim"",""Kargo Bedava""]",InStock,100 adetten fazla stok sunulmuştur,,,4.5,4110,2205,,169,633 kişinin sepetinde,76B kişi favoriledi,Son 24 saatte 331 kişi görüntüledi,4999,TRY,0,2,1,5,1 saat 53 dakika içinde sipariş verirsen en geç bugün kargoda!,,https://cdn.dsmcdn.com/ty1530/product/media/images/prod/QC/20240819/09/e7b92f4b-048a-35e9-9a50-3b6b079b674e/1_org_zoom.jpg,"{""Paket İçeriği"":""1'li"",""Yaş"":""1+ Yaş"",""Piller Kutuya Dahil Mi?"":""Hayır"",""Dil"":""Evrensel Dil"",""Pil ile mi çalışır?"":""Hayır"",""Diğer Özellikler"":""İstenilen ölçüde keserek farklı şekilde yollar yapabilirsiniz"",""Menşei"":""KZ"",""Ürün Uyarıları (Oyuncak)"":""3 Yaş ve Üzeri İçin Uygundur"",""Özellik"":""Uzun""}",20,5,refreshed,"[""daily_top""]",true,2026-08-17T09:00:04+03:00,0,"[""search_result_dom"",""product_detail_jsonld"",""product_detail_dom""]","{""title"":""observed"",""brand"":""observed"",""seller_name"":""observed"",""seller_score"":""observed"",""price"":""observed"",""original_price"":""observed"",""campaigns"":""observed"",""stock_status"":""observed"",""stock_signal"":""observed"",""rating"":""observed"",""rating_count"":""observed"",""review_count"":""observed"",""question_count"":""observed"",""delivery_summary"":""observed"",""shipping_cost"":""observed"",""properties"":""observed""}",true,
2026-08-17,2026-08-17T09:00:04+03:00,çocuk,BEST_SELLER,cocuk-oyuncak,çocuk oyuncak,118,7,190,190,6,,12.5,17.5,899647373,288437,WOODROFFE Avokado - Katil Civciv Uyku Arkadaşı ve Peluş Yastık 35 cm 2 li Peluş Oyuncak Yastık Hediye Paketi,WOODROFFE,Peluş Oyuncak,https://www.trendyol.com/woodroffe/avokado-katil-civciv-uyku-arkadasi-ve-pelus-yastik-35-cm-2-li-pelus-oyuncak-yastik-hediye-paketi-p-899647373?boutiqueId=61&merchantId=288437,VAGON TOYS,95,266.07,,,,TRY,"[""Kargo Bedava""]",InStock,100 adetten fazla stok sunulmuştur,,,4.4,83,36,,16,895 kişinin sepetinde,"8,6B kişi favoriledi",Son 24 saatte 730 kişi görüntüledi,4999,TRY,0,,1,3,2 saat 52 dakika içinde sipariş verirsen en geç bugün kargoda!,En Çok Satan 6. Ürün,https://cdn.dsmcdn.com/ty1808/prod/QC_ENRICHMENT/20260106/23/a1b77027-d01c-358f-9397-ddd046b07d5b/1_org_zoom.jpg,"{""Renk"":""Yeşil"",""Boyut"":""35 cm"",""Yaş"":""1+ Yaş"",""Dil"":""Türkçe"",""Pil ile mi çalışır?"":""Hayır"",""Piller Kutuya Dahil Mi?"":""Hayır"",""Menşei"":""TR"",""Batarya Türü"":""Diğer"",""Özellik"":""Enerji Tasarrufu""}",20,5,refreshed,"[""daily_top""]",true,2026-08-17T09:00:04+03:00,0,"[""search_result_dom"",""product_detail_jsonld"",""product_detail_dom""]","{""title"":""observed"",""brand"":""observed"",""seller_name"":""observed"",""seller_score"":""observed"",""price"":""observed"",""original_price"":""unavailable"",""campaigns"":""observed"",""stock_status"":""observed"",""stock_signal"":""observed"",""rating"":""observed"",""rating_count"":""observed"",""review_count"":""observed"",""question_count"":""observed"",""delivery_summary"":""observed"",""shipping_cost"":""observed"",""properties"":""observed""}",true,
2026-08-17,2026-08-17T09:00:04+03:00,çocuk,BEST_SELLER,cocuk-oyuncak,çocuk oyuncak,119,7,191,191,,,7.2,22.8,1164832514,1159908,PLASTMARKET Puzzle City 3D Şehir Kurma Blokları - Eğitici Ev Yapı Blokları Oyuncağı - 264 Parça,PLASTMARKET,Eğitici Oyuncak,https://www.trendyol.com/plastmarket/puzzle-city-3d-sehir-kurma-bloklari-egitici-ev-yapi-bloklari-oyuncagi-264-parca-p-1164832514?boutiqueId=61&merchantId=1159908,PLASTMARKET,94,199,,,,TRY,"[""Kargo Bedava""]",InStock,100 adetten fazla stok sunulmuştur,,,3.6,13,7,,7,424 kişinin sepetinde,832 kişi favoriledi,,4999,TRY,0,,1,3,1 saat 52 dakika içinde sipariş verirsen en geç bugün kargoda!,,https://cdn.dsmcdn.com/ty1937/prod/QC_ENRICHMENT/20260724/21/740317c2-4830-38d5-bff8-343ef97a8044/1_org_zoom.jpg,"{""Paket İçeriği"":""200+"",""Yaş"":""3+ Yaş"",""Piller Kutuya Dahil Mi?"":""Hayır"",""Dil"":""Türkçe"",""Pil ile mi çalışır?"":""Hayır"",""Menşei"":""TR""}",7,3,refreshed,"[""daily_top""]",true,2026-08-17T09:00:04+03:00,0,"[""search_result_dom"",""product_detail_jsonld"",""product_detail_dom""]","{""title"":""observed"",""brand"":""observed"",""seller_name"":""observed"",""seller_score"":""observed"",""price"":""observed"",""original_price"":""unavailable"",""campaigns"":""observed"",""stock_status"":""observed"",""stock_signal"":""observed"",""rating"":""observed"",""rating_count"":""observed"",""review_count"":""observed"",""question_count"":""observed"",""delivery_summary"":""observed"",""shipping_cost"":""observed"",""properties"":""observed""}",true,
2026-08-17,2026-08-17T09:00:04+03:00,çocuk,BEST_SELLER,cocuk-oyuncak,çocuk oyuncak,120,7,192,192,,,20.2,14.4,1054690806,107220,Volty Beyaz Gürültü Makinesi 21 Farklı Ses Rahatlatıcı Radyasyon İçermeyen Uyku Arkadaşı Şarjlı Işıklı,Volty,Uyku Arkadaşı,https://www.trendyol.com/volty/beyaz-gurultu-makinesi-21-farkli-ses-rahatlatici-radyasyon-icermeyen-uyku-arkadasi-sarjli-isikli-p-1054690806?boutiqueId=61&merchantId=107220,Yakınında,92,1645.91,1725.91,4.6,,TRY,"[""Kargo Bedava"",""Peşin Fiyatına 3 Taksit""]",InStock,100 adetten fazla stok sunulmuştur,,,4.5,168,88,,90,485 kişinin sepetinde,"13,4B kişi favoriledi",Son 24 saatte 674 kişi görüntüledi,4999,TRY,0,,1,3,5 saat 52 dakika içinde sipariş verirsen en geç bugün kargoda!,,https://cdn.dsmcdn.com/ty1896/prod/QC_ENRICHMENT/20260814/08/b4a440b7-d502-3604-a3d6-62cdc54d09cf/1_org_zoom.jpg,"{""Renk"":""Beyaz"",""Boyut"":""10 cm"",""Yaş"":""0 - 1 Yaş"",""Dil"":""Türkçe"",""Piller Kutuya Dahil Mi?"":""Belirtilmemiş"",""Pil ile mi çalışır?"":""Hayır"",""Menşei"":""CN"",""Materyal Bileşeni"":""BPA İçermeyen ABS""}",20,5,refreshed,"[""daily_top""]",true,2026-08-17T09:00:04+03:00,0,"[""search_result_dom"",""product_detail_jsonld"",""product_detail_dom""]","{""title"":""observed"",""brand"":""observed"",""seller_name"":""observed"",""seller_score"":""observed"",""price"":""observed"",""original_price"":""observed"",""campaigns"":""observed"",""stock_status"":""observed"",""stock_signal"":""observed"",""rating"":""observed"",""rating_count"":""observed"",""review_count"":""observed"",""question_count"":""observed"",""delivery_summary"":""observed"",""shipping_cost"":""observed"",""properties"":""observed""}",true,
2026-08-17,2026-08-17T09:00:04+03:00,çocuk,BEST_SELLER,cocuk-oyuncak,çocuk oyuncak,121,7,193,193,,,19.7,15.4,1096233020,919413,"miras home 72 Parça Renkli Eğitici Zeka Yapı Blokları, Oyuncak Blok Seti",miras home,Yapı Oyuncakları,https://www.trendyol.com/miras-home/72-parca-renkli-egitici-zeka-yapi-bloklari-oyuncak-blok-seti-p-1096233020?boutiqueId=61&merchantId=919413,TABAŞCOLLECTİON,87,163.01,171.78,5.1,,TRY,"[""Son 10 Günün En Düşük Fiyatı"",""Kargo Bedava"",""Son 10 günün en düşük fiyatı""]",InStock,100 adetten fazla stok sunulmuştur,,,3.8,105,65,,14,530 kişinin sepetinde,"4,5B kişi favoriledi",,4999,TRY,0,1,1,3,14 saat 52 dakika içinde sipariş verirsen en geç yarın kargoda!,,https://cdn.dsmcdn.com/ty1820/prod/QC_PREP/20260203/16/90bb5dea-e88f-3ddf-863d-147a6a431eb1/1_org_zoom.jpg,"{""Seri"":""Mini Figürler"",""Parça Sayısı"":""72"",""Yaş"":""3+ Yaş"",""Diğer Özellikler"":""3 yaş ve altı için uygun değildir."",""Menşei"":""TR"",""Ürün Uyarıları (Oyuncak)"":""3 yaş ve altı için uygun değildir."",""Özellik"":""Katı""}",20,5,refreshed,"[""daily_top""]",true,2026-08-17T09:00:04+03:00,0,"[""search_result_dom"",""product_detail_jsonld"",""product_detail_dom""]","{""title"":""observed"",""brand"":""observed"",""seller_name"":""observed"",""seller_score"":""observed"",""price"":""observed"",""original_price"":""observed"",""campaigns"":""observed"",""stock_status"":""observed"",""stock_signal"":""observed"",""rating"":""observed"",""rating_count"":""observed"",""review_count"":""observed"",""question_count"":""observed"",""delivery_summary"":""observed"",""shipping_cost"":""observed"",""properties"":""observed""}",true,
2026-08-17,2026-08-17T09:00:04+03:00,çocuk,BEST_SELLER,cocuk-oyuncak,çocuk oyuncak,122,7,194,194,,,13.7,16.3,1089461375,744768,Nandy Home Şakayık Çiçek Model Karakter Figürü 3D Yapı Oyuncakları,Nandy Home,Yapı Oyuncakları,https://www.trendyol.com/nandy-home/sakayik-cicek-model-karakter-figuru-3d-yapi-oyuncaklari-p-1089461375?boutiqueId=61&merchantId=744768,Nandy Kids,96,139.04,,,,TRY,"[""Kargo Bedava""]",InStock,100 adetten fazla stok sunulmuştur,,,4.3,120,51,,9,"1,1B kişinin sepetinde","23,7B kişi favoriledi",Son 24 saatte 580 kişi görüntüledi,4999,TRY,0,,1,3,5 saat 52 dakika içinde sipariş verirsen en geç bugün kargoda!,,https://cdn.dsmcdn.com/ty1942/prod/QC_ENRICHMENT/20260522/10/59302400-aa49-35bf-a0af-98b588306f7e/1_org_zoom.jpg,"{""Parça Sayısı"":""108"",""Yaş"":""5+ Yaş"",""Diğer Özellikler"":""Küçük parçalar içermektedir."",""Menşei"":""CN"",""Ürün Uyarıları (Oyuncak)"":""Küçük parçalar içermektedir."",""Batarya Türü"":""Diğer"",""Özellik"":""Standart""}",20,5,refreshed,"[""daily_top""]",true,2026-08-17T09:00:04+03:00,0,"[""search_result_dom"",""product_detail_jsonld"",""product_detail_dom""]","{""title"":""observed"",""brand"":""observed"",""seller_name"":""observed"",""seller_score"":""observed"",""price"":""observed"",""original_price"":""unavailable"",""campaigns"":""observed"",""stock_status"":""observed"",""stock_signal"":""observed"",""rating"":""observed"",""rating_count"":""observed"",""review_count"":""observed"",""question_count"":""observed"",""delivery_summary"":""observed"",""shipping_cost"":""observed"",""properties"":""observed""}",true,
2026-08-17,2026-08-17T09:00:04+03:00,çocuk,BEST_SELLER,cocuk-oyuncak,çocuk oyuncak,123,7,195,195,,,57.4,2.6,888587588,4354,Triathlon T212-M Katlanabilir LED Işıklı Scooter | Ayarlanabilir Yükseklik | Arka Fren | 3 Tekerlek | 3+ Yaş,Triathlon,,https://www.trendyol.com/triathlon/t212-m-katlanabilir-led-isikli-scooter-ayarlanabilir-yukseklik-arka-fren-3-tekerlek-3-yas-p-888587588?boutiqueId=61&merchantId=4354,Piranha Store,86,895.3,1279,30,,TRY,"[""Sepette %30 İndirim"",""Kargo Bedava""]",InStock,100 adetten fazla stok sunulmuştur,,,3.9,2654,,,426,,34B kişi favoriledi,Son 24 saatte 530 kişi görüntüledi,,,0,,,,Tahmini Teslim:,,,{},0,,refreshed,"[""daily_top""]",true,2026-08-17T09:00:04+03:00,0,"[""search_result_dom"",""product_detail_jsonld"",""product_detail_dom""]","{""title"":""observed"",""brand"":""observed"",""seller_name"":""observed"",""seller_score"":""observed"",""price"":""observed"",""original_price"":""observed"",""campaigns"":""observed"",""stock_status"":""observed"",""stock_signal"":""observed"",""rating"":""observed"",""rating_count"":""observed"",""review_count"":""unavailable"",""question_count"":""observed"",""delivery_summary"":""observed"",""shipping_cost"":""unavailable"",""properties"":""observed""}",true,
2026-08-17,2026-08-17T09:00:04+03:00,çocuk,BEST_SELLER,cocuk-oyuncak,çocuk oyuncak,124,7,196,196,9,,20.5,9.5,39449150,752303,Genel Markalar Oyuncak Otomatik Robota Dönüşen Araba,Genel Markalar,Diğer Oyuncaklar,https://www.trendyol.com/genel-markalar/oyuncak-otomatik-robota-donusen-araba-p-39449150?boutiqueId=61&merchantId=752303,KİNKU,94,186,,,,TRY,"[""Sepette %1 İndirim"",""Kargo Bedava""]",InStock,100 adetten fazla stok sunulmuştur,,,4,755,363,,282,544 kişinin sepetinde,"17,8B kişi favoriledi",Son 24 saatte 303 kişi görüntüledi,4999,TRY,0,1,1,3,5 saat 52 dakika içinde sipariş verirsen en geç bugün kargoda!,En Çok Satan 9. Ürün,https://cdn.dsmcdn.com/ty1603/prod/QC/20241121/09/ef43fea5-a1dc-3964-9187-8d966f1df6cf/1_org_zoom.jpg,"{""Yaş"":""3+ Yaş"",""Piller Kutuya Dahil Mi?"":""Hayır"",""Pil ile mi çalışır?"":""Hayır"",""Menşei"":""CN"",""Özellik"":""Robot"",""Renk"":""Beyaz""}",20,5,refreshed,"[""daily_top""]",true,2026-08-17T09:00:04+03:00,0,"[""search_result_dom"",""product_detail_jsonld"",""product_detail_dom""]","{""title"":""observed"",""brand"":""observed"",""seller_name"":""observed"",""seller_score"":""observed"",""price"":""observed"",""original_price"":""unavailable"",""campaigns"":""observed"",""stock_status"":""observed"",""stock_signal"":""observed"",""rating"":""observed"",""rating_count"":""observed"",""review_count"":""observed"",""question_count"":""observed"",""delivery_summary"":""observed"",""shipping_cost"":""observed"",""properties"":""observed""}",true,
2026-08-17,2026-08-17T09:00:04+03:00,çocuk,BEST_SELLER,cocuk-oyuncak,çocuk oyuncak,125,7,197,197,,,3.8,26.2,1182871494,517848,FBZhome 2 Adet Magnetic Cars Manyetik Araç Oyun Seti - Manyetik Yapı Blokları Araba Eklentisi,FBZhome,Eğitici Oyuncak,https://www.trendyol.com/fbzhome/2-adet-magnetic-cars-manyetik-arac-oyun-seti-manyetik-yapi-bloklari-araba-eklentisi-p-1182871494?boutiqueId=61&merchantId=517848,FBZHOME,92,499.9,,,,TRY,"[""Kargo Bedava""]",InStock,100 adetten fazla stok sunulmuştur,,,5,2,2,,1,,,,4999,TRY,0,1,1,3,14 saat 52 dakika içinde sipariş verirsen en geç yarın kargoda!,,https://cdn.dsmcdn.com/ty1936/prod/QC_PREP/20260810/02/75d51bf9-01b5-3163-a57f-11418e9f742f/1_org_zoom.jpg,"{""Paket İçeriği"":""2+"",""Yaş"":""3+ Yaş"",""Piller Kutuya Dahil Mi?"":""Belirtilmemiş"",""Dil"":""Türkçe"",""Pil ile mi çalışır?"":""Hayır"",""Menşei"":""TR"",""Batarya Türü"":""Diğer"",""Özellik"":""Kare""}",2,5,refreshed,"[""daily_top""]",true,2026-08-17T09:00:04+03:00,0,"[""search_result_dom"",""product_detail_jsonld"",""product_detail_dom""]","{""title"":""observed"",""brand"":""observed"",""seller_name"":""observed"",""seller_score"":""observed"",""price"":""observed"",""original_price"":""unavailable"",""campaigns"":""observed"",""stock_status"":""observed"",""stock_signal"":""observed"",""rating"":""observed"",""rating_count"":""observed"",""review_count"":""observed"",""question_count"":""observed"",""delivery_summary"":""observed"",""shipping_cost"":""observed"",""properties"":""observed""}",true,
2026-08-17,2026-08-17T09:00:04+03:00,çocuk,BEST_SELLER,cocuk-oyuncak,çocuk oyuncak,126,7,198,198,,,25.1,4.9,192311818,752303,Spiderman Çocuk Spiderman Figürlü Projeksiyonlu Dijital Kol Saati,Spiderman,Diğer Figür Oyuncaklar,https://www.trendyol.com/spiderman/cocuk-spiderman-figurlu-projeksiyonlu-dijital-kol-saati-p-192311818?boutiqueId=61&merchantId=752303,KİNKU,94,199,,,,TRY,"[""Kargo Bedava""]",InStock,100 adetten fazla stok sunulmuştur,,,4.4,2551,1362,,231,423 kişinin sepetinde,"39,3B kişi favoriledi",Son 24 saatte 388 kişi görüntüledi,4999,TRY,0,,1,3,5 saat 52 dakika içinde sipariş verirsen en geç bugün kargoda!,En Çok Favorilenen 3. Ürün,https://cdn.dsmcdn.com/ty246/product/media/images/20211116/22/181587539/316467982/1/1_org_zoom.jpg,"{""Paket İçeriği"":""1'li"",""Yaş"":""3+ Yaş"",""Menşei"":""CN""}",20,5,refreshed,"[""daily_top""]",true,2026-08-17T09:00:04+03:00,0,"[""search_result_dom"",""product_detail_jsonld"",""product_detail_dom""]","{""title"":""observed"",""brand"":""observed"",""seller_name"":""observed"",""seller_score"":""observed"",""price"":""observed"",""original_price"":""unavailable"",""campaigns"":""observed"",""stock_status"":""observed"",""stock_signal"":""observed"",""rating"":""observed"",""rating_count"":""observed"",""review_count"":""observed"",""question_count"":""observed"",""delivery_summary"":""observed"",""shipping_cost"":""observed"",""properties"":""observed""}",true,
2026-08-17,2026-08-17T09:00:04+03:00,çocuk,BEST_SELLER,cocuk-oyuncak,çocuk oyuncak,127,7,199,199,,,11,19,1142827589,306081,"Fisher Price Bebek Aktivite Kitabı Aynalı – Tummy Time Oyuncağı, Montesorri Duyusal ve Görsel Gelişim 0-3 Yaş",Fisher Price,Bebek & Aktivite Oyuncakları,https://www.trendyol.com/fisher-price/bebek-aktivite-kitabi-aynali-tummy-time-oyuncagi-montesorri-duyusal-ve-gorsel-gelisim-0-3-yas-p-1142827589?boutiqueId=61&merchantId=306081,TabaGrup,93,383.88,,,,TRY,"[""Kargo Bedava""]",InStock,100 adetten fazla stok sunulmuştur,,,4.6,36,23,,4,313 kişinin sepetinde,"4,9B kişi favoriledi",Son 24 saatte 333 kişi görüntüledi,4999,TRY,0,,1,3,Tahmini Teslim:,,https://cdn.dsmcdn.com/ty1895/prod/QC_PREP/20260505/16/fabc016c-1ea1-3924-a121-d96be823f37e/1_org_zoom.jpg,"{""Paket İçeriği"":""1'li"",""Yaş"":""1 - 2 Yaş"",""Dil"":""Türkçe"",""Pil ile mi çalışır?"":""Hayır"",""Piller Kutuya Dahil Mi?"":""Hayır"",""Menşei"":""TR"",""Ürün Uyarıları (Oyuncak)"":""montesorri aynalı""}",20,5,refreshed,"[""daily_top""]",true,2026-08-17T09:00:04+03:00,0,"[""search_result_dom"",""product_detail_jsonld"",""product_detail_dom""]","{""title"":""observed"",""brand"":""observed"",""seller_name"":""observed"",""seller_score"":""observed"",""price"":""observed"",""original_price"":""unavailable"",""campaigns"":""observed"",""stock_status"":""observed"",""stock_signal"":""observed"",""rating"":""observed"",""rating_count"":""observed"",""review_count"":""observed"",""question_count"":""observed"",""delivery_summary"":""observed"",""shipping_cost"":""observed"",""properties"":""observed""}",true,
2026-08-17,2026-08-17T09:00:04+03:00,çocuk,BEST_SELLER,cocuk-oyuncak,çocuk oyuncak,128,7,200,200,,,19.3,10.7,846412036,968,LEGO ® Botanicals Erik Çiçeği 10369 – Yetişkinler için Dekoratif Çiçek Modeli Yapım Seti (327 Parça),LEGO,Yapı Oyuncakları,https://www.trendyol.com/lego/botanicals-erik-cicegi-10369-yetiskinler-icin-dekoratif-cicek-modeli-yapim-seti-327-parca-p-846412036?boutiqueId=690823&merchantId=968,Trendyol,,1295.8,,,,TRY,"[""Kargo Bedava"",""Peşin Fiyatına 3 Taksit""]",InStock,100 adetten fazla stok sunulmuştur,,,4.8,762,254,,24,662 kişinin sepetinde,"85,6B kişi favoriledi",Son 24 saatte 826 kişi görüntüledi,4999,TRY,0,1,1,3,7 saat 52 dakika içinde sipariş verirsen en geç bugün kargoda!,,https://cdn.dsmcdn.com/ty1000318/product/media/images/prod/PIM/20260221/09/7eb58941-c970-4352-9c4b-a916c44b9cfe/1_org_zoom.jpg,"{""Seri"":""Icons"",""Parça Sayısı"":""101-500"",""Yaş"":""Diğer"",""Diğer Özellikler"":""Diğer"",""Menşei"":""DK"",""Ürün Uyarıları (Oyuncak)"":""Boğulma Tehlikesi - Küçük Parçalar"",""Batarya Türü"":""Diğer"",""Özellik"":""Gece Ekstra""}",20,5,refreshed,"[""daily_top""]",true,2026-08-17T09:00:04+03:00,0,"[""search_result_dom"",""product_detail_jsonld"",""product_detail_dom""]","{""title"":""observed"",""brand"":""observed"",""seller_name"":""observed"",""seller_score"":""unavailable"",""price"":""observed"",""original_price"":""unavailable"",""campaigns"":""observed"",""stock_status"":""observed"",""stock_signal"":""observed"",""rating"":""observed"",""rating_count"":""observed"",""review_count"":""observed"",""question_count"":""observed"",""delivery_summary"":""observed"",""shipping_cost"":""observed"",""properties"":""observed""}",true,
