date,captured_at,query,sort,source_segment,source_query,segment_position,source_page,search_position,bestseller_rank,category_rank,rank_delta,trend_score,niche_score,product_id,merchant_id,title,brand,category,url,seller_name,seller_score,price,original_price,discount_percent,price_delta_percent,currency,campaigns,stock_status,stock_signal,sales_signal,sales_signal_min,rating,rating_count,review_count,review_delta,question_count,basket_signal,favorite_signal,view_signal,shipping_cost,shipping_currency,handling_days_min,handling_days_max,transit_days_min,transit_days_max,delivery_summary,badge,image_url,properties,sample_review_count,sample_review_avg,detail_status,detail_selection,detail_attempted,detail_refreshed_at,detail_age_days,data_sources,field_availability,detail_ok,detail_error
2026-08-19,2026-08-19T01:49:40+03:00,mobilya,BEST_SELLER,mobilya-cok-satanlar,Trendyol Mobilya / Çok Satanlar,1,1,1,1,1,,106.8,25.7,133138947,,"Hürrem Koyu Kahve Koltuk Tepsisi Yan Sehpa Tesbih Cevizi Cm Ortasabit 13,5 Cm Amerikan Servisi",Hürrem,Yan Sehpa,https://www.trendyol.com/hurrem/koyu-kahve-koltuk-tepsisi-yan-sehpa-tesbih-cevizi-cm-ortasabit-13-5-cm-amerikan-servisi-p-133138947,Asır Dekorasyon,85,97.8,,,,TRY,"[""Kargo Bedava""]",InStock,100 adetten fazla stok sunulmuştur,3 günde 100+ ürün satıldı!,,4,6870,3961,,157,738 kişinin sepetinde,"126,3B kişi favoriledi",Son 24 saatte 463 kişi görüntüledi,4999,TRY,0,1,1,4,22 saat 10 dakika içinde sipariş verirsen en geç yarın kargoda!,,https://cdn.dsmcdn.com/ty1528/product/media/images/prod/QC/20240907/07/62a35309-1e66-3b71-ac66-8b506b6b68cb/1_org_zoom.jpg,"{""Materyal"":""MDF"",""Şekil"":""Dikdörtgen"",""Renk"":""Kahverengi"",""Boyut/Ebat"":""22 x 20"",""Garanti Süresi"":""2 Yıl"",""Parça Sayısı"":""1 Parça"",""Stil"":""Retro"",""Tema / Stil"":""Modern"",""Menşei"":""TR"",""Özellik"":""Uzun""}",20,5,refreshed,"[""daily_top""]",true,2026-08-19T01:49:40+03:00,0,"[""search_result_dom"",""product_detail_jsonld"",""product_detail_dom""]","{""title"":""observed"",""brand"":""observed"",""seller_name"":""observed"",""seller_score"":""observed"",""price"":""observed"",""original_price"":""unavailable"",""campaigns"":""observed"",""stock_status"":""observed"",""stock_signal"":""observed"",""rating"":""observed"",""rating_count"":""observed"",""review_count"":""observed"",""question_count"":""observed"",""delivery_summary"":""observed"",""shipping_cost"":""observed"",""properties"":""observed""}",true,
2026-08-19,2026-08-19T01:49:40+03:00,mobilya,BEST_SELLER,mobilya-cok-satanlar,Trendyol Mobilya / Çok Satanlar,2,1,2,2,2,,97.9,37.1,1066296696,,"WOOVEN DESIGN Koltuk Tepsisi, Ahşap Koltuk Yanı Sehpası, Portatif Koltuk Kenarı Tepsisi",WOOVEN DESIGN,Yan Sehpa,https://www.trendyol.com/wooven-design/koltuk-tepsisi-ahsap-koltuk-yani-sehpasi-portatif-koltuk-kenari-tepsisi-p-1066296696,WOOVEN DESIGN,83,162.69,171.25,5,,TRY,"[""Sepette %5 İndirim"",""Kargo Bedava""]",InStock,100 adetten fazla stok sunulmuştur,3 günde 100+ ürün satıldı!,,4.7,241,128,,23,370 kişinin sepetinde,"7,3B kişi favoriledi",Son 24 saatte 333 kişi görüntüledi,4999,TRY,0,1,1,4,22 saat 10 dakika içinde sipariş verirsen en geç yarın kargoda!,,https://cdn.dsmcdn.com/ty1797/prod/QC_PREP/20251212/18/65e51391-f4d1-3ccb-83ad-486a4b282f48/1_org_zoom.jpg,"{""Materyal"":""MDF"",""Şekil"":""Dikdörtgen"",""Renk"":""Kahverengi"",""Boyut/Ebat"":""40 x 40"",""Parça Sayısı"":""1 Parça"",""Stil"":""Modern"",""Tema / Stil"":""Modern"",""Menşei"":""TR""}",20,5,refreshed,"[""daily_top""]",true,2026-08-19T01:49:40+03:00,0,"[""search_result_dom"",""product_detail_jsonld"",""product_detail_dom""]","{""title"":""observed"",""brand"":""observed"",""seller_name"":""observed"",""seller_score"":""observed"",""price"":""observed"",""original_price"":""observed"",""campaigns"":""observed"",""stock_status"":""observed"",""stock_signal"":""observed"",""rating"":""observed"",""rating_count"":""observed"",""review_count"":""observed"",""question_count"":""observed"",""delivery_summary"":""observed"",""shipping_cost"":""observed"",""properties"":""observed""}",true,
2026-08-19,2026-08-19T01:49:40+03:00,mobilya,BEST_SELLER,mobilya-cok-satanlar,Trendyol Mobilya / Çok Satanlar,3,1,3,3,3,,104.3,24.2,93428578,,"Mobezzo 3’lü Yuvarlak Zigon Sehpa Takımı –hobistan Ahşap Ayaklı, Modern Tarz, Kahve Ve Sunum Sehpası",Mobezzo,,https://www.trendyol.com/mobezzo/3-lu-yuvarlak-zigon-sehpa-takimi-hobistan-ahsap-ayakli-modern-tarz-kahve-ve-sunum-sehpasi-p-93428578,MZ Ahşap,9,649.93,656.5,1,,TRY,"[""Sepette %1 İndirim"",""Kargo Bedava""]",InStock,100 adetten fazla stok sunulmuştur,3 günde 100+ ürün satıldı!,,4.4,4574,,,645,654 kişinin sepetinde,"92,8B kişi favoriledi",Son 24 saatte 939 kişi görüntüledi,,,0,,,,10 saat 10 dakika içinde sipariş verirsen en geç bugün kargoda!,,,{},0,,refreshed,"[""daily_top""]",true,2026-08-19T01:49:40+03:00,0,"[""search_result_dom"",""product_detail_jsonld"",""product_detail_dom""]","{""title"":""observed"",""brand"":""observed"",""seller_name"":""observed"",""seller_score"":""observed"",""price"":""observed"",""original_price"":""observed"",""campaigns"":""observed"",""stock_status"":""observed"",""stock_signal"":""observed"",""rating"":""observed"",""rating_count"":""observed"",""review_count"":""unavailable"",""question_count"":""observed"",""delivery_summary"":""observed"",""shipping_cost"":""unavailable"",""properties"":""observed""}",true,
2026-08-19,2026-08-19T01:49:40+03:00,mobilya,BEST_SELLER,mobilya-cok-satanlar,Trendyol Mobilya / Çok Satanlar,4,1,4,4,4,,105.6,24.4,179070299,,YUNUSOĞLU HOME Katlanabilir Ahşap Koltuk Kenarı Yan Sehpa Amerikan Servisi Kanepe Kenarı Koltuk Tepsisi Ceviz Rengi,YUNUSOĞLU HOME,,https://www.trendyol.com/yunusoglu-home/katlanabilir-ahsap-koltuk-kenari-yan-sehpa-amerikan-servisi-kanepe-kenari-koltuk-tepsisi-ceviz-rengi-p-179070299,YUNUSOĞLU HOME,,142.4,149.9,5,,TRY,"[""Trendyol Plus'a Özel"",""Kargo Bedava""]",InStock,100 adetten fazla stok sunulmuştur,3 günde 100+ ürün satıldı!,,3.9,3765,,,208,743 kişinin sepetinde,"68,1B kişi favoriledi",Son 24 saatte 312 kişi görüntüledi,,,0,,,,9 saat 10 dakika içinde sipariş verirsen en geç bugün kargoda!,,,{},0,,refreshed,"[""daily_top""]",true,2026-08-19T01:49:40+03:00,0,"[""search_result_dom"",""product_detail_jsonld"",""product_detail_dom""]","{""title"":""observed"",""brand"":""observed"",""seller_name"":""observed"",""seller_score"":""unavailable"",""price"":""observed"",""original_price"":""observed"",""campaigns"":""observed"",""stock_status"":""observed"",""stock_signal"":""observed"",""rating"":""observed"",""rating_count"":""observed"",""review_count"":""unavailable"",""question_count"":""observed"",""delivery_summary"":""observed"",""shipping_cost"":""unavailable"",""properties"":""observed""}",true,
2026-08-19,2026-08-19T01:49:40+03:00,mobilya,BEST_SELLER,mobilya-cok-satanlar,Trendyol Mobilya / Çok Satanlar,5,1,5,5,5,,97.4,25.1,350150910,,enc home Geyik Yan Sehpa,enc home,Yan Sehpa,https://www.trendyol.com/enc-home/geyik-yan-sehpa-p-350150910,enc home,,1216.65,,,,TRY,"[""Kargo Bedava"",""Peşin Fiyatına 3 Taksit""]",InStock,100 adetten fazla stok sunulmuştur,3 günde 100+ ürün satıldı!,,4.6,4074,2661,,593,"1,1B kişinin sepetinde","255,4B kişi favoriledi","Son 24 saatte 1,8B kişi görüntüledi",4999,TRY,0,6,1,9,Tahmini Teslim:,,https://cdn.dsmcdn.com/ty533/product/media/images/20220912/15/174444863/561692970/1/1_org_zoom.jpg,"{""Materyal"":""Metal"",""Şekil"":""Dikdörtgen"",""Renk"":""Altın"",""Boyut/Ebat"":""60 x 45"",""Garanti Süresi"":""Garantisiz"",""Parça Sayısı"":""1 Parça"",""Stil"":""Modern"",""Tema / Stil"":""Modern"",""Menşei"":""TR"",""Özellik"":""Dikdörtgen""}",20,5,refreshed,"[""daily_top""]",true,2026-08-19T01:49:40+03:00,0,"[""search_result_dom"",""product_detail_jsonld"",""product_detail_dom""]","{""title"":""observed"",""brand"":""observed"",""seller_name"":""observed"",""seller_score"":""unavailable"",""price"":""observed"",""original_price"":""unavailable"",""campaigns"":""observed"",""stock_status"":""observed"",""stock_signal"":""observed"",""rating"":""observed"",""rating_count"":""observed"",""review_count"":""observed"",""question_count"":""observed"",""delivery_summary"":""observed"",""shipping_cost"":""observed"",""properties"":""observed""}",true,
2026-08-19,2026-08-19T01:49:40+03:00,mobilya,BEST_SELLER,mobilya-cok-satanlar,Trendyol Mobilya / Çok Satanlar,6,1,6,6,6,,94.7,25.3,867211774,,lefty Geniş Iskandinav Mantar Sehpa 3 Lü Zigon Sehpa Takımı Yan Orta Sehpa Traverten Mermer Desen Sehpa,lefty,,https://www.trendyol.com/lefty/genis-iskandinav-mantar-sehpa-3-lu-zigon-sehpa-takimi-yan-orta-sehpa-traverten-mermer-desen-sehpa-p-867211774,lefty,87,961,,,,TRY,"[""Kargo Bedava""]",InStock,100 adetten fazla stok sunulmuştur,3 günde 100+ ürün satıldı!,,4.4,2183,,,358,"1,3B kişinin sepetinde","150,2B kişi favoriledi","Son 24 saatte 1,4B kişi görüntüledi",,,0,,,,Tahmini Teslim:,,,{},0,,refreshed,"[""daily_top""]",true,2026-08-19T01:49:40+03:00,0,"[""search_result_dom"",""product_detail_jsonld"",""product_detail_dom""]","{""title"":""observed"",""brand"":""observed"",""seller_name"":""observed"",""seller_score"":""observed"",""price"":""observed"",""original_price"":""unavailable"",""campaigns"":""observed"",""stock_status"":""observed"",""stock_signal"":""observed"",""rating"":""observed"",""rating_count"":""observed"",""review_count"":""unavailable"",""question_count"":""observed"",""delivery_summary"":""observed"",""shipping_cost"":""unavailable"",""properties"":""observed""}",true,
2026-08-19,2026-08-19T01:49:40+03:00,mobilya,BEST_SELLER,mobilya-cok-satanlar,Trendyol Mobilya / Çok Satanlar,7,1,7,7,7,,85.2,32.3,6119917,,Monte Sehpa Roma Zigonsehpa Beyaz,Monte Sehpa,Zigon,https://www.trendyol.com/monte-sehpa/roma-zigonsehpa-beyaz-p-6119917,Monte Sehpa,,649,,,,TRY,"[""Kargo Bedava""]",InStock,100 adetten fazla stok sunulmuştur,,,4.2,367,248,,67,,"20,1B kişi favoriledi","Son 24 saatte 1,2B kişi görüntüledi",4999,TRY,0,17,1,21,Tahmini Teslim:,,https://cdn.dsmcdn.com/ty1000406/product/media/images/prod/PIM/20260611/14/1331b105-a434-4f6b-8a2b-06f18bf66205/1_org_zoom.jpg,"{""Materyal"":""Suntalam"",""Şekil"":""Yuvarlak"",""Renk"":""Beyaz"",""Parça Sayısı"":""3"",""Boyut/Ebat"":""33 x 33"",""Garanti Süresi"":""1 Yıl"",""Stil"":""İskandinav"",""Tema / Stil"":""İskandinav"",""Menşei"":""TR"",""Özellik"":""Uzun""}",20,5,refreshed,"[""daily_top""]",true,2026-08-19T01:49:40+03:00,0,"[""search_result_dom"",""product_detail_jsonld"",""product_detail_dom""]","{""title"":""observed"",""brand"":""observed"",""seller_name"":""observed"",""seller_score"":""unavailable"",""price"":""observed"",""original_price"":""unavailable"",""campaigns"":""observed"",""stock_status"":""observed"",""stock_signal"":""observed"",""rating"":""observed"",""rating_count"":""observed"",""review_count"":""observed"",""question_count"":""observed"",""delivery_summary"":""observed"",""shipping_cost"":""observed"",""properties"":""observed""}",true,
2026-08-19,2026-08-19T01:49:40+03:00,mobilya,BEST_SELLER,mobilya-cok-satanlar,Trendyol Mobilya / Çok Satanlar,8,1,8,8,8,,85.7,39,1172023646,,MASALCI MOBİLYA PARİS (TEKERLEKLİ) 4 LÜ ZİGON CAPPUCİNO DÜZ KREM,MASALCI MOBİLYA,Zigon,https://www.trendyol.com/masalci-mobilya/paris-tekerlekli-4-lu-zigon-cappucino-duz-krem-p-1172023646,MASALCI MOBİLYA,93,3157.85,3499,9.7,,TRY,"[""Trendyol Plus'a Özel"",""Sepette %5 İndirim"",""Kargo Bedava"",""Peşin Fiyatına 3 Taksit""]",InStock,100 adetten fazla stok sunulmuştur,,,4.8,39,31,,29,543 kişinin sepetinde,"4,6B kişi favoriledi","Son 24 saatte 1,3B kişi görüntüledi",4999,TRY,0,2,1,6,Tahmini Teslim:,,https://cdn.dsmcdn.com/ty1933/prod/QC_ENRICHMENT/20260806/10/8e9ccea9-2a74-3a97-abfc-d51a84992531/1_org_zoom.jpg,"{""Materyal"":""MDF"",""Şekil"":""Oval"",""Renk"":""Beyaz"",""Parça Sayısı"":""4"",""Boyut/Ebat"":""44 x 40"",""Garanti Süresi"":""2 Yıl"",""Stil"":""Modern"",""Tema / Stil"":""Klasik"",""Menşei"":""TR"",""Paket Derinlik"":""41 cm"",""Paket Genişlik"":""44 cm"",""Paket Yükseklik"":""62 cm""}",20,5,refreshed,"[""daily_top""]",true,2026-08-19T01:49:40+03:00,0,"[""search_result_dom"",""product_detail_jsonld"",""product_detail_dom""]","{""title"":""observed"",""brand"":""observed"",""seller_name"":""observed"",""seller_score"":""observed"",""price"":""observed"",""original_price"":""observed"",""campaigns"":""observed"",""stock_status"":""observed"",""stock_signal"":""observed"",""rating"":""observed"",""rating_count"":""observed"",""review_count"":""observed"",""question_count"":""observed"",""delivery_summary"":""observed"",""shipping_cost"":""observed"",""properties"":""observed""}",true,
2026-08-19,2026-08-19T01:49:40+03:00,mobilya,BEST_SELLER,mobilya-cok-satanlar,Trendyol Mobilya / Çok Satanlar,9,1,9,9,9,,88.6,23.9,896927280,,Kagu Mdf Alvin Zigon - Orta Sehpa 3'lü,Kagu,,https://www.trendyol.com/kagu/mdf-alvin-zigon-orta-sehpa-3-lu-p-896927280,Kagu,,1799,,,,TRY,"[""Kargo Bedava"",""Peşin Fiyatına 3 Taksit""]",InStock,100 adetten fazla stok sunulmuştur,,,4.7,2141,,,296,516 kişinin sepetinde,"68,4B kişi favoriledi",Son 24 saatte 642 kişi görüntüledi,,,0,,,,Tahmini Teslim:,,,{},0,,refreshed,"[""daily_top""]",true,2026-08-19T01:49:40+03:00,0,"[""search_result_dom"",""product_detail_jsonld"",""product_detail_dom""]","{""title"":""observed"",""brand"":""observed"",""seller_name"":""observed"",""seller_score"":""unavailable"",""price"":""observed"",""original_price"":""unavailable"",""campaigns"":""observed"",""stock_status"":""observed"",""stock_signal"":""observed"",""rating"":""observed"",""rating_count"":""observed"",""review_count"":""unavailable"",""question_count"":""observed"",""delivery_summary"":""observed"",""shipping_cost"":""unavailable"",""properties"":""observed""}",true,
2026-08-19,2026-08-19T01:49:40+03:00,mobilya,BEST_SELLER,mobilya-cok-satanlar,Trendyol Mobilya / Çok Satanlar,10,1,10,10,10,,87.7,22.3,780948024,,Kagu Mdf Alvin Zigon - Orta Sehpa 3'lü,Kagu,,https://www.trendyol.com/kagu/mdf-alvin-zigon-orta-sehpa-3-lu-p-780948024,Kagu,,1699,,,,TRY,"[""Kargo Bedava"",""Peşin Fiyatına 3 Taksit""]",InStock,100 adetten fazla stok sunulmuştur,,,4.8,2886,,,320,543 kişinin sepetinde,"75,6B kişi favoriledi",Son 24 saatte 718 kişi görüntüledi,,,0,,,,Tahmini Teslim:,,,{},0,,refreshed,"[""daily_top""]",true,2026-08-19T01:49:40+03:00,0,"[""search_result_dom"",""product_detail_jsonld"",""product_detail_dom""]","{""title"":""observed"",""brand"":""observed"",""seller_name"":""observed"",""seller_score"":""unavailable"",""price"":""observed"",""original_price"":""unavailable"",""campaigns"":""observed"",""stock_status"":""observed"",""stock_signal"":""observed"",""rating"":""observed"",""rating_count"":""observed"",""review_count"":""unavailable"",""question_count"":""observed"",""delivery_summary"":""observed"",""shipping_cost"":""unavailable"",""properties"":""observed""}",true,
2026-08-19,2026-08-19T01:49:40+03:00,mobilya,BEST_SELLER,mobilya-cok-satanlar,Trendyol Mobilya / Çok Satanlar,11,1,11,11,11,,87.2,33.9,1154710493,,ROBEVE 140 cm Modern TV Ünitesi Konsol 2 Kapaklı Ahşap Ayaklı Televizyon Sehpası Salon ve Oturma Odası İçin Şık Tasarımlı TV Konsolu Televizyon Ünitesi TV Ünitesi Konsol,ROBEVE,TV Sehpa & Ünitesi,https://www.trendyol.com/robeve/140-cm-modern-tv-unitesi-konsol-2-kapakli-ahsap-ayakli-televizyon-sehpasi-salon-ve-oturma-odasi-icin-sik-tasarimli-tv-konsolu-televizyon-unitesi-tv-unitesi-konsol-p-1154710493,MARİMA,89,1600.42,1853.24,13.6,,TRY,"[""Trendyol Plus'a Özel"",""Kargo Bedava"",""Peşin Fiyatına 3 Taksit""]",InStock,100 adetten fazla stok sunulmuştur,,,3.6,117,88,,23,1B kişinin sepetinde,"10,8B kişi favoriledi","Son 24 saatte 1,6B kişi görüntüledi",4999,TRY,0,8,1,12,Tahmini Teslim:,,https://cdn.dsmcdn.com/ty1910/prod/QC_PREP/20260609/14/0b8a9c5c-a6ec-3ef2-b19c-bc0bc411f8da/1_org_zoom.jpg,"{""Materyal"":""Suntalam"",""Özellik"":""Raflı"",""Renk"":""Beyaz"",""Yükseklik"":""40 cm"",""Genişlik"":""140 cm"",""Derinlik"":""30 cm"",""Garanti Süresi"":""2 Yıl"",""Stil"":""Modern"",""Tema / Stil"":""Modern"",""Menşei"":""TR""}",20,5,refreshed,"[""daily_top""]",true,2026-08-19T01:49:40+03:00,0,"[""search_result_dom"",""product_detail_jsonld"",""product_detail_dom""]","{""title"":""observed"",""brand"":""observed"",""seller_name"":""observed"",""seller_score"":""observed"",""price"":""observed"",""original_price"":""observed"",""campaigns"":""observed"",""stock_status"":""observed"",""stock_signal"":""observed"",""rating"":""observed"",""rating_count"":""observed"",""review_count"":""observed"",""question_count"":""observed"",""delivery_summary"":""observed"",""shipping_cost"":""observed"",""properties"":""observed""}",true,
2026-08-19,2026-08-19T01:49:40+03:00,mobilya,BEST_SELLER,mobilya-cok-satanlar,Trendyol Mobilya / Çok Satanlar,12,1,12,12,12,,82.3,22.7,226201928,,Bofigo 3'lü Metal Zigon Sehpa Zigon Sehpa Orta Sehpa Yan Sehpa Çam,Bofigo,,https://www.trendyol.com/bofigo/3-lu-metal-zigon-sehpa-zigon-sehpa-orta-sehpa-yan-sehpa-cam-p-226201928,BofigoGrup,87,1178.92,,,,TRY,"[""Kargo Bedava"",""Peşin Fiyatına 3 Taksit""]",InStock,100 adetten fazla stok sunulmuştur,,,4.3,1922,,,203,767 kişinin sepetinde,"81,1B kişi favoriledi",Son 24 saatte 1B kişi görüntüledi,,,0,,,,Tahmini Teslim:,,,{},0,,refreshed,"[""daily_top""]",true,2026-08-19T01:49:40+03:00,0,"[""search_result_dom"",""product_detail_jsonld"",""product_detail_dom""]","{""title"":""observed"",""brand"":""observed"",""seller_name"":""observed"",""seller_score"":""observed"",""price"":""observed"",""original_price"":""unavailable"",""campaigns"":""observed"",""stock_status"":""observed"",""stock_signal"":""observed"",""rating"":""observed"",""rating_count"":""observed"",""review_count"":""unavailable"",""question_count"":""observed"",""delivery_summary"":""observed"",""shipping_cost"":""unavailable"",""properties"":""observed""}",true,
2026-08-19,2026-08-19T01:49:40+03:00,mobilya,BEST_SELLER,mobilya-cok-satanlar,Trendyol Mobilya / Çok Satanlar,13,1,13,13,13,,87.3,18.5,303482980,,interGO Tekerlekli C Sehpa Koltuk Sehpası Yan Sehpa Zigon Sehpa Servis Sehpası - Atlantik Çam,interGO,,https://www.trendyol.com/intergo/tekerlekli-c-sehpa-koltuk-sehpasi-yan-sehpa-zigon-sehpa-servis-sehpasi-atlantik-cam-p-303482980,interGO,,999.5,,,,TRY,"[""Kargo Bedava""]",InStock,100 adetten fazla stok sunulmuştur,,,4.7,14500,,,1039,877 kişinin sepetinde,331B kişi favoriledi,Son 24 saatte 844 kişi görüntüledi,,,0,,,,Tahmini Teslim:,,,{},0,,refreshed,"[""daily_top""]",true,2026-08-19T01:49:40+03:00,0,"[""search_result_dom"",""product_detail_jsonld"",""product_detail_dom""]","{""title"":""observed"",""brand"":""observed"",""seller_name"":""observed"",""seller_score"":""unavailable"",""price"":""observed"",""original_price"":""unavailable"",""campaigns"":""observed"",""stock_status"":""observed"",""stock_signal"":""observed"",""rating"":""observed"",""rating_count"":""observed"",""review_count"":""unavailable"",""question_count"":""observed"",""delivery_summary"":""observed"",""shipping_cost"":""unavailable"",""properties"":""observed""}",true,
2026-08-19,2026-08-19T01:49:40+03:00,mobilya,BEST_SELLER,mobilya-cok-satanlar,Trendyol Mobilya / Çok Satanlar,14,1,14,14,14,,83.9,32.4,1127021644,,Skandi homeworks Stones 3 lü zigon Sehpa,Skandi homeworks,,https://www.trendyol.com/skandi-homeworks/stones-3-lu-zigon-sehpa-p-1127021644,Monte Sehpa,82,1380.73,1649,16.3,,TRY,"[""Kargo Bedava"",""Son 10 Günün En Düşük Fiyatı"",""50 TL Kupon"",""Peşin Fiyatına 3 Taksit"",""Son 10 günün en düşük fiyatı""]",InStock,100 adetten fazla stok sunulmuştur,,,3.8,88,,,43,"1,2B kişinin sepetinde","84,9B kişi favoriledi","Son 24 saatte 2,3B kişi görüntüledi",,,0,,,,Tahmini Teslim:,,,{},0,,refreshed,"[""daily_top""]",true,2026-08-19T01:49:40+03:00,0,"[""search_result_dom"",""product_detail_jsonld"",""product_detail_dom""]","{""title"":""observed"",""brand"":""observed"",""seller_name"":""observed"",""seller_score"":""observed"",""price"":""observed"",""original_price"":""observed"",""campaigns"":""observed"",""stock_status"":""observed"",""stock_signal"":""observed"",""rating"":""observed"",""rating_count"":""observed"",""review_count"":""unavailable"",""question_count"":""observed"",""delivery_summary"":""observed"",""shipping_cost"":""unavailable"",""properties"":""observed""}",true,
2026-08-19,2026-08-19T01:49:40+03:00,mobilya,BEST_SELLER,mobilya-cok-satanlar,Trendyol Mobilya / Çok Satanlar,15,1,15,15,15,,76.9,20.6,48929192,,Genel Markalar Üçlü Yuvarlak Ahşap Ayaklı Zigon Sehpa 3’lü Sunum Sehpası Servis Sehpası Yan Sehpa Beyaz,Genel Markalar,,https://www.trendyol.com/genel-markalar/uclu-yuvarlak-ahsap-ayakli-zigon-sehpa-3-lu-sunum-sehpasi-servis-sehpasi-yan-sehpa-beyaz-p-48929192,Nisvia,,700,,,,TRY,"[""Kargo Bedava""]",InStock,100 adetten fazla stok sunulmuştur,,,4.2,2282,,,499,,"47,7B kişi favoriledi",Son 24 saatte 328 kişi görüntüledi,,,0,,,,10 saat 9 dakika içinde sipariş verirsen en geç bugün kargoda!,,,{},0,,refreshed,"[""daily_top""]",true,2026-08-19T01:49:40+03:00,0,"[""search_result_dom"",""product_detail_jsonld"",""product_detail_dom""]","{""title"":""observed"",""brand"":""observed"",""seller_name"":""observed"",""seller_score"":""unavailable"",""price"":""observed"",""original_price"":""unavailable"",""campaigns"":""observed"",""stock_status"":""observed"",""stock_signal"":""observed"",""rating"":""observed"",""rating_count"":""observed"",""review_count"":""unavailable"",""question_count"":""observed"",""delivery_summary"":""observed"",""shipping_cost"":""unavailable"",""properties"":""observed""}",true,
2026-08-19,2026-08-19T01:49:40+03:00,mobilya,BEST_SELLER,mobilya-cok-satanlar,Trendyol Mobilya / Çok Satanlar,16,1,16,16,16,,65.6,29.4,992785210,,EFFE YAPI DEKOR Orta Sehpa - Ceviz Renkli Asimetrik Model 90X65 Cm ( Temperli Cam ),EFFE YAPI DEKOR,Orta Sehpa,https://www.trendyol.com/effe-yapi-dekor/orta-sehpa-ceviz-renkli-asimetrik-model-90x65-cm-temperli-cam-p-992785210,Effe Yapi Dekor,85,1990,,,,TRY,"[""Kargo Bedava"",""Peşin Fiyatına 3 Taksit""]",InStock,100 adetten fazla stok sunulmuştur,,,4.7,315,157,,109,619 kişinin sepetinde,"52,8B kişi favoriledi","Son 24 saatte 1,2B kişi görüntüledi",4999,TRY,0,12,1,15,Tahmini Teslim:,,https://cdn.dsmcdn.com/ty1895/prod/QC_ENRICHMENT/20260806/14/9a0e1c99-841b-3313-8e3f-0dcc4db01b44/1_org_zoom.jpg,"{""Şekil"":""Geometrik"",""Materyal"":""Ahşap"",""Renk"":""Çok Renkli"",""Boyut/Ebat"":""90 x 65"",""Stil"":""Modern"",""Tema / Stil"":""Modern"",""Menşei"":""TR""}",20,5,refreshed,"[""daily_top""]",true,2026-08-19T01:49:40+03:00,0,"[""search_result_dom"",""product_detail_jsonld"",""product_detail_dom""]","{""title"":""observed"",""brand"":""observed"",""seller_name"":""observed"",""seller_score"":""observed"",""price"":""observed"",""original_price"":""unavailable"",""campaigns"":""observed"",""stock_status"":""observed"",""stock_signal"":""observed"",""rating"":""observed"",""rating_count"":""observed"",""review_count"":""observed"",""question_count"":""observed"",""delivery_summary"":""observed"",""shipping_cost"":""observed"",""properties"":""observed""}",true,
2026-08-19,2026-08-19T01:49:40+03:00,mobilya,BEST_SELLER,mobilya-cok-satanlar,Trendyol Mobilya / Çok Satanlar,17,1,17,17,17,,61.1,,1181215689,,Skandi homeworks Loop 3’lü Zigon Sehpa – İç İçe Geçen Modern C Tipi Tasarım,Skandi homeworks,,https://www.trendyol.com/skandi-homeworks/loop-3-lu-zigon-sehpa-ic-ice-gecen-modern-c-tipi-tasarim-p-1181215689,Monte Sehpa,82,1400.6,1649,15.1,,TRY,"[""Kargo Bedava"",""Son 10 Günün En Düşük Fiyatı"",""50 TL Kupon"",""Peşin Fiyatına 3 Taksit"",""Son 10 günün en düşük fiyatı""]",InStock,100 adetten fazla stok sunulmuştur,,,,,,,10,325 kişinin sepetinde,4B kişi favoriledi,"Son 24 saatte 2,8B kişi görüntüledi",,,0,,,,Tahmini Teslim:,,,{},0,,refreshed,"[""daily_top""]",true,2026-08-19T01:49:40+03:00,0,"[""search_result_dom"",""product_detail_jsonld"",""product_detail_dom""]","{""title"":""observed"",""brand"":""observed"",""seller_name"":""observed"",""seller_score"":""observed"",""price"":""observed"",""original_price"":""observed"",""campaigns"":""observed"",""stock_status"":""observed"",""stock_signal"":""observed"",""rating"":""unavailable"",""rating_count"":""unavailable"",""review_count"":""unavailable"",""question_count"":""observed"",""delivery_summary"":""observed"",""shipping_cost"":""unavailable"",""properties"":""observed""}",true,
2026-08-19,2026-08-19T01:49:40+03:00,mobilya,BEST_SELLER,mobilya-cok-satanlar,Trendyol Mobilya / Çok Satanlar,18,1,18,18,18,,80.2,17.8,215896063,,Gaga Mobilya Üçlü Orta Sehpa Dekoratif Zigon Sehpa Yan Sehpa Takımı Metal Ayaklı C Sehpa (3 LÜ C ZİGON SEHPA),Gaga Mobilya,Zigon,https://www.trendyol.com/gaga-mobilya/uclu-orta-sehpa-dekoratif-zigon-sehpa-yan-sehpa-takimi-metal-ayakli-c-sehpa-3-lu-c-zigon-sehpa-p-215896063,Gaga Mobilya,,1149,1249,8,,TRY,"[""Trendyol Plus'a Özel"",""Kargo Bedava"",""Peşin Fiyatına 3 Taksit""]",InStock,100 adetten fazla stok sunulmuştur,,,4.6,5257,3346,,503,,"79,5B kişi favoriledi",,4999,TRY,0,3,1,7,Tahmini Teslim:,,https://cdn.dsmcdn.com/ty1612/prod/QC/20241208/22/88b60dd3-1796-39b8-8a53-e7ab4cb90868/1_org_zoom.jpg,"{""Materyal"":""Suntalam"",""Şekil"":""Dikdörtgen"",""Renk"":""Kahverengi"",""Parça Sayısı"":""3"",""Boyut/Ebat"":""40 x 45"",""Garanti Süresi"":""2 Yıl"",""Stil"":""Modern"",""Tema / Stil"":""Modern"",""Menşei"":""TR"",""Paket Derinlik"":""7 cm"",""Paket Genişlik"":""56 cm"",""Paket Yükseklik"":""62 cm""}",20,5,refreshed,"[""daily_top""]",true,2026-08-19T01:49:40+03:00,0,"[""search_result_dom"",""product_detail_jsonld"",""product_detail_dom""]","{""title"":""observed"",""brand"":""observed"",""seller_name"":""observed"",""seller_score"":""unavailable"",""price"":""observed"",""original_price"":""observed"",""campaigns"":""observed"",""stock_status"":""observed"",""stock_signal"":""observed"",""rating"":""observed"",""rating_count"":""observed"",""review_count"":""observed"",""question_count"":""observed"",""delivery_summary"":""observed"",""shipping_cost"":""observed"",""properties"":""observed""}",true,
2026-08-19,2026-08-19T01:49:40+03:00,mobilya,BEST_SELLER,mobilya-cok-satanlar,Trendyol Mobilya / Çok Satanlar,19,1,19,19,19,,62.8,24.7,906118174,,"BARIN DESIGN Modern Oval Orta Sehpa Çift Katlı Metal Ayaklı Salon, Ofis, Dekoratif Sehpa, Kahve sehpası",BARIN DESIGN,,https://www.trendyol.com/barin-design/modern-oval-orta-sehpa-cift-katli-metal-ayakli-salon-ofis-dekoratif-sehpa-kahve-sehpasi-p-906118174,BARIN DESIGN,91,1313.38,,,,TRY,"[""Kargo Bedava"",""100 TL Kupon"",""Peşin Fiyatına 3 Taksit""]",InStock,100 adetten fazla stok sunulmuştur,,,4.6,396,,,71,,"21,8B kişi favoriledi",Son 24 saatte 609 kişi görüntüledi,,,0,,,,10 saat 9 dakika içinde sipariş verirsen en geç bugün kargoda!,,,{},0,,refreshed,"[""daily_top""]",true,2026-08-19T01:49:40+03:00,0,"[""search_result_dom"",""product_detail_jsonld"",""product_detail_dom""]","{""title"":""observed"",""brand"":""observed"",""seller_name"":""observed"",""seller_score"":""observed"",""price"":""observed"",""original_price"":""unavailable"",""campaigns"":""observed"",""stock_status"":""observed"",""stock_signal"":""observed"",""rating"":""observed"",""rating_count"":""observed"",""review_count"":""unavailable"",""question_count"":""observed"",""delivery_summary"":""observed"",""shipping_cost"":""unavailable"",""properties"":""observed""}",true,
2026-08-19,2026-08-19T01:49:40+03:00,mobilya,BEST_SELLER,mobilya-cok-satanlar,Trendyol Mobilya / Çok Satanlar,20,1,20,20,20,,58.2,26.8,1103243711,,"Dorpek LED'li Tv Sehpa & Ünitesi, Duvara Monte Tv Ünitesi Kumtaşı 240 cm | Homeros",Dorpek,TV Sehpa & Ünitesi,https://www.trendyol.com/dorpek/led-li-tv-sehpa-unitesi-duvara-monte-tv-unitesi-kumtasi-240-cm-homeros-p-1103243711,Dorpek,,3349,,,,TRY,"[""Kargo Bedava"",""Peşin Fiyatına 3 Taksit""]",InStock,100 adetten fazla stok sunulmuştur,,,4.2,309,190,,201,943 kişinin sepetinde,"30,9B kişi favoriledi","Son 24 saatte 1,2B kişi görüntüledi",4999,TRY,0,,1,4,10 saat 9 dakika içinde sipariş verirsen en geç bugün kargoda!,,https://cdn.dsmcdn.com/ty1825/prod/QC_ENRICHMENT/20260213/13/b66d6e16-c14b-389c-8cff-8bd3ccff09a7/1_org_zoom.jpg,"{""Materyal"":""Suntalam"",""Özellik"":""Ledli"",""Renk"":""Ekru"",""Boyut/Ebat"":""30 x 30"",""Yükseklik"":""30 cm"",""Genişlik"":""240 cm"",""Derinlik"":""32 cm"",""Garanti Süresi"":""5 Yıl"",""Stil"":""Modern"",""Tema / Stil"":""Modern"",""Menşei"":""TR""}",20,5,refreshed,"[""daily_top""]",true,2026-08-19T01:49:40+03:00,0,"[""search_result_dom"",""product_detail_jsonld"",""product_detail_dom""]","{""title"":""observed"",""brand"":""observed"",""seller_name"":""observed"",""seller_score"":""unavailable"",""price"":""observed"",""original_price"":""unavailable"",""campaigns"":""observed"",""stock_status"":""observed"",""stock_signal"":""observed"",""rating"":""observed"",""rating_count"":""observed"",""review_count"":""observed"",""question_count"":""observed"",""delivery_summary"":""observed"",""shipping_cost"":""observed"",""properties"":""observed""}",true,
2026-08-19,2026-08-19T01:49:40+03:00,mobilya,BEST_SELLER,mobilya-cok-satanlar,Trendyol Mobilya / Çok Satanlar,21,1,21,21,21,,53.1,,1181216106,,Skandi homeworks Loop 3’lü Zigon Sehpa – İç İçe Geçen Modern C Tipi Tasarım,Skandi homeworks,,https://www.trendyol.com/skandi-homeworks/loop-3-lu-zigon-sehpa-ic-ice-gecen-modern-c-tipi-tasarim-p-1181216106,Monte Sehpa,82,1400.6,1649,15.1,,TRY,"[""Kargo Bedava"",""Son 10 Günün En Düşük Fiyatı"",""50 TL Kupon"",""Peşin Fiyatına 3 Taksit"",""Son 10 günün en düşük fiyatı""]",InStock,100 adetten fazla stok sunulmuştur,,,,,,,11,386 kişinin sepetinde,"4,2B kişi favoriledi",Son 24 saatte 919 kişi görüntüledi,,,0,,,,Tahmini Teslim:,,,{},0,,refreshed,"[""daily_top""]",true,2026-08-19T01:49:40+03:00,0,"[""search_result_dom"",""product_detail_jsonld"",""product_detail_dom""]","{""title"":""observed"",""brand"":""observed"",""seller_name"":""observed"",""seller_score"":""observed"",""price"":""observed"",""original_price"":""observed"",""campaigns"":""observed"",""stock_status"":""observed"",""stock_signal"":""observed"",""rating"":""unavailable"",""rating_count"":""unavailable"",""review_count"":""unavailable"",""question_count"":""observed"",""delivery_summary"":""observed"",""shipping_cost"":""unavailable"",""properties"":""observed""}",true,
2026-08-19,2026-08-19T01:49:40+03:00,mobilya,BEST_SELLER,mobilya-cok-satanlar,Trendyol Mobilya / Çok Satanlar,22,1,22,22,22,,48.6,32.5,1170890961,,DEKOZUM LİLY Ahşap Ayaklı Retro Puf Minimal Berjer Makyaj Masası Sandalyesi Çok Amaçlı Berjer BEYAZ,DEKOZUM,,https://www.trendyol.com/dekozum/lily-ahsap-ayakli-retro-puf-minimal-berjer-makyaj-masasi-sandalyesi-cok-amacli-berjer-beyaz-p-1170890961,DEKOZUM,87,1319.9,1334.38,1.1,,TRY,"[""Kargo Bedava"",""Son 10 Günün En Düşük Fiyatı"",""Peşin Fiyatına 3 Taksit"",""Son 10 günün en düşük fiyatı""]",InStock,100 adetten fazla stok sunulmuştur,,,4.2,26,,,21,"1,1B kişinin sepetinde",11B kişi favoriledi,"Son 24 saatte 1,5B kişi görüntüledi",,,0,,,,Tahmini Teslim:,,,{},0,,refreshed,"[""daily_top""]",true,2026-08-19T01:49:40+03:00,0,"[""search_result_dom"",""product_detail_jsonld"",""product_detail_dom""]","{""title"":""observed"",""brand"":""observed"",""seller_name"":""observed"",""seller_score"":""observed"",""price"":""observed"",""original_price"":""observed"",""campaigns"":""observed"",""stock_status"":""observed"",""stock_signal"":""observed"",""rating"":""observed"",""rating_count"":""observed"",""review_count"":""unavailable"",""question_count"":""observed"",""delivery_summary"":""observed"",""shipping_cost"":""unavailable"",""properties"":""observed""}",true,
2026-08-19,2026-08-19T01:49:40+03:00,mobilya,BEST_SELLER,mobilya-cok-satanlar,Trendyol Mobilya / Çok Satanlar,23,1,23,23,23,,65.1,13.5,283628846,,Ceramical Zg1 Metal Ayaklı 3'lü Zigon Sehpa - Çam,Ceramical,,https://www.trendyol.com/ceramical/zg1-metal-ayakli-3-lu-zigon-sehpa-cam-p-283628846,Evidea,88,1399,,,,TRY,"[""Kargo Bedava"",""Peşin Fiyatına 3 Taksit""]",InStock,100 adetten fazla stok sunulmuştur,,,4.3,7637,,,726,,"147,3B kişi favoriledi",Son 24 saatte 541 kişi görüntüledi,,,0,,,,22 saat 9 dakika içinde sipariş verirsen en geç yarın kargoda!,,,{},0,,refreshed,"[""daily_top""]",true,2026-08-19T01:49:40+03:00,0,"[""search_result_dom"",""product_detail_jsonld"",""product_detail_dom""]","{""title"":""observed"",""brand"":""observed"",""seller_name"":""observed"",""seller_score"":""observed"",""price"":""observed"",""original_price"":""unavailable"",""campaigns"":""observed"",""stock_status"":""observed"",""stock_signal"":""observed"",""rating"":""observed"",""rating_count"":""observed"",""review_count"":""unavailable"",""question_count"":""observed"",""delivery_summary"":""observed"",""shipping_cost"":""unavailable"",""properties"":""observed""}",true,
2026-08-19,2026-08-19T01:49:40+03:00,mobilya,BEST_SELLER,mobilya-cok-satanlar,Trendyol Mobilya / Çok Satanlar,24,1,24,24,24,,48,27,1115962917,,CasaNovi ZENNA EKOLOJİK Ahşap Dekoratif Yan Sehpa SİYAH,CasaNovi,Yan Sehpa,https://www.trendyol.com/casanovi/zenna-ekolojik-ahsap-dekoratif-yan-sehpa-siyah-p-1115962917,CasaNovi,9,349,,,,TRY,"[""Kargo Bedava""]",InStock,100 adetten fazla stok sunulmuştur,,,4,164,99,,25,589 kişinin sepetinde,22B kişi favoriledi,Son 24 saatte 495 kişi görüntüledi,4999,TRY,0,,1,4,10 saat 9 dakika içinde sipariş verirsen en geç bugün kargoda!,,https://cdn.dsmcdn.com/ty1905/prod/QC_PREP/20260511/11/9a0096bb-ba85-34a8-89b5-9b4ba90bff81/1_org_zoom.jpg,"{""Materyal"":""Ahşap"",""Şekil"":""Kare"",""Renk"":""Siyah"",""Parça Sayısı"":""1"",""Stil"":""Modern"",""Tema / Stil"":""Modern"",""Menşei"":""TR""}",20,5,refreshed,"[""daily_top""]",true,2026-08-19T01:49:40+03:00,0,"[""search_result_dom"",""product_detail_jsonld"",""product_detail_dom""]","{""title"":""observed"",""brand"":""observed"",""seller_name"":""observed"",""seller_score"":""observed"",""price"":""observed"",""original_price"":""unavailable"",""campaigns"":""observed"",""stock_status"":""observed"",""stock_signal"":""observed"",""rating"":""observed"",""rating_count"":""observed"",""review_count"":""observed"",""question_count"":""observed"",""delivery_summary"":""observed"",""shipping_cost"":""observed"",""properties"":""observed""}",true,
2026-08-19,2026-08-19T01:49:40+03:00,mobilya,BEST_SELLER,mobilya-cok-satanlar,Trendyol Mobilya / Çok Satanlar,25,1,25,25,25,,46.1,33.1,1148619369,,EFFE YAPI DEKOR Orta Sehpa - Ceviz Renkli Yuvarlak Model 80x80 Cm ( Temperli Cam ),EFFE YAPI DEKOR,Orta Sehpa,https://www.trendyol.com/effe-yapi-dekor/orta-sehpa-ceviz-renkli-yuvarlak-model-80x80-cm-temperli-cam-p-1148619369,Effe Yapi Dekor,85,2100,2250,6.7,,TRY,"[""Kargo Bedava"",""Peşin Fiyatına 3 Taksit""]",InStock,100 adetten fazla stok sunulmuştur,,,4.5,27,14,,28,487 kişinin sepetinde,13B kişi favoriledi,Son 24 saatte 877 kişi görüntüledi,4999,TRY,0,12,1,15,Tahmini Teslim:,,https://cdn.dsmcdn.com/ty1896/prod/QC_PREP/20260522/09/f88f599d-533a-307a-9d91-91d37984e365/1_org_zoom.jpg,"{""Şekil"":""Yuvarlak"",""Materyal"":""Ahşap"",""Renk"":""Çok Renkli"",""Boyut/Ebat"":""80 x 80"",""Stil"":""Modern"",""Tema / Stil"":""Modern"",""Menşei"":""TR""}",14,4.5,refreshed,"[""daily_top""]",true,2026-08-19T01:49:40+03:00,0,"[""search_result_dom"",""product_detail_jsonld"",""product_detail_dom""]","{""title"":""observed"",""brand"":""observed"",""seller_name"":""observed"",""seller_score"":""observed"",""price"":""observed"",""original_price"":""observed"",""campaigns"":""observed"",""stock_status"":""observed"",""stock_signal"":""observed"",""rating"":""observed"",""rating_count"":""observed"",""review_count"":""observed"",""question_count"":""observed"",""delivery_summary"":""observed"",""shipping_cost"":""observed"",""properties"":""observed""}",true,
2026-08-19,2026-08-19T01:49:40+03:00,mobilya,BEST_SELLER,mobilya-cok-satanlar,Trendyol Mobilya / Çok Satanlar,26,1,26,26,26,,49.8,20.2,1027239903,,eda hacıoğlu edam bedding group Tekerlekli C Tasarım Atlantik Çam Yan Sehpa Modern Hareketli Orta Sehpa Salon ve Oturma Odası Masası,eda hacıoğlu edam bedding group,,https://www.trendyol.com/eda-hacioglu-edam-bedding-group/tekerlekli-c-tasarim-atlantik-cam-yan-sehpa-modern-hareketli-orta-sehpa-salon-ve-oturma-odasi-masasi-p-1027239903,MYRİS MOBİLYA,92,999.9,,,,TRY,"[""Kargo Bedava""]",InStock,100 adetten fazla stok sunulmuştur,,,4.6,524,,,53,,"21,7B kişi favoriledi",,,,0,,,,Tahmini Teslim:,,,{},0,,refreshed,"[""daily_top""]",true,2026-08-19T01:49:40+03:00,0,"[""search_result_dom"",""product_detail_jsonld"",""product_detail_dom""]","{""title"":""observed"",""brand"":""observed"",""seller_name"":""observed"",""seller_score"":""observed"",""price"":""observed"",""original_price"":""unavailable"",""campaigns"":""observed"",""stock_status"":""observed"",""stock_signal"":""observed"",""rating"":""observed"",""rating_count"":""observed"",""review_count"":""unavailable"",""question_count"":""observed"",""delivery_summary"":""observed"",""shipping_cost"":""unavailable"",""properties"":""observed""}",true,
2026-08-19,2026-08-19T01:49:40+03:00,mobilya,BEST_SELLER,mobilya-cok-satanlar,Trendyol Mobilya / Çok Satanlar,27,1,27,27,27,,59.1,14.5,163935122,,Bofigo Orta Sehpa Geniş Çantalı Sehpa Gazetelik Kitaplık Çiçeklik Çam,Bofigo,,https://www.trendyol.com/bofigo/orta-sehpa-genis-cantali-sehpa-gazetelik-kitaplik-ciceklik-cam-p-163935122,BofigoGrup,87,704.84,750.5,6.1,,TRY,"[""Kargo Bedava"",""Son 10 Günün En Düşük Fiyatı"",""Son 10 günün en düşük fiyatı""]",InStock,100 adetten fazla stok sunulmuştur,,,3.9,2402,,,238,706 kişinin sepetinde,149B kişi favoriledi,Son 24 saatte 734 kişi görüntüledi,,,0,,,,Tahmini Teslim:,,,{},0,,refreshed,"[""daily_top""]",true,2026-08-19T01:49:40+03:00,0,"[""search_result_dom"",""product_detail_jsonld"",""product_detail_dom""]","{""title"":""observed"",""brand"":""observed"",""seller_name"":""observed"",""seller_score"":""observed"",""price"":""observed"",""original_price"":""observed"",""campaigns"":""observed"",""stock_status"":""observed"",""stock_signal"":""observed"",""rating"":""observed"",""rating_count"":""observed"",""review_count"":""unavailable"",""question_count"":""observed"",""delivery_summary"":""observed"",""shipping_cost"":""unavailable"",""properties"":""observed""}",true,
2026-08-19,2026-08-19T01:49:40+03:00,mobilya,BEST_SELLER,mobilya-cok-satanlar,Trendyol Mobilya / Çok Satanlar,28,1,28,28,28,,41.2,23.8,973520914,,Bofigo Orta Sehpa Yan Sehpa Dekoratif Sehpa Metal Sehpa Athena Çam,Bofigo,,https://www.trendyol.com/bofigo/orta-sehpa-yan-sehpa-dekoratif-sehpa-metal-sehpa-athena-cam-p-973520914,BofigoGrup,87,1084.02,,,,TRY,"[""Kargo Bedava"",""Peşin Fiyatına 3 Taksit""]",InStock,100 adetten fazla stok sunulmuştur,,,4.7,139,,,35,,"10,2B kişi favoriledi",Son 24 saatte 362 kişi görüntüledi,,,0,,,,Tahmini Teslim:,,,{},0,,refreshed,"[""daily_top""]",true,2026-08-19T01:49:40+03:00,0,"[""search_result_dom"",""product_detail_jsonld"",""product_detail_dom""]","{""title"":""observed"",""brand"":""observed"",""seller_name"":""observed"",""seller_score"":""observed"",""price"":""observed"",""original_price"":""unavailable"",""campaigns"":""observed"",""stock_status"":""observed"",""stock_signal"":""observed"",""rating"":""observed"",""rating_count"":""observed"",""review_count"":""unavailable"",""question_count"":""observed"",""delivery_summary"":""observed"",""shipping_cost"":""unavailable"",""properties"":""observed""}",true,
2026-08-19,2026-08-19T01:49:40+03:00,mobilya,BEST_SELLER,mobilya-cok-satanlar,Trendyol Mobilya / Çok Satanlar,29,1,29,29,29,,64.6,12.1,221746438,,Monte Sehpa Roma Zigonsehpa- Krem Cappuccino Kahve,Monte Sehpa,,https://www.trendyol.com/monte-sehpa/roma-zigonsehpa-krem-cappuccino-kahve-p-221746438,Monte Sehpa,,851.61,992.75,14.2,,TRY,"[""Kargo Bedava"",""Son 10 Günün En Düşük Fiyatı"",""Son 10 günün en düşük fiyatı""]",InStock,100 adetten fazla stok sunulmuştur,,,4.2,3576,,,460,596 kişinin sepetinde,"173,5B kişi favoriledi",Son 24 saatte 785 kişi görüntüledi,,,0,,,,Tahmini Teslim:,,,{},0,,refreshed,"[""daily_top""]",true,2026-08-19T01:49:40+03:00,0,"[""search_result_dom"",""product_detail_jsonld"",""product_detail_dom""]","{""title"":""observed"",""brand"":""observed"",""seller_name"":""observed"",""seller_score"":""unavailable"",""price"":""observed"",""original_price"":""observed"",""campaigns"":""observed"",""stock_status"":""observed"",""stock_signal"":""observed"",""rating"":""observed"",""rating_count"":""observed"",""review_count"":""unavailable"",""question_count"":""observed"",""delivery_summary"":""observed"",""shipping_cost"":""unavailable"",""properties"":""observed""}",true,
2026-08-19,2026-08-19T01:49:40+03:00,mobilya,BEST_SELLER,mobilya-cok-satanlar,Trendyol Mobilya / Çok Satanlar,30,1,30,30,30,,47.9,22.3,971817394,,Skandi homeworks Maya 2li Orta Sehpa Seti,Skandi homeworks,,https://www.trendyol.com/skandi-homeworks/maya-2li-orta-sehpa-seti-p-971817394,Monte Sehpa,82,1151.26,1281.55,10.2,,TRY,"[""Kargo Bedava"",""Son 10 Günün En Düşük Fiyatı"",""50 TL Kupon"",""Peşin Fiyatına 3 Taksit"",""Son 10 günün en düşük fiyatı""]",InStock,100 adetten fazla stok sunulmuştur,,,3.9,164,,,50,540 kişinin sepetinde,"47,5B kişi favoriledi","Son 24 saatte 1,1B kişi görüntüledi",,,0,,,,Tahmini Teslim:,,,{},0,,refreshed,"[""daily_top""]",true,2026-08-19T01:49:40+03:00,0,"[""search_result_dom"",""product_detail_jsonld"",""product_detail_dom""]","{""title"":""observed"",""brand"":""observed"",""seller_name"":""observed"",""seller_score"":""observed"",""price"":""observed"",""original_price"":""observed"",""campaigns"":""observed"",""stock_status"":""observed"",""stock_signal"":""observed"",""rating"":""observed"",""rating_count"":""observed"",""review_count"":""unavailable"",""question_count"":""observed"",""delivery_summary"":""observed"",""shipping_cost"":""unavailable"",""properties"":""observed""}",true,
2026-08-19,2026-08-19T01:49:40+03:00,mobilya,BEST_SELLER,mobilya-cok-satanlar,Trendyol Mobilya / Çok Satanlar,31,1,31,31,31,,32.4,25.1,1133520208,,Zümra Ahşap NAZ TV ÜNİTESİ ATLANTİK ÇAM RENGİ AYTAŞI 140cm,Zümra Ahşap,TV Sehpa & Ünitesi,https://www.trendyol.com/zumra-ahsap/naz-tv-unitesi-atlantik-cam-rengi-aytasi-140cm-p-1133520208,ERÇA MOBİLYA,86,1880,,,,TRY,"[""Kargo Bedava"",""Peşin Fiyatına 3 Taksit""]",InStock,100 adetten fazla stok sunulmuştur,,,4.4,104,62,,31,336 kişinin sepetinde,"7,3B kişi favoriledi",Son 24 saatte 578 kişi görüntüledi,4999,TRY,0,1,1,4,Tahmini Teslim:,,https://cdn.dsmcdn.com/ty1855/prod/QC_PREP/20260414/18/74ce631b-f0ce-37ba-b592-d2821c2bbeab/1_org_zoom.jpg,"{""Materyal"":""Suntalam"",""Özellik"":""Kapaklı"",""Renk"":""Kahverengi"",""Yükseklik"":""40 cm"",""Genişlik"":""140 cm"",""Derinlik"":""30 cm"",""Tema / Stil"":""Modern"",""Menşei"":""TR""}",20,5,refreshed,"[""daily_top""]",true,2026-08-19T01:49:40+03:00,0,"[""search_result_dom"",""product_detail_jsonld"",""product_detail_dom""]","{""title"":""observed"",""brand"":""observed"",""seller_name"":""observed"",""seller_score"":""observed"",""price"":""observed"",""original_price"":""unavailable"",""campaigns"":""observed"",""stock_status"":""observed"",""stock_signal"":""observed"",""rating"":""observed"",""rating_count"":""observed"",""review_count"":""observed"",""question_count"":""observed"",""delivery_summary"":""observed"",""shipping_cost"":""observed"",""properties"":""observed""}",true,
2026-08-19,2026-08-19T01:49:40+03:00,mobilya,BEST_SELLER,mobilya-cok-satanlar,Trendyol Mobilya / Çok Satanlar,32,1,32,32,32,,38.1,16.9,877512240,,"Dorpek Led Li Işıklı Tv Ünitesi 180 Cm - Kumtaşı Renk, Modern, Geniş, Raflı Tasarım - Tv Sehpası | Cercei",Dorpek,,https://www.trendyol.com/dorpek/led-li-isikli-tv-unitesi-180-cm-kumtasi-renk-modern-genis-rafli-tasarim-tv-sehpasi-cercei-p-877512240,Dorpek,,3249,,,,TRY,"[""Kargo Bedava"",""Peşin Fiyatına 3 Taksit""]",InStock,100 adetten fazla stok sunulmuştur,,,4.6,578,,,236,708 kişinin sepetinde,"39,1B kişi favoriledi","Son 24 saatte 1,1B kişi görüntüledi",,,0,,,,10 saat 9 dakika içinde sipariş verirsen en geç bugün kargoda!,,,{},0,,refreshed,"[""daily_top""]",true,2026-08-19T01:49:40+03:00,0,"[""search_result_dom"",""product_detail_jsonld"",""product_detail_dom""]","{""title"":""observed"",""brand"":""observed"",""seller_name"":""observed"",""seller_score"":""unavailable"",""price"":""observed"",""original_price"":""unavailable"",""campaigns"":""observed"",""stock_status"":""observed"",""stock_signal"":""observed"",""rating"":""observed"",""rating_count"":""observed"",""review_count"":""unavailable"",""question_count"":""observed"",""delivery_summary"":""observed"",""shipping_cost"":""unavailable"",""properties"":""observed""}",true,
2026-08-19,2026-08-19T01:49:40+03:00,mobilya,BEST_SELLER,mobilya-cok-satanlar,Trendyol Mobilya / Çok Satanlar,33,1,33,33,33,,44.9,12.8,692200339,,Bofigo Metal Orta Sehpa 2 Raflı Orta Sehpa Dekoratif Sehpa Nisa Çam,Bofigo,,https://www.trendyol.com/bofigo/metal-orta-sehpa-2-rafli-orta-sehpa-dekoratif-sehpa-nisa-cam-p-692200339,BofigoGrup,87,1375,1450,5.2,,TRY,"[""Kargo Bedava"",""Peşin Fiyatına 3 Taksit""]",InStock,100 adetten fazla stok sunulmuştur,,,4.5,1623,,,241,474 kişinin sepetinde,"60,4B kişi favoriledi",Son 24 saatte 408 kişi görüntüledi,,,0,,,,Tahmini Teslim:,,,{},0,,refreshed,"[""daily_top""]",true,2026-08-19T01:49:40+03:00,0,"[""search_result_dom"",""product_detail_jsonld"",""product_detail_dom""]","{""title"":""observed"",""brand"":""observed"",""seller_name"":""observed"",""seller_score"":""observed"",""price"":""observed"",""original_price"":""observed"",""campaigns"":""observed"",""stock_status"":""observed"",""stock_signal"":""observed"",""rating"":""observed"",""rating_count"":""observed"",""review_count"":""unavailable"",""question_count"":""observed"",""delivery_summary"":""observed"",""shipping_cost"":""unavailable"",""properties"":""observed""}",true,
2026-08-19,2026-08-19T01:49:40+03:00,mobilya,BEST_SELLER,mobilya-cok-satanlar,Trendyol Mobilya / Çok Satanlar,34,1,34,34,34,,68.8,11.2,839461319,,GOLDFALEZ Yan Sehpa Ayarlanabilir Tepsi Dikdörtgen Dekoratif Modern Yatay Dikey Koltuk Sehpası Ceviz,GOLDFALEZ,,https://www.trendyol.com/goldfalez/yan-sehpa-ayarlanabilir-tepsi-dikdortgen-dekoratif-modern-yatay-dikey-koltuk-sehpasi-ceviz-p-839461319,Falez Mobilya Aksesuar,92,348.6,498,30,,TRY,"[""Sepette %30 İndirim"",""Kargo Bedava""]",InStock,100 adetten fazla stok sunulmuştur,,,4.7,2248,,,119,,"81,9B kişi favoriledi",,,,0,,,,22 saat 9 dakika içinde sipariş verirsen en geç yarın kargoda!,,,{},0,,refreshed,"[""daily_top""]",true,2026-08-19T01:49:40+03:00,0,"[""search_result_dom"",""product_detail_jsonld"",""product_detail_dom""]","{""title"":""observed"",""brand"":""observed"",""seller_name"":""observed"",""seller_score"":""observed"",""price"":""observed"",""original_price"":""observed"",""campaigns"":""observed"",""stock_status"":""observed"",""stock_signal"":""observed"",""rating"":""observed"",""rating_count"":""observed"",""review_count"":""unavailable"",""question_count"":""observed"",""delivery_summary"":""observed"",""shipping_cost"":""unavailable"",""properties"":""observed""}",true,
2026-08-19,2026-08-19T01:49:40+03:00,mobilya,BEST_SELLER,mobilya-cok-satanlar,Trendyol Mobilya / Çok Satanlar,35,1,35,35,35,,37.2,13.6,2449167,,Monte Sehpa Gofrato Zigon Sehpa- Krem Cappuccino Krem,Monte Sehpa,Zigon,https://www.trendyol.com/monte-sehpa/gofrato-zigon-sehpa-krem-cappuccino-krem-p-2449167,Monte Sehpa,,1514.81,1566.55,3.3,,TRY,"[""Kargo Bedava"",""Son 10 Günün En Düşük Fiyatı"",""50 TL Kupon"",""Peşin Fiyatına 3 Taksit"",""Son 10 günün en düşük fiyatı""]",InStock,100 adetten fazla stok sunulmuştur,,,3.7,1599,968,,216,349 kişinin sepetinde,"65,8B kişi favoriledi",Son 24 saatte 686 kişi görüntüledi,4999,TRY,0,17,1,21,Tahmini Teslim:,,https://cdn.dsmcdn.com/ty1000400/product/media/images/prod/PIM/20260526/09/77e3487e-ba5d-43ec-8b03-c78ef99b1052/1_org_zoom.jpg,"{""Materyal"":""Suntalam"",""Şekil"":""Dikdörtgen"",""Renk"":""Bej"",""Parça Sayısı"":""3"",""Boyut/Ebat"":""60 x 44"",""Garanti Süresi"":""1 Yıl"",""Stil"":""Klasik"",""Tema / Stil"":""Retro"",""Menşei"":""TR""}",20,5,refreshed,"[""daily_top""]",true,2026-08-19T01:49:40+03:00,0,"[""search_result_dom"",""product_detail_jsonld"",""product_detail_dom""]","{""title"":""observed"",""brand"":""observed"",""seller_name"":""observed"",""seller_score"":""unavailable"",""price"":""observed"",""original_price"":""observed"",""campaigns"":""observed"",""stock_status"":""observed"",""stock_signal"":""observed"",""rating"":""observed"",""rating_count"":""observed"",""review_count"":""observed"",""question_count"":""observed"",""delivery_summary"":""observed"",""shipping_cost"":""observed"",""properties"":""observed""}",true,
2026-08-19,2026-08-19T01:49:40+03:00,mobilya,BEST_SELLER,mobilya-cok-satanlar,Trendyol Mobilya / Çok Satanlar,36,1,36,36,36,,33.4,18.3,1019230891,,Bofigo TV Ünitesi TV Sehpası Düşer Kapaklı Tv Ünitesi Televizyon Sehpası 180 Cm Marvel Beyaz,Bofigo,,https://www.trendyol.com/bofigo/tv-unitesi-tv-sehpasi-duser-kapakli-tv-unitesi-televizyon-sehpasi-180-cm-marvel-beyaz-p-1019230891,BofigoGrup,87,2073,2223,6.7,,TRY,"[""Kargo Bedava"",""Peşin Fiyatına 3 Taksit""]",InStock,100 adetten fazla stok sunulmuştur,,,4.1,214,,,54,,"16,9B kişi favoriledi",Son 24 saatte 1B kişi görüntüledi,,,0,,,,Tahmini Teslim:,,,{},0,,refreshed,"[""daily_top""]",true,2026-08-19T01:49:40+03:00,0,"[""search_result_dom"",""product_detail_jsonld"",""product_detail_dom""]","{""title"":""observed"",""brand"":""observed"",""seller_name"":""observed"",""seller_score"":""observed"",""price"":""observed"",""original_price"":""observed"",""campaigns"":""observed"",""stock_status"":""observed"",""stock_signal"":""observed"",""rating"":""observed"",""rating_count"":""observed"",""review_count"":""unavailable"",""question_count"":""observed"",""delivery_summary"":""observed"",""shipping_cost"":""unavailable"",""properties"":""observed""}",true,
2026-08-19,2026-08-19T01:49:40+03:00,mobilya,BEST_SELLER,mobilya-cok-satanlar,Trendyol Mobilya / Çok Satanlar,37,1,37,37,37,,36.1,15.7,682276437,,Monte Sehpa Letto Zigon Sehpa,Monte Sehpa,Zigon,https://www.trendyol.com/monte-sehpa/letto-zigon-sehpa-p-682276437,Monte Sehpa,,1340.48,1477.25,9.3,,TRY,"[""Kargo Bedava"",""Son 10 Günün En Düşük Fiyatı"",""50 TL Kupon"",""Peşin Fiyatına 3 Taksit"",""Son 10 günün en düşük fiyatı""]",InStock,100 adetten fazla stok sunulmuştur,,,3.7,615,400,,112,380 kişinin sepetinde,"30,5B kişi favoriledi",Son 24 saatte 687 kişi görüntüledi,4999,TRY,0,17,1,21,Tahmini Teslim:,,https://cdn.dsmcdn.com/ty1000400/product/media/images/prod/PIM/20260525/13/61c78971-0db9-45f1-84be-e6946dff21b5/1_org_zoom.jpg,"{""Materyal"":""Suntalam"",""Şekil"":""Dikdörtgen"",""Renk"":""Kahverengi"",""Parça Sayısı"":""3"",""Boyut/Ebat"":""60 x 38"",""Garanti Süresi"":""1 Yıl"",""Stil"":""İskandinav"",""Tema / Stil"":""İskandinav"",""Menşei"":""TR"",""Özellik"":""Hava""}",20,5,refreshed,"[""daily_top""]",true,2026-08-19T01:49:40+03:00,0,"[""search_result_dom"",""product_detail_jsonld"",""product_detail_dom""]","{""title"":""observed"",""brand"":""observed"",""seller_name"":""observed"",""seller_score"":""unavailable"",""price"":""observed"",""original_price"":""observed"",""campaigns"":""observed"",""stock_status"":""observed"",""stock_signal"":""observed"",""rating"":""observed"",""rating_count"":""observed"",""review_count"":""observed"",""question_count"":""observed"",""delivery_summary"":""observed"",""shipping_cost"":""observed"",""properties"":""observed""}",true,
2026-08-19,2026-08-19T01:49:40+03:00,mobilya,BEST_SELLER,mobilya-cok-satanlar,Trendyol Mobilya / Çok Satanlar,38,1,38,38,38,,28.6,11.4,218456015,,Genel Markalar Koltuk Tepsisi Yan Sehpa Kahverengi Ortasabit 15 Cm Amerikan Servisi Hm658,Genel Markalar,Yan Sehpa,https://www.trendyol.com/genel-markalar/koltuk-tepsisi-yan-sehpa-kahverengi-ortasabit-15-cm-amerikan-servisi-hm658-p-218456015,Zerawall,95,104,,,,TRY,"[""Kargo Bedava"",""Trendyol Plus'a Özel""]",InStock,Son 1 Ürün,,,3.8,2232,1195,,100,,"65,8B kişi favoriledi",,4999,TRY,0,,1,4,22 saat 9 dakika içinde sipariş verirsen en geç yarın kargoda!,,https://cdn.dsmcdn.com/ty1553/product/media/images/ty1553/prod/QC/20240917/16/b46d7e69-07cd-36db-8707-2d45557f7bc8/1_org_zoom.jpg,"{""Materyal"":""Ahşap"",""Şekil"":""Dikdörtgen"",""Renk"":""Kahverengi"",""Boyut/Ebat"":""45 x 25"",""Garanti Süresi"":""1 Yıl"",""Parça Sayısı"":""1 Parça"",""Stil"":""Modern"",""Tema / Stil"":""Modern"",""Menşei"":""TR"",""Özellik"":""Sabit""}",20,5,refreshed,"[""daily_top""]",true,2026-08-19T01:49:40+03:00,0,"[""search_result_dom"",""product_detail_jsonld"",""product_detail_dom""]","{""title"":""observed"",""brand"":""observed"",""seller_name"":""observed"",""seller_score"":""observed"",""price"":""observed"",""original_price"":""unavailable"",""campaigns"":""observed"",""stock_status"":""observed"",""stock_signal"":""observed"",""rating"":""observed"",""rating_count"":""observed"",""review_count"":""observed"",""question_count"":""observed"",""delivery_summary"":""observed"",""shipping_cost"":""observed"",""properties"":""observed""}",true,
2026-08-19,2026-08-19T01:49:40+03:00,mobilya,BEST_SELLER,mobilya-cok-satanlar,Trendyol Mobilya / Çok Satanlar,39,1,39,39,39,,21.2,16.3,786238864,,Genel Markalar Koltuk Kenarı Sehpası Yan Kolçak Sehpası Servis Tepsisi,Genel Markalar,Yan Sehpa,https://www.trendyol.com/genel-markalar/koltuk-kenari-sehpasi-yan-kolcak-sehpasi-servis-tepsisi-p-786238864,Elsa Home,84,297,,,,TRY,"[""Kargo Bedava""]",InStock,100 adetten fazla stok sunulmuştur,,,4.2,442,250,,61,,"34,2B kişi favoriledi",,4999,TRY,0,,1,4,22 saat 9 dakika içinde sipariş verirsen en geç yarın kargoda!,,https://cdn.dsmcdn.com/ty1842/prod/QC_ENRICHMENT/20260324/10/bc446a36-f12a-3bd8-ac39-277ea06bd433/1_org_zoom.jpg,"{""Materyal"":""Ahşap"",""Şekil"":""Yuvarlak"",""Renk"":""Kahverengi"",""Boyut/Ebat"":""24 x 24"",""Garanti Süresi"":""1 Yıl"",""Parça Sayısı"":""1 Parça"",""Stil"":""Modern"",""Tema / Stil"":""Retro"",""Menşei"":""CN"",""Özellik"":""Hava""}",20,5,refreshed,"[""daily_top""]",true,2026-08-19T01:49:40+03:00,0,"[""search_result_dom"",""product_detail_jsonld"",""product_detail_dom""]","{""title"":""observed"",""brand"":""observed"",""seller_name"":""observed"",""seller_score"":""observed"",""price"":""observed"",""original_price"":""unavailable"",""campaigns"":""observed"",""stock_status"":""observed"",""stock_signal"":""observed"",""rating"":""observed"",""rating_count"":""observed"",""review_count"":""observed"",""question_count"":""observed"",""delivery_summary"":""observed"",""shipping_cost"":""observed"",""properties"":""observed""}",true,
2026-08-19,2026-08-19T01:49:40+03:00,mobilya,BEST_SELLER,mobilya-cok-satanlar,Trendyol Mobilya / Çok Satanlar,40,1,40,40,40,,21.3,18.5,1056437848,,Bofigo TV Sehpası Kapaklı Tv Sehpası Raflı TV Ünitesi Televizyon Sehpası 100 x 35 Cm Malta Çam,Bofigo,,https://www.trendyol.com/bofigo/tv-sehpasi-kapakli-tv-sehpasi-rafli-tv-unitesi-televizyon-sehpasi-100-x-35-cm-malta-cam-p-1056437848,BofigoGrup,87,1352.61,1420.25,4.8,,TRY,"[""Kargo Bedava"",""Son 10 Günün En Düşük Fiyatı"",""Peşin Fiyatına 3 Taksit"",""Son 10 günün en düşük fiyatı""]",InStock,100 adetten fazla stok sunulmuştur,,,4.5,116,,,32,302 kişinin sepetinde,"7,8B kişi favoriledi",Son 24 saatte 606 kişi görüntüledi,,,0,,,,Tahmini Teslim:,,,{},0,,refreshed,"[""daily_top""]",true,2026-08-19T01:49:40+03:00,0,"[""search_result_dom"",""product_detail_jsonld"",""product_detail_dom""]","{""title"":""observed"",""brand"":""observed"",""seller_name"":""observed"",""seller_score"":""observed"",""price"":""observed"",""original_price"":""observed"",""campaigns"":""observed"",""stock_status"":""observed"",""stock_signal"":""observed"",""rating"":""observed"",""rating_count"":""observed"",""review_count"":""unavailable"",""question_count"":""observed"",""delivery_summary"":""observed"",""shipping_cost"":""unavailable"",""properties"":""observed""}",true,
2026-08-19,2026-08-19T01:49:40+03:00,mobilya,BEST_SELLER,mobilya-cok-satanlar,Trendyol Mobilya / Çok Satanlar,41,1,41,41,41,,22.8,16.7,772782717,,metalshop Metal Geniş Tepsili Katlanır Sehpa,metalshop,Yan Sehpa,https://www.trendyol.com/metalshop/metal-genis-tepsili-katlanir-sehpa-p-772782717,metalshop,,569.95,599.95,5,,TRY,"[""Trendyol Plus'a Özel"",""Kargo Bedava""]",InStock,100 adetten fazla stok sunulmuştur,,,4.7,318,167,,57,,"30,7B kişi favoriledi",Son 24 saatte 404 kişi görüntüledi,4999,TRY,0,,1,4,13 saat 9 dakika içinde sipariş verirsen en geç bugün kargoda!,,https://cdn.dsmcdn.com/ty1022/product/media/images/prod/SPM/PIM/20231021/13/0e7e1942-44f6-349d-9e16-3d1c834ee9be/1_org_zoom.jpg,"{""Materyal"":""Metal"",""Şekil"":""Yuvarlak"",""Renk"":""Kırmızı"",""Garanti Süresi"":""Garantisiz"",""Parça Sayısı"":""2"",""Stil"":""İskandinav"",""Tema / Stil"":""Modern"",""Menşei"":""TR""}",20,5,refreshed,"[""daily_top""]",true,2026-08-19T01:49:40+03:00,0,"[""search_result_dom"",""product_detail_jsonld"",""product_detail_dom""]","{""title"":""observed"",""brand"":""observed"",""seller_name"":""observed"",""seller_score"":""unavailable"",""price"":""observed"",""original_price"":""observed"",""campaigns"":""observed"",""stock_status"":""observed"",""stock_signal"":""observed"",""rating"":""observed"",""rating_count"":""observed"",""review_count"":""observed"",""question_count"":""observed"",""delivery_summary"":""observed"",""shipping_cost"":""observed"",""properties"":""observed""}",true,
2026-08-19,2026-08-19T01:49:40+03:00,mobilya,BEST_SELLER,mobilya-cok-satanlar,Trendyol Mobilya / Çok Satanlar,42,1,42,42,42,,17.1,16.9,871528282,,Huga Metal Relax 90x200 cm Dinlenme Koltuğu Yatak Olabilen Kanepe Rahat Kanepe Fittilli Kadife Yıkanır Silinir - Yeşil,Huga Metal,,https://www.trendyol.com/huga-metal/relax-90x200-cm-dinlenme-koltugu-yatak-olabilen-kanepe-rahat-kanepe-fittilli-kadife-yikanir-silinir-yesil-p-871528282,Huga Mobilya,88,10376.37,,,,TRY,"[""Kargo Bedava"",""Peşin Fiyatına 9 Taksit""]",InStock,100 adetten fazla stok sunulmuştur,,,4.7,137,,,110,,"13,6B kişi favoriledi",Son 24 saatte 726 kişi görüntüledi,,,0,,,,Tahmini Teslim:,,,{},0,,refreshed,"[""daily_top""]",true,2026-08-19T01:49:40+03:00,0,"[""search_result_dom"",""product_detail_jsonld"",""product_detail_dom""]","{""title"":""observed"",""brand"":""observed"",""seller_name"":""observed"",""seller_score"":""observed"",""price"":""observed"",""original_price"":""unavailable"",""campaigns"":""observed"",""stock_status"":""observed"",""stock_signal"":""observed"",""rating"":""observed"",""rating_count"":""observed"",""review_count"":""unavailable"",""question_count"":""observed"",""delivery_summary"":""observed"",""shipping_cost"":""unavailable"",""properties"":""observed""}",true,
2026-08-19,2026-08-19T01:49:40+03:00,mobilya,BEST_SELLER,mobilya-cok-satanlar,Trendyol Mobilya / Çok Satanlar,43,1,43,43,43,,36.1,11.6,191488318,,"fümehome Koyu Kahve Koltuk Tepsisi Yan Sehpa Tesbih Cevizi 20x40 Cm Ortasabit 13,5 Cm Amerikan Servisi",fümehome,Yan Sehpa,https://www.trendyol.com/fumehome/koyu-kahve-koltuk-tepsisi-yan-sehpa-tesbih-cevizi-20x40-cm-ortasabit-13-5-cm-amerikan-servisi-p-191488318,Asır Dekorasyon,85,99.9,116.5,14.2,,TRY,"[""Kargo Bedava""]",InStock,100 adetten fazla stok sunulmuştur,,,4,898,550,,30,,"9,6B kişi favoriledi",,4999,TRY,0,1,1,4,22 saat 9 dakika içinde sipariş verirsen en geç yarın kargoda!,,https://cdn.dsmcdn.com/ty1510/product/media/images/prod/QC/20240801/16/d1b40bf0-7fdb-3601-ab36-e401d4f37bff/1_org_zoom.jpg,"{""Materyal"":""Ahşap"",""Şekil"":""Dikdörtgen"",""Renk"":""Kahverengi"",""Boyut/Ebat"":""25 x 45"",""Garanti Süresi"":""Garantisiz"",""Parça Sayısı"":""1 Parça"",""Stil"":""Retro"",""Tema / Stil"":""Retro"",""Özellik"":""Sabit""}",20,5,refreshed,"[""daily_top""]",true,2026-08-19T01:49:40+03:00,0,"[""search_result_dom"",""product_detail_jsonld"",""product_detail_dom""]","{""title"":""observed"",""brand"":""observed"",""seller_name"":""observed"",""seller_score"":""observed"",""price"":""observed"",""original_price"":""observed"",""campaigns"":""observed"",""stock_status"":""observed"",""stock_signal"":""observed"",""rating"":""observed"",""rating_count"":""observed"",""review_count"":""observed"",""question_count"":""observed"",""delivery_summary"":""observed"",""shipping_cost"":""observed"",""properties"":""observed""}",true,
2026-08-19,2026-08-19T01:49:40+03:00,mobilya,BEST_SELLER,mobilya-cok-satanlar,Trendyol Mobilya / Çok Satanlar,44,1,44,44,44,,29.8,3.2,303482566,,interGO Tekerlekli C Sehpa Koltuk Sehpası Yan Sehpa Zigon Sehpa Servis Sehpası - Beyaz,interGO,,https://www.trendyol.com/intergo/tekerlekli-c-sehpa-koltuk-sehpasi-yan-sehpa-zigon-sehpa-servis-sehpasi-beyaz-p-303482566,interGO,,999.5,,,,TRY,"[""Kargo Bedava""]",InStock,100 adetten fazla stok sunulmuştur,,,4.6,5352,,,472,300 kişinin sepetinde,"108,8B kişi favoriledi",,,,0,,,,Tahmini Teslim:,,,{},0,,refreshed,"[""daily_top""]",true,2026-08-19T01:49:40+03:00,0,"[""search_result_dom"",""product_detail_jsonld"",""product_detail_dom""]","{""title"":""observed"",""brand"":""observed"",""seller_name"":""observed"",""seller_score"":""unavailable"",""price"":""observed"",""original_price"":""unavailable"",""campaigns"":""observed"",""stock_status"":""observed"",""stock_signal"":""observed"",""rating"":""observed"",""rating_count"":""observed"",""review_count"":""unavailable"",""question_count"":""observed"",""delivery_summary"":""observed"",""shipping_cost"":""unavailable"",""properties"":""observed""}",true,
2026-08-19,2026-08-19T01:49:40+03:00,mobilya,BEST_SELLER,mobilya-cok-satanlar,Trendyol Mobilya / Çok Satanlar,45,1,45,45,45,,17.4,20.1,1143780807,,DEHALİMİTED 26-43 İnç Uyumlu Frenli Tekerlekli Yükseklik Ayarlı Mobil Tv Standı Konsol Hareketli Televizyon Ünitesi,DEHALİMİTED,TV Sehpa & Ünitesi,https://www.trendyol.com/dehalimited/26-43-inc-uyumlu-frenli-tekerlekli-yukseklik-ayarli-mobil-tv-standi-konsol-hareketli-televizyon-unitesi-p-1143780807,DehaLimited,95,2845.25,2995,5,,TRY,"[""Sepette %5 İndirim"",""Kargo Bedava"",""Peşin Fiyatına 3 Taksit""]",InStock,100 adetten fazla stok sunulmuştur,,,4.7,60,34,,43,,"3,7B kişi favoriledi",Son 24 saatte 365 kişi görüntüledi,4999,TRY,0,,1,4,13 saat 9 dakika içinde sipariş verirsen en geç bugün kargoda!,,https://cdn.dsmcdn.com/ty1909/prod/QC_PREP/20260509/11/06b3ac34-297c-313e-93f7-26625b6e9847/1_org_zoom.jpg,"{""Materyal"":""Metal"",""Özellik"":""Raflı"",""Renk"":""Siyah"",""Boyut/Ebat"":""40 x 50"",""Yükseklik"":""125 cm"",""Genişlik"":""50 cm"",""Derinlik"":""40 cm"",""Garanti Süresi"":""2 Yıl"",""Stil"":""Modern"",""Tema / Stil"":""Modern"",""Menşei"":""TR"",""Paket Derinlik"":""50 cm"",""Paket Yükseklik"":""6 cm"",""Paket Genişlik"":""73 cm""}",20,5,refreshed,"[""daily_top""]",true,2026-08-19T01:49:40+03:00,0,"[""search_result_dom"",""product_detail_jsonld"",""product_detail_dom""]","{""title"":""observed"",""brand"":""observed"",""seller_name"":""observed"",""seller_score"":""observed"",""price"":""observed"",""original_price"":""observed"",""campaigns"":""observed"",""stock_status"":""observed"",""stock_signal"":""observed"",""rating"":""observed"",""rating_count"":""observed"",""review_count"":""observed"",""question_count"":""observed"",""delivery_summary"":""observed"",""shipping_cost"":""observed"",""properties"":""observed""}",true,
2026-08-19,2026-08-19T01:49:40+03:00,mobilya,BEST_SELLER,mobilya-cok-satanlar,Trendyol Mobilya / Çok Satanlar,46,1,46,46,46,,26.3,10.6,37862207,,Monte Sehpa Letto 3'lü Zigonsehpa Beyaz,Monte Sehpa,Zigon,https://www.trendyol.com/monte-sehpa/letto-3-lu-zigonsehpa-beyaz-p-37862207,Monte Sehpa,,1404.68,1477.25,4.9,,TRY,"[""Kargo Bedava"",""Son 10 Günün En Düşük Fiyatı"",""50 TL Kupon"",""Peşin Fiyatına 3 Taksit"",""Son 10 günün en düşük fiyatı""]",InStock,100 adetten fazla stok sunulmuştur,,,3.7,753,468,,118,,"34,7B kişi favoriledi",Son 24 saatte 322 kişi görüntüledi,4999,TRY,0,17,1,21,Tahmini Teslim:,,https://cdn.dsmcdn.com/ty1000401/product/media/images/prod/PIM/20260525/13/f5324af2-02cc-4043-bee1-fc5613ce8e04/1_org_zoom.jpg,"{""Materyal"":""Ahşap"",""Şekil"":""Dikdörtgen"",""Renk"":""Beyaz"",""Parça Sayısı"":""3"",""Boyut/Ebat"":""60 x 37"",""Garanti Süresi"":""1 Yıl"",""Stil"":""Klasik"",""Tema / Stil"":""İskandinav"",""Menşei"":""TR""}",20,5,refreshed,"[""daily_top""]",true,2026-08-19T01:49:40+03:00,0,"[""search_result_dom"",""product_detail_jsonld"",""product_detail_dom""]","{""title"":""observed"",""brand"":""observed"",""seller_name"":""observed"",""seller_score"":""unavailable"",""price"":""observed"",""original_price"":""observed"",""campaigns"":""observed"",""stock_status"":""observed"",""stock_signal"":""observed"",""rating"":""observed"",""rating_count"":""observed"",""review_count"":""observed"",""question_count"":""observed"",""delivery_summary"":""observed"",""shipping_cost"":""observed"",""properties"":""observed""}",true,
2026-08-19,2026-08-19T01:49:40+03:00,mobilya,BEST_SELLER,mobilya-cok-satanlar,Trendyol Mobilya / Çok Satanlar,47,1,47,47,47,,16.7,14.8,1078238968,,Hofga Truva Çok Amaçlı Çekmeceli Yan Sehpa Kitaplık Dekor Sehpa Beyaz Meşe,Hofga,,https://www.trendyol.com/hofga/truva-cok-amacli-cekmeceli-yan-sehpa-kitaplik-dekor-sehpa-beyaz-mese-p-1078238968,HOFGA,95,1212,,,,TRY,"[""Kargo Bedava"",""Peşin Fiyatına 3 Taksit""]",InStock,100 adetten fazla stok sunulmuştur,,,4.7,122,,,32,,"16,8B kişi favoriledi",Son 24 saatte 302 kişi görüntüledi,,,0,,,,13 saat 9 dakika içinde sipariş verirsen en geç bugün kargoda!,,,{},0,,refreshed,"[""daily_top""]",true,2026-08-19T01:49:40+03:00,0,"[""search_result_dom"",""product_detail_jsonld"",""product_detail_dom""]","{""title"":""observed"",""brand"":""observed"",""seller_name"":""observed"",""seller_score"":""observed"",""price"":""observed"",""original_price"":""unavailable"",""campaigns"":""observed"",""stock_status"":""observed"",""stock_signal"":""observed"",""rating"":""observed"",""rating_count"":""observed"",""review_count"":""unavailable"",""question_count"":""observed"",""delivery_summary"":""observed"",""shipping_cost"":""unavailable"",""properties"":""observed""}",true,
2026-08-19,2026-08-19T01:49:40+03:00,mobilya,BEST_SELLER,mobilya-cok-satanlar,Trendyol Mobilya / Çok Satanlar,48,1,48,48,48,,17.1,14.9,1125221897,,CAPRİDOS MOBİLYA MAİSON Zigon Sehpa 'CAPPUCCİNO TRAVERTEN',CAPRİDOS MOBİLYA,,https://www.trendyol.com/capridos-mobilya/maison-zigon-sehpa-cappuccino-traverten-p-1125221897,FAYMEND,85,2415.6,2440,1,,TRY,"[""Sepette %1 İndirim"",""Kargo Bedava"",""500 TL Kupon"",""Peşin Fiyatına 3 Taksit""]",InStock,100 adetten fazla stok sunulmuştur,,,4.5,101,,,29,,"10,5B kişi favoriledi",Son 24 saatte 495 kişi görüntüledi,,,0,,,,Tahmini Teslim:,,,{},0,,refreshed,"[""daily_top""]",true,2026-08-19T01:49:40+03:00,0,"[""search_result_dom"",""product_detail_jsonld"",""product_detail_dom""]","{""title"":""observed"",""brand"":""observed"",""seller_name"":""observed"",""seller_score"":""observed"",""price"":""observed"",""original_price"":""observed"",""campaigns"":""observed"",""stock_status"":""observed"",""stock_signal"":""observed"",""rating"":""observed"",""rating_count"":""observed"",""review_count"":""unavailable"",""question_count"":""observed"",""delivery_summary"":""observed"",""shipping_cost"":""unavailable"",""properties"":""observed""}",true,
2026-08-19,2026-08-19T01:49:40+03:00,mobilya,BEST_SELLER,mobilya-cok-satanlar,Trendyol Mobilya / Çok Satanlar,49,1,49,49,49,,37.5,13.9,906314970,,Dekoport Milas 3lü Zigon Sehpa Yan Sehpa Pirinç Eskitme Rengi Traverten Desen,Dekoport,,https://www.trendyol.com/dekoport/milas-3lu-zigon-sehpa-yan-sehpa-pirinc-eskitme-rengi-traverten-desen-p-906314970,DEKOPORT,84,2435.46,3079.77,20.9,,TRY,"[""Kargo Bedava"",""Son 10 Günün En Düşük Fiyatı"",""Peşin Fiyatına 3 Taksit"",""Son 10 günün en düşük fiyatı""]",InStock,50 adetten fazla stok sunulmuştur,,,4.2,119,,,48,,11B kişi favoriledi,Son 24 saatte 581 kişi görüntüledi,,,0,,,,Tahmini Teslim:,,,{},0,,refreshed,"[""daily_top""]",true,2026-08-19T01:49:40+03:00,0,"[""search_result_dom"",""product_detail_jsonld"",""product_detail_dom""]","{""title"":""observed"",""brand"":""observed"",""seller_name"":""observed"",""seller_score"":""observed"",""price"":""observed"",""original_price"":""observed"",""campaigns"":""observed"",""stock_status"":""observed"",""stock_signal"":""observed"",""rating"":""observed"",""rating_count"":""observed"",""review_count"":""unavailable"",""question_count"":""observed"",""delivery_summary"":""observed"",""shipping_cost"":""unavailable"",""properties"":""observed""}",true,
2026-08-19,2026-08-19T01:49:40+03:00,mobilya,BEST_SELLER,mobilya-cok-satanlar,Trendyol Mobilya / Çok Satanlar,50,1,50,50,50,,18.4,17.7,1154136686,,Bofigo Tv Sehpası 2 Kapaklı Tv Ünitesi Televizyon Sehpası 120 x 30 Cm Santorini Safir Meşe Beyaz,Bofigo,TV Sehpa & Ünitesi,https://www.trendyol.com/bofigo/tv-sehpasi-2-kapakli-tv-unitesi-televizyon-sehpasi-120-x-30-cm-santorini-safir-mese-beyaz-p-1154136686,BofigoGrup,87,1774.87,1890,6.1,,TRY,"[""Kargo Bedava"",""Son 10 Günün En Düşük Fiyatı"",""Peşin Fiyatına 3 Taksit"",""Son 10 günün en düşük fiyatı""]",InStock,100 adetten fazla stok sunulmuştur,,,4.1,47,33,,12,474 kişinin sepetinde,"9,3B kişi favoriledi",Son 24 saatte 994 kişi görüntüledi,4999,TRY,0,8,1,12,Tahmini Teslim:,,https://cdn.dsmcdn.com/ty1914/prod/QC_ENRICHMENT/20260703/15/da48f835-eebd-356e-b45b-70175aefaf43/1_org_zoom.jpg,"{""Materyal"":""Suntalam"",""Özellik"":""Kapaklı"",""Renk"":""Beyaz"",""Boyut/Ebat"":""120 x 30"",""Yükseklik"":""50 cm"",""Genişlik"":""120 cm"",""Derinlik"":""30 cm"",""Garanti Süresi"":""6 Ay"",""Stil"":""Modern"",""Tema / Stil"":""Modern"",""Menşei"":""TR""}",20,5,refreshed,"[""daily_top""]",true,2026-08-19T01:49:40+03:00,0,"[""search_result_dom"",""product_detail_jsonld"",""product_detail_dom""]","{""title"":""observed"",""brand"":""observed"",""seller_name"":""observed"",""seller_score"":""observed"",""price"":""observed"",""original_price"":""observed"",""campaigns"":""observed"",""stock_status"":""observed"",""stock_signal"":""observed"",""rating"":""observed"",""rating_count"":""observed"",""review_count"":""observed"",""question_count"":""observed"",""delivery_summary"":""observed"",""shipping_cost"":""observed"",""properties"":""observed""}",true,
2026-08-19,2026-08-19T01:49:40+03:00,mobilya,BEST_SELLER,mobilya-cok-satanlar,Trendyol Mobilya / Çok Satanlar,51,1,51,51,51,,21.4,8.6,962160898,,interGO Tekerlekli C Sehpa Koltuk Sehpası Yan Sehpa Zigon Sehpa Servis Sehpası - Traverten,interGO,,https://www.trendyol.com/intergo/tekerlekli-c-sehpa-koltuk-sehpasi-yan-sehpa-zigon-sehpa-servis-sehpasi-traverten-p-962160898,interGO,,999.5,,,,TRY,"[""Kargo Bedava""]",InStock,100 adetten fazla stok sunulmuştur,,,4.6,479,,,51,,"19,9B kişi favoriledi",,,,0,,,,Tahmini Teslim:,,,{},0,,refreshed,"[""daily_top""]",true,2026-08-19T01:49:40+03:00,0,"[""search_result_dom"",""product_detail_jsonld"",""product_detail_dom""]","{""title"":""observed"",""brand"":""observed"",""seller_name"":""observed"",""seller_score"":""unavailable"",""price"":""observed"",""original_price"":""unavailable"",""campaigns"":""observed"",""stock_status"":""observed"",""stock_signal"":""observed"",""rating"":""observed"",""rating_count"":""observed"",""review_count"":""unavailable"",""question_count"":""observed"",""delivery_summary"":""observed"",""shipping_cost"":""unavailable"",""properties"":""observed""}",true,
2026-08-19,2026-08-19T01:49:40+03:00,mobilya,BEST_SELLER,mobilya-cok-satanlar,Trendyol Mobilya / Çok Satanlar,52,1,52,52,52,,23.1,12.1,973520902,,Bofigo Orta Sehpa Yan Sehpa Dekoratif Sehpa Metal Sehpa Athena Antrasit,Bofigo,,https://www.trendyol.com/bofigo/orta-sehpa-yan-sehpa-dekoratif-sehpa-metal-sehpa-athena-antrasit-p-973520902,BofigoGrup,87,1358,1433,5.2,,TRY,"[""Kargo Bedava"",""Peşin Fiyatına 3 Taksit""]",InStock,100 adetten fazla stok sunulmuştur,,,4.4,173,,,31,,"14,8B kişi favoriledi",Son 24 saatte 483 kişi görüntüledi,,,0,,,,Tahmini Teslim:,,,{},0,,refreshed,"[""daily_top""]",true,2026-08-19T01:49:40+03:00,0,"[""search_result_dom"",""product_detail_jsonld"",""product_detail_dom""]","{""title"":""observed"",""brand"":""observed"",""seller_name"":""observed"",""seller_score"":""observed"",""price"":""observed"",""original_price"":""observed"",""campaigns"":""observed"",""stock_status"":""observed"",""stock_signal"":""observed"",""rating"":""observed"",""rating_count"":""observed"",""review_count"":""unavailable"",""question_count"":""observed"",""delivery_summary"":""observed"",""shipping_cost"":""unavailable"",""properties"":""observed""}",true,
2026-08-19,2026-08-19T01:49:40+03:00,mobilya,BEST_SELLER,mobilya-cok-satanlar,Trendyol Mobilya / Çok Satanlar,53,1,53,53,53,,27.6,10,971385068,,"boz concept home PARİS Gümüş Tel Metal Tasarımlı Modern Paslanmaz Yan Sehpa, Dekoratif Metal Sehpa",boz concept home,,https://www.trendyol.com/boz-concept-home/paris-gumus-tel-metal-tasarimli-modern-paslanmaz-yan-sehpa-dekoratif-metal-sehpa-p-971385068,Boz Concept Home,93,2096.94,2269.64,7.6,,TRY,"[""Kargo Bedava"",""Sepette %1 İndirim"",""150 TL Kupon"",""Peşin Fiyatına 3 Taksit""]",InStock,100 adetten fazla stok sunulmuştur,,,4.7,312,,,48,363 kişinin sepetinde,"56,1B kişi favoriledi",Son 24 saatte 548 kişi görüntüledi,,,0,,,,Tahmini Teslim:,,,{},0,,refreshed,"[""daily_top""]",true,2026-08-19T01:49:40+03:00,0,"[""search_result_dom"",""product_detail_jsonld"",""product_detail_dom""]","{""title"":""observed"",""brand"":""observed"",""seller_name"":""observed"",""seller_score"":""observed"",""price"":""observed"",""original_price"":""observed"",""campaigns"":""observed"",""stock_status"":""observed"",""stock_signal"":""observed"",""rating"":""observed"",""rating_count"":""observed"",""review_count"":""unavailable"",""question_count"":""observed"",""delivery_summary"":""observed"",""shipping_cost"":""unavailable"",""properties"":""observed""}",true,
2026-08-19,2026-08-19T01:49:40+03:00,mobilya,BEST_SELLER,mobilya-cok-satanlar,Trendyol Mobilya / Çok Satanlar,54,1,54,54,54,,15.1,,1181215823,,Skandi homeworks Loop 3’lü Zigon Sehpa – İç İçe Geçen Modern C Tipi Tasarım,Skandi homeworks,,https://www.trendyol.com/skandi-homeworks/loop-3-lu-zigon-sehpa-ic-ice-gecen-modern-c-tipi-tasarim-p-1181215823,Monte Sehpa,82,1400.6,1649,15.1,,TRY,"[""Kargo Bedava"",""Son 10 Günün En Düşük Fiyatı"",""50 TL Kupon"",""Peşin Fiyatına 3 Taksit"",""Son 10 günün en düşük fiyatı""]",InStock,100 adetten fazla stok sunulmuştur,,,,,,,7,,"1,7B kişi favoriledi",Son 24 saatte 905 kişi görüntüledi,,,0,,,,Tahmini Teslim:,,,{},0,,refreshed,"[""daily_top""]",true,2026-08-19T01:49:40+03:00,0,"[""search_result_dom"",""product_detail_jsonld"",""product_detail_dom""]","{""title"":""observed"",""brand"":""observed"",""seller_name"":""observed"",""seller_score"":""observed"",""price"":""observed"",""original_price"":""observed"",""campaigns"":""observed"",""stock_status"":""observed"",""stock_signal"":""observed"",""rating"":""unavailable"",""rating_count"":""unavailable"",""review_count"":""unavailable"",""question_count"":""observed"",""delivery_summary"":""observed"",""shipping_cost"":""unavailable"",""properties"":""observed""}",true,
2026-08-19,2026-08-19T01:49:40+03:00,mobilya,BEST_SELLER,mobilya-cok-satanlar,Trendyol Mobilya / Çok Satanlar,55,1,55,55,55,,19.1,10.9,917806543,,"BARIN DESIGN Modern TV Ünitesi Ahşap Raflı 2 Katlı Televizyon Sehpası Minimalist,Dayanıklı, Fonksiyonel TV Standı",BARIN DESIGN,,https://www.trendyol.com/barin-design/modern-tv-unitesi-ahsap-rafli-2-katli-televizyon-sehpasi-minimalist-dayanikli-fonksiyonel-tv-standi-p-917806543,BARIN DESIGN,91,1284.6,,,,TRY,"[""Kargo Bedava"",""100 TL Kupon"",""Peşin Fiyatına 3 Taksit""]",InStock,100 adetten fazla stok sunulmuştur,,,4.6,244,,,67,,"7,5B kişi favoriledi",Son 24 saatte 371 kişi görüntüledi,,,0,,,,22 saat 8 dakika içinde sipariş verirsen en geç yarın kargoda!,,,{},0,,refreshed,"[""daily_top""]",true,2026-08-19T01:49:40+03:00,0,"[""search_result_dom"",""product_detail_jsonld"",""product_detail_dom""]","{""title"":""observed"",""brand"":""observed"",""seller_name"":""observed"",""seller_score"":""observed"",""price"":""observed"",""original_price"":""unavailable"",""campaigns"":""observed"",""stock_status"":""observed"",""stock_signal"":""observed"",""rating"":""observed"",""rating_count"":""observed"",""review_count"":""unavailable"",""question_count"":""observed"",""delivery_summary"":""observed"",""shipping_cost"":""unavailable"",""properties"":""observed""}",true,
2026-08-19,2026-08-19T01:49:40+03:00,mobilya,BEST_SELLER,mobilya-cok-satanlar,Trendyol Mobilya / Çok Satanlar,56,1,56,56,56,,19.7,10.3,1028687825,,PEKA 2 Raflı Köşe Ve Yan Sehpa - Komodin – Çok Amaçlı Modern Çevir Kur Sehpa,PEKA,,https://www.trendyol.com/peka/2-rafli-kose-ve-yan-sehpa-komodin-cok-amacli-modern-cevir-kur-sehpa-p-1028687825,Peka Mobilya,93,950.7,,,,TRY,"[""Kargo Bedava""]",InStock,100 adetten fazla stok sunulmuştur,,,4.5,285,,,56,315 kişinin sepetinde,"33,1B kişi favoriledi",Son 24 saatte 397 kişi görüntüledi,,,0,,,,22 saat 8 dakika içinde sipariş verirsen en geç yarın kargoda!,,,{},0,,refreshed,"[""daily_top""]",true,2026-08-19T01:49:40+03:00,0,"[""search_result_dom"",""product_detail_jsonld"",""product_detail_dom""]","{""title"":""observed"",""brand"":""observed"",""seller_name"":""observed"",""seller_score"":""observed"",""price"":""observed"",""original_price"":""unavailable"",""campaigns"":""observed"",""stock_status"":""observed"",""stock_signal"":""observed"",""rating"":""observed"",""rating_count"":""observed"",""review_count"":""unavailable"",""question_count"":""observed"",""delivery_summary"":""observed"",""shipping_cost"":""unavailable"",""properties"":""observed""}",true,
2026-08-19,2026-08-19T01:49:40+03:00,mobilya,BEST_SELLER,mobilya-cok-satanlar,Trendyol Mobilya / Çok Satanlar,57,1,57,57,57,,9.6,20.4,1151671199,,eda hacıoğlu edam bedding group Tekerlekli C Tasarım Ceviz Yan Sehpa Modern Hareketli Orta Sehpa Salon ve Oturma Odası Masası,eda hacıoğlu edam bedding group,,https://www.trendyol.com/eda-hacioglu-edam-bedding-group/tekerlekli-c-tasarim-ceviz-yan-sehpa-modern-hareketli-orta-sehpa-salon-ve-oturma-odasi-masasi-p-1151671199,MYRİS MOBİLYA,92,999.9,,,,TRY,"[""Kargo Bedava""]",InStock,100 adetten fazla stok sunulmuştur,,,4.3,15,,,6,,2B kişi favoriledi,,,,0,,,,Tahmini Teslim:,,,{},0,,refreshed,"[""daily_top""]",true,2026-08-19T01:49:40+03:00,0,"[""search_result_dom"",""product_detail_jsonld"",""product_detail_dom""]","{""title"":""observed"",""brand"":""observed"",""seller_name"":""observed"",""seller_score"":""observed"",""price"":""observed"",""original_price"":""unavailable"",""campaigns"":""observed"",""stock_status"":""observed"",""stock_signal"":""observed"",""rating"":""observed"",""rating_count"":""observed"",""review_count"":""unavailable"",""question_count"":""observed"",""delivery_summary"":""observed"",""shipping_cost"":""unavailable"",""properties"":""observed""}",true,
2026-08-19,2026-08-19T01:49:40+03:00,mobilya,BEST_SELLER,mobilya-cok-satanlar,Trendyol Mobilya / Çok Satanlar,58,1,58,58,58,,20.4,12,1074981809,,Bofigo Akvaryum Sehpası Yan Sehpa Metal Ayaklı Sehpa 80 x 40 Cm Çam,Bofigo,Yan Sehpa,https://www.trendyol.com/bofigo/akvaryum-sehpasi-yan-sehpa-metal-ayakli-sehpa-80-x-40-cm-cam-p-1074981809,BofigoGrup,87,1548.14,1586.5,2.4,,TRY,"[""Kargo Bedava"",""Son 10 Günün En Düşük Fiyatı"",""Peşin Fiyatına 3 Taksit"",""Son 10 günün en düşük fiyatı""]",InStock,100 adetten fazla stok sunulmuştur,,,4.5,297,179,,166,304 kişinin sepetinde,"10,2B kişi favoriledi",Son 24 saatte 608 kişi görüntüledi,4999,TRY,0,8,1,12,Tahmini Teslim:,,https://cdn.dsmcdn.com/ty1804/prod/QC_PREP/20251223/16/1a409229-871a-3fd9-a7eb-de2f6e58fccd/1_org_zoom.jpg,"{""Materyal"":""Metal"",""Şekil"":""Dikdörtgen"",""Renk"":""Kahverengi"",""Boyut/Ebat"":""80 x 40"",""Garanti Süresi"":""6 Ay"",""Parça Sayısı"":""1"",""Stil"":""Modern"",""Tema / Stil"":""Modern"",""Menşei"":""TR"",""Özellik"":""Raflı"",""Paket Derinlik"":""40 cm"",""Paket Genişlik"":""44 cm"",""Paket Yükseklik"":""13 cm""}",20,5,refreshed,"[""daily_top""]",true,2026-08-19T01:49:40+03:00,0,"[""search_result_dom"",""product_detail_jsonld"",""product_detail_dom""]","{""title"":""observed"",""brand"":""observed"",""seller_name"":""observed"",""seller_score"":""observed"",""price"":""observed"",""original_price"":""observed"",""campaigns"":""observed"",""stock_status"":""observed"",""stock_signal"":""observed"",""rating"":""observed"",""rating_count"":""observed"",""review_count"":""observed"",""question_count"":""observed"",""delivery_summary"":""observed"",""shipping_cost"":""observed"",""properties"":""observed""}",true,
2026-08-19,2026-08-19T01:49:40+03:00,mobilya,BEST_SELLER,mobilya-cok-satanlar,Trendyol Mobilya / Çok Satanlar,59,1,59,59,59,,19.6,15.4,1076320609,,ROYALGROSS Koyu Kahve Koltuk Tepsisi Yan Sehpa | Ahşap Kol Dayama Sehpası | Pratik ve Şık Tasarım,ROYALGROSS,Yan Sehpa,https://www.trendyol.com/royalgross/koyu-kahve-koltuk-tepsisi-yan-sehpa-ahsap-kol-dayama-sehpasi-pratik-ve-sik-tasarim-p-1076320609,Evinizin Ritmi,94,134.89,141.99,5,,TRY,"[""Trendyol Plus'a Özel"",""Kargo Bedava""]",InStock,100 adetten fazla stok sunulmuştur,,,4.6,77,66,,15,,835 kişi favoriledi,,4999,TRY,0,1,1,4,22 saat 8 dakika içinde sipariş verirsen en geç yarın kargoda!,,https://cdn.dsmcdn.com/ty1804/prod/QC_PREP/20251226/16/4028e6f9-e5fc-3f1c-b178-055dd037d85a/1_org_zoom.jpg,"{""Materyal"":""Ahşap"",""Şekil"":""Dikdörtgen"",""Renk"":""Çok Renkli"",""Boyut/Ebat"":""40 x 40"",""Parça Sayısı"":""1"",""Menşei"":""TR""}",20,5,refreshed,"[""daily_top""]",true,2026-08-19T01:49:40+03:00,0,"[""search_result_dom"",""product_detail_jsonld"",""product_detail_dom""]","{""title"":""observed"",""brand"":""observed"",""seller_name"":""observed"",""seller_score"":""observed"",""price"":""observed"",""original_price"":""observed"",""campaigns"":""observed"",""stock_status"":""observed"",""stock_signal"":""observed"",""rating"":""observed"",""rating_count"":""observed"",""review_count"":""observed"",""question_count"":""observed"",""delivery_summary"":""observed"",""shipping_cost"":""observed"",""properties"":""observed""}",true,
2026-08-19,2026-08-19T01:49:40+03:00,mobilya,BEST_SELLER,mobilya-cok-satanlar,Trendyol Mobilya / Çok Satanlar,60,1,60,60,60,,58.8,1.2,781779645,,GOLDFALEZ Yan Sehpa Ayarlanabilir Tepsi Dekoratif Modern Tepsi Atlantik Çam,GOLDFALEZ,,https://www.trendyol.com/goldfalez/yan-sehpa-ayarlanabilir-tepsi-dekoratif-modern-tepsi-atlantik-cam-p-781779645,Falez Mobilya Aksesuar,92,348.6,498,30,,TRY,"[""Sepette %30 İndirim"",""Kargo Bedava""]",InStock,100 adetten fazla stok sunulmuştur,,,4.8,3941,,,223,,"117,7B kişi favoriledi",,,,0,,,,22 saat 8 dakika içinde sipariş verirsen en geç yarın kargoda!,,,{},0,,refreshed,"[""daily_top""]",true,2026-08-19T01:49:40+03:00,0,"[""search_result_dom"",""product_detail_jsonld"",""product_detail_dom""]","{""title"":""observed"",""brand"":""observed"",""seller_name"":""observed"",""seller_score"":""observed"",""price"":""observed"",""original_price"":""observed"",""campaigns"":""observed"",""stock_status"":""observed"",""stock_signal"":""observed"",""rating"":""observed"",""rating_count"":""observed"",""review_count"":""unavailable"",""question_count"":""observed"",""delivery_summary"":""observed"",""shipping_cost"":""unavailable"",""properties"":""observed""}",true,
2026-08-19,2026-08-19T01:49:40+03:00,mobilya,BEST_SELLER,koltuk-oturma,koltuk kanepe berjer,1,1,61,61,,,19.8,13.2,813494711,797053,GOOD NİGHT Legom Aktivite Koltuğu & Yatak & Çok amaçlı,GOOD NİGHT,,https://www.trendyol.com/good-night/legom-aktivite-koltugu-yatak-cok-amacli-p-813494711?merchantId=797053,GOOD NIGHT HOME,93,14190.35,14629.23,3,,TRY,"[""Trendyol Plus'a Özel"",""Sepette %23 İndirim"",""1.000 TL Kupon"",""Kargo Bedava"",""Peşin Fiyatına 9 Taksit""]",InStock,5 adetten fazla stok sunulmuştur,,,4.6,124,,,220,,"17,6B kişi favoriledi",,,,0,,,,Tahmini Teslim:,,,{},0,,refreshed,"[""daily_top""]",true,2026-08-19T01:49:40+03:00,0,"[""search_result_dom"",""product_detail_jsonld"",""product_detail_dom""]","{""title"":""observed"",""brand"":""observed"",""seller_name"":""observed"",""seller_score"":""observed"",""price"":""observed"",""original_price"":""observed"",""campaigns"":""observed"",""stock_status"":""observed"",""stock_signal"":""observed"",""rating"":""observed"",""rating_count"":""observed"",""review_count"":""unavailable"",""question_count"":""observed"",""delivery_summary"":""observed"",""shipping_cost"":""unavailable"",""properties"":""observed""}",true,
2026-08-19,2026-08-19T01:49:40+03:00,mobilya,BEST_SELLER,koltuk-oturma,koltuk kanepe berjer,2,1,62,62,,,22,11,925687009,797053,GOOD NİGHT Eco Legom Tamamen Sünger Yıkanabilir Kılıflı,GOOD NİGHT,,https://www.trendyol.com/good-night/eco-legom-tamamen-sunger-yikanabilir-kilifli-p-925687009?merchantId=797053,GOOD NIGHT HOME,93,10727.43,11059.21,3,,TRY,"[""Trendyol Plus'a Özel"",""Sepette %21 İndirim"",""500 TL Kupon"",""Kargo Bedava"",""Peşin Fiyatına 9 Taksit""]",InStock,5 adetten fazla stok sunulmuştur,,,4.4,235,,,287,311 kişinin sepetinde,"43,6B kişi favoriledi","Son 24 saatte 1,1B kişi görüntüledi",,,0,,,,Tahmini Teslim:,,,{},0,,refreshed,"[""daily_top""]",true,2026-08-19T01:49:40+03:00,0,"[""search_result_dom"",""product_detail_jsonld"",""product_detail_dom""]","{""title"":""observed"",""brand"":""observed"",""seller_name"":""observed"",""seller_score"":""observed"",""price"":""observed"",""original_price"":""observed"",""campaigns"":""observed"",""stock_status"":""observed"",""stock_signal"":""observed"",""rating"":""observed"",""rating_count"":""observed"",""review_count"":""unavailable"",""question_count"":""observed"",""delivery_summary"":""observed"",""shipping_cost"":""unavailable"",""properties"":""observed""}",true,
2026-08-19,2026-08-19T01:49:40+03:00,mobilya,BEST_SELLER,koltuk-oturma,koltuk kanepe berjer,3,1,63,63,,,8.6,24.4,1123958081,797053,GOOD NİGHT Partner Sofa & Yatak & Berjer,GOOD NİGHT,,https://www.trendyol.com/good-night/partner-sofa-yatak-berjer-p-1123958081?merchantId=797053,GOOD NIGHT HOME,93,18390.43,18959.21,3,,TRY,"[""Trendyol Plus'a Özel"",""Sepette %21 İndirim"",""1.000 TL Kupon"",""Kargo Bedava"",""Peşin Fiyatına 9 Taksit""]",InStock,5 adetten fazla stok sunulmuştur,,,4.5,4,,,29,,"8,4B kişi favoriledi",Son 24 saatte 682 kişi görüntüledi,,,0,,,,Tahmini Teslim:,,,{},0,,refreshed,"[""daily_top""]",true,2026-08-19T01:49:40+03:00,0,"[""search_result_dom"",""product_detail_jsonld"",""product_detail_dom""]","{""title"":""observed"",""brand"":""observed"",""seller_name"":""observed"",""seller_score"":""observed"",""price"":""observed"",""original_price"":""observed"",""campaigns"":""observed"",""stock_status"":""observed"",""stock_signal"":""observed"",""rating"":""observed"",""rating_count"":""observed"",""review_count"":""unavailable"",""question_count"":""observed"",""delivery_summary"":""observed"",""shipping_cost"":""unavailable"",""properties"":""observed""}",true,
2026-08-19,2026-08-19T01:49:40+03:00,mobilya,BEST_SELLER,koltuk-oturma,koltuk kanepe berjer,4,1,64,64,,,11.9,21.1,1123958206,797053,GOOD NİGHT Partner Sofa & Yatak & Berjer,GOOD NİGHT,,https://www.trendyol.com/good-night/partner-sofa-yatak-berjer-p-1123958206?merchantId=797053,GOOD NIGHT HOME,93,10727.43,11059.21,3,,TRY,"[""Trendyol Plus'a Özel"",""Sepette %21 İndirim"",""500 TL Kupon"",""Kargo Bedava"",""Peşin Fiyatına 9 Taksit""]",InStock,10 adetten fazla stok sunulmuştur,,,4.3,12,,,27,,"8,4B kişi favoriledi",Son 24 saatte 505 kişi görüntüledi,,,0,,,,Tahmini Teslim:,,,{},0,,refreshed,"[""daily_top""]",true,2026-08-19T01:49:40+03:00,0,"[""search_result_dom"",""product_detail_jsonld"",""product_detail_dom""]","{""title"":""observed"",""brand"":""observed"",""seller_name"":""observed"",""seller_score"":""observed"",""price"":""observed"",""original_price"":""observed"",""campaigns"":""observed"",""stock_status"":""observed"",""stock_signal"":""observed"",""rating"":""observed"",""rating_count"":""observed"",""review_count"":""unavailable"",""question_count"":""observed"",""delivery_summary"":""observed"",""shipping_cost"":""unavailable"",""properties"":""observed""}",true,
2026-08-19,2026-08-19T01:49:40+03:00,mobilya,BEST_SELLER,koltuk-oturma,koltuk kanepe berjer,5,1,65,65,,,15.5,17.5,925688222,797053,GOOD NİGHT Eco Legom Tamamen Sünger Yıkanabilir Kılıflı,GOOD NİGHT,,https://www.trendyol.com/good-night/eco-legom-tamamen-sunger-yikanabilir-kilifli-p-925688222?merchantId=797053,GOOD NIGHT HOME,93,10727.43,11059.21,3,,TRY,"[""Trendyol Plus'a Özel"",""Sepette %21 İndirim"",""500 TL Kupon"",""Kargo Bedava"",""Peşin Fiyatına 9 Taksit""]",InStock,5 adetten fazla stok sunulmuştur,,,4.7,35,,,55,,2B kişi favoriledi,,,,0,,,,Tahmini Teslim:,,,{},0,,refreshed,"[""daily_top""]",true,2026-08-19T01:49:40+03:00,0,"[""search_result_dom"",""product_detail_jsonld"",""product_detail_dom""]","{""title"":""observed"",""brand"":""observed"",""seller_name"":""observed"",""seller_score"":""observed"",""price"":""observed"",""original_price"":""observed"",""campaigns"":""observed"",""stock_status"":""observed"",""stock_signal"":""observed"",""rating"":""observed"",""rating_count"":""observed"",""review_count"":""unavailable"",""question_count"":""observed"",""delivery_summary"":""observed"",""shipping_cost"":""unavailable"",""properties"":""observed""}",true,
2026-08-19,2026-08-19T01:49:40+03:00,mobilya,BEST_SELLER,koltuk-oturma,koltuk kanepe berjer,6,1,66,66,,,14.2,18.8,959956005,797053,GOOD NİGHT Kanyon Çok Amaçlı Köşe Koltuk,GOOD NİGHT,Köşe Takımı,https://www.trendyol.com/good-night/kanyon-cok-amacli-kose-koltuk-p-959956005?merchantId=797053,GOOD NIGHT HOME,93,27586.03,28439.21,3,,TRY,"[""Trendyol Plus'a Özel"",""Sepette %21 İndirim"",""1.000 TL Kupon"",""Kargo Bedava"",""Peşin Fiyatına 9 Taksit""]",InStock,10 adetten fazla stok sunulmuştur,,,4.6,45,24,,79,,"9,1B kişi favoriledi",Son 24 saatte 376 kişi görüntüledi,4999,TRY,0,2,1,6,Tahmini Teslim:,,https://cdn.dsmcdn.com/ty1714/prod/QC_PREP/20250723/18/fb1388f1-b18e-32d0-b9b0-d5531007e000/1_org_zoom.jpg,"{""Materyal"":""Tekstil"",""Renk"":""Çok Renkli"",""Boyut/Ebat"":""300 x 200"",""Gövde Materyali"":""Kontroplak"",""Kumaş"":""Kadife"",""Fonksiyon"":""Yataklı"",""Ayak Malzemesi"":""Ayaksız"",""Koltuk Tipi"":""Tam Köşe Koltuk"",""Tasarım"":""Modern"",""Genişlik"":""300 cm"",""Derinlik"":""100 cm"",""Oturum Yumuşaklığı"":""Orta Sert"",""Garanti Süresi"":""2 Yıl"",""Köşe Yönü"":""Sağ-Sol Değiştirilebilir"",""Ayak Malzemesi Rengi"":""Gümüş"",""Stil"":""Modern"",""Tema / Stil"":""Modern"",""Kumaş Tipi"":""Dokuma"",""Menşei"":""TR""}",20,4.9,refreshed,"[""daily_top""]",true,2026-08-19T01:49:40+03:00,0,"[""search_result_dom"",""product_detail_jsonld"",""product_detail_dom""]","{""title"":""observed"",""brand"":""observed"",""seller_name"":""observed"",""seller_score"":""observed"",""price"":""observed"",""original_price"":""observed"",""campaigns"":""observed"",""stock_status"":""observed"",""stock_signal"":""observed"",""rating"":""observed"",""rating_count"":""observed"",""review_count"":""observed"",""question_count"":""observed"",""delivery_summary"":""observed"",""shipping_cost"":""observed"",""properties"":""observed""}",true,
2026-08-19,2026-08-19T01:49:40+03:00,mobilya,BEST_SELLER,koltuk-oturma,koltuk kanepe berjer,7,1,67,67,,,13.4,19.6,839484106,797053,GOOD NİGHT Legom Köşe Koltuk & Aktivite Yatağı & Uzanma Koltuğu,GOOD NİGHT,Köşe Takımı,https://www.trendyol.com/good-night/legom-kose-koltuk-aktivite-yatagi-uzanma-koltugu-p-839484106?merchantId=797053,GOOD NIGHT HOME,93,19923.03,20539.21,3,,TRY,"[""Trendyol Plus'a Özel"",""Sepette %21 İndirim"",""1.000 TL Kupon"",""Kargo Bedava"",""Peşin Fiyatına 9 Taksit""]",InStock,10 adetten fazla stok sunulmuştur,,,4.7,33,19,,85,,"5,1B kişi favoriledi",,4999,TRY,0,2,1,6,Tahmini Teslim:,,https://cdn.dsmcdn.com/ty1395/product/media/images/prod/QC/20240702/18/cfa64b03-fd0e-3b18-938d-6b962760d67f/1_org_zoom.jpg,"{""Materyal"":""Tekstil"",""Renk"":""Beyaz"",""Boyut/Ebat"":""200 x 200"",""Gövde Materyali"":""Metal"",""Kumaş"":""Tay Tüyü"",""Fonksiyon"":""Yataklı"",""Ayak Malzemesi"":""Ayaksız"",""Koltuk Tipi"":""Uzanmalı Koltuk"",""Tasarım"":""Modern"",""Genişlik"":""200 cm"",""Derinlik"":""100 cm"",""Oturum Yumuşaklığı"":""Yumuşak"",""Garanti Süresi"":""2 Yıl"",""Köşe Yönü"":""Sağ-Sol Değiştirilebilir"",""Ayak Malzemesi Rengi"":""Siyah"",""Stil"":""Modern"",""Tema / Stil"":""Modern"",""Kumaş Tipi"":""Dokuma"",""Menşei"":""TR"",""Özellik"":""Uzun""}",19,4.68,refreshed,"[""daily_top""]",true,2026-08-19T01:49:40+03:00,0,"[""search_result_dom"",""product_detail_jsonld"",""product_detail_dom""]","{""title"":""observed"",""brand"":""observed"",""seller_name"":""observed"",""seller_score"":""observed"",""price"":""observed"",""original_price"":""observed"",""campaigns"":""observed"",""stock_status"":""observed"",""stock_signal"":""observed"",""rating"":""observed"",""rating_count"":""observed"",""review_count"":""observed"",""question_count"":""observed"",""delivery_summary"":""observed"",""shipping_cost"":""observed"",""properties"":""observed""}",true,
2026-08-19,2026-08-19T01:49:40+03:00,mobilya,BEST_SELLER,koltuk-oturma,koltuk kanepe berjer,8,1,68,68,,,14.5,18.5,946590078,797053,GOOD NİGHT Kanyon Çok Amaçlı Köşe Koltuk,GOOD NİGHT,Köşe Takımı,https://www.trendyol.com/good-night/kanyon-cok-amacli-kose-koltuk-p-946590078?merchantId=797053,GOOD NIGHT HOME,93,27586.03,28439.21,3,,TRY,"[""Trendyol Plus'a Özel"",""Sepette %21 İndirim"",""1.000 TL Kupon"",""Kargo Bedava"",""Peşin Fiyatına 9 Taksit""]",InStock,5 adetten fazla stok sunulmuştur,,,4.3,43,26,,77,,"5,6B kişi favoriledi",,4999,TRY,0,1,1,4,22 saat 8 dakika içinde sipariş verirsen en geç yarın kargoda!,,https://cdn.dsmcdn.com/ty1697/prod/QC_PREP/20250620/11/5fba017b-29c2-3eda-99c6-6c19a03d3f8a/1_org_zoom.jpg,"{""Materyal"":""Tekstil"",""Renk"":""Siyah"",""Boyut/Ebat"":""300 x 200"",""Gövde Materyali"":""Kontroplak"",""Kumaş"":""Kadife"",""Fonksiyon"":""Yataklı"",""Ayak Malzemesi"":""Ayaksız"",""Koltuk Tipi"":""Tam Köşe Koltuk"",""Tasarım"":""Modern"",""Genişlik"":""300 cm"",""Derinlik"":""100 cm"",""Oturum Yumuşaklığı"":""Orta Sert"",""Garanti Süresi"":""2 Yıl"",""Köşe Yönü"":""Sağ-Sol Değiştirilebilir"",""Ayak Malzemesi Rengi"":""Gümüş"",""Stil"":""Modern"",""Tema / Stil"":""Modern"",""Kumaş Tipi"":""Dokuma"",""Menşei"":""TR""}",20,4.95,refreshed,"[""daily_top""]",true,2026-08-19T01:49:40+03:00,0,"[""search_result_dom"",""product_detail_jsonld"",""product_detail_dom""]","{""title"":""observed"",""brand"":""observed"",""seller_name"":""observed"",""seller_score"":""observed"",""price"":""observed"",""original_price"":""observed"",""campaigns"":""observed"",""stock_status"":""observed"",""stock_signal"":""observed"",""rating"":""observed"",""rating_count"":""observed"",""review_count"":""observed"",""question_count"":""observed"",""delivery_summary"":""observed"",""shipping_cost"":""observed"",""properties"":""observed""}",true,
2026-08-19,2026-08-19T01:49:40+03:00,mobilya,BEST_SELLER,koltuk-oturma,koltuk kanepe berjer,9,1,69,69,,,7.8,25.2,1147074678,797053,GOOD NİGHT Kanyon Çok Amaçlı Köşe Koltuk,GOOD NİGHT,Köşe Takımı,https://www.trendyol.com/good-night/kanyon-cok-amacli-kose-koltuk-p-1147074678?merchantId=797053,GOOD NIGHT HOME,93,27586.03,28439.21,3,,TRY,"[""Trendyol Plus'a Özel"",""Sepette %21 İndirim"",""1.000 TL Kupon"",""Kargo Bedava"",""Peşin Fiyatına 9 Taksit""]",InStock,5 adetten fazla stok sunulmuştur,,,5,3,3,,21,,"1,9B kişi favoriledi",,4999,TRY,0,1,1,4,22 saat 8 dakika içinde sipariş verirsen en geç yarın kargoda!,,https://cdn.dsmcdn.com/ty1934/prod/QC_PREP/20260518/13/561c74c8-5353-338d-ad2a-0162bef64dc2/1_org_zoom.jpg,"{""Materyal"":""Tekstil"",""Renk"":""Yeşil"",""Boyut/Ebat"":""300 x 200"",""Gövde Materyali"":""Kontroplak"",""Kumaş"":""Kadife"",""Fonksiyon"":""Yataklı"",""Ayak Malzemesi"":""Ayaksız"",""Koltuk Tipi"":""Tam Köşe Koltuk"",""Tasarım"":""Modern"",""Genişlik"":""300 cm"",""Derinlik"":""100 cm"",""Oturum Yumuşaklığı"":""Orta Sert"",""Garanti Süresi"":""2 Yıl"",""Köşe Yönü"":""Sağ-Sol Değiştirilebilir"",""Ayak Malzemesi Rengi"":""Gümüş"",""Stil"":""Modern"",""Tema / Stil"":""Modern"",""Kumaş Tipi"":""Dokuma"",""Menşei"":""TR""}",3,5,refreshed,"[""daily_top""]",true,2026-08-19T01:49:40+03:00,0,"[""search_result_dom"",""product_detail_jsonld"",""product_detail_dom""]","{""title"":""observed"",""brand"":""observed"",""seller_name"":""observed"",""seller_score"":""observed"",""price"":""observed"",""original_price"":""observed"",""campaigns"":""observed"",""stock_status"":""observed"",""stock_signal"":""observed"",""rating"":""observed"",""rating_count"":""observed"",""review_count"":""observed"",""question_count"":""observed"",""delivery_summary"":""observed"",""shipping_cost"":""observed"",""properties"":""observed""}",true,
2026-08-19,2026-08-19T01:49:40+03:00,mobilya,BEST_SELLER,koltuk-oturma,koltuk kanepe berjer,10,1,70,70,,,18.6,14.4,863332062,797053,GOOD NİGHT Kanyon Çok Amaçlı Köşe Koltuk,GOOD NİGHT,Köşe Takımı,https://www.trendyol.com/good-night/kanyon-cok-amacli-kose-koltuk-p-863332062?merchantId=797053,GOOD NIGHT HOME,93,27586.03,28439.21,3,,TRY,"[""Trendyol Plus'a Özel"",""Sepette %21 İndirim"",""1.000 TL Kupon"",""Kargo Bedava"",""Peşin Fiyatına 9 Taksit""]",InStock,5 adetten fazla stok sunulmuştur,,,4.7,127,87,,310,,"50,1B kişi favoriledi",Son 24 saatte 830 kişi görüntüledi,4999,TRY,0,1,1,4,22 saat 8 dakika içinde sipariş verirsen en geç yarın kargoda!,,https://cdn.dsmcdn.com/ty1575/prod/QC/20241003/10/d208ae82-a8a1-33ab-ac04-2a5792d42d2f/1_org_zoom.jpg,"{""Materyal"":""Tekstil"",""Renk"":""Bej"",""Boyut/Ebat"":""300 x 200"",""Gövde Materyali"":""Kontroplak"",""Kumaş"":""Kadife"",""Fonksiyon"":""Yataklı"",""Ayak Malzemesi"":""Ayaksız"",""Koltuk Tipi"":""Tam Köşe Koltuk"",""Tasarım"":""Modern"",""Genişlik"":""300 cm"",""Derinlik"":""100 cm"",""Oturum Yumuşaklığı"":""Orta Sert"",""Garanti Süresi"":""2 Yıl"",""Köşe Yönü"":""Sağ-Sol Değiştirilebilir"",""Ayak Malzemesi Rengi"":""Gümüş"",""Stil"":""Modern"",""Tema / Stil"":""Modern"",""Kumaş Tipi"":""Dokuma"",""Menşei"":""TR""}",20,5,refreshed,"[""daily_top""]",true,2026-08-19T01:49:40+03:00,0,"[""search_result_dom"",""product_detail_jsonld"",""product_detail_dom""]","{""title"":""observed"",""brand"":""observed"",""seller_name"":""observed"",""seller_score"":""observed"",""price"":""observed"",""original_price"":""observed"",""campaigns"":""observed"",""stock_status"":""observed"",""stock_signal"":""observed"",""rating"":""observed"",""rating_count"":""observed"",""review_count"":""observed"",""question_count"":""observed"",""delivery_summary"":""observed"",""shipping_cost"":""observed"",""properties"":""observed""}",true,
2026-08-19,2026-08-19T01:49:40+03:00,mobilya,BEST_SELLER,koltuk-oturma,koltuk kanepe berjer,11,1,71,71,,,11.6,18.4,826713122,797053,GOOD NİGHT New Legom Puf Koltuk &berjer & Uzanma Koltuğu Yıkanabilir,GOOD NİGHT,,https://www.trendyol.com/good-night/new-legom-puf-koltuk-berjer-uzanma-koltugu-yikanabilir-p-826713122?boutiqueId=61&merchantId=797053,GOOD NIGHT HOME,93,7499,,,,TRY,"[""Sepette %21 İndirim"",""200 TL Kupon"",""Kargo Bedava"",""Süper Fırsat Ürünü"",""Peşin Fiyatına 3 Taksit"",""Trendyol Plus'a Özel""]",InStock,5 adetten fazla stok sunulmuştur,,,4.9,27,,,29,,"6,8B kişi favoriledi",,,,0,,,,Tahmini Teslim:,,,{},0,,refreshed,"[""daily_top""]",true,2026-08-19T01:49:40+03:00,0,"[""search_result_dom"",""product_detail_jsonld"",""product_detail_dom""]","{""title"":""observed"",""brand"":""observed"",""seller_name"":""observed"",""seller_score"":""observed"",""price"":""observed"",""original_price"":""unavailable"",""campaigns"":""observed"",""stock_status"":""observed"",""stock_signal"":""observed"",""rating"":""observed"",""rating_count"":""observed"",""review_count"":""unavailable"",""question_count"":""observed"",""delivery_summary"":""observed"",""shipping_cost"":""unavailable"",""properties"":""observed""}",true,
2026-08-19,2026-08-19T01:49:40+03:00,mobilya,BEST_SELLER,koltuk-oturma,koltuk kanepe berjer,12,1,72,72,7,,9.9,21.4,1056518766,642787,NWİN HOME Linea Mini L Köşe Kadife Fitilli Kanepe Çok Amaçlı Yer Minderi Modül Konfor Berjer 100x100,NWİN HOME,,https://www.trendyol.com/nwin-home/linea-mini-l-kose-kadife-fitilli-kanepe-cok-amacli-yer-minderi-modul-konfor-berjer-100x100-p-1056518766?boutiqueId=61&merchantId=642787,WELLNAP,86,5910,5990,1.3,,TRY,"[""Kargo Bedava"",""Peşin Fiyatına 3 Taksit""]",InStock,100 adetten fazla stok sunulmuştur,,,4.7,11,,,20,,"7,6B kişi favoriledi",,,,0,,,,9 saat 8 dakika içinde sipariş verirsen en geç bugün kargoda!,,,{},0,,refreshed,"[""daily_top""]",true,2026-08-19T01:49:40+03:00,0,"[""search_result_dom"",""product_detail_jsonld"",""product_detail_dom""]","{""title"":""observed"",""brand"":""observed"",""seller_name"":""observed"",""seller_score"":""observed"",""price"":""observed"",""original_price"":""observed"",""campaigns"":""observed"",""stock_status"":""observed"",""stock_signal"":""observed"",""rating"":""observed"",""rating_count"":""observed"",""review_count"":""unavailable"",""question_count"":""observed"",""delivery_summary"":""observed"",""shipping_cost"":""unavailable"",""properties"":""observed""}",true,
2026-08-19,2026-08-19T01:49:40+03:00,mobilya,BEST_SELLER,koltuk-oturma,koltuk kanepe berjer,13,1,73,73,,,3.8,26.2,1123959056,797053,GOOD NİGHT Partner Sofa & Yatak & Berjer,GOOD NİGHT,,https://www.trendyol.com/good-night/partner-sofa-yatak-berjer-p-1123959056?boutiqueId=61&merchantId=797053,GOOD NIGHT HOME,93,13999,,,,TRY,"[""Sepette %21 İndirim"",""500 TL Kupon"",""Kargo Bedava"",""Süper Fırsat Ürünü"",""Peşin Fiyatına 9 Taksit"",""Trendyol Plus'a Özel""]",InStock,5 adetten fazla stok sunulmuştur,,,3,2,,,5,,"1,1B kişi favoriledi",,,,0,,,,Tahmini Teslim:,,,{},0,,refreshed,"[""daily_top""]",true,2026-08-19T01:49:40+03:00,0,"[""search_result_dom"",""product_detail_jsonld"",""product_detail_dom""]","{""title"":""observed"",""brand"":""observed"",""seller_name"":""observed"",""seller_score"":""observed"",""price"":""observed"",""original_price"":""unavailable"",""campaigns"":""observed"",""stock_status"":""observed"",""stock_signal"":""observed"",""rating"":""observed"",""rating_count"":""observed"",""review_count"":""unavailable"",""question_count"":""observed"",""delivery_summary"":""observed"",""shipping_cost"":""unavailable"",""properties"":""observed""}",true,
2026-08-19,2026-08-19T01:49:40+03:00,mobilya,BEST_SELLER,koltuk-oturma,koltuk kanepe berjer,14,1,74,74,7,,6.9,24.4,1056518119,642787,NWİN HOME Linea Mini L Köşe Kadife Fitilli Kanepe Çok Amaçlı Yer Minderi Modül Konfor Berjer 100x100,NWİN HOME,,https://www.trendyol.com/nwin-home/linea-mini-l-kose-kadife-fitilli-kanepe-cok-amacli-yer-minderi-modul-konfor-berjer-100x100-p-1056518119?boutiqueId=61&merchantId=642787,WELLNAP,86,5919,5999,1.3,,TRY,"[""Kargo Bedava"",""Peşin Fiyatına 3 Taksit""]",InStock,100 adetten fazla stok sunulmuştur,,,5,4,,,7,,704 kişi favoriledi,,,,0,,,,22 saat 8 dakika içinde sipariş verirsen en geç yarın kargoda!,,,{},0,,refreshed,"[""daily_top""]",true,2026-08-19T01:49:40+03:00,0,"[""search_result_dom"",""product_detail_jsonld"",""product_detail_dom""]","{""title"":""observed"",""brand"":""observed"",""seller_name"":""observed"",""seller_score"":""observed"",""price"":""observed"",""original_price"":""observed"",""campaigns"":""observed"",""stock_status"":""observed"",""stock_signal"":""observed"",""rating"":""observed"",""rating_count"":""observed"",""review_count"":""unavailable"",""question_count"":""observed"",""delivery_summary"":""observed"",""shipping_cost"":""unavailable"",""properties"":""observed""}",true,
2026-08-19,2026-08-19T01:49:40+03:00,mobilya,BEST_SELLER,koltuk-oturma,koltuk kanepe berjer,15,1,75,75,7,,9.8,20.2,811898123,1134952,GOOD NİGHT Twist Yeni Nesil Kanepe & Puf & Berjer Takım,GOOD NİGHT,,https://www.trendyol.com/good-night/twist-yeni-nesil-kanepe-puf-berjer-takim-p-811898123?boutiqueId=61&merchantId=1134952,Katt,89,4899,,,,TRY,"[""Kargo Bedava"",""Peşin Fiyatına 3 Taksit"",""Trendyol Plus'a Özel""]",InStock,10 adetten fazla stok sunulmuştur,,,4.4,16,,,10,,"1,6B kişi favoriledi",,,,0,,,,Tahmini Teslim:,,,{},0,,refreshed,"[""daily_top""]",true,2026-08-19T01:49:40+03:00,0,"[""search_result_dom"",""product_detail_jsonld"",""product_detail_dom""]","{""title"":""observed"",""brand"":""observed"",""seller_name"":""observed"",""seller_score"":""observed"",""price"":""observed"",""original_price"":""unavailable"",""campaigns"":""observed"",""stock_status"":""observed"",""stock_signal"":""observed"",""rating"":""observed"",""rating_count"":""observed"",""review_count"":""unavailable"",""question_count"":""observed"",""delivery_summary"":""observed"",""shipping_cost"":""unavailable"",""properties"":""observed""}",true,
2026-08-19,2026-08-19T01:49:40+03:00,mobilya,BEST_SELLER,koltuk-oturma,koltuk kanepe berjer,16,1,76,76,7,,14.4,15.6,745130135,1134952,GOOD NİGHT Twist Yeni Nesil Kanepe & Puf & Berjer Takım,GOOD NİGHT,,https://www.trendyol.com/good-night/twist-yeni-nesil-kanepe-puf-berjer-takim-p-745130135?boutiqueId=61&merchantId=1134952,Katt,89,4899,,,,TRY,"[""Kargo Bedava"",""Peşin Fiyatına 3 Taksit"",""Trendyol Plus'a Özel""]",InStock,10 adetten fazla stok sunulmuştur,,,4.3,62,,,63,,"36,5B kişi favoriledi",,,,0,,,,Tahmini Teslim:,En Çok Favorilenen 8. Ürün,,{},0,,refreshed,"[""daily_top""]",true,2026-08-19T01:49:40+03:00,0,"[""search_result_dom"",""product_detail_jsonld"",""product_detail_dom""]","{""title"":""observed"",""brand"":""observed"",""seller_name"":""observed"",""seller_score"":""observed"",""price"":""observed"",""original_price"":""unavailable"",""campaigns"":""observed"",""stock_status"":""observed"",""stock_signal"":""observed"",""rating"":""observed"",""rating_count"":""observed"",""review_count"":""unavailable"",""question_count"":""observed"",""delivery_summary"":""observed"",""shipping_cost"":""unavailable"",""properties"":""observed""}",true,
2026-08-19,2026-08-19T01:49:40+03:00,mobilya,BEST_SELLER,koltuk-oturma,koltuk kanepe berjer,17,1,77,77,7,,7.6,22.4,1131362833,1065542,"KOKİ DESİGN LİDA 2 Kişilik Uzun Koltuk Berjer Wellsoft Bej (Salon , Balkon ,Ofis)",KOKİ DESİGN,,https://www.trendyol.com/koki-design/lida-2-kisilik-uzun-koltuk-berjer-wellsoft-bej-salon-balkon-ofis-p-1131362833?boutiqueId=61&merchantId=1065542,KOKİ DESIGN,95,7999,,,,TRY,"[""Kargo Bedava"",""Peşin Fiyatına 6 Taksit""]",InStock,100 adetten fazla stok sunulmuştur,,,4.5,8,,,16,,"1,6B kişi favoriledi",,,,0,,,,Tahmini Teslim:,,,{},0,,refreshed,"[""daily_top""]",true,2026-08-19T01:49:40+03:00,0,"[""search_result_dom"",""product_detail_jsonld"",""product_detail_dom""]","{""title"":""observed"",""brand"":""observed"",""seller_name"":""observed"",""seller_score"":""observed"",""price"":""observed"",""original_price"":""unavailable"",""campaigns"":""observed"",""stock_status"":""observed"",""stock_signal"":""observed"",""rating"":""observed"",""rating_count"":""observed"",""review_count"":""unavailable"",""question_count"":""observed"",""delivery_summary"":""observed"",""shipping_cost"":""unavailable"",""properties"":""observed""}",true,
2026-08-19,2026-08-19T01:49:40+03:00,mobilya,BEST_SELLER,koltuk-oturma,koltuk kanepe berjer,18,1,78,78,,,2.4,27.6,1123958075,797053,GOOD NİGHT Partner Sofa & Yatak & Berjer,GOOD NİGHT,,https://www.trendyol.com/good-night/partner-sofa-yatak-berjer-p-1123958075?boutiqueId=61&merchantId=797053,GOOD NIGHT HOME,93,23999,,,,TRY,"[""Sepette %21 İndirim"",""1000 TL Kupon"",""Kargo Bedava"",""Süper Fırsat Ürünü"",""1.000 TL Kupon"",""Peşin Fiyatına 9 Taksit"",""Trendyol Plus'a Özel""]",InStock,5 adetten fazla stok sunulmuştur,,,5,1,,,23,,"4,9B kişi favoriledi",Son 24 saatte 416 kişi görüntüledi,,,0,,,,Tahmini Teslim:,,,{},0,,refreshed,"[""daily_top""]",true,2026-08-19T01:49:40+03:00,0,"[""search_result_dom"",""product_detail_jsonld"",""product_detail_dom""]","{""title"":""observed"",""brand"":""observed"",""seller_name"":""observed"",""seller_score"":""observed"",""price"":""observed"",""original_price"":""unavailable"",""campaigns"":""observed"",""stock_status"":""observed"",""stock_signal"":""observed"",""rating"":""observed"",""rating_count"":""observed"",""review_count"":""unavailable"",""question_count"":""observed"",""delivery_summary"":""observed"",""shipping_cost"":""unavailable"",""properties"":""observed""}",true,
2026-08-19,2026-08-19T01:49:40+03:00,mobilya,BEST_SELLER,koltuk-oturma,koltuk kanepe berjer,19,1,79,79,,,2.4,27.6,1147481825,121057,"Zem Ramos Bohem Koltuk Takımı, Açık Krem (1 ADET KANEPE 1 ADET BERJER)",Zem,Koltuk Takımı,https://www.trendyol.com/zem/ramos-bohem-koltuk-takimi-acik-krem-1-adet-kanepe-1-adet-berjer-p-1147481825?boutiqueId=61&merchantId=121057,Zem Home,9,14699.9,,,,TRY,"[""Kargo Bedava"",""Peşin Fiyatına 9 Taksit""]",InStock,100 adetten fazla stok sunulmuştur,,,3,1,1,,3,,,,4999,TRY,0,14,1,17,Tahmini Teslim:,,https://cdn.dsmcdn.com/ty1906/prod/QC_PREP/20260519/16/c81caf58-5e08-375e-a8ab-6a79128e7506/1_org_zoom.jpg,"{""Materyal"":""Ahşap"",""Renk"":""Ekru"",""Takım İçeriği"":""3+1"",""Gövde Materyali"":""Ahşap"",""Kumaş"":""Keten"",""Ayak Malzemesi"":""Plastik"",""Fonksiyon"":""Sabit"",""Tasarım"":""Modern"",""Koltuk Tipi"":""Koltuk Takımı"",""Stil"":""Modern"",""Tema / Stil"":""Modern"",""Menşei"":""TR""}",1,3,refreshed,"[""daily_top""]",true,2026-08-19T01:49:40+03:00,0,"[""search_result_dom"",""product_detail_jsonld"",""product_detail_dom""]","{""title"":""observed"",""brand"":""observed"",""seller_name"":""observed"",""seller_score"":""observed"",""price"":""observed"",""original_price"":""unavailable"",""campaigns"":""observed"",""stock_status"":""observed"",""stock_signal"":""observed"",""rating"":""observed"",""rating_count"":""observed"",""review_count"":""observed"",""question_count"":""observed"",""delivery_summary"":""observed"",""shipping_cost"":""observed"",""properties"":""observed""}",true,
2026-08-19,2026-08-19T01:49:40+03:00,mobilya,BEST_SELLER,koltuk-oturma,koltuk kanepe berjer,20,1,80,80,7,,10.9,19.1,812573985,1134952,GOOD NİGHT Twist Yeni Nesil Kanepe & Puf & Berjer Takım,GOOD NİGHT,,https://www.trendyol.com/good-night/twist-yeni-nesil-kanepe-puf-berjer-takim-p-812573985?boutiqueId=61&merchantId=1134952,Katt,89,4899,,,,TRY,"[""Kargo Bedava"",""Peşin Fiyatına 3 Taksit"",""Trendyol Plus'a Özel""]",InStock,Son 1 Ürün,,,4.2,22,,,20,,"16,2B kişi favoriledi",,,,0,,,,Tahmini Teslim:,Fenomen Seçimi,,{},0,,refreshed,"[""daily_top""]",true,2026-08-19T01:49:40+03:00,0,"[""search_result_dom"",""product_detail_jsonld"",""product_detail_dom""]","{""title"":""observed"",""brand"":""observed"",""seller_name"":""observed"",""seller_score"":""observed"",""price"":""observed"",""original_price"":""unavailable"",""campaigns"":""observed"",""stock_status"":""observed"",""stock_signal"":""observed"",""rating"":""observed"",""rating_count"":""observed"",""review_count"":""unavailable"",""question_count"":""observed"",""delivery_summary"":""observed"",""shipping_cost"":""unavailable"",""properties"":""observed""}",true,
2026-08-19,2026-08-19T01:49:40+03:00,mobilya,BEST_SELLER,koltuk-oturma,koltuk kanepe berjer,21,1,81,81,4,,15.6,14.4,32444359,107598,"Gaga Mobilya Bahçe Mobilyası, Cafe, Balkon, Kanepe, Berjer (68cm ) Antrasit",Gaga Mobilya,,https://www.trendyol.com/gaga-mobilya/bahce-mobilyasi-cafe-balkon-kanepe-berjer-68cm-antrasit-p-32444359?boutiqueId=61&merchantId=107598,Gaga Mobilya,,2899,,,,TRY,"[""Kargo Bedava"",""Peşin Fiyatına 3 Taksit"",""Trendyol Plus'a Özel""]",InStock,100 adetten fazla stok sunulmuştur,,,4.8,88,,,46,,"3,6B kişi favoriledi",,,,0,,,,Tahmini Teslim:,Fenomen Seçimi,,{},0,,refreshed,"[""daily_top""]",true,2026-08-19T01:49:40+03:00,0,"[""search_result_dom"",""product_detail_jsonld"",""product_detail_dom""]","{""title"":""observed"",""brand"":""observed"",""seller_name"":""observed"",""seller_score"":""unavailable"",""price"":""observed"",""original_price"":""unavailable"",""campaigns"":""observed"",""stock_status"":""observed"",""stock_signal"":""observed"",""rating"":""observed"",""rating_count"":""observed"",""review_count"":""unavailable"",""question_count"":""observed"",""delivery_summary"":""observed"",""shipping_cost"":""unavailable"",""properties"":""observed""}",true,
2026-08-19,2026-08-19T01:49:40+03:00,mobilya,BEST_SELLER,koltuk-oturma,koltuk kanepe berjer,22,1,82,82,7,,5.1,26.2,1056518508,642787,NWİN HOME Linea Mini L Köşe Kadife Fitilli Kanepe Çok Amaçlı Yer Minderi Modül Konfor Berjer 100x100,NWİN HOME,,https://www.trendyol.com/nwin-home/linea-mini-l-kose-kadife-fitilli-kanepe-cok-amacli-yer-minderi-modul-konfor-berjer-100x100-p-1056518508?boutiqueId=61&merchantId=642787,WELLNAP,86,5910,5990,1.3,,TRY,"[""Kargo Bedava"",""Peşin Fiyatına 3 Taksit""]",InStock,100 adetten fazla stok sunulmuştur,,,5,2,,,6,,,,,,0,,,,22 saat 8 dakika içinde sipariş verirsen en geç yarın kargoda!,,,{},0,,refreshed,"[""daily_top""]",true,2026-08-19T01:49:40+03:00,0,"[""search_result_dom"",""product_detail_jsonld"",""product_detail_dom""]","{""title"":""observed"",""brand"":""observed"",""seller_name"":""observed"",""seller_score"":""observed"",""price"":""observed"",""original_price"":""observed"",""campaigns"":""observed"",""stock_status"":""observed"",""stock_signal"":""observed"",""rating"":""observed"",""rating_count"":""observed"",""review_count"":""unavailable"",""question_count"":""observed"",""delivery_summary"":""observed"",""shipping_cost"":""unavailable"",""properties"":""observed""}",true,
2026-08-19,2026-08-19T01:49:40+03:00,mobilya,BEST_SELLER,koltuk-oturma,koltuk kanepe berjer,23,1,83,83,,,2.4,27.6,826713115,797053,GOOD NİGHT New Legom Puf Koltuk &berjer & Uzanma Koltuğu Yıkanabilir,GOOD NİGHT,,https://www.trendyol.com/good-night/new-legom-puf-koltuk-berjer-uzanma-koltugu-yikanabilir-p-826713115?boutiqueId=61&merchantId=797053,GOOD NIGHT HOME,93,7499,,,,TRY,"[""Sepette %21 İndirim"",""200 TL Kupon"",""Kargo Bedava"",""Süper Fırsat Ürünü"",""Peşin Fiyatına 3 Taksit"",""Trendyol Plus'a Özel""]",InStock,10 adetten fazla stok sunulmuştur,,,5,1,,,5,,,,,,0,,,,Tahmini Teslim:,,,{},0,,refreshed,"[""daily_top""]",true,2026-08-19T01:49:40+03:00,0,"[""search_result_dom"",""product_detail_jsonld"",""product_detail_dom""]","{""title"":""observed"",""brand"":""observed"",""seller_name"":""observed"",""seller_score"":""observed"",""price"":""observed"",""original_price"":""unavailable"",""campaigns"":""observed"",""stock_status"":""observed"",""stock_signal"":""observed"",""rating"":""observed"",""rating_count"":""observed"",""review_count"":""unavailable"",""question_count"":""observed"",""delivery_summary"":""observed"",""shipping_cost"":""unavailable"",""properties"":""observed""}",true,
2026-08-19,2026-08-19T01:49:40+03:00,mobilya,BEST_SELLER,koltuk-oturma,koltuk kanepe berjer,24,1,84,84,7,,1.3,,1056518364,642787,NWİN HOME Linea Mini L Köşe Kadife Fitilli Kanepe Çok Amaçlı Yer Minderi Modül Konfor Berjer 100x100,NWİN HOME,,https://www.trendyol.com/nwin-home/linea-mini-l-kose-kadife-fitilli-kanepe-cok-amacli-yer-minderi-modul-konfor-berjer-100x100-p-1056518364?boutiqueId=61&merchantId=642787,WELLNAP,86,5910,5990,1.3,,TRY,"[""Kargo Bedava"",""Peşin Fiyatına 3 Taksit""]",InStock,100 adetten fazla stok sunulmuştur,,,,,,,5,,,,,,0,,,,9 saat 8 dakika içinde sipariş verirsen en geç bugün kargoda!,,,{},0,,refreshed,"[""daily_top""]",true,2026-08-19T01:49:40+03:00,0,"[""search_result_dom"",""product_detail_jsonld"",""product_detail_dom""]","{""title"":""observed"",""brand"":""observed"",""seller_name"":""observed"",""seller_score"":""observed"",""price"":""observed"",""original_price"":""observed"",""campaigns"":""observed"",""stock_status"":""observed"",""stock_signal"":""observed"",""rating"":""unavailable"",""rating_count"":""unavailable"",""review_count"":""unavailable"",""question_count"":""observed"",""delivery_summary"":""observed"",""shipping_cost"":""unavailable"",""properties"":""observed""}",true,
2026-08-19,2026-08-19T01:49:40+03:00,mobilya,BEST_SELLER,koltuk-oturma,koltuk kanepe berjer,25,1,85,85,9,,0,,1142682371,107598,Gaga Mobilya Köşe Takımı Koltuk Takımı Yatak Kanepe Koltuk Berjer Puf Modüler Oturma Grubu 90 X 180 YanYana,Gaga Mobilya,,https://www.trendyol.com/gaga-mobilya/kose-takimi-koltuk-takimi-yatak-kanepe-koltuk-berjer-puf-moduler-oturma-grubu-90-x-180-yanyana-p-1142682371?boutiqueId=61&merchantId=107598,Gaga Mobilya,,9999,,,,TRY,"[""Kargo Bedava"",""Peşin Fiyatına 6 Taksit""]",InStock,100 adetten fazla stok sunulmuştur,,,,,,,1,,,,,,0,,,,Tahmini Teslim:,,,{},0,,refreshed,"[""daily_top""]",true,2026-08-19T01:49:40+03:00,0,"[""search_result_dom"",""product_detail_jsonld"",""product_detail_dom""]","{""title"":""observed"",""brand"":""observed"",""seller_name"":""observed"",""seller_score"":""unavailable"",""price"":""observed"",""original_price"":""unavailable"",""campaigns"":""observed"",""stock_status"":""observed"",""stock_signal"":""observed"",""rating"":""unavailable"",""rating_count"":""unavailable"",""review_count"":""unavailable"",""question_count"":""observed"",""delivery_summary"":""observed"",""shipping_cost"":""unavailable"",""properties"":""observed""}",true,
2026-08-19,2026-08-19T01:49:40+03:00,mobilya,BEST_SELLER,koltuk-oturma,koltuk kanepe berjer,26,1,86,86,10,,6.2,23.8,310738194,416750,Azra Aksesuar Ikili Balkon Koltugu - Kanepe - Bekleme Koltugu -cay Seti Koltugu -berjer- Fuşya,Azra Aksesuar,,https://www.trendyol.com/azra-aksesuar/ikili-balkon-koltugu-kanepe-bekleme-koltugu-cay-seti-koltugu-berjer-fusya-p-310738194?boutiqueId=61&merchantId=416750,Azra Mobilya,9,7999,,,,TRY,"[""Kargo Bedava"",""Peşin Fiyatına 6 Taksit""]",InStock,100 adetten fazla stok sunulmuştur,,,4.6,5,,,10,,,,,,0,,,,Tahmini Teslim:,,,{},0,,refreshed,"[""daily_top""]",true,2026-08-19T01:49:40+03:00,0,"[""search_result_dom"",""product_detail_jsonld"",""product_detail_dom""]","{""title"":""observed"",""brand"":""observed"",""seller_name"":""observed"",""seller_score"":""observed"",""price"":""observed"",""original_price"":""unavailable"",""campaigns"":""observed"",""stock_status"":""observed"",""stock_signal"":""observed"",""rating"":""observed"",""rating_count"":""observed"",""review_count"":""unavailable"",""question_count"":""observed"",""delivery_summary"":""observed"",""shipping_cost"":""unavailable"",""properties"":""observed""}",true,
2026-08-19,2026-08-19T01:49:40+03:00,mobilya,BEST_SELLER,koltuk-oturma,koltuk kanepe berjer,27,1,87,87,,,0,,1147473538,121057,"Zem Ramos Bohem Koltuk Takımı, Açık Krem (2 ADET ÜÇLÜ KANEPE 2 ADET BERJER)",Zem,Koltuk Takımı,https://www.trendyol.com/zem/ramos-bohem-koltuk-takimi-acik-krem-2-adet-uclu-kanepe-2-adet-berjer-p-1147473538?boutiqueId=61&merchantId=121057,Zem Home,9,29399.9,,,,TRY,"[""Kargo Bedava"",""Peşin Fiyatına 9 Taksit""]",InStock,100 adetten fazla stok sunulmuştur,,,,,,,26,,"3,6B kişi favoriledi",Son 24 saatte 480 kişi görüntüledi,4999,TRY,0,14,1,17,Tahmini Teslim:,,https://cdn.dsmcdn.com/ty1901/prod/QC_PREP/20260519/15/599da74a-feb3-3e23-ba64-db64c4b42e5d/1_org_zoom.jpg,"{""Materyal"":""Ahşap"",""Renk"":""Ekru"",""Takım İçeriği"":""3+3+1+1"",""Gövde Materyali"":""Ahşap"",""Kumaş"":""Keten"",""Ayak Malzemesi"":""Plastik"",""Fonksiyon"":""Sabit"",""Tasarım"":""Modern"",""Koltuk Tipi"":""Koltuk Takımı"",""Stil"":""Modern"",""Tema / Stil"":""Modern"",""Menşei"":""TR""}",0,,refreshed,"[""daily_top""]",true,2026-08-19T01:49:40+03:00,0,"[""search_result_dom"",""product_detail_jsonld"",""product_detail_dom""]","{""title"":""observed"",""brand"":""observed"",""seller_name"":""observed"",""seller_score"":""observed"",""price"":""observed"",""original_price"":""unavailable"",""campaigns"":""observed"",""stock_status"":""observed"",""stock_signal"":""observed"",""rating"":""unavailable"",""rating_count"":""unavailable"",""review_count"":""unavailable"",""question_count"":""observed"",""delivery_summary"":""observed"",""shipping_cost"":""observed"",""properties"":""observed""}",true,
2026-08-19,2026-08-19T01:49:40+03:00,mobilya,BEST_SELLER,koltuk-oturma,koltuk kanepe berjer,28,1,88,88,,,0,,1147480405,121057,"Zem Ramos Bohem Koltuk Takımı, Açık Krem (2 ADET KANEPE 1 ADET BERJER)",Zem,Koltuk Takımı,https://www.trendyol.com/zem/ramos-bohem-koltuk-takimi-acik-krem-2-adet-kanepe-1-adet-berjer-p-1147480405?boutiqueId=61&merchantId=121057,Zem Home,9,24399.9,,,,TRY,"[""Kargo Bedava"",""Peşin Fiyatına 9 Taksit""]",InStock,100 adetten fazla stok sunulmuştur,,,,,,,10,,"1,1B kişi favoriledi",,4999,TRY,0,14,1,17,Tahmini Teslim:,,https://cdn.dsmcdn.com/ty1919/prod/QC_PREP/20260519/15/abd3348a-acfa-3129-81e5-00a60f8ecd2b/1_org_zoom.jpg,"{""Materyal"":""Ahşap"",""Renk"":""Ekru"",""Takım İçeriği"":""3+3+1"",""Gövde Materyali"":""Ahşap"",""Kumaş"":""Keten"",""Ayak Malzemesi"":""Plastik"",""Fonksiyon"":""Sabit"",""Tasarım"":""Modern"",""Koltuk Tipi"":""Koltuk Takımı"",""Stil"":""Modern"",""Tema / Stil"":""Modern"",""Menşei"":""TR""}",0,,refreshed,"[""daily_top""]",true,2026-08-19T01:49:40+03:00,0,"[""search_result_dom"",""product_detail_jsonld"",""product_detail_dom""]","{""title"":""observed"",""brand"":""observed"",""seller_name"":""observed"",""seller_score"":""observed"",""price"":""observed"",""original_price"":""unavailable"",""campaigns"":""observed"",""stock_status"":""observed"",""stock_signal"":""observed"",""rating"":""unavailable"",""rating_count"":""unavailable"",""review_count"":""unavailable"",""question_count"":""observed"",""delivery_summary"":""observed"",""shipping_cost"":""observed"",""properties"":""observed""}",true,
2026-08-19,2026-08-19T01:49:40+03:00,mobilya,BEST_SELLER,koltuk-oturma,koltuk kanepe berjer,29,1,89,89,,,0,,1162893909,121057,"Zem Ramos Bohem Koltuk Takımı, Açık Krem (2 ADET KANEPE 2 ADET BERJER 1 ADET ORTA SEHPA)",Zem,Koltuk Takımı,https://www.trendyol.com/zem/ramos-bohem-koltuk-takimi-acik-krem-2-adet-kanepe-2-adet-berjer-1-adet-orta-sehpa-p-1162893909?boutiqueId=61&merchantId=121057,Zem Home,9,32259.9,,,,TRY,"[""Kargo Bedava"",""Peşin Fiyatına 9 Taksit""]",InStock,100 adetten fazla stok sunulmuştur,,,,,,,5,,,,4999,TRY,0,12,1,15,Tahmini Teslim:,,https://cdn.dsmcdn.com/ty1893/prod/QC_PREP/20260519/14/0aa23cba-ae24-3621-a8fb-3e1d9025312d/1_org_zoom.jpg,"{""Materyal"":""Ahşap"",""Renk"":""Krem"",""Takım İçeriği"":""3+3+1+1"",""Gövde Materyali"":""Ahşap"",""Kumaş"":""Keten"",""Ayak Malzemesi"":""Plastik"",""Fonksiyon"":""Sabit"",""Tasarım"":""Modern"",""Koltuk Tipi"":""Koltuk Takımı"",""Stil"":""Modern"",""Tema / Stil"":""Modern"",""Menşei"":""TR""}",0,,refreshed,"[""daily_top""]",true,2026-08-19T01:49:40+03:00,0,"[""search_result_dom"",""product_detail_jsonld"",""product_detail_dom""]","{""title"":""observed"",""brand"":""observed"",""seller_name"":""observed"",""seller_score"":""observed"",""price"":""observed"",""original_price"":""unavailable"",""campaigns"":""observed"",""stock_status"":""observed"",""stock_signal"":""observed"",""rating"":""unavailable"",""rating_count"":""unavailable"",""review_count"":""unavailable"",""question_count"":""observed"",""delivery_summary"":""observed"",""shipping_cost"":""observed"",""properties"":""observed""}",true,
2026-08-19,2026-08-19T01:49:40+03:00,mobilya,BEST_SELLER,koltuk-oturma,koltuk kanepe berjer,30,1,90,90,7,,8.6,21.4,1130437711,1065542,"KOKİ DESİGN LİDA 2 Kişilik Uzun Koltuk Berjer Wellsoft Yeşil (Salon , Balkon ,Ofis)",KOKİ DESİGN,,https://www.trendyol.com/koki-design/lida-2-kisilik-uzun-koltuk-berjer-wellsoft-yesil-salon-balkon-ofis-p-1130437711?boutiqueId=61&merchantId=1065542,KOKİ DESIGN,95,7999,,,,TRY,"[""Kargo Bedava"",""Peşin Fiyatına 6 Taksit""]",InStock,100 adetten fazla stok sunulmuştur,,,4.8,11,,,17,,"5,2B kişi favoriledi",,,,0,,,,Tahmini Teslim:,,,{},0,,refreshed,"[""daily_top""]",true,2026-08-19T01:49:40+03:00,0,"[""search_result_dom"",""product_detail_jsonld"",""product_detail_dom""]","{""title"":""observed"",""brand"":""observed"",""seller_name"":""observed"",""seller_score"":""observed"",""price"":""observed"",""original_price"":""unavailable"",""campaigns"":""observed"",""stock_status"":""observed"",""stock_signal"":""observed"",""rating"":""observed"",""rating_count"":""observed"",""review_count"":""unavailable"",""question_count"":""observed"",""delivery_summary"":""observed"",""shipping_cost"":""unavailable"",""properties"":""observed""}",true,
2026-08-19,2026-08-19T01:49:40+03:00,mobilya,BEST_SELLER,koltuk-oturma,koltuk kanepe berjer,31,1,91,91,,,0,,1056904147,621105,"Modalife Soho 3+1 Salon&oturma Odası Koltuk Takımı, Oturma Grubu (1 Koltuk 1 Berjer) (Sandıklı-Yataklı) Kanepe Berjer",Modalife,Koltuk Takımı,https://www.trendyol.com/modalife/soho-3-1-salon-oturma-odasi-koltuk-takimi-oturma-grubu-1-koltuk-1-berjer-sandikli-yatakli-kanepe-berjer-p-1056904147?boutiqueId=61&merchantId=621105,Modalife,,23390.1,,,,TRY,"[""Kargo Bedava"",""Peşin Fiyatına 9 Taksit"",""Trendyol Plus'a Özel""]",InStock,100 adetten fazla stok sunulmuştur,,,,,,,11,,"1,8B kişi favoriledi",,4999,TRY,0,17,1,21,Tahmini Teslim:,,https://cdn.dsmcdn.com/ty1812/prod/QC_ENRICHMENT/20260121/16/45da3cfd-a9bc-3afe-a7c1-07f0d86de809/1_org_zoom.jpg,"{""Materyal"":""Belirtilmemiş"",""Renk"":""Gri"",""Takım İçeriği"":""3+1"",""Gövde Materyali"":""Suntalam"",""Kumaş"":""Keten"",""Ayak Malzemesi"":""Metal"",""Fonksiyon"":""Yataklı ve bazalı"",""Tasarım"":""Country"",""Koltuk Tipi"":""Koltuk Takımı"",""Garanti Süresi"":""2 Yıl"",""Stil"":""Klasik"",""Tema / Stil"":""Modern"",""Menşei"":""TR""}",0,,refreshed,"[""daily_top""]",true,2026-08-19T01:49:40+03:00,0,"[""search_result_dom"",""product_detail_jsonld"",""product_detail_dom""]","{""title"":""observed"",""brand"":""observed"",""seller_name"":""observed"",""seller_score"":""unavailable"",""price"":""observed"",""original_price"":""unavailable"",""campaigns"":""observed"",""stock_status"":""observed"",""stock_signal"":""observed"",""rating"":""unavailable"",""rating_count"":""unavailable"",""review_count"":""unavailable"",""question_count"":""observed"",""delivery_summary"":""observed"",""shipping_cost"":""observed"",""properties"":""observed""}",true,
2026-08-19,2026-08-19T01:49:40+03:00,mobilya,BEST_SELLER,koltuk-oturma,koltuk kanepe berjer,32,1,92,92,7,,11.7,18.3,1063241603,1065542,"KOKİ DESİGN LİDA 2 Kişilik Uzun Koltuk Berjer Wellsoft Kırık Beyaz (Salon , Balkon ,Ofis)",KOKİ DESİGN,,https://www.trendyol.com/koki-design/lida-2-kisilik-uzun-koltuk-berjer-wellsoft-kirik-beyaz-salon-balkon-ofis-p-1063241603?boutiqueId=61&merchantId=1065542,KOKİ DESIGN,95,7999,,,,TRY,"[""Kargo Bedava"",""Peşin Fiyatına 6 Taksit""]",InStock,100 adetten fazla stok sunulmuştur,,,5,28,,,62,,14B kişi favoriledi,,,,0,,,,Tahmini Teslim:,,,{},0,,refreshed,"[""daily_top""]",true,2026-08-19T01:49:40+03:00,0,"[""search_result_dom"",""product_detail_jsonld"",""product_detail_dom""]","{""title"":""observed"",""brand"":""observed"",""seller_name"":""observed"",""seller_score"":""observed"",""price"":""observed"",""original_price"":""unavailable"",""campaigns"":""observed"",""stock_status"":""observed"",""stock_signal"":""observed"",""rating"":""observed"",""rating_count"":""observed"",""review_count"":""unavailable"",""question_count"":""observed"",""delivery_summary"":""observed"",""shipping_cost"":""unavailable"",""properties"":""observed""}",true,
2026-08-19,2026-08-19T01:49:40+03:00,mobilya,BEST_SELLER,koltuk-oturma,koltuk kanepe berjer,33,2,93,93,,,4.8,25.2,1123958091,797053,GOOD NİGHT Partner Sofa & Yatak & Berjer,GOOD NİGHT,,https://www.trendyol.com/good-night/partner-sofa-yatak-berjer-p-1123958091?boutiqueId=61&merchantId=797053,GOOD NIGHT HOME,93,13999,,,,TRY,"[""Sepette %21 İndirim"",""500 TL Kupon"",""Kargo Bedava"",""Süper Fırsat Ürünü"",""Peşin Fiyatına 9 Taksit"",""Trendyol Plus'a Özel""]",InStock,10 adetten fazla stok sunulmuştur,,,5,3,,,7,,832 kişi favoriledi,,,,0,,,,Tahmini Teslim:,,,{},0,,refreshed,"[""daily_top""]",true,2026-08-19T01:49:40+03:00,0,"[""search_result_dom"",""product_detail_jsonld"",""product_detail_dom""]","{""title"":""observed"",""brand"":""observed"",""seller_name"":""observed"",""seller_score"":""observed"",""price"":""observed"",""original_price"":""unavailable"",""campaigns"":""observed"",""stock_status"":""observed"",""stock_signal"":""observed"",""rating"":""observed"",""rating_count"":""observed"",""review_count"":""unavailable"",""question_count"":""observed"",""delivery_summary"":""observed"",""shipping_cost"":""unavailable"",""properties"":""observed""}",true,
2026-08-19,2026-08-19T01:49:40+03:00,mobilya,BEST_SELLER,koltuk-oturma,koltuk kanepe berjer,34,2,94,94,,,0,,1147342349,121057,"Zem Ramos Bohem Koltuk Takımı, Açık Krem (1 ADET KANEPE 2 ADET BERJER)",Zem,Koltuk Takımı,https://www.trendyol.com/zem/ramos-bohem-koltuk-takimi-acik-krem-1-adet-kanepe-2-adet-berjer-p-1147342349?boutiqueId=61&merchantId=121057,Zem Home,9,19699.9,,,,TRY,"[""Kargo Bedava"",""Peşin Fiyatına 9 Taksit""]",InStock,100 adetten fazla stok sunulmuştur,,,,,,,6,,471 kişi favoriledi,,4999,TRY,0,14,1,17,Tahmini Teslim:,,https://cdn.dsmcdn.com/ty1934/prod/QC_PREP/20260519/12/ea83f4cd-b938-3fef-9963-ab0d179bbbab/1_org_zoom.jpg,"{""Materyal"":""Ahşap"",""Renk"":""Ekru"",""Takım İçeriği"":""3+1+1"",""Gövde Materyali"":""Ahşap"",""Kumaş"":""Keten"",""Ayak Malzemesi"":""Plastik"",""Fonksiyon"":""Sabit"",""Tasarım"":""Modern"",""Koltuk Tipi"":""Koltuk Takımı"",""Stil"":""Modern"",""Tema / Stil"":""Modern"",""Menşei"":""TR""}",0,,refreshed,"[""daily_top""]",true,2026-08-19T01:49:40+03:00,0,"[""search_result_dom"",""product_detail_jsonld"",""product_detail_dom""]","{""title"":""observed"",""brand"":""observed"",""seller_name"":""observed"",""seller_score"":""observed"",""price"":""observed"",""original_price"":""unavailable"",""campaigns"":""observed"",""stock_status"":""observed"",""stock_signal"":""observed"",""rating"":""unavailable"",""rating_count"":""unavailable"",""review_count"":""unavailable"",""question_count"":""observed"",""delivery_summary"":""observed"",""shipping_cost"":""observed"",""properties"":""observed""}",true,
2026-08-19,2026-08-19T01:49:40+03:00,mobilya,BEST_SELLER,koltuk-oturma,koltuk kanepe berjer,35,2,95,95,,,0,,1123959011,797053,GOOD NİGHT Partner Sofa & Yatak & Berjer,GOOD NİGHT,,https://www.trendyol.com/good-night/partner-sofa-yatak-berjer-p-1123959011?boutiqueId=61&merchantId=797053,GOOD NIGHT HOME,93,13999,,,,TRY,"[""Sepette %21 İndirim"",""500 TL Kupon"",""Kargo Bedava"",""Süper Fırsat Ürünü"",""Peşin Fiyatına 9 Taksit"",""Trendyol Plus'a Özel""]",InStock,10 adetten fazla stok sunulmuştur,,,,,,,7,,"1,4B kişi favoriledi",,,,0,,,,Tahmini Teslim:,,,{},0,,refreshed,"[""daily_top""]",true,2026-08-19T01:49:40+03:00,0,"[""search_result_dom"",""product_detail_jsonld"",""product_detail_dom""]","{""title"":""observed"",""brand"":""observed"",""seller_name"":""observed"",""seller_score"":""observed"",""price"":""observed"",""original_price"":""unavailable"",""campaigns"":""observed"",""stock_status"":""observed"",""stock_signal"":""observed"",""rating"":""unavailable"",""rating_count"":""unavailable"",""review_count"":""unavailable"",""question_count"":""observed"",""delivery_summary"":""observed"",""shipping_cost"":""unavailable"",""properties"":""observed""}",true,
2026-08-19,2026-08-19T01:49:40+03:00,mobilya,BEST_SELLER,koltuk-oturma,koltuk kanepe berjer,36,2,96,96,,,0.3,,1142590721,121057,"Zem Benetta Koltuk Takımı, Kırık Beyaz (2 ADET KANEPE 2 ADET BERJER)",Zem,Koltuk Takımı,https://www.trendyol.com/zem/benetta-koltuk-takimi-kirik-beyaz-2-adet-kanepe-2-adet-berjer-p-1142590721?boutiqueId=61&merchantId=121057,Zem Home,9,51629.24,51779.24,0.3,,TRY,"[""Kargo Bedava"",""Peşin Fiyatına 9 Taksit""]",InStock,100 adetten fazla stok sunulmuştur,,,,,,,1,,,,4999,TRY,0,14,1,17,Tahmini Teslim:,,https://cdn.dsmcdn.com/ty1915/prod/QC_PREP/20260506/11/e7f7555a-e98f-3364-b6e8-bf594306f821/1_org_zoom.jpg,"{""Materyal"":""Ahşap"",""Renk"":""Beyaz"",""Takım İçeriği"":""3+3+1+1"",""Gövde Materyali"":""Ahşap"",""Kumaş"":""Bukle"",""Ayak Malzemesi"":""Ahşap"",""Fonksiyon"":""Mekanizmalı"",""Tasarım"":""Modern"",""Koltuk Tipi"":""Koltuk Takımı"",""Stil"":""Modern"",""Tema / Stil"":""Modern"",""Menşei"":""TR""}",0,,refreshed,"[""daily_top""]",true,2026-08-19T01:49:40+03:00,0,"[""search_result_dom"",""product_detail_jsonld"",""product_detail_dom""]","{""title"":""observed"",""brand"":""observed"",""seller_name"":""observed"",""seller_score"":""observed"",""price"":""observed"",""original_price"":""observed"",""campaigns"":""observed"",""stock_status"":""observed"",""stock_signal"":""observed"",""rating"":""unavailable"",""rating_count"":""unavailable"",""review_count"":""unavailable"",""question_count"":""observed"",""delivery_summary"":""observed"",""shipping_cost"":""observed"",""properties"":""observed""}",true,
2026-08-19,2026-08-19T01:49:40+03:00,mobilya,BEST_SELLER,koltuk-oturma,koltuk kanepe berjer,37,2,97,97,,,0.3,,1156693805,121057,"Zem Legna Bohem Koltuk Takımı, Açık Krem (2 ADET KANEPE 2 ADET BERJER)",Zem,Koltuk Takımı,https://www.trendyol.com/zem/legna-bohem-koltuk-takimi-acik-krem-2-adet-kanepe-2-adet-berjer-p-1156693805?boutiqueId=61&merchantId=121057,Zem Home,9,43849.9,43999.9,0.3,,TRY,"[""Kargo Bedava"",""Peşin Fiyatına 9 Taksit""]",InStock,100 adetten fazla stok sunulmuştur,,,,,,,,,,,4999,TRY,0,14,1,17,Tahmini Teslim:,,https://cdn.dsmcdn.com/ty1928/prod/QC_PREP/20260615/18/830d872d-a831-3022-b9b9-1da041d0c160/1_org_zoom.jpg,"{""Materyal"":""Ahşap"",""Renk"":""Ekru"",""Takım İçeriği"":""3+3+1+1"",""Gövde Materyali"":""Ahşap"",""Kumaş"":""Keten"",""Ayak Malzemesi"":""Plastik"",""Fonksiyon"":""Sabit"",""Tasarım"":""Modern"",""Koltuk Tipi"":""Koltuk Takımı"",""Stil"":""Modern"",""Tema / Stil"":""Modern"",""Menşei"":""TR""}",0,,refreshed,"[""daily_top""]",true,2026-08-19T01:49:40+03:00,0,"[""search_result_dom"",""product_detail_jsonld"",""product_detail_dom""]","{""title"":""observed"",""brand"":""observed"",""seller_name"":""observed"",""seller_score"":""observed"",""price"":""observed"",""original_price"":""observed"",""campaigns"":""observed"",""stock_status"":""observed"",""stock_signal"":""observed"",""rating"":""unavailable"",""rating_count"":""unavailable"",""review_count"":""unavailable"",""question_count"":""unavailable"",""delivery_summary"":""observed"",""shipping_cost"":""observed"",""properties"":""observed""}",true,
2026-08-19,2026-08-19T01:49:40+03:00,mobilya,BEST_SELLER,koltuk-oturma,koltuk kanepe berjer,38,2,98,98,3,,0,,917847878,995061,"MOBETTO Pratik Açılabilir Tekli Koltuk, Dinlenme Aktivite Koltuğu, Yatak Olabilir Minderli Kanepe, Berjer",MOBETTO,,https://www.trendyol.com/mobetto/pratik-acilabilir-tekli-koltuk-dinlenme-aktivite-koltugu-yatak-olabilir-minderli-kanepe-berjer-p-917847878?boutiqueId=61&merchantId=995061,Modamed Yatak by Modalife,89,5047,,,,TRY,"[""Kargo Bedava"",""Son 10 Günün En Düşük Fiyatı"",""Peşin Fiyatına 3 Taksit"",""Trendyol Plus'a Özel""]",InStock,100 adetten fazla stok sunulmuştur,,,,,,,5,,1B kişi favoriledi,,,,0,,,,Tahmini Teslim:,,,{},0,,refreshed,"[""daily_top""]",true,2026-08-19T01:49:40+03:00,0,"[""search_result_dom"",""product_detail_jsonld"",""product_detail_dom""]","{""title"":""observed"",""brand"":""observed"",""seller_name"":""observed"",""seller_score"":""observed"",""price"":""observed"",""original_price"":""unavailable"",""campaigns"":""observed"",""stock_status"":""observed"",""stock_signal"":""observed"",""rating"":""unavailable"",""rating_count"":""unavailable"",""review_count"":""unavailable"",""question_count"":""observed"",""delivery_summary"":""observed"",""shipping_cost"":""unavailable"",""properties"":""observed""}",true,
2026-08-19,2026-08-19T01:49:40+03:00,mobilya,BEST_SELLER,koltuk-oturma,koltuk kanepe berjer,39,2,99,99,4,,0,,941264584,121057,"Zem Favela Bohem Ikili Berjer Natürel Ahşap, Kırık Beyaz",Zem,,https://www.trendyol.com/zem/favela-bohem-ikili-berjer-naturel-ahsap-kirik-beyaz-p-941264584?boutiqueId=61&merchantId=121057,Zem Home,9,11999.9,,,,TRY,"[""Kargo Bedava"",""Peşin Fiyatına 9 Taksit""]",InStock,100 adetten fazla stok sunulmuştur,,,,,,,11,,380 kişi favoriledi,,,,0,,,,Tahmini Teslim:,,,{},0,,refreshed,"[""daily_top""]",true,2026-08-19T01:49:40+03:00,0,"[""search_result_dom"",""product_detail_jsonld"",""product_detail_dom""]","{""title"":""observed"",""brand"":""observed"",""seller_name"":""observed"",""seller_score"":""observed"",""price"":""observed"",""original_price"":""unavailable"",""campaigns"":""observed"",""stock_status"":""observed"",""stock_signal"":""observed"",""rating"":""unavailable"",""rating_count"":""unavailable"",""review_count"":""unavailable"",""question_count"":""observed"",""delivery_summary"":""observed"",""shipping_cost"":""unavailable"",""properties"":""observed""}",true,
2026-08-19,2026-08-19T01:49:40+03:00,mobilya,BEST_SELLER,koltuk-oturma,koltuk kanepe berjer,40,2,100,100,,,0,,1059607740,121057,"Zem Legna Bohem Koltuk Takımı, Açık Krem (1 ADET KANEPE 1 ADET BERJER)",Zem,Koltuk Takımı,https://www.trendyol.com/zem/legna-bohem-koltuk-takimi-acik-krem-1-adet-kanepe-1-adet-berjer-p-1059607740?boutiqueId=61&merchantId=121057,Zem Home,9,21999.9,,,,TRY,"[""Kargo Bedava"",""Peşin Fiyatına 9 Taksit""]",InStock,100 adetten fazla stok sunulmuştur,,,,,,,8,,897 kişi favoriledi,,4999,TRY,0,14,1,17,Tahmini Teslim:,,https://cdn.dsmcdn.com/ty1894/prod/QC_ENRICHMENT/20260615/17/b287db82-a969-35d7-84cd-432492b4d89b/1_org_zoom.jpg,"{""Materyal"":""Ahşap"",""Renk"":""Ekru"",""Takım İçeriği"":""3+1"",""Gövde Materyali"":""Ahşap"",""Kumaş"":""Keten"",""Ayak Malzemesi"":""Plastik"",""Fonksiyon"":""Sabit"",""Tasarım"":""Modern"",""Koltuk Tipi"":""Koltuk Takımı"",""Stil"":""Modern"",""Tema / Stil"":""Modern"",""Menşei"":""TR""}",0,,refreshed,"[""daily_top""]",true,2026-08-19T01:49:40+03:00,0,"[""search_result_dom"",""product_detail_jsonld"",""product_detail_dom""]","{""title"":""observed"",""brand"":""observed"",""seller_name"":""observed"",""seller_score"":""observed"",""price"":""observed"",""original_price"":""unavailable"",""campaigns"":""observed"",""stock_status"":""observed"",""stock_signal"":""observed"",""rating"":""unavailable"",""rating_count"":""unavailable"",""review_count"":""unavailable"",""question_count"":""observed"",""delivery_summary"":""observed"",""shipping_cost"":""observed"",""properties"":""observed""}",true,
2026-08-19,2026-08-19T01:49:40+03:00,mobilya,BEST_SELLER,koltuk-oturma,koltuk kanepe berjer,41,2,101,101,,,0,,1151134194,1145867,Home Saray Zarafeti: Galata Serisi Lüks Avangart Koltuk Takımı (2 Kanepe + 1 Berjer),Home,Koltuk Takımı,https://www.trendyol.com/home/saray-zarafeti-galata-serisi-luks-avangart-koltuk-takimi-2-kanepe-1-berjer-p-1151134194?boutiqueId=61&merchantId=1145867,Enes Koltuk,97,198093.91,,,,TRY,"[""1000 TL Kupon"",""Kargo Bedava"",""1.000 TL Kupon"",""Peşin Fiyatına 9 Taksit"",""Trendyol Plus'a Özel""]",InStock,5 adetten fazla stok sunulmuştur,,,,,,,,,,,4999,TRY,0,22,1,26,Tahmini Teslim:,,https://cdn.dsmcdn.com/ty1919/prod/QC_PREP/20260530/22/48643f76-271b-3d3d-957b-c717f1d21a89/1_org_zoom.jpg,"{""Materyal"":""Tekstil"",""Renk"":""Sarı"",""Takım İçeriği"":""2+2+1"",""Gövde Materyali"":""Ahşap"",""Kumaş"":""Kadife"",""Fonksiyon"":""Sabit"",""Tasarım"":""Klasik"",""Koltuk Tipi"":""Koltuk Takımı"",""Stil"":""Modern"",""Tema / Stil"":""Klasik"",""Menşei"":""TR""}",0,,refreshed,"[""daily_top""]",true,2026-08-19T01:49:40+03:00,0,"[""search_result_dom"",""product_detail_jsonld"",""product_detail_dom""]","{""title"":""observed"",""brand"":""observed"",""seller_name"":""observed"",""seller_score"":""observed"",""price"":""observed"",""original_price"":""unavailable"",""campaigns"":""observed"",""stock_status"":""observed"",""stock_signal"":""observed"",""rating"":""unavailable"",""rating_count"":""unavailable"",""review_count"":""unavailable"",""question_count"":""unavailable"",""delivery_summary"":""observed"",""shipping_cost"":""observed"",""properties"":""observed""}",true,
2026-08-19,2026-08-19T01:49:40+03:00,mobilya,BEST_SELLER,koltuk-oturma,koltuk kanepe berjer,42,2,102,102,,,0,,1141621175,1065542,"KOKİ DESİGN LOTUS SALLANAN Ahşap Ayaklı 2 Kişilik Uzun Kanepe Koltuk Berjer Wellsoft Kırık Beyaz (Salon , Balkon )",KOKİ DESİGN,Kanepe,https://www.trendyol.com/koki-design/lotus-sallanan-ahsap-ayakli-2-kisilik-uzun-kanepe-koltuk-berjer-wellsoft-kirik-beyaz-salon-balkon-p-1141621175?boutiqueId=61&merchantId=1065542,KOKİ DESIGN,95,8799,,,,TRY,"[""Kargo Bedava"",""Peşin Fiyatına 6 Taksit""]",InStock,100 adetten fazla stok sunulmuştur,,,,,,,7,,313 kişi favoriledi,,4999,TRY,0,6,1,9,Tahmini Teslim:,,https://cdn.dsmcdn.com/ty1908/prod/QC_PREP/20260503/19/caebbf9d-511c-37ef-9d06-1e87887eabef/1_org_zoom.jpg,"{""Materyal"":""Ahşap"",""Renk"":""Beyaz"",""Gövde Materyali"":""Sünger"",""Koltuk Tipi"":""İkili Koltuk"",""Tasarım"":""Modern"",""Kumaş"":""Peluş"",""Fonksiyon"":""Sabit"",""Genişlik"":""70 cm"",""Derinlik"":""70 cm"",""Oturum Yumuşaklığı"":""Yumuşak"",""Ayak Malzemesi"":""Ahşap"",""Garanti Süresi"":""1 Yıl"",""Ayak Malzemesi Rengi"":""Ahşap"",""Stil"":""Modern"",""Tema / Stil"":""Modern"",""Menşei"":""TR""}",0,,refreshed,"[""daily_top""]",true,2026-08-19T01:49:40+03:00,0,"[""search_result_dom"",""product_detail_jsonld"",""product_detail_dom""]","{""title"":""observed"",""brand"":""observed"",""seller_name"":""observed"",""seller_score"":""observed"",""price"":""observed"",""original_price"":""unavailable"",""campaigns"":""observed"",""stock_status"":""observed"",""stock_signal"":""observed"",""rating"":""unavailable"",""rating_count"":""unavailable"",""review_count"":""unavailable"",""question_count"":""observed"",""delivery_summary"":""observed"",""shipping_cost"":""observed"",""properties"":""observed""}",true,
2026-08-19,2026-08-19T01:49:40+03:00,mobilya,BEST_SELLER,koltuk-oturma,koltuk kanepe berjer,43,2,103,103,7,,9.4,20.6,1096951054,1065542,"KOKİ DESİGN LİDA 2 Kişilik Uzun Koltuk Berjer Wellsoft Gri (Salon , Balkon ,Ofis)",KOKİ DESİGN,,https://www.trendyol.com/koki-design/lida-2-kisilik-uzun-koltuk-berjer-wellsoft-gri-salon-balkon-ofis-p-1096951054?boutiqueId=61&merchantId=1065542,KOKİ DESIGN,95,7999,,,,TRY,"[""Kargo Bedava"",""Peşin Fiyatına 6 Taksit""]",InStock,100 adetten fazla stok sunulmuştur,,,4.9,14,,,23,,"3,9B kişi favoriledi",,,,0,,,,Tahmini Teslim:,,,{},0,,refreshed,"[""daily_top""]",true,2026-08-19T01:49:40+03:00,0,"[""search_result_dom"",""product_detail_jsonld"",""product_detail_dom""]","{""title"":""observed"",""brand"":""observed"",""seller_name"":""observed"",""seller_score"":""observed"",""price"":""observed"",""original_price"":""unavailable"",""campaigns"":""observed"",""stock_status"":""observed"",""stock_signal"":""observed"",""rating"":""observed"",""rating_count"":""observed"",""review_count"":""unavailable"",""question_count"":""observed"",""delivery_summary"":""observed"",""shipping_cost"":""unavailable"",""properties"":""observed""}",true,
2026-08-19,2026-08-19T01:49:40+03:00,mobilya,BEST_SELLER,koltuk-oturma,koltuk kanepe berjer,44,2,104,104,6,,5.6,24.4,1135817269,107598,YAN YANA Köşe Takımı Koltuk Takımı Yatak Kanepe Berjer Puf Modüler Kasa Siyah Kılıf Gri 180x90,YAN YANA,,https://www.trendyol.com/yan-yana/kose-takimi-koltuk-takimi-yatak-kanepe-berjer-puf-moduler-kasa-siyah-kilif-gri-180x90-p-1135817269?boutiqueId=61&merchantId=107598,Gaga Mobilya,89,9999,,,,TRY,"[""Kargo Bedava"",""Peşin Fiyatına 6 Taksit""]",InStock,100 adetten fazla stok sunulmuştur,,,4.3,4,,,6,,444 kişi favoriledi,,,,0,,,,Tahmini Teslim:,,,{},0,,refreshed,"[""daily_top""]",true,2026-08-19T01:49:40+03:00,0,"[""search_result_dom"",""product_detail_jsonld"",""product_detail_dom""]","{""title"":""observed"",""brand"":""observed"",""seller_name"":""observed"",""seller_score"":""observed"",""price"":""observed"",""original_price"":""unavailable"",""campaigns"":""observed"",""stock_status"":""observed"",""stock_signal"":""observed"",""rating"":""observed"",""rating_count"":""observed"",""review_count"":""unavailable"",""question_count"":""observed"",""delivery_summary"":""observed"",""shipping_cost"":""unavailable"",""properties"":""observed""}",true,
2026-08-19,2026-08-19T01:49:40+03:00,mobilya,BEST_SELLER,koltuk-oturma,koltuk kanepe berjer,45,2,105,105,2,,3.8,26.2,940214077,121057,"Zem Favela Bohem Üçlü Berjer Natürel Ahşap, Kırık Beyaz",Zem,,https://www.trendyol.com/zem/favela-bohem-uclu-berjer-naturel-ahsap-kirik-beyaz-p-940214077?boutiqueId=61&merchantId=121057,Zem Home,9,14999.9,,,,TRY,"[""Kargo Bedava"",""Peşin Fiyatına 9 Taksit""]",InStock,100 adetten fazla stok sunulmuştur,,,4,2,,,9,,675 kişi favoriledi,,,,0,,,,Tahmini Teslim:,,,{},0,,refreshed,"[""daily_top""]",true,2026-08-19T01:49:40+03:00,0,"[""search_result_dom"",""product_detail_jsonld"",""product_detail_dom""]","{""title"":""observed"",""brand"":""observed"",""seller_name"":""observed"",""seller_score"":""observed"",""price"":""observed"",""original_price"":""unavailable"",""campaigns"":""observed"",""stock_status"":""observed"",""stock_signal"":""observed"",""rating"":""observed"",""rating_count"":""observed"",""review_count"":""unavailable"",""question_count"":""observed"",""delivery_summary"":""observed"",""shipping_cost"":""unavailable"",""properties"":""observed""}",true,
2026-08-19,2026-08-19T01:49:40+03:00,mobilya,BEST_SELLER,koltuk-oturma,koltuk kanepe berjer,46,2,106,106,,,0,,1147428330,121057,"Zem Ramos Bohem Koltuk Takımı, Açık Krem (2 ADET ÜÇLÜ KANEPE 1 ADET BERJER 1 ADET ORTA SEHPA)",Zem,Koltuk Takımı,https://www.trendyol.com/zem/ramos-bohem-koltuk-takimi-acik-krem-2-adet-uclu-kanepe-1-adet-berjer-1-adet-orta-sehpa-p-1147428330?boutiqueId=61&merchantId=121057,Zem Home,9,27259.9,,,,TRY,"[""Kargo Bedava"",""Peşin Fiyatına 9 Taksit""]",InStock,100 adetten fazla stok sunulmuştur,,,,,,,7,,508 kişi favoriledi,,4999,TRY,0,14,1,17,Tahmini Teslim:,,https://cdn.dsmcdn.com/ty1941/prod/QC_PREP/20260519/14/f1aa0623-32c7-3a4a-a9b3-810aa71e2b2b/1_org_zoom.jpg,"{""Materyal"":""Ahşap"",""Renk"":""Ekru"",""Takım İçeriği"":""3+3+1"",""Gövde Materyali"":""Ahşap"",""Kumaş"":""Keten"",""Ayak Malzemesi"":""Plastik"",""Fonksiyon"":""Sabit"",""Tasarım"":""Modern"",""Koltuk Tipi"":""Koltuk Takımı"",""Stil"":""Modern"",""Tema / Stil"":""Modern"",""Menşei"":""TR""}",0,,refreshed,"[""daily_top""]",true,2026-08-19T01:49:40+03:00,0,"[""search_result_dom"",""product_detail_jsonld"",""product_detail_dom""]","{""title"":""observed"",""brand"":""observed"",""seller_name"":""observed"",""seller_score"":""observed"",""price"":""observed"",""original_price"":""unavailable"",""campaigns"":""observed"",""stock_status"":""observed"",""stock_signal"":""observed"",""rating"":""unavailable"",""rating_count"":""unavailable"",""review_count"":""unavailable"",""question_count"":""observed"",""delivery_summary"":""observed"",""shipping_cost"":""observed"",""properties"":""observed""}",true,
2026-08-19,2026-08-19T01:49:40+03:00,mobilya,BEST_SELLER,koltuk-oturma,koltuk kanepe berjer,47,2,107,107,,,0,,1147487801,121057,"Zem Ramos Bohem Koltuk Takımı, Açık Krem (1 ADET KANEPE 2 ADET BERJER 1 ADET ORTA SEHPA)",Zem,Koltuk Takımı,https://www.trendyol.com/zem/ramos-bohem-koltuk-takimi-acik-krem-1-adet-kanepe-2-adet-berjer-1-adet-orta-sehpa-p-1147487801?boutiqueId=61&merchantId=121057,Zem Home,9,22559.9,,,,TRY,"[""Kargo Bedava"",""Peşin Fiyatına 9 Taksit""]",InStock,100 adetten fazla stok sunulmuştur,,,,,,,7,,319 kişi favoriledi,,4999,TRY,0,14,1,17,Tahmini Teslim:,,https://cdn.dsmcdn.com/ty1902/prod/QC_PREP/20260519/16/5f9a60d0-e0d6-3642-9bae-56beeaf10b20/1_org_zoom.jpg,"{""Materyal"":""Ahşap"",""Renk"":""Ekru"",""Takım İçeriği"":""3+1+1"",""Gövde Materyali"":""Ahşap"",""Kumaş"":""Keten"",""Ayak Malzemesi"":""Plastik"",""Fonksiyon"":""Sabit"",""Tasarım"":""Modern"",""Koltuk Tipi"":""Koltuk Takımı"",""Stil"":""Modern"",""Tema / Stil"":""Modern"",""Menşei"":""TR""}",0,,refreshed,"[""daily_top""]",true,2026-08-19T01:49:40+03:00,0,"[""search_result_dom"",""product_detail_jsonld"",""product_detail_dom""]","{""title"":""observed"",""brand"":""observed"",""seller_name"":""observed"",""seller_score"":""observed"",""price"":""observed"",""original_price"":""unavailable"",""campaigns"":""observed"",""stock_status"":""observed"",""stock_signal"":""observed"",""rating"":""unavailable"",""rating_count"":""unavailable"",""review_count"":""unavailable"",""question_count"":""observed"",""delivery_summary"":""observed"",""shipping_cost"":""observed"",""properties"":""observed""}",true,
2026-08-19,2026-08-19T01:49:40+03:00,mobilya,BEST_SELLER,koltuk-oturma,koltuk kanepe berjer,48,2,108,108,,,0.4,,1156693572,121057,"Zem Legna Bohem Koltuk Takımı, Açık Krem (2 ADET KANEPE 1 ADET BERJER)",Zem,Koltuk Takımı,https://www.trendyol.com/zem/legna-bohem-koltuk-takimi-acik-krem-2-adet-kanepe-1-adet-berjer-p-1156693572?boutiqueId=61&merchantId=121057,Zem Home,9,34849.9,34999.9,0.4,,TRY,"[""Kargo Bedava"",""Peşin Fiyatına 9 Taksit""]",InStock,100 adetten fazla stok sunulmuştur,,,,,,,2,,,,4999,TRY,0,14,1,17,Tahmini Teslim:,,https://cdn.dsmcdn.com/ty1914/prod/QC_PREP/20260615/18/45cdfb45-3a43-376b-87a7-628e4d9093fc/1_org_zoom.jpg,"{""Materyal"":""Ahşap"",""Renk"":""Ekru"",""Takım İçeriği"":""3+3+1"",""Gövde Materyali"":""Ahşap"",""Kumaş"":""Keten"",""Ayak Malzemesi"":""Plastik"",""Fonksiyon"":""Sabit"",""Tasarım"":""Modern"",""Koltuk Tipi"":""Koltuk Takımı"",""Stil"":""Modern"",""Tema / Stil"":""Modern"",""Menşei"":""TR""}",0,,refreshed,"[""daily_top""]",true,2026-08-19T01:49:40+03:00,0,"[""search_result_dom"",""product_detail_jsonld"",""product_detail_dom""]","{""title"":""observed"",""brand"":""observed"",""seller_name"":""observed"",""seller_score"":""observed"",""price"":""observed"",""original_price"":""observed"",""campaigns"":""observed"",""stock_status"":""observed"",""stock_signal"":""observed"",""rating"":""unavailable"",""rating_count"":""unavailable"",""review_count"":""unavailable"",""question_count"":""observed"",""delivery_summary"":""observed"",""shipping_cost"":""observed"",""properties"":""observed""}",true,
2026-08-19,2026-08-19T01:49:40+03:00,mobilya,BEST_SELLER,koltuk-oturma,koltuk kanepe berjer,49,2,109,109,,,0,,1147486780,121057,"Zem Ramos Bohem Koltuk Takımı, Açık Krem (1 ADET ÜÇLÜ KANEPE 1 ADET BERJER 1 ADET ORTA SEHPA)",Zem,Koltuk Takımı,https://www.trendyol.com/zem/ramos-bohem-koltuk-takimi-acik-krem-1-adet-uclu-kanepe-1-adet-berjer-1-adet-orta-sehpa-p-1147486780?boutiqueId=61&merchantId=121057,Zem Home,9,17559.9,,,,TRY,"[""Kargo Bedava"",""Peşin Fiyatına 9 Taksit""]",InStock,100 adetten fazla stok sunulmuştur,,,,,,,5,,,,4999,TRY,0,14,1,17,Tahmini Teslim:,,https://cdn.dsmcdn.com/ty1933/prod/QC_PREP/20260519/16/78b35f43-6974-3966-88ab-3f1093747fc0/1_org_zoom.jpg,"{""Materyal"":""Ahşap"",""Renk"":""Ekru"",""Takım İçeriği"":""3+1"",""Gövde Materyali"":""Ahşap"",""Kumaş"":""Keten"",""Ayak Malzemesi"":""Plastik"",""Fonksiyon"":""Sabit"",""Tasarım"":""Modern"",""Koltuk Tipi"":""Koltuk Takımı"",""Stil"":""Modern"",""Tema / Stil"":""Modern"",""Menşei"":""TR""}",0,,refreshed,"[""daily_top""]",true,2026-08-19T01:49:40+03:00,0,"[""search_result_dom"",""product_detail_jsonld"",""product_detail_dom""]","{""title"":""observed"",""brand"":""observed"",""seller_name"":""observed"",""seller_score"":""observed"",""price"":""observed"",""original_price"":""unavailable"",""campaigns"":""observed"",""stock_status"":""observed"",""stock_signal"":""observed"",""rating"":""unavailable"",""rating_count"":""unavailable"",""review_count"":""unavailable"",""question_count"":""observed"",""delivery_summary"":""observed"",""shipping_cost"":""observed"",""properties"":""observed""}",true,
2026-08-19,2026-08-19T01:49:40+03:00,mobilya,BEST_SELLER,koltuk-oturma,koltuk kanepe berjer,50,2,110,110,2,,0,,1175758672,121057,"Zem Favela Bohem Üçlü Berjer Natürel Ahşap, Sütlü Kahve",Zem,,https://www.trendyol.com/zem/favela-bohem-uclu-berjer-naturel-ahsap-sutlu-kahve-p-1175758672?boutiqueId=61&merchantId=121057,Zem Home,9,14999.9,,,,TRY,"[""Kargo Bedava"",""Peşin Fiyatına 9 Taksit""]",InStock,100 adetten fazla stok sunulmuştur,,,,,,,1,,,,,,0,,,,Tahmini Teslim:,,,{},0,,refreshed,"[""daily_top""]",true,2026-08-19T01:49:40+03:00,0,"[""search_result_dom"",""product_detail_jsonld"",""product_detail_dom""]","{""title"":""observed"",""brand"":""observed"",""seller_name"":""observed"",""seller_score"":""observed"",""price"":""observed"",""original_price"":""unavailable"",""campaigns"":""observed"",""stock_status"":""observed"",""stock_signal"":""observed"",""rating"":""unavailable"",""rating_count"":""unavailable"",""review_count"":""unavailable"",""question_count"":""observed"",""delivery_summary"":""observed"",""shipping_cost"":""unavailable"",""properties"":""observed""}",true,
2026-08-19,2026-08-19T01:49:40+03:00,mobilya,BEST_SELLER,koltuk-oturma,koltuk kanepe berjer,51,2,111,111,7,,13,17,811898150,1134952,GOOD NİGHT Twist Yeni Nesil Kanepe & Puf & Berjer Takım,GOOD NİGHT,,https://www.trendyol.com/good-night/twist-yeni-nesil-kanepe-puf-berjer-takim-p-811898150?boutiqueId=61&merchantId=1134952,Katt,89,4899,,,,TRY,"[""Kargo Bedava"",""Peşin Fiyatına 3 Taksit"",""Trendyol Plus'a Özel""]",InStock,10 adetten fazla stok sunulmuştur,,,4.4,41,,,19,,"5,2B kişi favoriledi",,,,0,,,,Tahmini Teslim:,,,{},0,,refreshed,"[""daily_top""]",true,2026-08-19T01:49:40+03:00,0,"[""search_result_dom"",""product_detail_jsonld"",""product_detail_dom""]","{""title"":""observed"",""brand"":""observed"",""seller_name"":""observed"",""seller_score"":""observed"",""price"":""observed"",""original_price"":""unavailable"",""campaigns"":""observed"",""stock_status"":""observed"",""stock_signal"":""observed"",""rating"":""observed"",""rating_count"":""observed"",""review_count"":""unavailable"",""question_count"":""observed"",""delivery_summary"":""observed"",""shipping_cost"":""unavailable"",""properties"":""observed""}",true,
2026-08-19,2026-08-19T01:49:40+03:00,mobilya,BEST_SELLER,koltuk-oturma,koltuk kanepe berjer,52,2,112,112,7,,6.2,23.8,1070860045,1065542,"KOKİ DESİGN LİDA 2 Kişilik Uzun Koltuk Berjer Wellsoft Turuncu (Salon , Balkon ,Ofis)",KOKİ DESİGN,,https://www.trendyol.com/koki-design/lida-2-kisilik-uzun-koltuk-berjer-wellsoft-turuncu-salon-balkon-ofis-p-1070860045?boutiqueId=61&merchantId=1065542,KOKİ DESIGN,95,7999,,,,TRY,"[""Kargo Bedava"",""Peşin Fiyatına 6 Taksit""]",InStock,100 adetten fazla stok sunulmuştur,,,5,5,,,19,,"1,7B kişi favoriledi",,,,0,,,,Tahmini Teslim:,,,{},0,,refreshed,"[""daily_top""]",true,2026-08-19T01:49:40+03:00,0,"[""search_result_dom"",""product_detail_jsonld"",""product_detail_dom""]","{""title"":""observed"",""brand"":""observed"",""seller_name"":""observed"",""seller_score"":""observed"",""price"":""observed"",""original_price"":""unavailable"",""campaigns"":""observed"",""stock_status"":""observed"",""stock_signal"":""observed"",""rating"":""observed"",""rating_count"":""observed"",""review_count"":""unavailable"",""question_count"":""observed"",""delivery_summary"":""observed"",""shipping_cost"":""unavailable"",""properties"":""observed""}",true,
2026-08-19,2026-08-19T01:49:40+03:00,mobilya,BEST_SELLER,koltuk-oturma,koltuk kanepe berjer,53,2,113,113,,,0,,806159977,563987,Vipa Home OPLO TEKLİ YATAKLI SANDIKLI KANEPE,Vipa Home,Berjer,https://www.trendyol.com/vipa-home/oplo-tekli-yatakli-sandikli-kanepe-p-806159977?boutiqueId=61&merchantId=563987,Vipa Home,1.5,10990,,,,TRY,"[""Kargo Bedava"",""Peşin Fiyatına 9 Taksit""]",InStock,10 adetten fazla stok sunulmuştur,,,,,,,6,,,,4999,TRY,0,12,1,15,Tahmini Teslim:,,https://cdn.dsmcdn.com/ty1351/product/media/images/prod/QC/20240607/12/cdf108fe-aee4-3821-b628-cb3c53523247/1_org_zoom.jpg,"{""Materyal"":""Ahşap"",""Tema / Stil"":""Modern"",""Renk"":""Gri"",""Garanti Süresi"":""2 Yıl"",""Ayak Malzemesi"":""Plastik"",""Kumaş"":""Keten"",""Genişlik"":""83 cm"",""Derinlik"":""82 cm"",""Stil"":""Modern"",""Özellik"":""Fonksiyonlu""}",0,,refreshed,"[""daily_top""]",true,2026-08-19T01:49:40+03:00,0,"[""search_result_dom"",""product_detail_jsonld"",""product_detail_dom""]","{""title"":""observed"",""brand"":""observed"",""seller_name"":""observed"",""seller_score"":""observed"",""price"":""observed"",""original_price"":""unavailable"",""campaigns"":""observed"",""stock_status"":""observed"",""stock_signal"":""observed"",""rating"":""unavailable"",""rating_count"":""unavailable"",""review_count"":""unavailable"",""question_count"":""observed"",""delivery_summary"":""observed"",""shipping_cost"":""observed"",""properties"":""observed""}",true,
2026-08-19,2026-08-19T01:49:40+03:00,mobilya,BEST_SELLER,koltuk-oturma,koltuk kanepe berjer,54,2,114,114,4,,12.1,17.9,32444361,107598,Gaga Mobilya Bahçe Mobilyası Bahçe Takımı Balkon Oturma Grubu Tekli Kanepe Tekli Koltuk Takımı Berjer (68CM AÇIK GRİ),Gaga Mobilya,,https://www.trendyol.com/gaga-mobilya/bahce-mobilyasi-bahce-takimi-balkon-oturma-grubu-tekli-kanepe-tekli-koltuk-takimi-berjer-68cm-acik-gri-p-32444361?boutiqueId=61&merchantId=107598,Gaga Mobilya,,2899,,,,TRY,"[""Kargo Bedava"",""Peşin Fiyatına 3 Taksit"",""Trendyol Plus'a Özel""]",InStock,100 adetten fazla stok sunulmuştur,,,4.7,32,,,43,,"2,1B kişi favoriledi",,,,0,,,,Tahmini Teslim:,Fenomen Seçimi,,{},0,,refreshed,"[""daily_top""]",true,2026-08-19T01:49:40+03:00,0,"[""search_result_dom"",""product_detail_jsonld"",""product_detail_dom""]","{""title"":""observed"",""brand"":""observed"",""seller_name"":""observed"",""seller_score"":""unavailable"",""price"":""observed"",""original_price"":""unavailable"",""campaigns"":""observed"",""stock_status"":""observed"",""stock_signal"":""observed"",""rating"":""observed"",""rating_count"":""observed"",""review_count"":""unavailable"",""question_count"":""observed"",""delivery_summary"":""observed"",""shipping_cost"":""unavailable"",""properties"":""observed""}",true,
2026-08-19,2026-08-19T01:49:40+03:00,mobilya,BEST_SELLER,koltuk-oturma,koltuk kanepe berjer,55,2,115,115,2,,0,,1135816422,107598,YAN YANA Köşe Takımı Koltuk Takımı Yatak Kanepe Berjer Puf Modüler Kasa Siyah Sehpa Modül,YAN YANA,,https://www.trendyol.com/yan-yana/kose-takimi-koltuk-takimi-yatak-kanepe-berjer-puf-moduler-kasa-siyah-sehpa-modul-p-1135816422?boutiqueId=61&merchantId=107598,Gaga Mobilya,89,999,,,,TRY,"[""Kargo Bedava""]",InStock,100 adetten fazla stok sunulmuştur,,,,,,,1,,,,,,0,,,,Tahmini Teslim:,,,{},0,,refreshed,"[""daily_top""]",true,2026-08-19T01:49:40+03:00,0,"[""search_result_dom"",""product_detail_jsonld"",""product_detail_dom""]","{""title"":""observed"",""brand"":""observed"",""seller_name"":""observed"",""seller_score"":""observed"",""price"":""observed"",""original_price"":""unavailable"",""campaigns"":""observed"",""stock_status"":""observed"",""stock_signal"":""observed"",""rating"":""unavailable"",""rating_count"":""unavailable"",""review_count"":""unavailable"",""question_count"":""observed"",""delivery_summary"":""observed"",""shipping_cost"":""unavailable"",""properties"":""observed""}",true,
2026-08-19,2026-08-19T01:49:40+03:00,mobilya,BEST_SELLER,koltuk-oturma,koltuk kanepe berjer,56,2,116,116,7,,4.8,25.2,1139651302,1065542,"KOKİ DESİGN LİDA 2 Kişilik Uzun Koltuk Berjer Wellsoft Gülkurusu (Salon , Balkon ,Ofis)",KOKİ DESİGN,,https://www.trendyol.com/koki-design/lida-2-kisilik-uzun-koltuk-berjer-wellsoft-gulkurusu-salon-balkon-ofis-p-1139651302?boutiqueId=61&merchantId=1065542,KOKİ DESIGN,95,7999,,,,TRY,"[""Kargo Bedava"",""Peşin Fiyatına 6 Taksit""]",InStock,100 adetten fazla stok sunulmuştur,,,4.7,3,,,4,,948 kişi favoriledi,,,,0,,,,Tahmini Teslim:,,,{},0,,refreshed,"[""daily_top""]",true,2026-08-19T01:49:40+03:00,0,"[""search_result_dom"",""product_detail_jsonld"",""product_detail_dom""]","{""title"":""observed"",""brand"":""observed"",""seller_name"":""observed"",""seller_score"":""observed"",""price"":""observed"",""original_price"":""unavailable"",""campaigns"":""observed"",""stock_status"":""observed"",""stock_signal"":""observed"",""rating"":""observed"",""rating_count"":""observed"",""review_count"":""unavailable"",""question_count"":""observed"",""delivery_summary"":""observed"",""shipping_cost"":""unavailable"",""properties"":""observed""}",true,
2026-08-19,2026-08-19T01:49:40+03:00,mobilya,BEST_SELLER,koltuk-oturma,koltuk kanepe berjer,57,2,117,117,,,0,,945869880,995061,"Modamed Twisto Açılır Kanepe Yatak Olan Rahat, Aktivite Koltuğu, 2 Kare Puf, Berjer, Katlanır Koltuk",Modamed,Kanepe,https://www.trendyol.com/modamed/twisto-acilir-kanepe-yatak-olan-rahat-aktivite-koltugu-2-kare-puf-berjer-katlanir-koltuk-p-945869880?boutiqueId=61&merchantId=995061,Modamed Yatak by Modalife,89,16635.6,,,,TRY,"[""Kargo Bedava"",""Peşin Fiyatına 9 Taksit"",""Trendyol Plus'a Özel""]",InStock,100 adetten fazla stok sunulmuştur,,,,,,,2,,,,4999,TRY,0,12,1,15,Tahmini Teslim:,,https://cdn.dsmcdn.com/ty1695/prod/QC_PREP/20250618/11/ad95ca6b-e808-3e9d-8a65-ee8e46510e52/1_org_zoom.jpg,"{""Materyal"":""Tekstil"",""Renk"":""Krem"",""Gövde Materyali"":""Sünger"",""Koltuk Tipi"":""İkili Koltuk"",""Tasarım"":""Modern"",""Kumaş"":""Kadife"",""Fonksiyon"":""Yataklı"",""Genişlik"":""160 cm"",""Derinlik"":""70 cm"",""Oturum Yumuşaklığı"":""Orta Sert"",""Ayak Malzemesi"":""Ayaksız"",""Garanti Süresi"":""2 Yıl"",""Ayak Malzemesi Rengi"":""Siyah"",""Stil"":""Modern"",""Tema / Stil"":""Modern"",""Menşei"":""TR"",""Özellik"":""Hava""}",0,,refreshed,"[""daily_top""]",true,2026-08-19T01:49:40+03:00,0,"[""search_result_dom"",""product_detail_jsonld"",""product_detail_dom""]","{""title"":""observed"",""brand"":""observed"",""seller_name"":""observed"",""seller_score"":""observed"",""price"":""observed"",""original_price"":""unavailable"",""campaigns"":""observed"",""stock_status"":""observed"",""stock_signal"":""observed"",""rating"":""unavailable"",""rating_count"":""unavailable"",""review_count"":""unavailable"",""question_count"":""observed"",""delivery_summary"":""observed"",""shipping_cost"":""observed"",""properties"":""observed""}",true,
2026-08-19,2026-08-19T01:49:40+03:00,mobilya,BEST_SELLER,koltuk-oturma,koltuk kanepe berjer,58,2,118,118,30,,1.1,,1104916541,126760,NWİN HOME Luvy Modern Tasarım Fitilli Kadife Oyun ve Okuma Koltuğu Katlanan Kanepe Minder Berjer 80*180,NWİN HOME,Berjer,https://www.trendyol.com/nwin-home/luvy-modern-tasarim-fitilli-kadife-oyun-ve-okuma-koltugu-katlanan-kanepe-minder-berjer-80-180-p-1104916541?boutiqueId=61&merchantId=126760,ANADOLU YATAK,88,4311.82,4361.82,1.1,,TRY,"[""Kargo Bedava"",""Peşin Fiyatına 3 Taksit""]",InStock,100 adetten fazla stok sunulmuştur,,,,,,,5,,,,4999,TRY,0,1,1,4,22 saat 7 dakika içinde sipariş verirsen en geç yarın kargoda!,,https://cdn.dsmcdn.com/ty1825/prod/QC_PREP/20260216/15/4926a750-f3c8-3bf4-b819-5f1d2ff7f9f4/1_org_zoom.jpg,"{""Materyal"":""Tekstil"",""Tema / Stil"":""Modern"",""Renk"":""Pembe"",""Boyut/Ebat"":""180 x 80"",""Garanti Süresi"":""1 Yıl"",""Ayak Malzemesi"":""Ayaksız"",""Kumaş"":""Kadife"",""Genişlik"":""80 cm"",""Derinlik"":""80 cm"",""Stil"":""İskandinav"",""Menşei"":""TR"",""Paket Derinlik"":""30 cm"",""Paket Genişlik"":""80 cm"",""Paket Yükseklik"":""30 cm""}",0,,refreshed,"[""daily_top""]",true,2026-08-19T01:49:40+03:00,0,"[""search_result_dom"",""product_detail_jsonld"",""product_detail_dom""]","{""title"":""observed"",""brand"":""observed"",""seller_name"":""observed"",""seller_score"":""observed"",""price"":""observed"",""original_price"":""observed"",""campaigns"":""observed"",""stock_status"":""observed"",""stock_signal"":""observed"",""rating"":""unavailable"",""rating_count"":""unavailable"",""review_count"":""unavailable"",""question_count"":""observed"",""delivery_summary"":""observed"",""shipping_cost"":""observed"",""properties"":""observed""}",true,
2026-08-19,2026-08-19T01:49:40+03:00,mobilya,BEST_SELLER,koltuk-oturma,koltuk kanepe berjer,59,2,119,119,3,,0.5,,1139499391,471236,"S Home Design Concept Elips Toile de Jouy, Vintage Desenli Mini Kanepe 2'li Çay Seti Berjer Ve Balkon Puf Takımı Teddy",S Home Design Concept,,https://www.trendyol.com/s-home-design-concept/elips-toile-de-jouy-vintage-desenli-mini-kanepe-2-li-cay-seti-berjer-ve-balkon-puf-takimi-teddy-p-1139499391?boutiqueId=61&merchantId=471236,S Home Design Concept,,27421.14,27571.14,0.5,,TRY,"[""Kargo Bedava"",""Peşin Fiyatına 9 Taksit""]",InStock,100 adetten fazla stok sunulmuştur,,,,,,,1,,,,,,0,,,,Tahmini Teslim:,,,{},0,,refreshed,"[""daily_top""]",true,2026-08-19T01:49:40+03:00,0,"[""search_result_dom"",""product_detail_jsonld"",""product_detail_dom""]","{""title"":""observed"",""brand"":""observed"",""seller_name"":""observed"",""seller_score"":""unavailable"",""price"":""observed"",""original_price"":""observed"",""campaigns"":""observed"",""stock_status"":""observed"",""stock_signal"":""observed"",""rating"":""unavailable"",""rating_count"":""unavailable"",""review_count"":""unavailable"",""question_count"":""observed"",""delivery_summary"":""observed"",""shipping_cost"":""unavailable"",""properties"":""observed""}",true,
2026-08-19,2026-08-19T01:49:40+03:00,mobilya,BEST_SELLER,koltuk-oturma,koltuk kanepe berjer,60,2,120,120,7,,8.6,21.4,811898204,1134952,GOOD NİGHT Twist Yeni Nesil Kanepe & Puf & Berjer Takım,GOOD NİGHT,,https://www.trendyol.com/good-night/twist-yeni-nesil-kanepe-puf-berjer-takim-p-811898204?boutiqueId=61&merchantId=1134952,Katt,89,4899,,,,TRY,"[""Kargo Bedava"",""Peşin Fiyatına 3 Taksit"",""Trendyol Plus'a Özel""]",InStock,10 adetten fazla stok sunulmuştur,,,4.3,11,,,9,,"4,5B kişi favoriledi",,,,0,,,,Tahmini Teslim:,,,{},0,,refreshed,"[""daily_top""]",true,2026-08-19T01:49:40+03:00,0,"[""search_result_dom"",""product_detail_jsonld"",""product_detail_dom""]","{""title"":""observed"",""brand"":""observed"",""seller_name"":""observed"",""seller_score"":""observed"",""price"":""observed"",""original_price"":""unavailable"",""campaigns"":""observed"",""stock_status"":""observed"",""stock_signal"":""observed"",""rating"":""observed"",""rating_count"":""observed"",""review_count"":""unavailable"",""question_count"":""observed"",""delivery_summary"":""observed"",""shipping_cost"":""unavailable"",""properties"":""observed""}",true,
2026-08-19,2026-08-19T01:49:40+03:00,mobilya,BEST_SELLER,koltuk-oturma,koltuk kanepe berjer,61,2,121,121,,,0,,1123958391,797053,GOOD NİGHT Partner Sofa & Yatak & Berjer,GOOD NİGHT,,https://www.trendyol.com/good-night/partner-sofa-yatak-berjer-p-1123958391?boutiqueId=61&merchantId=797053,GOOD NIGHT HOME,93,23999,,,,TRY,"[""Sepette %21 İndirim"",""1000 TL Kupon"",""Kargo Bedava"",""Süper Fırsat Ürünü"",""1.000 TL Kupon"",""Peşin Fiyatına 9 Taksit"",""Trendyol Plus'a Özel""]",InStock,10 adetten fazla stok sunulmuştur,,,,,,,9,,968 kişi favoriledi,,,,0,,,,Tahmini Teslim:,,,{},0,,refreshed,"[""daily_top""]",true,2026-08-19T01:49:40+03:00,0,"[""search_result_dom"",""product_detail_jsonld"",""product_detail_dom""]","{""title"":""observed"",""brand"":""observed"",""seller_name"":""observed"",""seller_score"":""observed"",""price"":""observed"",""original_price"":""unavailable"",""campaigns"":""observed"",""stock_status"":""observed"",""stock_signal"":""observed"",""rating"":""unavailable"",""rating_count"":""unavailable"",""review_count"":""unavailable"",""question_count"":""observed"",""delivery_summary"":""observed"",""shipping_cost"":""unavailable"",""properties"":""observed""}",true,
2026-08-19,2026-08-19T01:49:40+03:00,mobilya,BEST_SELLER,koltuk-oturma,koltuk kanepe berjer,62,2,122,122,,,2.4,27.6,1123958898,797053,GOOD NİGHT Partner Sofa & Yatak & Berjer,GOOD NİGHT,,https://www.trendyol.com/good-night/partner-sofa-yatak-berjer-p-1123958898?boutiqueId=61&merchantId=797053,GOOD NIGHT HOME,93,23999,,,,TRY,"[""Sepette %21 İndirim"",""1000 TL Kupon"",""Kargo Bedava"",""Süper Fırsat Ürünü"",""1.000 TL Kupon"",""Peşin Fiyatına 9 Taksit"",""Trendyol Plus'a Özel""]",InStock,10 adetten fazla stok sunulmuştur,,,2,1,,,3,,495 kişi favoriledi,,,,0,,,,Tahmini Teslim:,,,{},0,,refreshed,"[""daily_top""]",true,2026-08-19T01:49:40+03:00,0,"[""search_result_dom"",""product_detail_jsonld"",""product_detail_dom""]","{""title"":""observed"",""brand"":""observed"",""seller_name"":""observed"",""seller_score"":""observed"",""price"":""observed"",""original_price"":""unavailable"",""campaigns"":""observed"",""stock_status"":""observed"",""stock_signal"":""observed"",""rating"":""observed"",""rating_count"":""observed"",""review_count"":""unavailable"",""question_count"":""observed"",""delivery_summary"":""observed"",""shipping_cost"":""unavailable"",""properties"":""observed""}",true,
2026-08-19,2026-08-19T01:49:40+03:00,mobilya,BEST_SELLER,koltuk-oturma,koltuk kanepe berjer,63,2,123,123,9,,0,,1142682473,107598,Gaga Mobilya Köşe Takımı Koltuk Takımı Yatak Kanepe Koltuk Berjer Puf Modüler Oturma Grubu 90 X 180 YanYana,Gaga Mobilya,,https://www.trendyol.com/gaga-mobilya/kose-takimi-koltuk-takimi-yatak-kanepe-koltuk-berjer-puf-moduler-oturma-grubu-90-x-180-yanyana-p-1142682473?boutiqueId=61&merchantId=107598,Gaga Mobilya,,9999,,,,TRY,"[""Kargo Bedava"",""Peşin Fiyatına 6 Taksit""]",InStock,100 adetten fazla stok sunulmuştur,,,,,,,3,,,,,,0,,,,Tahmini Teslim:,,,{},0,,refreshed,"[""daily_top""]",true,2026-08-19T01:49:40+03:00,0,"[""search_result_dom"",""product_detail_jsonld"",""product_detail_dom""]","{""title"":""observed"",""brand"":""observed"",""seller_name"":""observed"",""seller_score"":""unavailable"",""price"":""observed"",""original_price"":""unavailable"",""campaigns"":""observed"",""stock_status"":""observed"",""stock_signal"":""observed"",""rating"":""unavailable"",""rating_count"":""unavailable"",""review_count"":""unavailable"",""question_count"":""observed"",""delivery_summary"":""observed"",""shipping_cost"":""unavailable"",""properties"":""observed""}",true,
2026-08-19,2026-08-19T01:49:40+03:00,mobilya,BEST_SELLER,koltuk-oturma,koltuk kanepe berjer,64,2,124,124,12,,2.4,27.6,1135866986,107598,YAN YANA Köşe Takımı Koltuk Takımı Yatak Kanepe Berjer Puf Modüler Kasa Siyah Kılıf Lacivert 270X180,YAN YANA,Köşe Takımı,https://www.trendyol.com/yan-yana/kose-takimi-koltuk-takimi-yatak-kanepe-berjer-puf-moduler-kasa-siyah-kilif-lacivert-270x180-p-1135866986?boutiqueId=61&merchantId=107598,Gaga Mobilya,89,16999,,,,TRY,"[""Kargo Bedava"",""Peşin Fiyatına 9 Taksit""]",InStock,100 adetten fazla stok sunulmuştur,,,5,1,1,,2,,,,4999,TRY,0,6,1,9,Tahmini Teslim:,,https://cdn.dsmcdn.com/ty1857/prod/QC_PREP/20260420/23/3c83a7eb-ca31-3ae2-aec6-576ade873eae/1_org_zoom.jpg,"{""Materyal"":""Tekstil"",""Renk"":""Siyah"",""Boyut/Ebat"":""90 x 180"",""Gövde Materyali"":""Metal"",""Kumaş"":""Dokuma"",""Fonksiyon"":""Sabit"",""Ayak Malzemesi"":""Metal"",""Koltuk Tipi"":""Moduler Koltuk"",""Tasarım"":""Modern"",""Genişlik"":""180 cm"",""Derinlik"":""90 cm"",""Oturum Yumuşaklığı"":""Yumuşak"",""Garanti Süresi"":""5 Yıl"",""Köşe Yönü"":""Sağ-Sol Değiştirilebilir"",""Ayak Malzemesi Rengi"":""Siyah"",""Stil"":""Modern"",""Tema / Stil"":""Modern"",""Kumaş Tipi"":""Dokuma"",""Menşei"":""TR""}",1,5,refreshed,"[""daily_top""]",true,2026-08-19T01:49:40+03:00,0,"[""search_result_dom"",""product_detail_jsonld"",""product_detail_dom""]","{""title"":""observed"",""brand"":""observed"",""seller_name"":""observed"",""seller_score"":""observed"",""price"":""observed"",""original_price"":""unavailable"",""campaigns"":""observed"",""stock_status"":""observed"",""stock_signal"":""observed"",""rating"":""observed"",""rating_count"":""observed"",""review_count"":""observed"",""question_count"":""observed"",""delivery_summary"":""observed"",""shipping_cost"":""observed"",""properties"":""observed""}",true,
2026-08-19,2026-08-19T01:49:40+03:00,mobilya,BEST_SELLER,koltuk-oturma,koltuk kanepe berjer,65,2,125,125,3,,0.6,,1142990263,471236,"S Home Design Concept Elips Toile de Jouy, Vintage Desenli Mini Kanepe 2'li Çay Seti Berjer Ve Balkon Puf Takımı Teddy",S Home Design Concept,,https://www.trendyol.com/s-home-design-concept/elips-toile-de-jouy-vintage-desenli-mini-kanepe-2-li-cay-seti-berjer-ve-balkon-puf-takimi-teddy-p-1142990263?boutiqueId=61&merchantId=471236,S Home Design Concept,,26763.46,26913.46,0.6,,TRY,"[""Kargo Bedava"",""Peşin Fiyatına 9 Taksit""]",InStock,100 adetten fazla stok sunulmuştur,,,,,,,1,,,,,,0,,,,Tahmini Teslim:,,,{},0,,refreshed,"[""daily_top""]",true,2026-08-19T01:49:40+03:00,0,"[""search_result_dom"",""product_detail_jsonld"",""product_detail_dom""]","{""title"":""observed"",""brand"":""observed"",""seller_name"":""observed"",""seller_score"":""unavailable"",""price"":""observed"",""original_price"":""observed"",""campaigns"":""observed"",""stock_status"":""observed"",""stock_signal"":""observed"",""rating"":""unavailable"",""rating_count"":""unavailable"",""review_count"":""unavailable"",""question_count"":""observed"",""delivery_summary"":""observed"",""shipping_cost"":""unavailable"",""properties"":""observed""}",true,
2026-08-19,2026-08-19T01:49:40+03:00,mobilya,BEST_SELLER,koltuk-oturma,koltuk kanepe berjer,66,2,126,126,,,2.4,27.6,661805611,544677,Pablohome Pablo Home Concept Daisy Koltuk Takımı ( 1 Adet Üçlü Kanepe 1 Adet Berjer Ve 1 Adet Puf ),Pablohome,Koltuk Takımı,https://www.trendyol.com/pablohome/pablo-home-concept-daisy-koltuk-takimi-1-adet-uclu-kanepe-1-adet-berjer-ve-1-adet-puf-p-661805611?boutiqueId=61&merchantId=544677,Pablo home concept,79,77989,,,,TRY,"[""Kargo Bedava"",""Peşin Fiyatına 9 Taksit""]",InStock,10 adetten fazla stok sunulmuştur,,,5,1,,,20,,"2,4B kişi favoriledi",,4999,TRY,0,17,1,21,Tahmini Teslim:,Fenomen Seçimi,https://cdn.dsmcdn.com/ty1396/product/media/images/prod/QC/20240702/12/2336136c-b7ec-32cb-8a86-9b749e4bc2f4/1_org_zoom.jpg,"{""Materyal"":""Ahşap"",""Renk"":""Beyaz"",""Takım İçeriği"":""3+1"",""Gövde Materyali"":""Ahşap"",""Kumaş"":""Polyester"",""Ayak Malzemesi"":""Ayaksız"",""Fonksiyon"":""Sabit"",""Tasarım"":""Modern"",""Koltuk Tipi"":""Koltuk Takımı"",""Garanti Süresi"":""2 Yıl"",""Stil"":""Modern"",""Tema / Stil"":""Modern""}",0,,refreshed,"[""daily_top""]",true,2026-08-19T01:49:40+03:00,0,"[""search_result_dom"",""product_detail_jsonld"",""product_detail_dom""]","{""title"":""observed"",""brand"":""observed"",""seller_name"":""observed"",""seller_score"":""observed"",""price"":""observed"",""original_price"":""unavailable"",""campaigns"":""observed"",""stock_status"":""observed"",""stock_signal"":""observed"",""rating"":""observed"",""rating_count"":""observed"",""review_count"":""unavailable"",""question_count"":""observed"",""delivery_summary"":""observed"",""shipping_cost"":""observed"",""properties"":""observed""}",true,
2026-08-19,2026-08-19T01:49:40+03:00,mobilya,BEST_SELLER,koltuk-oturma,koltuk kanepe berjer,67,2,127,127,7,,10.7,19.3,812574097,1134952,GOOD NİGHT Twist Yeni Nesil Kanepe & Puf & Berjer Takım,GOOD NİGHT,,https://www.trendyol.com/good-night/twist-yeni-nesil-kanepe-puf-berjer-takim-p-812574097?boutiqueId=61&merchantId=1134952,Katt,89,4899,,,,TRY,"[""Kargo Bedava"",""Peşin Fiyatına 3 Taksit"",""Trendyol Plus'a Özel""]",InStock,5 adetten fazla stok sunulmuştur,,,4.2,21,,,8,,"5,2B kişi favoriledi",,,,0,,,,Tahmini Teslim:,,,{},0,,refreshed,"[""daily_top""]",true,2026-08-19T01:49:40+03:00,0,"[""search_result_dom"",""product_detail_jsonld"",""product_detail_dom""]","{""title"":""observed"",""brand"":""observed"",""seller_name"":""observed"",""seller_score"":""observed"",""price"":""observed"",""original_price"":""unavailable"",""campaigns"":""observed"",""stock_status"":""observed"",""stock_signal"":""observed"",""rating"":""observed"",""rating_count"":""observed"",""review_count"":""unavailable"",""question_count"":""observed"",""delivery_summary"":""observed"",""shipping_cost"":""unavailable"",""properties"":""observed""}",true,
2026-08-19,2026-08-19T01:49:40+03:00,mobilya,BEST_SELLER,koltuk-oturma,koltuk kanepe berjer,68,2,128,128,,,0.4,,1158285473,121057,"Zem Dream Koltuk Takımı, Açık Krem (2 ADET KANEPE 2 ADET BERJER)",Zem,Koltuk Takımı,https://www.trendyol.com/zem/dream-koltuk-takimi-acik-krem-2-adet-kanepe-2-adet-berjer-p-1158285473?boutiqueId=61&merchantId=121057,Zem Home,9,37487.38,37637.38,0.4,,TRY,"[""Kargo Bedava"",""Peşin Fiyatına 9 Taksit""]",InStock,100 adetten fazla stok sunulmuştur,,,,,,,,,,,4999,TRY,0,17,1,21,Tahmini Teslim:,,https://cdn.dsmcdn.com/ty1896/prod/QC_PREP/20260619/16/faff0c25-28f7-3fdc-863a-2a23f4e50282/1_org_zoom.jpg,"{""Materyal"":""Ahşap"",""Renk"":""Ekru"",""Takım İçeriği"":""3+3+1+1"",""Gövde Materyali"":""Ahşap"",""Kumaş"":""Keten"",""Ayak Malzemesi"":""Ahşap"",""Fonksiyon"":""Mekanizmalı"",""Tasarım"":""Modern"",""Koltuk Tipi"":""Koltuk Takımı"",""Stil"":""Modern"",""Tema / Stil"":""Modern"",""Menşei"":""TR""}",0,,refreshed,"[""daily_top""]",true,2026-08-19T01:49:40+03:00,0,"[""search_result_dom"",""product_detail_jsonld"",""product_detail_dom""]","{""title"":""observed"",""brand"":""observed"",""seller_name"":""observed"",""seller_score"":""observed"",""price"":""observed"",""original_price"":""observed"",""campaigns"":""observed"",""stock_status"":""observed"",""stock_signal"":""observed"",""rating"":""unavailable"",""rating_count"":""unavailable"",""review_count"":""unavailable"",""question_count"":""unavailable"",""delivery_summary"":""observed"",""shipping_cost"":""observed"",""properties"":""observed""}",true,
2026-08-19,2026-08-19T01:49:40+03:00,mobilya,BEST_SELLER,koltuk-oturma,koltuk kanepe berjer,69,2,129,129,9,,0,,1142681764,107598,Gaga Mobilya Köşe Takımı Koltuk Takımı Yatak Kanepe Koltuk Berjer Puf Modüler Oturma Grubu 90 X 180 YanYana,Gaga Mobilya,,https://www.trendyol.com/gaga-mobilya/kose-takimi-koltuk-takimi-yatak-kanepe-koltuk-berjer-puf-moduler-oturma-grubu-90-x-180-yanyana-p-1142681764?boutiqueId=61&merchantId=107598,Gaga Mobilya,,9999,,,,TRY,"[""Kargo Bedava"",""Peşin Fiyatına 6 Taksit""]",InStock,100 adetten fazla stok sunulmuştur,,,,,,,1,,,,,,0,,,,Tahmini Teslim:,,,{},0,,refreshed,"[""daily_top""]",true,2026-08-19T01:49:40+03:00,0,"[""search_result_dom"",""product_detail_jsonld"",""product_detail_dom""]","{""title"":""observed"",""brand"":""observed"",""seller_name"":""observed"",""seller_score"":""unavailable"",""price"":""observed"",""original_price"":""unavailable"",""campaigns"":""observed"",""stock_status"":""observed"",""stock_signal"":""observed"",""rating"":""unavailable"",""rating_count"":""unavailable"",""review_count"":""unavailable"",""question_count"":""observed"",""delivery_summary"":""observed"",""shipping_cost"":""unavailable"",""properties"":""observed""}",true,
2026-08-19,2026-08-19T01:49:40+03:00,mobilya,BEST_SELLER,koltuk-oturma,koltuk kanepe berjer,70,2,130,130,3,,2.4,27.6,866561014,692462,SCY Septentri Modern Puf Tekli Berjer Takımı Montajsız Bench Bank Oturma Odası Kanepe Mini Puflu Koltuk,SCY,,https://www.trendyol.com/scy/septentri-modern-puf-tekli-berjer-takimi-montajsiz-bench-bank-oturma-odasi-kanepe-mini-puflu-koltuk-p-866561014?boutiqueId=61&merchantId=692462,TurgutsHome,85,19999,,,,TRY,"[""Kargo Bedava"",""Peşin Fiyatına 9 Taksit""]",InStock,10 adetten fazla stok sunulmuştur,,,5,1,,,7,,,,,,0,,,,Tahmini Teslim:,,,{},0,,refreshed,"[""daily_top""]",true,2026-08-19T01:49:40+03:00,0,"[""search_result_dom"",""product_detail_jsonld"",""product_detail_dom""]","{""title"":""observed"",""brand"":""observed"",""seller_name"":""observed"",""seller_score"":""observed"",""price"":""observed"",""original_price"":""unavailable"",""campaigns"":""observed"",""stock_status"":""observed"",""stock_signal"":""observed"",""rating"":""observed"",""rating_count"":""observed"",""review_count"":""unavailable"",""question_count"":""observed"",""delivery_summary"":""observed"",""shipping_cost"":""unavailable"",""properties"":""observed""}",true,
2026-08-19,2026-08-19T01:49:40+03:00,mobilya,BEST_SELLER,koltuk-oturma,koltuk kanepe berjer,71,2,131,131,,,4.8,25.2,926348668,995061,"Modamed Tv Koltuğu, Baba-Rahatlama Koltuğu, Fonksiyonel Berjer, Kanepe, Yatak Olabilir",Modamed,TV Koltuğu,https://www.trendyol.com/modamed/tv-koltugu-baba-rahatlama-koltugu-fonksiyonel-berjer-kanepe-yatak-olabilir-p-926348668?boutiqueId=61&merchantId=995061,Modamed Yatak by Modalife,89,18823.5,,,,TRY,"[""Kargo Bedava"",""Peşin Fiyatına 9 Taksit"",""Trendyol Plus'a Özel""]",InStock,100 adetten fazla stok sunulmuştur,,,5,3,3,,8,,,,4999,TRY,0,12,1,15,Tahmini Teslim:,,https://cdn.dsmcdn.com/ty1677/prod/QC/20250514/09/cf391930-0605-3542-9006-d61990c88c6c/1_org_zoom.jpg,"{""Materyal"":""Tekstil"",""Renk"":""Gri"",""Garanti Süresi"":""2 Yıl"",""Kumaş"":""Keten"",""Stil"":""Modern"",""Tema / Stil"":""Modern"",""Menşei"":""TR""}",3,5,refreshed,"[""daily_top""]",true,2026-08-19T01:49:40+03:00,0,"[""search_result_dom"",""product_detail_jsonld"",""product_detail_dom""]","{""title"":""observed"",""brand"":""observed"",""seller_name"":""observed"",""seller_score"":""observed"",""price"":""observed"",""original_price"":""unavailable"",""campaigns"":""observed"",""stock_status"":""observed"",""stock_signal"":""observed"",""rating"":""observed"",""rating_count"":""observed"",""review_count"":""observed"",""question_count"":""observed"",""delivery_summary"":""observed"",""shipping_cost"":""observed"",""properties"":""observed""}",true,
2026-08-19,2026-08-19T01:49:40+03:00,mobilya,BEST_SELLER,koltuk-oturma,koltuk kanepe berjer,72,2,132,132,7,,7.2,22.8,1070865282,1065542,"KOKİ DESİGN LİDA 2 Kişilik Uzun Koltuk Berjer Wellsoft Antrasit (Salon , Balkon ,Ofis)",KOKİ DESİGN,,https://www.trendyol.com/koki-design/lida-2-kisilik-uzun-koltuk-berjer-wellsoft-antrasit-salon-balkon-ofis-p-1070865282?boutiqueId=61&merchantId=1065542,KOKİ DESIGN,95,7999,,,,TRY,"[""Kargo Bedava"",""Peşin Fiyatına 6 Taksit""]",InStock,100 adetten fazla stok sunulmuştur,,,4.3,7,,,17,,"1,7B kişi favoriledi",,,,0,,,,Tahmini Teslim:,,,{},0,,refreshed,"[""daily_top""]",true,2026-08-19T01:49:40+03:00,0,"[""search_result_dom"",""product_detail_jsonld"",""product_detail_dom""]","{""title"":""observed"",""brand"":""observed"",""seller_name"":""observed"",""seller_score"":""observed"",""price"":""observed"",""original_price"":""unavailable"",""campaigns"":""observed"",""stock_status"":""observed"",""stock_signal"":""observed"",""rating"":""observed"",""rating_count"":""observed"",""review_count"":""unavailable"",""question_count"":""observed"",""delivery_summary"":""observed"",""shipping_cost"":""unavailable"",""properties"":""observed""}",true,
2026-08-19,2026-08-19T01:49:40+03:00,mobilya,BEST_SELLER,koltuk-oturma,koltuk kanepe berjer,73,2,133,133,6,,0,,1135789198,107598,YAN YANA Köşe Takımı Koltuk Takımı Yatak Kanepe Berjer Puf Modüler Kasa Siyah Kılıf Gri Köşe Modül,YAN YANA,,https://www.trendyol.com/yan-yana/kose-takimi-koltuk-takimi-yatak-kanepe-berjer-puf-moduler-kasa-siyah-kilif-gri-kose-modul-p-1135789198?boutiqueId=61&merchantId=107598,Gaga Mobilya,89,5699,,,,TRY,"[""Kargo Bedava"",""Peşin Fiyatına 3 Taksit""]",InStock,100 adetten fazla stok sunulmuştur,,,,,,,1,,,,,,0,,,,Tahmini Teslim:,,,{},0,,refreshed,"[""daily_top""]",true,2026-08-19T01:49:40+03:00,0,"[""search_result_dom"",""product_detail_jsonld"",""product_detail_dom""]","{""title"":""observed"",""brand"":""observed"",""seller_name"":""observed"",""seller_score"":""observed"",""price"":""observed"",""original_price"":""unavailable"",""campaigns"":""observed"",""stock_status"":""observed"",""stock_signal"":""observed"",""rating"":""unavailable"",""rating_count"":""unavailable"",""review_count"":""unavailable"",""question_count"":""observed"",""delivery_summary"":""observed"",""shipping_cost"":""unavailable"",""properties"":""observed""}",true,
2026-08-19,2026-08-19T01:49:40+03:00,mobilya,BEST_SELLER,koltuk-oturma,koltuk kanepe berjer,74,2,134,134,,,2.4,27.6,1060886546,168039,adımshops 2'li Sallanan Sandalye Tv Koltuğu Kafe-balkon-mutfak-berjer-ofis Sallanır Çiftli Koltuk,adımshops,Kanepe,https://www.trendyol.com/adimshops/2-li-sallanan-sandalye-tv-koltugu-kafe-balkon-mutfak-berjer-ofis-sallanir-ciftli-koltuk-p-1060886546?boutiqueId=61&merchantId=168039,AdımShops,86,4181.99,,,,TRY,"[""150 TL Kupon"",""Kargo Bedava"",""Peşin Fiyatına 3 Taksit""]",InStock,100 adetten fazla stok sunulmuştur,,,4,1,1,,2,,,,4999,TRY,0,9,1,13,Tahmini Teslim:,,https://cdn.dsmcdn.com/ty1795/prod/QC_PREP/20251203/18/cce60607-3914-3989-aaa6-57d81047ece0/1_org_zoom.jpg,"{""Renk"":""Çok Renkli"",""Gövde Materyali"":""Metal"",""Koltuk Tipi"":""Tekli Koltuk"",""Tasarım"":""Modern"",""Ayak Malzemesi"":""Metal"",""Ayak Malzemesi Rengi"":""Siyah"",""Stil"":""Modern"",""Tema / Stil"":""Modern"",""Menşei"":""TR""}",1,4,refreshed,"[""daily_top""]",true,2026-08-19T01:49:40+03:00,0,"[""search_result_dom"",""product_detail_jsonld"",""product_detail_dom""]","{""title"":""observed"",""brand"":""observed"",""seller_name"":""observed"",""seller_score"":""observed"",""price"":""observed"",""original_price"":""unavailable"",""campaigns"":""observed"",""stock_status"":""observed"",""stock_signal"":""observed"",""rating"":""observed"",""rating_count"":""observed"",""review_count"":""observed"",""question_count"":""observed"",""delivery_summary"":""observed"",""shipping_cost"":""observed"",""properties"":""observed""}",true,
2026-08-19,2026-08-19T01:49:40+03:00,mobilya,BEST_SELLER,koltuk-oturma,koltuk kanepe berjer,75,2,135,135,,,0,,1158267069,121057,"Zem Dream Koltuk Takımı, Açık Krem (1 ADET KANEPE 1 ADET BERJER)",Zem,Koltuk Takımı,https://www.trendyol.com/zem/dream-koltuk-takimi-acik-krem-1-adet-kanepe-1-adet-berjer-p-1158267069?boutiqueId=61&merchantId=121057,Zem Home,9,20299.9,,,,TRY,"[""Kargo Bedava"",""Peşin Fiyatına 9 Taksit""]",InStock,100 adetten fazla stok sunulmuştur,,,,,,,1,,,,4999,TRY,0,17,1,21,Tahmini Teslim:,,https://cdn.dsmcdn.com/ty1927/prod/QC_PREP/20260619/16/dc5d7fe5-6bf0-343c-b8b4-af1200e50b5f/1_org_zoom.jpg,"{""Materyal"":""Ahşap"",""Renk"":""Ekru"",""Takım İçeriği"":""3+1"",""Gövde Materyali"":""Ahşap"",""Kumaş"":""Keten"",""Ayak Malzemesi"":""Ahşap"",""Fonksiyon"":""Mekanizmalı"",""Tasarım"":""Modern"",""Koltuk Tipi"":""Koltuk Takımı"",""Stil"":""Modern"",""Tema / Stil"":""Modern"",""Menşei"":""TR""}",0,,refreshed,"[""daily_top""]",true,2026-08-19T01:49:40+03:00,0,"[""search_result_dom"",""product_detail_jsonld"",""product_detail_dom""]","{""title"":""observed"",""brand"":""observed"",""seller_name"":""observed"",""seller_score"":""observed"",""price"":""observed"",""original_price"":""unavailable"",""campaigns"":""observed"",""stock_status"":""observed"",""stock_signal"":""observed"",""rating"":""unavailable"",""rating_count"":""unavailable"",""review_count"":""unavailable"",""question_count"":""observed"",""delivery_summary"":""observed"",""shipping_cost"":""observed"",""properties"":""observed""}",true,
2026-08-19,2026-08-19T01:49:40+03:00,mobilya,BEST_SELLER,koltuk-oturma,koltuk kanepe berjer,76,2,136,136,,,0.3,,1142591777,121057,"Zem Benetta Koltuk Takımı, Kırık Beyaz (2 ADET KANEPE 2 ADET BERJER 1 ADET ORTA SEHPA 1 ADET BENCH)",Zem,Koltuk Takımı,https://www.trendyol.com/zem/benetta-koltuk-takimi-kirik-beyaz-2-adet-kanepe-2-adet-berjer-1-adet-orta-sehpa-1-adet-bench-p-1142591777?boutiqueId=61&merchantId=121057,Zem Home,9,54797.53,54947.53,0.3,,TRY,"[""Kargo Bedava"",""Peşin Fiyatına 9 Taksit""]",InStock,100 adetten fazla stok sunulmuştur,,,,,,,,,,,4999,TRY,0,14,1,17,Tahmini Teslim:,,https://cdn.dsmcdn.com/ty1937/prod/QC_PREP/20260506/11/300b60ed-4bc1-3fdd-adb1-920181aeb602/1_org_zoom.jpg,"{""Materyal"":""Ahşap"",""Renk"":""Beyaz"",""Takım İçeriği"":""3+3+1+1"",""Gövde Materyali"":""Ahşap"",""Kumaş"":""Bukle"",""Ayak Malzemesi"":""Ahşap"",""Fonksiyon"":""Mekanizmalı"",""Tasarım"":""Modern"",""Koltuk Tipi"":""Koltuk Takımı"",""Stil"":""Modern"",""Tema / Stil"":""Modern"",""Menşei"":""TR""}",0,,refreshed,"[""daily_top""]",true,2026-08-19T01:49:40+03:00,0,"[""search_result_dom"",""product_detail_jsonld"",""product_detail_dom""]","{""title"":""observed"",""brand"":""observed"",""seller_name"":""observed"",""seller_score"":""observed"",""price"":""observed"",""original_price"":""observed"",""campaigns"":""observed"",""stock_status"":""observed"",""stock_signal"":""observed"",""rating"":""unavailable"",""rating_count"":""unavailable"",""review_count"":""unavailable"",""question_count"":""unavailable"",""delivery_summary"":""observed"",""shipping_cost"":""observed"",""properties"":""observed""}",true,
2026-08-19,2026-08-19T01:49:40+03:00,mobilya,BEST_SELLER,koltuk-oturma,koltuk kanepe berjer,77,2,137,137,3,,0,,917847043,995061,"MOBETTO Pratik Açılabilir Tekli Koltuk, Dinlenme Aktivite Koltuğu, Yatak Olabilir Minderli Kanepe, Berjer",MOBETTO,,https://www.trendyol.com/mobetto/pratik-acilabilir-tekli-koltuk-dinlenme-aktivite-koltugu-yatak-olabilir-minderli-kanepe-berjer-p-917847043?boutiqueId=61&merchantId=995061,Modamed Yatak by Modalife,89,5047,,,,TRY,"[""Kargo Bedava"",""Son 10 Günün En Düşük Fiyatı"",""Peşin Fiyatına 3 Taksit"",""Trendyol Plus'a Özel""]",InStock,100 adetten fazla stok sunulmuştur,,,,,,,2,,630 kişi favoriledi,,,,0,,,,Tahmini Teslim:,,,{},0,,refreshed,"[""daily_top""]",true,2026-08-19T01:49:40+03:00,0,"[""search_result_dom"",""product_detail_jsonld"",""product_detail_dom""]","{""title"":""observed"",""brand"":""observed"",""seller_name"":""observed"",""seller_score"":""observed"",""price"":""observed"",""original_price"":""unavailable"",""campaigns"":""observed"",""stock_status"":""observed"",""stock_signal"":""observed"",""rating"":""unavailable"",""rating_count"":""unavailable"",""review_count"":""unavailable"",""question_count"":""observed"",""delivery_summary"":""observed"",""shipping_cost"":""unavailable"",""properties"":""observed""}",true,
2026-08-19,2026-08-19T01:49:40+03:00,mobilya,BEST_SELLER,koltuk-oturma,koltuk kanepe berjer,78,2,138,138,2,,0,,1135813471,107598,YAN YANA Köşe Takımı Koltuk Takımı Yatak Kanepe Berjer Puf Modüler Kasa Beyaz Sehpa Modül,YAN YANA,,https://www.trendyol.com/yan-yana/kose-takimi-koltuk-takimi-yatak-kanepe-berjer-puf-moduler-kasa-beyaz-sehpa-modul-p-1135813471?boutiqueId=61&merchantId=107598,Gaga Mobilya,89,999,,,,TRY,"[""Kargo Bedava""]",InStock,100 adetten fazla stok sunulmuştur,,,,,,,,,,,,,0,,,,Tahmini Teslim:,,,{},0,,refreshed,"[""daily_top""]",true,2026-08-19T01:49:40+03:00,0,"[""search_result_dom"",""product_detail_jsonld"",""product_detail_dom""]","{""title"":""observed"",""brand"":""observed"",""seller_name"":""observed"",""seller_score"":""observed"",""price"":""observed"",""original_price"":""unavailable"",""campaigns"":""observed"",""stock_status"":""observed"",""stock_signal"":""observed"",""rating"":""unavailable"",""rating_count"":""unavailable"",""review_count"":""unavailable"",""question_count"":""unavailable"",""delivery_summary"":""observed"",""shipping_cost"":""unavailable"",""properties"":""observed""}",true,
2026-08-19,2026-08-19T01:49:40+03:00,mobilya,BEST_SELLER,koltuk-oturma,koltuk kanepe berjer,79,2,139,139,,,0.5,,1156694015,121057,"Zem Legna Bohem Koltuk Takımı, Açık Krem (1 ADET KANEPE 2 ADET BERJER)",Zem,Koltuk Takımı,https://www.trendyol.com/zem/legna-bohem-koltuk-takimi-acik-krem-1-adet-kanepe-2-adet-berjer-p-1156694015?boutiqueId=61&merchantId=121057,Zem Home,9,30849.9,30999.9,0.5,,TRY,"[""Kargo Bedava"",""Peşin Fiyatına 9 Taksit""]",InStock,100 adetten fazla stok sunulmuştur,,,,,,,,,,,4999,TRY,0,14,1,17,Tahmini Teslim:,,https://cdn.dsmcdn.com/ty1937/prod/QC_PREP/20260615/18/f01d226d-41ef-3cd1-8467-e6449deb60cb/1_org_zoom.jpg,"{""Materyal"":""Ahşap"",""Renk"":""Ekru"",""Takım İçeriği"":""3+3+1"",""Gövde Materyali"":""Ahşap"",""Kumaş"":""Keten"",""Ayak Malzemesi"":""Plastik"",""Fonksiyon"":""Sabit"",""Tasarım"":""Modern"",""Koltuk Tipi"":""Koltuk Takımı"",""Stil"":""Modern"",""Tema / Stil"":""Modern"",""Menşei"":""TR""}",0,,refreshed,"[""daily_top""]",true,2026-08-19T01:49:40+03:00,0,"[""search_result_dom"",""product_detail_jsonld"",""product_detail_dom""]","{""title"":""observed"",""brand"":""observed"",""seller_name"":""observed"",""seller_score"":""observed"",""price"":""observed"",""original_price"":""observed"",""campaigns"":""observed"",""stock_status"":""observed"",""stock_signal"":""observed"",""rating"":""unavailable"",""rating_count"":""unavailable"",""review_count"":""unavailable"",""question_count"":""unavailable"",""delivery_summary"":""observed"",""shipping_cost"":""observed"",""properties"":""observed""}",true,
2026-08-19,2026-08-19T01:49:40+03:00,mobilya,BEST_SELLER,koltuk-oturma,koltuk kanepe berjer,80,2,140,140,,,0,,1136061622,1077078,"Sofmina Balkon, Bahçe, Cafe - Metal Kanepe Koltuk Takımı – Tekli",Sofmina,Berjer,https://www.trendyol.com/sofmina/balkon-bahce-cafe-metal-kanepe-koltuk-takimi-tekli-p-1136061622?boutiqueId=61&merchantId=1077078,Sofmina,88,3000,,,,TRY,"[""Kargo Bedava"",""Peşin Fiyatına 3 Taksit""]",InStock,100 adetten fazla stok sunulmuştur,,,,,,,2,,,,4999,TRY,0,5,1,8,Tahmini Teslim:,,https://cdn.dsmcdn.com/ty1857/prod/QC_PREP/20260421/13/19f5509d-8773-3821-b845-a403e97adb33/1_org_zoom.jpg,"{""Materyal"":""Metal"",""Tema / Stil"":""Modern"",""Renk"":""Gri"",""Ayak Malzemesi"":""Metal"",""Stil"":""Modern"",""Menşei"":""TR""}",0,,refreshed,"[""daily_top""]",true,2026-08-19T01:49:40+03:00,0,"[""search_result_dom"",""product_detail_jsonld"",""product_detail_dom""]","{""title"":""observed"",""brand"":""observed"",""seller_name"":""observed"",""seller_score"":""observed"",""price"":""observed"",""original_price"":""unavailable"",""campaigns"":""observed"",""stock_status"":""observed"",""stock_signal"":""observed"",""rating"":""unavailable"",""rating_count"":""unavailable"",""review_count"":""unavailable"",""question_count"":""observed"",""delivery_summary"":""observed"",""shipping_cost"":""observed"",""properties"":""observed""}",true,
2026-08-19,2026-08-19T01:49:40+03:00,mobilya,BEST_SELLER,koltuk-oturma,koltuk kanepe berjer,81,2,141,141,,,2.4,27.6,1104193752,1219953,joyfoam modular foam sofas TERRA LÜKS KÖŞE BERJER YATAKLI YIKANABİLİR ORTA SERT SUNGER GENÇ DİNAMİK TARZ,joyfoam modular foam sofas,Kanepe,https://www.trendyol.com/joyfoam-modular-foam-sofas/terra-luks-kose-berjer-yatakli-yikanabilir-orta-sert-sunger-genc-dinamik-tarz-p-1104193752?boutiqueId=61&merchantId=1219953,Joyfoam modular foam sofas,96,7419,,,,TRY,"[""Kargo Bedava"",""Peşin Fiyatına 6 Taksit""]",InStock,,,,4,3,1,,6,,,,4999,TRY,0,7,1,10,Tahmini Teslim:,,https://cdn.dsmcdn.com/ty1824/prod/QC_PREP/20260214/23/19dfa140-0f9c-3c37-b2c7-eb009e4da1eb/1_org_zoom.jpg,"{""Materyal"":""Tekstil"",""Renk"":""Beyaz"",""Gövde Materyali"":""Sünger"",""Koltuk Tipi"":""Tekli Koltuk"",""Tasarım"":""Modern"",""Kumaş"":""Kadife"",""Fonksiyon"":""Yataklı"",""Genişlik"":""95 cm"",""Derinlik"":""90 cm"",""Oturum Yumuşaklığı"":""Orta Sert"",""Ayak Malzemesi"":""Ayaksız"",""Garanti Süresi"":""1 Yıl"",""Ayak Malzemesi Rengi"":""Siyah"",""Stil"":""Modern"",""Tema / Stil"":""Modern"",""Menşei"":""TR""}",1,5,refreshed,"[""daily_top""]",true,2026-08-19T01:49:40+03:00,0,"[""search_result_dom"",""product_detail_jsonld"",""product_detail_dom""]","{""title"":""observed"",""brand"":""observed"",""seller_name"":""observed"",""seller_score"":""observed"",""price"":""observed"",""original_price"":""unavailable"",""campaigns"":""observed"",""stock_status"":""observed"",""stock_signal"":""unavailable"",""rating"":""observed"",""rating_count"":""observed"",""review_count"":""observed"",""question_count"":""observed"",""delivery_summary"":""observed"",""shipping_cost"":""observed"",""properties"":""observed""}",true,
2026-08-19,2026-08-19T01:49:40+03:00,mobilya,BEST_SELLER,koltuk-oturma,koltuk kanepe berjer,82,2,142,142,,,2.4,27.6,660525010,544677,Pablohome Monaco Tedy Koltuk Takımı 2 Adet Üçlü Kanepe 1 Adet Berjer,Pablohome,Koltuk Takımı,https://www.trendyol.com/pablohome/monaco-tedy-koltuk-takimi-2-adet-uclu-kanepe-1-adet-berjer-p-660525010?boutiqueId=61&merchantId=544677,Pablo home concept,79,173999,,,,TRY,"[""Kargo Bedava"",""Peşin Fiyatına 9 Taksit""]",InStock,100 adetten fazla stok sunulmuştur,,,5,1,1,,25,,"2,4B kişi favoriledi",,4999,TRY,0,17,1,21,Tahmini Teslim:,Fenomen Seçimi,https://cdn.dsmcdn.com/ty1397/product/media/images/prod/QC/20240702/12/6deac191-7064-3b38-8f9b-abad25978c32/1_org_zoom.jpg,"{""Materyal"":""Ahşap"",""Renk"":""Beyaz"",""Takım İçeriği"":""3+3+1"",""Gövde Materyali"":""Ahşap"",""Kumaş"":""Polyester"",""Ayak Malzemesi"":""Ahşap"",""Fonksiyon"":""Sabit"",""Tasarım"":""Modern"",""Koltuk Tipi"":""Koltuk Takımı"",""Garanti Süresi"":""2 Yıl"",""Stil"":""Modern"",""Tema / Stil"":""Modern""}",1,5,refreshed,"[""daily_top""]",true,2026-08-19T01:49:40+03:00,0,"[""search_result_dom"",""product_detail_jsonld"",""product_detail_dom""]","{""title"":""observed"",""brand"":""observed"",""seller_name"":""observed"",""seller_score"":""observed"",""price"":""observed"",""original_price"":""unavailable"",""campaigns"":""observed"",""stock_status"":""observed"",""stock_signal"":""observed"",""rating"":""observed"",""rating_count"":""observed"",""review_count"":""observed"",""question_count"":""observed"",""delivery_summary"":""observed"",""shipping_cost"":""observed"",""properties"":""observed""}",true,
2026-08-19,2026-08-19T01:49:40+03:00,mobilya,BEST_SELLER,koltuk-oturma,koltuk kanepe berjer,83,2,143,143,,,0,,1158262911,121057,"Zem Dream Koltuk Takımı, Açık Krem (1 ADET KANEPE 2 ADET BERJER)",Zem,Koltuk Takımı,https://www.trendyol.com/zem/dream-koltuk-takimi-acik-krem-1-adet-kanepe-2-adet-berjer-p-1158262911?boutiqueId=61&merchantId=121057,Zem Home,9,26599.9,,,,TRY,"[""Kargo Bedava"",""Peşin Fiyatına 9 Taksit""]",InStock,100 adetten fazla stok sunulmuştur,,,,,,,,,,,4999,TRY,0,17,1,21,Tahmini Teslim:,,https://cdn.dsmcdn.com/ty1907/prod/QC_PREP/20260619/16/84d92f9f-f9c9-3694-a6c6-156d73bdb31c/1_org_zoom.jpg,"{""Materyal"":""Ahşap"",""Renk"":""Ekru"",""Takım İçeriği"":""3+1+1"",""Gövde Materyali"":""Ahşap"",""Kumaş"":""Keten"",""Ayak Malzemesi"":""Ahşap"",""Fonksiyon"":""Mekanizmalı"",""Tasarım"":""Modern"",""Koltuk Tipi"":""Koltuk Takımı"",""Stil"":""Modern"",""Tema / Stil"":""Modern"",""Menşei"":""TR""}",0,,refreshed,"[""daily_top""]",true,2026-08-19T01:49:40+03:00,0,"[""search_result_dom"",""product_detail_jsonld"",""product_detail_dom""]","{""title"":""observed"",""brand"":""observed"",""seller_name"":""observed"",""seller_score"":""observed"",""price"":""observed"",""original_price"":""unavailable"",""campaigns"":""observed"",""stock_status"":""observed"",""stock_signal"":""observed"",""rating"":""unavailable"",""rating_count"":""unavailable"",""review_count"":""unavailable"",""question_count"":""unavailable"",""delivery_summary"":""observed"",""shipping_cost"":""observed"",""properties"":""observed""}",true,
2026-08-19,2026-08-19T01:49:40+03:00,mobilya,BEST_SELLER,koltuk-oturma,koltuk kanepe berjer,84,2,144,144,4,,2.4,27.6,941659314,121057,"Zem Favela Bohem İkili Berjer Natürel Ahşap, Gri",Zem,,https://www.trendyol.com/zem/favela-bohem-ikili-berjer-naturel-ahsap-gri-p-941659314?boutiqueId=61&merchantId=121057,Zem Home,9,11999.9,,,,TRY,"[""Kargo Bedava"",""Peşin Fiyatına 9 Taksit""]",InStock,100 adetten fazla stok sunulmuştur,,,5,1,,,3,,,,,,0,,,,Tahmini Teslim:,,,{},0,,refreshed,"[""daily_top""]",true,2026-08-19T01:49:40+03:00,0,"[""search_result_dom"",""product_detail_jsonld"",""product_detail_dom""]","{""title"":""observed"",""brand"":""observed"",""seller_name"":""observed"",""seller_score"":""observed"",""price"":""observed"",""original_price"":""unavailable"",""campaigns"":""observed"",""stock_status"":""observed"",""stock_signal"":""observed"",""rating"":""observed"",""rating_count"":""observed"",""review_count"":""unavailable"",""question_count"":""observed"",""delivery_summary"":""observed"",""shipping_cost"":""unavailable"",""properties"":""observed""}",true,
2026-08-19,2026-08-19T01:49:40+03:00,mobilya,BEST_SELLER,koltuk-oturma,koltuk kanepe berjer,85,2,145,145,7,,9.8,20.2,811898114,1134952,GOOD NİGHT Twist Yeni Nesil Kanepe & Puf & Berjer Takım,GOOD NİGHT,,https://www.trendyol.com/good-night/twist-yeni-nesil-kanepe-puf-berjer-takim-p-811898114?boutiqueId=61&merchantId=1134952,Katt,89,4899,,,,TRY,"[""Kargo Bedava"",""Peşin Fiyatına 3 Taksit"",""Trendyol Plus'a Özel""]",InStock,5 adetten fazla stok sunulmuştur,,,3.9,16,,,9,,"2,9B kişi favoriledi",,,,0,,,,Tahmini Teslim:,,,{},0,,refreshed,"[""daily_top""]",true,2026-08-19T01:49:40+03:00,0,"[""search_result_dom"",""product_detail_jsonld"",""product_detail_dom""]","{""title"":""observed"",""brand"":""observed"",""seller_name"":""observed"",""seller_score"":""observed"",""price"":""observed"",""original_price"":""unavailable"",""campaigns"":""observed"",""stock_status"":""observed"",""stock_signal"":""observed"",""rating"":""observed"",""rating_count"":""observed"",""review_count"":""unavailable"",""question_count"":""observed"",""delivery_summary"":""observed"",""shipping_cost"":""unavailable"",""properties"":""observed""}",true,
2026-08-19,2026-08-19T01:49:40+03:00,mobilya,BEST_SELLER,koltuk-oturma,koltuk kanepe berjer,86,2,146,146,,,7.6,22.4,941063255,127504,Genel Markalar İkili Çocuk Koltuğu Berjer 1-7 yaş Pembe,Genel Markalar,Kanepe,https://www.trendyol.com/genel-markalar/ikili-cocuk-koltugu-berjer-1-7-yas-pembe-p-941063255?boutiqueId=61&merchantId=127504,BuBisanal,89,4500,,,,TRY,"[""Kargo Bedava"",""Peşin Fiyatına 3 Taksit""]",InStock,100 adetten fazla stok sunulmuştur,,,3.5,15,8,,22,,845 kişi favoriledi,,4999,TRY,0,5,1,8,Tahmini Teslim:,,https://cdn.dsmcdn.com/ty1688/prod/QC_PREP/20250530/00/dacac412-ff38-34fc-abff-27332bc334af/1_org_zoom.jpg,"{""Materyal"":""Ahşap"",""Renk"":""Pembe"",""Gövde Materyali"":""Ahşap"",""Koltuk Tipi"":""İkili Koltuk"",""Tasarım"":""Modern"",""Kumaş"":""Polyester"",""Fonksiyon"":""Sabit"",""Genişlik"":""77 cm"",""Derinlik"":""30 cm"",""Oturum Yumuşaklığı"":""Orta Sert"",""Ayak Malzemesi"":""Ahşap"",""Garanti Süresi"":""2 Yıl"",""Ayak Malzemesi Rengi"":""Ahşap"",""Stil"":""Modern"",""Tema / Stil"":""Modern"",""Menşei"":""TR""}",8,4.13,refreshed,"[""daily_top""]",true,2026-08-19T01:49:40+03:00,0,"[""search_result_dom"",""product_detail_jsonld"",""product_detail_dom""]","{""title"":""observed"",""brand"":""observed"",""seller_name"":""observed"",""seller_score"":""observed"",""price"":""observed"",""original_price"":""unavailable"",""campaigns"":""observed"",""stock_status"":""observed"",""stock_signal"":""observed"",""rating"":""observed"",""rating_count"":""observed"",""review_count"":""observed"",""question_count"":""observed"",""delivery_summary"":""observed"",""shipping_cost"":""observed"",""properties"":""observed""}",true,
2026-08-19,2026-08-19T01:49:40+03:00,mobilya,BEST_SELLER,koltuk-oturma,koltuk kanepe berjer,87,2,147,147,12,,0,,1135860485,107598,YAN YANA Köşe Takımı Koltuk Takımı Yatak Kanepe Berjer Puf Modüler Kasa Siyah Kılıf Krem 180X180,YAN YANA,Köşe Takımı,https://www.trendyol.com/yan-yana/kose-takimi-koltuk-takimi-yatak-kanepe-berjer-puf-moduler-kasa-siyah-kilif-krem-180x180-p-1135860485?boutiqueId=61&merchantId=107598,Gaga Mobilya,89,11999,,,,TRY,"[""Kargo Bedava"",""Peşin Fiyatına 9 Taksit""]",InStock,100 adetten fazla stok sunulmuştur,,,,,,,,,,,4999,TRY,0,6,1,9,Tahmini Teslim:,,https://cdn.dsmcdn.com/ty1858/prod/QC_PREP/20260420/22/e2f76b1e-7e98-3ab0-8b41-3b33b4fa7307/1_org_zoom.jpg,"{""Materyal"":""Tekstil"",""Renk"":""Siyah"",""Boyut/Ebat"":""90 x 180"",""Gövde Materyali"":""Metal"",""Kumaş"":""Dokuma"",""Fonksiyon"":""Sabit"",""Ayak Malzemesi"":""Metal"",""Koltuk Tipi"":""Moduler Koltuk"",""Tasarım"":""Modern"",""Genişlik"":""180 cm"",""Derinlik"":""90 cm"",""Oturum Yumuşaklığı"":""Yumuşak"",""Garanti Süresi"":""5 Yıl"",""Köşe Yönü"":""Sağ-Sol Değiştirilebilir"",""Ayak Malzemesi Rengi"":""Siyah"",""Stil"":""Modern"",""Tema / Stil"":""Modern"",""Kumaş Tipi"":""Dokuma"",""Menşei"":""TR""}",0,,refreshed,"[""daily_top""]",true,2026-08-19T01:49:40+03:00,0,"[""search_result_dom"",""product_detail_jsonld"",""product_detail_dom""]","{""title"":""observed"",""brand"":""observed"",""seller_name"":""observed"",""seller_score"":""observed"",""price"":""observed"",""original_price"":""unavailable"",""campaigns"":""observed"",""stock_status"":""observed"",""stock_signal"":""observed"",""rating"":""unavailable"",""rating_count"":""unavailable"",""review_count"":""unavailable"",""question_count"":""unavailable"",""delivery_summary"":""observed"",""shipping_cost"":""observed"",""properties"":""observed""}",true,
2026-08-19,2026-08-19T01:49:40+03:00,mobilya,BEST_SELLER,koltuk-oturma,koltuk kanepe berjer,88,2,148,148,,,0,,1180818438,125143,Eymense Tual Köşe Koltuk Takımı Kanepe Berjerli,Eymense,Köşe Takımı,https://www.trendyol.com/eymense/tual-kose-koltuk-takimi-kanepe-berjerli-p-1180818438?boutiqueId=61&merchantId=125143,EYMENSE MOBİLYA SAN. VE TİC. LTD. ŞTİ,93,131342.08,,,,TRY,"[""Sepette %10 İndirim"",""Kargo Bedava"",""Peşin Fiyatına 9 Taksit"",""Trendyol Plus'a Özel""]",InStock,100 adetten fazla stok sunulmuştur,,,,,,,,,,,4999,TRY,0,17,1,21,Tahmini Teslim:,,https://cdn.dsmcdn.com/ty1933/prod/QC_PREP/20260806/17/72ac0d48-d8cb-31d9-8a2b-07a50c6d8e02/1_org_zoom.jpg,"{""Materyal"":""Ahşap"",""Renk"":""Çok Renkli"",""Gövde Materyali"":""Ahşap"",""Kumaş"":""Polyester"",""Fonksiyon"":""Mekanizmalı"",""Ayak Malzemesi"":""Metal"",""Koltuk Tipi"":""Uzanmalı Koltuk"",""Tasarım"":""Modern"",""Genişlik"":""315 cm"",""Derinlik"":""225 cm"",""Oturum Yumuşaklığı"":""Orta Sert"",""Garanti Süresi"":""2 Yıl"",""Köşe Yönü"":""Sağ Köşe"",""Ayak Malzemesi Rengi"":""Gold"",""Stil"":""Modern"",""Tema / Stil"":""Modern"",""Kumaş Tipi"":""Dokuma"",""Menşei"":""TR""}",0,,refreshed,"[""daily_top""]",true,2026-08-19T01:49:40+03:00,0,"[""search_result_dom"",""product_detail_jsonld"",""product_detail_dom""]","{""title"":""observed"",""brand"":""observed"",""seller_name"":""observed"",""seller_score"":""observed"",""price"":""observed"",""original_price"":""unavailable"",""campaigns"":""observed"",""stock_status"":""observed"",""stock_signal"":""observed"",""rating"":""unavailable"",""rating_count"":""unavailable"",""review_count"":""unavailable"",""question_count"":""unavailable"",""delivery_summary"":""observed"",""shipping_cost"":""observed"",""properties"":""observed""}",true,
2026-08-19,2026-08-19T01:49:40+03:00,mobilya,BEST_SELLER,koltuk-oturma,koltuk kanepe berjer,89,2,149,149,,,0,,1158269551,121057,"Zem Dream Koltuk Takımı, Açık Krem (2 ADET KANEPE 1 ADET BERJER)",Zem,Koltuk Takımı,https://www.trendyol.com/zem/dream-koltuk-takimi-acik-krem-2-adet-kanepe-1-adet-berjer-p-1158269551?boutiqueId=61&merchantId=121057,Zem Home,9,34299.9,,,,TRY,"[""Kargo Bedava"",""Peşin Fiyatına 9 Taksit""]",InStock,100 adetten fazla stok sunulmuştur,,,,,,,,,,,4999,TRY,0,17,1,21,Tahmini Teslim:,,https://cdn.dsmcdn.com/ty1898/prod/QC_PREP/20260619/16/6d5c012c-bd87-392a-8dac-6346734e885b/1_org_zoom.jpg,"{""Materyal"":""Ahşap"",""Renk"":""Ekru"",""Takım İçeriği"":""3+3+1"",""Gövde Materyali"":""Ahşap"",""Kumaş"":""Keten"",""Ayak Malzemesi"":""Ahşap"",""Fonksiyon"":""Mekanizmalı"",""Tasarım"":""Modern"",""Koltuk Tipi"":""Koltuk Takımı"",""Stil"":""Modern"",""Tema / Stil"":""Modern"",""Menşei"":""TR""}",0,,refreshed,"[""daily_top""]",true,2026-08-19T01:49:40+03:00,0,"[""search_result_dom"",""product_detail_jsonld"",""product_detail_dom""]","{""title"":""observed"",""brand"":""observed"",""seller_name"":""observed"",""seller_score"":""observed"",""price"":""observed"",""original_price"":""unavailable"",""campaigns"":""observed"",""stock_status"":""observed"",""stock_signal"":""observed"",""rating"":""unavailable"",""rating_count"":""unavailable"",""review_count"":""unavailable"",""question_count"":""unavailable"",""delivery_summary"":""observed"",""shipping_cost"":""observed"",""properties"":""observed""}",true,
2026-08-19,2026-08-19T01:49:40+03:00,mobilya,BEST_SELLER,koltuk-oturma,koltuk kanepe berjer,90,2,150,150,6,,0,,1135759807,107598,YAN YANA Köşe Takımı Koltuk Takımı Yatak Kanepe Berjer Puf Modüler Kasa Siyah Kılıf Krem Puf Modül,YAN YANA,,https://www.trendyol.com/yan-yana/kose-takimi-koltuk-takimi-yatak-kanepe-berjer-puf-moduler-kasa-siyah-kilif-krem-puf-modul-p-1135759807?boutiqueId=61&merchantId=107598,Gaga Mobilya,89,3999,,,,TRY,"[""Kargo Bedava"",""Peşin Fiyatına 3 Taksit""]",InStock,100 adetten fazla stok sunulmuştur,,,,,,,,,,,,,0,,,,Tahmini Teslim:,,,{},0,,refreshed,"[""daily_top""]",true,2026-08-19T01:49:40+03:00,0,"[""search_result_dom"",""product_detail_jsonld"",""product_detail_dom""]","{""title"":""observed"",""brand"":""observed"",""seller_name"":""observed"",""seller_score"":""observed"",""price"":""observed"",""original_price"":""unavailable"",""campaigns"":""observed"",""stock_status"":""observed"",""stock_signal"":""observed"",""rating"":""unavailable"",""rating_count"":""unavailable"",""review_count"":""unavailable"",""question_count"":""unavailable"",""delivery_summary"":""observed"",""shipping_cost"":""unavailable"",""properties"":""observed""}",true,
2026-08-19,2026-08-19T01:49:40+03:00,mobilya,BEST_SELLER,koltuk-oturma,koltuk kanepe berjer,91,2,151,151,3,,0.6,,1139499210,471236,S Home Design Concept Elips Mini Kanepe 2'li Çay Seti Berjer Ve Balkon Puf Takımı Teddy,S Home Design Concept,,https://www.trendyol.com/s-home-design-concept/elips-mini-kanepe-2-li-cay-seti-berjer-ve-balkon-puf-takimi-teddy-p-1139499210?boutiqueId=61&merchantId=471236,S Home Design Concept,,25262.72,25412.72,0.6,,TRY,"[""Kargo Bedava"",""Peşin Fiyatına 9 Taksit""]",InStock,50 adetten fazla stok sunulmuştur,,,,,,,,,,,,,0,,,,Tahmini Teslim:,,,{},0,,refreshed,"[""daily_top""]",true,2026-08-19T01:49:40+03:00,0,"[""search_result_dom"",""product_detail_jsonld"",""product_detail_dom""]","{""title"":""observed"",""brand"":""observed"",""seller_name"":""observed"",""seller_score"":""unavailable"",""price"":""observed"",""original_price"":""observed"",""campaigns"":""observed"",""stock_status"":""observed"",""stock_signal"":""observed"",""rating"":""unavailable"",""rating_count"":""unavailable"",""review_count"":""unavailable"",""question_count"":""unavailable"",""delivery_summary"":""observed"",""shipping_cost"":""unavailable"",""properties"":""observed""}",true,
2026-08-19,2026-08-19T01:49:40+03:00,mobilya,BEST_SELLER,koltuk-oturma,koltuk kanepe berjer,92,2,152,152,3,,2.4,27.6,917856388,995061,"MOBETTO Pratik Açılabilir Tekli Koltuk, Dinlenme Aktivite Koltuğu, Yatak Olabilir Minderli Kanepe, Berjer",MOBETTO,,https://www.trendyol.com/mobetto/pratik-acilabilir-tekli-koltuk-dinlenme-aktivite-koltugu-yatak-olabilir-minderli-kanepe-berjer-p-917856388?boutiqueId=61&merchantId=995061,Modamed Yatak by Modalife,89,5047,,,,TRY,"[""Kargo Bedava"",""Son 10 Günün En Düşük Fiyatı"",""Peşin Fiyatına 3 Taksit"",""Trendyol Plus'a Özel""]",InStock,100 adetten fazla stok sunulmuştur,,,5,1,,,12,,"1,1B kişi favoriledi",,,,0,,,,Tahmini Teslim:,,,{},0,,refreshed,"[""daily_top""]",true,2026-08-19T01:49:40+03:00,0,"[""search_result_dom"",""product_detail_jsonld"",""product_detail_dom""]","{""title"":""observed"",""brand"":""observed"",""seller_name"":""observed"",""seller_score"":""observed"",""price"":""observed"",""original_price"":""unavailable"",""campaigns"":""observed"",""stock_status"":""observed"",""stock_signal"":""observed"",""rating"":""observed"",""rating_count"":""observed"",""review_count"":""unavailable"",""question_count"":""observed"",""delivery_summary"":""observed"",""shipping_cost"":""unavailable"",""properties"":""observed""}",true,
2026-08-19,2026-08-19T01:49:40+03:00,mobilya,BEST_SELLER,koltuk-oturma,koltuk kanepe berjer,93,2,153,153,6,,2.4,27.6,1135818841,107598,YAN YANA Köşe Takımı Koltuk Takımı Yatak Kanepe Berjer Puf Modüler Kasa Siyah Kılıf Lacivert 180x90,YAN YANA,,https://www.trendyol.com/yan-yana/kose-takimi-koltuk-takimi-yatak-kanepe-berjer-puf-moduler-kasa-siyah-kilif-lacivert-180x90-p-1135818841?boutiqueId=61&merchantId=107598,Gaga Mobilya,89,9999,,,,TRY,"[""Kargo Bedava"",""Peşin Fiyatına 6 Taksit""]",InStock,100 adetten fazla stok sunulmuştur,,,5,1,,,3,,,,,,0,,,,Tahmini Teslim:,,,{},0,,refreshed,"[""daily_top""]",true,2026-08-19T01:49:40+03:00,0,"[""search_result_dom"",""product_detail_jsonld"",""product_detail_dom""]","{""title"":""observed"",""brand"":""observed"",""seller_name"":""observed"",""seller_score"":""observed"",""price"":""observed"",""original_price"":""unavailable"",""campaigns"":""observed"",""stock_status"":""observed"",""stock_signal"":""observed"",""rating"":""observed"",""rating_count"":""observed"",""review_count"":""unavailable"",""question_count"":""observed"",""delivery_summary"":""observed"",""shipping_cost"":""unavailable"",""properties"":""observed""}",true,
2026-08-19,2026-08-19T01:49:40+03:00,mobilya,BEST_SELLER,koltuk-oturma,koltuk kanepe berjer,94,2,154,154,,,0,,1056903736,621105,Modalife Soho Berjer Salon&oturma Odası Kanepe - Gri,Modalife,Berjer,https://www.trendyol.com/modalife/soho-berjer-salon-oturma-odasi-kanepe-gri-p-1056903736?boutiqueId=61&merchantId=621105,Modalife,,10251,,,,TRY,"[""Kargo Bedava"",""Peşin Fiyatına 9 Taksit"",""Trendyol Plus'a Özel""]",InStock,100 adetten fazla stok sunulmuştur,,,,,,,1,,,,4999,TRY,0,12,1,15,Tahmini Teslim:,,https://cdn.dsmcdn.com/ty1814/prod/QC_ENRICHMENT/20260121/15/263c6742-3374-36aa-96b9-edb39eeb5433/1_org_zoom.jpg,"{""Materyal"":""Belirtilmemiş"",""Tema / Stil"":""Modern"",""Renk"":""Gri"",""Boyut/Ebat"":""80 x 80"",""Garanti Süresi"":""2 Yıl"",""Ayak Malzemesi"":""Belirtilmemiş"",""Kumaş"":""Keten"",""Stil"":""Retro"",""Menşei"":""TR""}",0,,refreshed,"[""daily_top""]",true,2026-08-19T01:49:40+03:00,0,"[""search_result_dom"",""product_detail_jsonld"",""product_detail_dom""]","{""title"":""observed"",""brand"":""observed"",""seller_name"":""observed"",""seller_score"":""unavailable"",""price"":""observed"",""original_price"":""unavailable"",""campaigns"":""observed"",""stock_status"":""observed"",""stock_signal"":""observed"",""rating"":""unavailable"",""rating_count"":""unavailable"",""review_count"":""unavailable"",""question_count"":""observed"",""delivery_summary"":""observed"",""shipping_cost"":""observed"",""properties"":""observed""}",true,
2026-08-19,2026-08-19T01:49:40+03:00,mobilya,BEST_SELLER,koltuk-oturma,koltuk kanepe berjer,95,2,155,155,9,,1.4,,1144582982,1240831,"NESTİME 50 DNS 100x100 Modüler Köşe Minderi Fitilli Kadife, Rahat, Dayanıklı, Çok Amaçlı Yer Minderi",NESTİME,,https://www.trendyol.com/nestime/50-dns-100x100-moduler-kose-minderi-fitilli-kadife-rahat-dayanikli-cok-amacli-yer-minderi-p-1144582982?boutiqueId=61&merchantId=1240831,NESTİME,92,6948.24,7047.35,1.4,,TRY,"[""Kargo Bedava"",""Son 10 Günün En Düşük Fiyatı"",""Peşin Fiyatına 6 Taksit"",""Son 10 günün en düşük fiyatı""]",InStock,5 adetten fazla stok sunulmuştur,,,,,,,1,,,,,,0,,,,Tahmini Teslim:,,,{},0,,refreshed,"[""daily_top""]",true,2026-08-19T01:49:40+03:00,0,"[""search_result_dom"",""product_detail_jsonld"",""product_detail_dom""]","{""title"":""observed"",""brand"":""observed"",""seller_name"":""observed"",""seller_score"":""observed"",""price"":""observed"",""original_price"":""observed"",""campaigns"":""observed"",""stock_status"":""observed"",""stock_signal"":""observed"",""rating"":""unavailable"",""rating_count"":""unavailable"",""review_count"":""unavailable"",""question_count"":""observed"",""delivery_summary"":""observed"",""shipping_cost"":""unavailable"",""properties"":""observed""}",true,
2026-08-19,2026-08-19T01:49:40+03:00,mobilya,BEST_SELLER,koltuk-oturma,koltuk kanepe berjer,96,2,156,156,6,,0,,1135771603,107598,YAN YANA Köşe Takımı Koltuk Takımı Yatak Kanepe Berjer Puf Modüler Kasa Siyah Kılıf Lacivert Tekli Modül,YAN YANA,,https://www.trendyol.com/yan-yana/kose-takimi-koltuk-takimi-yatak-kanepe-berjer-puf-moduler-kasa-siyah-kilif-lacivert-tekli-modul-p-1135771603?boutiqueId=61&merchantId=107598,Gaga Mobilya,89,4999,,,,TRY,"[""Kargo Bedava"",""Peşin Fiyatına 3 Taksit""]",InStock,100 adetten fazla stok sunulmuştur,,,,,,,1,,,,,,0,,,,Tahmini Teslim:,,,{},0,,refreshed,"[""daily_top""]",true,2026-08-19T01:49:40+03:00,0,"[""search_result_dom"",""product_detail_jsonld"",""product_detail_dom""]","{""title"":""observed"",""brand"":""observed"",""seller_name"":""observed"",""seller_score"":""observed"",""price"":""observed"",""original_price"":""unavailable"",""campaigns"":""observed"",""stock_status"":""observed"",""stock_signal"":""observed"",""rating"":""unavailable"",""rating_count"":""unavailable"",""review_count"":""unavailable"",""question_count"":""observed"",""delivery_summary"":""observed"",""shipping_cost"":""unavailable"",""properties"":""observed""}",true,
2026-08-19,2026-08-19T01:49:40+03:00,mobilya,BEST_SELLER,koltuk-oturma,koltuk kanepe berjer,97,2,157,157,,,0,,830232729,756191,"BEYLERBEYİ Çay seti İkili koltuk, ikili berjer",BEYLERBEYİ,Kanepe,https://www.trendyol.com/beylerbeyi/cay-seti-ikili-koltuk-ikili-berjer-p-830232729?boutiqueId=61&merchantId=756191,BEYLERBEYİ COLLECTİON,9,5499,,,,TRY,"[""Kargo Bedava"",""Peşin Fiyatına 3 Taksit""]",InStock,100 adetten fazla stok sunulmuştur,,,,,,,9,,,,4999,TRY,0,5,1,8,Tahmini Teslim:,,https://cdn.dsmcdn.com/ty1317/product/media/images/prod/QC/20240518/20/d62974b6-43c0-39db-84da-b354ac0aae5e/1_org_zoom.jpg,"{""Materyal"":""Ahşap"",""Renk"":""Bej"",""Gövde Materyali"":""Ahşap"",""Koltuk Tipi"":""İkili Koltuk"",""Tasarım"":""Modern"",""Kumaş"":""Polyester"",""Fonksiyon"":""Sabit"",""Genişlik"":""110 cm"",""Oturum Yumuşaklığı"":""Yumuşak"",""Ayak Malzemesi"":""Ahşap"",""Garanti Süresi"":""2 Yıl"",""Ayak Malzemesi Rengi"":""Ahşap"",""Stil"":""İskandinav"",""Tema / Stil"":""Modern"",""Özellik"":""Sabit""}",0,,refreshed,"[""daily_top""]",true,2026-08-19T01:49:40+03:00,0,"[""search_result_dom"",""product_detail_jsonld"",""product_detail_dom""]","{""title"":""observed"",""brand"":""observed"",""seller_name"":""observed"",""seller_score"":""observed"",""price"":""observed"",""original_price"":""unavailable"",""campaigns"":""observed"",""stock_status"":""observed"",""stock_signal"":""observed"",""rating"":""unavailable"",""rating_count"":""unavailable"",""review_count"":""unavailable"",""question_count"":""observed"",""delivery_summary"":""observed"",""shipping_cost"":""observed"",""properties"":""observed""}",true,
2026-08-19,2026-08-19T01:49:40+03:00,mobilya,BEST_SELLER,koltuk-oturma,koltuk kanepe berjer,98,2,158,158,4,,0.5,,1139607096,471236,"S Home Design Concept Luna 2 Modül Ikili Kanepe Berjer Koltuk Takımı 2+1, Yönsüz Kadife",S Home Design Concept,,https://www.trendyol.com/s-home-design-concept/luna-2-modul-ikili-kanepe-berjer-koltuk-takimi-2-1-yonsuz-kadife-p-1139607096?boutiqueId=61&merchantId=471236,S Home Design Concept,,31648.45,31798.45,0.5,,TRY,"[""Kargo Bedava"",""Peşin Fiyatına 9 Taksit""]",InStock,100 adetten fazla stok sunulmuştur,,,,,,,,,,,,,0,,,,Tahmini Teslim:,,,{},0,,refreshed,"[""daily_top""]",true,2026-08-19T01:49:40+03:00,0,"[""search_result_dom"",""product_detail_jsonld"",""product_detail_dom""]","{""title"":""observed"",""brand"":""observed"",""seller_name"":""observed"",""seller_score"":""unavailable"",""price"":""observed"",""original_price"":""observed"",""campaigns"":""observed"",""stock_status"":""observed"",""stock_signal"":""observed"",""rating"":""unavailable"",""rating_count"":""unavailable"",""review_count"":""unavailable"",""question_count"":""unavailable"",""delivery_summary"":""observed"",""shipping_cost"":""unavailable"",""properties"":""observed""}",true,
2026-08-19,2026-08-19T01:49:40+03:00,mobilya,BEST_SELLER,koltuk-oturma,koltuk kanepe berjer,99,2,159,159,,,3.8,26.2,680406589,621105,Modalife Linen Berjer Salon&oturma Odası Kanepe - Sarı,Modalife,Berjer,https://www.trendyol.com/modalife/linen-berjer-salon-oturma-odasi-kanepe-sari-p-680406589?boutiqueId=61&merchantId=621105,Modalife,,8999.1,,,,TRY,"[""Kargo Bedava"",""Peşin Fiyatına 6 Taksit"",""Trendyol Plus'a Özel""]",InStock,100 adetten fazla stok sunulmuştur,,,3.8,5,2,,8,,409 kişi favoriledi,,4999,TRY,0,12,1,15,Tahmini Teslim:,,https://cdn.dsmcdn.com/ty805/product/media/images/20230330/17/315469982/900401543/1/1_org_zoom.jpg,"{""Materyal"":""Ahşap"",""Tema / Stil"":""Modern"",""Renk"":""Sarı"",""Garanti Süresi"":""2 Yıl"",""Ayak Malzemesi"":""Ahşap"",""Kumaş"":""Soho"",""Genişlik"":""78 cm"",""Derinlik"":""84 cm"",""Stil"":""Modern"",""Özellik"":""Uzun""}",2,3,refreshed,"[""daily_top""]",true,2026-08-19T01:49:40+03:00,0,"[""search_result_dom"",""product_detail_jsonld"",""product_detail_dom""]","{""title"":""observed"",""brand"":""observed"",""seller_name"":""observed"",""seller_score"":""unavailable"",""price"":""observed"",""original_price"":""unavailable"",""campaigns"":""observed"",""stock_status"":""observed"",""stock_signal"":""observed"",""rating"":""observed"",""rating_count"":""observed"",""review_count"":""observed"",""question_count"":""observed"",""delivery_summary"":""observed"",""shipping_cost"":""observed"",""properties"":""observed""}",true,
2026-08-19,2026-08-19T01:49:40+03:00,mobilya,BEST_SELLER,koltuk-oturma,koltuk kanepe berjer,100,2,160,160,12,,0,,1135874821,107598,YAN YANA Köşe Takımı Koltuk Takımı Yatak Kanepe Berjer Puf Modüler Kasa Beyaz Kılıf Lacivert 180X180,YAN YANA,Köşe Takımı,https://www.trendyol.com/yan-yana/kose-takimi-koltuk-takimi-yatak-kanepe-berjer-puf-moduler-kasa-beyaz-kilif-lacivert-180x180-p-1135874821?boutiqueId=61&merchantId=107598,Gaga Mobilya,89,11999,,,,TRY,"[""Kargo Bedava"",""Peşin Fiyatına 9 Taksit""]",InStock,100 adetten fazla stok sunulmuştur,,,,,,,,,,,4999,TRY,0,6,1,9,Tahmini Teslim:,,https://cdn.dsmcdn.com/ty1859/prod/QC_PREP/20260420/22/306bd574-e1a0-307e-9b7d-e748f4dc5ad3/1_org_zoom.jpg,"{""Materyal"":""Tekstil"",""Renk"":""Beyaz"",""Boyut/Ebat"":""90 x 180"",""Gövde Materyali"":""Metal"",""Kumaş"":""Dokuma"",""Fonksiyon"":""Sabit"",""Ayak Malzemesi"":""Metal"",""Koltuk Tipi"":""Moduler Koltuk"",""Tasarım"":""Modern"",""Genişlik"":""180 cm"",""Derinlik"":""90 cm"",""Oturum Yumuşaklığı"":""Yumuşak"",""Garanti Süresi"":""5 Yıl"",""Köşe Yönü"":""Sağ-Sol Değiştirilebilir"",""Ayak Malzemesi Rengi"":""Siyah"",""Stil"":""Modern"",""Tema / Stil"":""Modern"",""Kumaş Tipi"":""Dokuma"",""Menşei"":""TR""}",0,,refreshed,"[""daily_top""]",true,2026-08-19T01:49:40+03:00,0,"[""search_result_dom"",""product_detail_jsonld"",""product_detail_dom""]","{""title"":""observed"",""brand"":""observed"",""seller_name"":""observed"",""seller_score"":""observed"",""price"":""observed"",""original_price"":""unavailable"",""campaigns"":""observed"",""stock_status"":""observed"",""stock_signal"":""observed"",""rating"":""unavailable"",""rating_count"":""unavailable"",""review_count"":""unavailable"",""question_count"":""unavailable"",""delivery_summary"":""observed"",""shipping_cost"":""observed"",""properties"":""observed""}",true,
2026-08-19,2026-08-19T01:49:40+03:00,mobilya,BEST_SELLER,koltuk-oturma,koltuk kanepe berjer,101,2,161,161,9,,0,,1142682535,107598,Gaga Mobilya Köşe Takımı Koltuk Takımı Yatak Kanepe Koltuk Berjer Puf Modüler Oturma Grubu 90 X 180 YanYana,Gaga Mobilya,,https://www.trendyol.com/gaga-mobilya/kose-takimi-koltuk-takimi-yatak-kanepe-koltuk-berjer-puf-moduler-oturma-grubu-90-x-180-yanyana-p-1142682535?boutiqueId=61&merchantId=107598,Gaga Mobilya,,9999,,,,TRY,"[""Kargo Bedava"",""Peşin Fiyatına 6 Taksit""]",InStock,100 adetten fazla stok sunulmuştur,,,,,,,,,,,,,0,,,,Tahmini Teslim:,,,{},0,,refreshed,"[""daily_top""]",true,2026-08-19T01:49:40+03:00,0,"[""search_result_dom"",""product_detail_jsonld"",""product_detail_dom""]","{""title"":""observed"",""brand"":""observed"",""seller_name"":""observed"",""seller_score"":""unavailable"",""price"":""observed"",""original_price"":""unavailable"",""campaigns"":""observed"",""stock_status"":""observed"",""stock_signal"":""observed"",""rating"":""unavailable"",""rating_count"":""unavailable"",""review_count"":""unavailable"",""question_count"":""unavailable"",""delivery_summary"":""observed"",""shipping_cost"":""unavailable"",""properties"":""observed""}",true,
2026-08-19,2026-08-19T01:49:40+03:00,mobilya,BEST_SELLER,koltuk-oturma,koltuk kanepe berjer,102,2,162,162,,,0,,1135832315,107598,YAN YANA Köşe Takımı Koltuk Takımı Yatak Kanepe Berjer Puf Modüler Kasa Beyaz Kılıf Gri 270 X 90,YAN YANA,Köşe Takımı,https://www.trendyol.com/yan-yana/kose-takimi-koltuk-takimi-yatak-kanepe-berjer-puf-moduler-kasa-beyaz-kilif-gri-270-x-90-p-1135832315?boutiqueId=61&merchantId=107598,Gaga Mobilya,89,13999,,,,TRY,"[""Kargo Bedava"",""Peşin Fiyatına 9 Taksit""]",InStock,100 adetten fazla stok sunulmuştur,,,,,,,,,,,4999,TRY,0,6,1,9,Tahmini Teslim:,,https://cdn.dsmcdn.com/ty1859/prod/QC_PREP/20260420/22/2c0bfe1c-0523-3e05-87a1-f0e114516371/1_org_zoom.jpg,"{""Materyal"":""Tekstil"",""Renk"":""Çok Renkli"",""Gövde Materyali"":""Metal"",""Kumaş"":""Dokuma"",""Fonksiyon"":""Sabit"",""Ayak Malzemesi"":""Metal"",""Koltuk Tipi"":""Uzanmalı Koltuk"",""Tasarım"":""Modern"",""Genişlik"":""270 cm"",""Derinlik"":""90 cm"",""Oturum Yumuşaklığı"":""Yumuşak"",""Garanti Süresi"":""5 Yıl"",""Köşe Yönü"":""Sağ-Sol Değiştirilebilir"",""Ayak Malzemesi Rengi"":""Siyah"",""Stil"":""Modern"",""Tema / Stil"":""Modern"",""Menşei"":""TR""}",0,,refreshed,"[""daily_top""]",true,2026-08-19T01:49:40+03:00,0,"[""search_result_dom"",""product_detail_jsonld"",""product_detail_dom""]","{""title"":""observed"",""brand"":""observed"",""seller_name"":""observed"",""seller_score"":""observed"",""price"":""observed"",""original_price"":""unavailable"",""campaigns"":""observed"",""stock_status"":""observed"",""stock_signal"":""observed"",""rating"":""unavailable"",""rating_count"":""unavailable"",""review_count"":""unavailable"",""question_count"":""unavailable"",""delivery_summary"":""observed"",""shipping_cost"":""observed"",""properties"":""observed""}",true,
2026-08-19,2026-08-19T01:49:40+03:00,mobilya,BEST_SELLER,koltuk-oturma,koltuk kanepe berjer,103,2,163,163,6,,0,,1135694692,107598,YAN YANA Köşe Takımı Koltuk Takımı Yatak Kanepe Berjer Puf Modüler Kasa Siyah Kılıf Gri Puf Modül,YAN YANA,,https://www.trendyol.com/yan-yana/kose-takimi-koltuk-takimi-yatak-kanepe-berjer-puf-moduler-kasa-siyah-kilif-gri-puf-modul-p-1135694692?boutiqueId=61&merchantId=107598,Gaga Mobilya,89,3999,,,,TRY,"[""Kargo Bedava"",""Peşin Fiyatına 3 Taksit""]",InStock,100 adetten fazla stok sunulmuştur,,,,,,,,,,,,,0,,,,Tahmini Teslim:,,,{},0,,refreshed,"[""daily_top""]",true,2026-08-19T01:49:40+03:00,0,"[""search_result_dom"",""product_detail_jsonld"",""product_detail_dom""]","{""title"":""observed"",""brand"":""observed"",""seller_name"":""observed"",""seller_score"":""observed"",""price"":""observed"",""original_price"":""unavailable"",""campaigns"":""observed"",""stock_status"":""observed"",""stock_signal"":""observed"",""rating"":""unavailable"",""rating_count"":""unavailable"",""review_count"":""unavailable"",""question_count"":""unavailable"",""delivery_summary"":""observed"",""shipping_cost"":""unavailable"",""properties"":""observed""}",true,
2026-08-19,2026-08-19T01:49:40+03:00,mobilya,BEST_SELLER,koltuk-oturma,koltuk kanepe berjer,104,2,164,164,,,15.8,14.2,857296077,,Apple Yenilenmiş IPHONE 16 PRO MAX 256GB -B Kalite- Siyah Titanyum,Apple,Yenilenmiş Cep Telefonu,https://www.trendyol.com/apple/iphone-16-pro-max-256gb-siyah-titanyum-p-857296077,Getmobil,8,92999,,,,TRY,"[""750 TL Kupon"",""Kargo Bedava"",""Peşin Fiyatına 9 Taksit""]",InStock,5 adetten fazla stok sunulmuştur,,,4.6,151,94,,99,,"12,2B kişi favoriledi",,4999,TRY,0,2,1,6,Tahmini Teslim:,,https://cdn.dsmcdn.com/ty1804/prod/QC_PREP/20251225/16/8a9805f3-24d0-36d6-9b4a-b0a6654067ca/1_org_zoom.jpg,"{""Pil Gücü (mAh)"":""2800 ve üstü"",""Ana Kamera Çözünürlük Aralığı"":""10 - 15 MP"",""Dahili Hafıza"":""256 GB"",""Kozmetik Durum"":""B seviye-Çok İyi"",""Renk"":""Siyah"",""Garanti Tipi"":""Yenilenmiş Ürün (12 Ay Garanti)"",""Ekran Boyutu"":""6,7 inç"",""Kamera Çözünürlüğü"":""12 MP"",""RAM Kapasitesi"":""8 GB"",""Garanti Süresi"":""1 Yıl"",""Batarya Kapasitesi Aralığı"":""3500-4000 mAh"",""Menşei"":""TR"",""Tamir Edilebilirlik"":""Tamir Edilebilir, Satıcı ile İletişime Geçiniz."",""Cep Telefonu Modeli"":""iPhone 16 Pro Max""}",20,5,refreshed,"[""daily_top""]",true,2026-08-19T01:49:40+03:00,0,"[""search_result_dom"",""product_detail_jsonld"",""product_detail_dom""]","{""title"":""observed"",""brand"":""observed"",""seller_name"":""observed"",""seller_score"":""observed"",""price"":""observed"",""original_price"":""unavailable"",""campaigns"":""observed"",""stock_status"":""observed"",""stock_signal"":""observed"",""rating"":""observed"",""rating_count"":""observed"",""review_count"":""observed"",""question_count"":""observed"",""delivery_summary"":""observed"",""shipping_cost"":""observed"",""properties"":""observed""}",true,
2026-08-19,2026-08-19T01:49:40+03:00,mobilya,BEST_SELLER,koltuk-oturma,koltuk kanepe berjer,105,3,165,165,,,3.8,26.2,1154723305,797053,GOOD NİGHT Partner Sofa & Yatak & Berjer,GOOD NİGHT,,https://www.trendyol.com/good-night/partner-sofa-yatak-berjer-p-1154723305?boutiqueId=61&merchantId=797053,GOOD NIGHT HOME,93,23999,,,,TRY,"[""Sepette %21 İndirim"",""1000 TL Kupon"",""Kargo Bedava"",""Süper Fırsat Ürünü"",""1.000 TL Kupon"",""Peşin Fiyatına 9 Taksit"",""Trendyol Plus'a Özel""]",InStock,10 adetten fazla stok sunulmuştur,,,1,2,,,4,,571 kişi favoriledi,,,,0,,,,Tahmini Teslim:,,,{},0,,refreshed,"[""daily_top""]",true,2026-08-19T01:49:40+03:00,0,"[""search_result_dom"",""product_detail_jsonld"",""product_detail_dom""]","{""title"":""observed"",""brand"":""observed"",""seller_name"":""observed"",""seller_score"":""observed"",""price"":""observed"",""original_price"":""unavailable"",""campaigns"":""observed"",""stock_status"":""observed"",""stock_signal"":""observed"",""rating"":""observed"",""rating_count"":""observed"",""review_count"":""unavailable"",""question_count"":""observed"",""delivery_summary"":""observed"",""shipping_cost"":""unavailable"",""properties"":""observed""}",true,
2026-08-19,2026-08-19T01:49:40+03:00,mobilya,BEST_SELLER,koltuk-oturma,koltuk kanepe berjer,106,3,166,166,,,0,,1187310267,2334,"Vivense TOGO İKİLİ BERJER KOLTUK, FUŞYA",Vivense,,https://www.trendyol.com/vivense/togo-ikili-berjer-koltuk-fusya-p-1187310267?boutiqueId=61&merchantId=2334,Vivense,,41590,,,,TRY,"[""150 TL Kupon"",""Kargo Bedava"",""Peşin Fiyatına 9 Taksit""]",InStock,,,,,,,,,,,,,,0,,,,Tahmini Teslim:,,,{},0,,refreshed,"[""daily_top""]",true,2026-08-19T01:49:40+03:00,0,"[""search_result_dom"",""product_detail_jsonld"",""product_detail_dom""]","{""title"":""observed"",""brand"":""observed"",""seller_name"":""observed"",""seller_score"":""unavailable"",""price"":""observed"",""original_price"":""unavailable"",""campaigns"":""observed"",""stock_status"":""observed"",""stock_signal"":""unavailable"",""rating"":""unavailable"",""rating_count"":""unavailable"",""review_count"":""unavailable"",""question_count"":""unavailable"",""delivery_summary"":""observed"",""shipping_cost"":""unavailable"",""properties"":""observed""}",true,
2026-08-19,2026-08-19T01:49:40+03:00,mobilya,BEST_SELLER,koltuk-oturma,koltuk kanepe berjer,107,3,167,167,,,0,,1187310078,2334,"Vivense TOGO İKİLİ BERJER KOLTUK, BEJ",Vivense,,https://www.trendyol.com/vivense/togo-ikili-berjer-koltuk-bej-p-1187310078?boutiqueId=61&merchantId=2334,Vivense,,41590,,,,TRY,"[""150 TL Kupon"",""Kargo Bedava"",""Peşin Fiyatına 9 Taksit""]",InStock,,,,,,,,,,,,,,0,,,,Tahmini Teslim:,,,{},0,,refreshed,"[""daily_top""]",true,2026-08-19T01:49:40+03:00,0,"[""search_result_dom"",""product_detail_jsonld"",""product_detail_dom""]","{""title"":""observed"",""brand"":""observed"",""seller_name"":""observed"",""seller_score"":""unavailable"",""price"":""observed"",""original_price"":""unavailable"",""campaigns"":""observed"",""stock_status"":""observed"",""stock_signal"":""unavailable"",""rating"":""unavailable"",""rating_count"":""unavailable"",""review_count"":""unavailable"",""question_count"":""unavailable"",""delivery_summary"":""observed"",""shipping_cost"":""unavailable"",""properties"":""observed""}",true,
2026-08-19,2026-08-19T01:49:40+03:00,mobilya,BEST_SELLER,koltuk-oturma,koltuk kanepe berjer,108,3,168,168,,,0.4,,1142986916,121057,"Zem Benetta Koltuk Takımı, Kırık Beyaz (1 ADET KANEPE 2 ADET BERJER)",Zem,Koltuk Takımı,https://www.trendyol.com/zem/benetta-koltuk-takimi-kirik-beyaz-1-adet-kanepe-2-adet-berjer-p-1142986916?boutiqueId=61&merchantId=121057,Zem Home,9,33688.13,33838.13,0.4,,TRY,"[""Kargo Bedava"",""Peşin Fiyatına 9 Taksit""]",InStock,100 adetten fazla stok sunulmuştur,,,,,,,,,,,4999,TRY,0,14,1,17,Tahmini Teslim:,,https://cdn.dsmcdn.com/ty1924/prod/QC_PREP/20260507/16/ab3e4e86-c51f-37af-9e33-f485744214e7/1_org_zoom.jpg,"{""Materyal"":""Ahşap"",""Renk"":""Beyaz"",""Takım İçeriği"":""3+1+1"",""Gövde Materyali"":""Ahşap"",""Kumaş"":""Bukle"",""Ayak Malzemesi"":""Ahşap"",""Fonksiyon"":""Mekanizmalı"",""Tasarım"":""Modern"",""Koltuk Tipi"":""Koltuk Takımı"",""Stil"":""Modern"",""Tema / Stil"":""Modern"",""Menşei"":""TR""}",0,,refreshed,"[""daily_top""]",true,2026-08-19T01:49:40+03:00,0,"[""search_result_dom"",""product_detail_jsonld"",""product_detail_dom""]","{""title"":""observed"",""brand"":""observed"",""seller_name"":""observed"",""seller_score"":""observed"",""price"":""observed"",""original_price"":""observed"",""campaigns"":""observed"",""stock_status"":""observed"",""stock_signal"":""observed"",""rating"":""unavailable"",""rating_count"":""unavailable"",""review_count"":""unavailable"",""question_count"":""unavailable"",""delivery_summary"":""observed"",""shipping_cost"":""observed"",""properties"":""observed""}",true,
2026-08-19,2026-08-19T01:49:40+03:00,mobilya,BEST_SELLER,koltuk-oturma,koltuk kanepe berjer,109,3,169,169,12,,0,,1135834152,107598,YAN YANA Köşe Takımı Koltuk Takımı Yatak Kanepe Berjer Puf Modüler Kasa Siyah Kılıf Gri 180X180,YAN YANA,Köşe Takımı,https://www.trendyol.com/yan-yana/kose-takimi-koltuk-takimi-yatak-kanepe-berjer-puf-moduler-kasa-siyah-kilif-gri-180x180-p-1135834152?boutiqueId=61&merchantId=107598,Gaga Mobilya,89,11999,,,,TRY,"[""Kargo Bedava"",""Peşin Fiyatına 9 Taksit""]",InStock,100 adetten fazla stok sunulmuştur,,,,,,,3,,,,4999,TRY,0,6,1,9,Tahmini Teslim:,,https://cdn.dsmcdn.com/ty1858/prod/QC_PREP/20260420/22/11b627d0-2dfa-3ff4-9a50-ce7fb2e7bdd2/1_org_zoom.jpg,"{""Materyal"":""Tekstil"",""Renk"":""Siyah"",""Boyut/Ebat"":""90 x 180"",""Gövde Materyali"":""Metal"",""Kumaş"":""Dokuma"",""Fonksiyon"":""Sabit"",""Ayak Malzemesi"":""Metal"",""Koltuk Tipi"":""Moduler Koltuk"",""Tasarım"":""Modern"",""Genişlik"":""180 cm"",""Derinlik"":""90 cm"",""Oturum Yumuşaklığı"":""Yumuşak"",""Garanti Süresi"":""5 Yıl"",""Köşe Yönü"":""Sağ-Sol Değiştirilebilir"",""Ayak Malzemesi Rengi"":""Siyah"",""Stil"":""Modern"",""Tema / Stil"":""Modern"",""Kumaş Tipi"":""Dokuma"",""Menşei"":""TR""}",0,,refreshed,"[""daily_top""]",true,2026-08-19T01:49:40+03:00,0,"[""search_result_dom"",""product_detail_jsonld"",""product_detail_dom""]","{""title"":""observed"",""brand"":""observed"",""seller_name"":""observed"",""seller_score"":""observed"",""price"":""observed"",""original_price"":""unavailable"",""campaigns"":""observed"",""stock_status"":""observed"",""stock_signal"":""observed"",""rating"":""unavailable"",""rating_count"":""unavailable"",""review_count"":""unavailable"",""question_count"":""observed"",""delivery_summary"":""observed"",""shipping_cost"":""observed"",""properties"":""observed""}",true,
2026-08-19,2026-08-19T01:49:40+03:00,mobilya,BEST_SELLER,koltuk-oturma,koltuk kanepe berjer,110,3,170,170,4,,10.4,19.6,32444373,107598,Gaga Mobilya Bahçe Mobilyası Bahçe Takımı Balkon Oturma Grubu Tekli Kanepe Tekli Koltuk Takımı Berjer (68cm) Gri,Gaga Mobilya,,https://www.trendyol.com/gaga-mobilya/bahce-mobilyasi-bahce-takimi-balkon-oturma-grubu-tekli-kanepe-tekli-koltuk-takimi-berjer-68cm-gri-p-32444373?boutiqueId=61&merchantId=107598,Gaga Mobilya,,2899,,,,TRY,"[""Kargo Bedava"",""Peşin Fiyatına 3 Taksit"",""Trendyol Plus'a Özel""]",InStock,100 adetten fazla stok sunulmuştur,,,4.7,19,,,31,,974 kişi favoriledi,,,,0,,,,Tahmini Teslim:,Fenomen Seçimi,,{},0,,refreshed,"[""daily_top""]",true,2026-08-19T01:49:40+03:00,0,"[""search_result_dom"",""product_detail_jsonld"",""product_detail_dom""]","{""title"":""observed"",""brand"":""observed"",""seller_name"":""observed"",""seller_score"":""unavailable"",""price"":""observed"",""original_price"":""unavailable"",""campaigns"":""observed"",""stock_status"":""observed"",""stock_signal"":""observed"",""rating"":""observed"",""rating_count"":""observed"",""review_count"":""unavailable"",""question_count"":""observed"",""delivery_summary"":""observed"",""shipping_cost"":""unavailable"",""properties"":""observed""}",true,
2026-08-19,2026-08-19T01:49:40+03:00,mobilya,BEST_SELLER,koltuk-oturma,koltuk kanepe berjer,111,3,171,171,4,,0.5,,1139607352,471236,"S Home Design Concept Luna 2 Modül Ikili Kanepe Berjer Koltuk Takımı 2+1, Yönsüz Kadife",S Home Design Concept,,https://www.trendyol.com/s-home-design-concept/luna-2-modul-ikili-kanepe-berjer-koltuk-takimi-2-1-yonsuz-kadife-p-1139607352?boutiqueId=61&merchantId=471236,S Home Design Concept,,31500.72,31650.72,0.5,,TRY,"[""Kargo Bedava"",""Peşin Fiyatına 9 Taksit""]",InStock,100 adetten fazla stok sunulmuştur,,,,,,,,,,,,,0,,,,Tahmini Teslim:,,,{},0,,refreshed,"[""daily_top""]",true,2026-08-19T01:49:40+03:00,0,"[""search_result_dom"",""product_detail_jsonld"",""product_detail_dom""]","{""title"":""observed"",""brand"":""observed"",""seller_name"":""observed"",""seller_score"":""unavailable"",""price"":""observed"",""original_price"":""observed"",""campaigns"":""observed"",""stock_status"":""observed"",""stock_signal"":""observed"",""rating"":""unavailable"",""rating_count"":""unavailable"",""review_count"":""unavailable"",""question_count"":""unavailable"",""delivery_summary"":""observed"",""shipping_cost"":""unavailable"",""properties"":""observed""}",true,
2026-08-19,2026-08-19T01:49:40+03:00,mobilya,BEST_SELLER,koltuk-oturma,koltuk kanepe berjer,112,3,172,172,,,0,,1135831591,107598,YAN YANA Köşe Takımı Koltuk Takımı Yatak Kanepe Berjer Puf Modüler Kasa Siyah Kılıf Gri 270 X 90,YAN YANA,Köşe Takımı,https://www.trendyol.com/yan-yana/kose-takimi-koltuk-takimi-yatak-kanepe-berjer-puf-moduler-kasa-siyah-kilif-gri-270-x-90-p-1135831591?boutiqueId=61&merchantId=107598,Gaga Mobilya,89,13999,,,,TRY,"[""Kargo Bedava"",""Peşin Fiyatına 9 Taksit""]",InStock,100 adetten fazla stok sunulmuştur,,,,,,,2,,,,4999,TRY,0,6,1,9,Tahmini Teslim:,,https://cdn.dsmcdn.com/ty1859/prod/QC_PREP/20260420/21/6e2483bf-e481-3655-b46e-354971efb01e/1_org_zoom.jpg,"{""Materyal"":""Tekstil"",""Renk"":""Çok Renkli"",""Gövde Materyali"":""Metal"",""Kumaş"":""Dokuma"",""Fonksiyon"":""Sabit"",""Ayak Malzemesi"":""Metal"",""Koltuk Tipi"":""Uzanmalı Koltuk"",""Tasarım"":""Modern"",""Genişlik"":""270 cm"",""Derinlik"":""90 cm"",""Oturum Yumuşaklığı"":""Yumuşak"",""Garanti Süresi"":""5 Yıl"",""Köşe Yönü"":""Sağ-Sol Değiştirilebilir"",""Ayak Malzemesi Rengi"":""Siyah"",""Stil"":""Modern"",""Tema / Stil"":""Modern"",""Menşei"":""TR""}",0,,refreshed,"[""daily_top""]",true,2026-08-19T01:49:40+03:00,0,"[""search_result_dom"",""product_detail_jsonld"",""product_detail_dom""]","{""title"":""observed"",""brand"":""observed"",""seller_name"":""observed"",""seller_score"":""observed"",""price"":""observed"",""original_price"":""unavailable"",""campaigns"":""observed"",""stock_status"":""observed"",""stock_signal"":""observed"",""rating"":""unavailable"",""rating_count"":""unavailable"",""review_count"":""unavailable"",""question_count"":""observed"",""delivery_summary"":""observed"",""shipping_cost"":""observed"",""properties"":""observed""}",true,
2026-08-19,2026-08-19T01:49:40+03:00,mobilya,BEST_SELLER,koltuk-oturma,koltuk kanepe berjer,113,3,173,173,9,,0,,1142682246,107598,Gaga Mobilya Köşe Takımı Koltuk Takımı Yatak Kanepe Koltuk Berjer Puf Modüler Oturma Grubu 90 X 180 YanYana,Gaga Mobilya,,https://www.trendyol.com/gaga-mobilya/kose-takimi-koltuk-takimi-yatak-kanepe-koltuk-berjer-puf-moduler-oturma-grubu-90-x-180-yanyana-p-1142682246?boutiqueId=61&merchantId=107598,Gaga Mobilya,,9999,,,,TRY,"[""Kargo Bedava"",""Peşin Fiyatına 6 Taksit""]",InStock,100 adetten fazla stok sunulmuştur,,,,,,,1,,,,,,0,,,,Tahmini Teslim:,,,{},0,,refreshed,"[""daily_top""]",true,2026-08-19T01:49:40+03:00,0,"[""search_result_dom"",""product_detail_jsonld"",""product_detail_dom""]","{""title"":""observed"",""brand"":""observed"",""seller_name"":""observed"",""seller_score"":""unavailable"",""price"":""observed"",""original_price"":""unavailable"",""campaigns"":""observed"",""stock_status"":""observed"",""stock_signal"":""observed"",""rating"":""unavailable"",""rating_count"":""unavailable"",""review_count"":""unavailable"",""question_count"":""observed"",""delivery_summary"":""observed"",""shipping_cost"":""unavailable"",""properties"":""observed""}",true,
2026-08-19,2026-08-19T01:49:40+03:00,mobilya,BEST_SELLER,koltuk-oturma,koltuk kanepe berjer,114,3,174,174,,,0,,1135831620,107598,YAN YANA Köşe Takımı Koltuk Takımı Yatak Kanepe Berjer Puf Modüler Kasa Siyah Kılıf Lacivert 270 X 90,YAN YANA,Köşe Takımı,https://www.trendyol.com/yan-yana/kose-takimi-koltuk-takimi-yatak-kanepe-berjer-puf-moduler-kasa-siyah-kilif-lacivert-270-x-90-p-1135831620?boutiqueId=61&merchantId=107598,Gaga Mobilya,89,13999,,,,TRY,"[""Kargo Bedava"",""Peşin Fiyatına 9 Taksit""]",InStock,100 adetten fazla stok sunulmuştur,,,,,,,1,,,,4999,TRY,0,6,1,9,Tahmini Teslim:,,https://cdn.dsmcdn.com/ty1859/prod/QC_PREP/20260420/21/3fba2259-e585-30bb-9afb-f8d3ed11f9d3/1_org_zoom.jpg,"{""Materyal"":""Tekstil"",""Renk"":""Çok Renkli"",""Gövde Materyali"":""Metal"",""Kumaş"":""Dokuma"",""Fonksiyon"":""Sabit"",""Ayak Malzemesi"":""Metal"",""Koltuk Tipi"":""Uzanmalı Koltuk"",""Tasarım"":""Modern"",""Genişlik"":""270 cm"",""Derinlik"":""90 cm"",""Oturum Yumuşaklığı"":""Yumuşak"",""Garanti Süresi"":""5 Yıl"",""Köşe Yönü"":""Sağ-Sol Değiştirilebilir"",""Ayak Malzemesi Rengi"":""Siyah"",""Stil"":""Modern"",""Tema / Stil"":""Modern"",""Menşei"":""TR""}",0,,refreshed,"[""daily_top""]",true,2026-08-19T01:49:40+03:00,0,"[""search_result_dom"",""product_detail_jsonld"",""product_detail_dom""]","{""title"":""observed"",""brand"":""observed"",""seller_name"":""observed"",""seller_score"":""observed"",""price"":""observed"",""original_price"":""unavailable"",""campaigns"":""observed"",""stock_status"":""observed"",""stock_signal"":""observed"",""rating"":""unavailable"",""rating_count"":""unavailable"",""review_count"":""unavailable"",""question_count"":""observed"",""delivery_summary"":""observed"",""shipping_cost"":""observed"",""properties"":""observed""}",true,
2026-08-19,2026-08-19T01:49:40+03:00,mobilya,BEST_SELLER,koltuk-oturma,koltuk kanepe berjer,115,3,175,175,2,,0,,335944151,667897,ÇINAR MOBEL Lucasso Metal Ayaklı Dönerli Berjer Tekli Kanepe Ahşap Kasalı Berjer,ÇINAR MOBEL,,https://www.trendyol.com/cinar-mobel/lucasso-metal-ayakli-donerli-berjer-tekli-kanepe-ahsap-kasali-berjer-p-335944151?boutiqueId=61&merchantId=667897,Çınar Mobel,91,19990,,,,TRY,"[""Kargo Bedava"",""Peşin Fiyatına 9 Taksit""]",InStock,100 adetten fazla stok sunulmuştur,,,,,,,2,,,,,,0,,,,Tahmini Teslim:,,,{},0,,refreshed,"[""daily_top""]",true,2026-08-19T01:49:40+03:00,0,"[""search_result_dom"",""product_detail_jsonld"",""product_detail_dom""]","{""title"":""observed"",""brand"":""observed"",""seller_name"":""observed"",""seller_score"":""observed"",""price"":""observed"",""original_price"":""unavailable"",""campaigns"":""observed"",""stock_status"":""observed"",""stock_signal"":""observed"",""rating"":""unavailable"",""rating_count"":""unavailable"",""review_count"":""unavailable"",""question_count"":""observed"",""delivery_summary"":""observed"",""shipping_cost"":""unavailable"",""properties"":""observed""}",true,
2026-08-19,2026-08-19T01:49:40+03:00,mobilya,BEST_SELLER,koltuk-oturma,koltuk kanepe berjer,116,3,176,176,5,,0,,920758795,995061,"Modamed Lirya Açılabilir Dinlenme Aktivite Tv Koltuğu, Armut Koltuk, Kanepe Berjer, Yatak Olabilir Minder",Modamed,,https://www.trendyol.com/modamed/lirya-acilabilir-dinlenme-aktivite-tv-koltugu-armut-koltuk-kanepe-berjer-yatak-olabilir-minder-p-920758795?boutiqueId=61&merchantId=995061,Modamed Yatak by Modalife,89,9232,,,,TRY,"[""Kargo Bedava"",""Peşin Fiyatına 6 Taksit"",""Trendyol Plus'a Özel""]",InStock,100 adetten fazla stok sunulmuştur,,,,,,,,,,,,,0,,,,Tahmini Teslim:,,,{},0,,refreshed,"[""daily_top""]",true,2026-08-19T01:49:40+03:00,0,"[""search_result_dom"",""product_detail_jsonld"",""product_detail_dom""]","{""title"":""observed"",""brand"":""observed"",""seller_name"":""observed"",""seller_score"":""observed"",""price"":""observed"",""original_price"":""unavailable"",""campaigns"":""observed"",""stock_status"":""observed"",""stock_signal"":""observed"",""rating"":""unavailable"",""rating_count"":""unavailable"",""review_count"":""unavailable"",""question_count"":""unavailable"",""delivery_summary"":""observed"",""shipping_cost"":""unavailable"",""properties"":""observed""}",true,
2026-08-19,2026-08-19T01:49:40+03:00,mobilya,BEST_SELLER,koltuk-oturma,koltuk kanepe berjer,117,3,177,177,,,4.8,25.2,901834357,621105,Modalife Mitra Berjer Salon&oturma Odası Kanepe - Kahve,Modalife,Berjer,https://www.trendyol.com/modalife/mitra-berjer-salon-oturma-odasi-kanepe-kahve-p-901834357?boutiqueId=61&merchantId=621105,Modalife,,9899.1,,,,TRY,"[""Kargo Bedava"",""Peşin Fiyatına 9 Taksit"",""Trendyol Plus'a Özel""]",InStock,100 adetten fazla stok sunulmuştur,,,5,5,3,,2,,307 kişi favoriledi,,4999,TRY,0,12,1,15,Tahmini Teslim:,,https://cdn.dsmcdn.com/ty1641/prod/QC/20250224/11/99271e7e-6932-3221-a210-4171e60fa675/1_org_zoom.jpg,"{""Materyal"":""Suntalam"",""Tema / Stil"":""Modern"",""Renk"":""Kahverengi"",""Boyut/Ebat"":""69 x 94"",""Garanti Süresi"":""2 Yıl"",""Ayak Malzemesi"":""Plastik"",""Kumaş"":""Soho"",""Genişlik"":""69 cm"",""Derinlik"":""86 cm"",""Stil"":""Country"",""Menşei"":""TR"",""Özellik"":""Standart""}",3,5,refreshed,"[""daily_top""]",true,2026-08-19T01:49:40+03:00,0,"[""search_result_dom"",""product_detail_jsonld"",""product_detail_dom""]","{""title"":""observed"",""brand"":""observed"",""seller_name"":""observed"",""seller_score"":""unavailable"",""price"":""observed"",""original_price"":""unavailable"",""campaigns"":""observed"",""stock_status"":""observed"",""stock_signal"":""observed"",""rating"":""observed"",""rating_count"":""observed"",""review_count"":""observed"",""question_count"":""observed"",""delivery_summary"":""observed"",""shipping_cost"":""observed"",""properties"":""observed""}",true,
2026-08-19,2026-08-19T01:49:40+03:00,mobilya,BEST_SELLER,koltuk-oturma,koltuk kanepe berjer,118,3,178,178,,,0,,1128791799,185000,VAC HOME Togo İkili Koltuk / Berjer HR Full Sünger,VAC HOME,Kanepe,https://www.trendyol.com/vac-home/togo-ikili-koltuk-berjer-hr-full-sunger-p-1128791799?boutiqueId=61&merchantId=185000,VAC HOME,97,19990,,,,TRY,"[""Kargo Bedava"",""Peşin Fiyatına 9 Taksit""]",InStock,5 adetten fazla stok sunulmuştur,,,,,,,4,,349 kişi favoriledi,,4999,TRY,0,1,1,4,22 saat 5 dakika içinde sipariş verirsen en geç yarın kargoda!,,https://cdn.dsmcdn.com/ty1937/prod/QC_ENRICHMENT/20260429/20/9557341f-4429-3dfc-a6d9-106aa5532c47/1_org_zoom.jpg,"{""Materyal"":""Tekstil"",""Renk"":""Gri"",""Gövde Materyali"":""Sünger"",""Koltuk Tipi"":""İkili Koltuk"",""Tasarım"":""Modern"",""Kumaş"":""Kadife"",""Fonksiyon"":""Yataksız"",""Genişlik"":""160 cm"",""Derinlik"":""80 cm"",""Oturum Yumuşaklığı"":""Orta Sert"",""Ayak Malzemesi"":""Ayaksız"",""Garanti Süresi"":""1 Yıl"",""Ayak Malzemesi Rengi"":""Siyah"",""Stil"":""Modern"",""Tema / Stil"":""Modern"",""Menşei"":""CN""}",0,,refreshed,"[""daily_top""]",true,2026-08-19T01:49:40+03:00,0,"[""search_result_dom"",""product_detail_jsonld"",""product_detail_dom""]","{""title"":""observed"",""brand"":""observed"",""seller_name"":""observed"",""seller_score"":""observed"",""price"":""observed"",""original_price"":""unavailable"",""campaigns"":""observed"",""stock_status"":""observed"",""stock_signal"":""observed"",""rating"":""unavailable"",""rating_count"":""unavailable"",""review_count"":""unavailable"",""question_count"":""observed"",""delivery_summary"":""observed"",""shipping_cost"":""observed"",""properties"":""observed""}",true,
2026-08-19,2026-08-19T01:49:40+03:00,mobilya,BEST_SELLER,koltuk-oturma,koltuk kanepe berjer,119,3,179,179,12,,0,,1135855278,107598,YAN YANA Köşe Takımı Koltuk Takımı Yatak Kanepe Berjer Puf Modüler Kasa Siyah Kılıf Lacivert 180X180,YAN YANA,Köşe Takımı,https://www.trendyol.com/yan-yana/kose-takimi-koltuk-takimi-yatak-kanepe-berjer-puf-moduler-kasa-siyah-kilif-lacivert-180x180-p-1135855278?boutiqueId=61&merchantId=107598,Gaga Mobilya,89,11999,,,,TRY,"[""Kargo Bedava"",""Peşin Fiyatına 9 Taksit""]",InStock,100 adetten fazla stok sunulmuştur,,,,,,,1,,,,4999,TRY,0,6,1,9,Tahmini Teslim:,,https://cdn.dsmcdn.com/ty1858/prod/QC_PREP/20260420/22/9a172eb9-7151-313f-817e-49b187fbd8ef/1_org_zoom.jpg,"{""Materyal"":""Tekstil"",""Renk"":""Siyah"",""Boyut/Ebat"":""90 x 180"",""Gövde Materyali"":""Metal"",""Kumaş"":""Dokuma"",""Fonksiyon"":""Sabit"",""Ayak Malzemesi"":""Metal"",""Koltuk Tipi"":""Moduler Koltuk"",""Tasarım"":""Modern"",""Genişlik"":""180 cm"",""Derinlik"":""90 cm"",""Oturum Yumuşaklığı"":""Yumuşak"",""Garanti Süresi"":""5 Yıl"",""Köşe Yönü"":""Sağ-Sol Değiştirilebilir"",""Ayak Malzemesi Rengi"":""Siyah"",""Stil"":""Modern"",""Tema / Stil"":""Modern"",""Kumaş Tipi"":""Dokuma"",""Menşei"":""TR""}",0,,refreshed,"[""daily_top""]",true,2026-08-19T01:49:40+03:00,0,"[""search_result_dom"",""product_detail_jsonld"",""product_detail_dom""]","{""title"":""observed"",""brand"":""observed"",""seller_name"":""observed"",""seller_score"":""observed"",""price"":""observed"",""original_price"":""unavailable"",""campaigns"":""observed"",""stock_status"":""observed"",""stock_signal"":""observed"",""rating"":""unavailable"",""rating_count"":""unavailable"",""review_count"":""unavailable"",""question_count"":""observed"",""delivery_summary"":""observed"",""shipping_cost"":""observed"",""properties"":""observed""}",true,
2026-08-19,2026-08-19T01:49:40+03:00,mobilya,BEST_SELLER,koltuk-oturma,koltuk kanepe berjer,120,3,180,180,,,0.5,,1142082603,121057,"Zem Benetta Koltuk Takımı, Kırık Beyaz (1 ADET KANEPE 1 ADET BERJER 1 ADET ORTA SEHPA 1 ADET BENCH)",Zem,Koltuk Takımı,https://www.trendyol.com/zem/benetta-koltuk-takimi-kirik-beyaz-1-adet-kanepe-1-adet-berjer-1-adet-orta-sehpa-1-adet-bench-p-1142082603?boutiqueId=61&merchantId=121057,Zem Home,9,28835.54,28985.54,0.5,,TRY,"[""Kargo Bedava"",""Peşin Fiyatına 9 Taksit""]",InStock,100 adetten fazla stok sunulmuştur,,,,,,,,,,,4999,TRY,0,14,1,17,Tahmini Teslim:,,https://cdn.dsmcdn.com/ty1940/prod/QC_PREP/20260504/18/2afea829-0c2d-3404-a626-2bc5f6e20796/1_org_zoom.jpg,"{""Materyal"":""Ahşap"",""Renk"":""Beyaz"",""Takım İçeriği"":""3+1"",""Gövde Materyali"":""Ahşap"",""Kumaş"":""Bukle"",""Ayak Malzemesi"":""Ahşap"",""Fonksiyon"":""Mekanizmalı"",""Tasarım"":""Modern"",""Koltuk Tipi"":""Koltuk Takımı"",""Stil"":""Modern"",""Tema / Stil"":""Modern"",""Menşei"":""TR""}",0,,refreshed,"[""daily_top""]",true,2026-08-19T01:49:40+03:00,0,"[""search_result_dom"",""product_detail_jsonld"",""product_detail_dom""]","{""title"":""observed"",""brand"":""observed"",""seller_name"":""observed"",""seller_score"":""observed"",""price"":""observed"",""original_price"":""observed"",""campaigns"":""observed"",""stock_status"":""observed"",""stock_signal"":""observed"",""rating"":""unavailable"",""rating_count"":""unavailable"",""review_count"":""unavailable"",""question_count"":""unavailable"",""delivery_summary"":""observed"",""shipping_cost"":""observed"",""properties"":""observed""}",true,
2026-08-19,2026-08-19T01:49:40+03:00,mobilya,BEST_SELLER,koltuk-oturma,koltuk kanepe berjer,121,3,181,181,6,,6.2,23.8,225207042,416750,Azra Aksesuar Ikili Balkon Koltugu-kanepe-bekleme Koltugu-berjer-çay Seti Koltuğu,Azra Aksesuar,,https://www.trendyol.com/azra-aksesuar/ikili-balkon-koltugu-kanepe-bekleme-koltugu-berjer-cay-seti-koltugu-p-225207042?boutiqueId=61&merchantId=416750,Azra Mobilya,9,7999,,,,TRY,"[""Kargo Bedava"",""Peşin Fiyatına 6 Taksit""]",InStock,100 adetten fazla stok sunulmuştur,,,4.6,5,,,10,,,,,,0,,,,Tahmini Teslim:,,,{},0,,refreshed,"[""daily_top""]",true,2026-08-19T01:49:40+03:00,0,"[""search_result_dom"",""product_detail_jsonld"",""product_detail_dom""]","{""title"":""observed"",""brand"":""observed"",""seller_name"":""observed"",""seller_score"":""observed"",""price"":""observed"",""original_price"":""unavailable"",""campaigns"":""observed"",""stock_status"":""observed"",""stock_signal"":""observed"",""rating"":""observed"",""rating_count"":""observed"",""review_count"":""unavailable"",""question_count"":""observed"",""delivery_summary"":""observed"",""shipping_cost"":""unavailable"",""properties"":""observed""}",true,
2026-08-19,2026-08-19T01:49:40+03:00,mobilya,BEST_SELLER,koltuk-oturma,koltuk kanepe berjer,122,3,182,182,9,,0,,1144582904,1240831,"NESTİME 50 DNS 100x100 Modüler Köşe Minderi Fitilli Kadife, Rahat, Dayanıklı, Çok Amaçlı Yer Minderi",NESTİME,,https://www.trendyol.com/nestime/50-dns-100x100-moduler-kose-minderi-fitilli-kadife-rahat-dayanikli-cok-amacli-yer-minderi-p-1144582904?boutiqueId=61&merchantId=1240831,NESTİME,92,6935.26,,,,TRY,"[""Kargo Bedava"",""Peşin Fiyatına 6 Taksit""]",InStock,Son 3 Ürün,,,,,,,1,,,,,,0,,,,Tahmini Teslim:,,,{},0,,refreshed,"[""daily_top""]",true,2026-08-19T01:49:40+03:00,0,"[""search_result_dom"",""product_detail_jsonld"",""product_detail_dom""]","{""title"":""observed"",""brand"":""observed"",""seller_name"":""observed"",""seller_score"":""observed"",""price"":""observed"",""original_price"":""unavailable"",""campaigns"":""observed"",""stock_status"":""observed"",""stock_signal"":""observed"",""rating"":""unavailable"",""rating_count"":""unavailable"",""review_count"":""unavailable"",""question_count"":""observed"",""delivery_summary"":""observed"",""shipping_cost"":""unavailable"",""properties"":""observed""}",true,
2026-08-19,2026-08-19T01:49:40+03:00,mobilya,BEST_SELLER,koltuk-oturma,koltuk kanepe berjer,123,3,183,183,4,,2.4,27.6,942029921,121057,"Zem Favela Bohem İkili Berjer Natürel Ahşap, Sütlü Kahve",Zem,,https://www.trendyol.com/zem/favela-bohem-ikili-berjer-naturel-ahsap-sutlu-kahve-p-942029921?boutiqueId=61&merchantId=121057,Zem Home,9,11999.9,,,,TRY,"[""Kargo Bedava"",""Peşin Fiyatına 9 Taksit""]",InStock,100 adetten fazla stok sunulmuştur,,,5,1,,,4,,,,,,0,,,,Tahmini Teslim:,,,{},0,,refreshed,"[""daily_top""]",true,2026-08-19T01:49:40+03:00,0,"[""search_result_dom"",""product_detail_jsonld"",""product_detail_dom""]","{""title"":""observed"",""brand"":""observed"",""seller_name"":""observed"",""seller_score"":""observed"",""price"":""observed"",""original_price"":""unavailable"",""campaigns"":""observed"",""stock_status"":""observed"",""stock_signal"":""observed"",""rating"":""observed"",""rating_count"":""observed"",""review_count"":""unavailable"",""question_count"":""observed"",""delivery_summary"":""observed"",""shipping_cost"":""unavailable"",""properties"":""observed""}",true,
2026-08-19,2026-08-19T01:49:40+03:00,mobilya,BEST_SELLER,koltuk-oturma,koltuk kanepe berjer,124,3,184,184,,,0,,1135832335,107598,YAN YANA Köşe Takımı Koltuk Takımı Yatak Kanepe Berjer Puf Modüler Kasa Beyaz Kılıf Lacivert 270 X 90,YAN YANA,Köşe Takımı,https://www.trendyol.com/yan-yana/kose-takimi-koltuk-takimi-yatak-kanepe-berjer-puf-moduler-kasa-beyaz-kilif-lacivert-270-x-90-p-1135832335?boutiqueId=61&merchantId=107598,Gaga Mobilya,89,13999,,,,TRY,"[""Kargo Bedava"",""Peşin Fiyatına 9 Taksit""]",InStock,100 adetten fazla stok sunulmuştur,,,,,,,,,,,4999,TRY,0,6,1,9,Tahmini Teslim:,,https://cdn.dsmcdn.com/ty1857/prod/QC_PREP/20260420/22/f0af1c3d-869a-3834-abf2-0501f2248faf/1_org_zoom.jpg,"{""Materyal"":""Tekstil"",""Renk"":""Çok Renkli"",""Gövde Materyali"":""Metal"",""Kumaş"":""Dokuma"",""Fonksiyon"":""Sabit"",""Ayak Malzemesi"":""Metal"",""Koltuk Tipi"":""Uzanmalı Koltuk"",""Tasarım"":""Modern"",""Genişlik"":""270 cm"",""Derinlik"":""90 cm"",""Oturum Yumuşaklığı"":""Yumuşak"",""Garanti Süresi"":""5 Yıl"",""Köşe Yönü"":""Sağ-Sol Değiştirilebilir"",""Ayak Malzemesi Rengi"":""Siyah"",""Stil"":""Modern"",""Tema / Stil"":""Modern"",""Menşei"":""TR""}",0,,refreshed,"[""daily_top""]",true,2026-08-19T01:49:40+03:00,0,"[""search_result_dom"",""product_detail_jsonld"",""product_detail_dom""]","{""title"":""observed"",""brand"":""observed"",""seller_name"":""observed"",""seller_score"":""observed"",""price"":""observed"",""original_price"":""unavailable"",""campaigns"":""observed"",""stock_status"":""observed"",""stock_signal"":""observed"",""rating"":""unavailable"",""rating_count"":""unavailable"",""review_count"":""unavailable"",""question_count"":""unavailable"",""delivery_summary"":""observed"",""shipping_cost"":""observed"",""properties"":""observed""}",true,
2026-08-19,2026-08-19T01:49:40+03:00,mobilya,BEST_SELLER,koltuk-oturma,koltuk kanepe berjer,125,3,185,185,,,0,,1116320882,142381,"PRAKTURA CRAFT Siyah Ahşap Berjer, Kırık Beyaz Kumaş Tekli Koltuk, Modüler Kanepe",PRAKTURA,Berjer,https://www.trendyol.com/praktura/craft-siyah-ahsap-berjer-kirik-beyaz-kumas-tekli-koltuk-moduler-kanepe-p-1116320882?boutiqueId=61&merchantId=142381,KUT TASARIM,,5377.02,,,,TRY,"[""Kargo Bedava"",""Sepette %35 İndirim"",""150 TL Kupon"",""Trendyol Plus'a Özel""]",,10 adetten fazla stok sunulmuştur,,,,,,,,,,,,,0,,,,,,https://cdn.dsmcdn.com/ty1918/prod/QC_ENRICHMENT/20260713/13/3b70ec6e-c47a-34d2-9dc5-19074795ab53/1_org_zoom.jpg,"{""Materyal"":""Ahşap"",""Tema / Stil"":""Country"",""Renk"":""Siyah"",""Boyut/Ebat"":""80 x 65"",""Garanti Süresi"":""6 Ay"",""Ayak Malzemesi"":""Ahşap"",""Kumaş"":""Keten"",""Genişlik"":""65 cm"",""Derinlik"":""60 cm"",""Stil"":""Country"",""Menşei"":""TR"",""Paket Derinlik"":""75 cm"",""Paket Genişlik"":""83 cm"",""Paket Yükseklik"":""28 cm""}",0,,refreshed,"[""daily_top""]",true,2026-08-19T01:49:40+03:00,0,"[""search_result_dom"",""product_detail_jsonld"",""product_detail_dom""]","{""title"":""observed"",""brand"":""observed"",""seller_name"":""observed"",""seller_score"":""unavailable"",""price"":""observed"",""original_price"":""unavailable"",""campaigns"":""observed"",""stock_status"":""unavailable"",""stock_signal"":""observed"",""rating"":""unavailable"",""rating_count"":""unavailable"",""review_count"":""unavailable"",""question_count"":""unavailable"",""delivery_summary"":""unavailable"",""shipping_cost"":""unavailable"",""properties"":""observed""}",true,
2026-08-19,2026-08-19T01:49:40+03:00,mobilya,BEST_SELLER,koltuk-oturma,koltuk kanepe berjer,126,3,186,186,4,,7.2,22.8,32444371,107598,"Gaga Mobilya Bahçe Mobilyası, Cafe, Balkon, Kanepe, Berjer (68cm) Ekoseli",Gaga Mobilya,,https://www.trendyol.com/gaga-mobilya/bahce-mobilyasi-cafe-balkon-kanepe-berjer-68cm-ekoseli-p-32444371?boutiqueId=61&merchantId=107598,Gaga Mobilya,,2899,,,,TRY,"[""Kargo Bedava"",""Peşin Fiyatına 3 Taksit"",""Trendyol Plus'a Özel""]",InStock,100 adetten fazla stok sunulmuştur,,,4,7,,,9,,,,,,0,,,,Tahmini Teslim:,,,{},0,,refreshed,"[""daily_top""]",true,2026-08-19T01:49:40+03:00,0,"[""search_result_dom"",""product_detail_jsonld"",""product_detail_dom""]","{""title"":""observed"",""brand"":""observed"",""seller_name"":""observed"",""seller_score"":""unavailable"",""price"":""observed"",""original_price"":""unavailable"",""campaigns"":""observed"",""stock_status"":""observed"",""stock_signal"":""observed"",""rating"":""observed"",""rating_count"":""observed"",""review_count"":""unavailable"",""question_count"":""observed"",""delivery_summary"":""observed"",""shipping_cost"":""unavailable"",""properties"":""observed""}",true,
2026-08-19,2026-08-19T01:49:40+03:00,mobilya,BEST_SELLER,koltuk-oturma,koltuk kanepe berjer,127,3,187,187,,,0,,1104194795,1219953,joyfoam modular foam sofas TERRA LÜKS KÖŞE BERJER YATAKLI YIKANABİLİR ORTA SERT SUNGER GENÇ DİNAMİK TARZ,joyfoam modular foam sofas,Kanepe,https://www.trendyol.com/joyfoam-modular-foam-sofas/terra-luks-kose-berjer-yatakli-yikanabilir-orta-sert-sunger-genc-dinamik-tarz-p-1104194795?boutiqueId=61&merchantId=1219953,Joyfoam modular foam sofas,96,7419,,,,TRY,"[""Kargo Bedava"",""Peşin Fiyatına 6 Taksit""]",InStock,Son 3 Ürün,,,,,,,,,,,4999,TRY,0,7,1,10,Tahmini Teslim:,,https://cdn.dsmcdn.com/ty1824/prod/QC_PREP/20260214/23/2733daf6-dfb8-33a8-945e-e45f68352767/1_org_zoom.jpg,"{""Materyal"":""Tekstil"",""Renk"":""Kahverengi"",""Gövde Materyali"":""Sünger"",""Koltuk Tipi"":""Tekli Koltuk"",""Tasarım"":""Modern"",""Kumaş"":""Kadife"",""Fonksiyon"":""Yataklı"",""Genişlik"":""95 cm"",""Derinlik"":""90 cm"",""Oturum Yumuşaklığı"":""Orta Sert"",""Ayak Malzemesi"":""Ayaksız"",""Garanti Süresi"":""1 Yıl"",""Ayak Malzemesi Rengi"":""Siyah"",""Stil"":""Modern"",""Tema / Stil"":""Modern"",""Menşei"":""TR""}",0,,refreshed,"[""daily_top""]",true,2026-08-19T01:49:40+03:00,0,"[""search_result_dom"",""product_detail_jsonld"",""product_detail_dom""]","{""title"":""observed"",""brand"":""observed"",""seller_name"":""observed"",""seller_score"":""observed"",""price"":""observed"",""original_price"":""unavailable"",""campaigns"":""observed"",""stock_status"":""observed"",""stock_signal"":""observed"",""rating"":""unavailable"",""rating_count"":""unavailable"",""review_count"":""unavailable"",""question_count"":""unavailable"",""delivery_summary"":""observed"",""shipping_cost"":""observed"",""properties"":""observed""}",true,
2026-08-19,2026-08-19T01:49:40+03:00,mobilya,BEST_SELLER,koltuk-oturma,koltuk kanepe berjer,128,3,188,188,7,,4.6,26.2,1056372013,126760,NWİN HOME Linea Mini L Köşe Kadife Fitilli Kanepe Çok Amaçlı Yer Minderi Modül Konfor Berjer 100x100,NWİN HOME,,https://www.trendyol.com/nwin-home/linea-mini-l-kose-kadife-fitilli-kanepe-cok-amacli-yer-minderi-modul-konfor-berjer-100x100-p-1056372013?boutiqueId=61&merchantId=126760,ANADOLU YATAK,88,5940,5990,0.8,,TRY,"[""Kargo Bedava"",""Peşin Fiyatına 3 Taksit""]",InStock,100 adetten fazla stok sunulmuştur,,,5,2,,,7,,,,,,0,,,,22 saat 5 dakika içinde sipariş verirsen en geç yarın kargoda!,,,{},0,,refreshed,"[""daily_top""]",true,2026-08-19T01:49:40+03:00,0,"[""search_result_dom"",""product_detail_jsonld"",""product_detail_dom""]","{""title"":""observed"",""brand"":""observed"",""seller_name"":""observed"",""seller_score"":""observed"",""price"":""observed"",""original_price"":""observed"",""campaigns"":""observed"",""stock_status"":""observed"",""stock_signal"":""observed"",""rating"":""observed"",""rating_count"":""observed"",""review_count"":""unavailable"",""question_count"":""observed"",""delivery_summary"":""observed"",""shipping_cost"":""unavailable"",""properties"":""observed""}",true,
2026-08-19,2026-08-19T01:49:40+03:00,mobilya,BEST_SELLER,koltuk-oturma,koltuk kanepe berjer,129,3,189,189,,,0,,1135832332,107598,YAN YANA Köşe Takımı Koltuk Takımı Yatak Kanepe Berjer Puf Modüler Kasa Beyaz Kılıf Krem 270 X 90,YAN YANA,Köşe Takımı,https://www.trendyol.com/yan-yana/kose-takimi-koltuk-takimi-yatak-kanepe-berjer-puf-moduler-kasa-beyaz-kilif-krem-270-x-90-p-1135832332?boutiqueId=61&merchantId=107598,Gaga Mobilya,89,13999,,,,TRY,"[""Kargo Bedava"",""Peşin Fiyatına 9 Taksit""]",InStock,100 adetten fazla stok sunulmuştur,,,,,,,,,,,4999,TRY,0,6,1,9,Tahmini Teslim:,,https://cdn.dsmcdn.com/ty1857/prod/QC_PREP/20260420/22/012ca6e1-9647-391d-8e57-19e323c836fb/1_org_zoom.jpg,"{""Materyal"":""Tekstil"",""Renk"":""Çok Renkli"",""Gövde Materyali"":""Metal"",""Kumaş"":""Dokuma"",""Fonksiyon"":""Sabit"",""Ayak Malzemesi"":""Metal"",""Koltuk Tipi"":""Uzanmalı Koltuk"",""Tasarım"":""Modern"",""Genişlik"":""270 cm"",""Derinlik"":""90 cm"",""Oturum Yumuşaklığı"":""Yumuşak"",""Garanti Süresi"":""5 Yıl"",""Köşe Yönü"":""Sağ-Sol Değiştirilebilir"",""Ayak Malzemesi Rengi"":""Siyah"",""Stil"":""Modern"",""Tema / Stil"":""Modern"",""Menşei"":""TR""}",0,,refreshed,"[""daily_top""]",true,2026-08-19T01:49:40+03:00,0,"[""search_result_dom"",""product_detail_jsonld"",""product_detail_dom""]","{""title"":""observed"",""brand"":""observed"",""seller_name"":""observed"",""seller_score"":""observed"",""price"":""observed"",""original_price"":""unavailable"",""campaigns"":""observed"",""stock_status"":""observed"",""stock_signal"":""observed"",""rating"":""unavailable"",""rating_count"":""unavailable"",""review_count"":""unavailable"",""question_count"":""unavailable"",""delivery_summary"":""observed"",""shipping_cost"":""observed"",""properties"":""observed""}",true,
2026-08-19,2026-08-19T01:49:40+03:00,mobilya,BEST_SELLER,koltuk-oturma,koltuk kanepe berjer,130,4,190,190,5,,0,,920758491,995061,"Modamed Lirya Açılabilir Dinlenme Aktivite Tv Koltuğu, Armut Koltuk, Kanepe Berjer, Yatak Olabilir Minder",Modamed,,https://www.trendyol.com/modamed/lirya-acilabilir-dinlenme-aktivite-tv-koltugu-armut-koltuk-kanepe-berjer-yatak-olabilir-minder-p-920758491?boutiqueId=61&merchantId=995061,Modamed Yatak by Modalife,89,7250,,,,TRY,"[""Kargo Bedava"",""Peşin Fiyatına 6 Taksit"",""Trendyol Plus'a Özel""]",InStock,100 adetten fazla stok sunulmuştur,,,,,,,1,,,,,,0,,,,Tahmini Teslim:,,,{},0,,refreshed,"[""daily_top""]",true,2026-08-19T01:49:40+03:00,0,"[""search_result_dom"",""product_detail_jsonld"",""product_detail_dom""]","{""title"":""observed"",""brand"":""observed"",""seller_name"":""observed"",""seller_score"":""observed"",""price"":""observed"",""original_price"":""unavailable"",""campaigns"":""observed"",""stock_status"":""observed"",""stock_signal"":""observed"",""rating"":""unavailable"",""rating_count"":""unavailable"",""review_count"":""unavailable"",""question_count"":""observed"",""delivery_summary"":""observed"",""shipping_cost"":""unavailable"",""properties"":""observed""}",true,
2026-08-19,2026-08-19T01:49:40+03:00,mobilya,BEST_SELLER,koltuk-oturma,koltuk kanepe berjer,131,4,191,191,,,0.4,,1142089403,121057,"Zem Benetta Koltuk Takımı, Kırık Beyaz (1 ADET KANEPE 2 ADET BERJER 1 ADET ORTA SEHPA 1 ADET BENCH)",Zem,Koltuk Takımı,https://www.trendyol.com/zem/benetta-koltuk-takimi-kirik-beyaz-1-adet-kanepe-2-adet-berjer-1-adet-orta-sehpa-1-adet-bench-p-1142089403?boutiqueId=61&merchantId=121057,Zem Home,9,36820.15,36970.15,0.4,,TRY,"[""Kargo Bedava"",""Peşin Fiyatına 9 Taksit""]",InStock,100 adetten fazla stok sunulmuştur,,,,,,,,,,,4999,TRY,0,14,1,17,Tahmini Teslim:,,https://cdn.dsmcdn.com/ty1932/prod/QC_PREP/20260504/18/7e34fa0d-acd6-3f6f-9939-d1d45e53db04/1_org_zoom.jpg,"{""Materyal"":""Ahşap"",""Renk"":""Beyaz"",""Takım İçeriği"":""3+1+1"",""Gövde Materyali"":""Ahşap"",""Kumaş"":""Bukle"",""Ayak Malzemesi"":""Ahşap"",""Fonksiyon"":""Mekanizmalı"",""Tasarım"":""Modern"",""Koltuk Tipi"":""Koltuk Takımı"",""Stil"":""Modern"",""Tema / Stil"":""Modern"",""Menşei"":""TR""}",0,,refreshed,"[""daily_top""]",true,2026-08-19T01:49:40+03:00,0,"[""search_result_dom"",""product_detail_jsonld"",""product_detail_dom""]","{""title"":""observed"",""brand"":""observed"",""seller_name"":""observed"",""seller_score"":""observed"",""price"":""observed"",""original_price"":""observed"",""campaigns"":""observed"",""stock_status"":""observed"",""stock_signal"":""observed"",""rating"":""unavailable"",""rating_count"":""unavailable"",""review_count"":""unavailable"",""question_count"":""unavailable"",""delivery_summary"":""observed"",""shipping_cost"":""observed"",""properties"":""observed""}",true,
2026-08-19,2026-08-19T01:49:40+03:00,mobilya,BEST_SELLER,koltuk-oturma,koltuk kanepe berjer,132,4,192,192,6,,0,,1135789053,107598,YAN YANA Köşe Takımı Koltuk Takımı Yatak Kanepe Berjer Puf Modüler Kasa Siyah Kılıf Lacivert Köşe Modül,YAN YANA,,https://www.trendyol.com/yan-yana/kose-takimi-koltuk-takimi-yatak-kanepe-berjer-puf-moduler-kasa-siyah-kilif-lacivert-kose-modul-p-1135789053?boutiqueId=61&merchantId=107598,Gaga Mobilya,89,5699,,,,TRY,"[""Kargo Bedava"",""Peşin Fiyatına 3 Taksit""]",InStock,100 adetten fazla stok sunulmuştur,,,,,,,,,,,,,0,,,,Tahmini Teslim:,,,{},0,,refreshed,"[""daily_top""]",true,2026-08-19T01:49:40+03:00,0,"[""search_result_dom"",""product_detail_jsonld"",""product_detail_dom""]","{""title"":""observed"",""brand"":""observed"",""seller_name"":""observed"",""seller_score"":""observed"",""price"":""observed"",""original_price"":""unavailable"",""campaigns"":""observed"",""stock_status"":""observed"",""stock_signal"":""observed"",""rating"":""unavailable"",""rating_count"":""unavailable"",""review_count"":""unavailable"",""question_count"":""unavailable"",""delivery_summary"":""observed"",""shipping_cost"":""unavailable"",""properties"":""observed""}",true,
2026-08-19,2026-08-19T01:49:40+03:00,mobilya,BEST_SELLER,koltuk-oturma,koltuk kanepe berjer,133,4,193,193,9,,0,,1142681564,107598,Gaga Mobilya Köşe Takımı Koltuk Takımı Yatak Kanepe Koltuk Berjer Puf Modüler Oturma Grubu 90 X 180 YanYana,Gaga Mobilya,,https://www.trendyol.com/gaga-mobilya/kose-takimi-koltuk-takimi-yatak-kanepe-koltuk-berjer-puf-moduler-oturma-grubu-90-x-180-yanyana-p-1142681564?boutiqueId=61&merchantId=107598,Gaga Mobilya,,9999,,,,TRY,"[""Kargo Bedava"",""Peşin Fiyatına 6 Taksit""]",InStock,100 adetten fazla stok sunulmuştur,,,,,,,2,,,,,,0,,,,Tahmini Teslim:,,,{},0,,refreshed,"[""daily_top""]",true,2026-08-19T01:49:40+03:00,0,"[""search_result_dom"",""product_detail_jsonld"",""product_detail_dom""]","{""title"":""observed"",""brand"":""observed"",""seller_name"":""observed"",""seller_score"":""unavailable"",""price"":""observed"",""original_price"":""unavailable"",""campaigns"":""observed"",""stock_status"":""observed"",""stock_signal"":""observed"",""rating"":""unavailable"",""rating_count"":""unavailable"",""review_count"":""unavailable"",""question_count"":""observed"",""delivery_summary"":""observed"",""shipping_cost"":""unavailable"",""properties"":""observed""}",true,
2026-08-19,2026-08-19T01:49:40+03:00,mobilya,BEST_SELLER,koltuk-oturma,koltuk kanepe berjer,134,4,194,194,6,,0,,1135777917,107598,YAN YANA Köşe Takımı Koltuk Takımı Yatak Kanepe Berjer Puf Modüler Kasa Siyah Kılıf Krem Köşe Modül,YAN YANA,,https://www.trendyol.com/yan-yana/kose-takimi-koltuk-takimi-yatak-kanepe-berjer-puf-moduler-kasa-siyah-kilif-krem-kose-modul-p-1135777917?boutiqueId=61&merchantId=107598,Gaga Mobilya,89,5699,,,,TRY,"[""Kargo Bedava"",""Peşin Fiyatına 3 Taksit""]",InStock,100 adetten fazla stok sunulmuştur,,,,,,,,,,,,,0,,,,Tahmini Teslim:,,,{},0,,refreshed,"[""daily_top""]",true,2026-08-19T01:49:40+03:00,0,"[""search_result_dom"",""product_detail_jsonld"",""product_detail_dom""]","{""title"":""observed"",""brand"":""observed"",""seller_name"":""observed"",""seller_score"":""observed"",""price"":""observed"",""original_price"":""unavailable"",""campaigns"":""observed"",""stock_status"":""observed"",""stock_signal"":""observed"",""rating"":""unavailable"",""rating_count"":""unavailable"",""review_count"":""unavailable"",""question_count"":""unavailable"",""delivery_summary"":""observed"",""shipping_cost"":""unavailable"",""properties"":""observed""}",true,
2026-08-19,2026-08-19T01:49:40+03:00,mobilya,BEST_SELLER,koltuk-oturma,koltuk kanepe berjer,135,4,195,195,6,,0,,1135817193,107598,YAN YANA Köşe Takımı Koltuk Takımı Yatak Kanepe Berjer Puf Modüler Kasa Siyah Kılıf Krem 180x90,YAN YANA,,https://www.trendyol.com/yan-yana/kose-takimi-koltuk-takimi-yatak-kanepe-berjer-puf-moduler-kasa-siyah-kilif-krem-180x90-p-1135817193?boutiqueId=61&merchantId=107598,Gaga Mobilya,89,9999,,,,TRY,"[""Kargo Bedava"",""Peşin Fiyatına 6 Taksit""]",InStock,100 adetten fazla stok sunulmuştur,,,,,,,,,,,,,0,,,,Tahmini Teslim:,,,{},0,,refreshed,"[""daily_top""]",true,2026-08-19T01:49:40+03:00,0,"[""search_result_dom"",""product_detail_jsonld"",""product_detail_dom""]","{""title"":""observed"",""brand"":""observed"",""seller_name"":""observed"",""seller_score"":""observed"",""price"":""observed"",""original_price"":""unavailable"",""campaigns"":""observed"",""stock_status"":""observed"",""stock_signal"":""observed"",""rating"":""unavailable"",""rating_count"":""unavailable"",""review_count"":""unavailable"",""question_count"":""unavailable"",""delivery_summary"":""observed"",""shipping_cost"":""unavailable"",""properties"":""observed""}",true,
2026-08-19,2026-08-19T01:49:40+03:00,mobilya,BEST_SELLER,koltuk-oturma,koltuk kanepe berjer,136,4,196,196,4,,0.5,,1139606087,471236,"S Home Design Concept Luna 2 Modül Ikili Kanepe Berjer Koltuk Takımı 2+1, Yönsüz Kadife",S Home Design Concept,,https://www.trendyol.com/s-home-design-concept/luna-2-modul-ikili-kanepe-berjer-koltuk-takimi-2-1-yonsuz-kadife-p-1139606087?boutiqueId=61&merchantId=471236,S Home Design Concept,,31500.72,31650.72,0.5,,TRY,"[""Kargo Bedava"",""Peşin Fiyatına 9 Taksit""]",InStock,100 adetten fazla stok sunulmuştur,,,,,,,1,,,,,,0,,,,Tahmini Teslim:,,,{},0,,refreshed,"[""daily_top""]",true,2026-08-19T01:49:40+03:00,0,"[""search_result_dom"",""product_detail_jsonld"",""product_detail_dom""]","{""title"":""observed"",""brand"":""observed"",""seller_name"":""observed"",""seller_score"":""unavailable"",""price"":""observed"",""original_price"":""observed"",""campaigns"":""observed"",""stock_status"":""observed"",""stock_signal"":""observed"",""rating"":""unavailable"",""rating_count"":""unavailable"",""review_count"":""unavailable"",""question_count"":""observed"",""delivery_summary"":""observed"",""shipping_cost"":""unavailable"",""properties"":""observed""}",true,
2026-08-19,2026-08-19T01:49:40+03:00,mobilya,BEST_SELLER,koltuk-oturma,koltuk kanepe berjer,137,4,197,197,,,0,,1142362347,121057,"Zem Benetta Koltuk Takımı, Kırık Beyaz (1 ADET KANEPE 1 ADET BERJER)",Zem,Koltuk Takımı,https://www.trendyol.com/zem/benetta-koltuk-takimi-kirik-beyaz-1-adet-kanepe-1-adet-berjer-p-1142362347?boutiqueId=61&merchantId=121057,Zem Home,9,25979.9,,,,TRY,"[""Kargo Bedava"",""Peşin Fiyatına 9 Taksit""]",InStock,100 adetten fazla stok sunulmuştur,,,,,,,,,,,4999,TRY,0,14,1,17,Tahmini Teslim:,,https://cdn.dsmcdn.com/ty1891/prod/QC_PREP/20260505/16/12b33e2a-2b98-340b-bd20-91f030e53b5a/1_org_zoom.jpg,"{""Materyal"":""Ahşap"",""Renk"":""Beyaz"",""Takım İçeriği"":""3+1"",""Gövde Materyali"":""Ahşap"",""Kumaş"":""Bukle"",""Ayak Malzemesi"":""Ahşap"",""Fonksiyon"":""Mekanizmalı"",""Tasarım"":""Modern"",""Koltuk Tipi"":""Koltuk Takımı"",""Stil"":""Modern"",""Tema / Stil"":""Modern"",""Menşei"":""TR""}",0,,refreshed,"[""daily_top""]",true,2026-08-19T01:49:40+03:00,0,"[""search_result_dom"",""product_detail_jsonld"",""product_detail_dom""]","{""title"":""observed"",""brand"":""observed"",""seller_name"":""observed"",""seller_score"":""observed"",""price"":""observed"",""original_price"":""unavailable"",""campaigns"":""observed"",""stock_status"":""observed"",""stock_signal"":""observed"",""rating"":""unavailable"",""rating_count"":""unavailable"",""review_count"":""unavailable"",""question_count"":""unavailable"",""delivery_summary"":""observed"",""shipping_cost"":""observed"",""properties"":""observed""}",true,
2026-08-19,2026-08-19T01:49:40+03:00,mobilya,BEST_SELLER,koltuk-oturma,koltuk kanepe berjer,138,4,198,198,,,0,,1135831532,107598,YAN YANA Köşe Takımı Koltuk Takımı Yatak Kanepe Berjer Puf Modüler Kasa Siyah Kılıf Krem 270 X 90,YAN YANA,Köşe Takımı,https://www.trendyol.com/yan-yana/kose-takimi-koltuk-takimi-yatak-kanepe-berjer-puf-moduler-kasa-siyah-kilif-krem-270-x-90-p-1135831532?boutiqueId=61&merchantId=107598,Gaga Mobilya,89,13999,,,,TRY,"[""Kargo Bedava"",""Peşin Fiyatına 9 Taksit""]",InStock,100 adetten fazla stok sunulmuştur,,,,,,,,,,,4999,TRY,0,6,1,9,Tahmini Teslim:,,https://cdn.dsmcdn.com/ty1858/prod/QC_PREP/20260420/21/5c76e79c-cd9e-3cfe-b511-66166e27d1e1/1_org_zoom.jpg,"{""Materyal"":""Tekstil"",""Renk"":""Çok Renkli"",""Gövde Materyali"":""Metal"",""Kumaş"":""Dokuma"",""Fonksiyon"":""Sabit"",""Ayak Malzemesi"":""Metal"",""Koltuk Tipi"":""Uzanmalı Koltuk"",""Tasarım"":""Modern"",""Genişlik"":""270 cm"",""Derinlik"":""90 cm"",""Oturum Yumuşaklığı"":""Yumuşak"",""Garanti Süresi"":""5 Yıl"",""Köşe Yönü"":""Sağ-Sol Değiştirilebilir"",""Ayak Malzemesi Rengi"":""Siyah"",""Stil"":""Modern"",""Tema / Stil"":""Modern"",""Menşei"":""TR""}",0,,refreshed,"[""daily_top""]",true,2026-08-19T01:49:40+03:00,0,"[""search_result_dom"",""product_detail_jsonld"",""product_detail_dom""]","{""title"":""observed"",""brand"":""observed"",""seller_name"":""observed"",""seller_score"":""observed"",""price"":""observed"",""original_price"":""unavailable"",""campaigns"":""observed"",""stock_status"":""observed"",""stock_signal"":""observed"",""rating"":""unavailable"",""rating_count"":""unavailable"",""review_count"":""unavailable"",""question_count"":""unavailable"",""delivery_summary"":""observed"",""shipping_cost"":""observed"",""properties"":""observed""}",true,
2026-08-19,2026-08-19T01:49:40+03:00,mobilya,BEST_SELLER,koltuk-oturma,koltuk kanepe berjer,139,4,199,199,10,,7.2,22.8,310737244,416750,Azra Aksesuar Ikili Balkon Koltugu - Kanepe-bekleme Koltugu -çay Seti Koltuk-berjer- Açık Gri,Azra Aksesuar,,https://www.trendyol.com/azra-aksesuar/ikili-balkon-koltugu-kanepe-bekleme-koltugu-cay-seti-koltuk-berjer-acik-gri-p-310737244?boutiqueId=61&merchantId=416750,Azra Mobilya,9,7999,,,,TRY,"[""Kargo Bedava"",""Peşin Fiyatına 6 Taksit""]",InStock,100 adetten fazla stok sunulmuştur,,,4.9,7,,,15,,,,,,0,,,,Tahmini Teslim:,,,{},0,,refreshed,"[""daily_top""]",true,2026-08-19T01:49:40+03:00,0,"[""search_result_dom"",""product_detail_jsonld"",""product_detail_dom""]","{""title"":""observed"",""brand"":""observed"",""seller_name"":""observed"",""seller_score"":""observed"",""price"":""observed"",""original_price"":""unavailable"",""campaigns"":""observed"",""stock_status"":""observed"",""stock_signal"":""observed"",""rating"":""observed"",""rating_count"":""observed"",""review_count"":""unavailable"",""question_count"":""observed"",""delivery_summary"":""observed"",""shipping_cost"":""unavailable"",""properties"":""observed""}",true,
2026-08-19,2026-08-19T01:49:40+03:00,mobilya,BEST_SELLER,koltuk-oturma,koltuk kanepe berjer,140,4,200,200,5,,0,,920759028,995061,"Modamed Lirya Açılabilir Dinlenme Aktivite Tv Koltuğu, Armut Koltuk, Kanepe Berjer, Yatak Olabilir Minder",Modamed,,https://www.trendyol.com/modamed/lirya-acilabilir-dinlenme-aktivite-tv-koltugu-armut-koltuk-kanepe-berjer-yatak-olabilir-minder-p-920759028?boutiqueId=61&merchantId=995061,Modamed Yatak by Modalife,89,7250,,,,TRY,"[""Kargo Bedava"",""Peşin Fiyatına 6 Taksit"",""Trendyol Plus'a Özel""]",InStock,100 adetten fazla stok sunulmuştur,,,,,,,,,,,,,0,,,,Tahmini Teslim:,,,{},0,,refreshed,"[""daily_top""]",true,2026-08-19T01:49:40+03:00,0,"[""search_result_dom"",""product_detail_jsonld"",""product_detail_dom""]","{""title"":""observed"",""brand"":""observed"",""seller_name"":""observed"",""seller_score"":""observed"",""price"":""observed"",""original_price"":""unavailable"",""campaigns"":""observed"",""stock_status"":""observed"",""stock_signal"":""observed"",""rating"":""unavailable"",""rating_count"":""unavailable"",""review_count"":""unavailable"",""question_count"":""unavailable"",""delivery_summary"":""observed"",""shipping_cost"":""unavailable"",""properties"":""observed""}",true,
