rank_scope,rank_scope_position,bestseller_rank,rank_delta,trend_score,niche_score,product_id,merchant_id,offer_key,title,brand,seller_name,price,original_price,price_delta_percent,stock_status,sales_signal,sales_signal_days,sales_signal_min,sales_signal_daily_min,rating,review_count,review_delta,question_count,campaigns,delivery_summary,detail_status,detail_age_days,url
otomobil-motosiklet:otomobil-motosiklet-cok-satanlar,1,1,,120.5,70.3,939791424,,939791424:unknown,CLNK Araba Güneş Gölge Koruyucu Yenilenmiş Yansıtma Teknoloji Şemsiye Oto Ön Cam Güneşlik Araç Şemsiyesi,CLNK,CLNK TECH,285,,,InStock,3 günde 1B+ ürün satıldı!,3,1000,333.3,4.1,1716,,1440,"[""Kargo Bedava""]",7 saat 31 dakika içinde sipariş verirsen en geç yarın kargoda!,refreshed,0,https://www.trendyol.com/clnk/araba-gunes-golge-koruyucu-yenilenmis-yansitma-teknoloji-semsiye-oto-on-cam-guneslik-arac-semsiyesi-p-939791424
otomobil-motosiklet:otomobil-motosiklet-cok-satanlar,2,2,,114.2,44.9,955288272,,955288272:unknown,auhma AHV-02 Kablosuz Araç İçi Süpürge Mor | 21000PA Güçlü Vakum | Fırçasız Motor | Üfleme & Vakum Ö,auhma,7GO,1279,,,InStock,3 günde 500+ ürün satıldı!,3,500,166.7,4.4,5447,,2148,"[""Kargo Bedava"",""Peşin Fiyatına 3 Taksit""]",7 saat 31 dakika içinde sipariş verirsen en geç yarın kargoda!,refreshed,0,https://www.trendyol.com/auhma/ahv-02-kablosuz-arac-ici-supurge-mor-21000pa-guclu-vakum-fircasiz-motor-ufleme-vakum-o-p-955288272
otomobil-motosiklet:otomobil-motosiklet-cok-satanlar,4,4,,114.1,45,975598255,,975598255:unknown,EZERE TurboVac 20000pa Güçlü Dijital Göstergeli Vakumlu Kablosuz Üflemeli Mini Araç Süpürgesi,EZERE,Akıllıphone,1139.05,1199,,InStock,3 günde 500+ ürün satıldı!,3,500,166.7,4.5,3974,,849,"[""Trendyol Plus'a Özel"",""Kargo Bedava"",""Peşin Fiyatına 3 Taksit""]",7 saat 31 dakika içinde sipariş verirsen en geç yarın kargoda!,refreshed,0,https://www.trendyol.com/ezere/turbovac-20000pa-guclu-dijital-gostergeli-vakumlu-kablosuz-uflemeli-mini-arac-supurgesi-p-975598255
otomobil-motosiklet:otomobil-motosiklet-cok-satanlar,7,7,,108.5,43.2,737181074,,737181074:unknown,Universal Araç Ön Cam Güneşliği Katlanabilir Şemsiye Oto Güneşlik UV Korumalı Gölgelik Araba Oto Şemsiyesi,Universal,Hombak,270.75,285,,InStock,3 günde 500+ ürün satıldı!,3,500,166.7,4.1,4445,,2977,"[""Trendyol Plus'a Özel"",""Sepette %5 İndirim"",""Kargo Bedava""]",7 saat 31 dakika içinde sipariş verirsen en geç yarın kargoda!,refreshed,0,https://www.trendyol.com/universal/arac-on-cam-gunesligi-katlanabilir-semsiye-oto-guneslik-uv-korumali-golgelik-araba-oto-semsiyesi-p-737181074
otomobil-motosiklet:otomobil-motosiklet-cok-satanlar,5,5,,106.5,45.2,849262464,,849262464:unknown,Woyax Kancalı Araç Içi Premium Telefon Tutucu - Araba Telefon Tutacağı Havalandırma Için,Woyax,Woyax Deji,494.8,,,InStock,3 günde 500+ ürün satıldı!,3,500,166.7,4.7,3282,,1609,"[""Kargo Bedava""]",7 saat 31 dakika içinde sipariş verirsen en geç yarın kargoda!,refreshed,0,https://www.trendyol.com/woyax/kancali-arac-ici-premium-telefon-tutucu-araba-telefon-tutacagi-havalandirma-icin-p-849262464
otomobil-motosiklet:otomobil-motosiklet-cok-satanlar,8,8,,104.8,34.8,378946840,,378946840:unknown,Fine Clean ( 90x60 Cm ) Maxi Boy Mikrofiber Oto Yıkama Ve Araba Kurulama Bezi Ekstra Su Emici,Fine Clean,Fine Clean,179.91,199.9,,InStock,3 günde 250+ ürün satıldı!,3,250,83.3,4.3,2134,,246,"[""Trendyol Plus'a Özel"",""Kargo Bedava""]",7 saat 31 dakika içinde sipariş verirsen en geç yarın kargoda!,refreshed,0,https://www.trendyol.com/fine-clean/90x60-cm-maxi-boy-mikrofiber-oto-yikama-ve-araba-kurulama-bezi-ekstra-su-emici-p-378946840
otomobil-motosiklet:otomobil-motosiklet-cok-satanlar,10,10,,100.3,43.3,971289078,,971289078:unknown,EVİMA Katlanabilir Oto Güneşlik Şemsiye 75x140 cm UV Korumalı Ön Cam Güneş Koruyucu,EVİMA,EVİMA,248.39,306.66,,InStock,3 günde 250+ ürün satıldı!,3,250,83.3,4.4,137,,130,"[""Trendyol Plus'a Özel"",""Kargo Bedava""]",7 saat 31 dakika içinde sipariş verirsen en geç yarın kargoda!,refreshed,0,https://www.trendyol.com/evima/katlanabilir-oto-guneslik-semsiye-75x140-cm-uv-korumali-on-cam-gunes-koruyucu-p-971289078
otomobil-motosiklet:arac-ici-aksesuar,1,101,,99.1,,961711719,126505,961711719:126505,"BAKKİMYA Araç İçi Detaylı Temizlik Sıvısı (Pro) 1 L – Koltuk, Döşeme, Torpido...",BAKKİMYA,BURSA ANADOLU KİMYA,572.03,724.78,,InStock,,,,,,,,,"[""Son 10 Günün En Düşük Fiyatı"",""Son 10 günün en düşük fiyatı""]",7 saat 28 dakika içinde sipariş verirsen en geç yarın kargoda!,refreshed,0,https://www.trendyol.com/bakkimya/arac-ici-detayli-temizlik-sivisi-pro-1-l-koltuk-doseme-torpido-plastik-panel-temizleyici-p-961711719?merchantId=126505
otomobil-motosiklet:arac-ici-aksesuar,2,102,,99.1,,961711868,126505,961711868:126505,BAKKİMYA Ultra Hızlı Cila 1 Litre – Parlaklık Sağlayan Hızlı Uygulamalı Araç ...,BAKKİMYA,BURSA ANADOLU KİMYA,489.48,636.23,,InStock,,,,,,,,,"[""Son 10 Günün En Düşük Fiyatı"",""Son 10 günün en düşük fiyatı""]",7 saat 28 dakika içinde sipariş verirsen en geç yarın kargoda!,refreshed,0,https://www.trendyol.com/bakkimya/ultra-hizli-cila-1-litre-parlaklik-saglayan-hizli-uygulamali-arac-cilasi-p-961711868?merchantId=126505
otomobil-motosiklet:arac-ici-aksesuar,7,107,,98.1,40.8,305657814,1301802,305657814:1301802,Bosch Honda Civic 1.6 Fc5 Karbonlu Filtre Bakım Seti 2017-2021,Bosch,Japon&ZEY Oto Yedek Parça,1650,2100,,InStock,,,,,4.2,21,,51,"[""Trendyol Plus'a Özel"",""50 TL Kupon"",""Kargo Bedava"",""Peşin Fiyatına 3 Taksit""]",Tahmini Teslim:,refreshed,0,https://www.trendyol.com/bosch/honda-civic-1-6-fc5-karbonlu-filtre-bakim-seti-2017-2021-p-305657814?merchantId=1301802
otomobil-motosiklet:otomobil-motosiklet-cok-satanlar,3,3,,97.8,62.9,1133197795,,1133197795:unknown,Lionix Silikon Vakumlu Yapışkanlı Kaymaz Vantuz Cep Telefon Tutucu 12 Renk Seçeneği,Lionix,Lionix Store,23.99,24.99,,InStock,3 günde 500+ ürün satıldı!,3,500,166.7,4,26,,243,"[""Trendyol Plus'a Özel"",""Kargo Bedava""]",7 saat 31 dakika içinde sipariş verirsen en geç yarın kargoda!,refreshed,0,https://www.trendyol.com/lionix/silikon-vakumlu-yapiskanli-kaymaz-vantuz-cep-telefon-tutucu-12-renk-secenegi-p-1133197795
otomobil-motosiklet:otomobil-motosiklet-cok-satanlar,6,6,,91.7,57.4,1126496613,,1126496613:unknown,SHHOBİ Araba Klima Süsü Papatya Araç İçi Aksesuar Klipsli Takmalı 1 Adet (Klips Sağlamlaştırıldı),SHHOBİ,SHHOBİ LAB,32.98,,,InStock,3 günde 500+ ürün satıldı!,3,500,166.7,4.2,83,,20,"[""Kargo Bedava""]",7 saat 31 dakika içinde sipariş verirsen en geç yarın kargoda!,refreshed,0,https://www.trendyol.com/shhobi/araba-klima-susu-papatya-arac-ici-aksesuar-klipsli-takmali-1-adet-klips-saglamlastirildi-p-1126496613
otomobil-motosiklet:arac-ici-aksesuar,12,112,,90.6,38.4,135985225,1301802,135985225:1301802,Bosch Toyota Corolla 1.4 D4d Karbonlu 4'lü Filtre Bakım Seti 2007-2018,Bosch,Japon&ZEY Oto Yedek Parça,1520,2000,,InStock,,,,,4.5,20,,62,"[""Trendyol Plus'a Özel"",""50 TL Kupon"",""Kargo Bedava"",""Peşin Fiyatına 3 Taksit""]",Tahmini Teslim:,refreshed,0,https://www.trendyol.com/bosch/toyota-corolla-1-4-d4d-karbonlu-4-lu-filtre-bakim-seti-2007-2018-p-135985225?merchantId=1301802
otomobil-motosiklet:otomobil-motosiklet-cok-satanlar,9,9,,90.5,36.5,957235659,,957235659:unknown,Genel Markalar PLEKSİ MARKALAMA ARAÇ PLAKALIĞI 2 ADET,Genel Markalar,Parker Otomotiv A.Ş,179.99,,,InStock,3 günde 250+ ürün satıldı!,3,250,83.3,3.7,1109,,3362,"[""Kargo Bedava""]",Tahmini Teslim:,refreshed,0,https://www.trendyol.com/genel-markalar/pleksi-markalama-arac-plakaligi-2-adet-p-957235659
otomobil-motosiklet:otomobil-motosiklet-cok-satanlar,43,43,,89.4,15.6,888165164,,888165164:unknown,Genel Markalar Silikon Vakumlu Yapışkanlı Kaymaz Vantuz Cep Telefon Tutucu Akrobat Siyah Belirtilmemiş Silikon,Genel Markalar,KarakayaStore,24,70,,InStock,3 günde 100+ ürün satıldı!,3,100,33.3,3.8,,,173,"[""Kargo Bedava""]",7 saat 30 dakika içinde sipariş verirsen en geç yarın kargoda!,refreshed,0,https://www.trendyol.com/genel-markalar/silikon-vakumlu-yapiskanli-kaymaz-vantuz-cep-telefon-tutucu-akrobat-siyah-belirtilmemis-silikon-p-888165164
otomobil-motosiklet:arac-ici-aksesuar,4,104,,89.1,,921358115,126505,921358115:126505,BAKKİMYA Araç İçi Detay & Döşeme Temizlik 5 Kg – Profesyonel Oto İç Yüzey ve ...,BAKKİMYA,BURSA ANADOLU KİMYA,1616.66,1949.61,,InStock,,,,,,,,,"[""Son 10 Günün En Düşük Fiyatı"",""200 TL Kupon"",""Peşin Fiyatına 3 Taksit"",""Son 10 günün en düşük fiyatı""]",7 saat 28 dakika içinde sipariş verirsen en geç yarın kargoda!,refreshed,0,https://www.trendyol.com/bakkimya/arac-ici-detay-doseme-temizlik-5-kg-profesyonel-oto-ic-yuzey-ve-doseme-temizleyici-p-921358115?merchantId=126505
otomobil-motosiklet:otomobil-motosiklet-cok-satanlar,14,14,,88.5,36.1,756388444,,756388444:unknown,AutoFresh Koku Bombası Klima Fresh Klima Temizleyici Kötü Koku Giderici Sprey Amber Esanslı 150 ML,AutoFresh,AUTOFRESH,134.1,149,,InStock,3 günde 250+ ürün satıldı!,3,250,83.3,4.4,611,,106,"[""Trendyol Plus'a Özel"",""Kargo Bedava""]",7 saat 31 dakika içinde sipariş verirsen en geç yarın kargoda!,refreshed,0,https://www.trendyol.com/autofresh/koku-bombasi-klima-fresh-klima-temizleyici-kotu-koku-giderici-sprey-amber-esansli-150-ml-p-756388444
otomobil-motosiklet:arac-ici-aksesuar,5,105,,84.9,37.6,357806666,1301802,357806666:1301802,Goodyear ARAÇ İÇİ KLİMA KOKU GİDERİCİ 150 ML,Goodyear,Japon&ZEY Oto Yedek Parça,316.8,,,InStock,,,,,3.9,72,,14,"[""Sepette %1 İndirim"",""Sepette %2 İndirim"",""Kargo Bedava""]",Tahmini Teslim:,refreshed,0,https://www.trendyol.com/goodyear/arac-ici-klima-koku-giderici-150-ml-p-357806666?merchantId=1301802
otomobil-motosiklet:otomobil-motosiklet-cok-satanlar,19,19,,83.1,29.9,890369421,,890369421:unknown,MeyZone Metal Kasa Numara Çevirmeli Araç İçi Telefon Numaratör Park Numarası Parkmatik Araba Numaratör,MeyZone,MeyZone,115.74,129.9,,InStock,3 günde 250+ ürün satıldı!,3,250,83.3,4.2,1792,,145,"[""Trendyol Plus'a Özel"",""Sepette %1 İndirim"",""Kargo Bedava""]",7 saat 30 dakika içinde sipariş verirsen en geç yarın kargoda!,refreshed,0,https://www.trendyol.com/meyzone/metal-kasa-numara-cevirmeli-arac-ici-telefon-numarator-park-numarasi-parkmatik-araba-numarator-p-890369421
otomobil-motosiklet:arac-ici-aksesuar,3,103,,82.2,51.1,979449270,126505,979449270:126505,BAKKİMYA Pembe Köpük 5KG (PRO) – Fırçasız Konsantre Oto Yıkama Köpüğü | Araç Şampuanı ve Temizleyici (Leke bırakmaz),BAKKİMYA,BURSA ANADOLU KİMYA,1659.72,1762.39,,InStock,,,,,5,1,,,"[""Son 10 Günün En Düşük Fiyatı"",""200 TL Kupon"",""Peşin Fiyatına 3 Taksit"",""Son 10 günün en düşük fiyatı""]",7 saat 28 dakika içinde sipariş verirsen en geç yarın kargoda!,refreshed,0,https://www.trendyol.com/bakkimya/pembe-kopuk-5kg-pro-fircasiz-konsantre-oto-yikama-kopugu-arac-sampuani-ve-temizleyici-leke-birakmaz-p-979449270?merchantId=126505
otomobil-motosiklet:otomobil-motosiklet-cok-satanlar,15,15,,82.1,35,1102463350,,1102463350:unknown,EZERE Vacpro 22000pa Güçlü Dijital Göstergeli Vakumlu Kablosuz Üflemeli Mini Araç Süpürgesi,EZERE,Akıllıphone,1376.55,1449,,InStock,3 günde 250+ ürün satıldı!,3,250,83.3,4.4,,,188,"[""Trendyol Plus'a Özel"",""Kargo Bedava"",""Peşin Fiyatına 3 Taksit""]",7 saat 31 dakika içinde sipariş verirsen en geç yarın kargoda!,refreshed,0,https://www.trendyol.com/ezere/vacpro-22000pa-guclu-dijital-gostergeli-vakumlu-kablosuz-uflemeli-mini-arac-supurgesi-p-1102463350
otomobil-motosiklet:arac-ici-aksesuar,15,115,,80.7,39.2,44821796,1301802,44821796:1301802,Bosch Hyundai I20 1.4 Filtre Bakım Seti 2015-2018 3lü Set havas0558 yağpm063 polen m5097,Bosch,Japon&ZEY Oto Yedek Parça,1630,2100,,InStock,,,,,4.5,10,,31,"[""Trendyol Plus'a Özel"",""50 TL Kupon"",""Kargo Bedava"",""Peşin Fiyatına 3 Taksit""]",Tahmini Teslim:,refreshed,0,https://www.trendyol.com/bosch/hyundai-i20-1-4-filtre-bakim-seti-2015-2018-3lu-set-havas0558-yagpm063-polen-m5097-p-44821796?merchantId=1301802
otomobil-motosiklet:otomobil-motosiklet-cok-satanlar,25,25,,80.6,26.5,920708166,,920708166:unknown,m.tk moveteck 360 Dönebilen Ayarlanabilir Araç Içi Tutucu Kullanılabilen Vakumlu K007 Magsafe Telefon Tutucu,m.tk moveteck,CaseStore,199.92,249.9,,InStock,3 günde 250+ ürün satıldı!,3,250,83.3,4.1,1996,,903,"[""Sepette %20 İndirim"",""Kargo Bedava""]",7 saat 30 dakika içinde sipariş verirsen en geç yarın kargoda!,refreshed,0,https://www.trendyol.com/m-tk-moveteck/360-donebilen-ayarlanabilir-arac-ici-tutucu-kullanilabilen-vakumlu-k007-magsafe-telefon-tutucu-p-920708166
otomobil-motosiklet:otomobil-motosiklet-cok-satanlar,11,11,,80.4,41.7,876956722,,876956722:unknown,3M Size Özel Kişiye Özel Ad Soyad Imza Sticker 1 Adet / Etiket / Araç Sticker / Araba Sticker,3M,C&A WORKS,19.5,,,InStock,3 günde 250+ ürün satıldı!,3,250,83.3,3.9,187,,3090,"[""Kargo Bedava"",""Son 10 Günün En Düşük Fiyatı""]",7 saat 31 dakika içinde sipariş verirsen en geç yarın kargoda!,refreshed,0,https://www.trendyol.com/3m/size-ozel-kisiye-ozel-ad-soyad-imza-sticker-1-adet-etiket-arac-sticker-araba-sticker-p-876956722
otomobil-motosiklet:otomobil-motosiklet-cok-satanlar,13,13,,79.3,37.8,1095935562,,1095935562:unknown,Q Aksesuar Vakumlu Silikon Vantuzlu Yapışkanlı Telefon Tutucu (1 ADET) Pembe Beyaz,Q Aksesuar,Q Aksesuar,49.9,,,InStock,3 günde 250+ ürün satıldı!,3,250,83.3,3.9,,,100,"[""Kargo Bedava""]",7 saat 31 dakika içinde sipariş verirsen en geç yarın kargoda!,refreshed,0,https://www.trendyol.com/q-aksesuar/vakumlu-silikon-vantuzlu-yapiskanli-telefon-tutucu-1-adet-pembe-beyaz-p-1095935562
otomobil-motosiklet:otomobil-motosiklet-cok-satanlar,28,28,,79.3,40.2,1135506046,,1135506046:unknown,SWOORD Ferrari Logo Sarı (5 x 5 cm) İkili Etiket Sticker,SWOORD,,17.99,29.98,,InStock,3 günde 250+ ürün satıldı!,3,250,83.3,3.7,24,,,"[""Sepette %40 İndirim"",""Kargo Bedava""]",Tahmini Teslim:,refreshed,0,https://www.trendyol.com/swoord/ferrari-logo-sari-5-x-5-cm-ikili-etiket-sticker-p-1135506046
otomobil-motosiklet:arac-ici-aksesuar,17,117,,77.4,39.3,39647243,1301802,39647243:1301802,Genel Markalar Uzmanparça Vw Passat B8 1.6 2.0 Tdı Dizel Mann Filtre Seti 2015-2019 | Hava+yağ+yakıt+karbonlu Polen,Genel Markalar,Japon&ZEY Oto Yedek Parça,1743,2300,,InStock,,,,,4.4,7,,28,"[""Trendyol Plus'a Özel"",""50 TL Kupon"",""Kargo Bedava"",""Peşin Fiyatına 3 Taksit"",""Son 10 Günün En Düşük Fiyatı""]",Tahmini Teslim:,refreshed,0,https://www.trendyol.com/genel-markalar/uzmanparca-vw-passat-b8-1-6-2-0-tdi-dizel-mann-filtre-seti-2015-2019-hava-yag-yakit-karbonlu-polen-p-39647243?merchantId=1301802
otomobil-motosiklet:otomobil-motosiklet-cok-satanlar,18,18,,73.9,30.7,59388085,,59388085:unknown,Sportlife Şişme Yatak Araba Ve Kamp Yatağı Çanta Elektrikli Pompa Tamir Kiti Ve Yastıklı Yatak Seti,Sportlife,Realx,1199,,,InStock,3 günde 250+ ürün satıldı!,3,250,83.3,4.3,1647,,2179,"[""Kargo Bedava"",""Peşin Fiyatına 3 Taksit""]",7 saat 30 dakika içinde sipariş verirsen en geç yarın kargoda!,refreshed,0,https://www.trendyol.com/sportlife/sisme-yatak-araba-ve-kamp-yatagi-canta-elektrikli-pompa-tamir-kiti-ve-yastikli-yatak-seti-p-59388085
otomobil-motosiklet:otomobil-motosiklet-cok-satanlar,21,21,,73.6,28.5,278114100,,278114100:unknown,Single Çok Fonksiyonlu 2 In 1 Mikrofiber Araba Yıkama Fırçası Teleskopik Uzun Saplı Detay Fırçası Oto Mopu,Single,Single,284.9,299.9,,InStock,3 günde 250+ ürün satıldı!,3,250,83.3,4.3,1988,,376,"[""Trendyol Plus'a Özel"",""Kargo Bedava""]",7 saat 30 dakika içinde sipariş verirsen en geç yarın kargoda!,refreshed,0,https://www.trendyol.com/single/cok-fonksiyonlu-2-in-1-mikrofiber-araba-yikama-fircasi-teleskopik-uzun-sapli-detay-fircasi-oto-mopu-p-278114100
otomobil-motosiklet:arac-ici-aksesuar,24,124,,73.6,32.4,39646608,1301802,39646608:1301802,Mann Filter Honda Civic Fb7 1.6 Mann Filtre Bakım Seti 2012-2016 | Hava Yağ Karbonlu Polen,Mann Filter,Japon&ZEY Oto Yedek Parça,1449.31,2100,,InStock,,,,,4.7,20,,22,"[""Trendyol Plus'a Özel"",""50 TL Kupon"",""Kargo Bedava"",""Peşin Fiyatına 3 Taksit"",""Son 10 Günün En Düşük Fiyatı""]",Tahmini Teslim:,refreshed,0,https://www.trendyol.com/mann-filter/honda-civic-fb7-1-6-mann-filtre-bakim-seti-2012-2016-hava-yag-karbonlu-polen-p-39646608?merchantId=1301802
otomobil-motosiklet:otomobil-motosiklet-cok-satanlar,95,95,,73.2,26.9,1168040419,,1168040419:unknown,Bayırtech YÜKSEK KALİTELİ Araba Bardak Altlığı Silikon Araç İçi Kaymaz Telefon Para Malzeme Tutucu SİYAH Renk 65 mm,Bayırtech,Bayır E-Ticaret,50,140,,InStock,3 günde 100+ ürün satıldı!,3,100,33.3,4.4,7,,9,"[""Kargo Bedava""]",7 saat 28 dakika içinde sipariş verirsen en geç yarın kargoda!,refreshed,0,https://www.trendyol.com/bayirtech/yuksek-kaliteli-araba-bardak-altligi-silikon-arac-ici-kaymaz-telefon-para-malzeme-tutucu-siyah-renk-65-mm-p-1168040419
otomobil-motosiklet:arac-ici-aksesuar,6,106,,72.8,,164326247,1301802,164326247:1301802,Filtron Renault Symbol 1.5 Dci Filtre Bakım Seti 2013-2020 Uyumlu,Filtron,Japon&ZEY Oto Yedek Parça,2000,2100,,InStock,,,,,,,,,"[""Trendyol Plus'a Özel"",""50 TL Kupon"",""Kargo Bedava"",""Peşin Fiyatına 3 Taksit""]",Tahmini Teslim:,refreshed,0,https://www.trendyol.com/filtron/renault-symbol-1-5-dci-filtre-bakim-seti-2013-2020-uyumlu-p-164326247?merchantId=1301802
otomobil-motosiklet:arac-ici-aksesuar,8,108,,71.2,43.8,815141307,1301802,815141307:1301802,NGK Buji Ngk Marka Buji Hyundai Accent Yk Mil. Admra Era Getz Excel Metrix Araçlar Için Uygundur.,NGK,Japon&ZEY Oto Yedek Parça,597.95,,,InStock,,,,,4.2,7,,60,"[""50 TL Kupon"",""Kargo Bedava"",""Peşin Fiyatına 3 Taksit""]",Tahmini Teslim:,refreshed,0,https://www.trendyol.com/ngk/buji-ngk-marka-buji-hyundai-accent-yk-mil-admra-era-getz-excel-metrix-araclar-icin-uygundur-p-815141307?merchantId=1301802
otomobil-motosiklet:otomobil-motosiklet-cok-satanlar,16,16,,70.8,38.8,1056980004,,1056980004:unknown,ReklamX Otomobil Motosiklet sticker seti 1 adet,ReklamX,Özgül Reklam,34,,,InStock,3 günde 250+ ürün satıldı!,3,250,83.3,3.8,212,,135,"[""Kargo Bedava"",""Trendyol Plus'a Özel""]",7 saat 30 dakika içinde sipariş verirsen en geç yarın kargoda!,refreshed,0,https://www.trendyol.com/reklamx/otomobil-motosiklet-sticker-seti-1-adet-p-1056980004
otomobil-motosiklet:otomobil-motosiklet-cok-satanlar,12,12,,70.5,51.1,1166626657,,1166626657:unknown,SHHOBİ Pembe Kurdele Araba Klima Süsü - Pembe Fiyonk Torpido Süsü Torpido Aksesuar Klipsli 1 Adet,SHHOBİ,SHHOBİ LAB,32.33,32.99,,InStock,3 günde 250+ ürün satıldı!,3,250,83.3,4.8,10,,3,"[""Sepette %2 İndirim"",""Kargo Bedava""]",7 saat 31 dakika içinde sipariş verirsen en geç yarın kargoda!,refreshed,0,https://www.trendyol.com/shhobi/pembe-kurdele-araba-klima-susu-pembe-fiyonk-torpido-susu-torpido-aksesuar-klipsli-1-adet-p-1166626657
otomobil-motosiklet:otomobil-motosiklet-cok-satanlar,17,17,,70.3,36.8,823117877,,823117877:unknown,Genel Markalar Tüm Araçlar Için Araba Ön Cam Güneşlik Katlanabilir Güneşlik Şemsiye Ön Cam Gölgelik Esnek,Genel Markalar,Seram Collection,184.99,,,InStock,3 günde 250+ ürün satıldı!,3,250,83.3,4.1,327,,271,"[""Kargo Bedava""]",7 saat 30 dakika içinde sipariş verirsen en geç yarın kargoda!,refreshed,0,https://www.trendyol.com/genel-markalar/tum-araclar-icin-araba-on-cam-guneslik-katlanabilir-guneslik-semsiye-on-cam-golgelik-esnek-p-823117877
otomobil-motosiklet:arac-ici-aksesuar,9,109,,70,42.5,232981811,1301802,232981811:1301802,Bosch Uzmanparça Honda Civic Fd6 Filtre Bakım Seti 2007-2012 | Hava+yağ+standart Polen,Bosch,Japon&ZEY Oto Yedek Parça,1000,,,InStock,,,,,4.1,9,,16,"[""50 TL Kupon"",""Kargo Bedava"",""Peşin Fiyatına 3 Taksit""]",Tahmini Teslim:,refreshed,0,https://www.trendyol.com/bosch/uzmanparca-honda-civic-fd6-filtre-bakim-seti-2007-2012-hava-yag-standart-polen-p-232981811?merchantId=1301802
otomobil-motosiklet:otomobil-motosiklet-cok-satanlar,22,22,,69.3,25.3,45721981,,45721981:unknown,FRT Ottoman Ayak Altı Led 12 Ledli Lamba Sese Duyarlı Led Müziğe Duyarlı Led,FRT Ottoman,Mega Oto Market,298.49,,,InStock,3 günde 250+ ürün satıldı!,3,250,83.3,4.3,4340,,3081,"[""Kargo Bedava""]",7 saat 30 dakika içinde sipariş verirsen en geç yarın kargoda!,refreshed,0,https://www.trendyol.com/frt-ottoman/ayak-alti-led-12-ledli-lamba-sese-duyarli-led-muzige-duyarli-led-p-45721981
otomobil-motosiklet:arac-ici-aksesuar,11,111,,68.4,39.1,305657810,1301802,305657810:1301802,Bosch Toyota Corolla 1.6 Filtre Bakım Seti 2007-2018 Karbonlu,Bosch,Japon&ZEY Oto Yedek Parça,1060,,,InStock,,,,,4.4,19,,65,"[""50 TL Kupon"",""Kargo Bedava"",""Peşin Fiyatına 3 Taksit""]",Tahmini Teslim:,refreshed,0,https://www.trendyol.com/bosch/toyota-corolla-1-6-filtre-bakim-seti-2007-2018-karbonlu-p-305657810?merchantId=1301802
otomobil-motosiklet:arac-ici-aksesuar,85,185,,66.8,18.4,1156692408,346231,1156692408:346231,mimtec Izgara Telefon Tutucu - 360 Dönebilen Kancalı Tüm Telefonlara Uyumlu Araç İçi Telefon Tutucu,mimtec,Mimtec,179,399.9,,InStock,,,,,4.8,27,,33,"[""Son 10 Günün En Düşük Fiyatı"",""Süper Fırsat Ürünü"",""Kargo Bedava"",""Son 10 günün en düşük fiyatı""]",Tahmini Teslim:,refreshed,0,https://www.trendyol.com/mimtec/izgara-telefon-tutucu-360-donebilen-kancali-tum-telefonlara-uyumlu-arac-ici-telefon-tutucu-p-1156692408?boutiqueId=61&merchantId=346231
otomobil-motosiklet:otomobil-motosiklet-cok-satanlar,71,71,,66.4,19.4,1075455506,,1075455506:unknown,ozzen Araba Bardak Altlığı Silikon Araç İçi Kaymaz Mat Telefon Para Malzeme Tutucu SİYAH Renk 65 mm 2 ADET,ozzen,,74.99,149.99,,InStock,3 günde 100+ ürün satıldı!,3,100,33.3,4.2,69,,,"[""Kargo Bedava""]",Tahmini Teslim:,refreshed,0,https://www.trendyol.com/ozzen/araba-bardak-altligi-silikon-arac-ici-kaymaz-mat-telefon-para-malzeme-tutucu-siyah-renk-65-mm-2-adet-p-1075455506
otomobil-motosiklet:arac-ici-aksesuar,20,120,,65.7,41.2,36503302,1301802,36503302:1301802,Mann Filter Usta Parçacı Skoda Octavia 1.6 Tdi -filter Filtre Bakım Seti (2013-2017),Mann Filter,Japon&ZEY Oto Yedek Parça,1640,2100,,InStock,,,,,5,2,,12,"[""Trendyol Plus'a Özel"",""50 TL Kupon"",""Kargo Bedava"",""Peşin Fiyatına 3 Taksit""]",Tahmini Teslim:,refreshed,0,https://www.trendyol.com/mann-filter/usta-parcaci-skoda-octavia-1-6-tdi-filter-filtre-bakim-seti-2013-2017-p-36503302?merchantId=1301802
otomobil-motosiklet:arac-ici-aksesuar,22,122,,64.7,41.6,738696519,1301802,738696519:1301802,NGK Bmw F30 3.16i. 3.20i NGK İridyum Buji 4 Adet,NGK,Japon&ZEY Oto Yedek Parça,2949.95,4000,,InStock,,,,,5,,,11,"[""Trendyol Plus'a Özel"",""130 TL Kupon"",""Kargo Bedava"",""Peşin Fiyatına 3 Taksit""]",Tahmini Teslim:,refreshed,0,https://www.trendyol.com/ngk/bmw-f30-3-16i-3-20i-ngk-iridyum-buji-4-adet-p-738696519?merchantId=1301802
otomobil-motosiklet:otomobil-motosiklet-cok-satanlar,26,26,,63.4,31.2,1140522243,,1140522243:unknown,auhma AHV-29 Kablosuz Araç Süpürgesi 220W 22000Pa Güçlü Vakum & Üfleme Özellikli Şarjlı Oto Süpürge,auhma,,1637.48,1819.42,,InStock,3 günde 250+ ürün satıldı!,3,250,83.3,4.5,448,,,"[""Kargo Bedava""]",Tahmini Teslim:,refreshed,0,https://www.trendyol.com/auhma/ahv-29-kablosuz-arac-supurgesi-220w-22000pa-guclu-vakum-ufleme-ozellikli-sarjli-oto-supurge-p-1140522243
otomobil-motosiklet:otomobil-motosiklet-cok-satanlar,29,29,,62.5,29.6,823652745,,823652745:unknown,TECHNOMEN Kablosuz Motosiklet Kask Kulaklık İNTERCOM,TECHNOMEN,,641.75,755,,InStock,3 günde 250+ ürün satıldı!,3,250,83.3,3.9,458,,,"[""Sepette %15 İndirim"",""Kargo Bedava"",""Sepette %10 İndirim"",""Son 10 Günün En Düşük Fiyatı"",""Trendyol Plus'a Özel""]",Tahmini Teslim:,refreshed,0,https://www.trendyol.com/technomen/kablosuz-motosiklet-kask-kulaklik-intercom-p-823652745
otomobil-motosiklet:otomobil-motosiklet-cok-satanlar,20,20,,61.9,37.6,1040758962,,1040758962:unknown,Genel Markalar Bisiklet Scooter Motosiklet Otomatik Tuşlu Motosiklet Gidon Bağlantılı Telefon Tutucu,Genel Markalar,Troya,199,,,InStock,3 günde 250+ ürün satıldı!,3,250,83.3,4.2,166,,310,"[""Kargo Bedava""]",7 saat 30 dakika içinde sipariş verirsen en geç yarın kargoda!,refreshed,0,https://www.trendyol.com/genel-markalar/bisiklet-scooter-motosiklet-otomatik-tuslu-motosiklet-gidon-baglantili-telefon-tutucu-p-1040758962
otomobil-motosiklet:otomobil-motosiklet-cok-satanlar,23,23,,61.6,30.4,967708759,,967708759:unknown,"clewax 14 Parça Premium Araç, Motorsiklet Yıkama ve Bakım Seti",clewax,Clewax Group,799,,,InStock,3 günde 250+ ürün satıldı!,3,250,83.3,4.6,858,,334,"[""Kargo Bedava""]",7 saat 30 dakika içinde sipariş verirsen en geç yarın kargoda!,refreshed,0,https://www.trendyol.com/clewax/14-parca-premium-arac-motorsiklet-yikama-ve-bakim-seti-p-967708759
otomobil-motosiklet:otomobil-motosiklet-cok-satanlar,24,24,,61.2,28.4,242133102,,242133102:unknown,BYENS Oto Güneşlik Perde Araba Yan Cam Perdesi Güneş Önleyici Araç Içi Güneşliği Için Sinekliği,BYENS,Pratik Center BYENS,168.98,,,InStock,3 günde 250+ ürün satıldı!,3,250,83.3,4.3,1327,,1657,"[""Kargo Bedava""]",7 saat 30 dakika içinde sipariş verirsen en geç yarın kargoda!,refreshed,0,https://www.trendyol.com/byens/oto-guneslik-perde-araba-yan-cam-perdesi-gunes-onleyici-arac-ici-gunesligi-icin-sinekligi-p-242133102
otomobil-motosiklet:arac-ici-aksesuar,14,114,,60.9,39.1,232968828,1301802,232968828:1301802,Bosch Honda Civic Fb7 1.6 Filtre Bakım Seti 2012-2016 Hava+yağ+standart Polen,Bosch,Japon&ZEY Oto Yedek Parça,1200,,,InStock,,,,,4.1,12,,23,"[""50 TL Kupon"",""Kargo Bedava"",""Peşin Fiyatına 3 Taksit""]",Tahmini Teslim:,refreshed,0,https://www.trendyol.com/bosch/honda-civic-fb7-1-6-filtre-bakim-seti-2012-2016-hava-yag-standart-polen-p-232968828?merchantId=1301802
otomobil-motosiklet:arac-ici-aksesuar,10,110,,60,,305657811,1301802,305657811:1301802,Bosch Hyundai I20 1.2 Filtre Bakım Seti 2015-2018,Bosch,Japon&ZEY Oto Yedek Parça,1010,,,InStock,,,,,,,,5,"[""50 TL Kupon"",""Kargo Bedava"",""Peşin Fiyatına 3 Taksit""]",Tahmini Teslim:,refreshed,0,https://www.trendyol.com/bosch/hyundai-i20-1-2-filtre-bakim-seti-2015-2018-p-305657811?merchantId=1301802
otomobil-motosiklet:arac-ici-aksesuar,23,123,,59.6,,70153140,1301802,70153140:1301802,Genel Markalar VW Passat B7 1.6 2.0 TDI Dizel MANN Filtre Bakım Seti 2011-2014,Genel Markalar,Japon&ZEY Oto Yedek Parça,1785,2400,,InStock,,,,,,,,,"[""Trendyol Plus'a Özel"",""50 TL Kupon"",""Kargo Bedava"",""Peşin Fiyatına 3 Taksit""]",Tahmini Teslim:,refreshed,0,https://www.trendyol.com/genel-markalar/vw-passat-b7-1-6-2-0-tdi-dizel-mann-filtre-bakim-seti-2011-2014-p-70153140?merchantId=1301802
otomobil-motosiklet:arac-ici-aksesuar,13,113,,58.8,43.7,37536746,1301802,37536746:1301802,Bosch Usta Parçacı Honda Jazz 1.4 Filtre Bakım Seti 2002-2008 L13a,Bosch,Japon&ZEY Oto Yedek Parça,1216,,,InStock,,,,,4.8,3,,4,"[""50 TL Kupon"",""Kargo Bedava"",""Peşin Fiyatına 3 Taksit""]",Tahmini Teslim:,refreshed,0,https://www.trendyol.com/bosch/usta-parcaci-honda-jazz-1-4-filtre-bakim-seti-2002-2008-l13a-p-37536746?merchantId=1301802
otomobil-motosiklet:otomobil-motosiklet-cok-satanlar,27,27,,56.5,25.6,815181773,,815181773:unknown,dodopleksi Kişiye Özel Lux Motor Takmatik Plakalık,dodopleksi,,69.99,,,InStock,3 günde 250+ ürün satıldı!,3,250,83.3,3.8,1971,,,"[""Kargo Bedava""]",Tahmini Teslim:,refreshed,0,https://www.trendyol.com/dodopleksi/kisiye-ozel-lux-motor-takmatik-plakalik-p-815181773
otomobil-motosiklet:arac-ici-aksesuar,16,116,,56,39,47928929,1301802,47928929:1301802,Mann Filter Toyota Corolla 1.33 1.6 Mann Filtre 3'lü Bakım Seti 09-18,Mann Filter,Japon&ZEY Oto Yedek Parça,1190,,,InStock,,,,,4.8,9,,73,"[""50 TL Kupon"",""Kargo Bedava"",""Peşin Fiyatına 3 Taksit""]",Tahmini Teslim:,refreshed,0,https://www.trendyol.com/mann-filter/toyota-corolla-1-33-1-6-mann-filtre-3-lu-bakim-seti-09-18-p-47928929?merchantId=1301802
otomobil-motosiklet:arac-ici-aksesuar,57,157,,56,16.9,1083616434,635563,1083616434:635563,BEYLİNİ 2 Adet 4 Cepli Araç Koltuk Arkası Koruma Kılıfı Ek Oto Organizer Toz Suya dayanıklı Araba Koltuk Düzenleyici Koltuk Koruyucu,BEYLİNİ,Beylini,199.98,349.98,,InStock,,,,,4.1,42,,28,"[""Son 10 Günün En Düşük Fiyatı"",""Kargo Bedava"",""Son 10 günün en düşük fiyatı""]",7 saat 27 dakika içinde sipariş verirsen en geç yarın kargoda!,refreshed,0,https://www.trendyol.com/beylini/2-adet-4-cepli-arac-koltuk-arkasi-koruma-kilifi-ek-oto-organizer-toz-suya-dayanikli-araba-koltuk-duzenleyici-koltuk-koruyucu-p-1083616434?boutiqueId=61&merchantId=635563
otomobil-motosiklet:arac-ici-aksesuar,21,121,,55.7,,963501017,1301802,963501017:1301802,Mann Filter Fiat Egea 1.3 1.6 Euro6 2016-2020 Filtre Bakım Seti Karbonlu Polen+Hava+Yağ,Mann Filter,Japon&ZEY Oto Yedek Parça,1892,2300,,InStock,,,,,,,,10,"[""Trendyol Plus'a Özel"",""50 TL Kupon"",""Kargo Bedava"",""Peşin Fiyatına 3 Taksit""]",Tahmini Teslim:,refreshed,0,https://www.trendyol.com/mann-filter/fiat-egea-1-3-1-6-euro6-2016-2020-filtre-bakim-seti-karbonlu-polen-hava-yag-p-963501017?merchantId=1301802
otomobil-motosiklet:arac-ici-aksesuar,26,126,,54.1,36.4,778151798,1301802,778151798:1301802,Bosch Toyota Corolla 1.5 Benzinli Bosch Filtre Bakım Seti 2020- Hava+Yağ+Karbonlu Polen,Bosch,Japon&ZEY Oto Yedek Parça,1828,2300,,InStock,,,,,2.6,4,,5,"[""Trendyol Plus'a Özel"",""50 TL Kupon"",""Kargo Bedava"",""Peşin Fiyatına 3 Taksit""]",Tahmini Teslim:,refreshed,0,https://www.trendyol.com/bosch/toyota-corolla-1-5-benzinli-bosch-filtre-bakim-seti-2020-hava-yag-karbonlu-polen-p-778151798?merchantId=1301802
otomobil-motosiklet:arac-ici-aksesuar,27,127,,48,,790835836,1301802,790835836:1301802,"MANN Volkswagen Golf 7 1.6 Tdı Periyodik Bakım Seti Marka Hava, Yağ, Polen, Yakıt (mazot) Filtreleri",MANN,Japon&ZEY Oto Yedek Parça,1795,2300,,InStock,,,,,,,,4,"[""Trendyol Plus'a Özel"",""50 TL Kupon"",""Kargo Bedava"",""Peşin Fiyatına 3 Taksit""]",Tahmini Teslim:,refreshed,0,https://www.trendyol.com/mann/volkswagen-golf-7-1-6-tdi-periyodik-bakim-seti-marka-hava-yag-polen-yakit-mazot-filtreleri-p-790835836?merchantId=1301802
otomobil-motosiklet:arac-ici-aksesuar,18,118,,46.4,43.6,40943518,1301802,40943518:1301802,Bosch Uzmanparça Vw Golf 7 1.2 1.4 Tsı Benzinli Filtre Bakım Seti 2013-2019|hava+yağ+karbonlu Polen,Bosch,Japon&ZEY Oto Yedek Parça,1291.15,,,InStock,,,,,5,1,,5,"[""Sepette %15 İndirim"",""50 TL Kupon"",""Kargo Bedava"",""Peşin Fiyatına 3 Taksit""]",Tahmini Teslim:,refreshed,0,https://www.trendyol.com/bosch/uzmanparca-vw-golf-7-1-2-1-4-tsi-benzinli-filtre-bakim-seti-2013-2019-hava-yag-karbonlu-polen-p-40943518?merchantId=1301802
otomobil-motosiklet:otomobil-motosiklet-cok-satanlar,31,31,,46.3,25.8,783729838,,783729838:unknown,"Bricave Çok Güzelsin Güneşlik Ayna Yazısı Araba-Motosiklet Cam Etiket Sticker 7,2x1,8cm",Bricave,Bricave,24.9,,,InStock,3 günde 250+ ürün satıldı!,3,250,83.3,4.6,1027,,233,"[""Kargo Bedava""]",7 saat 30 dakika içinde sipariş verirsen en geç yarın kargoda!,refreshed,0,https://www.trendyol.com/bricave/cok-guzelsin-guneslik-ayna-yazisi-araba-motosiklet-cam-etiket-sticker-7-2x1-8cm-p-783729838
otomobil-motosiklet:arac-ici-aksesuar,19,119,,45.8,41.7,40139595,1301802,40139595:1301802,Mann Filter Vw Passat B8 1.6 2.0 Tdı Dizel Mann Filtre Bakım Seti 2015-2019 | Hava Yağ Karbonlu Polen,Mann Filter,Japon&ZEY Oto Yedek Parça,1223,,,InStock,,,,,4.6,2,,9,"[""50 TL Kupon"",""Kargo Bedava"",""Peşin Fiyatına 3 Taksit""]",Tahmini Teslim:,refreshed,0,https://www.trendyol.com/mann-filter/vw-passat-b8-1-6-2-0-tdi-dizel-mann-filtre-bakim-seti-2015-2019-hava-yag-karbonlu-polen-p-40139595?merchantId=1301802
otomobil-motosiklet:otomobil-motosiklet-cok-satanlar,30,30,,45.6,28.9,823656602,,823656602:unknown,SİLVER HOME Silver Home Süper Emici Araç Kurulama Bezi 50x70 Cm - Mutfak Havlusu & Kurulama Bezi,SİLVER HOME,,143.33,,,InStock,3 günde 250+ ürün satıldı!,3,250,83.3,4.5,482,,,"[""Sepette %1 İndirim"",""Sepette %2 İndirim"",""199,90 TL Kupon"",""766,71 TL Kupon"",""Kargo Bedava"",""Son 10 Günün En Düşük Fiyatı""]",Tahmini Teslim:,refreshed,0,https://www.trendyol.com/silver-home/silver-home-super-emici-arac-kurulama-bezi-50x70-cm-mutfak-havlusu-kurulama-bezi-p-823656602
otomobil-motosiklet:otomobil-motosiklet-cok-satanlar,94,94,,45.4,12,888546790,,888546790:unknown,"papirusart Fotoğraflı Araba Süsü, Kişiye özel Oto süsü, Kokusuzdur, Sevgililer Günü için Hediye Fikri",papirusart,PapirusArt,192.08,245,,InStock,3 günde 100+ ürün satıldı!,3,100,33.3,4.7,592,,308,"[""Trendyol Plus'a Özel"",""Sepette %20 İndirim"",""Kargo Bedava""]",Tahmini Teslim:,refreshed,0,https://www.trendyol.com/papirusart/fotografli-araba-susu-kisiye-ozel-oto-susu-kokusuzdur-sevgililer-gunu-icin-hediye-fikri-p-888546790
otomobil-motosiklet:otomobil-motosiklet-cok-satanlar,61,61,,39.2,7.5,212128940,,212128940:unknown,MeyZone Araba Bagaj Çantası Oto Halı Bagaj Organizer Alet Eşya Çantası Siyah,MeyZone,,178.11,199.9,,InStock,3 günde 100+ ürün satıldı!,3,100,33.3,4.6,2156,,,"[""Trendyol Plus'a Özel"",""Sepette %1 İndirim"",""Kargo Bedava""]",Tahmini Teslim:,refreshed,0,https://www.trendyol.com/meyzone/araba-bagaj-cantasi-oto-hali-bagaj-organizer-alet-esya-cantasi-siyah-p-212128940
otomobil-motosiklet:otomobil-motosiklet-cok-satanlar,34,34,,39.1,25.5,982829933,,982829933:unknown,İK Kuzey 2 Adet Araba Çöp Kutusu – Araç İçi Taşınabilir İtme Kapaklı Çöp Kovası,İK Kuzey,İK Kuzey,155.9,,,InStock,3 günde 250+ ürün satıldı!,3,250,83.3,3.9,727,,90,"[""Kargo Bedava""]",7 saat 30 dakika içinde sipariş verirsen en geç yarın kargoda!,refreshed,0,https://www.trendyol.com/ik-kuzey/2-adet-araba-cop-kutusu-arac-ici-tasinabilir-itme-kapakli-cop-kovasi-p-982829933
otomobil-motosiklet:arac-ici-aksesuar,46,146,,39,3,337469804,346549,337469804:346549,karbonsoft Kişiye Özel Isimli 2 Adet Araç Logo Kabartmalı Siyah Oto Plakalık,karbonsoft,karbonsoft,270,300,,InStock,,,,,4.4,4196,,1443,"[""Kargo Bedava"",""Trendyol Plus'a Özel""]",Tahmini Teslim:,refreshed,0,https://www.trendyol.com/karbonsoft/kisiye-ozel-isimli-2-adet-arac-logo-kabartmali-siyah-oto-plakalik-p-337469804?boutiqueId=61&merchantId=346549
otomobil-motosiklet:arac-ici-aksesuar,81,181,,38.4,1.6,289842829,350496,289842829:350496,Panda Kılıf PANDA FLORİDA SERİSİ PİKE KUMAŞ OTO KOLTUK KILIFI - TAM SET,Panda Kılıf,Panda Oto Tekstil,2294.1,2549,,InStock,,,,,4.5,,,12948,"[""Sepette %10 İndirim"",""Kargo Bedava"",""Peşin Fiyatına 3 Taksit""]",7 saat 26 dakika içinde sipariş verirsen en geç yarın kargoda!,refreshed,0,https://www.trendyol.com/panda-kilif/panda-florida-serisi-pike-kumas-oto-koltuk-kilifi-tam-set-p-289842829?boutiqueId=61&merchantId=350496
otomobil-motosiklet:arac-ici-aksesuar,69,169,,38.1,1,306891440,126907,306891440:126907,Cardarb 13 Parça Oto Bakım Seti Araba Yıkama Seti Yıkama Kovalı,Cardarb,Ergüven Kimya,499,549,,InStock,,,,,4.2,4176,,1239,"[""Kargo Bedava"",""Son 10 Günün En Düşük Fiyatı"",""Son 10 günün en düşük fiyatı""]",7 saat 27 dakika içinde sipariş verirsen en geç yarın kargoda!,refreshed,0,https://www.trendyol.com/cardarb/13-parca-oto-bakim-seti-araba-yikama-seti-yikama-kovali-p-306891440?boutiqueId=61&merchantId=126907
otomobil-motosiklet:otomobil-motosiklet-cok-satanlar,33,33,,38,34.1,1159646607,,1159646607:unknown,Dorimo Şemsiye Tip Araç Güneşliği Ön Cam İçin Katlanabilir UV Korumalı Oto Güneşlik,Dorimo,MONYER,417,439,,InStock,3 günde 250+ ürün satıldı!,3,250,83.3,4.4,70,,120,"[""Kargo Bedava"",""Son 10 Günün En Düşük Fiyatı"",""Son 10 günün en düşük fiyatı""]",7 saat 30 dakika içinde sipariş verirsen en geç yarın kargoda!,refreshed,0,https://www.trendyol.com/dorimo/semsiye-tip-arac-gunesligi-on-cam-icin-katlanabilir-uv-korumali-oto-guneslik-p-1159646607
otomobil-motosiklet:otomobil-motosiklet-cok-satanlar,93,93,,37.5,17.3,939090641,,939090641:unknown,Glanz Araba Ön Cam Güneşlik Katlanabilir Oto Güneşliği Otomobil Güneşlikleri Araç Gölgelik 145- 77cm,Glanz,Glanz,283.49,349.99,,InStock,3 günde 100+ ürün satıldı!,3,100,33.3,4.6,127,,10,"[""Trendyol Plus'a Özel"",""Kargo Bedava""]",7 saat 28 dakika içinde sipariş verirsen en geç yarın kargoda!,refreshed,0,https://www.trendyol.com/glanz/araba-on-cam-guneslik-katlanabilir-oto-gunesligi-otomobil-guneslikleri-arac-golgelik-145-77cm-p-939090641
otomobil-motosiklet:otomobil-motosiklet-cok-satanlar,32,32,,37.3,32.3,937245286,,937245286:unknown,CanCo Store Hello Kitty Set Sticker Su Geçirmez Yüksek Çözünürlüklü Araba Motorsiklet Kask Laptop Duvar Sticker,CanCo Store,Özgül Reklam,19,,,InStock,3 günde 250+ ürün satıldı!,3,250,83.3,4.4,137,,46,"[""Kargo Bedava"",""Trendyol Plus'a Özel""]",7 saat 30 dakika içinde sipariş verirsen en geç yarın kargoda!,refreshed,0,https://www.trendyol.com/canco-store/hello-kitty-set-sticker-su-gecirmez-yuksek-cozunurluklu-araba-motorsiklet-kask-laptop-duvar-sticker-p-937245286
otomobil-motosiklet:otomobil-motosiklet-cok-satanlar,97,97,,37.3,8.5,758285793,,758285793:unknown,TORPEDO Tay Tüyü Cepli & Terletmez Sırtlı Oto Koltuk Minder Seti - Koltuk Koruma Kılıfı (ÖN & ARKA TAM SET),TORPEDO,Torpedo Türkiye,1462.54,1625.05,,InStock,3 günde 100+ ürün satıldı!,3,100,33.3,4.5,,,2742,"[""Kargo Bedava"",""Peşin Fiyatına 3 Taksit""]",Tahmini Teslim:,refreshed,0,https://www.trendyol.com/torpedo/tay-tuyu-cepli-terletmez-sirtli-oto-koltuk-minder-seti-koltuk-koruma-kilifi-on-arka-tam-set-p-758285793
otomobil-motosiklet:otomobil-motosiklet-cok-satanlar,49,49,,36.8,9.5,781953914,,781953914:unknown,AutoFresh Cilalı Oto Şampuanı 5 Kg pH Nötr Yoğun Köpük Parlaklık Veren Araç Araba Yıkama Şampuanı,AutoFresh,AUTOFRESH,441,490,,InStock,3 günde 100+ ürün satıldı!,3,100,33.3,4.4,1381,,661,"[""Trendyol Plus'a Özel"",""Kargo Bedava""]",7 saat 30 dakika içinde sipariş verirsen en geç yarın kargoda!,refreshed,0,https://www.trendyol.com/autofresh/cilali-oto-sampuani-5-kg-ph-notr-yogun-kopuk-parlaklik-veren-arac-araba-yikama-sampuani-p-781953914
otomobil-motosiklet:otomobil-motosiklet-cok-satanlar,55,55,,35.9,21,1066222778,,1066222778:unknown,"OVERMAX Mini Panda Araç İçi Aksesuar, Araba Dekoru, Klima Süsü, Panda Dekor, Masa Dekoru 1 Adet",OVERMAX,,15.78,19.99,,InStock,3 günde 100+ ürün satıldı!,3,100,33.3,4.3,43,,,"[""Son 10 Günün En Düşük Fiyatı"",""Kargo Bedava"",""Son 10 günün en düşük fiyatı""]",Tahmini Teslim:,refreshed,0,https://www.trendyol.com/overmax/mini-panda-arac-ici-aksesuar-araba-dekoru-klima-susu-panda-dekor-masa-dekoru-1-adet-p-1066222778
otomobil-motosiklet:otomobil-motosiklet-cok-satanlar,83,83,,35.4,13,833453235,,833453235:unknown,bys 3D LÜX Standartlara Uygun Takmatik Pleksi PLAKALIK,bys,BYOTOSTORE,160,183,,InStock,3 günde 100+ ürün satıldı!,3,100,33.3,3.5,436,,4316,"[""Son 10 Günün En Düşük Fiyatı"",""Kargo Bedava"",""Son 10 günün en düşük fiyatı""]",7 saat 29 dakika içinde sipariş verirsen en geç yarın kargoda!,refreshed,0,https://www.trendyol.com/bys/3d-lux-standartlara-uygun-takmatik-pleksi-plakalik-p-833453235
otomobil-motosiklet:otomobil-motosiklet-cok-satanlar,76,76,,35.3,10.5,784222197,,784222197:unknown,Genel Markalar Motor Brandası-Çadırı-Örtüsü Miflonlu 50 Cc Ve 250 Cc Tüm Markalara Uyumlu Motor Brandası A++ Kalite,Genel Markalar,arf ticaret,134.99,149.99,,InStock,3 günde 100+ ürün satıldı!,3,100,33.3,3.4,910,,606,"[""Trendyol Plus'a Özel"",""Sepette %2 İndirim"",""Kargo Bedava"",""Son 10 Günün En Düşük Fiyatı""]",7 saat 29 dakika içinde sipariş verirsen en geç yarın kargoda!,refreshed,0,https://www.trendyol.com/genel-markalar/motor-brandasi-cadiri-ortusu-miflonlu-50-cc-ve-250-cc-tum-markalara-uyumlu-motor-brandasi-a-kalite-p-784222197
otomobil-motosiklet:otomobil-motosiklet-cok-satanlar,54,54,,34.6,11.3,922389824,,922389824:unknown,Parker Otomotiv Parlak Otomobil Araç Plakalık (2 Adet ) Kişiye Özel Yazılı,Parker Otomotiv,,171.89,190.99,,InStock,3 günde 100+ ürün satıldı!,3,100,33.3,4.3,729,,,"[""Trendyol Plus'a Özel"",""Kargo Bedava""]",Tahmini Teslim:,refreshed,0,https://www.trendyol.com/parker-otomotiv/parlak-otomobil-arac-plakalik-2-adet-kisiye-ozel-yazili-p-922389824
otomobil-motosiklet:otomobil-motosiklet-cok-satanlar,50,50,,34,12.8,346273059,,346273059:unknown,MeyZone 2 Adet Oto Yan Cam Perdesi Araba Arka Güneşlik Araç Anne Bebek Çocuk Perde Arka Koltuk Emzirme Örtü,MeyZone,MeyZone,160.29,179.9,,InStock,3 günde 100+ ürün satıldı!,3,100,33.3,4.2,471,,294,"[""Trendyol Plus'a Özel"",""Sepette %1 İndirim"",""Kargo Bedava""]",7 saat 30 dakika içinde sipariş verirsen en geç yarın kargoda!,refreshed,0,https://www.trendyol.com/meyzone/2-adet-oto-yan-cam-perdesi-araba-arka-guneslik-arac-anne-bebek-cocuk-perde-arka-koltuk-emzirme-ortu-p-346273059
otomobil-motosiklet:arac-ici-aksesuar,25,125,,33.8,38.7,260043406,1301802,260043406:1301802,Trw Vw Golf 7 2013-2019 Uyumlu Arka Fren Balatası Uyumlu,Trw,Japon&ZEY Oto Yedek Parça,1529,,,InStock,,,,,5,2,,2,"[""50 TL Kupon"",""Kargo Bedava"",""Peşin Fiyatına 3 Taksit""]",Tahmini Teslim:,refreshed,0,https://www.trendyol.com/trw/vw-golf-7-2013-2019-uyumlu-arka-fren-balatasi-uyumlu-p-260043406?merchantId=1301802
otomobil-motosiklet:otomobil-motosiklet-cok-satanlar,39,39,,33.5,9.8,137166696,,137166696:unknown,Kraftech Yeni Nesil Premium I Buharlı Araba Far Temizleme Ve Parlatma Seti I - 8 Parça Ürün,Kraftech,KRAFTECH,799.11,,,InStock,3 günde 100+ ürün satıldı!,3,100,33.3,4.6,5327,,2092,"[""Kargo Bedava""]",7 saat 30 dakika içinde sipariş verirsen en geç yarın kargoda!,refreshed,0,https://www.trendyol.com/kraftech/yeni-nesil-premium-i-buharli-araba-far-temizleme-ve-parlatma-seti-i-8-parca-urun-p-137166696
otomobil-motosiklet:otomobil-motosiklet-cok-satanlar,36,36,,33.2,26.4,952402946,,952402946:unknown,Rex Aksesuar Otomobil Klima Süsü Papatya Araç Içi Aksesuar 1 ADET,Rex Aksesuar,Rex Aksesuar,14.92,,,InStock,3 günde 250+ ürün satıldı!,3,250,83.3,4.4,426,,132,"[""Kargo Bedava""]",7 saat 30 dakika içinde sipariş verirsen en geç yarın kargoda!,refreshed,0,https://www.trendyol.com/rex-aksesuar/otomobil-klima-susu-papatya-arac-ici-aksesuar-1-adet-p-952402946
otomobil-motosiklet:otomobil-motosiklet-cok-satanlar,65,65,,33,12.8,1097952023,,1097952023:unknown,ROBO Süper 4'lü Şarjlı Akü Ateşleyici Lastik şişirici Powebank Led ışık 150Psi Yüksek basınçlı Gri,ROBO,,2145.6,2384,,InStock,3 günde 100+ ürün satıldı!,3,100,33.3,4.5,462,,,"[""Trendyol Plus'a Özel"",""Kargo Bedava""]",Tahmini Teslim:,refreshed,0,https://www.trendyol.com/robo/super-4-lu-sarjli-aku-atesleyici-lastik-sisirici-powebank-led-isik-150psi-yuksek-basincli-gri-p-1097952023
otomobil-motosiklet:otomobil-motosiklet-cok-satanlar,59,59,,32.6,13.3,983873045,,983873045:unknown,GERMAN KUPFERMAX 22 Parça CE ve E Belgeli Araç Muayenesine ve Yol Denetimine Uygun İlk Yardım ve Trafik Seti,GERMAN KUPFERMAX,,1573.9,1748.78,,InStock,3 günde 100+ ürün satıldı!,3,100,33.3,4.7,408,,,"[""Kargo Bedava""]",Tahmini Teslim:,refreshed,0,https://www.trendyol.com/german-kupfermax/22-parca-ce-ve-e-belgeli-arac-muayenesine-ve-yol-denetimine-uygun-ilk-yardim-ve-trafik-seti-p-983873045
otomobil-motosiklet:otomobil-motosiklet-cok-satanlar,68,68,,32.3,13.6,143330883,,143330883:unknown,AutoFresh Demir Tozu Temizleyici Jant Ve Kaporta Ph Nötr 410 ml Sünger Hediyeli Süper Güç Profesyonel,AutoFresh,,174.33,193.7,,InStock,3 günde 100+ ürün satıldı!,3,100,33.3,3.9,375,,,"[""Trendyol Plus'a Özel"",""Kargo Bedava""]",Tahmini Teslim:,refreshed,0,https://www.trendyol.com/autofresh/demir-tozu-temizleyici-jant-ve-kaporta-ph-notr-410-ml-sunger-hediyeli-super-guc-profesyonel-p-143330883
otomobil-motosiklet:arac-ici-aksesuar,80,180,,32.3,7.7,876683092,1096859,876683092:1096859,UZMANLAR Silikon Vantuzlu Telefon Tutacağı Vantuzlu 1 adet Cep Telefonu Tutucu,UZMANLAR,ARTEBA Global,21.5,23.89,,InStock,,,,,3.7,610,,975,"[""Sepette %10 İndirim"",""Kargo Bedava""]",7 saat 26 dakika içinde sipariş verirsen en geç yarın kargoda!,refreshed,0,https://www.trendyol.com/uzmanlar/silikon-vantuzlu-telefon-tutacagi-vantuzlu-1-adet-cep-telefonu-tutucu-p-876683092?boutiqueId=61&merchantId=1096859
otomobil-motosiklet:otomobil-motosiklet-cok-satanlar,37,37,,32.1,30,69541477,,69541477:unknown,Ally Mobile Ally Temporary Araç Geçici Park Için Telefon Numaratörü-siyah,Ally Mobile,Akıllıphone,132.28,139.24,,InStock,3 günde 250+ ürün satıldı!,3,250,83.3,3.8,130,,5,"[""Trendyol Plus'a Özel"",""Kargo Bedava""]",7 saat 30 dakika içinde sipariş verirsen en geç yarın kargoda!,refreshed,0,https://www.trendyol.com/ally-mobile/ally-temporary-arac-gecici-park-icin-telefon-numaratoru-siyah-p-69541477
otomobil-motosiklet:arac-ici-aksesuar,62,162,,31.4,8.6,94774589,1096859,94774589:1096859,ucuzmi 2adet Telefon Araç Içi Tutucu Stant Metal Plaka Magnetic Mıknatıslı Tutucular Için Metal Saç Seti 3m,ucuzmi,ARTEBA Global,63,70,,InStock,,,,,4.4,469,,198,"[""Sepette %10 İndirim"",""Kargo Bedava""]",7 saat 27 dakika içinde sipariş verirsen en geç yarın kargoda!,refreshed,0,https://www.trendyol.com/ucuzmi/2adet-telefon-arac-ici-tutucu-stant-metal-plaka-magnetic-miknatisli-tutucular-icin-metal-sac-seti-3m-p-94774589?boutiqueId=61&merchantId=1096859
otomobil-motosiklet:arac-ici-aksesuar,36,136,,31.3,13.7,849111553,120735,849111553:120735,Woyax Güçlü Mıknatıslı Kancalı Araç Içi Telefon Tutucu - Magsafe Iphone Uyumlu Havalandırma Için,Woyax,Woyax Deji,499.8,,,InStock,,,,,4.7,819,,374,"[""Kargo Bedava""]",7 saat 27 dakika içinde sipariş verirsen en geç yarın kargoda!,refreshed,0,https://www.trendyol.com/woyax/guclu-miknatisli-kancali-arac-ici-telefon-tutucu-magsafe-iphone-uyumlu-havalandirma-icin-p-849111553?boutiqueId=61&merchantId=120735
otomobil-motosiklet:arac-ici-aksesuar,70,170,,30.2,0,96564079,190134,96564079:190134,AutoFresh 12'li Efsane Set Araç Araba Yıkama Bakım Seti Fırsat Full Oto Bakım Temizlik Seti Kovalı,AutoFresh,AUTOFRESH,711,,,InStock,,,,,4.4,6026,,1920,"[""Kargo Bedava"",""Trendyol Plus'a Özel""]",7 saat 26 dakika içinde sipariş verirsen en geç yarın kargoda!,refreshed,0,https://www.trendyol.com/autofresh/12-li-efsane-set-arac-araba-yikama-bakim-seti-firsat-full-oto-bakim-temizlik-seti-kovali-p-96564079?boutiqueId=61&merchantId=190134
otomobil-motosiklet:otomobil-motosiklet-cok-satanlar,100,100,,29.9,5.9,785203759,,785203759:unknown,Mega Oto Market Oto Araba Güneşlik Şemsiye Tip Ön Cam Güneş Önleyici Katlanabilir 140cm X 75cm,Mega Oto Market,Mega Oto Market,399,,,InStock,3 günde 100+ ürün satıldı!,3,100,33.3,4.4,3400,,1886,"[""Kargo Bedava"",""30 TL Kupon""]",7 saat 28 dakika içinde sipariş verirsen en geç yarın kargoda!,refreshed,0,https://www.trendyol.com/mega-oto-market/oto-araba-guneslik-semsiye-tip-on-cam-gunes-onleyici-katlanabilir-140cm-x-75cm-p-785203759
otomobil-motosiklet:otomobil-motosiklet-cok-satanlar,58,58,,29.7,9.1,40514024,,40514024:unknown,Selsil Etiket Sökücü 200ml,Selsil,,125.13,129,,InStock,3 günde 100+ ürün satıldı!,3,100,33.3,4,1362,,,"[""Sepette %3 İndirim"",""Kargo Bedava""]",Tahmini Teslim:,refreshed,0,https://www.trendyol.com/selsil/etiket-sokucu-200ml-p-40514024
otomobil-motosiklet:otomobil-motosiklet-cok-satanlar,35,35,,29.6,32.4,946142593,,946142593:unknown,CEBECİOTO KUPON HOLOGRAM STİCKER 2 ADET OTO MOTO AKSESUAR,CEBECİOTO,,16,,,InStock,3 günde 250+ ürün satıldı!,3,250,83.3,4.2,85,,56,"[""Kargo Bedava"",""Trendyol Plus'a Özel""]",7 saat 30 dakika içinde sipariş verirsen en geç yarın kargoda!,refreshed,0,https://www.trendyol.com/cebecioto/kupon-hologram-sticker-2-adet-oto-moto-aksesuar-p-946142593
otomobil-motosiklet:arac-ici-aksesuar,96,196,,28.9,5.9,310572514,346231,310572514:346231,mimtec Araç Içi Uzayan Ayarlanabilir Cam Ve Torpido Için Vantuzlu Oval Telefon Tutucu,mimtec,Mimtec,159.9,167.9,,InStock,,,,,3.4,1015,,258,"[""Son 10 Günün En Düşük Fiyatı"",""Kargo Bedava"",""Son 10 günün en düşük fiyatı""]",7 saat 26 dakika içinde sipariş verirsen en geç yarın kargoda!,refreshed,0,https://www.trendyol.com/mimtec/arac-ici-uzayan-ayarlanabilir-cam-ve-torpido-icin-vantuzlu-oval-telefon-tutucu-p-310572514?boutiqueId=61&merchantId=346231
otomobil-motosiklet:otomobil-motosiklet-cok-satanlar,52,52,,28.2,12.7,939490836,,939490836:unknown,Genel Markalar Terletmez 3'lü Minder Set Serme Kilim Siyah Beyaz,Genel Markalar,İmalattan Kilim,190,200,,InStock,3 günde 100+ ürün satıldı!,3,100,33.3,4.6,486,,123,"[""Kargo Bedava"",""Trendyol Plus'a Özel""]",7 saat 30 dakika içinde sipariş verirsen en geç yarın kargoda!,refreshed,0,https://www.trendyol.com/genel-markalar/terletmez-3-lu-minder-set-serme-kilim-siyah-beyaz-p-939490836
otomobil-motosiklet:otomobil-motosiklet-cok-satanlar,38,38,,28.1,26.4,992113354,,992113354:unknown,PH Prendi Home Siyah Araba Bagaj Çantası – Oto Bagaj Organizer Kapaklı Cırtlı Düzenleyici 50x25x15,PH Prendi Home,PH PRENDİ HOME,299.9,,,InStock,3 günde 250+ ürün satıldı!,3,250,83.3,4.3,312,,50,"[""Kargo Bedava""]",7 saat 30 dakika içinde sipariş verirsen en geç yarın kargoda!,refreshed,0,https://www.trendyol.com/ph-prendi-home/siyah-araba-bagaj-cantasi-oto-bagaj-organizer-kapakli-cirtli-duzenleyici-50x25x15-p-992113354
otomobil-motosiklet:arac-ici-aksesuar,42,142,,28.1,5.9,49085647,449633,49085647:449633,batcell Araba Araç içi Cep Telefonu Tutucu,batcell,MKEY TEKNOLOJİ,151.99,,,InStock,,,,,3.7,3299,,678,"[""Kargo Bedava""]",7 saat 27 dakika içinde sipariş verirsen en geç yarın kargoda!,refreshed,0,https://www.trendyol.com/batcell/araba-arac-ici-cep-telefonu-tutucu-p-49085647?boutiqueId=61&merchantId=449633
otomobil-motosiklet:otomobil-motosiklet-cok-satanlar,62,62,,27.4,8.4,746641046,,746641046:unknown,Altınoran Altın Oran Titanium Seramik Katkılı Wax Krem Cila 100 + Guard Auto Hızlı Cila 250 ML,Altınoran,,567,,,InStock,3 günde 100+ ürün satıldı!,3,100,33.3,3.6,1650,,,"[""Kargo Bedava""]",Tahmini Teslim:,refreshed,0,https://www.trendyol.com/altinoran/altin-oran-titanium-seramik-katkili-wax-krem-cila-100-guard-auto-hizli-cila-250-ml-p-746641046
otomobil-motosiklet:otomobil-motosiklet-cok-satanlar,45,45,,26.9,12.4,45328557,,45328557:unknown,Ebrayn Premium Lastik Parlatıcı Aerosol 500 ml,Ebrayn,ZDA Oto Market,196.02,198,,InStock,3 günde 100+ ürün satıldı!,3,100,33.3,4.7,1072,,313,"[""Sepette %1 İndirim"",""Kargo Bedava""]",7 saat 30 dakika içinde sipariş verirsen en geç yarın kargoda!,refreshed,0,https://www.trendyol.com/ebrayn/premium-lastik-parlatici-aerosol-500-ml-p-45328557
otomobil-motosiklet:otomobil-motosiklet-cok-satanlar,44,44,,26.8,12,849112760,,849112760:unknown,Woyax Active 360 Vantuzlu Araç Içi Telefon Tutucu - Vakumlu Akrobat Araba Telefon Tutacağı,Woyax,Woyax Deji,399.8,,,InStock,3 günde 100+ ürün satıldı!,3,100,33.3,4.5,1397,,443,"[""Kargo Bedava""]",7 saat 30 dakika içinde sipariş verirsen en geç yarın kargoda!,refreshed,0,https://www.trendyol.com/woyax/active-360-vantuzlu-arac-ici-telefon-tutucu-vakumlu-akrobat-araba-telefon-tutacagi-p-849112760
otomobil-motosiklet:otomobil-motosiklet-cok-satanlar,64,64,,26.7,9.2,883925237,,883925237:unknown,RADOON Yeni Tasarım Mini Kablosuz İOS ANDROİD Uyumlu Carplay Usb ve Type-c 2in1 Araç Multimedya Adaptörü,RADOON,,660,,,InStock,3 günde 100+ ürün satıldı!,3,100,33.3,4.1,1330,,,"[""Kargo Bedava""]",Tahmini Teslim:,refreshed,0,https://www.trendyol.com/radoon/yeni-tasarim-mini-kablosuz-ios-android-uyumlu-carplay-usb-ve-type-c-2in1-arac-multimedya-adaptoru-p-883925237
otomobil-motosiklet:otomobil-motosiklet-cok-satanlar,53,53,,26.5,9.3,738414991,,738414991:unknown,mimtec Araç Içi Uzayan Ayarlanabilir Telefon Tutucu Cam Ve Torpido Için Ücret İade Garantili,mimtec,,374.9,,,InStock,3 günde 100+ ürün satıldı!,3,100,33.3,4.3,1284,,,"[""Kargo Bedava""]",Tahmini Teslim:,refreshed,0,https://www.trendyol.com/mimtec/arac-ici-uzayan-ayarlanabilir-telefon-tutucu-cam-ve-torpido-icin-ucret-iade-garantili-p-738414991
otomobil-motosiklet:otomobil-motosiklet-cok-satanlar,81,81,,26.5,14.4,979899669,,979899669:unknown,estölye Siyah Pleksi Ayetel Kürsi Ve Nazar Dualı Araba Süsü Dikiz Aynası Süsü Araba Hediyesi -Çift Taraflı,estölye,essetasarım,123.4,129.9,,InStock,3 günde 100+ ürün satıldı!,3,100,33.3,4.7,298,,82,"[""Trendyol Plus'a Özel"",""Kargo Bedava""]",7 saat 29 dakika içinde sipariş verirsen en geç yarın kargoda!,refreshed,0,https://www.trendyol.com/estolye/siyah-pleksi-ayetel-kursi-ve-nazar-duali-araba-susu-dikiz-aynasi-susu-araba-hediyesi-cift-tarafli-p-979899669
otomobil-motosiklet:otomobil-motosiklet-cok-satanlar,87,87,,26.2,9.6,905058102,,905058102:unknown,WANNA PROTECT 360 Dönebilen Kancalı Araç İçi Parlak Premium Telefon Tutucu Havalandırma Araba Telefon Tutacağı,WANNA PROTECT,HyperCep,199,,,InStock,3 günde 100+ ürün satıldı!,3,100,33.3,4.3,,,280,"[""Kargo Bedava""]",7 saat 29 dakika içinde sipariş verirsen en geç yarın kargoda!,refreshed,0,https://www.trendyol.com/wanna-protect/360-donebilen-kancali-arac-ici-parlak-premium-telefon-tutucu-havalandirma-araba-telefon-tutacagi-p-905058102
otomobil-motosiklet:otomobil-motosiklet-cok-satanlar,99,99,,26.1,10.7,979239694,,979239694:unknown,Genel Markalar Oto Geçmeli Direksiyon Kılıfı 38cm %100 Yerli Üretim Noktalı Siyah Düz Siyah 1.Kalite Suni Deri,Genel Markalar,Form Oto Aksesuar Sanayi,201.96,204,,InStock,3 günde 100+ ürün satıldı!,3,100,33.3,4.5,,,1174,"[""Trendyol Plus'a Özel"",""Sepette %1 İndirim"",""Kargo Bedava""]",7 saat 28 dakika içinde sipariş verirsen en geç yarın kargoda!,refreshed,0,https://www.trendyol.com/genel-markalar/oto-gecmeli-direksiyon-kilifi-38cm-100-yerli-uretim-noktali-siyah-duz-siyah-1-kalite-suni-deri-p-979239694
otomobil-motosiklet:arac-ici-aksesuar,30,130,,26,37.6,963500876,1301802,963500876:1301802,Mann Filter Renault Clio 4 1.5 Dci 2012-2016 Filtre Bakım Seti Standart Polen+Hava+Yağ+Yakıt,Mann Filter,Japon&ZEY Oto Yedek Parça,2506.72,2600,,InStock,,,,,5,1,,2,"[""Trendyol Plus'a Özel"",""130 TL Kupon"",""Kargo Bedava"",""Peşin Fiyatına 3 Taksit""]",Tahmini Teslim:,refreshed,0,https://www.trendyol.com/mann-filter/renault-clio-4-1-5-dci-2012-2016-filtre-bakim-seti-standart-polen-hava-yag-yakit-p-963500876?merchantId=1301802
otomobil-motosiklet:arac-ici-aksesuar,35,135,,25.8,21.7,857296077,,857296077:unknown,Apple Yenilenmiş IPHONE 16 PRO MAX 256GB -B Kalite- Siyah Titanyum,Apple,Getmobil,92999,,,InStock,,,,,4.6,94,,99,"[""750 TL Kupon"",""Kargo Bedava"",""Peşin Fiyatına 9 Taksit""]",Tahmini Teslim:,refreshed,0,https://www.trendyol.com/apple/iphone-16-pro-max-256gb-siyah-titanyum-p-857296077
otomobil-motosiklet:arac-ici-aksesuar,38,138,,25.4,14.6,967000752,108498,967000752:108498,Ally Powerjet Pro 20000pa Güçlü Portatif Tasinabilir Vakumlu Kablosuz Üflemeli Mini Araç Süpürgesi,Ally,Akıllıphone,1139.05,,,InStock,,,,,4.5,468,,208,"[""Kargo Bedava"",""Peşin Fiyatına 3 Taksit"",""Trendyol Plus'a Özel""]",7 saat 27 dakika içinde sipariş verirsen en geç yarın kargoda!,refreshed,0,https://www.trendyol.com/ally/powerjet-pro-20000pa-guclu-portatif-tasinabilir-vakumlu-kablosuz-uflemeli-mini-arac-supurgesi-p-967000752?boutiqueId=61&merchantId=108498
otomobil-motosiklet:otomobil-motosiklet-cok-satanlar,82,82,,25.2,14.5,902387062,,902387062:unknown,Beta GİDON ÜSTÜ H2 KANAT AYNA UNİVERSAL,Beta,dogusmotorr.com,490,510,,InStock,3 günde 100+ ürün satıldı!,3,100,33.3,3.9,284,,1155,"[""Kargo Bedava"",""Son 10 Günün En Düşük Fiyatı""]",7 saat 29 dakika içinde sipariş verirsen en geç yarın kargoda!,refreshed,0,https://www.trendyol.com/beta/gidon-ustu-h2-kanat-ayna-universal-p-902387062
otomobil-motosiklet:otomobil-motosiklet-cok-satanlar,96,96,,25.2,15.3,955425193,,955425193:unknown,Ally Çift Başlıklı Araç Fanı Oto Fan Vantilatör,Ally,Akıllıphone,533.39,559.83,,InStock,3 günde 100+ ürün satıldı!,3,100,33.3,4.3,227,,234,"[""Kargo Bedava"",""Son 10 Günün En Düşük Fiyatı"",""Son 10 günün en düşük fiyatı""]",7 saat 28 dakika içinde sipariş verirsen en geç yarın kargoda!,refreshed,0,https://www.trendyol.com/ally/cift-baslikli-arac-fani-oto-fan-vantilator-p-955425193
otomobil-motosiklet:arac-ici-aksesuar,53,153,,25.2,7.4,971819251,1109461,971819251:1109461,Amentes Tüm Araçlar İçin Araba Ön Cam Güneşlik Uyumlu ESNEK Katlanabilir Güneşlik Şemsiye Ön Cam Gölgelik,Amentes,ALNİMA,190,195,,InStock,,,,,4,663,,571,"[""Son 10 Günün En Düşük Fiyatı"",""Kargo Bedava"",""Son 10 günün en düşük fiyatı"",""Trendyol Plus'a Özel""]",7 saat 27 dakika içinde sipariş verirsen en geç yarın kargoda!,refreshed,0,https://www.trendyol.com/amentes/tum-araclar-icin-araba-on-cam-guneslik-uyumlu-esnek-katlanabilir-guneslik-semsiye-on-cam-golgelik-p-971819251?boutiqueId=61&merchantId=1109461
otomobil-motosiklet:otomobil-motosiklet-cok-satanlar,72,72,,25,11.8,828232192,,828232192:unknown,MATECHNO Kasklara Uyumlu Telefon Ve Aksiyon Kamera Tutucu Kask Çene Telefon Kamera Tutacağı,MATECHNO,,196.99,198.98,,InStock,3 günde 100+ ürün satıldı!,3,100,33.3,4.2,621,,,"[""Sepette %1 İndirim"",""25 TL Kupon"",""Kargo Bedava"",""Trendyol Plus'a Özel""]",Tahmini Teslim:,refreshed,0,https://www.trendyol.com/matechno/kasklara-uyumlu-telefon-ve-aksiyon-kamera-tutucu-kask-cene-telefon-kamera-tutacagi-p-828232192
otomobil-motosiklet:otomobil-motosiklet-cok-satanlar,86,86,,25,10.8,329847434,,329847434:unknown,SENDEM 7 Renkli Rgb Led Motosiklet Uyarı Kaza Önleyici Mini Pilli Sinyal Led Drone Led,SENDEM,GMD TECH,179.9,,,InStock,3 günde 100+ ürün satıldı!,3,100,33.3,3.6,836,,1190,"[""Kargo Bedava""]",7 saat 29 dakika içinde sipariş verirsen en geç yarın kargoda!,refreshed,0,https://www.trendyol.com/sendem/7-renkli-rgb-led-motosiklet-uyari-kaza-onleyici-mini-pilli-sinyal-led-drone-led-p-329847434
otomobil-motosiklet:otomobil-motosiklet-cok-satanlar,91,91,,24.9,11,830504149,,830504149:unknown,Protonust Ayarlanabilir Bisiklet Scooter Motosiklet Otomatik Tuşlu Motorsiklet Ayna Bağlantılı Telefon Tutucu,Protonust,AsfalAvm,199.94,,,InStock,3 günde 100+ ürün satıldı!,3,100,33.3,3.9,790,,448,"[""Kargo Bedava""]",7 saat 29 dakika içinde sipariş verirsen en geç yarın kargoda!,refreshed,0,https://www.trendyol.com/protonust/ayarlanabilir-bisiklet-scooter-motosiklet-otomatik-tuslu-motorsiklet-ayna-baglantili-telefon-tutucu-p-830504149
otomobil-motosiklet:arac-ici-aksesuar,86,186,,24.8,6.2,222231247,967510,222231247:967510,Kenpool Araba Ön Cam Güneş Şemsiyesi Araç Içi Cam Vantuzlu Katlanır Güneşlik Koruyucu Perde 130 Cm X 60 Cm,Kenpool,Oto Asya Group,137.61,139,,InStock,,,,,4.1,947,,296,"[""Sepette %1 İndirim"",""Kargo Bedava""]",,refreshed,0,https://www.trendyol.com/kenpool/araba-on-cam-gunes-semsiyesi-arac-ici-cam-vantuzlu-katlanir-guneslik-koruyucu-perde-130-cm-x-60-cm-p-222231247?boutiqueId=61&merchantId=967510
otomobil-motosiklet:arac-ici-aksesuar,50,150,,24.5,5.5,932877302,110546,932877302:110546,Fibaks 360 Dönebilen Araç İçi Telefon Tutucu Vakumlu Magsafe Destekli Masa Üstü Duvar Halka Telefon Tutucu,Fibaks,Fibaks,199.99,,,InStock,,,,,3.9,,,278,"[""Kargo Bedava""]",27 dakika 28 saniye içinde sipariş verirsen en geç bugün kargoda!,refreshed,0,https://www.trendyol.com/fibaks/360-donebilen-arac-ici-telefon-tutucu-vakumlu-magsafe-destekli-masa-ustu-duvar-halka-telefon-tutucu-p-932877302?boutiqueId=61&merchantId=110546
otomobil-motosiklet:otomobil-motosiklet-cok-satanlar,41,41,,24.3,16,793191916,,793191916:unknown,Hologram Kart ARABA ARKA CAM YAZILARI 1 adet HOLOGRAMLI YENİ MODEL,Hologram Kart,Etiket Dünyası,35,,,InStock,3 günde 100+ ürün satıldı!,3,100,33.3,4.2,672,,570,"[""Kargo Bedava""]",7 saat 30 dakika içinde sipariş verirsen en geç yarın kargoda!,refreshed,0,https://www.trendyol.com/hologram-kart/araba-arka-cam-yazilari-1-adet-hologramli-yeni-model-p-793191916
otomobil-motosiklet:arac-ici-aksesuar,41,141,,24.2,10.3,130865410,185368,130865410:185368,MeyZone Araç Içi Park Telefon Numarası Fosforlu Numaratör Oto Cam Kartı,MeyZone,MeyZone,87.22,,,InStock,,,,,4.5,1065,,108,"[""Sepette %1 İndirim"",""Kargo Bedava"",""Trendyol Plus'a Özel""]",7 saat 27 dakika içinde sipariş verirsen en geç yarın kargoda!,refreshed,0,https://www.trendyol.com/meyzone/arac-ici-park-telefon-numarasi-fosforlu-numarator-oto-cam-karti-p-130865410?boutiqueId=61&merchantId=185368
otomobil-motosiklet:arac-ici-aksesuar,28,128,,24,,1187373027,1301802,1187373027:1301802,Filtron Nissan Qashqai 1.5 Dci Filtre Bakım Seti 2007-2013 Hava Yağ Yakıt Polen,Filtron,Japon&ZEY Oto Yedek Parça,2600,,,InStock,,,,,,,,,"[""130 TL Kupon"",""Kargo Bedava"",""Peşin Fiyatına 3 Taksit""]",Tahmini Teslim:,refreshed,0,https://www.trendyol.com/filtron/nissan-qashqai-1-5-dci-filtre-bakim-seti-2007-2013-hava-yag-yakit-polen-p-1187373027?merchantId=1301802
otomobil-motosiklet:otomobil-motosiklet-cok-satanlar,75,75,,23.8,12.1,822695373,,822695373:unknown,babikamium Kumandalı Şarjlı Çift RGB Led Flaşör 2’li Set Araç İçi Ambiyans Pedal Altı Uyarı Lambası,babikamium,Babikamium,660,,,InStock,3 günde 100+ ürün satıldı!,3,100,33.3,4.1,577,,848,"[""Kargo Bedava""]",7 saat 29 dakika içinde sipariş verirsen en geç yarın kargoda!,refreshed,0,https://www.trendyol.com/babikamium/kumandali-sarjli-cift-rgb-led-flasor-2-li-set-arac-ici-ambiyans-pedal-alti-uyari-lambasi-p-822695373
otomobil-motosiklet:arac-ici-aksesuar,63,163,,23.7,6.3,126847596,555700,126847596:555700,Mbois Kırmızı Ayak Altı Tavan Led Araç Içi Aydınlatma Oto Araba Iç Disko Ayarlanır Usb Lamba Işık,Mbois,GMD TECH,169,,,InStock,,,,,3.9,917,,406,"[""Kargo Bedava""]",7 saat 27 dakika içinde sipariş verirsen en geç yarın kargoda!,refreshed,0,https://www.trendyol.com/mbois/kirmizi-ayak-alti-tavan-led-arac-ici-aydinlatma-oto-araba-ic-disko-ayarlanir-usb-lamba-isik-p-126847596?boutiqueId=61&merchantId=555700
otomobil-motosiklet:arac-ici-aksesuar,39,139,,23.6,13.9,978997861,185368,978997861:185368,MeyZone Fırça Seti Araç Oto Araba Klima Havalandırma Detaylı Temizlik Fırçası Premium Yumuşak Tüylü Fırça,MeyZone,MeyZone,133.56,,,InStock,,,,,4.4,496,,39,"[""Sepette %1 İndirim"",""Kargo Bedava"",""Trendyol Plus'a Özel""]",7 saat 27 dakika içinde sipariş verirsen en geç yarın kargoda!,refreshed,0,https://www.trendyol.com/meyzone/firca-seti-arac-oto-araba-klima-havalandirma-detayli-temizlik-fircasi-premium-yumusak-tuylu-firca-p-978997861?boutiqueId=61&merchantId=185368
otomobil-motosiklet:arac-ici-aksesuar,67,167,,23.6,9.6,1118309213,404545,1118309213:404545,BYENS Araba Ön Cam Güneşlik Şemsiye Araba Cam Güneşliği Otomobil Güneşlikleri Araç Oto İçi Şemsiyesi,BYENS,Pratik Center BYENS,486.87,503.19,,InStock,,,,,4.6,351,,203,"[""Kargo Bedava"",""Son 10 Günün En Düşük Fiyatı"",""Son 10 günün en düşük fiyatı""]",7 saat 27 dakika içinde sipariş verirsen en geç yarın kargoda!,refreshed,0,https://www.trendyol.com/byens/araba-on-cam-guneslik-semsiye-araba-cam-gunesligi-otomobil-guneslikleri-arac-oto-ici-semsiyesi-p-1118309213?boutiqueId=61&merchantId=404545
otomobil-motosiklet:arac-ici-aksesuar,90,190,,23.6,13.4,1090743385,717660,1090743385:717660,MisterionStudio Pembe Fiyonk Torpido Süsü Araba Süsü - Araç İçi Aksesuar Dekoratif Fiyonk - Oto Aksesuarı,MisterionStudio,MisterionStudio,40,43,,InStock,,,,,4.7,117,,13,"[""Kargo Bedava""]",7 saat 26 dakika içinde sipariş verirsen en geç yarın kargoda!,refreshed,0,https://www.trendyol.com/misterionstudio/pembe-fiyonk-torpido-susu-araba-susu-arac-ici-aksesuar-dekoratif-fiyonk-oto-aksesuari-p-1090743385?boutiqueId=61&merchantId=717660
otomobil-motosiklet:otomobil-motosiklet-cok-satanlar,48,48,,23.5,13.4,946393403,,946393403:unknown,Guarellos Kanat Figürlü Guardian Bell Motorcu Anahtarlık – Şans ve Koruma Çanı Uğur Tılsımı,Guarellos,Guarellos,350.57,,,InStock,3 günde 100+ ürün satıldı!,3,100,33.3,4.6,530,,814,"[""Kargo Bedava""]",7 saat 30 dakika içinde sipariş verirsen en geç yarın kargoda!,refreshed,0,https://www.trendyol.com/guarellos/kanat-figurlu-guardian-bell-motorcu-anahtarlik-sans-ve-koruma-cani-ugur-tilsimi-p-946393403
otomobil-motosiklet:arac-ici-aksesuar,33,133,,23.5,31.7,208536479,1301802,208536479:1301802,Trw Toyota Corolla Uyumlu Auris Ön Arka Fren Balata Takımı 2013 2019,Trw,Japon&ZEY Oto Yedek Parça,3600,3700,,InStock,,,,,4.7,6,,65,"[""Trendyol Plus'a Özel"",""130 TL Kupon"",""Kargo Bedava"",""Peşin Fiyatına 3 Taksit""]",Tahmini Teslim:,refreshed,0,https://www.trendyol.com/trw/toyota-corolla-uyumlu-auris-on-arka-fren-balata-takimi-2013-2019-p-208536479?merchantId=1301802
otomobil-motosiklet:arac-ici-aksesuar,71,171,,23.5,6.5,120513140,185368,120513140:185368,MeyZone Araç Içi Klima Izgara Hava Çıkış Dekoratif Şeritler Klima Şerit Krom Gri,MeyZone,MeyZone,96.92,,,InStock,,,,,4.4,862,,535,"[""Sepette %1 İndirim"",""Kargo Bedava"",""Trendyol Plus'a Özel""]",7 saat 26 dakika içinde sipariş verirsen en geç yarın kargoda!,refreshed,0,https://www.trendyol.com/meyzone/arac-ici-klima-izgara-hava-cikis-dekoratif-seritler-klima-serit-krom-gri-p-120513140?boutiqueId=61&merchantId=185368
otomobil-motosiklet:arac-ici-aksesuar,82,182,,23.5,6.5,849110313,120735,849110313:120735,Woyax Güçlü Mıknatıslı Kancalı Araç Içi Telefon Tutucu - Havalandırma Araba Telefon Tutacağı,Woyax,Woyax Deji,464.8,,,InStock,,,,,4.7,860,,509,"[""Kargo Bedava""]",7 saat 26 dakika içinde sipariş verirsen en geç yarın kargoda!,refreshed,0,https://www.trendyol.com/woyax/guclu-miknatisli-kancali-arac-ici-telefon-tutucu-havalandirma-araba-telefon-tutacagi-p-849110313?boutiqueId=61&merchantId=120735
otomobil-motosiklet:arac-ici-aksesuar,95,195,,23.4,6.6,311044614,412407,311044614:412407,ELSE NIPPON Oto Araç Içi Bardak Tutucu Çok Fonksiyonlu Içecek Tutacağı/bardaklık,ELSE NIPPON,ELSE NİPPON,154.43,,,InStock,,,,,4.4,836,,429,"[""Son 10 Günün En Düşük Fiyatı"",""Kargo Bedava"",""Trendyol Plus'a Özel""]",7 saat 26 dakika içinde sipariş verirsen en geç yarın kargoda!,refreshed,0,https://www.trendyol.com/else-nippon/oto-arac-ici-bardak-tutucu-cok-fonksiyonlu-icecek-tutacagi-bardaklik-p-311044614?boutiqueId=61&merchantId=412407
otomobil-motosiklet:otomobil-motosiklet-cok-satanlar,69,69,,23.2,12.6,757565802,,757565802:unknown,Mega Oto Market Gözlük Tutucu Araç İçi Klipsli Universal Gözlük Kart Tutucu,Mega Oto Market,,34.9,,,InStock,3 günde 100+ ürün satıldı!,3,100,33.3,4.3,494,,,"[""Kargo Bedava""]",Tahmini Teslim:,refreshed,0,https://www.trendyol.com/mega-oto-market/gozluk-tutucu-arac-ici-klipsli-universal-gozluk-kart-tutucu-p-757565802
otomobil-motosiklet:arac-ici-aksesuar,48,148,,23.2,17.8,1062921611,1096859,1062921611:1096859,"SHOWLIGHT Vakumlu Slikon Vantuz Telefon Tutucu, Cep Telefonu İçin Yapışkanlı Kaymaz Tutucu Cama Yapışan",SHOWLIGHT,ARTEBA Global,44,48.89,,InStock,,,,,3.3,,,16,"[""Sepette %10 İndirim"",""Kargo Bedava""]",7 saat 27 dakika içinde sipariş verirsen en geç yarın kargoda!,refreshed,0,https://www.trendyol.com/showlight/vakumlu-slikon-vantuz-telefon-tutucu-cep-telefonu-icin-yapiskanli-kaymaz-tutucu-cama-yapisan-p-1062921611?boutiqueId=61&merchantId=1096859
otomobil-motosiklet:arac-ici-aksesuar,99,199,,23.2,7.8,32871185,256324,32871185:256324,Genel Markalar Araç Parktel Numaratör Oto Telefon Park Numaratörü Ön Cam Torpido Siyah ......,Genel Markalar,MorzaPazari,20.79,21,,InStock,,,,,4,592,,44,"[""Sepette %1 İndirim"",""15 TL Kupon"",""Kargo Bedava""]",7 saat 26 dakika içinde sipariş verirsen en geç yarın kargoda!,refreshed,0,https://www.trendyol.com/genel-markalar/arac-parktel-numarator-oto-telefon-park-numaratoru-on-cam-torpido-siyah-p-32871185?boutiqueId=61&merchantId=256324
otomobil-motosiklet:otomobil-motosiklet-cok-satanlar,47,47,,23.1,16.3,1131552012,,1131552012:unknown,Kitchen Time Araba Güneş Gölge Koruyucu Yenilenmiş Yansıtma Teknoloji Şemsiye Oto Ön Cam Güneşlik Araç Şemsiyesi,Kitchen Time,GLOBAL HOME,185.22,189,,InStock,3 günde 100+ ürün satıldı!,3,100,33.3,4.1,266,,266,"[""Trendyol Plus'a Özel"",""Kargo Bedava""]",7 saat 30 dakika içinde sipariş verirsen en geç yarın kargoda!,refreshed,0,https://www.trendyol.com/kitchen-time/araba-gunes-golge-koruyucu-yenilenmis-yansitma-teknoloji-semsiye-oto-on-cam-guneslik-arac-semsiyesi-p-1131552012
otomobil-motosiklet:otomobil-motosiklet-cok-satanlar,70,70,,23,12.9,213012896,,213012896:unknown,Genel Markalar Araç Yüzey Temizleme Kil Hamuru 100 GRAM,Genel Markalar,,330,,,InStock,3 günde 100+ ürün satıldı!,3,100,33.3,4.2,458,,,"[""Sepette %1 İndirim"",""Kargo Bedava""]",Tahmini Teslim:,refreshed,0,https://www.trendyol.com/genel-markalar/arac-yuzey-temizleme-kil-hamuru-100-gram-p-213012896
otomobil-motosiklet:arac-ici-aksesuar,54,154,,22.9,7.1,848919057,603209,848919057:603209,bilmel I Love You Balon Tutan Çift Minimal Torpido Aksesuarı - Sevgiliye Hediye Romantik Araba Süsü,bilmel,BİLMEL,350,,,InStock,,,,,4.6,726,,116,"[""20 TL Kupon"",""Kargo Bedava""]",7 saat 27 dakika içinde sipariş verirsen en geç yarın kargoda!,refreshed,0,https://www.trendyol.com/bilmel/i-love-you-balon-tutan-cift-minimal-torpido-aksesuari-sevgiliye-hediye-romantik-araba-susu-p-848919057?boutiqueId=61&merchantId=603209
otomobil-motosiklet:arac-ici-aksesuar,64,164,,22.8,7.2,777860666,346231,777860666:346231,mimtec Masa Üstü Tablet Ve Telefon Tutucu Stand 2 Kademeli Uzunluk Ayarlı Silikon Pedli Telefonu Tutucusu,mimtec,Mimtec,149.9,,,InStock,,,,,4.1,703,,126,"[""Kargo Bedava""]",7 saat 27 dakika içinde sipariş verirsen en geç yarın kargoda!,refreshed,0,https://www.trendyol.com/mimtec/masa-ustu-tablet-ve-telefon-tutucu-stand-2-kademeli-uzunluk-ayarli-silikon-pedli-telefonu-tutucusu-p-777860666?boutiqueId=61&merchantId=346231
otomobil-motosiklet:arac-ici-aksesuar,44,144,,22.6,10.4,53255875,386081,53255875:386081,CMT Oto Araç İçi Mandallı Gözlük Tutucu Tutacağı Gözlük Klipsi TEK,CMT,CHN GROUP,18.9,,,InStock,,,,,3.5,665,,23,"[""10 TL Kupon"",""Sepette %1 İndirim"",""Kargo Bedava""]",7 saat 27 dakika içinde sipariş verirsen en geç yarın kargoda!,refreshed,0,https://www.trendyol.com/cmt/oto-arac-ici-mandalli-gozluk-tutucu-tutacagi-gozluk-klipsi-tek-p-53255875?boutiqueId=61&merchantId=386081
otomobil-motosiklet:arac-ici-aksesuar,83,183,,22.6,7.4,284981608,185368,284981608:185368,MeyZone Araç Içi Gözlük Tutucu Oto Gözlük Tutacağı Klipsli Güneşliğe Takılan Kartvizit Tutucu,MeyZone,MeyZone,87.22,,,InStock,,,,,3.5,676,,13,"[""Sepette %1 İndirim"",""Kargo Bedava"",""Trendyol Plus'a Özel""]",7 saat 26 dakika içinde sipariş verirsen en geç yarın kargoda!,refreshed,0,https://www.trendyol.com/meyzone/arac-ici-gozluk-tutucu-oto-gozluk-tutacagi-klipsli-guneslige-takilan-kartvizit-tutucu-p-284981608?boutiqueId=61&merchantId=185368
otomobil-motosiklet:otomobil-motosiklet-cok-satanlar,40,40,,22.5,27,900649755,,900649755:unknown,İŞCAN MOTOR HAHAHA STİCKER HOLOGRAM 13x19cm,İŞCAN MOTOR,Rvell Express,33.5,,,InStock,3 günde 250+ ürün satıldı!,3,250,83.3,4.2,197,,107,"[""32 TL Kupon"",""937,28 TL Kupon"",""35 TL Kupon"",""50 TL Kupon"",""Kargo Bedava"",""Son 10 Günün En Düşük Fiyatı""]",Tahmini Teslim:,refreshed,0,https://www.trendyol.com/iscan-motor/hahaha-sticker-hologram-13x19cm-p-900649755
otomobil-motosiklet:otomobil-motosiklet-cok-satanlar,89,89,,22,16.6,458701371,,458701371:unknown,"M.Y. TASO 90x60 cm Araç Yıkama Kurulama Havlusu - Emici,Yumuşak, Hızlı Kurulama",M.Y. TASO,HUPP CLEAN,147.11,151.29,,InStock,3 günde 100+ ürün satıldı!,3,100,33.3,4.2,154,,35,"[""Son 10 Günün En Düşük Fiyatı"",""Kargo Bedava"",""Son 10 günün en düşük fiyatı""]",7 saat 29 dakika içinde sipariş verirsen en geç yarın kargoda!,refreshed,0,https://www.trendyol.com/m-y-taso/90x60-cm-arac-yikama-kurulama-havlusu-emici-yumusak-hizli-kurulama-p-458701371
otomobil-motosiklet:arac-ici-aksesuar,29,129,,22,,828875690,1301802,828875690:1301802,ZF Otomatik Şanzıman Yağı Lifeguard Fluid 8,ZF,Japon&ZEY Oto Yedek Parça,1350,,,InStock,,,,,,,,2,"[""50 TL Kupon"",""Kargo Bedava"",""Peşin Fiyatına 3 Taksit""]",Tahmini Teslim:,refreshed,0,https://www.trendyol.com/zf/otomatik-sanziman-yagi-lifeguard-fluid-8-p-828875690?merchantId=1301802
otomobil-motosiklet:arac-ici-aksesuar,31,131,,22,,1167650336,1301802,1167650336:1301802,Mann Filter Honda Civic 1.6 Dizel Filtre Bakım Seti (2013-2019) 3 Lü,Mann Filter,Japon&ZEY Oto Yedek Parça,2400,2500,,InStock,,,,,,,,,"[""Trendyol Plus'a Özel"",""Sepette %20 İndirim"",""130 TL Kupon"",""Kargo Bedava"",""Peşin Fiyatına 3 Taksit""]",Tahmini Teslim:,refreshed,0,https://www.trendyol.com/mann-filter/honda-civic-1-6-dizel-filtre-bakim-seti-2013-2019-3-lu-p-1167650336?merchantId=1301802
otomobil-motosiklet:arac-ici-aksesuar,45,145,,21.8,10.7,942688022,942892,942688022:942892,ALFAGİFT Katlanabilir Oto Güneşlik Şemsiye Araç İçi Koruma Perdesi – Numaratör Hediyeli,ALFAGİFT,Saravita,328.13,,,InStock,,,,,4.1,532,,533,"[""Kargo Bedava""]",7 saat 27 dakika içinde sipariş verirsen en geç yarın kargoda!,refreshed,0,https://www.trendyol.com/alfagift/katlanabilir-oto-guneslik-semsiye-arac-ici-koruma-perdesi-numarator-hediyeli-p-942688022?boutiqueId=61&merchantId=942892
otomobil-motosiklet:otomobil-motosiklet-cok-satanlar,90,90,,21.7,14.1,837098727,,837098727:unknown,Bylazer Motor Plakalık Isimli Kişiye Özel Lazer Kesim Takmatik Pleksi İmza Fontu ( 1 Adet ),Bylazer,OXEROM,75,,,InStock,3 günde 100+ ürün satıldı!,3,100,33.3,3.9,317,,2232,"[""Kargo Bedava""]",7 saat 29 dakika içinde sipariş verirsen en geç yarın kargoda!,refreshed,0,https://www.trendyol.com/bylazer/motor-plakalik-isimli-kisiye-ozel-lazer-kesim-takmatik-pleksi-imza-fontu-1-adet-p-837098727
otomobil-motosiklet:otomobil-motosiklet-cok-satanlar,73,73,,21.5,14.4,986700082,,986700082:unknown,AutoFresh 2 ADET ARABA KOLTUK ARKASI KANCA ÇOK FONKSİYONLU TELEFON TUTUCU ARAÇ ÇANTA ASKISI,AutoFresh,,66.66,,,InStock,3 günde 100+ ürün satıldı!,3,100,33.3,4.3,297,,,"[""Kargo Bedava""]",Tahmini Teslim:,refreshed,0,https://www.trendyol.com/autofresh/2-adet-araba-koltuk-arkasi-kanca-cok-fonksiyonlu-telefon-tutucu-arac-canta-askisi-p-986700082
otomobil-motosiklet:arac-ici-aksesuar,37,137,,21.4,21.1,1062672600,137544,1062672600:137544,İndirimKap 2 Adet Araba Koltuk Arası Düşme Engelleyici Organizer Araç İçi Telefon Tutucu Siyah Renk,İndirimKap,Eymen Ticaret,199.99,,,InStock,,,,,3.4,82,,277,"[""Kargo Bedava""]",7 saat 27 dakika içinde sipariş verirsen en geç yarın kargoda!,refreshed,0,https://www.trendyol.com/indirimkap/2-adet-araba-koltuk-arasi-dusme-engelleyici-organizer-arac-ici-telefon-tutucu-siyah-renk-p-1062672600?boutiqueId=61&merchantId=137544
otomobil-motosiklet:otomobil-motosiklet-cok-satanlar,67,67,,21.2,14.6,334677491,,334677491:unknown,Genel Markalar Aveo 4 Adet Fosforlu Yeşil Pilsiz Araba Motorsiklet Lastik Sibop Kapağı,Genel Markalar,,32,,,InStock,3 günde 100+ ürün satıldı!,3,100,33.3,3,274,,,"[""Kargo Bedava"",""Son 10 Günün En Düşük Fiyatı""]",Tahmini Teslim:,refreshed,0,https://www.trendyol.com/genel-markalar/aveo-4-adet-fosforlu-yesil-pilsiz-araba-motorsiklet-lastik-sibop-kapagi-p-334677491
otomobil-motosiklet:otomobil-motosiklet-cok-satanlar,60,60,,21.1,14.7,378080448,,378080448:unknown,Selsil Susuz Motor Temizleme Spreyi 500ML Motor Temizleyici,Selsil,,199,,,InStock,3 günde 100+ ürün satıldı!,3,100,33.3,4.5,267,,,"[""Kargo Bedava""]",Tahmini Teslim:,refreshed,0,https://www.trendyol.com/selsil/susuz-motor-temizleme-spreyi-500ml-motor-temizleyici-p-378080448
otomobil-motosiklet:arac-ici-aksesuar,78,178,,21,9,115173716,324866,115173716:324866,Havana Siyah Şişme Araç Içi Araba Ve Kamp Yatağı - Çanta Ve Pompalı Yatak Seti Araba Ve Kamp Yatağı,Havana,Reidan,1140,,,InStock,,,,,4.3,423,,554,"[""Kargo Bedava"",""Peşin Fiyatına 3 Taksit""]",,refreshed,0,https://www.trendyol.com/havana/siyah-sisme-arac-ici-araba-ve-kamp-yatagi-canta-ve-pompali-yatak-seti-araba-ve-kamp-yatagi-p-115173716?boutiqueId=61&merchantId=324866
otomobil-motosiklet:otomobil-motosiklet-cok-satanlar,78,78,,20.9,16,944554981,,944554981:unknown,Modifiyum Araç Içi Park Telefon Numarası Fosforlu Numaratör Oto Cam Kartı Siyah,Modifiyum,Modifiyum,137.61,139,,InStock,3 günde 100+ ürün satıldı!,3,100,33.3,4.7,187,,27,"[""Sepette %1 İndirim"",""Kargo Bedava""]",7 saat 29 dakika içinde sipariş verirsen en geç yarın kargoda!,refreshed,0,https://www.trendyol.com/modifiyum/arac-ici-park-telefon-numarasi-fosforlu-numarator-oto-cam-karti-siyah-p-944554981
otomobil-motosiklet:otomobil-motosiklet-cok-satanlar,77,77,,20.5,16.4,39480907,,39480907:unknown,CMT Araç Park Numaratör Numaratik Parktel Numaralık Park Tel Fosforlu,CMT,MorzaPazari,20.79,21,,InStock,3 günde 100+ ürün satıldı!,3,100,33.3,4.2,167,,4,"[""Sepette %1 İndirim"",""15 TL Kupon"",""Kargo Bedava""]",7 saat 29 dakika içinde sipariş verirsen en geç yarın kargoda!,refreshed,0,https://www.trendyol.com/cmt/arac-park-numarator-numaratik-parktel-numaralik-park-tel-fosforlu-p-39480907
otomobil-motosiklet:arac-ici-aksesuar,88,188,,20.3,9.7,1117590803,404545,1117590803:404545,BYENS Araba Ön Cam Güneşlik Araba Cam Güneşliği Otomobil Güneşlikleri Araç Gölgelik Oto İçi Katlanır Kare,BYENS,Pratik Center BYENS,563.07,,,InStock,,,,,4.5,347,,234,"[""Kargo Bedava""]",7 saat 26 dakika içinde sipariş verirsen en geç yarın kargoda!,refreshed,0,https://www.trendyol.com/byens/araba-on-cam-guneslik-araba-cam-gunesligi-otomobil-guneslikleri-arac-golgelik-oto-ici-katlanir-kare-p-1117590803?boutiqueId=61&merchantId=404545
otomobil-motosiklet:arac-ici-aksesuar,65,165,,20.2,9.8,1045716825,117925,1045716825:117925,Teknoloji Gelsin Işıklı Araç Süpürgesi Kablosuz 22.000 Pascal Çekim Gücü Vakum ve Üfleme 2in1 10Başlık Metal Filtreli,Teknoloji Gelsin,Teknoloji Gelsin,1399.99,,,InStock,,,,,4.2,333,,61,"[""Kargo Bedava"",""Peşin Fiyatına 3 Taksit""]",7 saat 27 dakika içinde sipariş verirsen en geç yarın kargoda!,refreshed,0,https://www.trendyol.com/teknoloji-gelsin/isikli-arac-supurgesi-kablosuz-22-000-pascal-cekim-gucu-vakum-ve-ufleme-2in1-10baslik-metal-filtreli-p-1045716825?boutiqueId=61&merchantId=117925
otomobil-motosiklet:arac-ici-aksesuar,58,158,,19.9,10.1,917481790,1100118,917481790:1100118,Arfseb Araç İçi Koltuk Arkası Organizer Şık Tasarım Pratik Depolama - Geniş Hazne Özel Bölmeler,Arfseb,HemenTıklaAl,199,,,InStock,,,,,4.3,306,,72,"[""Kargo Bedava""]",7 saat 27 dakika içinde sipariş verirsen en geç yarın kargoda!,refreshed,0,https://www.trendyol.com/arfseb/arac-ici-koltuk-arkasi-organizer-sik-tasarim-pratik-depolama-genis-hazne-ozel-bolmeler-p-917481790?boutiqueId=61&merchantId=1100118
otomobil-motosiklet:otomobil-motosiklet-cok-satanlar,56,56,,19.7,16.1,1082013459,,1082013459:unknown,BLACK MASTER Cam Filmi Çekme Aparatı ve Küçük Maket Bıçağı,BLACK MASTER,,142,,,InStock,3 günde 100+ ürün satıldı!,3,100,33.3,3.3,181,,,"[""Kargo Bedava""]",Tahmini Teslim:,refreshed,0,https://www.trendyol.com/black-master/cam-filmi-cekme-aparati-ve-kucuk-maket-bicagi-p-1082013459
otomobil-motosiklet:arac-ici-aksesuar,84,184,,19.7,10.3,92397097,185368,92397097:185368,MeyZone Araç Koltuk Arası Bardak Tutucu Organizer Koltuk Arası Bardaklık,MeyZone,MeyZone,142.47,,,InStock,,,,,3.9,286,,160,"[""Sepette %1 İndirim"",""Kargo Bedava"",""Trendyol Plus'a Özel""]",7 saat 26 dakika içinde sipariş verirsen en geç yarın kargoda!,refreshed,0,https://www.trendyol.com/meyzone/arac-koltuk-arasi-bardak-tutucu-organizer-koltuk-arasi-bardaklik-p-92397097?boutiqueId=61&merchantId=185368
otomobil-motosiklet:arac-ici-aksesuar,89,189,,19.7,10.3,984475058,108498,984475058:108498,Ally M2037 6000R Portatif Vakumlu Üflemeli Mini Araç Süpürgesi - Toz ve Kül Temizliği SIYAH,Ally,Akıllıphone,331.55,,,InStock,,,,,3.3,292,,123,"[""Kargo Bedava"",""Trendyol Plus'a Özel""]",7 saat 26 dakika içinde sipariş verirsen en geç yarın kargoda!,refreshed,0,https://www.trendyol.com/ally/m2037-6000r-portatif-vakumlu-uflemeli-mini-arac-supurgesi-toz-ve-kul-temizligi-siyah-p-984475058?boutiqueId=61&merchantId=108498
otomobil-motosiklet:arac-ici-aksesuar,32,132,,19.3,,1148374409,1301802,1148374409:1301802,Mann Filter Hyundai Tucson 1.6 GDI Benzinli 2015-2018 MANN Filtre Seti (3’lü ...,Mann Filter,Japon&ZEY Oto Yedek Parça,2900,3000,,InStock,,,,,,,,,"[""Trendyol Plus'a Özel"",""130 TL Kupon"",""Kargo Bedava"",""Peşin Fiyatına 3 Taksit""]",Tahmini Teslim:,refreshed,0,https://www.trendyol.com/mann-filter/hyundai-tucson-1-6-gdi-benzinli-2015-2018-mann-filtre-seti-3-lu-3-parca-karbonlu-polen-hava-yag-filtresi-yakit-yok-p-1148374409?merchantId=1301802
otomobil-motosiklet:arac-ici-aksesuar,68,168,,19.3,10.7,928917519,185368,928917519:185368,MeyZone Gri Metal Kasa Numara Çevirmeli Araç İçi Telefon Numaratör Park Numarası Parkmatik Araba Numaratör,MeyZone,MeyZone,115.74,,,InStock,,,,,4.2,255,,36,"[""Sepette %1 İndirim"",""Kargo Bedava"",""Trendyol Plus'a Özel""]",7 saat 27 dakika içinde sipariş verirsen en geç yarın kargoda!,refreshed,0,https://www.trendyol.com/meyzone/gri-metal-kasa-numara-cevirmeli-arac-ici-telefon-numarator-park-numarasi-parkmatik-araba-numarator-p-928917519?boutiqueId=61&merchantId=185368
otomobil-motosiklet:otomobil-motosiklet-cok-satanlar,92,92,,19.2,18.6,121018143,,121018143:unknown,Beatitude Oto Parkmatik Numaratik Tüm Arabalara Uygun Oto Araç Numaratör Cam Önü Aç Kapa Telefon Numarası,Beatitude,B&M MARKET,73.49,74.99,,InStock,3 günde 100+ ürün satıldı!,3,100,33.3,4,87,,12,"[""Trendyol Plus'a Özel"",""Kargo Bedava""]",7 saat 29 dakika içinde sipariş verirsen en geç yarın kargoda!,refreshed,0,https://www.trendyol.com/beatitude/oto-parkmatik-numaratik-tum-arabalara-uygun-oto-arac-numarator-cam-onu-ac-kapa-telefon-numarasi-p-121018143
otomobil-motosiklet:arac-ici-aksesuar,52,152,,19.2,10.8,1146322427,404545,1146322427:404545,BYENS Oto Branda Araba Brandası Çadırı Araç Örtüsü Tentesi Otobranda Araç Güneşlik Ön Cam Perdesi Camı Güneşliği Araç İçi Güneş Önleyici,BYENS,Pratik Center BYENS,837.04,,,InStock,,,,,4.3,248,,373,"[""Kargo Bedava""]",7 saat 27 dakika içinde sipariş verirsen en geç yarın kargoda!,refreshed,0,https://www.trendyol.com/byens/oto-branda-araba-brandasi-cadiri-arac-ortusu-tentesi-otobranda-arac-guneslik-on-cam-perdesi-cami-gunesligi-arac-ici-gunes-onleyici-p-1146322427?boutiqueId=61&merchantId=404545
otomobil-motosiklet:arac-ici-aksesuar,51,151,,19,11,888165130,1106529,888165130:1106529,Aksesuar Kasabası Silikon Vakumlu Yapışkanlı Kaymaz Vantuz Cep Telefon Tutucu,Aksesuar Kasabası,Parmend Life,24.78,,,InStock,,,,,3.9,,,78,"[""Kargo Bedava""]",7 saat 27 dakika içinde sipariş verirsen en geç yarın kargoda!,refreshed,0,https://www.trendyol.com/aksesuar-kasabasi/silikon-vakumlu-yapiskanli-kaymaz-vantuz-cep-telefon-tutucu-p-888165130?boutiqueId=61&merchantId=1106529
otomobil-motosiklet:otomobil-motosiklet-cok-satanlar,88,88,,18.3,17.5,744630874,,744630874:unknown,Monero Monster Sponsor Sticker Set A4,Monero,Özgül Reklam,35,,,InStock,3 günde 100+ ürün satıldı!,3,100,33.3,4.1,119,,68,"[""Kargo Bedava"",""Trendyol Plus'a Özel""]",7 saat 29 dakika içinde sipariş verirsen en geç yarın kargoda!,refreshed,0,https://www.trendyol.com/monero/monster-sponsor-sticker-set-a4-p-744630874
otomobil-motosiklet:arac-ici-aksesuar,40,140,,18.3,16.7,809622308,108498,809622308:108498,Ally Z1S Araç İçi Havalandırma Telefon Tutucu SİYAH,Ally,Akıllıphone,178.42,,,InStock,,,,,4.3,191,,131,"[""Kargo Bedava"",""Trendyol Plus'a Özel""]",7 saat 27 dakika içinde sipariş verirsen en geç yarın kargoda!,refreshed,0,https://www.trendyol.com/ally/z1s-arac-ici-havalandirma-telefon-tutucu-siyah-p-809622308?boutiqueId=61&merchantId=108498
otomobil-motosiklet:arac-ici-aksesuar,92,192,,18.3,11.7,979910996,267809,979910996:267809,klovi İthal Çiçekli Araç İçi Telefon Tutucu,klovi,klovi,627.44,,,InStock,,,,,4.4,192,,109,[],7 saat 26 dakika içinde sipariş verirsen en geç yarın kargoda!,refreshed,0,https://www.trendyol.com/klovi/ithal-cicekli-arac-ici-telefon-tutucu-p-979910996?boutiqueId=61&merchantId=267809
otomobil-motosiklet:arac-ici-aksesuar,100,200,,18.3,12.7,1076490695,867640,1076490695:867640,Modifiyum Araç Içi Renkli Işıklı Küllük Renkli Işıklı Kapaklı Araba Küllüğü Oto Küllük RGB Işıklı,Modifiyum,Modifiyum,325.71,329,,InStock,,,,,4.5,143,,44,"[""Sepette %1 İndirim"",""Kargo Bedava""]",7 saat 26 dakika içinde sipariş verirsen en geç yarın kargoda!,refreshed,0,https://www.trendyol.com/modifiyum/arac-ici-renkli-isikli-kulluk-renkli-isikli-kapakli-araba-kullugu-oto-kulluk-rgb-isikli-p-1076490695?boutiqueId=61&merchantId=867640
otomobil-motosiklet:otomobil-motosiklet-cok-satanlar,46,46,,18.1,20.7,1183265877,,1183265877:unknown,Pi Dekorasyon KİŞİYE ÖZEL UV BASKILI OTO PLAKALIK 2 ADET,Pi Dekorasyon,Pi Dekorasyon,197.01,199,,InStock,3 günde 100+ ürün satıldı!,3,100,33.3,4.9,84,,110,"[""Sepette %1 İndirim"",""Kargo Bedava"",""Trendyol Plus'a Özel""]",7 saat 30 dakika içinde sipariş verirsen en geç yarın kargoda!,refreshed,0,https://www.trendyol.com/pi-dekorasyon/kisiye-ozel-uv-baskili-oto-plakalik-2-adet-p-1183265877
otomobil-motosiklet:otomobil-motosiklet-cok-satanlar,80,80,,18.1,19,967667389,,967667389:unknown,Popidima Katlanabilir Araba Ön Cam Güneşlik Metalize Isı Yalıtımlı Yazlık Araba Güneşliği - 150x70cm,Popidima,Popidima,74,74.99,,InStock,3 günde 100+ ürün satıldı!,3,100,33.3,4,77,,98,"[""Trendyol Plus'a Özel"",""Kargo Bedava""]",7 saat 29 dakika içinde sipariş verirsen en geç yarın kargoda!,refreshed,0,https://www.trendyol.com/popidima/katlanabilir-araba-on-cam-guneslik-metalize-isi-yalitimli-yazlik-araba-gunesligi-150x70cm-p-967667389
otomobil-motosiklet:arac-ici-aksesuar,56,156,,17.9,12.1,283244067,246399,283244067:246399,Apexi Her Araca Uyumlu Araç Içi Ayak Aydınlatma Ambıans 12 Led 8 Renk,Apexi,Koza Gift,325,,,InStock,,,,,4.1,174,,196,"[""Sepette %1 İndirim"",""Kargo Bedava""]",7 saat 27 dakika içinde sipariş verirsen en geç yarın kargoda!,refreshed,0,https://www.trendyol.com/apexi/her-araca-uyumlu-arac-ici-ayak-aydinlatma-ambians-12-led-8-renk-p-283244067?boutiqueId=61&merchantId=246399
otomobil-motosiklet:arac-ici-aksesuar,66,166,,17.9,12.1,1079558872,110546,1079558872:110546,Fibaks MagSafe Uyumlu Yapışkanlı Metal Halka 3'lü Paket Tüm Telefonlar Kılıflar İçin Güçlü Manyetik Adaptör,Fibaks,Fibaks,199.99,,,InStock,,,,,4.4,,,77,"[""Kargo Bedava""]",27 dakika 4 saniye içinde sipariş verirsen en geç bugün kargoda!,refreshed,0,https://www.trendyol.com/fibaks/magsafe-uyumlu-yapiskanli-metal-halka-3-lu-paket-tum-telefonlar-kiliflar-icin-guclu-manyetik-adaptor-p-1079558872?boutiqueId=61&merchantId=110546
otomobil-motosiklet:otomobil-motosiklet-cok-satanlar,57,57,,17.8,18,981567834,,981567834:unknown,Genel Markalar Silikonlu Vantuz Beyaz ve Pembe Telefon Vantuz Tutucu 2 Adet,Genel Markalar,,48,,,InStock,3 günde 100+ ürün satıldı!,3,100,33.3,4.1,103,,,"[""Kargo Bedava""]",Tahmini Teslim:,refreshed,0,https://www.trendyol.com/genel-markalar/silikonlu-vantuz-beyaz-ve-pembe-telefon-vantuz-tutucu-2-adet-p-981567834
otomobil-motosiklet:otomobil-motosiklet-cok-satanlar,98,98,,17.8,18.1,812483428,,812483428:unknown,"Rex Aksesuar 8 X 1,7 Cm Çok Güzelsin Oto Sticker Araba Cam Sticker",Rex Aksesuar,Rex Aksesuar,14.99,,,InStock,3 günde 100+ ürün satıldı!,3,100,33.3,4.4,102,,20,"[""699,88 TL Kupon"",""Kargo Bedava"",""Trendyol Plus'a Özel""]",7 saat 28 dakika içinde sipariş verirsen en geç yarın kargoda!,refreshed,0,https://www.trendyol.com/rex-aksesuar/8-x-1-7-cm-cok-guzelsin-oto-sticker-araba-cam-sticker-p-812483428
otomobil-motosiklet:otomobil-motosiklet-cok-satanlar,84,84,,17.2,18.6,982830430,,982830430:unknown,İK Kuzey Araba Çöp Kutusu – Araç İçi Kapaklı Taşınabilir Organizer Kova,İK Kuzey,İK Kuzey,74.9,,,InStock,3 günde 100+ ürün satıldı!,3,100,33.3,3.8,86,,6,"[""Kargo Bedava""]",7 saat 29 dakika içinde sipariş verirsen en geç yarın kargoda!,refreshed,0,https://www.trendyol.com/ik-kuzey/araba-cop-kutusu-arac-ici-kapakli-tasinabilir-organizer-kova-p-982830430
otomobil-motosiklet:otomobil-motosiklet-cok-satanlar,85,85,,17,18.9,1134431293,,1134431293:unknown,SRKOC Standart Beden Dokunmatik Motor Eldiveni,SRKOC,SRKOC,390,,,InStock,3 günde 100+ ürün satıldı!,3,100,33.3,4,81,,73,"[""Kargo Bedava""]",7 saat 29 dakika içinde sipariş verirsen en geç yarın kargoda!,refreshed,0,https://www.trendyol.com/srkoc/standart-beden-dokunmatik-motor-eldiveni-p-1134431293
otomobil-motosiklet:otomobil-motosiklet-cok-satanlar,66,66,,16.8,20,40782593,,40782593:unknown,Genel Markalar Lastik Yama 24 Lü Iç Lastik Tamir Kiti Şamyel Soğuk Yama Seti,Genel Markalar,,47.03,47.51,,InStock,3 günde 100+ ürün satıldı!,3,100,33.3,4.1,58,,,"[""Sepette %1 İndirim"",""Kargo Bedava""]",Tahmini Teslim:,refreshed,0,https://www.trendyol.com/genel-markalar/lastik-yama-24-lu-ic-lastik-tamir-kiti-samyel-soguk-yama-seti-p-40782593
otomobil-motosiklet:otomobil-motosiklet-cok-satanlar,79,79,,16.8,19,190138290,,190138290:unknown,Genel Markalar By Erek 115gr 35x50cm Baskısız 50 Adet Kraft Kağıt Oto Paspas (1 KG),Genel Markalar,ORCOPY,35.5,,,InStock,3 günde 100+ ürün satıldı!,3,100,33.3,4.1,78,,22,"[""Kargo Bedava""]",7 saat 29 dakika içinde sipariş verirsen en geç yarın kargoda!,refreshed,0,https://www.trendyol.com/genel-markalar/by-erek-115gr-35x50cm-baskisiz-50-adet-kraft-kagit-oto-paspas-1-kg-p-190138290
otomobil-motosiklet:arac-ici-aksesuar,74,174,,16.8,18.2,1133557870,1003631,1133557870:1003631,BEVATİR Civciv Figürlü Araç Klima Aksesuarı-Koku Hazneli-Torpido Aksesuar,BEVATİR,BEVATİR,189,199,,InStock,,,,,4.5,29,,,"[""Son 10 Günün En Düşük Fiyatı"",""Kargo Bedava"",""Son 10 günün en düşük fiyatı""]",7 saat 26 dakika içinde sipariş verirsen en geç yarın kargoda!,refreshed,0,https://www.trendyol.com/bevatir/civciv-figurlu-arac-klima-aksesuari-koku-hazneli-torpido-aksesuar-p-1133557870?boutiqueId=61&merchantId=1003631
otomobil-motosiklet:arac-ici-aksesuar,75,175,,16.8,13.2,969331139,555700,969331139:555700,"DecoVera 1 Adet Sevimli Mini Beyaz Yatan Kedi Figürü, Araba Süsü, Dekor, Masa Dekoru, Torpido Aksesuarı",DecoVera,GMD TECH,34.9,,,InStock,,,,,4.2,126,,29,"[""Kargo Bedava""]",7 saat 26 dakika içinde sipariş verirsen en geç yarın kargoda!,refreshed,0,https://www.trendyol.com/decovera/1-adet-sevimli-mini-beyaz-yatan-kedi-figuru-araba-susu-dekor-masa-dekoru-torpido-aksesuari-p-969331139?boutiqueId=61&merchantId=555700
otomobil-motosiklet:arac-ici-aksesuar,49,149,,16.5,14,333502813,404545,333502813:404545,BYENS Oto Güneşlik Perde Araba Yan Cam Perdesi Önleyici Araç Içi Güneşliği Için Güneş Sinekliği,BYENS,Pratik Center BYENS,179.82,,,InStock,,,,,4.3,116,,234,"[""Kargo Bedava""]",7 saat 27 dakika içinde sipariş verirsen en geç yarın kargoda!,refreshed,0,https://www.trendyol.com/byens/oto-guneslik-perde-araba-yan-cam-perdesi-onleyici-arac-ici-gunesligi-icin-gunes-sinekligi-p-333502813?boutiqueId=61&merchantId=404545
otomobil-motosiklet:arac-ici-aksesuar,59,159,,16.5,13.5,1073308677,1047736,1073308677:1047736,ÖZGÜL REKLAM Tom ve Jerry Gaz Kapağı Sticker Araba sticker / Motor Sticker / Laptop Sticker,ÖZGÜL REKLAM,Özgül Reklam,50,,,InStock,,,,,4.7,115,,27,"[""Kargo Bedava"",""Trendyol Plus'a Özel""]",7 saat 27 dakika içinde sipariş verirsen en geç yarın kargoda!,refreshed,0,https://www.trendyol.com/ozgul-reklam/tom-ve-jerry-gaz-kapagi-sticker-araba-sticker-motor-sticker-laptop-sticker-p-1073308677?boutiqueId=61&merchantId=1047736
otomobil-motosiklet:arac-ici-aksesuar,79,179,,16.3,13.7,217366182,576149,217366182:576149,Genel Markalar Telefon Tutacağı Duvara Monte Tv Kumandası Klima Kumandası Asma Aparatı,Genel Markalar,SAVORY HOME,44,,,InStock,,,,,3.5,108,,47,"[""Sepette %1 İndirim"",""Kargo Bedava""]",,refreshed,0,https://www.trendyol.com/genel-markalar/telefon-tutacagi-duvara-monte-tv-kumandasi-klima-kumandasi-asma-aparati-p-217366182?boutiqueId=61&merchantId=576149
otomobil-motosiklet:otomobil-motosiklet-cok-satanlar,42,42,,15.7,24.1,1066224920,,1066224920:unknown,"OVERMAX Tatlı Tavşan Çift Sert Plastik Araba Süsü, Çift Hediye, Minik Süs, Tavşan Çift",OVERMAX,Past Store,19.9,,,InStock,3 günde 100+ ürün satıldı!,3,100,33.3,4.3,56,,22,"[""Kargo Bedava""]",30 dakika 20 saniye içinde sipariş verirsen en geç bugün kargoda!,refreshed,0,https://www.trendyol.com/overmax/tatli-tavsan-cift-sert-plastik-araba-susu-cift-hediye-minik-sus-tavsan-cift-p-1066224920
otomobil-motosiklet:arac-ici-aksesuar,77,177,,15.4,14.6,1033430361,620946,1033430361:620946,Banxtre Motor için El Sueno Del Nino Sticker (Bir Çocuğun Rüyası) Sticker Etiket (15CMx2.5CM),Banxtre,Banxtre,24.9,,,InStock,,,,,3.9,,,31,"[""Kargo Bedava"",""Trendyol Plus'a Özel""]",7 saat 26 dakika içinde sipariş verirsen en geç yarın kargoda!,refreshed,0,https://www.trendyol.com/banxtre/motor-icin-el-sueno-del-nino-sticker-bir-cocugun-ruyasi-sticker-etiket-15cmx2-5cm-p-1033430361?boutiqueId=61&merchantId=620946
otomobil-motosiklet:arac-ici-aksesuar,60,160,,15.3,14.7,1117376980,438273,1117376980:438273,Arnee Araç İçi Koltuk Arkası Organizer Koruyucu Kılıf Eşya Düzenleyici Tablet Tutucu Organizer,Arnee,AYACO TREND,337.25,,,InStock,,,,,3.9,81,,28,"[""Kargo Bedava"",""Trendyol Plus'a Özel""]",7 saat 27 dakika içinde sipariş verirsen en geç yarın kargoda!,refreshed,0,https://www.trendyol.com/arnee/arac-ici-koltuk-arkasi-organizer-koruyucu-kilif-esya-duzenleyici-tablet-tutucu-organizer-p-1117376980?boutiqueId=61&merchantId=438273
otomobil-motosiklet:arac-ici-aksesuar,34,134,,15.1,,1186054265,1301802,1186054265:1301802,ZF LİFEGUARD FLUİD 6 OTOMATİK ŞANZIMAN YAĞI (6 ADET) 6HP,ZF,Japon&ZEY Oto Yedek Parça,7750,8000,,InStock,,,,,,,,,"[""130 TL Kupon"",""Kargo Bedava"",""Peşin Fiyatına 6 Taksit""]",Tahmini Teslim:,refreshed,0,https://www.trendyol.com/zf/lifeguard-fluid-6-otomatik-sanziman-yagi-6-adet-6hp-p-1186054265?merchantId=1301802
otomobil-motosiklet:arac-ici-aksesuar,76,176,,14.8,15.2,938862717,620946,938862717:620946,Banxtre Motor için Roll Yazılı Beyaz Renk Sticker Etiket (8CMx1CM),Banxtre,Banxtre,24.15,,,InStock,,,,,4.2,70,,24,"[""Kargo Bedava"",""Trendyol Plus'a Özel""]",7 saat 26 dakika içinde sipariş verirsen en geç yarın kargoda!,refreshed,0,https://www.trendyol.com/banxtre/motor-icin-roll-yazili-beyaz-renk-sticker-etiket-8cmx1cm-p-938862717?boutiqueId=61&merchantId=620946
otomobil-motosiklet:arac-ici-aksesuar,91,191,,14.6,15.4,1132178096,688974,1132178096:688974,LELVANİ Araba Çöp Kutusu 2’li Set Araç İçi Kapaklı Çöp Kovası Taşınabilir Oto Organizer Siyah,LELVANİ,İK Kuzey,154.9,,,InStock,,,,,4.1,65,,15,"[""Kargo Bedava""]",7 saat 26 dakika içinde sipariş verirsen en geç yarın kargoda!,refreshed,0,https://www.trendyol.com/lelvani/araba-cop-kutusu-2-li-set-arac-ici-kapakli-cop-kovasi-tasinabilir-oto-organizer-siyah-p-1132178096?boutiqueId=61&merchantId=688974
otomobil-motosiklet:arac-ici-aksesuar,93,193,,14.3,15.7,945131580,111284,945131580:111284,Azrua Yaldızlı Açık Mavi Turkuaz Kaplumbağa Nazar Boncuklu Araba Ayna Süsü Araba Nazarlık Nazar Koruması,Azrua,AZRUA,175,,,InStock,,,,,4.6,61,,10,"[""Kargo Bedava""]",7 saat 26 dakika içinde sipariş verirsen en geç yarın kargoda!,refreshed,0,https://www.trendyol.com/azrua/yaldizli-acik-mavi-turkuaz-kaplumbaga-nazar-boncuklu-araba-ayna-susu-araba-nazarlik-nazar-korumasi-p-945131580?boutiqueId=61&merchantId=111284
otomobil-motosiklet:arac-ici-aksesuar,61,161,,13.9,16.1,1062921786,841196,1062921786:841196,"Q Aksesuar Vakumlu Slikon Vantuz Telefon Tutucu, Cep Telefonu İçin Yapışkanlı Kaymaz Tutucu Cama Yapışan vantuz",Q Aksesuar,Q Aksesuar,34.9,,,InStock,,,,,4.1,,,17,"[""Kargo Bedava""]",7 saat 27 dakika içinde sipariş verirsen en geç yarın kargoda!,refreshed,0,https://www.trendyol.com/q-aksesuar/vakumlu-slikon-vantuz-telefon-tutucu-cep-telefonu-icin-yapiskanli-kaymaz-tutucu-cama-yapisan-vantuz-p-1062921786?boutiqueId=61&merchantId=841196
otomobil-motosiklet:arac-ici-aksesuar,73,173,,13.7,16.3,888165117,1195705,888165117:1195705,Aksesuar Kasabası Silikon Vakumlu Yapışkanlı Kaymaz Vantuz Cep Telefon Tutucu,Aksesuar Kasabası,Trend Pazarlama ve Toptan Satış,26,,,InStock,,,,,3.9,,,29,"[""Kargo Bedava"",""Son 10 Günün En Düşük Fiyatı""]",7 saat 26 dakika içinde sipariş verirsen en geç yarın kargoda!,refreshed,0,https://www.trendyol.com/aksesuar-kasabasi/silikon-vakumlu-yapiskanli-kaymaz-vantuz-cep-telefon-tutucu-p-888165117?boutiqueId=61&merchantId=1195705
otomobil-motosiklet:otomobil-motosiklet-cok-satanlar,74,74,,13,22.8,1177750491,,1177750491:unknown,DetailX 23 Parça Ultra Premium Oto Bakım ve Motorsiklet Yıkama Seti Dolu Dolu Tek Set,DetailX,,849,,,InStock,3 günde 100+ ürün satıldı!,3,100,33.3,4.6,25,,,"[""Kargo Bedava"",""699 TL Kupon"",""60 TL Kupon"",""Trendyol Plus'a Özel""]",Tahmini Teslim:,refreshed,0,https://www.trendyol.com/detailx/23-parca-ultra-premium-oto-bakim-ve-motorsiklet-yikama-seti-dolu-dolu-tek-set-p-1177750491
otomobil-motosiklet:arac-ici-aksesuar,47,147,,13,18.5,1108696361,1236820,1108696361:1236820,EVELLA HOME Oto Bagaj Düzenleyici Organizer Çanta 50x25x15 cm Katlanabilir Araç Bagaj Çantası,EVELLA HOME,Evella Home,155.19,,,InStock,,,,,4.1,41,,12,"[""Kargo Bedava""]",7 saat 27 dakika içinde sipariş verirsen en geç yarın kargoda!,refreshed,0,https://www.trendyol.com/evella-home/oto-bagaj-duzenleyici-organizer-canta-50x25x15-cm-katlanabilir-arac-bagaj-cantasi-p-1108696361?boutiqueId=61&merchantId=1236820
otomobil-motosiklet:arac-ici-aksesuar,87,187,,12.5,17.5,980144619,841196,980144619:841196,"Q Aksesuar Vakumlu Telefon Tutucu 2’li Set – Vantuzlu Kaymaz Telefon Sabitleyici, Silikon Yapışkanlı Tutucu",Q Aksesuar,Q Aksesuar,49.9,,,InStock,,,,,3.6,,,10,"[""Kargo Bedava""]",7 saat 26 dakika içinde sipariş verirsen en geç yarın kargoda!,refreshed,0,https://www.trendyol.com/q-aksesuar/vakumlu-telefon-tutucu-2-li-set-vantuzlu-kaymaz-telefon-sabitleyici-silikon-yapiskanli-tutucu-p-980144619?boutiqueId=61&merchantId=841196
otomobil-motosiklet:arac-ici-aksesuar,94,194,,11.7,18.3,1161153204,108627,1161153204:108627,Dust Araba Bagaj Çantası – 60x30x30cm Oto Bagaj Organizer Kapaklı Cırtlı Düzenleyici,Dust,ByLizard,692.37,,,InStock,,,,,4.3,28,,10,"[""Kargo Bedava""]",7 saat 26 dakika içinde sipariş verirsen en geç yarın kargoda!,refreshed,0,https://www.trendyol.com/dust/araba-bagaj-cantasi-60x30x30cm-oto-bagaj-organizer-kapakli-cirtli-duzenleyici-p-1161153204?boutiqueId=61&merchantId=108627
otomobil-motosiklet:arac-ici-aksesuar,43,143,,11.6,21.9,1157868565,130527,1157868565:130527,Venenon Araç İçi Tutucu 360 Dönebilen Ayarlanabilir Vakumlu Magsafe İphone Android Telefon Tutucu K007 Siyah,Venenon,zubizubi,152.48,,,InStock,,,,,4,,,17,"[""Kargo Bedava"",""Trendyol Plus'a Özel""]",7 saat 27 dakika içinde sipariş verirsen en geç yarın kargoda!,refreshed,0,https://www.trendyol.com/venenon/arac-ici-tutucu-360-donebilen-ayarlanabilir-vakumlu-magsafe-iphone-android-telefon-tutucu-k007-siyah-p-1157868565?boutiqueId=61&merchantId=130527
otomobil-motosiklet:arac-ici-aksesuar,98,198,,10.6,19.4,1131780902,1143469,1131780902:1143469,Genel Markalar Profesyonel Masaüstü Tablet Ve Telefon Tutucu Stand 2 Kademeli Uzunluk Ayarlı Beyaz Beyaz Belirtilme,Genel Markalar,Elsa Home,75,,,InStock,,,,,3.9,20,,8,"[""Sepette %1 İndirim"",""129,90 TL Kupon"",""Kargo Bedava"",""Son 10 Günün En Düşük Fiyatı""]",7 saat 26 dakika içinde sipariş verirsen en geç yarın kargoda!,refreshed,0,https://www.trendyol.com/genel-markalar/profesyonel-masaustu-tablet-ve-telefon-tutucu-stand-2-kademeli-uzunluk-ayarli-beyaz-beyaz-belirtilme-p-1131780902?boutiqueId=61&merchantId=1143469
otomobil-motosiklet:arac-ici-aksesuar,97,197,,10,20,1128519919,673550,1128519919:673550,Bundeba Fiyonk Pembe Oto Boyun Yastığı 2x Adet Welsoft Peluş Ortopedik Araç Destek Boyun Yastığı Yastık,Bundeba,Bundeba,379.05,,,InStock,,,,,4.9,17,,3,"[""Kargo Bedava"",""Trendyol Plus'a Özel""]",7 saat 26 dakika içinde sipariş verirsen en geç yarın kargoda!,refreshed,0,https://www.trendyol.com/bundeba/fiyonk-pembe-oto-boyun-yastigi-2x-adet-welsoft-pelus-ortopedik-arac-destek-boyun-yastigi-yastik-p-1128519919?boutiqueId=61&merchantId=673550
otomobil-motosiklet:arac-ici-aksesuar,55,155,,9.8,20.2,1160915665,647224,1160915665:647224,Popidima Oto Araç Içi Bardak Tutucu Çok Fonksiyonlu Içecek Tutacağı/bardaklık Car Cup Holder,Popidima,Popidima,74.99,,,InStock,,,,,4.1,16,,20,"[""Kargo Bedava""]",7 saat 27 dakika içinde sipariş verirsen en geç yarın kargoda!,refreshed,0,https://www.trendyol.com/popidima/oto-arac-ici-bardak-tutucu-cok-fonksiyonlu-icecek-tutacagi-bardaklik-car-cup-holder-p-1160915665?boutiqueId=61&merchantId=647224
otomobil-motosiklet:otomobil-motosiklet-cok-satanlar,63,63,,4.7,,1033430358,,1033430358:unknown,Banxtre Motor için El Sueno Del Nino Sticker (Bir Çocuğun Rüyası) Sticker Etiket (15CMx2.5CM),Banxtre,,24.15,24.9,,InStock,3 günde 100+ ürün satıldı!,3,100,33.3,,,,,"[""Trendyol Plus'a Özel"",""Kargo Bedava""]",Tahmini Teslim:,refreshed,0,https://www.trendyol.com/banxtre/motor-icin-el-sueno-del-nino-sticker-bir-cocugun-ruyasi-sticker-etiket-15cmx2-5cm-p-1033430358
otomobil-motosiklet:arac-ici-aksesuar,72,172,,4.4,27.6,1166649387,919254,1166649387:919254,SHHOBİ Kırmızı Kurdele Araba Klima Süsü - Kırmızı Fiyonk Torpido Süsü Torpido Aksesuar Klipsli 1 Adet,SHHOBİ,SHHOBİ LAB,32.33,32.99,,InStock,,,,,4.5,1,,1,"[""Sepette %2 İndirim"",""Kargo Bedava""]",7 saat 26 dakika içinde sipariş verirsen en geç yarın kargoda!,refreshed,0,https://www.trendyol.com/shhobi/kirmizi-kurdele-araba-klima-susu-kirmizi-fiyonk-torpido-susu-torpido-aksesuar-klipsli-1-adet-p-1166649387?boutiqueId=61&merchantId=919254
otomobil-motosiklet:otomobil-motosiklet-cok-satanlar,51,51,,1.7,,932635719,,932635719:unknown,Fibaks 360 Dönebilen Araç İçi Telefon Tutucu Vakumlu Magsafe Destekli Masa Üstü Duvar Telefon Tutucu,Fibaks,Fibaks,199.99,,,InStock,3 günde 100+ ürün satıldı!,3,100,33.3,,,,,[],30 dakika 7 saniye içinde sipariş verirsen en geç bugün kargoda!,refreshed,0,https://www.trendyol.com/fibaks/360-donebilen-arac-ici-telefon-tutucu-vakumlu-magsafe-destekli-masa-ustu-duvar-telefon-tutucu-p-932635719
