date,captured_at,query,sort,source_segment,source_query,segment_position,source_page,search_position,bestseller_rank,category_rank,rank_scope,rank_scope_position,rank_delta,trend_score,niche_score,product_id,merchant_id,offer_key,title,brand,category,url,seller_name,seller_score,price,original_price,discount_percent,price_delta_percent,currency,campaigns,stock_status,stock_signal,sales_signal,sales_signal_days,sales_signal_min,sales_signal_daily_min,rating,rating_count,review_count,review_delta,question_count,basket_signal,favorite_signal,view_signal,shipping_cost,shipping_currency,handling_days_min,handling_days_max,transit_days_min,transit_days_max,delivery_summary,badge,image_url,properties,sample_review_count,sample_review_avg,detail_status,detail_selection,detail_attempted,detail_refreshed_at,detail_age_days,data_sources,field_availability,detail_ok,detail_error
2026-08-20,2026-08-20T17:07:31+03:00,hobi,BEST_SELLER,hobi-cok-satanlar,Trendyol Hobi / Çok Satanlar,1,1,1,1,1,hobi:hobi-cok-satanlar,1,,126.2,86.3,1161046253,,1161046253:unknown,Genel Markalar BÜYÜK BOY 25 CM Katlanır Kore yelpaze Serinlik,Genel Markalar,Konsept Hediyelik,https://www.trendyol.com/genel-markalar/buyuk-boy-25-cm-katlanir-kore-yelpaze-serinlik-p-1161046253,,,24,,,,TRY,[],InStock,,3 günde 2B+ ürün satıldı!,3,2000,666.7,3.9,320,185,,,,,,4999,TRY,0,1,1,4,,,https://cdn.dsmcdn.com/ty1943/prod/QC_ENRICHMENT/20260703/17/2874d40d-51d0-3174-b816-bfe7c456f331/1_org_zoom.jpg,{},20,5,refreshed,"[""daily_top""]",true,2026-08-20T17:07:31+03:00,0,"[""search_result_dom"",""product_detail_jsonld"",""product_detail_dom""]","{""title"":""observed"",""brand"":""observed"",""seller_name"":""unavailable"",""seller_score"":""unavailable"",""price"":""observed"",""original_price"":""unavailable"",""campaigns"":""unavailable"",""stock_status"":""observed"",""stock_signal"":""unavailable"",""rating"":""observed"",""rating_count"":""observed"",""review_count"":""observed"",""question_count"":""unavailable"",""delivery_summary"":""unavailable"",""shipping_cost"":""observed"",""properties"":""observed""}",true,
2026-08-20,2026-08-20T17:07:31+03:00,hobi,BEST_SELLER,hobi-cok-satanlar,Trendyol Hobi / Çok Satanlar,2,1,2,2,2,hobi:hobi-cok-satanlar,2,,101,,1151344992,,1151344992:unknown,ecrin tuhafiye hobi Beyaz Düğün Arabası Süsü Gelin Arabası Konvoy Süsü & Bohça Süsü 1 Adet,ecrin tuhafiye hobi,,https://www.trendyol.com/ecrin-tuhafiye-hobi/beyaz-dugun-arabasi-susu-gelin-arabasi-konvoy-susu-bohca-susu-1-adet-p-1151344992,,,49.5,,,,TRY,[],InStock,,"3 günde 1,5B+ ürün satıldı!",3,1500,500,,,,,,,,,,,0,,,,,,,{},0,,refreshed,"[""daily_top""]",true,2026-08-20T17:07:31+03:00,0,"[""search_result_dom"",""product_detail_jsonld"",""product_detail_dom""]","{""title"":""observed"",""brand"":""observed"",""seller_name"":""unavailable"",""seller_score"":""unavailable"",""price"":""observed"",""original_price"":""unavailable"",""campaigns"":""unavailable"",""stock_status"":""observed"",""stock_signal"":""unavailable"",""rating"":""unavailable"",""rating_count"":""unavailable"",""review_count"":""unavailable"",""question_count"":""unavailable"",""delivery_summary"":""unavailable"",""shipping_cost"":""unavailable"",""properties"":""observed""}",true,
2026-08-20,2026-08-20T17:07:31+03:00,hobi,BEST_SELLER,hobi-cok-satanlar,Trendyol Hobi / Çok Satanlar,3,1,3,3,3,hobi:hobi-cok-satanlar,3,,142.2,65.2,82309248,,82309248:unknown,"sgeteknoloji Hareket Sensörlü 16 Led 400mah Şarjlı 2 Renk Beyaz Ve Gün Işığı Led Auto Dolap Içi, Koridor Type-c.",sgeteknoloji,Led Işık,https://www.trendyol.com/sgeteknoloji/hareket-sensorlu-16-led-400mah-sarjli-2-renk-beyaz-ve-gun-isigi-led-auto-dolap-ici-koridor-type-c-p-82309248,,,160.01,199,19.6,,TRY,"[""Trendyol Plus'a Özel""]",InStock,,3 günde 1B+ ürün satıldı!,3,1000,333.3,4.6,16412,9873,,,,,,4999,TRY,0,1,1,4,,,https://cdn.dsmcdn.com/ty1679/prod/QC/20250516/09/1aecd017-72fa-3110-847e-1ec39d172c81/1_org_zoom.jpg,"{""Ebatlar"":""Tek Ebat"",""Renk"":""Beyaz"",""Menşei"":""CN"",""Batarya Türü"":""Lityum-iyon"",""Özellik"":""Solar"",""Enerji Tasarrufu"":""Var""}",20,5,refreshed,"[""daily_top""]",true,2026-08-20T17:07:31+03:00,0,"[""search_result_dom"",""product_detail_jsonld"",""product_detail_dom""]","{""title"":""observed"",""brand"":""observed"",""seller_name"":""unavailable"",""seller_score"":""unavailable"",""price"":""observed"",""original_price"":""observed"",""campaigns"":""observed"",""stock_status"":""observed"",""stock_signal"":""unavailable"",""rating"":""observed"",""rating_count"":""observed"",""review_count"":""observed"",""question_count"":""unavailable"",""delivery_summary"":""unavailable"",""shipping_cost"":""observed"",""properties"":""observed""}",true,
2026-08-20,2026-08-20T17:07:31+03:00,hobi,BEST_SELLER,hobi-cok-satanlar,Trendyol Hobi / Çok Satanlar,4,1,4,4,4,hobi:hobi-cok-satanlar,4,,132.1,55.4,1158339621,,1158339621:unknown,HİROS'H Yeni Otomatik Açılan Katlanabilir Yuvarlak Yelpaze Çantalı Taşınabilir Mini Kore Yelpazesi,HİROS'H,Konsept Hediyelik,https://www.trendyol.com/hiros-h/yeni-otomatik-acilan-katlanabilir-yuvarlak-yelpaze-cantali-tasinabilir-mini-kore-yelpazesi-p-1158339621,HİROSH,92,33.34,49.99,33.3,,TRY,"[""Son 10 Günün En Düşük Fiyatı"",""Kargo Bedava"",""Son 10 günün en düşük fiyatı""]",InStock,100 adetten fazla stok sunulmuştur,3 günde 500+ ürün satıldı!,3,500,166.7,4.1,376,201,,124,"5,8B kişinin sepetinde","37,8B kişi favoriledi","Son 24 saatte 4,6B kişi görüntüledi",4999,TRY,0,1,1,4,6 saat 51 dakika içinde sipariş verirsen en geç yarın kargoda!,,https://cdn.dsmcdn.com/ty1921/prod/QC_PREP/20260619/19/7d2cec22-885e-30e1-87cf-7041446b23dc/1_org_zoom.jpg,"{""Menşei"":""TR""}",20,5,refreshed,"[""daily_top""]",true,2026-08-20T17:07:31+03:00,0,"[""search_result_dom"",""product_detail_jsonld"",""product_detail_dom""]","{""title"":""observed"",""brand"":""observed"",""seller_name"":""observed"",""seller_score"":""observed"",""price"":""observed"",""original_price"":""observed"",""campaigns"":""observed"",""stock_status"":""observed"",""stock_signal"":""observed"",""rating"":""observed"",""rating_count"":""observed"",""review_count"":""observed"",""question_count"":""observed"",""delivery_summary"":""observed"",""shipping_cost"":""observed"",""properties"":""observed""}",true,
2026-08-20,2026-08-20T17:07:31+03:00,hobi,BEST_SELLER,hobi-cok-satanlar,Trendyol Hobi / Çok Satanlar,5,1,5,5,5,hobi:hobi-cok-satanlar,5,,100.6,53.1,835526750,,835526750:unknown,Öz-bal Çift Taraflı Yapışkan Balon Yapıştırma Bandı Sticker Damla Modeli Ve Uçan Balon Aparatı Yapıştırıcı,Öz-bal,Balon Zinciri,https://www.trendyol.com/oz-bal/cift-tarafli-yapiskan-balon-yapistirma-bandi-sticker-damla-modeli-ve-ucan-balon-aparati-yapistirici-p-835526750,FortyFour Shop,9,48.99,49.99,2,,TRY,"[""Sepette %2 İndirim"",""Kargo Bedava""]",InStock,100 adetten fazla stok sunulmuştur,3 günde 500+ ürün satıldı!,3,500,166.7,4.2,723,340,,83,1B kişinin sepetinde,"28,2B kişi favoriledi",Son 24 saatte 463 kişi görüntüledi,4999,TRY,0,1,1,4,6 saat 51 dakika içinde sipariş verirsen en geç yarın kargoda!,,https://cdn.dsmcdn.com/ty1691/prod/QC_ENRICHMENT/20250605/01/a041fc6c-fd94-33fc-9413-ce59d9e9c328/1_org_zoom.jpg,"{""Menşei"":""TR"",""Bakım Talimatları (Genel)"":""Ürünün kullanım ömrünü korumak için ürüne özel bakım talimatlarını takip ediniz.""}",20,5,refreshed,"[""daily_top""]",true,2026-08-20T17:07:31+03:00,0,"[""search_result_dom"",""product_detail_jsonld"",""product_detail_dom""]","{""title"":""observed"",""brand"":""observed"",""seller_name"":""observed"",""seller_score"":""observed"",""price"":""observed"",""original_price"":""observed"",""campaigns"":""observed"",""stock_status"":""observed"",""stock_signal"":""observed"",""rating"":""observed"",""rating_count"":""observed"",""review_count"":""observed"",""question_count"":""observed"",""delivery_summary"":""observed"",""shipping_cost"":""observed"",""properties"":""observed""}",true,
2026-08-20,2026-08-20T17:07:31+03:00,hobi,BEST_SELLER,hobi-cok-satanlar,Trendyol Hobi / Çok Satanlar,6,1,6,6,6,hobi:hobi-cok-satanlar,6,,129.9,54.3,1124966835,,1124966835:unknown,Magly Soft Bricks Yumuşak Yapı Blokları - Çocuklar İçin Renkli Esnek 42 Parça Yapı Blok Seti,Magly,Diğer Oyun Takımları,https://www.trendyol.com/magly/soft-bricks-yumusak-yapi-bloklari-cocuklar-icin-renkli-esnek-42-parca-yapi-blok-seti-p-1124966835,Magly,,614.25,945,35,,TRY,"[""Sepette %35 İndirim"",""Kargo Bedava""]",InStock,100 adetten fazla stok sunulmuştur,3 günde 500+ ürün satıldı!,3,500,166.7,4.8,271,206,,18,"2,1B kişinin sepetinde","23,9B kişi favoriledi","Son 24 saatte 4,8B kişi görüntüledi",4999,TRY,0,1,1,4,6 saat 51 dakika içinde sipariş verirsen en geç yarın kargoda!,,https://cdn.dsmcdn.com/ty1929/prod/QC_ENRICHMENT/20260801/17/9cf2203b-7f5d-36bd-bf48-bf2a44663416/1_org_zoom.jpg,"{""Parça Sayısı"":""42"",""Yaş"":""1+ Yaş"",""Menşei"":""TR"",""Ürün Uyarıları (Oyuncak)"":""Küçük parçalar içerir.; 1 yaşından küçük çocuklar için uygun değildir.; Ürün özellikleri, renk ve içerik ambalajdaki görsellerden farklılık gösterebilir."",""Özellik"":""BPA Free""}",20,5,refreshed,"[""daily_top""]",true,2026-08-20T17:07:31+03:00,0,"[""search_result_dom"",""product_detail_jsonld"",""product_detail_dom""]","{""title"":""observed"",""brand"":""observed"",""seller_name"":""observed"",""seller_score"":""unavailable"",""price"":""observed"",""original_price"":""observed"",""campaigns"":""observed"",""stock_status"":""observed"",""stock_signal"":""observed"",""rating"":""observed"",""rating_count"":""observed"",""review_count"":""observed"",""question_count"":""observed"",""delivery_summary"":""observed"",""shipping_cost"":""observed"",""properties"":""observed""}",true,
2026-08-20,2026-08-20T17:07:31+03:00,hobi,BEST_SELLER,hobi-cok-satanlar,Trendyol Hobi / Çok Satanlar,7,1,7,7,7,hobi:hobi-cok-satanlar,7,,89.8,56.9,1136135354,,1136135354:unknown,BERHAT 2 Metre Peri Led Dekoratif Sarı Renk Mini Güç Kutulu (piller dahildir),BERHAT,Led Işık,https://www.trendyol.com/berhat/2-metre-peri-led-dekoratif-sari-renk-mini-guc-kutulu-piller-dahildir-p-1136135354,Blurry Date,95,34.55,,,,TRY,"[""Kargo Bedava""]",InStock,100 adetten fazla stok sunulmuştur,3 günde 500+ ürün satıldı!,3,500,166.7,4.3,120,85,,69,"2,6B kişinin sepetinde",9B kişi favoriledi,Son 24 saatte 973 kişi görüntüledi,4999,TRY,0,1,1,4,6 saat 51 dakika içinde sipariş verirsen en geç yarın kargoda!,,https://cdn.dsmcdn.com/ty1859/prod/QC_PREP/20260421/17/590e0890-a8ee-3efa-bed1-c4c6474f1f2e/1_org_zoom.jpg,"{""Ebatlar"":""2 metre"",""Renk"":""Sarı"",""Menşei"":""CN"",""Batarya Türü"":""Diğer"",""Özellik"":""Ledli"",""Enerji Tasarrufu"":""Var""}",20,5,refreshed,"[""daily_top""]",true,2026-08-20T17:07:31+03:00,0,"[""search_result_dom"",""product_detail_jsonld"",""product_detail_dom""]","{""title"":""observed"",""brand"":""observed"",""seller_name"":""observed"",""seller_score"":""observed"",""price"":""observed"",""original_price"":""unavailable"",""campaigns"":""observed"",""stock_status"":""observed"",""stock_signal"":""observed"",""rating"":""observed"",""rating_count"":""observed"",""review_count"":""observed"",""question_count"":""observed"",""delivery_summary"":""observed"",""shipping_cost"":""observed"",""properties"":""observed""}",true,
2026-08-20,2026-08-20T17:07:31+03:00,hobi,BEST_SELLER,hobi-cok-satanlar,Trendyol Hobi / Çok Satanlar,8,1,8,8,8,hobi:hobi-cok-satanlar,8,,97.9,46.2,164136927,,164136927:unknown,Genel Markalar Peri Led 3metre Sarı Pilli Dekoratif Aydınlatma,Genel Markalar,,https://www.trendyol.com/genel-markalar/peri-led-3metre-sari-pilli-dekoratif-aydinlatma-p-164136927,Koza Gift,88,40,,,,TRY,"[""15 TL Kupon"",""Kargo Bedava""]",InStock,100 adetten fazla stok sunulmuştur,3 günde 500+ ürün satıldı!,3,500,166.7,3.7,1582,,,295,"3,9B kişinin sepetinde","56,8B kişi favoriledi","Son 24 saatte 1,3B kişi görüntüledi",,,0,,,,6 saat 51 dakika içinde sipariş verirsen en geç yarın kargoda!,,,{},0,,refreshed,"[""daily_top""]",true,2026-08-20T17:07:31+03:00,0,"[""search_result_dom"",""product_detail_jsonld"",""product_detail_dom""]","{""title"":""observed"",""brand"":""observed"",""seller_name"":""observed"",""seller_score"":""observed"",""price"":""observed"",""original_price"":""unavailable"",""campaigns"":""observed"",""stock_status"":""observed"",""stock_signal"":""observed"",""rating"":""observed"",""rating_count"":""observed"",""review_count"":""unavailable"",""question_count"":""observed"",""delivery_summary"":""observed"",""shipping_cost"":""unavailable"",""properties"":""observed""}",true,
2026-08-20,2026-08-20T17:07:31+03:00,hobi,BEST_SELLER,hobi-cok-satanlar,Trendyol Hobi / Çok Satanlar,9,1,9,9,9,hobi:hobi-cok-satanlar,9,,94.6,49.1,853207451,,853207451:unknown,Öz-bal 7'li Balon Standı Seti - Parti ve Doğum Günü İçin Masaüstü Balon Tutucu Kolay Kurulumlu Balon Standı,Öz-bal,Balon Standı,https://www.trendyol.com/oz-bal/7-li-balon-standi-seti-parti-ve-dogum-gunu-icin-masaustu-balon-tutucu-kolay-kurulumlu-balon-standi-p-853207451,FortyFour Shop,9,73.49,74.99,2,,TRY,"[""Sepette %2 İndirim"",""Kargo Bedava""]",InStock,100 adetten fazla stok sunulmuştur,3 günde 500+ ürün satıldı!,3,500,166.7,3.9,1110,601,,99,"2,9B kişinin sepetinde","52,3B kişi favoriledi","Son 24 saatte 1,1B kişi görüntüledi",4999,TRY,0,1,1,4,6 saat 51 dakika içinde sipariş verirsen en geç yarın kargoda!,,https://cdn.dsmcdn.com/ty1501/product/media/images/prod/QC/20240825/15/b2e4513f-a7a8-3553-9322-1c17a01a1594/1_org_zoom.jpg,"{""Menşei"":""TR"",""Bakım Talimatları (Genel)"":""Ürünün kullanım ömrünü korumak için ürüne özel bakım talimatlarını takip ediniz."",""Renk"":""Turuncu""}",20,5,refreshed,"[""daily_top""]",true,2026-08-20T17:07:31+03:00,0,"[""search_result_dom"",""product_detail_jsonld"",""product_detail_dom""]","{""title"":""observed"",""brand"":""observed"",""seller_name"":""observed"",""seller_score"":""observed"",""price"":""observed"",""original_price"":""observed"",""campaigns"":""observed"",""stock_status"":""observed"",""stock_signal"":""observed"",""rating"":""observed"",""rating_count"":""observed"",""review_count"":""observed"",""question_count"":""observed"",""delivery_summary"":""observed"",""shipping_cost"":""observed"",""properties"":""observed""}",true,
2026-08-20,2026-08-20T17:07:31+03:00,hobi,BEST_SELLER,hobi-cok-satanlar,Trendyol Hobi / Çok Satanlar,10,1,10,10,10,hobi:hobi-cok-satanlar,10,,92.3,46.9,364902364,,364902364:unknown,"ZEYMERADE Bordo Sağdıç Kol Kurdele Bileklik Bant, Kına Gecesi Düğün Bride Bekarlığa Veda Söz, 1 Adet",ZEYMERADE,,https://www.trendyol.com/zeymerade/bordo-sagdic-kol-kurdele-bileklik-bant-kina-gecesi-dugun-bride-bekarliga-veda-soz-1-adet-p-364902364,ZEYMERADE,,16.64,,,,TRY,"[""Kargo Bedava""]",InStock,100 adetten fazla stok sunulmuştur,3 günde 500+ ürün satıldı!,3,500,166.7,4.7,976,,,73,752 kişinin sepetinde,"25,2B kişi favoriledi",Son 24 saatte 350 kişi görüntüledi,,,0,,,,6 saat 51 dakika içinde sipariş verirsen en geç yarın kargoda!,,,{},0,,refreshed,"[""daily_top""]",true,2026-08-20T17:07:31+03:00,0,"[""search_result_dom"",""product_detail_jsonld"",""product_detail_dom""]","{""title"":""observed"",""brand"":""observed"",""seller_name"":""observed"",""seller_score"":""unavailable"",""price"":""observed"",""original_price"":""unavailable"",""campaigns"":""observed"",""stock_status"":""observed"",""stock_signal"":""observed"",""rating"":""observed"",""rating_count"":""observed"",""review_count"":""unavailable"",""question_count"":""observed"",""delivery_summary"":""observed"",""shipping_cost"":""unavailable"",""properties"":""observed""}",true,
2026-08-20,2026-08-20T17:07:31+03:00,hobi,BEST_SELLER,hobi-cok-satanlar,Trendyol Hobi / Çok Satanlar,11,1,11,11,11,hobi:hobi-cok-satanlar,11,,93.1,43.6,141774884,,141774884:unknown,"ZEYMERADE Beyaz Süsleme Tülü, Bohça Çeyiz Gelin Damat Söz Nişan Nikah Konvoy Kapı Valiz Hediye Süsü, 100x300cm",ZEYMERADE,,https://www.trendyol.com/zeymerade/beyaz-susleme-tulu-bohca-ceyiz-gelin-damat-soz-nisan-nikah-konvoy-kapi-valiz-hediye-susu-100x300cm-p-141774884,ZEYMERADE,,49.9,,,,TRY,"[""Kargo Bedava""]",InStock,100 adetten fazla stok sunulmuştur,3 günde 500+ ürün satıldı!,3,500,166.7,4.6,2211,,,179,576 kişinin sepetinde,"31,5B kişi favoriledi",Son 24 saatte 305 kişi görüntüledi,,,0,,,,6 saat 51 dakika içinde sipariş verirsen en geç yarın kargoda!,,,{},0,,refreshed,"[""daily_top""]",true,2026-08-20T17:07:31+03:00,0,"[""search_result_dom"",""product_detail_jsonld"",""product_detail_dom""]","{""title"":""observed"",""brand"":""observed"",""seller_name"":""observed"",""seller_score"":""unavailable"",""price"":""observed"",""original_price"":""unavailable"",""campaigns"":""observed"",""stock_status"":""observed"",""stock_signal"":""observed"",""rating"":""observed"",""rating_count"":""observed"",""review_count"":""unavailable"",""question_count"":""observed"",""delivery_summary"":""observed"",""shipping_cost"":""unavailable"",""properties"":""observed""}",true,
2026-08-20,2026-08-20T17:07:31+03:00,hobi,BEST_SELLER,hobi-cok-satanlar,Trendyol Hobi / Çok Satanlar,12,1,12,12,12,hobi:hobi-cok-satanlar,12,,85.9,48.3,391572545,,391572545:unknown,"ZEYMERADE Beyaz Nedime Kol Kurdele Bileklik Bant, Kına Gecesi Düğün Bride Bekarlığa Veda Söz, 1 Adet",ZEYMERADE,,https://www.trendyol.com/zeymerade/beyaz-nedime-kol-kurdele-bileklik-bant-kina-gecesi-dugun-bride-bekarliga-veda-soz-1-adet-p-391572545,ZEYMERADE,,16.64,,,,TRY,"[""Kargo Bedava""]",InStock,100 adetten fazla stok sunulmuştur,3 günde 500+ ürün satıldı!,3,500,166.7,4.7,490,,,47,529 kişinin sepetinde,"15,8B kişi favoriledi",,,,0,,,,6 saat 51 dakika içinde sipariş verirsen en geç yarın kargoda!,,,{},0,,refreshed,"[""daily_top""]",true,2026-08-20T17:07:31+03:00,0,"[""search_result_dom"",""product_detail_jsonld"",""product_detail_dom""]","{""title"":""observed"",""brand"":""observed"",""seller_name"":""observed"",""seller_score"":""unavailable"",""price"":""observed"",""original_price"":""unavailable"",""campaigns"":""observed"",""stock_status"":""observed"",""stock_signal"":""observed"",""rating"":""observed"",""rating_count"":""observed"",""review_count"":""unavailable"",""question_count"":""observed"",""delivery_summary"":""observed"",""shipping_cost"":""unavailable"",""properties"":""observed""}",true,
2026-08-20,2026-08-20T17:07:31+03:00,hobi,BEST_SELLER,hobi-cok-satanlar,Trendyol Hobi / Çok Satanlar,13,1,13,13,13,hobi:hobi-cok-satanlar,13,,78.1,53.6,1083467295,,1083467295:unknown,"ZEYMERADE Siyah İran Grek Tül, Nişan Çeyiz Bohça Kapı Doğum Günü Konvoy Parti Dekor Süsleme, 1 Metre (En 70cm)",ZEYMERADE,,https://www.trendyol.com/zeymerade/siyah-iran-grek-tul-nisan-ceyiz-bohca-kapi-dogum-gunu-konvoy-parti-dekor-susleme-1-metre-en-70cm-p-1083467295,ZEYMERADE,,19.9,,,,TRY,"[""Kargo Bedava""]",InStock,100 adetten fazla stok sunulmuştur,3 günde 500+ ürün satıldı!,3,500,166.7,4.2,93,,,12,406 kişinin sepetinde,"5,3B kişi favoriledi",,,,0,,,,6 saat 51 dakika içinde sipariş verirsen en geç yarın kargoda!,,,{},0,,refreshed,"[""daily_top""]",true,2026-08-20T17:07:31+03:00,0,"[""search_result_dom"",""product_detail_jsonld"",""product_detail_dom""]","{""title"":""observed"",""brand"":""observed"",""seller_name"":""observed"",""seller_score"":""unavailable"",""price"":""observed"",""original_price"":""unavailable"",""campaigns"":""observed"",""stock_status"":""observed"",""stock_signal"":""observed"",""rating"":""observed"",""rating_count"":""observed"",""review_count"":""unavailable"",""question_count"":""observed"",""delivery_summary"":""observed"",""shipping_cost"":""unavailable"",""properties"":""observed""}",true,
2026-08-20,2026-08-20T17:07:31+03:00,hobi,BEST_SELLER,hobi-cok-satanlar,Trendyol Hobi / Çok Satanlar,14,1,14,14,14,hobi:hobi-cok-satanlar,14,,80,49.1,1016221830,,1016221830:unknown,"ZEYMERADE 100 Adet Gümüş Toplu İğne, Türban Eşarp Başörtüsü Şal Düğün Nikah Nişan Kına Sünnet Takı İğnesi",ZEYMERADE,,https://www.trendyol.com/zeymerade/100-adet-gumus-toplu-igne-turban-esarp-basortusu-sal-dugun-nikah-nisan-kina-sunnet-taki-ignesi-p-1016221830,ZEYMERADE,100,24.99,,,,TRY,"[""Kargo Bedava""]",InStock,100 adetten fazla stok sunulmuştur,3 günde 500+ ürün satıldı!,3,500,166.7,4.7,290,,,20,467 kişinin sepetinde,"7,8B kişi favoriledi",,,,0,,,,6 saat 51 dakika içinde sipariş verirsen en geç yarın kargoda!,,,{},0,,refreshed,"[""daily_top""]",true,2026-08-20T17:07:31+03:00,0,"[""search_result_dom"",""product_detail_jsonld"",""product_detail_dom""]","{""title"":""observed"",""brand"":""observed"",""seller_name"":""observed"",""seller_score"":""observed"",""price"":""observed"",""original_price"":""unavailable"",""campaigns"":""observed"",""stock_status"":""observed"",""stock_signal"":""observed"",""rating"":""observed"",""rating_count"":""observed"",""review_count"":""unavailable"",""question_count"":""observed"",""delivery_summary"":""observed"",""shipping_cost"":""unavailable"",""properties"":""observed""}",true,
2026-08-20,2026-08-20T17:07:31+03:00,hobi,BEST_SELLER,hobi-cok-satanlar,Trendyol Hobi / Çok Satanlar,15,1,15,15,15,hobi:hobi-cok-satanlar,15,,115.5,44,168744257,,168744257:unknown,Patladı Gitti Çift Taraflı Balon Yapıştırma Bandı 100'lü,Patladı Gitti,,https://www.trendyol.com/patladi-gitti/cift-tarafli-balon-yapistirma-bandi-100-lu-p-168744257,Patladı Gitti,,32.95,49,32.8,,TRY,"[""Kargo Bedava""]",InStock,100 adetten fazla stok sunulmuştur,3 günde 500+ ürün satıldı!,3,500,166.7,4.3,1102,,,53,874 kişinin sepetinde,22B kişi favoriledi,Son 24 saatte 369 kişi görüntüledi,,,0,,,,6 saat 51 dakika içinde sipariş verirsen en geç yarın kargoda!,,,{},0,,refreshed,"[""daily_top""]",true,2026-08-20T17:07:31+03:00,0,"[""search_result_dom"",""product_detail_jsonld"",""product_detail_dom""]","{""title"":""observed"",""brand"":""observed"",""seller_name"":""observed"",""seller_score"":""unavailable"",""price"":""observed"",""original_price"":""observed"",""campaigns"":""observed"",""stock_status"":""observed"",""stock_signal"":""observed"",""rating"":""observed"",""rating_count"":""observed"",""review_count"":""unavailable"",""question_count"":""observed"",""delivery_summary"":""observed"",""shipping_cost"":""unavailable"",""properties"":""observed""}",true,
2026-08-20,2026-08-20T17:07:31+03:00,hobi,BEST_SELLER,hobi-cok-satanlar,Trendyol Hobi / Çok Satanlar,16,1,16,16,16,hobi:hobi-cok-satanlar,16,,71,40.6,844213019,,844213019:unknown,Öz-bal Balon Zinciri Aparatı 5 Metre | Parti Ve Doğum Günü Balon Süsleme Bandı,Öz-bal,Balon Zinciri,https://www.trendyol.com/oz-bal/balon-zinciri-aparati-5-metre-parti-ve-dogum-gunu-balon-susleme-bandi-p-844213019,FortyFour Shop,9,48.99,49.99,2,,TRY,"[""Sepette %2 İndirim"",""Kargo Bedava""]",InStock,100 adetten fazla stok sunulmuştur,3 günde 250+ ürün satıldı!,3,250,83.3,4.5,332,126,,30,742 kişinin sepetinde,15B kişi favoriledi,Son 24 saatte 303 kişi görüntüledi,4999,TRY,0,1,1,4,6 saat 51 dakika içinde sipariş verirsen en geç yarın kargoda!,,https://cdn.dsmcdn.com/ty1586/prod/QC/20241013/23/a1322160-0d39-3508-abef-525f61d59018/1_org_zoom.jpg,"{""Bakım Talimatları (Genel)"":""Ürünün kullanım ömrünü korumak için ürüne özel bakım talimatlarını takip ediniz.""}",20,5,refreshed,"[""daily_top""]",true,2026-08-20T17:07:31+03:00,0,"[""search_result_dom"",""product_detail_jsonld"",""product_detail_dom""]","{""title"":""observed"",""brand"":""observed"",""seller_name"":""observed"",""seller_score"":""observed"",""price"":""observed"",""original_price"":""observed"",""campaigns"":""observed"",""stock_status"":""observed"",""stock_signal"":""observed"",""rating"":""observed"",""rating_count"":""observed"",""review_count"":""observed"",""question_count"":""observed"",""delivery_summary"":""observed"",""shipping_cost"":""observed"",""properties"":""observed""}",true,
2026-08-20,2026-08-20T17:07:31+03:00,hobi,BEST_SELLER,hobi-cok-satanlar,Trendyol Hobi / Çok Satanlar,17,1,17,17,17,hobi:hobi-cok-satanlar,17,,67.8,39.2,1094786356,,1094786356:unknown,Kitchen Beauty 100 Adet Kraft Kağıt Kek Kapsülü | Muffin Cupcake Kek Kapsülü | 100'lü Kağıt Kek Kalıbı,Kitchen Beauty,Cupcake Kapsülü,https://www.trendyol.com/kitchen-beauty/100-adet-kraft-kagit-kek-kapsulu-muffin-cupcake-kek-kapsulu-100-lu-kagit-kek-kalibi-p-1094786356,Eymen Ticaret,89,49.98,,,,TRY,"[""Kargo Bedava""]",InStock,100 adetten fazla stok sunulmuştur,3 günde 250+ ürün satıldı!,3,250,83.3,4.6,426,161,,50,"1,9B kişinin sepetinde","41,7B kişi favoriledi",Son 24 saatte 584 kişi görüntüledi,4999,TRY,0,1,1,4,6 saat 51 dakika içinde sipariş verirsen en geç yarın kargoda!,,https://cdn.dsmcdn.com/ty1819/prod/QC_PREP/20260131/20/5337a5bf-0b49-318e-a6c5-86f11792ea56/1_org_zoom.jpg,"{""Menşei"":""TR"",""Materyal"":""Kağıt""}",20,5,refreshed,"[""daily_top""]",true,2026-08-20T17:07:31+03:00,0,"[""search_result_dom"",""product_detail_jsonld"",""product_detail_dom""]","{""title"":""observed"",""brand"":""observed"",""seller_name"":""observed"",""seller_score"":""observed"",""price"":""observed"",""original_price"":""unavailable"",""campaigns"":""observed"",""stock_status"":""observed"",""stock_signal"":""observed"",""rating"":""observed"",""rating_count"":""observed"",""review_count"":""observed"",""question_count"":""observed"",""delivery_summary"":""observed"",""shipping_cost"":""observed"",""properties"":""observed""}",true,
2026-08-20,2026-08-20T17:07:31+03:00,hobi,BEST_SELLER,hobi-cok-satanlar,Trendyol Hobi / Çok Satanlar,18,1,18,18,18,hobi:hobi-cok-satanlar,18,,59.1,45.5,1149512167,,1149512167:unknown,TİLİA DESİGN 10 Adet İstiridye Anahtarlık Söz Nişan Düğün Kına Bride Hediyeliği,TİLİA DESİGN,Söz Hediyelik,https://www.trendyol.com/tilia-design/10-adet-istiridye-anahtarlik-soz-nisan-dugun-kina-bride-hediyeligi-p-1149512167,HEN GSM,92,99,,,,TRY,"[""30 TL Kupon"",""Kargo Bedava"",""Son 10 Günün En Düşük Fiyatı""]",InStock,100 adetten fazla stok sunulmuştur,3 günde 250+ ürün satıldı!,3,250,83.3,4.1,26,22,,251,524 kişinin sepetinde,"3,7B kişi favoriledi",Son 24 saatte 861 kişi görüntüledi,4999,TRY,0,1,1,4,6 saat 51 dakika içinde sipariş verirsen en geç yarın kargoda!,,https://cdn.dsmcdn.com/ty1904/prod/QC_PREP/20260525/01/a11c6b5a-9d82-3e94-aacf-daf4f78e33ea/1_org_zoom.jpg,"{""Menşei"":""TR""}",20,4.2,refreshed,"[""daily_top""]",true,2026-08-20T17:07:31+03:00,0,"[""search_result_dom"",""product_detail_jsonld"",""product_detail_dom""]","{""title"":""observed"",""brand"":""observed"",""seller_name"":""observed"",""seller_score"":""observed"",""price"":""observed"",""original_price"":""unavailable"",""campaigns"":""observed"",""stock_status"":""observed"",""stock_signal"":""observed"",""rating"":""observed"",""rating_count"":""observed"",""review_count"":""observed"",""question_count"":""observed"",""delivery_summary"":""observed"",""shipping_cost"":""observed"",""properties"":""observed""}",true,
2026-08-20,2026-08-20T17:07:31+03:00,hobi,BEST_SELLER,hobi-cok-satanlar,Trendyol Hobi / Çok Satanlar,19,1,19,19,19,hobi:hobi-cok-satanlar,19,,71.3,30.8,1055637550,,1055637550:unknown,"Unichrome 300 Ledli 10 Sarkıt Perde Led Işık Yılbaşı Oda Dekorasyon 8 Fonksiyon, Kumandalı, 3x3 Mt, Düz Askı",Unichrome,Led Işık,https://www.trendyol.com/unichrome/300-ledli-10-sarkit-perde-led-isik-yilbasi-oda-dekorasyon-8-fonksiyon-kumandali-3x3-mt-duz-aski-p-1055637550,CandaGrup,94,299.99,,,,TRY,"[""Kargo Bedava""]",InStock,50 adetten fazla stok sunulmuştur,3 günde 250+ ürün satıldı!,3,250,83.3,4.6,2651,1370,,502,"3,9B kişinin sepetinde",85B kişi favoriledi,"Son 24 saatte 1,8B kişi görüntüledi",4999,TRY,0,1,1,4,6 saat 51 dakika içinde sipariş verirsen en geç yarın kargoda!,,https://cdn.dsmcdn.com/ty1791/prod/QC_PREP/20251125/08/dcf10b20-c1d7-304d-b203-e6a87a9fcf24/1_org_zoom.jpg,"{""Ebatlar"":""3 metre"",""Renk"":""Sarı"",""Menşei"":""CN"",""Özellik"":""Ledli"",""Enerji Tasarrufu"":""Var""}",20,5,refreshed,"[""daily_top""]",true,2026-08-20T17:07:31+03:00,0,"[""search_result_dom"",""product_detail_jsonld"",""product_detail_dom""]","{""title"":""observed"",""brand"":""observed"",""seller_name"":""observed"",""seller_score"":""observed"",""price"":""observed"",""original_price"":""unavailable"",""campaigns"":""observed"",""stock_status"":""observed"",""stock_signal"":""observed"",""rating"":""observed"",""rating_count"":""observed"",""review_count"":""observed"",""question_count"":""observed"",""delivery_summary"":""observed"",""shipping_cost"":""observed"",""properties"":""observed""}",true,
2026-08-20,2026-08-20T17:07:31+03:00,hobi,BEST_SELLER,hobi-cok-satanlar,Trendyol Hobi / Çok Satanlar,20,1,20,20,20,hobi:hobi-cok-satanlar,20,,60.5,39.1,1083499433,,1083499433:unknown,"ZEYMERADE Beyaz İran Grek Tül, Nişan Çeyiz Bohça Kapı Doğum Günü Konvoy Parti Dekor Süsleme, 1 Metre (En 70cm)",ZEYMERADE,,https://www.trendyol.com/zeymerade/beyaz-iran-grek-tul-nisan-ceyiz-bohca-kapi-dogum-gunu-konvoy-parti-dekor-susleme-1-metre-en-70cm-p-1083499433,ZEYMERADE,,19.9,,,,TRY,"[""Kargo Bedava""]",InStock,100 adetten fazla stok sunulmuştur,3 günde 250+ ürün satıldı!,3,250,83.3,4.2,108,,,24,317 kişinin sepetinde,"4,1B kişi favoriledi",,,,0,,,,6 saat 51 dakika içinde sipariş verirsen en geç yarın kargoda!,,,{},0,,refreshed,"[""daily_top""]",true,2026-08-20T17:07:31+03:00,0,"[""search_result_dom"",""product_detail_jsonld"",""product_detail_dom""]","{""title"":""observed"",""brand"":""observed"",""seller_name"":""observed"",""seller_score"":""unavailable"",""price"":""observed"",""original_price"":""unavailable"",""campaigns"":""observed"",""stock_status"":""observed"",""stock_signal"":""observed"",""rating"":""observed"",""rating_count"":""observed"",""review_count"":""unavailable"",""question_count"":""observed"",""delivery_summary"":""observed"",""shipping_cost"":""unavailable"",""properties"":""observed""}",true,
2026-08-20,2026-08-20T17:07:31+03:00,hobi,BEST_SELLER,hobi-cok-satanlar,Trendyol Hobi / Çok Satanlar,21,1,21,21,21,hobi:hobi-cok-satanlar,21,,63.4,33.7,1137616360,,1137616360:unknown,KİNKU New Block Stitch&Angel 2'li Set Kutulu - Koleksiyonluk,KİNKU,3D Yapboz,https://www.trendyol.com/kinku/new-block-stitch-angel-2-li-set-kutulu-koleksiyonluk-p-1137616360,KİNKU,94,187.25,,,,TRY,"[""Kargo Bedava""]",InStock,100 adetten fazla stok sunulmuştur,3 günde 250+ ürün satıldı!,3,250,83.3,4.6,739,446,,85,"4,9B kişinin sepetinde","44,6B kişi favoriledi","Son 24 saatte 1,6B kişi görüntüledi",4999,TRY,0,1,1,4,6 saat 51 dakika içinde sipariş verirsen en geç yarın kargoda!,,https://cdn.dsmcdn.com/ty1898/prod/QC_ENRICHMENT/20260729/20/9afd2b4a-c784-336b-a568-cd452ced0915/1_org_zoom.jpg,"{""Menşei"":""CN""}",20,5,refreshed,"[""daily_top""]",true,2026-08-20T17:07:31+03:00,0,"[""search_result_dom"",""product_detail_jsonld"",""product_detail_dom""]","{""title"":""observed"",""brand"":""observed"",""seller_name"":""observed"",""seller_score"":""observed"",""price"":""observed"",""original_price"":""unavailable"",""campaigns"":""observed"",""stock_status"":""observed"",""stock_signal"":""observed"",""rating"":""observed"",""rating_count"":""observed"",""review_count"":""observed"",""question_count"":""observed"",""delivery_summary"":""observed"",""shipping_cost"":""observed"",""properties"":""observed""}",true,
2026-08-20,2026-08-20T17:07:31+03:00,hobi,BEST_SELLER,hobi-cok-satanlar,Trendyol Hobi / Çok Satanlar,22,1,22,22,22,hobi:hobi-cok-satanlar,22,,69.3,25.3,760530927,,760530927:unknown,Sanctum Mutfak Dolabı Tezgah Üstü Için 5 Metre Gün Işığı Şerit Led Işık Adaptörlü Anahtarlı Tak Çalıştır,Sanctum,Led Işık,https://www.trendyol.com/sanctum/mutfak-dolabi-tezgah-ustu-icin-5-metre-gun-isigi-serit-led-isik-adaptorlu-anahtarli-tak-calistir-p-760530927,,,369.9,,,,TRY,"[""Kargo Bedava""]",InStock,,3 günde 250+ ürün satıldı!,3,250,83.3,4.5,7338,4349,,2573,,,,4999,TRY,0,1,1,4,Tahmini Teslim:,,https://cdn.dsmcdn.com/ty1650/prod/QC/20250321/00/2d6f67f3-d1be-39eb-b254-85ba6f26a3b0/1_org_zoom.jpg,"{""Ebatlar"":""5 metre"",""Renk"":""Sarı"",""Menşei"":""CN"",""Özellik"":""Diğer"",""Enerji Tasarrufu"":""Var""}",20,5,refreshed,"[""daily_top""]",true,2026-08-20T17:07:31+03:00,0,"[""search_result_dom"",""product_detail_jsonld"",""product_detail_dom""]","{""title"":""observed"",""brand"":""observed"",""seller_name"":""unavailable"",""seller_score"":""unavailable"",""price"":""observed"",""original_price"":""unavailable"",""campaigns"":""observed"",""stock_status"":""observed"",""stock_signal"":""unavailable"",""rating"":""observed"",""rating_count"":""observed"",""review_count"":""observed"",""question_count"":""observed"",""delivery_summary"":""observed"",""shipping_cost"":""observed"",""properties"":""observed""}",true,
2026-08-20,2026-08-20T17:07:31+03:00,hobi,BEST_SELLER,hobi-cok-satanlar,Trendyol Hobi / Çok Satanlar,23,1,23,23,23,hobi:hobi-cok-satanlar,23,,57.8,34.3,33066455,,33066455:unknown,Genel Markalar Dinazor Animal Yumurtası Renkli Çatlayan Yumurtalar Ve Büyüyen Hayvanlar 4 Adet,Genel Markalar,Figürler,https://www.trendyol.com/genel-markalar/dinazor-animal-yumurtasi-renkli-catlayan-yumurtalar-ve-buyuyen-hayvanlar-4-adet-p-33066455,Rüya Gezegeni,89,74.99,,,,TRY,"[""Sepette %1 İndirim"",""10 TL Kupon"",""Kargo Bedava""]",InStock,100 adetten fazla stok sunulmuştur,3 günde 250+ ürün satıldı!,3,250,83.3,4.3,462,281,,60,,7B kişi favoriledi,Son 24 saatte 603 kişi görüntüledi,4999,TRY,0,1,1,4,6 saat 51 dakika içinde sipariş verirsen en geç yarın kargoda!,,https://cdn.dsmcdn.com/ty1737/prod/QC_ENRICHMENT/20250825/08/44d0ab0b-e959-3d64-94df-4659bea5c25f/1_org_zoom.jpg,"{""Boyut"":""Midi"",""Menşei"":""TR""}",20,5,refreshed,"[""daily_top""]",true,2026-08-20T17:07:31+03:00,0,"[""search_result_dom"",""product_detail_jsonld"",""product_detail_dom""]","{""title"":""observed"",""brand"":""observed"",""seller_name"":""observed"",""seller_score"":""observed"",""price"":""observed"",""original_price"":""unavailable"",""campaigns"":""observed"",""stock_status"":""observed"",""stock_signal"":""observed"",""rating"":""observed"",""rating_count"":""observed"",""review_count"":""observed"",""question_count"":""observed"",""delivery_summary"":""observed"",""shipping_cost"":""observed"",""properties"":""observed""}",true,
2026-08-20,2026-08-20T17:07:31+03:00,hobi,BEST_SELLER,hobi-cok-satanlar,Trendyol Hobi / Çok Satanlar,24,1,24,24,24,hobi:hobi-cok-satanlar,24,,57.8,31.8,158110474,,158110474:unknown,casadilegno Dekoratif Yeşil Yapraklı Yapay Sarmaşık Ve 3 Metre Peri Led Gün Işığı,casadilegno,Dekoratif Şerit,https://www.trendyol.com/casadilegno/dekoratif-yesil-yaprakli-yapay-sarmasik-ve-3-metre-peri-led-gun-isigi-p-158110474,,,44.5,,,,TRY,"[""Sepette %1 İndirim"",""Kargo Bedava""]",InStock,,3 günde 250+ ürün satıldı!,3,250,83.3,3.6,792,509,,119,"2,1B kişinin sepetinde","21,6B kişi favoriledi",Son 24 saatte 745 kişi görüntüledi,4999,TRY,0,1,1,4,Tahmini Teslim:,,https://cdn.dsmcdn.com/ty1486/product/media/images/prod/QC/20240816/15/11f92a0d-b606-3cf3-afc8-dacc8d5c2527/1_org_zoom.jpg,"{""Metraj"":""Diğer"",""Menşei"":""UM"",""Renk"":""Yeşil""}",20,5,refreshed,"[""daily_top""]",true,2026-08-20T17:07:31+03:00,0,"[""search_result_dom"",""product_detail_jsonld"",""product_detail_dom""]","{""title"":""observed"",""brand"":""observed"",""seller_name"":""unavailable"",""seller_score"":""unavailable"",""price"":""observed"",""original_price"":""unavailable"",""campaigns"":""observed"",""stock_status"":""observed"",""stock_signal"":""unavailable"",""rating"":""observed"",""rating_count"":""observed"",""review_count"":""observed"",""question_count"":""observed"",""delivery_summary"":""observed"",""shipping_cost"":""observed"",""properties"":""observed""}",true,
2026-08-20,2026-08-20T17:07:31+03:00,hobi,BEST_SELLER,hobi-cok-satanlar,Trendyol Hobi / Çok Satanlar,25,1,25,25,25,hobi:hobi-cok-satanlar,25,,42.8,44.3,1176248336,,1176248336:unknown,KLC Çiçek Malzemecisii 2 Metre Pilli Peri Led Işık 1 adet (Piller Dahildir) | Sıcak Sarı Dekoratif Tel Led | Çiçek Malzemecisi,KLC Çiçek Malzemecisii,Led Işık,https://www.trendyol.com/klc-cicek-malzemecisii/2-metre-pilli-peri-led-isik-1-adet-piller-dahildir-sicak-sari-dekoratif-tel-led-cicek-malzemecisi-p-1176248336,Çiçek Malzemecisii,91,34.9,,,,TRY,"[""Kargo Bedava""]",InStock,100 adetten fazla stok sunulmuştur,3 günde 250+ ürün satıldı!,3,250,83.3,4.6,16,11,,3,,,,4999,TRY,0,1,1,4,6 saat 50 dakika içinde sipariş verirsen en geç yarın kargoda!,,https://cdn.dsmcdn.com/ty1896/prod/QC_PREP/20260727/06/ead1da25-833a-37b3-a71f-891548ce92ea/1_org_zoom.jpg,"{""Ebatlar"":""220 cm"",""Renk"":""Sarı"",""Menşei"":""CN"",""Batarya Türü"":""Lityum-iyon"",""Özellik"":""Ledli"",""Enerji Tasarrufu"":""Var""}",11,4.45,refreshed,"[""daily_top""]",true,2026-08-20T17:07:31+03:00,0,"[""search_result_dom"",""product_detail_jsonld"",""product_detail_dom""]","{""title"":""observed"",""brand"":""observed"",""seller_name"":""observed"",""seller_score"":""observed"",""price"":""observed"",""original_price"":""unavailable"",""campaigns"":""observed"",""stock_status"":""observed"",""stock_signal"":""observed"",""rating"":""observed"",""rating_count"":""observed"",""review_count"":""observed"",""question_count"":""observed"",""delivery_summary"":""observed"",""shipping_cost"":""observed"",""properties"":""observed""}",true,
2026-08-20,2026-08-20T17:07:31+03:00,hobi,BEST_SELLER,hobi-cok-satanlar,Trendyol Hobi / Çok Satanlar,26,1,26,26,26,hobi:hobi-cok-satanlar,26,,50.6,34,1084067119,,1084067119:unknown,"ZEYMERADE 10 Metre Çift Katlı Dantel Kurdele Beyaz Fisto, Bohça, Nişan, Çeyiz, Nikah, Hediye, Şeker, Süsleme",ZEYMERADE,,https://www.trendyol.com/zeymerade/10-metre-cift-katli-dantel-kurdele-beyaz-fisto-bohca-nisan-ceyiz-nikah-hediye-seker-susleme-p-1084067119,ZEYMERADE,10,49.9,,,,TRY,"[""Kargo Bedava""]",InStock,100 adetten fazla stok sunulmuştur,3 günde 250+ ürün satıldı!,3,250,83.3,4.6,201,,,28,848 kişinin sepetinde,"21,6B kişi favoriledi",Son 24 saatte 422 kişi görüntüledi,,,0,,,,6 saat 50 dakika içinde sipariş verirsen en geç yarın kargoda!,,,{},0,,refreshed,"[""daily_top""]",true,2026-08-20T17:07:31+03:00,0,"[""search_result_dom"",""product_detail_jsonld"",""product_detail_dom""]","{""title"":""observed"",""brand"":""observed"",""seller_name"":""observed"",""seller_score"":""observed"",""price"":""observed"",""original_price"":""unavailable"",""campaigns"":""observed"",""stock_status"":""observed"",""stock_signal"":""observed"",""rating"":""observed"",""rating_count"":""observed"",""review_count"":""unavailable"",""question_count"":""observed"",""delivery_summary"":""observed"",""shipping_cost"":""unavailable"",""properties"":""observed""}",true,
2026-08-20,2026-08-20T17:07:31+03:00,hobi,BEST_SELLER,hobi-cok-satanlar,Trendyol Hobi / Çok Satanlar,27,1,27,27,27,hobi:hobi-cok-satanlar,27,,30.2,,1054279586,,1054279586:unknown,"ecrin tuhafiye hobi Siyah Damat Bohça Süsü, Gelin Çeyiz Düğün Nişan Valiz Bavul Söz Nikah Kına Süsü 1 Adet",ecrin tuhafiye hobi,,https://www.trendyol.com/ecrin-tuhafiye-hobi/siyah-damat-bohca-susu-gelin-ceyiz-dugun-nisan-valiz-bavul-soz-nikah-kina-susu-1-adet-p-1054279586,Ecrin Tuhafiye Hobi,86,48.34,,,,TRY,"[""Kargo Bedava""]",InStock,100 adetten fazla stok sunulmuştur,3 günde 250+ ürün satıldı!,3,250,83.3,,,,,,435 kişinin sepetinde,"20,4B kişi favoriledi",Son 24 saatte 351 kişi görüntüledi,,,0,,,,6 saat 50 dakika içinde sipariş verirsen en geç yarın kargoda!,,,{},0,,refreshed,"[""daily_top""]",true,2026-08-20T17:07:31+03:00,0,"[""search_result_dom"",""product_detail_jsonld"",""product_detail_dom""]","{""title"":""observed"",""brand"":""observed"",""seller_name"":""observed"",""seller_score"":""observed"",""price"":""observed"",""original_price"":""unavailable"",""campaigns"":""observed"",""stock_status"":""observed"",""stock_signal"":""observed"",""rating"":""unavailable"",""rating_count"":""unavailable"",""review_count"":""unavailable"",""question_count"":""unavailable"",""delivery_summary"":""observed"",""shipping_cost"":""unavailable"",""properties"":""observed""}",true,
2026-08-20,2026-08-20T17:07:31+03:00,hobi,BEST_SELLER,hobi-cok-satanlar,Trendyol Hobi / Çok Satanlar,28,1,28,28,28,hobi:hobi-cok-satanlar,28,,71.9,34.8,1079139632,,1079139632:unknown,"ecrin tuhafiye hobi Beyaz Gelin Bohça Süsü, Gelin Çeyiz Düğün Nişan Valiz Bavul Söz Nikah Kına Süsü 1 Adet",ecrin tuhafiye hobi,,https://www.trendyol.com/ecrin-tuhafiye-hobi/beyaz-gelin-bohca-susu-gelin-ceyiz-dugun-nisan-valiz-bavul-soz-nikah-kina-susu-1-adet-p-1079139632,Ecrin Tuhafiye Hobi,86,34.99,47.99,27.1,,TRY,"[""Son 10 Günün En Düşük Fiyatı"",""Kargo Bedava"",""Son 10 günün en düşük fiyatı""]",InStock,100 adetten fazla stok sunulmuştur,3 günde 250+ ürün satıldı!,3,250,83.3,4.5,118,,,29,,"7,8B kişi favoriledi",Son 24 saatte 336 kişi görüntüledi,,,0,,,,6 saat 50 dakika içinde sipariş verirsen en geç yarın kargoda!,,,{},0,,refreshed,"[""daily_top""]",true,2026-08-20T17:07:31+03:00,0,"[""search_result_dom"",""product_detail_jsonld"",""product_detail_dom""]","{""title"":""observed"",""brand"":""observed"",""seller_name"":""observed"",""seller_score"":""observed"",""price"":""observed"",""original_price"":""observed"",""campaigns"":""observed"",""stock_status"":""observed"",""stock_signal"":""observed"",""rating"":""observed"",""rating_count"":""observed"",""review_count"":""unavailable"",""question_count"":""observed"",""delivery_summary"":""observed"",""shipping_cost"":""unavailable"",""properties"":""observed""}",true,
2026-08-20,2026-08-20T17:07:31+03:00,hobi,BEST_SELLER,hobi-cok-satanlar,Trendyol Hobi / Çok Satanlar,29,1,29,29,29,hobi:hobi-cok-satanlar,29,,46.4,30.7,1117772366,,1117772366:unknown,exzone Led Işıklı Ayıcıklı Aynalı Mor Kelebek Buketi Sana Senden Daha Güzel Bir Çiçek Bulamadım Ayna Buket,exzone,Konsept Hediyelik,https://www.trendyol.com/exzone/led-isikli-ayicikli-aynali-mor-kelebek-buketi-sana-senden-daha-guzel-bir-cicek-bulamadim-ayna-buket-p-1117772366,EXZONE BUKET,89,341.62,,,,TRY,"[""Kargo Bedava""]",InStock,100 adetten fazla stok sunulmuştur,3 günde 250+ ürün satıldı!,3,250,83.3,4.1,677,338,,,3B kişinin sepetinde,"41,5B kişi favoriledi","Son 24 saatte 1,9B kişi görüntüledi",4999,TRY,0,1,1,4,6 saat 50 dakika içinde sipariş verirsen en geç yarın kargoda!,,https://cdn.dsmcdn.com/ty1941/prod/QC_ENRICHMENT/20260521/03/f3b4c04b-ce49-3856-82d4-69f2798e109a/1_org_zoom.jpg,"{""Diğer Özellikler"":""Led ışık , Aynalı, ayıcıklı"",""Menşei"":""TR""}",20,5,refreshed,"[""daily_top""]",true,2026-08-20T17:07:31+03:00,0,"[""search_result_dom"",""product_detail_jsonld"",""product_detail_dom""]","{""title"":""observed"",""brand"":""observed"",""seller_name"":""observed"",""seller_score"":""observed"",""price"":""observed"",""original_price"":""unavailable"",""campaigns"":""observed"",""stock_status"":""observed"",""stock_signal"":""observed"",""rating"":""observed"",""rating_count"":""observed"",""review_count"":""observed"",""question_count"":""unavailable"",""delivery_summary"":""observed"",""shipping_cost"":""observed"",""properties"":""observed""}",true,
2026-08-20,2026-08-20T17:07:31+03:00,hobi,BEST_SELLER,hobi-cok-satanlar,Trendyol Hobi / Çok Satanlar,30,1,30,30,30,hobi:hobi-cok-satanlar,30,,60.8,25.6,894853471,,894853471:unknown,yükselen zeka İlk Pofidik Magnet Puzzle - Orman Hayvanları,yükselen zeka,Puzzle,https://www.trendyol.com/yukselen-zeka/ilk-pofidik-magnet-puzzle-orman-hayvanlari-p-894853471,YÜKSELEN ZEKA,93,279.04,316.25,11.8,,TRY,"[""Son 10 Günün En Düşük Fiyatı"",""Kargo Bedava"",""Son 10 günün en düşük fiyatı""]",InStock,100 adetten fazla stok sunulmuştur,3 günde 250+ ürün satıldı!,3,250,83.3,4.6,2043,1264,,73,"1,8B kişinin sepetinde","50,1B kişi favoriledi",Son 24 saatte 798 kişi görüntüledi,4999,TRY,0,1,1,4,Tahmini Teslim:,,https://cdn.dsmcdn.com/ty1723/prod/QC_ENRICHMENT/20250809/06/89a0151d-e301-380f-bf36-7031ec1d2a61/1_org_zoom.jpg,"{""Menşei"":""TR""}",20,5,refreshed,"[""daily_top""]",true,2026-08-20T17:07:31+03:00,0,"[""search_result_dom"",""product_detail_jsonld"",""product_detail_dom""]","{""title"":""observed"",""brand"":""observed"",""seller_name"":""observed"",""seller_score"":""observed"",""price"":""observed"",""original_price"":""observed"",""campaigns"":""observed"",""stock_status"":""observed"",""stock_signal"":""observed"",""rating"":""observed"",""rating_count"":""observed"",""review_count"":""observed"",""question_count"":""observed"",""delivery_summary"":""observed"",""shipping_cost"":""observed"",""properties"":""observed""}",true,
2026-08-20,2026-08-20T17:07:31+03:00,hobi,BEST_SELLER,hobi-cok-satanlar,Trendyol Hobi / Çok Satanlar,31,1,31,31,31,hobi:hobi-cok-satanlar,31,,37.1,35,938461347,,938461347:unknown,yiğit aksesuar 24 Renk 14.000 Adet Hotfix Ütü Ile Yapışan Taş Ss10(2.5MM) Cımbız Hediyeli,yiğit aksesuar,Boncuk,https://www.trendyol.com/yigit-aksesuar/24-renk-14-000-adet-hotfix-utu-ile-yapisan-tas-ss10-2-5mm-cimbiz-hediyeli-p-938461347,YİĞİT AKSESUAR,91,829,,,,TRY,"[""Kargo Bedava"",""50 TL Kupon""]",InStock,100 adetten fazla stok sunulmuştur,3 günde 250+ ürün satıldı!,3,250,83.3,3.8,111,73,,151,"5,7B kişinin sepetinde","22,6B kişi favoriledi","Son 24 saatte 4,5B kişi görüntüledi",4999,TRY,0,1,1,4,6 saat 50 dakika içinde sipariş verirsen en geç yarın kargoda!,,https://cdn.dsmcdn.com/ty1897/prod/QC_ENRICHMENT/20260801/11/9356e1fa-9a7e-3fe0-88f3-6633e001349d/1_org_zoom.jpg,"{""Menşei"":""CN"",""Bakım Talimatları (Genel)"":""Ürünün kullanım ömrünü korumak için ürüne özel bakım talimatlarını takip ediniz.""}",20,5,refreshed,"[""daily_top""]",true,2026-08-20T17:07:31+03:00,0,"[""search_result_dom"",""product_detail_jsonld"",""product_detail_dom""]","{""title"":""observed"",""brand"":""observed"",""seller_name"":""observed"",""seller_score"":""observed"",""price"":""observed"",""original_price"":""unavailable"",""campaigns"":""observed"",""stock_status"":""observed"",""stock_signal"":""observed"",""rating"":""observed"",""rating_count"":""observed"",""review_count"":""observed"",""question_count"":""observed"",""delivery_summary"":""observed"",""shipping_cost"":""observed"",""properties"":""observed""}",true,
2026-08-20,2026-08-20T17:07:31+03:00,hobi,BEST_SELLER,hobi-cok-satanlar,Trendyol Hobi / Çok Satanlar,32,1,32,32,32,hobi:hobi-cok-satanlar,32,,31,39.6,1174702921,,1174702921:unknown,hot flowers Dünyanın en güzel kızı aynalı tablosu makyaj aynası çerçeve Sevgiliye anlamlı hediye Spotify kodu detaylı,hot flowers,Konsept Hediyelik,https://www.trendyol.com/hot-flowers/dunyanin-en-guzel-kizi-aynali-tablosu-makyaj-aynasi-cerceve-sevgiliye-anlamli-hediye-spotify-kodu-detayli-p-1174702921,HayDün,9,197.01,199,1,,TRY,"[""Sepette %1 İndirim"",""Kargo Bedava""]",InStock,100 adetten fazla stok sunulmuştur,3 günde 250+ ürün satıldı!,3,250,83.3,4.1,28,16,,34,"1,6B kişinin sepetinde","2,2B kişi favoriledi","Son 24 saatte 1,3B kişi görüntüledi",4999,TRY,0,1,1,4,6 saat 50 dakika içinde sipariş verirsen en geç yarın kargoda!,,https://cdn.dsmcdn.com/ty1922/prod/QC_ENRICHMENT/20260731/06/1c87eedf-3f0d-324d-803c-a81acde29989/1_org_zoom.jpg,"{""Menşei"":""TR"",""Materyal"":""MDF""}",16,4,refreshed,"[""daily_top""]",true,2026-08-20T17:07:31+03:00,0,"[""search_result_dom"",""product_detail_jsonld"",""product_detail_dom""]","{""title"":""observed"",""brand"":""observed"",""seller_name"":""observed"",""seller_score"":""observed"",""price"":""observed"",""original_price"":""observed"",""campaigns"":""observed"",""stock_status"":""observed"",""stock_signal"":""observed"",""rating"":""observed"",""rating_count"":""observed"",""review_count"":""observed"",""question_count"":""observed"",""delivery_summary"":""observed"",""shipping_cost"":""observed"",""properties"":""observed""}",true,
2026-08-20,2026-08-20T17:07:31+03:00,hobi,BEST_SELLER,hobi-cok-satanlar,Trendyol Hobi / Çok Satanlar,33,1,33,33,33,hobi:hobi-cok-satanlar,33,,33,44.1,1169527369,,1169527369:unknown,Devin Kına Gecesi Kırmızı Lale Buketi Hediyelik Mum Nişan Nikah Düğün Parti Hediyelikleri,Devin,Söz Hediyelik,https://www.trendyol.com/devin/kina-gecesi-kirmizi-lale-buketi-hediyelik-mum-nisan-nikah-dugun-parti-hediyelikleri-p-1169527369,The Aura Home,89,32.36,35.96,10,,TRY,"[""Sepette %10 İndirim"",""Kargo Bedava""]",InStock,100 adetten fazla stok sunulmuştur,3 günde 250+ ürün satıldı!,3,250,83.3,5,3,3,,16,,,,4999,TRY,0,6,1,9,Tahmini Teslim:,,https://cdn.dsmcdn.com/ty1908/prod/QC_PREP/20260714/03/570da36a-ae40-3f10-ac03-50dfccf928ee/1_org_zoom.jpg,"{""Menşei"":""TR"",""Bakım Talimatları (Genel)"":""Gıda ile temas için uygun değildir.""}",3,5,refreshed,"[""daily_top""]",true,2026-08-20T17:07:31+03:00,0,"[""search_result_dom"",""product_detail_jsonld"",""product_detail_dom""]","{""title"":""observed"",""brand"":""observed"",""seller_name"":""observed"",""seller_score"":""observed"",""price"":""observed"",""original_price"":""observed"",""campaigns"":""observed"",""stock_status"":""observed"",""stock_signal"":""observed"",""rating"":""observed"",""rating_count"":""observed"",""review_count"":""observed"",""question_count"":""observed"",""delivery_summary"":""observed"",""shipping_cost"":""observed"",""properties"":""observed""}",true,
2026-08-20,2026-08-20T17:07:31+03:00,hobi,BEST_SELLER,hobi-cok-satanlar,Trendyol Hobi / Çok Satanlar,34,1,34,34,34,hobi:hobi-cok-satanlar,34,,31.3,33.3,948360460,,948360460:unknown,"Mortex Kırık Beyaz Kristal Tül Boy 1 MT En Sabit 3 MT Nişan, Kına, Düğün, Bohça, Kapı,Doğum,Parti Süslemesi",Mortex,,https://www.trendyol.com/mortex/kirik-beyaz-kristal-tul-boy-1-mt-en-sabit-3-mt-nisan-kina-dugun-bohca-kapi-dogum-parti-suslemesi-p-948360460,,,49.9,,,,TRY,"[""Kargo Bedava""]",InStock,,3 günde 250+ ürün satıldı!,3,250,83.3,4.4,77,,,70,327 kişinin sepetinde,"8,5B kişi favoriledi",Son 24 saatte 368 kişi görüntüledi,,,0,,,,6 saat 50 dakika içinde sipariş verirsen en geç yarın kargoda!,,,{},0,,refreshed,"[""daily_top""]",true,2026-08-20T17:07:31+03:00,0,"[""search_result_dom"",""product_detail_jsonld"",""product_detail_dom""]","{""title"":""observed"",""brand"":""observed"",""seller_name"":""unavailable"",""seller_score"":""unavailable"",""price"":""observed"",""original_price"":""unavailable"",""campaigns"":""observed"",""stock_status"":""observed"",""stock_signal"":""unavailable"",""rating"":""observed"",""rating_count"":""observed"",""review_count"":""unavailable"",""question_count"":""observed"",""delivery_summary"":""observed"",""shipping_cost"":""unavailable"",""properties"":""observed""}",true,
2026-08-20,2026-08-20T17:07:31+03:00,hobi,BEST_SELLER,hobi-cok-satanlar,Trendyol Hobi / Çok Satanlar,35,1,35,35,35,hobi:hobi-cok-satanlar,35,,38.1,25.3,844192026,,844192026:unknown,Genel Markalar 10 Adet Süslemeli Halka Şekerleme Nikah Nişan Söz Düğün Hediyeliği,Genel Markalar,Söz Hediyelik,https://www.trendyol.com/genel-markalar/10-adet-suslemeli-halka-sekerleme-nikah-nisan-soz-dugun-hediyeligi-p-844192026,UMUT HEDİYECİLİK,82,150,152,1.3,,TRY,"[""Son 10 Günün En Düşük Fiyatı"",""30 TL Kupon"",""Kargo Bedava"",""Son 10 günün en düşük fiyatı""]",InStock,100 adetten fazla stok sunulmuştur,3 günde 250+ ürün satıldı!,3,250,83.3,4.2,897,671,,3219,495 kişinin sepetinde,"42,6B kişi favoriledi",Son 24 saatte 798 kişi görüntüledi,4999,TRY,0,5,1,8,Tahmini Teslim:,,https://cdn.dsmcdn.com/ty1545/product/media/images/ty1549/prod/QC/20240916/07/6b6c2317-28c8-34f9-9183-90e3abf079ac/1_org_zoom.jpg,"{""Diğer Özellikler"":""süslemeli şekerli"",""Menşei"":""TR"",""Bakım Talimatları (Genel)"":""Nemli bir bezle silin.""}",20,5,refreshed,"[""daily_top""]",true,2026-08-20T17:07:31+03:00,0,"[""search_result_dom"",""product_detail_jsonld"",""product_detail_dom""]","{""title"":""observed"",""brand"":""observed"",""seller_name"":""observed"",""seller_score"":""observed"",""price"":""observed"",""original_price"":""observed"",""campaigns"":""observed"",""stock_status"":""observed"",""stock_signal"":""observed"",""rating"":""observed"",""rating_count"":""observed"",""review_count"":""observed"",""question_count"":""observed"",""delivery_summary"":""observed"",""shipping_cost"":""observed"",""properties"":""observed""}",true,
2026-08-20,2026-08-20T17:07:31+03:00,hobi,BEST_SELLER,hobi-cok-satanlar,Trendyol Hobi / Çok Satanlar,36,1,36,36,36,hobi:hobi-cok-satanlar,36,,31.7,29.9,842040879,,842040879:unknown,Öz-bal Krom Pembe Ve Makaron (Pastel) Pembe Renk 10 Lu Balon,Öz-bal,Balon,https://www.trendyol.com/oz-bal/krom-pembe-ve-makaron-pastel-pembe-renk-10-lu-balon-p-842040879,FortyFour Shop,9,48.99,49.99,2,,TRY,"[""Sepette %2 İndirim"",""Kargo Bedava""]",InStock,100 adetten fazla stok sunulmuştur,3 günde 250+ ürün satıldı!,3,250,83.3,3.7,267,155,,62,"1,2B kişinin sepetinde","15,7B kişi favoriledi",Son 24 saatte 1B kişi görüntüledi,4999,TRY,0,1,1,4,6 saat 50 dakika içinde sipariş verirsen en geç yarın kargoda!,,https://cdn.dsmcdn.com/ty1675/prod/QC/20250506/12/f7c3f2a5-476e-375c-912b-9f91062f8f92/1_org_zoom.jpg,"{""Balon Çeşidi"":""Krom Balon"",""Renk"":""Pembe"",""Özellik"":""Uzun""}",20,5,refreshed,"[""daily_top""]",true,2026-08-20T17:07:31+03:00,0,"[""search_result_dom"",""product_detail_jsonld"",""product_detail_dom""]","{""title"":""observed"",""brand"":""observed"",""seller_name"":""observed"",""seller_score"":""observed"",""price"":""observed"",""original_price"":""observed"",""campaigns"":""observed"",""stock_status"":""observed"",""stock_signal"":""observed"",""rating"":""observed"",""rating_count"":""observed"",""review_count"":""observed"",""question_count"":""observed"",""delivery_summary"":""observed"",""shipping_cost"":""observed"",""properties"":""observed""}",true,
2026-08-20,2026-08-20T17:07:31+03:00,hobi,BEST_SELLER,hobi-cok-satanlar,Trendyol Hobi / Çok Satanlar,37,1,37,37,37,hobi:hobi-cok-satanlar,37,,28.8,28.3,1133851682,,1133851682:unknown,By MO Accessories Yaz Sezonu İnci Deniz Yıldızı Deniz Kabuğu Cam Boncuklarla Takı Yapma Hobi Set,By MO Accessories,Boncuk,https://www.trendyol.com/by-mo-accessories/yaz-sezonu-inci-deniz-yildizi-deniz-kabugu-cam-boncuklarla-taki-yapma-hobi-set-p-1133851682,By Mo Accessoriess,92,199,,,,TRY,"[""Kargo Bedava""]",InStock,100 adetten fazla stok sunulmuştur,3 günde 250+ ürün satıldı!,3,250,83.3,4.6,402,213,,175,"6,1B kişinin sepetinde","61,1B kişi favoriledi","Son 24 saatte 2,6B kişi görüntüledi",4999,TRY,0,1,1,4,6 saat 50 dakika içinde sipariş verirsen en geç yarın kargoda!,,https://cdn.dsmcdn.com/ty1902/prod/QC_ENRICHMENT/20260807/17/f53a2a2e-bd1e-34b1-a86e-d5409e87d811/1_org_zoom.jpg,"{""Menşei"":""TR""}",20,5,refreshed,"[""daily_top""]",true,2026-08-20T17:07:31+03:00,0,"[""search_result_dom"",""product_detail_jsonld"",""product_detail_dom""]","{""title"":""observed"",""brand"":""observed"",""seller_name"":""observed"",""seller_score"":""observed"",""price"":""observed"",""original_price"":""unavailable"",""campaigns"":""observed"",""stock_status"":""observed"",""stock_signal"":""observed"",""rating"":""observed"",""rating_count"":""observed"",""review_count"":""observed"",""question_count"":""observed"",""delivery_summary"":""observed"",""shipping_cost"":""observed"",""properties"":""observed""}",true,
2026-08-20,2026-08-20T17:07:31+03:00,hobi,BEST_SELLER,hobi-cok-satanlar,Trendyol Hobi / Çok Satanlar,38,1,38,38,38,hobi:hobi-cok-satanlar,38,,21.2,33.3,1149431698,,1149431698:unknown,"WORDAKS Yapay Beyaz Kumaş Gül Yaprağı, Romantik Dekor Hediye Süs Düğün Kına Söz Nişan Parti Süsleme 100 Adet",WORDAKS,,https://www.trendyol.com/wordaks/yapay-beyaz-kumas-gul-yapragi-romantik-dekor-hediye-sus-dugun-kina-soz-nisan-parti-susleme-100-adet-p-1149431698,ÖZ BURAK AKSESUAR,94,49.99,,,,TRY,"[""Kargo Bedava""]",InStock,100 adetten fazla stok sunulmuştur,3 günde 250+ ürün satıldı!,3,250,83.3,4.6,42,,,17,,"3,3B kişi favoriledi",Son 24 saatte 300 kişi görüntüledi,,,0,,,,6 saat 50 dakika içinde sipariş verirsen en geç yarın kargoda!,,,{},0,,refreshed,"[""daily_top""]",true,2026-08-20T17:07:31+03:00,0,"[""search_result_dom"",""product_detail_jsonld"",""product_detail_dom""]","{""title"":""observed"",""brand"":""observed"",""seller_name"":""observed"",""seller_score"":""observed"",""price"":""observed"",""original_price"":""unavailable"",""campaigns"":""observed"",""stock_status"":""observed"",""stock_signal"":""observed"",""rating"":""observed"",""rating_count"":""observed"",""review_count"":""unavailable"",""question_count"":""observed"",""delivery_summary"":""observed"",""shipping_cost"":""unavailable"",""properties"":""observed""}",true,
2026-08-20,2026-08-20T17:07:31+03:00,hobi,BEST_SELLER,hobi-cok-satanlar,Trendyol Hobi / Çok Satanlar,39,1,39,39,39,hobi:hobi-cok-satanlar,39,,31.4,20.7,986545424,,986545424:unknown,"ZEYMERADE Beyaz Janjanlı İncili Kalpli Gelin Ve Damat Gözlük, İkili Bride Akım After Parti Düğün Kına Eğlence",ZEYMERADE,,https://www.trendyol.com/zeymerade/beyaz-janjanli-incili-kalpli-gelin-ve-damat-gozluk-ikili-bride-akim-after-parti-dugun-kina-eglence-p-986545424,ZEYMERADE,,199.9,,,,TRY,"[""Kargo Bedava""]",InStock,100 adetten fazla stok sunulmuştur,3 günde 250+ ürün satıldı!,3,250,83.3,4,1416,,,70,"1,5B kişinin sepetinde","74,8B kişi favoriledi",Son 24 saatte 916 kişi görüntüledi,,,0,,,,6 saat 50 dakika içinde sipariş verirsen en geç yarın kargoda!,,,{},0,,refreshed,"[""daily_top""]",true,2026-08-20T17:07:31+03:00,0,"[""search_result_dom"",""product_detail_jsonld"",""product_detail_dom""]","{""title"":""observed"",""brand"":""observed"",""seller_name"":""observed"",""seller_score"":""unavailable"",""price"":""observed"",""original_price"":""unavailable"",""campaigns"":""observed"",""stock_status"":""observed"",""stock_signal"":""observed"",""rating"":""observed"",""rating_count"":""observed"",""review_count"":""unavailable"",""question_count"":""observed"",""delivery_summary"":""observed"",""shipping_cost"":""unavailable"",""properties"":""observed""}",true,
2026-08-20,2026-08-20T17:07:31+03:00,hobi,BEST_SELLER,hobi-cok-satanlar,Trendyol Hobi / Çok Satanlar,40,1,40,40,40,hobi:hobi-cok-satanlar,40,,28,21.6,846886748,,846886748:unknown,İFC TASARIM Hediyelik Magnet Gold Varaklı şeffaf etiketli 20 Adet Nişan Söz Nikah Dügün Organizasyon Hediyelik,İFC TASARIM,Söz Hediyelik,https://www.trendyol.com/ifc-tasarim/hediyelik-magnet-gold-varakli-seffaf-etiketli-20-adet-nisan-soz-nikah-dugun-organizasyon-hediyelik-p-846886748,İFC TASARIM,9,248,,,,TRY,"[""Kargo Bedava""]",InStock,100 adetten fazla stok sunulmuştur,3 günde 250+ ürün satıldı!,3,250,83.3,4.5,1237,956,,4894,760 kişinin sepetinde,"27,7B kişi favoriledi",Son 24 saatte 803 kişi görüntüledi,4999,TRY,0,2,1,6,Tahmini Teslim:,,https://cdn.dsmcdn.com/ty1467/product/media/images/prod/QC/20240807/21/d187e62e-939c-36e3-87d2-72d5f6ca8d80/1_org_zoom.jpg,"{""Menşei"":""TR"",""Bakım Talimatları (Genel)"":""Ürünün kullanım ömrünü korumak için ürüne özel bakım talimatlarını takip ediniz.""}",20,5,refreshed,"[""daily_top""]",true,2026-08-20T17:07:31+03:00,0,"[""search_result_dom"",""product_detail_jsonld"",""product_detail_dom""]","{""title"":""observed"",""brand"":""observed"",""seller_name"":""observed"",""seller_score"":""observed"",""price"":""observed"",""original_price"":""unavailable"",""campaigns"":""observed"",""stock_status"":""observed"",""stock_signal"":""observed"",""rating"":""observed"",""rating_count"":""observed"",""review_count"":""observed"",""question_count"":""observed"",""delivery_summary"":""observed"",""shipping_cost"":""observed"",""properties"":""observed""}",true,
2026-08-20,2026-08-20T17:07:31+03:00,hobi,BEST_SELLER,hobi-cok-satanlar,Trendyol Hobi / Çok Satanlar,41,1,41,41,41,hobi:hobi-cok-satanlar,41,,54.6,24.2,81988822,,81988822:unknown,sgeteknoloji Sge Güneş Enerjili 7 Metre 50 Led Sarı Bahçe Parti Balkon Süsü Aydınlatma Lambası,sgeteknoloji,Led Işık,https://www.trendyol.com/sgeteknoloji/sge-gunes-enerjili-7-metre-50-led-sari-bahce-parti-balkon-susu-aydinlatma-lambasi-p-81988822,SGETEKNOLOJİ,95,490.92,699,29.8,,TRY,"[""Trendyol Plus'a Özel"",""50 TL Kupon"",""Kargo Bedava""]",InStock,100 adetten fazla stok sunulmuştur,3 günde 250+ ürün satıldı!,3,250,83.3,4.4,665,383,,181,"1,2B kişinin sepetinde","40,8B kişi favoriledi","Son 24 saatte 1,3B kişi görüntüledi",4999,TRY,0,1,1,4,6 saat 50 dakika içinde sipariş verirsen en geç yarın kargoda!,,https://cdn.dsmcdn.com/ty437/product/media/images/20220521/11/114396854/138582989/1/1_org_zoom.jpg,"{""Ebatlar"":""Tek Ebat"",""Renk"":""Sarı"",""Menşei"":""TR"",""Enerji Tasarrufu"":""Var""}",20,5,refreshed,"[""daily_top""]",true,2026-08-20T17:07:31+03:00,0,"[""search_result_dom"",""product_detail_jsonld"",""product_detail_dom""]","{""title"":""observed"",""brand"":""observed"",""seller_name"":""observed"",""seller_score"":""observed"",""price"":""observed"",""original_price"":""observed"",""campaigns"":""observed"",""stock_status"":""observed"",""stock_signal"":""observed"",""rating"":""observed"",""rating_count"":""observed"",""review_count"":""observed"",""question_count"":""observed"",""delivery_summary"":""observed"",""shipping_cost"":""observed"",""properties"":""observed""}",true,
2026-08-20,2026-08-20T17:07:31+03:00,hobi,BEST_SELLER,hobi-cok-satanlar,Trendyol Hobi / Çok Satanlar,42,1,42,42,42,hobi:hobi-cok-satanlar,42,,29.3,19.3,758796460,,758796460:unknown,kar-bul 5mt Kumandalı Işıldak Rgb Şerit Led Lamba Iç Ve Dış Mekan Silikon Yapışkanlı Aydınlatma,kar-bul,Led Işık,https://www.trendyol.com/kar-bul/5mt-kumandali-isildak-rgb-serit-led-lamba-ic-ve-dis-mekan-silikon-yapiskanli-aydinlatma-p-758796460,GOLD STORY,83,279.9,,,,TRY,"[""Kargo Bedava""]",InStock,100 adetten fazla stok sunulmuştur,3 günde 250+ ürün satıldı!,3,250,83.3,3.8,2502,1368,,2044,5B kişinin sepetinde,"57,3B kişi favoriledi","Son 24 saatte 1,6B kişi görüntüledi",4999,TRY,0,1,1,4,6 saat 50 dakika içinde sipariş verirsen en geç yarın kargoda!,,https://cdn.dsmcdn.com/ty1932/prod/QC_ENRICHMENT/20260805/23/0142c2e4-5b81-35f7-99bd-6502b0383713/1_org_zoom.jpg,"{""Ebatlar"":""5 metre"",""Renk"":""Çok Renkli"",""Menşei"":""TR"",""Özellik"":""Kumandalı""}",20,5,refreshed,"[""daily_top""]",true,2026-08-20T17:07:31+03:00,0,"[""search_result_dom"",""product_detail_jsonld"",""product_detail_dom""]","{""title"":""observed"",""brand"":""observed"",""seller_name"":""observed"",""seller_score"":""observed"",""price"":""observed"",""original_price"":""unavailable"",""campaigns"":""observed"",""stock_status"":""observed"",""stock_signal"":""observed"",""rating"":""observed"",""rating_count"":""observed"",""review_count"":""observed"",""question_count"":""observed"",""delivery_summary"":""observed"",""shipping_cost"":""observed"",""properties"":""observed""}",true,
2026-08-20,2026-08-20T17:07:31+03:00,hobi,BEST_SELLER,hobi-cok-satanlar,Trendyol Hobi / Çok Satanlar,43,1,43,43,43,hobi:hobi-cok-satanlar,43,,22.9,25.2,112614091,,112614091:unknown,yiğit aksesuar 2 Adet Esnek Misina Lastik Ip 1 Mm Şeffaf 5 Metre,yiğit aksesuar,Boncuk,https://www.trendyol.com/yigit-aksesuar/2-adet-esnek-misina-lastik-ip-1-mm-seffaf-5-metre-p-112614091,YİĞİT AKSESUAR,91,35,,,,TRY,"[""Kargo Bedava""]",InStock,100 adetten fazla stok sunulmuştur,3 günde 250+ ürün satıldı!,3,250,83.3,4.6,559,216,,94,"1,2B kişinin sepetinde","12,1B kişi favoriledi",,4999,TRY,0,1,1,4,6 saat 50 dakika içinde sipariş verirsen en geç yarın kargoda!,,https://cdn.dsmcdn.com/ty1154/product/media/images/prod/SPM/PIM/20240131/18/d66a8807-edf5-3d1c-aea5-88f7419f155c/1_org_zoom.jpg,"{""Menşei"":""CN"",""Bakım Talimatları (Genel)"":""Ürünün kullanım ömrünü korumak için ürüne özel bakım talimatlarını takip ediniz.""}",20,5,refreshed,"[""daily_top""]",true,2026-08-20T17:07:31+03:00,0,"[""search_result_dom"",""product_detail_jsonld"",""product_detail_dom""]","{""title"":""observed"",""brand"":""observed"",""seller_name"":""observed"",""seller_score"":""observed"",""price"":""observed"",""original_price"":""unavailable"",""campaigns"":""observed"",""stock_status"":""observed"",""stock_signal"":""observed"",""rating"":""observed"",""rating_count"":""observed"",""review_count"":""observed"",""question_count"":""observed"",""delivery_summary"":""observed"",""shipping_cost"":""observed"",""properties"":""observed""}",true,
2026-08-20,2026-08-20T17:07:31+03:00,hobi,BEST_SELLER,hobi-cok-satanlar,Trendyol Hobi / Çok Satanlar,44,1,44,44,44,hobi:hobi-cok-satanlar,44,,28.9,18.7,970677531,,970677531:unknown,Altun Büyük Boy Plastik Istaka Melamin Taş Okey Takımı,Altun,Okey Takımı,https://www.trendyol.com/altun/buyuk-boy-plastik-istaka-melamin-tas-okey-takimi-p-970677531,Altun,,549.99,,,,TRY,"[""Kargo Bedava""]",InStock,100 adetten fazla stok sunulmuştur,3 günde 250+ ürün satıldı!,3,250,83.3,4.1,2215,1223,,210,"2,9B kişinin sepetinde","64,5B kişi favoriledi","Son 24 saatte 1,2B kişi görüntüledi",4999,TRY,0,2,1,6,Tahmini Teslim:,,https://cdn.dsmcdn.com/ty1905/prod/QC_ENRICHMENT/20260703/12/049e30bc-b98f-31d9-9302-468bc66f67a7/1_org_zoom.jpg,"{""Menşei"":""TR"",""Ürün Uyarıları (Oyuncak)"":""6 YAŞINDAN KÜÇÜKLER İÇİN TEHLİKELİ"",""Özellik"":""Katı""}",20,5,refreshed,"[""daily_top""]",true,2026-08-20T17:07:31+03:00,0,"[""search_result_dom"",""product_detail_jsonld"",""product_detail_dom""]","{""title"":""observed"",""brand"":""observed"",""seller_name"":""observed"",""seller_score"":""unavailable"",""price"":""observed"",""original_price"":""unavailable"",""campaigns"":""observed"",""stock_status"":""observed"",""stock_signal"":""observed"",""rating"":""observed"",""rating_count"":""observed"",""review_count"":""observed"",""question_count"":""observed"",""delivery_summary"":""observed"",""shipping_cost"":""observed"",""properties"":""observed""}",true,
2026-08-20,2026-08-20T17:07:31+03:00,hobi,BEST_SELLER,hobi-cok-satanlar,Trendyol Hobi / Çok Satanlar,45,1,45,45,45,hobi:hobi-cok-satanlar,45,,6.6,40.5,1162276275,,1162276275:unknown,"ZEYMERADE Beyaz Gül Yaprağı Yapay, 100 Adet, Hediye Süs Düğün Kına Söz Nişan Parti Süsleme Romantik Dekor",ZEYMERADE,,https://www.trendyol.com/zeymerade/beyaz-gul-yapragi-yapay-100-adet-hediye-sus-dugun-kina-soz-nisan-parti-susleme-romantik-dekor-p-1162276275,ZEYMERADE,,33.75,,,,TRY,"[""Kargo Bedava""]",InStock,100 adetten fazla stok sunulmuştur,3 günde 250+ ürün satıldı!,3,250,83.3,5,1,,,1,,,Son 24 saatte 303 kişi görüntüledi,,,0,,,,6 saat 50 dakika içinde sipariş verirsen en geç yarın kargoda!,,,{},0,,refreshed,"[""daily_top""]",true,2026-08-20T17:07:31+03:00,0,"[""search_result_dom"",""product_detail_jsonld"",""product_detail_dom""]","{""title"":""observed"",""brand"":""observed"",""seller_name"":""observed"",""seller_score"":""unavailable"",""price"":""observed"",""original_price"":""unavailable"",""campaigns"":""observed"",""stock_status"":""observed"",""stock_signal"":""observed"",""rating"":""observed"",""rating_count"":""observed"",""review_count"":""unavailable"",""question_count"":""observed"",""delivery_summary"":""observed"",""shipping_cost"":""unavailable"",""properties"":""observed""}",true,
2026-08-20,2026-08-20T17:07:31+03:00,hobi,BEST_SELLER,hobi-cok-satanlar,Trendyol Hobi / Çok Satanlar,46,1,46,46,46,hobi:hobi-cok-satanlar,46,,28.9,17.6,169667952,,169667952:unknown,"ZEYMERADE Siyah Süsleme Tülü, Bohça Çeyiz Gelin Damat Söz Nişan Nikah Kapı Konvoy Valiz Hediye Süsü, 100x300cm",ZEYMERADE,,https://www.trendyol.com/zeymerade/siyah-susleme-tulu-bohca-ceyiz-gelin-damat-soz-nisan-nikah-kapi-konvoy-valiz-hediye-susu-100x300cm-p-169667952,ZEYMERADE,,49.9,,,,TRY,"[""Kargo Bedava""]",InStock,100 adetten fazla stok sunulmuştur,3 günde 250+ ürün satıldı!,3,250,83.3,4.7,1245,,,81,328 kişinin sepetinde,"20,7B kişi favoriledi",,,,0,,,,6 saat 50 dakika içinde sipariş verirsen en geç yarın kargoda!,,,{},0,,refreshed,"[""daily_top""]",true,2026-08-20T17:07:31+03:00,0,"[""search_result_dom"",""product_detail_jsonld"",""product_detail_dom""]","{""title"":""observed"",""brand"":""observed"",""seller_name"":""observed"",""seller_score"":""unavailable"",""price"":""observed"",""original_price"":""unavailable"",""campaigns"":""observed"",""stock_status"":""observed"",""stock_signal"":""observed"",""rating"":""observed"",""rating_count"":""observed"",""review_count"":""unavailable"",""question_count"":""observed"",""delivery_summary"":""observed"",""shipping_cost"":""unavailable"",""properties"":""observed""}",true,
2026-08-20,2026-08-20T17:07:31+03:00,hobi,BEST_SELLER,hobi-cok-satanlar,Trendyol Hobi / Çok Satanlar,47,1,47,47,47,hobi:hobi-cok-satanlar,47,,33.3,12.8,850696142,,850696142:unknown,"exzone Led Işıklı Pembe Kelebek Buketi Love Ambalajlı, Dekoratif Konsept Hediye Anneye, Sevgiliye,arkadaşa",exzone,Konsept Hediyelik,https://www.trendyol.com/exzone/led-isikli-pembe-kelebek-buketi-love-ambalajli-dekoratif-konsept-hediye-anneye-sevgiliye-arkadasa-p-850696142,EXZONE BUKET,89,319,,,,TRY,"[""Kargo Bedava""]",InStock,100 adetten fazla stok sunulmuştur,3 günde 250+ ürün satıldı!,3,250,83.3,4.4,8036,4358,,5117,"3,1B kişinin sepetinde","228,1B kişi favoriledi","Son 24 saatte 1,5B kişi görüntüledi",4999,TRY,0,1,1,4,6 saat 50 dakika içinde sipariş verirsen en geç yarın kargoda!,,https://cdn.dsmcdn.com/ty1800/prod/QC_ENRICHMENT/20251217/17/a096e7e2-5206-3fa5-8807-c929ac4324cc/1_org_zoom.jpg,"{""Diğer Özellikler"":""ışıklı"",""Menşei"":""TR""}",20,5,refreshed,"[""daily_top""]",true,2026-08-20T17:07:31+03:00,0,"[""search_result_dom"",""product_detail_jsonld"",""product_detail_dom""]","{""title"":""observed"",""brand"":""observed"",""seller_name"":""observed"",""seller_score"":""observed"",""price"":""observed"",""original_price"":""unavailable"",""campaigns"":""observed"",""stock_status"":""observed"",""stock_signal"":""observed"",""rating"":""observed"",""rating_count"":""observed"",""review_count"":""observed"",""question_count"":""observed"",""delivery_summary"":""observed"",""shipping_cost"":""observed"",""properties"":""observed""}",true,
2026-08-20,2026-08-20T17:07:31+03:00,hobi,BEST_SELLER,hobi-cok-satanlar,Trendyol Hobi / Çok Satanlar,48,1,48,48,48,hobi:hobi-cok-satanlar,48,,26.4,19.2,955705910,,955705910:unknown,"ERSE HOME 20 Adet Kraft Kutu İçinde Lotus Mum, Düğün, Nişan, Söz, Kına, Doğum Günü",ERSE HOME,Söz Hediyelik,https://www.trendyol.com/erse-home/20-adet-kraft-kutu-icinde-lotus-mum-dugun-nisan-soz-kina-dogum-gunu-p-955705910,MayTrend,79,248,,,,TRY,"[""40 TL Kupon"",""Kargo Bedava""]",InStock,10 adetten fazla stok sunulmuştur,3 günde 250+ ürün satıldı!,3,250,83.3,4.4,915,605,,3194,433 kişinin sepetinde,"30,5B kişi favoriledi",Son 24 saatte 570 kişi görüntüledi,4999,TRY,0,2,1,6,Tahmini Teslim:,,https://cdn.dsmcdn.com/ty1709/prod/QC_PREP/20250712/11/9f6f27b6-4a2e-3035-886f-a39d756378a8/1_org_zoom.jpg,"{""Diğer Özellikler"":""lotus, hediye, düğün, nişan, kına, kişiselleştirilebilir"",""Menşei"":""TR"",""Bakım Talimatları (Genel)"":""Gıda ile temas için uygun değildir.""}",20,5,refreshed,"[""daily_top""]",true,2026-08-20T17:07:31+03:00,0,"[""search_result_dom"",""product_detail_jsonld"",""product_detail_dom""]","{""title"":""observed"",""brand"":""observed"",""seller_name"":""observed"",""seller_score"":""observed"",""price"":""observed"",""original_price"":""unavailable"",""campaigns"":""observed"",""stock_status"":""observed"",""stock_signal"":""observed"",""rating"":""observed"",""rating_count"":""observed"",""review_count"":""observed"",""question_count"":""observed"",""delivery_summary"":""observed"",""shipping_cost"":""observed"",""properties"":""observed""}",true,
2026-08-20,2026-08-20T17:07:31+03:00,hobi,BEST_SELLER,hobi-cok-satanlar,Trendyol Hobi / Çok Satanlar,49,1,49,49,49,hobi:hobi-cok-satanlar,49,,29.1,16,376304346,,376304346:unknown,"ZEYMERADE Karışık Renk Şifon Gelin Damat Halay Mendili, Hediye Mendil 10 Adet, Düğün Kına Sünnet Nişan Sünnet",ZEYMERADE,,https://www.trendyol.com/zeymerade/karisik-renk-sifon-gelin-damat-halay-mendili-hediye-mendil-10-adet-dugun-kina-sunnet-nisan-sunnet-p-376304346,ZEYMERADE,,199.9,,,,TRY,"[""Kargo Bedava""]",InStock,100 adetten fazla stok sunulmuştur,3 günde 250+ ürün satıldı!,3,250,83.3,4.4,1291,,,144,947 kişinin sepetinde,"38,3B kişi favoriledi",Son 24 saatte 969 kişi görüntüledi,,,0,,,,6 saat 50 dakika içinde sipariş verirsen en geç yarın kargoda!,,,{},0,,refreshed,"[""daily_top""]",true,2026-08-20T17:07:31+03:00,0,"[""search_result_dom"",""product_detail_jsonld"",""product_detail_dom""]","{""title"":""observed"",""brand"":""observed"",""seller_name"":""observed"",""seller_score"":""unavailable"",""price"":""observed"",""original_price"":""unavailable"",""campaigns"":""observed"",""stock_status"":""observed"",""stock_signal"":""observed"",""rating"":""observed"",""rating_count"":""observed"",""review_count"":""unavailable"",""question_count"":""observed"",""delivery_summary"":""observed"",""shipping_cost"":""unavailable"",""properties"":""observed""}",true,
2026-08-20,2026-08-20T17:07:31+03:00,hobi,BEST_SELLER,hobi-cok-satanlar,Trendyol Hobi / Çok Satanlar,50,1,50,50,50,hobi:hobi-cok-satanlar,50,,49.1,27.9,894078685,,894078685:unknown,Kullanatsepetim Plastik Pet Bardak Otomat Bardağı 180 cc 100 Adet,Kullanatsepetim,Plastik Bardak,https://www.trendyol.com/kullanatsepetim/plastik-pet-bardak-otomat-bardagi-180-cc-100-adet-p-894078685,Ambalaj Express,96,49.99,74,32.4,,TRY,"[""Son 10 Günün En Düşük Fiyatı"",""Kargo Bedava"",""Son 10 günün en düşük fiyatı""]",InStock,100 adetten fazla stok sunulmuştur,3 günde 250+ ürün satıldı!,3,250,83.3,4.6,68,36,,7,,"1,5B kişi favoriledi",Son 24 saatte 306 kişi görüntüledi,4999,TRY,0,1,1,4,6 saat 50 dakika içinde sipariş verirsen en geç yarın kargoda!,,https://cdn.dsmcdn.com/ty1851/prod/QC_ENRICHMENT/20260408/14/c1ec483f-5af8-3c5f-875c-5ddfc6a03014/1_org_zoom.jpg,"{""Menşei"":""TR"",""Materyal"":""Plastik""}",20,5,refreshed,"[""daily_top""]",true,2026-08-20T17:07:31+03:00,0,"[""search_result_dom"",""product_detail_jsonld"",""product_detail_dom""]","{""title"":""observed"",""brand"":""observed"",""seller_name"":""observed"",""seller_score"":""observed"",""price"":""observed"",""original_price"":""observed"",""campaigns"":""observed"",""stock_status"":""observed"",""stock_signal"":""observed"",""rating"":""observed"",""rating_count"":""observed"",""review_count"":""observed"",""question_count"":""observed"",""delivery_summary"":""observed"",""shipping_cost"":""observed"",""properties"":""observed""}",true,
2026-08-20,2026-08-20T17:07:31+03:00,hobi,BEST_SELLER,hobi-cok-satanlar,Trendyol Hobi / Çok Satanlar,51,1,51,51,51,hobi:hobi-cok-satanlar,51,,25.7,18.9,1055240435,,1055240435:unknown,"Genel Markalar İstiridye Anahtarlık 10 Adet Nişan,Kına ,Nikah, Söz Hediyelik",Genel Markalar,Söz Hediyelik,https://www.trendyol.com/genel-markalar/istiridye-anahtarlik-10-adet-nisan-kina-nikah-soz-hediyelik-p-1055240435,HEN GSM,92,89,,,,TRY,"[""30 TL Kupon"",""30,96 TL Kupon"",""Kargo Bedava"",""Son 10 Günün En Düşük Fiyatı"",""Trendyol Plus'a Özel""]",InStock,100 adetten fazla stok sunulmuştur,3 günde 250+ ürün satıldı!,3,250,83.3,4.3,613,484,,2573,310 kişinin sepetinde,"20,4B kişi favoriledi",Son 24 saatte 300 kişi görüntüledi,4999,TRY,0,6,1,9,6 saat 50 dakika içinde sipariş verirsen en geç yarın kargoda!,,https://cdn.dsmcdn.com/ty1792/prod/QC_PREP/20251123/03/8dccdf27-fbd9-3324-bc0b-2b94c7088c6b/1_org_zoom.jpg,"{""Diğer Özellikler"":""Ürün Demonte gönderilir"",""Menşei"":""TR""}",20,5,refreshed,"[""daily_top""]",true,2026-08-20T17:07:31+03:00,0,"[""search_result_dom"",""product_detail_jsonld"",""product_detail_dom""]","{""title"":""observed"",""brand"":""observed"",""seller_name"":""observed"",""seller_score"":""observed"",""price"":""observed"",""original_price"":""unavailable"",""campaigns"":""observed"",""stock_status"":""observed"",""stock_signal"":""observed"",""rating"":""observed"",""rating_count"":""observed"",""review_count"":""observed"",""question_count"":""observed"",""delivery_summary"":""observed"",""shipping_cost"":""observed"",""properties"":""observed""}",true,
2026-08-20,2026-08-20T17:07:31+03:00,hobi,BEST_SELLER,hobi-cok-satanlar,Trendyol Hobi / Çok Satanlar,52,1,52,52,52,hobi:hobi-cok-satanlar,52,,23.4,21.2,366140249,,366140249:unknown,Genel Markalar 100 Adet 100 Dolar Geçersiz Sahte Düğün Parası Oyun Parası 100x100 Dolar,Genel Markalar,Diğer Parti Malzemeleri,https://www.trendyol.com/genel-markalar/100-adet-100-dolar-gecersiz-sahte-dugun-parasi-oyun-parasi-100x100-dolar-p-366140249,,,45,,,,TRY,"[""10 TL Kupon"",""Kargo Bedava""]",InStock,,3 günde 250+ ürün satıldı!,3,250,83.3,4.1,560,253,,106,613 kişinin sepetinde,"12,5B kişi favoriledi",,4999,TRY,0,1,1,4,6 saat 50 dakika içinde sipariş verirsen en geç yarın kargoda!,,https://cdn.dsmcdn.com/ty560/product/media/images/20221011/10/190927643/593412420/1/1_org_zoom.jpg,"{""Renk"":""Çok Renkli"",""Menşei"":""TR""}",20,5,refreshed,"[""daily_top""]",true,2026-08-20T17:07:31+03:00,0,"[""search_result_dom"",""product_detail_jsonld"",""product_detail_dom""]","{""title"":""observed"",""brand"":""observed"",""seller_name"":""unavailable"",""seller_score"":""unavailable"",""price"":""observed"",""original_price"":""unavailable"",""campaigns"":""observed"",""stock_status"":""observed"",""stock_signal"":""unavailable"",""rating"":""observed"",""rating_count"":""observed"",""review_count"":""observed"",""question_count"":""observed"",""delivery_summary"":""observed"",""shipping_cost"":""observed"",""properties"":""observed""}",true,
2026-08-20,2026-08-20T17:07:31+03:00,hobi,BEST_SELLER,hobi-cok-satanlar,Trendyol Hobi / Çok Satanlar,53,1,53,53,53,hobi:hobi-cok-satanlar,53,,46.8,23.5,799882457,,799882457:unknown,"ZEYMERADE Kırmızı Gül Kurusu Yaprağı, Romantik Dekor Hediye Süs Düğün Kına Söz Nişan Parti Süsleme Gülü 100 Gr",ZEYMERADE,,https://www.trendyol.com/zeymerade/kirmizi-gul-kurusu-yapragi-romantik-dekor-hediye-sus-dugun-kina-soz-nisan-parti-susleme-gulu-100-gr-p-799882457,ZEYMERADE,,48.91,65.94,25.8,,TRY,"[""Son 10 Günün En Düşük Fiyatı"",""Kargo Bedava"",""Son 10 günün en düşük fiyatı""]",InStock,100 adetten fazla stok sunulmuştur,3 günde 250+ ürün satıldı!,3,250,83.3,4.4,128,,,12,530 kişinin sepetinde,"5,9B kişi favoriledi",Son 24 saatte 302 kişi görüntüledi,,,0,,,,6 saat 50 dakika içinde sipariş verirsen en geç yarın kargoda!,,,{},0,,refreshed,"[""daily_top""]",true,2026-08-20T17:07:31+03:00,0,"[""search_result_dom"",""product_detail_jsonld"",""product_detail_dom""]","{""title"":""observed"",""brand"":""observed"",""seller_name"":""observed"",""seller_score"":""unavailable"",""price"":""observed"",""original_price"":""observed"",""campaigns"":""observed"",""stock_status"":""observed"",""stock_signal"":""observed"",""rating"":""observed"",""rating_count"":""observed"",""review_count"":""unavailable"",""question_count"":""observed"",""delivery_summary"":""observed"",""shipping_cost"":""unavailable"",""properties"":""observed""}",true,
2026-08-20,2026-08-20T17:07:31+03:00,hobi,BEST_SELLER,hobi-cok-satanlar,Trendyol Hobi / Çok Satanlar,54,1,54,54,54,hobi:hobi-cok-satanlar,54,,11.8,32.8,1179499874,,1179499874:unknown,Ambalaj Express.com.tr 400 Cc Plastik Pet Limonata Milkshake Bardağı 10 Adet Klips Kapaklı,Ambalaj Express.com.tr,Plastik Bardak,https://www.trendyol.com/ambalaj-express-com-tr/400-cc-plastik-pet-limonata-milkshake-bardagi-10-adet-klips-kapakli-p-1179499874,Ambalaj Express,96,68,,,,TRY,"[""Kargo Bedava""]",InStock,100 adetten fazla stok sunulmuştur,3 günde 250+ ürün satıldı!,3,250,83.3,5,13,8,,8,531 kişinin sepetinde,"1,8B kişi favoriledi",Son 24 saatte 697 kişi görüntüledi,4999,TRY,0,1,1,4,6 saat 50 dakika içinde sipariş verirsen en geç yarın kargoda!,,https://cdn.dsmcdn.com/ty1943/prod/QC_PREP/20260804/11/0478e772-684d-355f-8f6e-fc09add92399/1_org_zoom.jpg,"{""Menşei"":""TR"",""Materyal"":""Plastik""}",8,5,refreshed,"[""daily_top""]",true,2026-08-20T17:07:31+03:00,0,"[""search_result_dom"",""product_detail_jsonld"",""product_detail_dom""]","{""title"":""observed"",""brand"":""observed"",""seller_name"":""observed"",""seller_score"":""observed"",""price"":""observed"",""original_price"":""unavailable"",""campaigns"":""observed"",""stock_status"":""observed"",""stock_signal"":""observed"",""rating"":""observed"",""rating_count"":""observed"",""review_count"":""observed"",""question_count"":""observed"",""delivery_summary"":""observed"",""shipping_cost"":""observed"",""properties"":""observed""}",true,
2026-08-20,2026-08-20T17:07:31+03:00,hobi,BEST_SELLER,hobi-cok-satanlar,Trendyol Hobi / Çok Satanlar,55,1,55,55,55,hobi:hobi-cok-satanlar,55,,47.1,27.5,1158160067,,1158160067:unknown,Go Toys Yumuşak Yapı Blokları 48 Prc - Bublox Soft Bricks - Yumuşak Yapı Blokları,Go Toys,Diğer Oyun Takımları,https://www.trendyol.com/go-toys/yumusak-yapi-bloklari-48-prc-bublox-soft-bricks-yumusak-yapi-bloklari-p-1158160067,,,433.3,619,30,,TRY,"[""Sepette %30 İndirim"",""Kargo Bedava""]",InStock,,3 günde 250+ ürün satıldı!,3,250,83.3,4.3,68,40,,,,,,4999,TRY,0,1,1,4,Tahmini Teslim:,,https://cdn.dsmcdn.com/ty1914/prod/QC_PREP/20260619/11/0a79a7b9-8f20-3d54-89d6-cf75f29ff67b/1_org_zoom.jpg,"{""Parça Sayısı"":""48"",""Yaş"":""1+ Yaş"",""Menşei"":""TR""}",20,5,refreshed,"[""daily_top""]",true,2026-08-20T17:07:31+03:00,0,"[""search_result_dom"",""product_detail_jsonld"",""product_detail_dom""]","{""title"":""observed"",""brand"":""observed"",""seller_name"":""unavailable"",""seller_score"":""unavailable"",""price"":""observed"",""original_price"":""observed"",""campaigns"":""observed"",""stock_status"":""observed"",""stock_signal"":""unavailable"",""rating"":""observed"",""rating_count"":""observed"",""review_count"":""observed"",""question_count"":""unavailable"",""delivery_summary"":""observed"",""shipping_cost"":""observed"",""properties"":""observed""}",true,
2026-08-20,2026-08-20T17:07:31+03:00,hobi,BEST_SELLER,hobi-cok-satanlar,Trendyol Hobi / Çok Satanlar,56,1,56,56,56,hobi:hobi-cok-satanlar,56,,1.7,,391597334,,391597334:unknown,"ZEYMERADE Kırmızı Nedime Kol Kurdele Bileklik Bant, Kına Gecesi Düğün Bride Bekarlığa Veda Söz, 1 Adet",ZEYMERADE,,https://www.trendyol.com/zeymerade/kirmizi-nedime-kol-kurdele-bileklik-bant-kina-gecesi-dugun-bride-bekarliga-veda-soz-1-adet-p-391597334,,,16.64,,,,TRY,"[""Kargo Bedava""]",InStock,,3 günde 100+ ürün satıldı!,3,100,33.3,,,,,,,,,,,0,,,,Tahmini Teslim:,,,{},0,,refreshed,"[""daily_top""]",true,2026-08-20T17:07:31+03:00,0,"[""search_result_dom"",""product_detail_jsonld"",""product_detail_dom""]","{""title"":""observed"",""brand"":""observed"",""seller_name"":""unavailable"",""seller_score"":""unavailable"",""price"":""observed"",""original_price"":""unavailable"",""campaigns"":""observed"",""stock_status"":""observed"",""stock_signal"":""unavailable"",""rating"":""unavailable"",""rating_count"":""unavailable"",""review_count"":""unavailable"",""question_count"":""unavailable"",""delivery_summary"":""observed"",""shipping_cost"":""unavailable"",""properties"":""observed""}",true,
2026-08-20,2026-08-20T17:07:31+03:00,hobi,BEST_SELLER,hobi-cok-satanlar,Trendyol Hobi / Çok Satanlar,57,1,57,57,57,hobi:hobi-cok-satanlar,57,,1.7,,1151366497,,1151366497:unknown,ecrin tuhafiye hobi Bordo Düğün Arabası Süsü Gelin Arabası Konvoy Süsü & Bohça Süsü 1 Adet,ecrin tuhafiye hobi,,https://www.trendyol.com/ecrin-tuhafiye-hobi/bordo-dugun-arabasi-susu-gelin-arabasi-konvoy-susu-bohca-susu-1-adet-p-1151366497,,,49.5,,,,TRY,"[""Kargo Bedava""]",InStock,,3 günde 100+ ürün satıldı!,3,100,33.3,,,,,,,,,,,0,,,,Tahmini Teslim:,,,{},0,,refreshed,"[""daily_top""]",true,2026-08-20T17:07:31+03:00,0,"[""search_result_dom"",""product_detail_jsonld"",""product_detail_dom""]","{""title"":""observed"",""brand"":""observed"",""seller_name"":""unavailable"",""seller_score"":""unavailable"",""price"":""observed"",""original_price"":""unavailable"",""campaigns"":""observed"",""stock_status"":""observed"",""stock_signal"":""unavailable"",""rating"":""unavailable"",""rating_count"":""unavailable"",""review_count"":""unavailable"",""question_count"":""unavailable"",""delivery_summary"":""observed"",""shipping_cost"":""unavailable"",""properties"":""observed""}",true,
2026-08-20,2026-08-20T17:07:31+03:00,hobi,BEST_SELLER,hobi-cok-satanlar,Trendyol Hobi / Çok Satanlar,58,1,58,58,58,hobi:hobi-cok-satanlar,58,,44.6,14.7,941196442,,941196442:unknown,Lazım Shop 2 Adet Doğal Serinletici Yelpaze,Lazım Shop,Konsept Hediyelik,https://www.trendyol.com/lazim-shop/2-adet-dogal-serinletici-yelpaze-p-941196442,,,49.9,65.25,23.5,,TRY,"[""Son 10 Günün En Düşük Fiyatı"",""Sepette %2 İndirim"",""Kargo Bedava"",""Son 10 günün en düşük fiyatı""]",InStock,,3 günde 100+ ürün satıldı!,3,100,33.3,3.9,430,269,,,,,,4999,TRY,0,1,1,4,Tahmini Teslim:,,https://cdn.dsmcdn.com/ty1693/prod/QC_ENRICHMENT/20250617/10/8facce93-f14c-3265-9a50-9f1ea8ecb9fe/1_org_zoom.jpg,"{""Diğer Özellikler"":""Doğal Serinletici"",""Menşei"":""CN""}",20,5,refreshed,"[""daily_top""]",true,2026-08-20T17:07:31+03:00,0,"[""search_result_dom"",""product_detail_jsonld"",""product_detail_dom""]","{""title"":""observed"",""brand"":""observed"",""seller_name"":""unavailable"",""seller_score"":""unavailable"",""price"":""observed"",""original_price"":""observed"",""campaigns"":""observed"",""stock_status"":""observed"",""stock_signal"":""unavailable"",""rating"":""observed"",""rating_count"":""observed"",""review_count"":""observed"",""question_count"":""unavailable"",""delivery_summary"":""observed"",""shipping_cost"":""observed"",""properties"":""observed""}",true,
2026-08-20,2026-08-20T17:07:31+03:00,hobi,BEST_SELLER,hobi-cok-satanlar,Trendyol Hobi / Çok Satanlar,59,1,59,59,59,hobi:hobi-cok-satanlar,59,,21.6,14.2,313947774,,313947774:unknown,Genel Markalar Küçük Ahşap Mini Mandal Fotoğraf Not Tutucu Mandal 10 Adet -,Genel Markalar,Diğer Parti Malzemeleri,https://www.trendyol.com/genel-markalar/kucuk-ahsap-mini-mandal-fotograf-not-tutucu-mandal-10-adet-p-313947774,,,15.5,,,,TRY,"[""Kargo Bedava""]",InStock,,3 günde 100+ ürün satıldı!,3,100,33.3,4.1,556,312,,,,,,4999,TRY,0,1,1,4,Tahmini Teslim:,,https://cdn.dsmcdn.com/ty1320/product/media/images/prod/QC/20240516/10/083c711f-e468-38ae-906c-e5c73df00acf/1_org_zoom.jpg,"{""Renk"":""Kahverengi"",""Menşei"":""TR""}",20,5,refreshed,"[""daily_top""]",true,2026-08-20T17:07:31+03:00,0,"[""search_result_dom"",""product_detail_jsonld"",""product_detail_dom""]","{""title"":""observed"",""brand"":""observed"",""seller_name"":""unavailable"",""seller_score"":""unavailable"",""price"":""observed"",""original_price"":""unavailable"",""campaigns"":""observed"",""stock_status"":""observed"",""stock_signal"":""unavailable"",""rating"":""observed"",""rating_count"":""observed"",""review_count"":""observed"",""question_count"":""unavailable"",""delivery_summary"":""observed"",""shipping_cost"":""observed"",""properties"":""observed""}",true,
2026-08-20,2026-08-20T17:07:31+03:00,hobi,BEST_SELLER,hobi-cok-satanlar,Trendyol Hobi / Çok Satanlar,60,1,60,60,60,hobi:hobi-cok-satanlar,60,,21.4,14.4,1138099318,,1138099318:unknown,KİNKU Donald Duck & Daisy Duck –,KİNKU,3D Yapboz,https://www.trendyol.com/kinku/donald-duck-daisy-duck-p-1138099318,,,187.23,,,,TRY,"[""Kargo Bedava""]",InStock,,3 günde 100+ ürün satıldı!,3,100,33.3,4.7,504,295,,,,,,4999,TRY,0,1,1,4,Tahmini Teslim:,,https://cdn.dsmcdn.com/ty1903/prod/QC_ENRICHMENT/20260729/18/9fe606f2-c199-35d9-8532-2ee28de0ccd5/1_org_zoom.jpg,"{""Menşei"":""CN""}",20,5,refreshed,"[""daily_top""]",true,2026-08-20T17:07:31+03:00,0,"[""search_result_dom"",""product_detail_jsonld"",""product_detail_dom""]","{""title"":""observed"",""brand"":""observed"",""seller_name"":""unavailable"",""seller_score"":""unavailable"",""price"":""observed"",""original_price"":""unavailable"",""campaigns"":""observed"",""stock_status"":""observed"",""stock_signal"":""unavailable"",""rating"":""observed"",""rating_count"":""observed"",""review_count"":""observed"",""question_count"":""unavailable"",""delivery_summary"":""observed"",""shipping_cost"":""observed"",""properties"":""observed""}",true,
2026-08-20,2026-08-20T17:07:31+03:00,hobi,BEST_SELLER,hobi-cok-satanlar,Trendyol Hobi / Çok Satanlar,61,1,61,61,61,hobi:hobi-cok-satanlar,61,,18.4,17.4,940073261,,940073261:unknown,Genel Markalar 12'li Eğimli Cam Pipet ve 1 Adet Temizleme Fırçası,Genel Markalar,Pipet,https://www.trendyol.com/genel-markalar/12-li-egimli-cam-pipet-ve-1-adet-temizleme-fircasi-p-940073261,,,39.1,,,,TRY,"[""Sepette %1 İndirim"",""Kargo Bedava""]",InStock,,3 günde 100+ ürün satıldı!,3,100,33.3,4.1,216,123,,,,,,4999,TRY,0,1,1,4,Tahmini Teslim:,,https://cdn.dsmcdn.com/ty1791/prod/QC_ENRICHMENT/20251124/00/a65261af-f43b-33a3-9c6b-88dedbd39b1a/1_org_zoom.jpg,"{""Renk"":""Beyaz"",""Menşei"":""TR"",""Materyal"":""Cam""}",20,5,refreshed,"[""daily_top""]",true,2026-08-20T17:07:31+03:00,0,"[""search_result_dom"",""product_detail_jsonld"",""product_detail_dom""]","{""title"":""observed"",""brand"":""observed"",""seller_name"":""unavailable"",""seller_score"":""unavailable"",""price"":""observed"",""original_price"":""unavailable"",""campaigns"":""observed"",""stock_status"":""observed"",""stock_signal"":""unavailable"",""rating"":""observed"",""rating_count"":""observed"",""review_count"":""observed"",""question_count"":""unavailable"",""delivery_summary"":""observed"",""shipping_cost"":""observed"",""properties"":""observed""}",true,
2026-08-20,2026-08-20T17:07:31+03:00,hobi,BEST_SELLER,hobi-cok-satanlar,Trendyol Hobi / Çok Satanlar,62,1,62,62,62,hobi:hobi-cok-satanlar,62,,17,18.9,972776353,,972776353:unknown,Mind & Play Sessizlikten Sonra - Çiftler İçin Soru Kartları,Mind & Play,Oyun Kartları,https://www.trendyol.com/mind-play/sessizlikten-sonra-ciftler-icin-soru-kartlari-p-972776353,,,399,,,,TRY,"[""Kargo Bedava""]",InStock,,3 günde 100+ ürün satıldı!,3,100,33.3,4.6,186,81,,,,,,4999,TRY,0,1,1,4,Tahmini Teslim:,,https://cdn.dsmcdn.com/ty1726/prod/QC_ENRICHMENT/20250818/12/52907771-9169-3343-af54-f688a92fbbe6/1_org_zoom.jpg,"{""Menşei"":""TR""}",20,5,refreshed,"[""daily_top""]",true,2026-08-20T17:07:31+03:00,0,"[""search_result_dom"",""product_detail_jsonld"",""product_detail_dom""]","{""title"":""observed"",""brand"":""observed"",""seller_name"":""unavailable"",""seller_score"":""unavailable"",""price"":""observed"",""original_price"":""unavailable"",""campaigns"":""observed"",""stock_status"":""observed"",""stock_signal"":""unavailable"",""rating"":""observed"",""rating_count"":""observed"",""review_count"":""observed"",""question_count"":""unavailable"",""delivery_summary"":""observed"",""shipping_cost"":""observed"",""properties"":""observed""}",true,
2026-08-20,2026-08-20T17:07:31+03:00,hobi,BEST_SELLER,hobi-cok-satanlar,Trendyol Hobi / Çok Satanlar,63,1,63,63,63,hobi:hobi-cok-satanlar,63,,1.7,,898096988,,898096988:unknown,Patladı Gitti Yıldız Gold Altın Süs İpe Dizili 4 Metre Uzayan Parti Ramazan Bayramı Süsü Arka Fon Dekor,Patladı Gitti,,https://www.trendyol.com/patladi-gitti/yildiz-gold-altin-sus-ipe-dizili-4-metre-uzayan-parti-ramazan-bayrami-susu-arka-fon-dekor-p-898096988,,,66.63,,,,TRY,"[""Kargo Bedava""]",InStock,,3 günde 100+ ürün satıldı!,3,100,33.3,,,,,,,,,,,0,,,,Tahmini Teslim:,,,{},0,,refreshed,"[""daily_top""]",true,2026-08-20T17:07:31+03:00,0,"[""search_result_dom"",""product_detail_jsonld"",""product_detail_dom""]","{""title"":""observed"",""brand"":""observed"",""seller_name"":""unavailable"",""seller_score"":""unavailable"",""price"":""observed"",""original_price"":""unavailable"",""campaigns"":""observed"",""stock_status"":""observed"",""stock_signal"":""unavailable"",""rating"":""unavailable"",""rating_count"":""unavailable"",""review_count"":""unavailable"",""question_count"":""unavailable"",""delivery_summary"":""observed"",""shipping_cost"":""unavailable"",""properties"":""observed""}",true,
2026-08-20,2026-08-20T17:07:31+03:00,hobi,BEST_SELLER,hobi-cok-satanlar,Trendyol Hobi / Çok Satanlar,64,1,64,64,64,hobi:hobi-cok-satanlar,64,,18.7,19.2,884081642,,884081642:unknown,Sarez Parti Kalp Folyo Balon - 45cm Kırmızı Kalp Helyum Balon - Uçan Balon Evlilik Teklifi,Sarez Parti,,https://www.trendyol.com/sarez-parti/kalp-folyo-balon-45cm-kirmizi-kalp-helyum-balon-ucan-balon-evlilik-teklifi-p-884081642,FortyFour Shop,9,24.49,24.99,2,,TRY,"[""Sepette %2 İndirim"",""Kargo Bedava""]",InStock,100 adetten fazla stok sunulmuştur,3 günde 100+ ürün satıldı!,3,100,33.3,3.9,74,,,64,469 kişinin sepetinde,"2,8B kişi favoriledi",Son 24 saatte 331 kişi görüntüledi,,,0,,,,6 saat 49 dakika içinde sipariş verirsen en geç yarın kargoda!,,,{},0,,refreshed,"[""daily_top""]",true,2026-08-20T17:07:31+03:00,0,"[""search_result_dom"",""product_detail_jsonld"",""product_detail_dom""]","{""title"":""observed"",""brand"":""observed"",""seller_name"":""observed"",""seller_score"":""observed"",""price"":""observed"",""original_price"":""observed"",""campaigns"":""observed"",""stock_status"":""observed"",""stock_signal"":""observed"",""rating"":""observed"",""rating_count"":""observed"",""review_count"":""unavailable"",""question_count"":""observed"",""delivery_summary"":""observed"",""shipping_cost"":""unavailable"",""properties"":""observed""}",true,
2026-08-20,2026-08-20T17:07:31+03:00,hobi,BEST_SELLER,hobi-cok-satanlar,Trendyol Hobi / Çok Satanlar,65,1,65,65,65,hobi:hobi-cok-satanlar,65,,28.7,7.1,64435357,,64435357:unknown,"SULED 5 Metre Pilli Peri Dekor Işık Günışığı, Dekoratif Lamba Gün Işığı Yılbaşı Çam Ağacı Ev Süslemeli",SULED,Led Işık,https://www.trendyol.com/suled/5-metre-pilli-peri-dekor-isik-gunisigi-dekoratif-lamba-gun-isigi-yilbasi-cam-agaci-ev-suslemeli-p-64435357,Quled,84,74,,,,TRY,"[""Kargo Bedava""]",InStock,100 adetten fazla stok sunulmuştur,3 günde 100+ ürün satıldı!,3,100,33.3,4.1,4741,2390,,698,873 kişinin sepetinde,"98,6B kişi favoriledi",Son 24 saatte 588 kişi görüntüledi,4999,TRY,0,1,1,4,6 saat 49 dakika içinde sipariş verirsen en geç yarın kargoda!,,https://cdn.dsmcdn.com/ty1627/prod/QC/20250119/17/76c49d11-5347-309e-81e0-0a6e8b1d673f/1_org_zoom.jpg,"{""Ebatlar"":""5 metre"",""Renk"":""Sarı"",""Menşei"":""TR"",""Özellik"":""Su Geçirmez"",""Enerji Tasarrufu"":""Var""}",20,5,refreshed,"[""daily_top""]",true,2026-08-20T17:07:31+03:00,0,"[""search_result_dom"",""product_detail_jsonld"",""product_detail_dom""]","{""title"":""observed"",""brand"":""observed"",""seller_name"":""observed"",""seller_score"":""observed"",""price"":""observed"",""original_price"":""unavailable"",""campaigns"":""observed"",""stock_status"":""observed"",""stock_signal"":""observed"",""rating"":""observed"",""rating_count"":""observed"",""review_count"":""observed"",""question_count"":""observed"",""delivery_summary"":""observed"",""shipping_cost"":""observed"",""properties"":""observed""}",true,
2026-08-20,2026-08-20T17:07:31+03:00,hobi,BEST_SELLER,hobi-cok-satanlar,Trendyol Hobi / Çok Satanlar,66,1,66,66,66,hobi:hobi-cok-satanlar,66,,19.2,16.6,929689681,,929689681:unknown,Genel Markalar Paça Telası 20 Metre 2 Cm Çift Taraflı Tela - Şerit Tela- Amerikan Tela,Genel Markalar,Kumaş,https://www.trendyol.com/genel-markalar/paca-telasi-20-metre-2-cm-cift-tarafli-tela-serit-tela-amerikan-tela-p-929689681,Alapak,93,105,,,,TRY,"[""Kargo Bedava"",""Trendyol Plus'a Özel""]",InStock,10 adetten fazla stok sunulmuştur,3 günde 100+ ürün satıldı!,3,100,33.3,4.3,372,155,,77,1B kişinin sepetinde,"30,6B kişi favoriledi",,4999,TRY,0,1,1,4,6 saat 49 dakika içinde sipariş verirsen en geç yarın kargoda!,,https://cdn.dsmcdn.com/ty1705/prod/QC_ENRICHMENT/20250706/09/72b5bc5e-3662-3891-8442-89cc87a1d4c6/1_org_zoom.jpg,"{""Renk"":""Ekru"",""Boyut/Ebat"":""20 x 10"",""Menşei"":""TR""}",20,5,refreshed,"[""daily_top""]",true,2026-08-20T17:07:31+03:00,0,"[""search_result_dom"",""product_detail_jsonld"",""product_detail_dom""]","{""title"":""observed"",""brand"":""observed"",""seller_name"":""observed"",""seller_score"":""observed"",""price"":""observed"",""original_price"":""unavailable"",""campaigns"":""observed"",""stock_status"":""observed"",""stock_signal"":""observed"",""rating"":""observed"",""rating_count"":""observed"",""review_count"":""observed"",""question_count"":""observed"",""delivery_summary"":""observed"",""shipping_cost"":""observed"",""properties"":""observed""}",true,
2026-08-20,2026-08-20T17:07:31+03:00,hobi,BEST_SELLER,hobi-cok-satanlar,Trendyol Hobi / Çok Satanlar,67,1,67,67,67,hobi:hobi-cok-satanlar,67,,25.8,22.2,1173816965,,1173816965:unknown,Sepetten Eve Dünyanın En Güzel Kızı Aynalı Tablo Sevgiliye Hediye Anlamlı Hediye Aynalı Spotify kodlu Makyaj Tablosu NZL,Sepetten Eve,Konsept Hediyelik,https://www.trendyol.com/sepetten-eve/dunyanin-en-guzel-kizi-aynali-tablo-sevgiliye-hediye-anlamli-hediye-aynali-spotify-kodlu-makyaj-tablosu-nzl-p-1173816965,Sepetten Eve,9,394.9,449.9,12.2,,TRY,"[""Kargo Bedava"",""50 TL Kupon""]",InStock,100 adetten fazla stok sunulmuştur,3 günde 100+ ürün satıldı!,3,100,33.3,4.3,62,30,,77,"3,1B kişinin sepetinde","8,5B kişi favoriledi","Son 24 saatte 1,2B kişi görüntüledi",4999,TRY,0,1,1,4,6 saat 49 dakika içinde sipariş verirsen en geç yarın kargoda!,,https://cdn.dsmcdn.com/ty1932/prod/QC_PREP/20260720/21/d799f5a2-5bdf-3b46-8b2b-f7c350dc7d3c/1_org_zoom.jpg,{},20,4.85,refreshed,"[""daily_top""]",true,2026-08-20T17:07:31+03:00,0,"[""search_result_dom"",""product_detail_jsonld"",""product_detail_dom""]","{""title"":""observed"",""brand"":""observed"",""seller_name"":""observed"",""seller_score"":""observed"",""price"":""observed"",""original_price"":""observed"",""campaigns"":""observed"",""stock_status"":""observed"",""stock_signal"":""observed"",""rating"":""observed"",""rating_count"":""observed"",""review_count"":""observed"",""question_count"":""observed"",""delivery_summary"":""observed"",""shipping_cost"":""observed"",""properties"":""observed""}",true,
2026-08-20,2026-08-20T17:07:31+03:00,hobi,BEST_SELLER,hobi-cok-satanlar,Trendyol Hobi / Çok Satanlar,68,1,68,68,68,hobi:hobi-cok-satanlar,68,,25.6,10.2,1093121985,,1093121985:unknown,SHELİFE Kişiye Özel Ahşap Kapı İsimliği Çiçekli – 10x20 cm MDF Dekoratif Kapı Tabelası,SHELİFE,Kapı Süsü,https://www.trendyol.com/shelife/kisiye-ozel-ahsap-kapi-isimligi-cicekli-10x20-cm-mdf-dekoratif-kapi-tabelasi-p-1093121985,ipekart,9,185,,,,TRY,"[""Kargo Bedava""]",InStock,100 adetten fazla stok sunulmuştur,3 günde 100+ ürün satıldı!,3,100,33.3,4.5,1489,993,,5743,"2,2B kişinin sepetinde","65,8B kişi favoriledi","Son 24 saatte 1,7B kişi görüntüledi",4999,TRY,0,1,1,4,6 saat 49 dakika içinde sipariş verirsen en geç yarın kargoda!,,https://cdn.dsmcdn.com/ty1919/prod/QC_ENRICHMENT/20260629/12/5263d6dd-9a70-3fee-93f7-714ebdec7156/1_org_zoom.jpg,"{""Materyal"":""Ahşap"",""Renk"":""Kahverengi"",""Boyut/Ebat"":""10 x 20"",""Tema / Stil"":""Süs"",""Menşei"":""TR""}",20,5,refreshed,"[""daily_top""]",true,2026-08-20T17:07:31+03:00,0,"[""search_result_dom"",""product_detail_jsonld"",""product_detail_dom""]","{""title"":""observed"",""brand"":""observed"",""seller_name"":""observed"",""seller_score"":""observed"",""price"":""observed"",""original_price"":""unavailable"",""campaigns"":""observed"",""stock_status"":""observed"",""stock_signal"":""observed"",""rating"":""observed"",""rating_count"":""observed"",""review_count"":""observed"",""question_count"":""observed"",""delivery_summary"":""observed"",""shipping_cost"":""observed"",""properties"":""observed""}",true,
2026-08-20,2026-08-20T17:07:31+03:00,hobi,BEST_SELLER,hobi-cok-satanlar,Trendyol Hobi / Çok Satanlar,69,1,69,69,69,hobi:hobi-cok-satanlar,69,,16.7,20.1,793890261,,793890261:unknown,Ebruli Boncuk 6 Mm Kaplama Plastik Krem Inci Delikli 200 Adet Boncuk Takı Yapımı Bead (25 GRAM),Ebruli Boncuk,Boncuk,https://www.trendyol.com/ebruli-boncuk/6-mm-kaplama-plastik-krem-inci-delikli-200-adet-boncuk-taki-yapimi-bead-25-gram-p-793890261,Hobimos,92,22.27,22.5,1,,TRY,"[""Sepette %1 İndirim"",""10 TL Kupon"",""Kargo Bedava"",""Son 10 Günün En Düşük Fiyatı""]",InStock,100 adetten fazla stok sunulmuştur,3 günde 100+ ürün satıldı!,3,100,33.3,4.3,133,56,,76,766 kişinin sepetinde,"9,7B kişi favoriledi",Son 24 saatte 340 kişi görüntüledi,4999,TRY,0,1,1,4,6 saat 49 dakika içinde sipariş verirsen en geç yarın kargoda!,,https://cdn.dsmcdn.com/ty1118/product/media/images/prod/SPM/PIM/20240103/11/4c782cb5-1ac6-3730-9691-930091c4a68a/1_org_zoom.jpg,"{""Menşei"":""CN"",""Bakım Talimatları (Genel)"":""Ürünün kullanım ömrünü korumak için ürüne özel bakım talimatlarını takip ediniz.""}",20,5,refreshed,"[""daily_top""]",true,2026-08-20T17:07:31+03:00,0,"[""search_result_dom"",""product_detail_jsonld"",""product_detail_dom""]","{""title"":""observed"",""brand"":""observed"",""seller_name"":""observed"",""seller_score"":""observed"",""price"":""observed"",""original_price"":""observed"",""campaigns"":""observed"",""stock_status"":""observed"",""stock_signal"":""observed"",""rating"":""observed"",""rating_count"":""observed"",""review_count"":""observed"",""question_count"":""observed"",""delivery_summary"":""observed"",""shipping_cost"":""observed"",""properties"":""observed""}",true,
2026-08-20,2026-08-20T17:07:31+03:00,hobi,BEST_SELLER,hobi-cok-satanlar,Trendyol Hobi / Çok Satanlar,70,1,70,70,70,hobi:hobi-cok-satanlar,70,,23.2,12.6,1074206868,,1074206868:unknown,Amentes 1lü Kalın Cam Eğimli Pipet,Amentes,Pipet,https://www.trendyol.com/amentes/1lu-kalin-cam-egimli-pipet-p-1074206868,Amentes,1,8.04,,,,TRY,"[""Kargo Bedava""]",InStock,100 adetten fazla stok sunulmuştur,3 günde 100+ ürün satıldı!,3,100,33.3,4.3,799,497,,82,340 kişinin sepetinde,"15,5B kişi favoriledi",,4999,TRY,0,1,1,4,6 saat 49 dakika içinde sipariş verirsen en geç yarın kargoda!,,https://cdn.dsmcdn.com/ty1640/prod/QC/20250219/18/af25dfe7-5571-34db-ad66-c4b72e78ec43/1_org_zoom.jpg,"{""Renk"":""Beyaz"",""Menşei"":""TR"",""Materyal"":""Cam""}",20,5,refreshed,"[""daily_top""]",true,2026-08-20T17:07:31+03:00,0,"[""search_result_dom"",""product_detail_jsonld"",""product_detail_dom""]","{""title"":""observed"",""brand"":""observed"",""seller_name"":""observed"",""seller_score"":""observed"",""price"":""observed"",""original_price"":""unavailable"",""campaigns"":""observed"",""stock_status"":""observed"",""stock_signal"":""observed"",""rating"":""observed"",""rating_count"":""observed"",""review_count"":""observed"",""question_count"":""observed"",""delivery_summary"":""observed"",""shipping_cost"":""observed"",""properties"":""observed""}",true,
2026-08-20,2026-08-20T17:07:31+03:00,hobi,BEST_SELLER,hobi-cok-satanlar,Trendyol Hobi / Çok Satanlar,71,1,71,71,71,hobi:hobi-cok-satanlar,71,,14,21.8,1167559572,,1167559572:unknown,"YU GIFT İstiridye Anahtarlık 10 Adet Nişan,Kına ,Nikah, Söz, Baby shower , Mevlik Hediyelik",YU GIFT,Söz Hediyelik,https://www.trendyol.com/yu-gift/istiridye-anahtarlik-10-adet-nisan-kina-nikah-soz-baby-shower-mevlik-hediyelik-p-1167559572,HEN GSM,92,99,,,,TRY,"[""30 TL Kupon"",""Kargo Bedava"",""Trendyol Plus'a Özel""]",InStock,100 adetten fazla stok sunulmuştur,3 günde 100+ ürün satıldı!,3,100,33.3,4.4,40,34,,98,6B kişinin sepetinde,"7,8B kişi favoriledi",,4999,TRY,0,1,1,4,6 saat 49 dakika içinde sipariş verirsen en geç yarın kargoda!,,https://cdn.dsmcdn.com/ty1920/prod/QC_PREP/20260711/01/ca4340d3-a9a4-3f21-9d27-eb4775bc9494/1_org_zoom.jpg,"{""Menşei"":""TR""}",20,5,refreshed,"[""daily_top""]",true,2026-08-20T17:07:31+03:00,0,"[""search_result_dom"",""product_detail_jsonld"",""product_detail_dom""]","{""title"":""observed"",""brand"":""observed"",""seller_name"":""observed"",""seller_score"":""observed"",""price"":""observed"",""original_price"":""unavailable"",""campaigns"":""observed"",""stock_status"":""observed"",""stock_signal"":""observed"",""rating"":""observed"",""rating_count"":""observed"",""review_count"":""observed"",""question_count"":""observed"",""delivery_summary"":""observed"",""shipping_cost"":""observed"",""properties"":""observed""}",true,
2026-08-20,2026-08-20T17:07:31+03:00,hobi,BEST_SELLER,hobi-cok-satanlar,Trendyol Hobi / Çok Satanlar,72,1,72,72,72,hobi:hobi-cok-satanlar,72,,24.9,10.9,1038207562,,1038207562:unknown,Sunbox Mutfak dolabı tezgah üstü Tam set Adaptörlü Butonlu 5 metre günışığı,Sunbox,,https://www.trendyol.com/sunbox/mutfak-dolabi-tezgah-ustu-tam-set-adaptorlu-butonlu-5-metre-gunisigi-p-1038207562,Sunbox,88,299.99,,,,TRY,"[""Kargo Bedava""]",InStock,100 adetten fazla stok sunulmuştur,3 günde 100+ ürün satıldı!,3,100,33.3,4.1,812,,,373,"2,1B kişinin sepetinde","42,7B kişi favoriledi","Son 24 saatte 1,2B kişi görüntüledi",,,0,,,,6 saat 49 dakika içinde sipariş verirsen en geç yarın kargoda!,,,{},0,,refreshed,"[""daily_top""]",true,2026-08-20T17:07:31+03:00,0,"[""search_result_dom"",""product_detail_jsonld"",""product_detail_dom""]","{""title"":""observed"",""brand"":""observed"",""seller_name"":""observed"",""seller_score"":""observed"",""price"":""observed"",""original_price"":""unavailable"",""campaigns"":""observed"",""stock_status"":""observed"",""stock_signal"":""observed"",""rating"":""observed"",""rating_count"":""observed"",""review_count"":""unavailable"",""question_count"":""observed"",""delivery_summary"":""observed"",""shipping_cost"":""unavailable"",""properties"":""observed""}",true,
2026-08-20,2026-08-20T17:07:31+03:00,hobi,BEST_SELLER,hobi-cok-satanlar,Trendyol Hobi / Çok Satanlar,73,1,73,73,73,hobi:hobi-cok-satanlar,73,,30.4,5.4,788484679,,788484679:unknown,Rima Tasarım Incili Isimli Yüzük Kurdelesi Söz Kurdelesi Ve Nişan Kurdelesi Damat Kahvesi Peçete Hediyeli,Rima Tasarım,Söz Dekoru,https://www.trendyol.com/rima-tasarim/incili-isimli-yuzuk-kurdelesi-soz-kurdelesi-ve-nisan-kurdelesi-damat-kahvesi-pecete-hediyeli-p-788484679,Rima Peçete,93,199.9,,,,TRY,"[""Kargo Bedava""]",InStock,100 adetten fazla stok sunulmuştur,3 günde 100+ ürün satıldı!,3,100,33.3,4.6,6171,3939,,1017,"1,3B kişinin sepetinde","105,7B kişi favoriledi","Son 24 saatte 1,1B kişi görüntüledi",4999,TRY,0,1,1,4,6 saat 49 dakika içinde sipariş verirsen en geç yarın kargoda!,,https://cdn.dsmcdn.com/ty1569/prod/QC/20240926/13/633d0e3c-4fa1-3f81-b9df-ca3af0bd83a9/1_org_zoom.jpg,"{""Diğer Özellikler"":""Saten Yüzük Kurdelesi Beyaz Renkli (DÖKÜLEN İNCİLİ - ALTIN / GÜMÜŞ YAZI) ÖLÇÜ:1 cm x 90 cm, (+-%10) 8 mm inci"",""Menşei"":""TR"",""Bakım Talimatları (Genel)"":""Ürünün kullanım ömrünü korumak için ürüne özel bakım talimatlarını takip ediniz.""}",20,5,refreshed,"[""daily_top""]",true,2026-08-20T17:07:31+03:00,0,"[""search_result_dom"",""product_detail_jsonld"",""product_detail_dom""]","{""title"":""observed"",""brand"":""observed"",""seller_name"":""observed"",""seller_score"":""observed"",""price"":""observed"",""original_price"":""unavailable"",""campaigns"":""observed"",""stock_status"":""observed"",""stock_signal"":""observed"",""rating"":""observed"",""rating_count"":""observed"",""review_count"":""observed"",""question_count"":""observed"",""delivery_summary"":""observed"",""shipping_cost"":""observed"",""properties"":""observed""}",true,
2026-08-20,2026-08-20T17:07:31+03:00,hobi,BEST_SELLER,hobi-cok-satanlar,Trendyol Hobi / Çok Satanlar,74,1,74,74,74,hobi:hobi-cok-satanlar,74,,11.5,24.3,1159632824,,1159632824:unknown,BEYZANA Karışık Desen Katlanır Yuvarlak El Yelpazesi | Taşınabilir El Yelpazesi,BEYZANA,Konsept Hediyelik,https://www.trendyol.com/beyzana/karisik-desen-katlanir-yuvarlak-el-yelpazesi-tasinabilir-el-yelpazesi-p-1159632824,BEYZANA,,33.47,,,,TRY,"[""Kargo Bedava""]",InStock,100 adetten fazla stok sunulmuştur,3 günde 100+ ürün satıldı!,3,100,33.3,4.1,26,16,,4,780 kişinin sepetinde,"3,2B kişi favoriledi",Son 24 saatte 404 kişi görüntüledi,4999,TRY,0,1,1,4,6 saat 49 dakika içinde sipariş verirsen en geç yarın kargoda!,,https://cdn.dsmcdn.com/ty1919/prod/QC_PREP/20260623/13/805e9f56-9590-3420-8ffd-d236db06e906/1_org_zoom.jpg,{},16,4,refreshed,"[""daily_top""]",true,2026-08-20T17:07:31+03:00,0,"[""search_result_dom"",""product_detail_jsonld"",""product_detail_dom""]","{""title"":""observed"",""brand"":""observed"",""seller_name"":""observed"",""seller_score"":""unavailable"",""price"":""observed"",""original_price"":""unavailable"",""campaigns"":""observed"",""stock_status"":""observed"",""stock_signal"":""observed"",""rating"":""observed"",""rating_count"":""observed"",""review_count"":""observed"",""question_count"":""observed"",""delivery_summary"":""observed"",""shipping_cost"":""observed"",""properties"":""observed""}",true,
2026-08-20,2026-08-20T17:07:31+03:00,hobi,BEST_SELLER,hobi-cok-satanlar,Trendyol Hobi / Çok Satanlar,75,1,75,75,75,hobi:hobi-cok-satanlar,75,,24.8,11.7,135207708,,135207708:unknown,SENSY 2 Mm - 200 gr Polyester Makrome Ipi Sütlü Kahve 230 M Polyester Makrome Ip Supla Ip Ve Çanta Ipliği,SENSY,,https://www.trendyol.com/sensy/2-mm-200-gr-polyester-makrome-ipi-sutlu-kahve-230-m-polyester-makrome-ip-supla-ip-ve-canta-ipligi-p-135207708,SENSY,2,83.99,84.49,0.6,,TRY,"[""Trendyol Plus'a Özel"",""Kargo Bedava""]",InStock,100 adetten fazla stok sunulmuştur,3 günde 100+ ürün satıldı!,3,100,33.3,4.7,647,,,124,356 kişinin sepetinde,"14,8B kişi favoriledi",Son 24 saatte 460 kişi görüntüledi,,,0,,,,6 saat 49 dakika içinde sipariş verirsen en geç yarın kargoda!,,,{},0,,refreshed,"[""daily_top""]",true,2026-08-20T17:07:31+03:00,0,"[""search_result_dom"",""product_detail_jsonld"",""product_detail_dom""]","{""title"":""observed"",""brand"":""observed"",""seller_name"":""observed"",""seller_score"":""observed"",""price"":""observed"",""original_price"":""observed"",""campaigns"":""observed"",""stock_status"":""observed"",""stock_signal"":""observed"",""rating"":""observed"",""rating_count"":""observed"",""review_count"":""unavailable"",""question_count"":""observed"",""delivery_summary"":""observed"",""shipping_cost"":""unavailable"",""properties"":""observed""}",true,
2026-08-20,2026-08-20T17:07:31+03:00,hobi,BEST_SELLER,hobi-cok-satanlar,Trendyol Hobi / Çok Satanlar,76,1,76,76,76,hobi:hobi-cok-satanlar,76,,38.3,24.5,1164477912,,1164477912:unknown,HİROS'H Otomatik Açılan Katlanabilir Kore Yelpazesi Çantalı Taşınabilir Katlanılabilir Mini Kore Yelpazesi,HİROS'H,Konsept Hediyelik,https://www.trendyol.com/hiros-h/otomatik-acilan-katlanabilir-kore-yelpazesi-cantali-tasinabilir-katlanilabilir-mini-kore-yelpazesi-p-1164477912,HİROSH,92,34.99,47.9,27,,TRY,"[""Son 10 Günün En Düşük Fiyatı"",""Kargo Bedava"",""Son 10 günün en düşük fiyatı""]",InStock,100 adetten fazla stok sunulmuştur,3 günde 100+ ürün satıldı!,3,100,33.3,4.1,28,15,,26,"1,2B kişinin sepetinde","4,8B kişi favoriledi",Son 24 saatte 673 kişi görüntüledi,4999,TRY,0,1,1,4,6 saat 49 dakika içinde sipariş verirsen en geç yarın kargoda!,,https://cdn.dsmcdn.com/ty1910/prod/QC_PREP/20260703/16/8e47923e-1226-3584-bf5b-b8190b18556f/1_org_zoom.jpg,"{""Menşei"":""CN""}",15,3.6,refreshed,"[""daily_top""]",true,2026-08-20T17:07:31+03:00,0,"[""search_result_dom"",""product_detail_jsonld"",""product_detail_dom""]","{""title"":""observed"",""brand"":""observed"",""seller_name"":""observed"",""seller_score"":""observed"",""price"":""observed"",""original_price"":""observed"",""campaigns"":""observed"",""stock_status"":""observed"",""stock_signal"":""observed"",""rating"":""observed"",""rating_count"":""observed"",""review_count"":""observed"",""question_count"":""observed"",""delivery_summary"":""observed"",""shipping_cost"":""observed"",""properties"":""observed""}",true,
2026-08-20,2026-08-20T17:07:31+03:00,hobi,BEST_SELLER,hobi-cok-satanlar,Trendyol Hobi / Çok Satanlar,77,1,77,77,77,hobi:hobi-cok-satanlar,77,,22.7,13.1,376259034,,376259034:unknown,"ZEYMERADE Bordo Şifon Gelin Damat Halay Mendili, Hediye Mendil 10 Adet, Düğün Kına Sünnet Nişan Sünnet",ZEYMERADE,,https://www.trendyol.com/zeymerade/bordo-sifon-gelin-damat-halay-mendili-hediye-mendil-10-adet-dugun-kina-sunnet-nisan-sunnet-p-376259034,ZEYMERADE,,199.9,,,,TRY,"[""Kargo Bedava""]",InStock,100 adetten fazla stok sunulmuştur,3 günde 100+ ürün satıldı!,3,100,33.3,4.6,429,,,19,827 kişinin sepetinde,15B kişi favoriledi,Son 24 saatte 515 kişi görüntüledi,,,0,,,,6 saat 49 dakika içinde sipariş verirsen en geç yarın kargoda!,,,{},0,,refreshed,"[""daily_top""]",true,2026-08-20T17:07:31+03:00,0,"[""search_result_dom"",""product_detail_jsonld"",""product_detail_dom""]","{""title"":""observed"",""brand"":""observed"",""seller_name"":""observed"",""seller_score"":""unavailable"",""price"":""observed"",""original_price"":""unavailable"",""campaigns"":""observed"",""stock_status"":""observed"",""stock_signal"":""observed"",""rating"":""observed"",""rating_count"":""observed"",""review_count"":""unavailable"",""question_count"":""observed"",""delivery_summary"":""observed"",""shipping_cost"":""unavailable"",""properties"":""observed""}",true,
2026-08-20,2026-08-20T17:07:31+03:00,hobi,BEST_SELLER,hobi-cok-satanlar,Trendyol Hobi / Çok Satanlar,78,1,78,78,78,hobi:hobi-cok-satanlar,78,,23.6,12.2,79188317,,79188317:unknown,Parti Dolabı Çift Taraflı Yapışkan Balon Yapıştırma Bandı Sticker Damla Modeli Ve Uçan Balon Aparatı Yapıştırıcı,Parti Dolabı,Balon,https://www.trendyol.com/parti-dolabi/cift-tarafli-yapiskan-balon-yapistirma-bandi-sticker-damla-modeli-ve-ucan-balon-aparati-yapistirici-p-79188317,Parti Dolabı,,23.9,,,,TRY,"[""Kargo Bedava""]",InStock,100 adetten fazla stok sunulmuştur,3 günde 100+ ürün satıldı!,3,100,33.3,4.3,1185,551,,110,412 kişinin sepetinde,"13,7B kişi favoriledi",,4999,TRY,0,1,1,4,6 saat 49 dakika içinde sipariş verirsen en geç yarın kargoda!,,https://cdn.dsmcdn.com/ty1914/prod/QC_ENRICHMENT/20260730/14/17e0fa28-694d-354d-9fcd-c936f5a89607/1_org_zoom.jpg,"{""Balon Çeşidi"":""Düz Balon"",""Renk"":""Siyah"",""Menşei"":""TR"",""Özellik"":""Çift Taraflı""}",20,5,refreshed,"[""daily_top""]",true,2026-08-20T17:07:31+03:00,0,"[""search_result_dom"",""product_detail_jsonld"",""product_detail_dom""]","{""title"":""observed"",""brand"":""observed"",""seller_name"":""observed"",""seller_score"":""unavailable"",""price"":""observed"",""original_price"":""unavailable"",""campaigns"":""observed"",""stock_status"":""observed"",""stock_signal"":""observed"",""rating"":""observed"",""rating_count"":""observed"",""review_count"":""observed"",""question_count"":""observed"",""delivery_summary"":""observed"",""shipping_cost"":""observed"",""properties"":""observed""}",true,
2026-08-20,2026-08-20T17:07:31+03:00,hobi,BEST_SELLER,hobi-cok-satanlar,Trendyol Hobi / Çok Satanlar,79,1,79,79,79,hobi:hobi-cok-satanlar,79,,20.5,17.3,1144570506,,1144570506:unknown,"CREAPACK Damat Kolisi, Damat Hediye Kutusu, 5 li Set, Damat Bohçası, Damat Baskılı 5 Boy Kutu",CREAPACK,Çeyiz Kolisi,https://www.trendyol.com/creapack/damat-kolisi-damat-hediye-kutusu-5-li-set-damat-bohcasi-damat-baskili-5-boy-kutu-p-1144570506,CREAPACK KUTU VE AMBALAJ,93,335.18,342.02,2,,TRY,"[""Sepette %2 İndirim"",""Kargo Bedava""]",InStock,100 adetten fazla stok sunulmuştur,3 günde 100+ ürün satıldı!,3,100,33.3,4.6,230,127,,23,1B kişinin sepetinde,"15,8B kişi favoriledi",Son 24 saatte 785 kişi görüntüledi,4999,TRY,0,1,1,4,6 saat 49 dakika içinde sipariş verirsen en geç yarın kargoda!,,https://cdn.dsmcdn.com/ty1906/prod/QC_PREP/20260513/08/4a29c174-baa2-3151-8e1b-99b5a604f4d4/1_org_zoom.jpg,"{""Menşei"":""TR""}",20,5,refreshed,"[""daily_top""]",true,2026-08-20T17:07:31+03:00,0,"[""search_result_dom"",""product_detail_jsonld"",""product_detail_dom""]","{""title"":""observed"",""brand"":""observed"",""seller_name"":""observed"",""seller_score"":""observed"",""price"":""observed"",""original_price"":""observed"",""campaigns"":""observed"",""stock_status"":""observed"",""stock_signal"":""observed"",""rating"":""observed"",""rating_count"":""observed"",""review_count"":""observed"",""question_count"":""observed"",""delivery_summary"":""observed"",""shipping_cost"":""observed"",""properties"":""observed""}",true,
2026-08-20,2026-08-20T17:07:31+03:00,hobi,BEST_SELLER,hobi-cok-satanlar,Trendyol Hobi / Çok Satanlar,80,1,80,80,80,hobi:hobi-cok-satanlar,80,,24.4,11.5,109817387,,109817387:unknown,Kitchen Beauty 9 Parça Metal Pipet Seti Paslanmaz Çelik Pipet Ve Çubuk Pipet Temizleme Fırçası,Kitchen Beauty,Pipet,https://www.trendyol.com/kitchen-beauty/9-parca-metal-pipet-seti-paslanmaz-celik-pipet-ve-cubuk-pipet-temizleme-fircasi-p-109817387,Eymen Ticaret,89,149.97,,,,TRY,"[""Kargo Bedava""]",InStock,100 adetten fazla stok sunulmuştur,3 günde 100+ ürün satıldı!,3,100,33.3,4.5,1315,688,,133,"1,1B kişinin sepetinde","28,5B kişi favoriledi",Son 24 saatte 348 kişi görüntüledi,4999,TRY,0,1,1,4,6 saat 49 dakika içinde sipariş verirsen en geç yarın kargoda!,,https://cdn.dsmcdn.com/ty1429/product/media/images/prod/QC/20240719/19/8407a5d5-11d0-31b9-b408-691d5327f631/1_org_zoom.jpg,"{""Renk"":""Gümüş"",""Menşei"":""TR"",""Materyal"":""Krom""}",20,5,refreshed,"[""daily_top""]",true,2026-08-20T17:07:31+03:00,0,"[""search_result_dom"",""product_detail_jsonld"",""product_detail_dom""]","{""title"":""observed"",""brand"":""observed"",""seller_name"":""observed"",""seller_score"":""observed"",""price"":""observed"",""original_price"":""unavailable"",""campaigns"":""observed"",""stock_status"":""observed"",""stock_signal"":""observed"",""rating"":""observed"",""rating_count"":""observed"",""review_count"":""observed"",""question_count"":""observed"",""delivery_summary"":""observed"",""shipping_cost"":""observed"",""properties"":""observed""}",true,
2026-08-20,2026-08-20T17:07:31+03:00,hobi,BEST_SELLER,hobi-cok-satanlar,Trendyol Hobi / Çok Satanlar,81,1,81,81,81,hobi:hobi-cok-satanlar,81,,17.9,12.1,803868541,,803868541:unknown,AYGÖREN HOME 9 Parça Metal Pipet Seti Paslanmaz Çelik Pipet Ve Çubuk Pipet Temizleme Fırçası,AYGÖREN HOME,Pipet,https://www.trendyol.com/aygoren-home/9-parca-metal-pipet-seti-paslanmaz-celik-pipet-ve-cubuk-pipet-temizleme-fircasi-p-803868541,Mutlu Pastacılık ve Malzemeleri,89,169.52,,,,TRY,"[""Kargo Bedava""]",InStock,100 adetten fazla stok sunulmuştur,,,,,4.4,341,172,,22,"1,6B kişinin sepetinde","16,3B kişi favoriledi",Son 24 saatte 593 kişi görüntüledi,4999,TRY,0,1,1,4,6 saat 49 dakika içinde sipariş verirsen en geç yarın kargoda!,,https://cdn.dsmcdn.com/ty1163/product/media/images/prod/SPM/PIM/20240206/17/6e710025-d451-36dd-9738-d774f380e8e8/1_org_zoom.jpg,"{""Renk"":""Gümüş"",""Menşei"":""CN"",""Materyal"":""Krom""}",20,5,refreshed,"[""daily_top""]",true,2026-08-20T17:07:31+03:00,0,"[""search_result_dom"",""product_detail_jsonld"",""product_detail_dom""]","{""title"":""observed"",""brand"":""observed"",""seller_name"":""observed"",""seller_score"":""observed"",""price"":""observed"",""original_price"":""unavailable"",""campaigns"":""observed"",""stock_status"":""observed"",""stock_signal"":""observed"",""rating"":""observed"",""rating_count"":""observed"",""review_count"":""observed"",""question_count"":""observed"",""delivery_summary"":""observed"",""shipping_cost"":""observed"",""properties"":""observed""}",true,
2026-08-20,2026-08-20T17:07:31+03:00,hobi,BEST_SELLER,hobi-cok-satanlar,Trendyol Hobi / Çok Satanlar,82,1,82,82,82,hobi:hobi-cok-satanlar,82,,6.6,24.4,1144216327,,1144216327:unknown,baloss fer Balon Zinciri Aparatı Balon Kemeri Şeridi Parti Doğum Günü Dekorasyon Bandı,baloss fer,Balon Zinciri,https://www.trendyol.com/baloss-fer/balon-zinciri-aparati-balon-kemeri-seridi-parti-dogum-gunu-dekorasyon-bandi-p-1144216327,BALOSS FER,92,24.74,24.99,1,,TRY,"[""Sepette %1 İndirim"",""Kargo Bedava""]",InStock,100 adetten fazla stok sunulmuştur,,,,,4.5,8,4,,6,,"1,4B kişi favoriledi",,4999,TRY,0,1,1,4,6 saat 49 dakika içinde sipariş verirsen en geç yarın kargoda!,,https://cdn.dsmcdn.com/ty1910/prod/QC_PREP/20260512/00/6e7e93d6-7208-358d-ada6-306e8eea8bba/1_org_zoom.jpg,"{""Menşei"":""CN""}",4,5,refreshed,"[""daily_top""]",true,2026-08-20T17:07:31+03:00,0,"[""search_result_dom"",""product_detail_jsonld"",""product_detail_dom""]","{""title"":""observed"",""brand"":""observed"",""seller_name"":""observed"",""seller_score"":""observed"",""price"":""observed"",""original_price"":""observed"",""campaigns"":""observed"",""stock_status"":""observed"",""stock_signal"":""observed"",""rating"":""observed"",""rating_count"":""observed"",""review_count"":""observed"",""question_count"":""observed"",""delivery_summary"":""observed"",""shipping_cost"":""observed"",""properties"":""observed""}",true,
2026-08-20,2026-08-20T17:07:31+03:00,hobi,BEST_SELLER,hobi-cok-satanlar,Trendyol Hobi / Çok Satanlar,83,1,83,83,83,hobi:hobi-cok-satanlar,83,,27.9,2.1,952321817,,952321817:unknown,"KUMSAL ÇEYİZ 6 Adet Sunumluk Peçete,Kokteyl Peçete,Kahve Yanı Sunum Peçetesi,Sunumluk,Bardak Altlığı",KUMSAL ÇEYİZ,,https://www.trendyol.com/kumsal-ceyiz/6-adet-sunumluk-pecete-kokteyl-pecete-kahve-yani-sunum-pecetesi-sunumluk-bardak-altligi-p-952321817,EVHOME,96,163,,,,TRY,"[""Kargo Bedava""]",InStock,100 adetten fazla stok sunulmuştur,,,,,4.6,3081,,,283,"4,2B kişinin sepetinde","230,4B kişi favoriledi","Son 24 saatte 1,6B kişi görüntüledi",,,0,,,,6 saat 49 dakika içinde sipariş verirsen en geç yarın kargoda!,,,{},0,,refreshed,"[""daily_top""]",true,2026-08-20T17:07:31+03:00,0,"[""search_result_dom"",""product_detail_jsonld"",""product_detail_dom""]","{""title"":""observed"",""brand"":""observed"",""seller_name"":""observed"",""seller_score"":""observed"",""price"":""observed"",""original_price"":""unavailable"",""campaigns"":""observed"",""stock_status"":""observed"",""stock_signal"":""observed"",""rating"":""observed"",""rating_count"":""observed"",""review_count"":""unavailable"",""question_count"":""observed"",""delivery_summary"":""observed"",""shipping_cost"":""unavailable"",""properties"":""observed""}",true,
2026-08-20,2026-08-20T17:07:31+03:00,hobi,BEST_SELLER,hobi-cok-satanlar,Trendyol Hobi / Çok Satanlar,84,1,84,84,84,hobi:hobi-cok-satanlar,84,,16.7,13.3,49224963,,49224963:unknown,Genel Markalar Çengelli Iğne 12'li Orta Boy No:4,Genel Markalar,İğne,https://www.trendyol.com/genel-markalar/cengelli-igne-12-li-orta-boy-no-4-p-49224963,Koza Gift,88,7.1,,,,TRY,"[""Kargo Bedava""]",InStock,100 adetten fazla stok sunulmuştur,,,,,4.5,265,120,,27,,"3,4B kişi favoriledi",,4999,TRY,0,1,1,4,6 saat 49 dakika içinde sipariş verirsen en geç yarın kargoda!,,https://cdn.dsmcdn.com/ty1494/product/media/images/prod/QC/20240821/14/8f9ad04b-15b4-3929-9845-812fb7220f47/1_org_zoom.jpg,"{""Diğer Özellikler"":""yok"",""Menşei"":""TR"",""Renk"":""Çok Renkli"",""Bakım Talimatları (Genel)"":""Nemli bir bezle silin.""}",20,5,refreshed,"[""daily_top""]",true,2026-08-20T17:07:31+03:00,0,"[""search_result_dom"",""product_detail_jsonld"",""product_detail_dom""]","{""title"":""observed"",""brand"":""observed"",""seller_name"":""observed"",""seller_score"":""observed"",""price"":""observed"",""original_price"":""unavailable"",""campaigns"":""observed"",""stock_status"":""observed"",""stock_signal"":""observed"",""rating"":""observed"",""rating_count"":""observed"",""review_count"":""observed"",""question_count"":""observed"",""delivery_summary"":""observed"",""shipping_cost"":""observed"",""properties"":""observed""}",true,
2026-08-20,2026-08-20T17:07:31+03:00,hobi,BEST_SELLER,hobi-cok-satanlar,Trendyol Hobi / Çok Satanlar,85,1,85,85,85,hobi:hobi-cok-satanlar,85,,29.4,11.1,244804340,,244804340:unknown,"Karton Bardak 300 Adet 6,5 Oz",Karton Bardak,Plastik Bardak,https://www.trendyol.com/karton-bardak/300-adet-6-5-oz-p-244804340,Balcı Toplu Tüketim,88,179,199.9,10.5,,TRY,"[""Son 10 Günün En Düşük Fiyatı"",""Kargo Bedava"",""Son 10 günün en düşük fiyatı""]",InStock,100 adetten fazla stok sunulmuştur,,,,,4.1,473,232,,73,502 kişinin sepetinde,"8,2B kişi favoriledi",,4999,TRY,0,30,1,,6 saat 49 dakika içinde sipariş verirsen en geç yarın kargoda!,,https://cdn.dsmcdn.com/ty1851/prod/QC_ENRICHMENT/20260408/14/21527554-71b2-3907-a92d-a6adda0dae5e/1_org_zoom.jpg,"{""Menşei"":""TR"",""Materyal"":""Plastik""}",20,5,refreshed,"[""daily_top""]",true,2026-08-20T17:07:31+03:00,0,"[""search_result_dom"",""product_detail_jsonld"",""product_detail_dom""]","{""title"":""observed"",""brand"":""observed"",""seller_name"":""observed"",""seller_score"":""observed"",""price"":""observed"",""original_price"":""observed"",""campaigns"":""observed"",""stock_status"":""observed"",""stock_signal"":""observed"",""rating"":""observed"",""rating_count"":""observed"",""review_count"":""observed"",""question_count"":""observed"",""delivery_summary"":""observed"",""shipping_cost"":""observed"",""properties"":""observed""}",true,
2026-08-20,2026-08-20T17:07:31+03:00,hobi,BEST_SELLER,hobi-cok-satanlar,Trendyol Hobi / Çok Satanlar,86,1,86,86,86,hobi:hobi-cok-satanlar,86,,34.3,5.7,34829954,,34829954:unknown,"Parti Dolabı Çift Çıkışlı Balon Şişirme Makinası, Elektrikli Balon Pompası 73005 Pembe Mavi",Parti Dolabı,Balon Makinesi,https://www.trendyol.com/parti-dolabi/cift-cikisli-balon-sisirme-makinasi-elektrikli-balon-pompasi-73005-pembe-mavi-p-34829954,BALONPARK,93,530.91,589.9,10,,TRY,"[""Trendyol Plus'a Özel"",""Kargo Bedava""]",InStock,100 adetten fazla stok sunulmuştur,,,,,4.7,2079,1075,,295,646 kişinin sepetinde,"33,5B kişi favoriledi",Son 24 saatte 459 kişi görüntüledi,4999,TRY,0,1,1,4,6 saat 49 dakika içinde sipariş verirsen en geç yarın kargoda!,,https://cdn.dsmcdn.com/ty1520/product/media/images/prod/QC/20240902/11/2a923a8c-8d23-37d2-93de-57f6fc4128b4/1_org_zoom.jpg,"{""Menşei"":""TR""}",20,5,refreshed,"[""daily_top""]",true,2026-08-20T17:07:31+03:00,0,"[""search_result_dom"",""product_detail_jsonld"",""product_detail_dom""]","{""title"":""observed"",""brand"":""observed"",""seller_name"":""observed"",""seller_score"":""observed"",""price"":""observed"",""original_price"":""observed"",""campaigns"":""observed"",""stock_status"":""observed"",""stock_signal"":""observed"",""rating"":""observed"",""rating_count"":""observed"",""review_count"":""observed"",""question_count"":""observed"",""delivery_summary"":""observed"",""shipping_cost"":""observed"",""properties"":""observed""}",true,
2026-08-20,2026-08-20T17:07:31+03:00,hobi,BEST_SELLER,hobi-cok-satanlar,Trendyol Hobi / Çok Satanlar,87,1,87,87,87,hobi:hobi-cok-satanlar,87,,20.7,9.3,686060017,,686060017:unknown,BalonEvi 18`li Set Krom Gold Küf Yeşili Ve Pastel Beyaz Balon Set Süsü,BalonEvi,Balon,https://www.trendyol.com/balonevi/18-li-set-krom-gold-kuf-yesili-ve-pastel-beyaz-balon-set-susu-p-686060017,Balon Diyarı,93,73,,,,TRY,"[""10 TL Kupon"",""Kargo Bedava""]",InStock,100 adetten fazla stok sunulmuştur,,,,,4.3,713,387,,118,624 kişinin sepetinde,"24,2B kişi favoriledi",Son 24 saatte 461 kişi görüntüledi,4999,TRY,0,1,1,4,6 saat 49 dakika içinde sipariş verirsen en geç yarın kargoda!,,https://cdn.dsmcdn.com/ty1515/product/media/images/prod/QC/20240831/08/a38b15ae-3c22-3951-b3c9-ff7939d2ec40/1_org_zoom.jpg,"{""Balon Çeşidi"":""Metalik Balon"",""Renk"":""Çok Renkli"",""Menşei"":""TR""}",20,5,refreshed,"[""daily_top""]",true,2026-08-20T17:07:31+03:00,0,"[""search_result_dom"",""product_detail_jsonld"",""product_detail_dom""]","{""title"":""observed"",""brand"":""observed"",""seller_name"":""observed"",""seller_score"":""observed"",""price"":""observed"",""original_price"":""unavailable"",""campaigns"":""observed"",""stock_status"":""observed"",""stock_signal"":""observed"",""rating"":""observed"",""rating_count"":""observed"",""review_count"":""observed"",""question_count"":""observed"",""delivery_summary"":""observed"",""shipping_cost"":""observed"",""properties"":""observed""}",true,
2026-08-20,2026-08-20T17:07:31+03:00,hobi,BEST_SELLER,hobi-cok-satanlar,Trendyol Hobi / Çok Satanlar,88,1,88,88,88,hobi:hobi-cok-satanlar,88,,7.6,22.4,1185578259,,1185578259:unknown,"Luna Davetiye Kampanyalı Düğün, Nişan, Nikah Davetiyesi-1 (50 Adet)",Luna Davetiye,Davetiye,https://www.trendyol.com/luna-davetiye/kampanyali-dugun-nisan-nikah-davetiyesi-1-50-adet-p-1185578259,Luna Davetiye,91,129,,,,TRY,"[""Kargo Bedava""]",InStock,100 adetten fazla stok sunulmuştur,,,,,4.9,8,8,,5,,520 kişi favoriledi,Son 24 saatte 909 kişi görüntüledi,4999,TRY,0,4,1,7,Tahmini Teslim:,,https://cdn.dsmcdn.com/ty1935/prod/QC_PREP/20260814/10/e5f516a0-cffb-3fb4-9516-1ee325e166b0/1_org_zoom.jpg,"{""Diğer Özellikler"":""Satıcıya sor bölümünden bize yazabilirsiniz."",""Menşei"":""TR""}",8,4.88,refreshed,"[""daily_top""]",true,2026-08-20T17:07:31+03:00,0,"[""search_result_dom"",""product_detail_jsonld"",""product_detail_dom""]","{""title"":""observed"",""brand"":""observed"",""seller_name"":""observed"",""seller_score"":""observed"",""price"":""observed"",""original_price"":""unavailable"",""campaigns"":""observed"",""stock_status"":""observed"",""stock_signal"":""observed"",""rating"":""observed"",""rating_count"":""observed"",""review_count"":""observed"",""question_count"":""observed"",""delivery_summary"":""observed"",""shipping_cost"":""observed"",""properties"":""observed""}",true,
2026-08-20,2026-08-20T17:07:31+03:00,hobi,BEST_SELLER,hobi-cok-satanlar,Trendyol Hobi / Çok Satanlar,89,1,89,89,89,hobi:hobi-cok-satanlar,89,,18.8,19.4,1080198556,,1080198556:unknown,ARVALE 6 Adet Eğimli Cam Pipet ve 1 Adet Pratik Bükülebilir Pipet Temizleme Fırçası Seti,ARVALE,Pipet,https://www.trendyol.com/arvale/6-adet-egimli-cam-pipet-ve-1-adet-pratik-bukulebilir-pipet-temizleme-fircasi-seti-p-1080198556,ARVALE,6,17.62,19.2,8.2,,TRY,"[""Trendyol Plus'a Özel"",""Kargo Bedava""]",InStock,100 adetten fazla stok sunulmuştur,,,,,4.4,38,20,,8,300 kişinin sepetinde,"1,2B kişi favoriledi",,4999,TRY,0,1,1,4,6 saat 49 dakika içinde sipariş verirsen en geç yarın kargoda!,,https://cdn.dsmcdn.com/ty1842/prod/QC_ENRICHMENT/20260324/10/5bc117aa-16ca-3351-81f2-55d20d0a9c99/1_org_zoom.jpg,"{""Renk"":""Beyaz"",""Menşei"":""TR"",""Materyal"":""Cam""}",20,4,refreshed,"[""daily_top""]",true,2026-08-20T17:07:31+03:00,0,"[""search_result_dom"",""product_detail_jsonld"",""product_detail_dom""]","{""title"":""observed"",""brand"":""observed"",""seller_name"":""observed"",""seller_score"":""observed"",""price"":""observed"",""original_price"":""observed"",""campaigns"":""observed"",""stock_status"":""observed"",""stock_signal"":""observed"",""rating"":""observed"",""rating_count"":""observed"",""review_count"":""observed"",""question_count"":""observed"",""delivery_summary"":""observed"",""shipping_cost"":""observed"",""properties"":""observed""}",true,
2026-08-20,2026-08-20T17:07:31+03:00,hobi,BEST_SELLER,hobi-cok-satanlar,Trendyol Hobi / Çok Satanlar,90,1,90,90,90,hobi:hobi-cok-satanlar,90,,27.8,2.2,378132935,,378132935:unknown,"ZEYMERADE Siyah Beyaz Sade Incili Gelin Damat Takı Kurdelesi, Takı Kemeri",ZEYMERADE,,https://www.trendyol.com/zeymerade/siyah-beyaz-sade-incili-gelin-damat-taki-kurdelesi-taki-kemeri-p-378132935,ZEYMERADE,,119.9,,,,TRY,"[""Kargo Bedava""]",InStock,100 adetten fazla stok sunulmuştur,,,,,4.8,3018,,,139,707 kişinin sepetinde,"45,6B kişi favoriledi",Son 24 saatte 466 kişi görüntüledi,,,0,,,,6 saat 49 dakika içinde sipariş verirsen en geç yarın kargoda!,,,{},0,,refreshed,"[""daily_top""]",true,2026-08-20T17:07:31+03:00,0,"[""search_result_dom"",""product_detail_jsonld"",""product_detail_dom""]","{""title"":""observed"",""brand"":""observed"",""seller_name"":""observed"",""seller_score"":""unavailable"",""price"":""observed"",""original_price"":""unavailable"",""campaigns"":""observed"",""stock_status"":""observed"",""stock_signal"":""observed"",""rating"":""observed"",""rating_count"":""observed"",""review_count"":""unavailable"",""question_count"":""observed"",""delivery_summary"":""observed"",""shipping_cost"":""unavailable"",""properties"":""observed""}",true,
2026-08-20,2026-08-20T17:07:31+03:00,hobi,BEST_SELLER,hobi-cok-satanlar,Trendyol Hobi / Çok Satanlar,91,1,91,91,91,hobi:hobi-cok-satanlar,91,,14.2,26.2,1167431657,,1167431657:unknown,FESTİVALOON Balon Zinciri Aparatı 5 Metre Şeffaf Balon Kemeri Şeridi 100 Balona Kadar Parti Dekor Süsleme Bandı,FESTİVALOON,Balon Zinciri,https://www.trendyol.com/festivaloon/balon-zinciri-aparati-5-metre-seffaf-balon-kemeri-seridi-100-balona-kadar-parti-dekor-susleme-bandi-p-1167431657,FESTİVALOON,96,21.14,23.6,10.4,,TRY,"[""Trendyol Plus'a Özel"",""Kargo Bedava""]",InStock,100 adetten fazla stok sunulmuştur,,,,,5,3,2,,,379 kişinin sepetinde,"1,2B kişi favoriledi",,4999,TRY,0,1,1,4,6 saat 49 dakika içinde sipariş verirsen en geç yarın kargoda!,,https://cdn.dsmcdn.com/ty1936/prod/QC_PREP/20260710/21/5ee86803-2008-3126-af66-d460ce370409/1_org_zoom.jpg,"{""Menşei"":""TR""}",2,5,refreshed,"[""daily_top""]",true,2026-08-20T17:07:31+03:00,0,"[""search_result_dom"",""product_detail_jsonld"",""product_detail_dom""]","{""title"":""observed"",""brand"":""observed"",""seller_name"":""observed"",""seller_score"":""observed"",""price"":""observed"",""original_price"":""observed"",""campaigns"":""observed"",""stock_status"":""observed"",""stock_signal"":""observed"",""rating"":""observed"",""rating_count"":""observed"",""review_count"":""observed"",""question_count"":""unavailable"",""delivery_summary"":""observed"",""shipping_cost"":""observed"",""properties"":""observed""}",true,
2026-08-20,2026-08-20T17:07:31+03:00,hobi,BEST_SELLER,hobi-cok-satanlar,Trendyol Hobi / Çok Satanlar,92,1,92,92,92,hobi:hobi-cok-satanlar,92,,21.5,8.5,48791740,,48791740:unknown,Manolya Profesyonel Kuaför Kaş Bıyık Alma İpi Ekstra Sağlam 500 metre,Manolya,Nakış İpi,https://www.trendyol.com/manolya/profesyonel-kuafor-kas-biyik-alma-ipi-ekstra-saglam-500-metre-p-48791740,LİVA CRAFT Art & Craft,89,49.9,,,,TRY,"[""Kargo Bedava""]",InStock,100 adetten fazla stok sunulmuştur,,,,,4.4,810,484,,59,,"10,4B kişi favoriledi",,4999,TRY,0,1,1,4,6 saat 49 dakika içinde sipariş verirsen en geç yarın kargoda!,,https://cdn.dsmcdn.com/ty1546/product/media/images/ty1545/prod/QC/20240915/23/93357bc8-9a3f-32d4-bda9-f578864e4c44/1_org_zoom.jpg,"{""İçerik"":""Polyester"",""Gramaj"":""25 - 49 gr"",""Renk"":""Beyaz"",""Adet"":""1"",""Menşei"":""TR"",""Bakım Talimatları (Genel)"":""Gıda ile temas için uygun değildir.""}",20,5,refreshed,"[""daily_top""]",true,2026-08-20T17:07:31+03:00,0,"[""search_result_dom"",""product_detail_jsonld"",""product_detail_dom""]","{""title"":""observed"",""brand"":""observed"",""seller_name"":""observed"",""seller_score"":""observed"",""price"":""observed"",""original_price"":""unavailable"",""campaigns"":""observed"",""stock_status"":""observed"",""stock_signal"":""observed"",""rating"":""observed"",""rating_count"":""observed"",""review_count"":""observed"",""question_count"":""observed"",""delivery_summary"":""observed"",""shipping_cost"":""observed"",""properties"":""observed""}",true,
2026-08-20,2026-08-20T17:07:31+03:00,hobi,BEST_SELLER,hobi-cok-satanlar,Trendyol Hobi / Çok Satanlar,93,1,93,93,93,hobi:hobi-cok-satanlar,93,,22.1,7.9,801752065,,801752065:unknown,"VEBUDUR Sevgililer Gününe Özel Spotify Barkodlu Plak, Kişiye Özel Doğum Günü Hediyesi",VEBUDUR,Konsept Hediyelik,https://www.trendyol.com/vebudur/sevgililer-gunune-ozel-spotify-barkodlu-plak-kisiye-ozel-dogum-gunu-hediyesi-p-801752065,CHUPA,89,140,,,,TRY,"[""Kargo Bedava""]",InStock,100 adetten fazla stok sunulmuştur,,,,,4.3,980,580,,714,"2,5B kişinin sepetinde","59,6B kişi favoriledi","Son 24 saatte 1,2B kişi görüntüledi",4999,TRY,0,1,1,4,6 saat 49 dakika içinde sipariş verirsen en geç yarın kargoda!,,https://cdn.dsmcdn.com/ty1609/prod/QC/20241201/23/6bf3e4e0-bd82-31ed-bf74-e983138b3302/1_org_zoom.jpg,"{""Menşei"":""TR""}",20,5,refreshed,"[""daily_top""]",true,2026-08-20T17:07:31+03:00,0,"[""search_result_dom"",""product_detail_jsonld"",""product_detail_dom""]","{""title"":""observed"",""brand"":""observed"",""seller_name"":""observed"",""seller_score"":""observed"",""price"":""observed"",""original_price"":""unavailable"",""campaigns"":""observed"",""stock_status"":""observed"",""stock_signal"":""observed"",""rating"":""observed"",""rating_count"":""observed"",""review_count"":""observed"",""question_count"":""observed"",""delivery_summary"":""observed"",""shipping_cost"":""observed"",""properties"":""observed""}",true,
2026-08-20,2026-08-20T17:07:31+03:00,hobi,BEST_SELLER,hobi-cok-satanlar,Trendyol Hobi / Çok Satanlar,94,1,94,94,94,hobi:hobi-cok-satanlar,94,,23.1,8.9,834748292,,834748292:unknown,"Öz-bal Beyaz Metalik Balon 10’lu Set – Düğün, Nişan ve Baby Shower Parti Süsleri",Öz-bal Beyaz,,https://www.trendyol.com/oz-bal/beyaz-metalik-balon-10-lu-set-dugun-nisan-ve-baby-shower-parti-susleri-p-834748292,FortyFour Shop,9,73.49,74.99,2,,TRY,"[""Sepette %2 İndirim"",""Kargo Bedava""]",InStock,100 adetten fazla stok sunulmuştur,,,,,4.1,434,,,84,1B kişinin sepetinde,"24,1B kişi favoriledi",Son 24 saatte 336 kişi görüntüledi,,,0,,,,6 saat 49 dakika içinde sipariş verirsen en geç yarın kargoda!,,,{},0,,refreshed,"[""daily_top""]",true,2026-08-20T17:07:31+03:00,0,"[""search_result_dom"",""product_detail_jsonld"",""product_detail_dom""]","{""title"":""observed"",""brand"":""observed"",""seller_name"":""observed"",""seller_score"":""observed"",""price"":""observed"",""original_price"":""observed"",""campaigns"":""observed"",""stock_status"":""observed"",""stock_signal"":""observed"",""rating"":""observed"",""rating_count"":""observed"",""review_count"":""unavailable"",""question_count"":""observed"",""delivery_summary"":""observed"",""shipping_cost"":""unavailable"",""properties"":""observed""}",true,
2026-08-20,2026-08-20T17:07:31+03:00,hobi,BEST_SELLER,hobi-cok-satanlar,Trendyol Hobi / Çok Satanlar,95,1,95,95,95,hobi:hobi-cok-satanlar,95,,60.9,19,979314425,,979314425:unknown,"Mortex 100’lü Toplu İğne Seti – Türban, Eşarp, Şal, Düğün, Kına, Nişan, Nikah, Sünnet Takı İğnesi",Mortex,,https://www.trendyol.com/mortex/100-lu-toplu-igne-seti-turban-esarp-sal-dugun-kina-nisan-nikah-sunnet-taki-ignesi-p-979314425,Mortex,100,24.99,49.9,49.9,,TRY,"[""Kargo Bedava""]",InStock,100 adetten fazla stok sunulmuştur,,,,,3.8,23,,,3,,1B kişi favoriledi,,,,0,,,,6 saat 49 dakika içinde sipariş verirsen en geç yarın kargoda!,,,{},0,,refreshed,"[""daily_top""]",true,2026-08-20T17:07:31+03:00,0,"[""search_result_dom"",""product_detail_jsonld"",""product_detail_dom""]","{""title"":""observed"",""brand"":""observed"",""seller_name"":""observed"",""seller_score"":""observed"",""price"":""observed"",""original_price"":""observed"",""campaigns"":""observed"",""stock_status"":""observed"",""stock_signal"":""observed"",""rating"":""observed"",""rating_count"":""observed"",""review_count"":""unavailable"",""question_count"":""observed"",""delivery_summary"":""observed"",""shipping_cost"":""unavailable"",""properties"":""observed""}",true,
2026-08-20,2026-08-20T17:07:31+03:00,hobi,BEST_SELLER,hobi-cok-satanlar,Trendyol Hobi / Çok Satanlar,96,1,96,96,96,hobi:hobi-cok-satanlar,96,,15.1,15.9,937346542,,937346542:unknown,Bunloon Balon Yapıştırma Bandı Çift Taraflı Şeffaf Balon Sabitleyici Parti Organizasyon,Bunloon,Balon Zinciri,https://www.trendyol.com/bunloon/balon-yapistirma-bandi-cift-tarafli-seffaf-balon-sabitleyici-parti-organizasyon-p-937346542,Bunloon,93,47.42,47.9,1,,TRY,"[""Sepette %1 İndirim"",""Kargo Bedava""]",InStock,100 adetten fazla stok sunulmuştur,,,,,4.2,158,57,,27,,"4,7B kişi favoriledi",,4999,TRY,0,1,1,4,6 saat 49 dakika içinde sipariş verirsen en geç yarın kargoda!,,https://cdn.dsmcdn.com/ty1679/prod/QC/20250516/22/14a7fba7-c481-342c-88c4-a509610307e7/1_org_zoom.jpg,"{""Menşei"":""CN"",""Bakım Talimatları (Genel)"":""Gıda ile temas için uygun değildir.""}",20,5,refreshed,"[""daily_top""]",true,2026-08-20T17:07:31+03:00,0,"[""search_result_dom"",""product_detail_jsonld"",""product_detail_dom""]","{""title"":""observed"",""brand"":""observed"",""seller_name"":""observed"",""seller_score"":""observed"",""price"":""observed"",""original_price"":""observed"",""campaigns"":""observed"",""stock_status"":""observed"",""stock_signal"":""observed"",""rating"":""observed"",""rating_count"":""observed"",""review_count"":""observed"",""question_count"":""observed"",""delivery_summary"":""observed"",""shipping_cost"":""observed"",""properties"":""observed""}",true,
2026-08-20,2026-08-20T17:07:31+03:00,hobi,BEST_SELLER,hobi-cok-satanlar,Trendyol Hobi / Çok Satanlar,97,1,97,97,97,hobi:hobi-cok-satanlar,97,,28.2,1.8,747478451,,747478451:unknown,AcarlarTicaret 12'li Cam Pipet Ve 2 Adet Temizleme Fırçası Seti 1. Kalite / 9 Mm,AcarlarTicaret,Pipet,https://www.trendyol.com/acarlarticaret/12-li-cam-pipet-ve-2-adet-temizleme-fircasi-seti-1-kalite-9-mm-p-747478451,AL&ES HOME,86,74.99,,,,TRY,"[""Kargo Bedava""]",InStock,100 adetten fazla stok sunulmuştur,,,,,4.7,5560,3370,,231,601 kişinin sepetinde,"67,4B kişi favoriledi",,4999,TRY,0,1,1,4,6 saat 49 dakika içinde sipariş verirsen en geç yarın kargoda!,,https://cdn.dsmcdn.com/ty1931/prod/QC_ENRICHMENT/20260730/20/7a781b2f-ba5d-31bd-9eaf-026d3f5547bc/1_org_zoom.jpg,"{""Renk"":""Beyaz"",""Menşei"":""CN"",""Materyal"":""Cam""}",20,5,refreshed,"[""daily_top""]",true,2026-08-20T17:07:31+03:00,0,"[""search_result_dom"",""product_detail_jsonld"",""product_detail_dom""]","{""title"":""observed"",""brand"":""observed"",""seller_name"":""observed"",""seller_score"":""observed"",""price"":""observed"",""original_price"":""unavailable"",""campaigns"":""observed"",""stock_status"":""observed"",""stock_signal"":""observed"",""rating"":""observed"",""rating_count"":""observed"",""review_count"":""observed"",""question_count"":""observed"",""delivery_summary"":""observed"",""shipping_cost"":""observed"",""properties"":""observed""}",true,
2026-08-20,2026-08-20T17:07:31+03:00,hobi,BEST_SELLER,hobi-cok-satanlar,Trendyol Hobi / Çok Satanlar,98,1,98,98,98,hobi:hobi-cok-satanlar,98,,20.9,9.1,958273516,,958273516:unknown,Motto Gift Minik Sevgilim Peluş Oyuncak - 25cm - Kişiye Özel Fotoğraflı Sevgiliye Hediye,Motto Gift,Konsept Hediyelik,https://www.trendyol.com/motto-gift/minik-sevgilim-pelus-oyuncak-25cm-kisiye-ozel-fotografli-sevgiliye-hediye-p-958273516,Mottogiftshop,88,199,,,,TRY,"[""Kargo Bedava""]",InStock,100 adetten fazla stok sunulmuştur,,,,,4.1,779,412,,151,"2,5B kişinin sepetinde","58,7B kişi favoriledi","Son 24 saatte 1,4B kişi görüntüledi",4999,TRY,0,1,1,4,6 saat 49 dakika içinde sipariş verirsen en geç yarın kargoda!,,https://cdn.dsmcdn.com/ty1788/prod/QC_ENRICHMENT/20251116/16/a7f314c9-bb82-3b46-9d83-5147f8df49a6/1_org_zoom.jpg,"{""Menşei"":""TR""}",20,5,refreshed,"[""daily_top""]",true,2026-08-20T17:07:31+03:00,0,"[""search_result_dom"",""product_detail_jsonld"",""product_detail_dom""]","{""title"":""observed"",""brand"":""observed"",""seller_name"":""observed"",""seller_score"":""observed"",""price"":""observed"",""original_price"":""unavailable"",""campaigns"":""observed"",""stock_status"":""observed"",""stock_signal"":""observed"",""rating"":""observed"",""rating_count"":""observed"",""review_count"":""observed"",""question_count"":""observed"",""delivery_summary"":""observed"",""shipping_cost"":""observed"",""properties"":""observed""}",true,
2026-08-20,2026-08-20T17:07:31+03:00,hobi,BEST_SELLER,hobi-cok-satanlar,Trendyol Hobi / Çok Satanlar,99,1,99,99,99,hobi:hobi-cok-satanlar,99,,19.6,10.4,771563707,,771563707:unknown,"ZEYMERADE Bordo Gelin Nedime Tefi, Kına Gecesi Düğün Sünnet Bride Plastik Zilli Tef, 5 Adet",ZEYMERADE,,https://www.trendyol.com/zeymerade/bordo-gelin-nedime-tefi-kina-gecesi-dugun-sunnet-bride-plastik-zilli-tef-5-adet-p-771563707,ZEYMERADE,,179.9,,,,TRY,"[""Kargo Bedava""]",InStock,100 adetten fazla stok sunulmuştur,,,,,4.6,279,,,9,717 kişinin sepetinde,"15,8B kişi favoriledi",Son 24 saatte 620 kişi görüntüledi,,,0,,,,6 saat 49 dakika içinde sipariş verirsen en geç yarın kargoda!,,,{},0,,refreshed,"[""daily_top""]",true,2026-08-20T17:07:31+03:00,0,"[""search_result_dom"",""product_detail_jsonld"",""product_detail_dom""]","{""title"":""observed"",""brand"":""observed"",""seller_name"":""observed"",""seller_score"":""unavailable"",""price"":""observed"",""original_price"":""unavailable"",""campaigns"":""observed"",""stock_status"":""observed"",""stock_signal"":""observed"",""rating"":""observed"",""rating_count"":""observed"",""review_count"":""unavailable"",""question_count"":""observed"",""delivery_summary"":""observed"",""shipping_cost"":""unavailable"",""properties"":""observed""}",true,
2026-08-20,2026-08-20T17:07:31+03:00,hobi,BEST_SELLER,hobi-cok-satanlar,Trendyol Hobi / Çok Satanlar,100,1,100,100,100,hobi:hobi-cok-satanlar,100,,36.3,4.9,829304320,,829304320:unknown,Huzur Party Store 35 Parça Gümüş Bride To Be Seti Bekarlığa Veda Partisi Malzemeleri Kuşak Dövme Taç Balon Süsleri,Huzur Party Store,,https://www.trendyol.com/huzur-party-store/35-parca-gumus-bride-to-be-seti-bekarliga-veda-partisi-malzemeleri-kusak-dovme-tac-balon-susleri-p-829304320,Huzur Party Store,35,422.61,475.97,11.2,,TRY,"[""Kargo Bedava"",""Son 10 Günün En Düşük Fiyatı"",""50 TL Kupon"",""Son 10 günün en düşük fiyatı""]",InStock,100 adetten fazla stok sunulmuştur,,,,,4.4,1383,,,182,654 kişinin sepetinde,56B kişi favoriledi,"Son 24 saatte 1,1B kişi görüntüledi",,,0,,,,6 saat 49 dakika içinde sipariş verirsen en geç yarın kargoda!,,,{},0,,refreshed,"[""daily_top""]",true,2026-08-20T17:07:31+03:00,0,"[""search_result_dom"",""product_detail_jsonld"",""product_detail_dom""]","{""title"":""observed"",""brand"":""observed"",""seller_name"":""observed"",""seller_score"":""observed"",""price"":""observed"",""original_price"":""observed"",""campaigns"":""observed"",""stock_status"":""observed"",""stock_signal"":""observed"",""rating"":""observed"",""rating_count"":""observed"",""review_count"":""unavailable"",""question_count"":""observed"",""delivery_summary"":""observed"",""shipping_cost"":""unavailable"",""properties"":""observed""}",true,
2026-08-20,2026-08-20T17:07:31+03:00,hobi,BEST_SELLER,hobi-malzemeleri,hobi malzemeleri,1,1,101,101,,hobi:hobi-malzemeleri,1,,85.2,48.3,1144216036,1254391,1144216036:1254391,baloss fer Şeffaf Balon Bandı Balon Zinciri Aparatı Balon Süsleme Şeridi Parti Doğum Günü Dekorasyon Bandı,baloss fer,Balon Zinciri,https://www.trendyol.com/baloss-fer/seffaf-balon-bandi-balon-zinciri-aparati-balon-susleme-seridi-parti-dogum-gunu-dekorasyon-bandi-p-1144216036?boutiqueId=61&merchantId=1254391,BALOSS FER,92,24.74,24.99,1,,TRY,"[""Sepette %1 İndirim"",""Kargo Bedava""]",InStock,100 adetten fazla stok sunulmuştur,,,,,4.8,8,5,,2,,1B kişi favoriledi,,4999,TRY,0,1,1,4,6 saat 49 dakika içinde sipariş verirsen en geç yarın kargoda!,,https://cdn.dsmcdn.com/ty1896/prod/QC_PREP/20260512/00/89d21b62-3233-340e-b57d-8cc277433148/1_org_zoom.jpg,"{""Menşei"":""CN""}",5,5,refreshed,"[""daily_top""]",true,2026-08-20T17:07:31+03:00,0,"[""search_result_dom"",""product_detail_jsonld"",""product_detail_dom""]","{""title"":""observed"",""brand"":""observed"",""seller_name"":""observed"",""seller_score"":""observed"",""price"":""observed"",""original_price"":""observed"",""campaigns"":""observed"",""stock_status"":""observed"",""stock_signal"":""observed"",""rating"":""observed"",""rating_count"":""observed"",""review_count"":""observed"",""question_count"":""observed"",""delivery_summary"":""observed"",""shipping_cost"":""observed"",""properties"":""observed""}",true,
2026-08-20,2026-08-20T17:07:31+03:00,hobi,BEST_SELLER,hobi-malzemeleri,hobi malzemeleri,2,1,102,102,,hobi:hobi-malzemeleri,2,,94.3,37.7,885320696,502317,885320696:502317,Öz-bal Parlak Metalize Silver Gümüş Rafya 25 Metre - Balon İpi ve Hediye Paketi Süsleme Şeridi,Öz-bal,Rafya,https://www.trendyol.com/oz-bal/parlak-metalize-silver-gumus-rafya-25-metre-balon-ipi-ve-hediye-paketi-susleme-seridi-p-885320696?boutiqueId=61&merchantId=502317,FortyFour Shop,9,48.99,49.99,2,,TRY,"[""Sepette %2 İndirim"",""Kargo Bedava""]",InStock,100 adetten fazla stok sunulmuştur,,,,,4.4,226,108,,19,,5B kişi favoriledi,,4999,TRY,0,1,1,4,6 saat 49 dakika içinde sipariş verirsen en geç yarın kargoda!,,https://cdn.dsmcdn.com/ty1614/prod/QC/20241218/02/70fe0470-3df1-31e9-a19f-0688c0ee9a22/1_org_zoom.jpg,"{""Menşei"":""TR"",""Bakım Talimatları (Genel)"":""Ürünün kullanım ömrünü korumak için ürüne özel bakım talimatlarını takip ediniz.""}",20,5,refreshed,"[""daily_top""]",true,2026-08-20T17:07:31+03:00,0,"[""search_result_dom"",""product_detail_jsonld"",""product_detail_dom""]","{""title"":""observed"",""brand"":""observed"",""seller_name"":""observed"",""seller_score"":""observed"",""price"":""observed"",""original_price"":""observed"",""campaigns"":""observed"",""stock_status"":""observed"",""stock_signal"":""observed"",""rating"":""observed"",""rating_count"":""observed"",""review_count"":""observed"",""question_count"":""observed"",""delivery_summary"":""observed"",""shipping_cost"":""observed"",""properties"":""observed""}",true,
2026-08-20,2026-08-20T17:07:31+03:00,hobi,BEST_SELLER,hobi-malzemeleri,hobi malzemeleri,3,1,103,103,,hobi:hobi-malzemeleri,3,,84.7,42.8,1116865162,987453,1116865162:987453,Miona Doğum Gününe Özel Hediye Paketleme Ambalaj Kağıdı 35x50 cm(1 ADET),Miona,Paketleme Malzemesi,https://www.trendyol.com/miona/dogum-gunune-ozel-hediye-paketleme-ambalaj-kagidi-35x50-cm-1-adet-p-1116865162?boutiqueId=61&merchantId=987453,MİONA,94,20.9,,,,TRY,"[""Kargo Bedava""]",InStock,100 adetten fazla stok sunulmuştur,,,,,4.9,45,21,,6,,"2,3B kişi favoriledi",,4999,TRY,0,1,1,4,6 saat 49 dakika içinde sipariş verirsen en geç yarın kargoda!,,https://cdn.dsmcdn.com/ty1836/prod/QC_PREP/20260310/04/89bd46c4-3c04-35ff-90a2-f15d6d9cacdc/1_org_zoom.jpg,"{""Menşei"":""TR""}",20,5,refreshed,"[""daily_top""]",true,2026-08-20T17:07:31+03:00,0,"[""search_result_dom"",""product_detail_jsonld"",""product_detail_dom""]","{""title"":""observed"",""brand"":""observed"",""seller_name"":""observed"",""seller_score"":""observed"",""price"":""observed"",""original_price"":""unavailable"",""campaigns"":""observed"",""stock_status"":""observed"",""stock_signal"":""observed"",""rating"":""observed"",""rating_count"":""observed"",""review_count"":""observed"",""question_count"":""observed"",""delivery_summary"":""observed"",""shipping_cost"":""observed"",""properties"":""observed""}",true,
2026-08-20,2026-08-20T17:07:31+03:00,hobi,BEST_SELLER,hobi-malzemeleri,hobi malzemeleri,4,2,104,104,1,hobi:hobi-malzemeleri,4,,89.1,35.9,265780898,463574,265780898:463574,Partioutlet Prizma Kubik Kase Şeffaf 120 Ml 25 Adet,Partioutlet,Plastik Tabak,https://www.trendyol.com/partioutlet/prizma-kubik-kase-seffaf-120-ml-25-adet-p-265780898?boutiqueId=61&merchantId=463574,ELF TEKNO,9,118.56,,,,TRY,"[""Kargo Bedava"",""Trendyol Plus'a Özel""]",InStock,100 adetten fazla stok sunulmuştur,,,,,4,285,137,,34,414 kişinin sepetinde,"16,8B kişi favoriledi",Son 24 saatte 503 kişi görüntüledi,4999,TRY,0,1,1,4,6 saat 48 dakika içinde sipariş verirsen en geç yarın kargoda!,En Çok Satan 1. Ürün,https://cdn.dsmcdn.com/ty1544/prod/QC/20240914/14/354d0b0a-bf23-363e-82ee-ac26acfdad95/1_org_zoom.jpg,"{""Menşei"":""TR"",""Materyal"":""Kaşe""}",20,5,refreshed,"[""daily_top""]",true,2026-08-20T17:07:31+03:00,0,"[""search_result_dom"",""product_detail_jsonld"",""product_detail_dom""]","{""title"":""observed"",""brand"":""observed"",""seller_name"":""observed"",""seller_score"":""observed"",""price"":""observed"",""original_price"":""unavailable"",""campaigns"":""observed"",""stock_status"":""observed"",""stock_signal"":""observed"",""rating"":""observed"",""rating_count"":""observed"",""review_count"":""observed"",""question_count"":""observed"",""delivery_summary"":""observed"",""shipping_cost"":""observed"",""properties"":""observed""}",true,
2026-08-20,2026-08-20T17:07:31+03:00,hobi,BEST_SELLER,hobi-malzemeleri,hobi malzemeleri,5,2,105,105,4,hobi:hobi-malzemeleri,5,,79.2,43.3,1162274488,134783,1162274488:134783,"ZEYMERADE Kırmızı Gül Yaprağı Yapay, 100 Adet, Hediye Süs Düğün Kına Söz Nişan Parti Süsleme Romantik Dekor",ZEYMERADE,,https://www.trendyol.com/zeymerade/kirmizi-gul-yapragi-yapay-100-adet-hediye-sus-dugun-kina-soz-nisan-parti-susleme-romantik-dekor-p-1162274488?boutiqueId=61&merchantId=134783,ZEYMERADE,,49.9,,,,TRY,"[""Kargo Bedava""]",InStock,100 adetten fazla stok sunulmuştur,,,,,4.5,13,,,4,,796 kişi favoriledi,,,,0,,,,6 saat 48 dakika içinde sipariş verirsen en geç yarın kargoda!,En Çok Satan 4. Ürün,,{},0,,refreshed,"[""daily_top""]",true,2026-08-20T17:07:31+03:00,0,"[""search_result_dom"",""product_detail_jsonld"",""product_detail_dom""]","{""title"":""observed"",""brand"":""observed"",""seller_name"":""observed"",""seller_score"":""unavailable"",""price"":""observed"",""original_price"":""unavailable"",""campaigns"":""observed"",""stock_status"":""observed"",""stock_signal"":""observed"",""rating"":""observed"",""rating_count"":""observed"",""review_count"":""unavailable"",""question_count"":""observed"",""delivery_summary"":""observed"",""shipping_cost"":""unavailable"",""properties"":""observed""}",true,
2026-08-20,2026-08-20T17:07:31+03:00,hobi,BEST_SELLER,hobi-malzemeleri,hobi malzemeleri,6,2,106,106,1,hobi:hobi-malzemeleri,6,,84.5,35.5,1155413088,346955,1155413088:346955,Dijital Nostal Kişiye Özel Cupcake Pasta Dekor Süslemesi 12 Adet Doğum Günü I Bride I Bekarlığa Veda I Etkinlik Süs,Dijital Nostal,Doğum Günü Süsü,https://www.trendyol.com/dijital-nostal/kisiye-ozel-cupcake-pasta-dekor-suslemesi-12-adet-dogum-gunu-i-bride-i-bekarliga-veda-i-etkinlik-sus-p-1155413088?boutiqueId=61&merchantId=346955,Dijital Nostal,88,177.99,,,,TRY,"[""Kargo Bedava"",""Trendyol Plus'a Özel""]",InStock,100 adetten fazla stok sunulmuştur,,,,,4.5,149,115,,138,831 kişinin sepetinde,11B kişi favoriledi,"Son 24 saatte 1,1B kişi görüntüledi",4999,TRY,0,1,1,4,6 saat 48 dakika içinde sipariş verirsen en geç yarın kargoda!,En Çok Satan 1. Ürün,https://cdn.dsmcdn.com/ty1906/prod/QC_PREP/20260521/21/f42beba7-3313-3bcf-adfe-623428eb1880/1_org_zoom.jpg,"{""Menşei"":""TR""}",20,5,refreshed,"[""daily_top""]",true,2026-08-20T17:07:31+03:00,0,"[""search_result_dom"",""product_detail_jsonld"",""product_detail_dom""]","{""title"":""observed"",""brand"":""observed"",""seller_name"":""observed"",""seller_score"":""observed"",""price"":""observed"",""original_price"":""unavailable"",""campaigns"":""observed"",""stock_status"":""observed"",""stock_signal"":""observed"",""rating"":""observed"",""rating_count"":""observed"",""review_count"":""observed"",""question_count"":""observed"",""delivery_summary"":""observed"",""shipping_cost"":""observed"",""properties"":""observed""}",true,
2026-08-20,2026-08-20T17:07:31+03:00,hobi,BEST_SELLER,hobi-malzemeleri,hobi malzemeleri,7,2,107,107,,hobi:hobi-malzemeleri,7,,85.3,32.2,950323445,1182054,950323445:1182054,Genel Markalar 1 Metre Peri Led Mini Güç Kutulu Dekoratif led Piller Dahildir 1 adet,Genel Markalar,Led Işık,https://www.trendyol.com/genel-markalar/1-metre-peri-led-mini-guc-kutulu-dekoratif-led-piller-dahildir-1-adet-p-950323445?boutiqueId=61&merchantId=1182054,LAZORİAE,87,35,,,,TRY,"[""Kargo Bedava""]",InStock,100 adetten fazla stok sunulmuştur,,,,,3.8,458,255,,127,597 kişinin sepetinde,"17,8B kişi favoriledi",,4999,TRY,0,1,1,4,6 saat 48 dakika içinde sipariş verirsen en geç yarın kargoda!,,https://cdn.dsmcdn.com/ty1701/prod/QC_PREP/20250630/00/6d795b0e-024e-3bd0-b677-89a30216c406/1_org_zoom.jpg,"{""Ebatlar"":""1 metre"",""Renk"":""Çok Renkli"",""Menşei"":""TR"",""Batarya Türü"":""Diğer"",""Özellik"":""Uzun"",""Enerji Tasarrufu"":""Var""}",20,5,refreshed,"[""daily_top""]",true,2026-08-20T17:07:31+03:00,0,"[""search_result_dom"",""product_detail_jsonld"",""product_detail_dom""]","{""title"":""observed"",""brand"":""observed"",""seller_name"":""observed"",""seller_score"":""observed"",""price"":""observed"",""original_price"":""unavailable"",""campaigns"":""observed"",""stock_status"":""observed"",""stock_signal"":""observed"",""rating"":""observed"",""rating_count"":""observed"",""review_count"":""observed"",""question_count"":""observed"",""delivery_summary"":""observed"",""shipping_cost"":""observed"",""properties"":""observed""}",true,
2026-08-20,2026-08-20T17:07:31+03:00,hobi,BEST_SELLER,hobi-malzemeleri,hobi malzemeleri,8,2,108,108,14,hobi:hobi-malzemeleri,8,,92.8,22.2,850371852,189975,850371852:189975,Vagonik Kişiye Özel Doğum Günü Happy Birthday Duvar Örtüsü Duvar Halısı Birinci Kalite Kumaş,Vagonik,,https://www.trendyol.com/vagonik/kisiye-ozel-dogum-gunu-happy-birthday-duvar-ortusu-duvar-halisi-birinci-kalite-kumas-p-850371852?boutiqueId=61&merchantId=189975,vagonik,92,366.2,,,,TRY,"[""Sepette %1 İndirim"",""Kargo Bedava"",""Trendyol Plus'a Özel""]",InStock,100 adetten fazla stok sunulmuştur,,,,,4.8,3951,,,3194,926 kişinin sepetinde,"86,1B kişi favoriledi",Son 24 saatte 921 kişi görüntüledi,,,0,,,,Tahmini Teslim:,,,{},0,,refreshed,"[""daily_top""]",true,2026-08-20T17:07:31+03:00,0,"[""search_result_dom"",""product_detail_jsonld"",""product_detail_dom""]","{""title"":""observed"",""brand"":""observed"",""seller_name"":""observed"",""seller_score"":""observed"",""price"":""observed"",""original_price"":""unavailable"",""campaigns"":""observed"",""stock_status"":""observed"",""stock_signal"":""observed"",""rating"":""observed"",""rating_count"":""observed"",""review_count"":""unavailable"",""question_count"":""observed"",""delivery_summary"":""observed"",""shipping_cost"":""unavailable"",""properties"":""observed""}",true,
2026-08-20,2026-08-20T17:07:31+03:00,hobi,BEST_SELLER,hobi-malzemeleri,hobi malzemeleri,9,2,109,109,,hobi:hobi-malzemeleri,9,,86.2,31.1,777656259,359117,777656259:359117,Cata CT-5180 4000K (Günışığı) Sensörlü Şarjlı Mıknatıslı Kabin Led Ampul,Cata,Led Işık,https://www.trendyol.com/cata/ct-5180-4000k-gunisigi-sensorlu-sarjli-miknatisli-kabin-led-ampul-p-777656259?boutiqueId=61&merchantId=359117,TAMERELEKTRİK,9,137.93,144.9,4.8,,TRY,"[""Kargo Bedava"",""Son 10 Günün En Düşük Fiyatı""]",InStock,100 adetten fazla stok sunulmuştur,,,,,4.1,411,266,,219,,"4,8B kişi favoriledi",,4999,TRY,0,1,1,4,6 saat 48 dakika içinde sipariş verirsen en geç yarın kargoda!,,https://cdn.dsmcdn.com/ty1438/product/media/images/prod/QC/20240724/00/3bb6a024-22c5-374a-9142-3caf1f04809d/1_org_zoom.jpg,"{""Ebatlar"":""Tek Ebat"",""Renk"":""Sarı"",""Menşei"":""CN"",""Batarya Türü"":""Lityum-iyon"",""Özellik"":""Mıknatıslı""}",20,5,refreshed,"[""daily_top""]",true,2026-08-20T17:07:31+03:00,0,"[""search_result_dom"",""product_detail_jsonld"",""product_detail_dom""]","{""title"":""observed"",""brand"":""observed"",""seller_name"":""observed"",""seller_score"":""observed"",""price"":""observed"",""original_price"":""observed"",""campaigns"":""observed"",""stock_status"":""observed"",""stock_signal"":""observed"",""rating"":""observed"",""rating_count"":""observed"",""review_count"":""observed"",""question_count"":""observed"",""delivery_summary"":""observed"",""shipping_cost"":""observed"",""properties"":""observed""}",true,
2026-08-20,2026-08-20T17:07:31+03:00,hobi,BEST_SELLER,hobi-malzemeleri,hobi malzemeleri,10,2,110,110,17,hobi:hobi-malzemeleri,10,,81.5,28.5,895206116,180450,895206116:180450,ecrin tuhafiye hobi 10 Adet Düğün Arabası Süsü Gelin Arabası Orkide Konvoy Süsü & Bohça Süsü,ecrin tuhafiye hobi,,https://www.trendyol.com/ecrin-tuhafiye-hobi/10-adet-dugun-arabasi-susu-gelin-arabasi-orkide-konvoy-susu-bohca-susu-p-895206116?boutiqueId=61&merchantId=180450,Ecrin Tuhafiye Hobi,86,499.5,,,,TRY,"[""50 TL Kupon"",""Kargo Bedava""]",InStock,100 adetten fazla stok sunulmuştur,,,,,4.6,489,,,90,386 kişinin sepetinde,"20,3B kişi favoriledi",Son 24 saatte 612 kişi görüntüledi,,,0,,,,Tahmini Teslim:,En Çok Ziyaret Edilen 8. Ürün,,{},0,,refreshed,"[""daily_top""]",true,2026-08-20T17:07:31+03:00,0,"[""search_result_dom"",""product_detail_jsonld"",""product_detail_dom""]","{""title"":""observed"",""brand"":""observed"",""seller_name"":""observed"",""seller_score"":""observed"",""price"":""observed"",""original_price"":""unavailable"",""campaigns"":""observed"",""stock_status"":""observed"",""stock_signal"":""observed"",""rating"":""observed"",""rating_count"":""observed"",""review_count"":""unavailable"",""question_count"":""observed"",""delivery_summary"":""observed"",""shipping_cost"":""unavailable"",""properties"":""observed""}",true,
2026-08-20,2026-08-20T17:07:31+03:00,hobi,BEST_SELLER,hobi-malzemeleri,hobi malzemeleri,11,2,111,111,,hobi:hobi-malzemeleri,11,,68.9,38.6,1171322608,737647,1171322608:737647,"Light Home 300 LED 10 Sarkıt Perde LED Işık, 3x3 Metre, USB Bağlantılı, Uzaktan Kumandalı, 8 Aydınlatma Modlu, Gün Işığı Dekoratif Peri Işığı",Light Home,Led Işık,https://www.trendyol.com/light-home/300-led-10-sarkit-perde-led-isik-3x3-metre-usb-baglantili-uzaktan-kumandali-8-aydinlatma-modlu-gun-isigi-dekoratif-peri-isigi-p-1171322608?boutiqueId=61&merchantId=737647,Orident TR,93,289.9,,,,TRY,"[""Kargo Bedava""]",InStock,100 adetten fazla stok sunulmuştur,,,,,4.8,39,22,,36,"1,5B kişinin sepetinde","6,6B kişi favoriledi","Son 24 saatte 1,2B kişi görüntüledi",4999,TRY,0,1,1,4,6 saat 48 dakika içinde sipariş verirsen en geç yarın kargoda!,,https://cdn.dsmcdn.com/ty1942/prod/QC_PREP/20260715/00/8642b473-35ee-3017-980c-782f2eb08152/1_org_zoom.jpg,"{""Ebatlar"":""3 metre"",""Renk"":""Sarı"",""Menşei"":""CN"",""Batarya Türü"":""Diğer"",""Özellik"":""Ledli"",""Enerji Tasarrufu"":""Var""}",20,5,refreshed,"[""daily_top""]",true,2026-08-20T17:07:31+03:00,0,"[""search_result_dom"",""product_detail_jsonld"",""product_detail_dom""]","{""title"":""observed"",""brand"":""observed"",""seller_name"":""observed"",""seller_score"":""observed"",""price"":""observed"",""original_price"":""unavailable"",""campaigns"":""observed"",""stock_status"":""observed"",""stock_signal"":""observed"",""rating"":""observed"",""rating_count"":""observed"",""review_count"":""observed"",""question_count"":""observed"",""delivery_summary"":""observed"",""shipping_cost"":""observed"",""properties"":""observed""}",true,
2026-08-20,2026-08-20T17:07:31+03:00,hobi,BEST_SELLER,hobi-malzemeleri,hobi malzemeleri,12,2,112,112,4,hobi:hobi-malzemeleri,12,,68.6,36.4,1083460935,134783,1083460935:134783,"ZEYMERADE Bebe Pembe İran Grek Tül, Nişan Çeyiz Bohça Kapı Doğum Günü Konvoy Parti Süsleme, 1 Metre (En 70cm)",ZEYMERADE,,https://www.trendyol.com/zeymerade/bebe-pembe-iran-grek-tul-nisan-ceyiz-bohca-kapi-dogum-gunu-konvoy-parti-susleme-1-metre-en-70cm-p-1083460935?boutiqueId=61&merchantId=134783,ZEYMERADE,,19.9,,,,TRY,"[""Kargo Bedava""]",InStock,100 adetten fazla stok sunulmuştur,,,,,4.7,37,,,21,,"1,4B kişi favoriledi",,,,0,,,,6 saat 48 dakika içinde sipariş verirsen en geç yarın kargoda!,En Çok Satan 4. Ürün,,{},0,,refreshed,"[""daily_top""]",true,2026-08-20T17:07:31+03:00,0,"[""search_result_dom"",""product_detail_jsonld"",""product_detail_dom""]","{""title"":""observed"",""brand"":""observed"",""seller_name"":""observed"",""seller_score"":""unavailable"",""price"":""observed"",""original_price"":""unavailable"",""campaigns"":""observed"",""stock_status"":""observed"",""stock_signal"":""observed"",""rating"":""observed"",""rating_count"":""observed"",""review_count"":""unavailable"",""question_count"":""observed"",""delivery_summary"":""observed"",""shipping_cost"":""unavailable"",""properties"":""observed""}",true,
2026-08-20,2026-08-20T17:07:31+03:00,hobi,BEST_SELLER,hobi-malzemeleri,hobi malzemeleri,13,2,113,113,,hobi:hobi-malzemeleri,13,,92,20.5,196011143,498881,196011143:498881,Bvs Elektronik Mutfak Dolabı Tezgah Üstü İçin 5 Metre Gün Işığı 12v Adaptörlü Aç Kapa Anahtarlı Şerit Led Işık,Bvs Elektronik,Led Işık,https://www.trendyol.com/bvs-elektronik/mutfak-dolabi-tezgah-ustu-icin-5-metre-gun-isigi-12v-adaptorlu-ac-kapa-anahtarli-serit-led-isik-p-196011143?boutiqueId=61&merchantId=498881,Bvs Elektronik,94,359.99,399.99,10,,TRY,"[""Sepette %10 İndirim"",""50 TL Kupon"",""Kargo Bedava""]",InStock,100 adetten fazla stok sunulmuştur,,,,,4.4,5527,3162,,1652,"2,7B kişinin sepetinde","171,9B kişi favoriledi","Son 24 saatte 2,1B kişi görüntüledi",4999,TRY,0,1,1,4,6 saat 48 dakika içinde sipariş verirsen en geç yarın kargoda!,En Çok Ziyaret Edilen 3. Ürün,https://cdn.dsmcdn.com/ty1849/prod/QC_ENRICHMENT/20260403/23/7a8056ab-fa5e-39ac-981c-c647945a37ea/1_org_zoom.jpg,"{""Ebatlar"":""5 metre"",""Renk"":""Sarı"",""Menşei"":""TR"",""Batarya Türü"":""Diğer"",""Özellik"":""Enerji Tasarrufu"",""Enerji Tasarrufu"":""Var""}",20,5,refreshed,"[""daily_top""]",true,2026-08-20T17:07:31+03:00,0,"[""search_result_dom"",""product_detail_jsonld"",""product_detail_dom""]","{""title"":""observed"",""brand"":""observed"",""seller_name"":""observed"",""seller_score"":""observed"",""price"":""observed"",""original_price"":""observed"",""campaigns"":""observed"",""stock_status"":""observed"",""stock_signal"":""observed"",""rating"":""observed"",""rating_count"":""observed"",""review_count"":""observed"",""question_count"":""observed"",""delivery_summary"":""observed"",""shipping_cost"":""observed"",""properties"":""observed""}",true,
2026-08-20,2026-08-20T17:07:31+03:00,hobi,BEST_SELLER,hobi-malzemeleri,hobi malzemeleri,14,2,114,114,,hobi:hobi-malzemeleri,14,,71.5,28.5,73192831,1103572,73192831:1103572,EYM Jut Hasır Ip 6mm (10 MT) – Örgü Ipi – Örgü Ipi – Örgü Ipi,EYM,Örgü İpi,https://www.trendyol.com/eym/jut-hasir-ip-6mm-10-mt-orgu-ipi-orgu-ipi-orgu-ipi-p-73192831?boutiqueId=61&merchantId=1103572,EYM E-STORE,77,35.23,,,,TRY,"[""Süper Fırsat Ürünü"",""Kargo Bedava"",""Trendyol Plus'a Özel""]",InStock,100 adetten fazla stok sunulmuştur,,,,,4.4,522,276,,124,,"8,6B kişi favoriledi",,4999,TRY,0,1,1,4,6 saat 48 dakika içinde sipariş verirsen en geç yarın kargoda!,,https://cdn.dsmcdn.com/ty1580/prod/QC/20241006/23/78e849dc-3e76-3a6f-87cf-2cdb59664e53/1_org_zoom.jpg,"{""İçerik"":""Bambu"",""Gramaj"":""100 - 149 gr"",""Renk"":""Bej"",""Metraj"":""0-49m"",""Adet"":""1"",""Menşei"":""TR"",""Bakım Talimatları (Genel)"":""Ürünün kullanım ömrünü korumak için ürüne özel bakım talimatlarını takip ediniz.""}",20,5,refreshed,"[""daily_top""]",true,2026-08-20T17:07:31+03:00,0,"[""search_result_dom"",""product_detail_jsonld"",""product_detail_dom""]","{""title"":""observed"",""brand"":""observed"",""seller_name"":""observed"",""seller_score"":""observed"",""price"":""observed"",""original_price"":""unavailable"",""campaigns"":""observed"",""stock_status"":""observed"",""stock_signal"":""observed"",""rating"":""observed"",""rating_count"":""observed"",""review_count"":""observed"",""question_count"":""observed"",""delivery_summary"":""observed"",""shipping_cost"":""observed"",""properties"":""observed""}",true,
2026-08-20,2026-08-20T17:07:31+03:00,hobi,BEST_SELLER,hobi-malzemeleri,hobi malzemeleri,15,2,115,115,33,hobi:hobi-malzemeleri,15,,72.7,24.8,828998005,134783,828998005:134783,"ZEYMERADE Bordo Ledli Kına El Mumu, Düğün, Nedime, Bride, Sünnet, Led Işıklı, Tealight Mum Pilli 12 Adet",ZEYMERADE,,https://www.trendyol.com/zeymerade/bordo-ledli-kina-el-mumu-dugun-nedime-bride-sunnet-led-isikli-tealight-mum-pilli-12-adet-p-828998005?boutiqueId=61&merchantId=134783,ZEYMERADE,,379.9,,,,TRY,"[""50 TL Kupon"",""Kargo Bedava""]",InStock,100 adetten fazla stok sunulmuştur,,,,,4.8,695,,,27,802 kişinin sepetinde,"44,2B kişi favoriledi",Son 24 saatte 593 kişi görüntüledi,,,0,,,,Tahmini Teslim:,En Çok Ziyaret Edilen 10. Ürün,,{},0,,refreshed,"[""daily_top""]",true,2026-08-20T17:07:31+03:00,0,"[""search_result_dom"",""product_detail_jsonld"",""product_detail_dom""]","{""title"":""observed"",""brand"":""observed"",""seller_name"":""observed"",""seller_score"":""unavailable"",""price"":""observed"",""original_price"":""unavailable"",""campaigns"":""observed"",""stock_status"":""observed"",""stock_signal"":""observed"",""rating"":""observed"",""rating_count"":""observed"",""review_count"":""unavailable"",""question_count"":""observed"",""delivery_summary"":""observed"",""shipping_cost"":""unavailable"",""properties"":""observed""}",true,
2026-08-20,2026-08-20T17:07:31+03:00,hobi,BEST_SELLER,hobi-malzemeleri,hobi malzemeleri,16,2,116,116,,hobi:hobi-malzemeleri,16,,75,20,36683420,108049,36683420:108049,Parti Dolabı 2 Adet Balon Süsleme Standı 7li Çubuklu Ikili Set Ayaklı Stand,Parti Dolabı,Balon Standı,https://www.trendyol.com/parti-dolabi/2-adet-balon-susleme-standi-7li-cubuklu-ikili-set-ayakli-stand-p-36683420?boutiqueId=61&merchantId=108049,Parti Dolabı,2,143.9,,,,TRY,"[""Kargo Bedava"",""Trendyol Plus'a Özel""]",InStock,100 adetten fazla stok sunulmuştur,,,,,4.4,4491,2385,,376,641 kişinin sepetinde,"43,4B kişi favoriledi",Son 24 saatte 338 kişi görüntüledi,4999,TRY,0,1,1,4,6 saat 48 dakika içinde sipariş verirsen en geç yarın kargoda!,,https://cdn.dsmcdn.com/ty386/product/media/images/20220405/1/83268128/65223882/1/1_org_zoom.jpg,"{""Menşei"":""TR"",""Bakım Talimatları (Genel)"":""Ürünün kullanım ömrünü korumak için ürüne özel bakım talimatlarını takip ediniz."",""Renk"":""Turuncu""}",20,5,refreshed,"[""daily_top""]",true,2026-08-20T17:07:31+03:00,0,"[""search_result_dom"",""product_detail_jsonld"",""product_detail_dom""]","{""title"":""observed"",""brand"":""observed"",""seller_name"":""observed"",""seller_score"":""observed"",""price"":""observed"",""original_price"":""unavailable"",""campaigns"":""observed"",""stock_status"":""observed"",""stock_signal"":""observed"",""rating"":""observed"",""rating_count"":""observed"",""review_count"":""observed"",""question_count"":""observed"",""delivery_summary"":""observed"",""shipping_cost"":""observed"",""properties"":""observed""}",true,
2026-08-20,2026-08-20T17:07:31+03:00,hobi,BEST_SELLER,hobi-malzemeleri,hobi malzemeleri,17,2,117,117,50,hobi:hobi-malzemeleri,17,,68.6,23.9,169674313,134783,169674313:134783,"ZEYMERADE Krem Süsleme Tülü, Bohça Çeyiz Gelin Damat Söz Nişan Nikah Kapı Konvoy Valiz Hediye Süsü, 100x300cm",ZEYMERADE,,https://www.trendyol.com/zeymerade/krem-susleme-tulu-bohca-ceyiz-gelin-damat-soz-nisan-nikah-kapi-konvoy-valiz-hediye-susu-100x300cm-p-169674313?boutiqueId=61&merchantId=134783,ZEYMERADE,,49.9,,,,TRY,"[""Kargo Bedava""]",InStock,100 adetten fazla stok sunulmuştur,,,,,4.6,658,,,65,,"9,3B kişi favoriledi",,,,0,,,,6 saat 48 dakika içinde sipariş verirsen en geç yarın kargoda!,,,{},0,,refreshed,"[""daily_top""]",true,2026-08-20T17:07:31+03:00,0,"[""search_result_dom"",""product_detail_jsonld"",""product_detail_dom""]","{""title"":""observed"",""brand"":""observed"",""seller_name"":""observed"",""seller_score"":""unavailable"",""price"":""observed"",""original_price"":""unavailable"",""campaigns"":""observed"",""stock_status"":""observed"",""stock_signal"":""observed"",""rating"":""observed"",""rating_count"":""observed"",""review_count"":""unavailable"",""question_count"":""observed"",""delivery_summary"":""observed"",""shipping_cost"":""unavailable"",""properties"":""observed""}",true,
2026-08-20,2026-08-20T17:07:31+03:00,hobi,BEST_SELLER,hobi-malzemeleri,hobi malzemeleri,18,2,118,118,,hobi:hobi-malzemeleri,18,,74,16,756755784,220491,756755784:220491,yiğit aksesuar 4 Kutulu Mega Takı Yapım Hobi Başlangıç Set Kum Boncuk Harf Boncuk,yiğit aksesuar,Boncuk,https://www.trendyol.com/yigit-aksesuar/4-kutulu-mega-taki-yapim-hobi-baslangic-set-kum-boncuk-harf-boncuk-p-756755784?boutiqueId=61&merchantId=220491,YİĞİT AKSESUAR,91,399,,,,TRY,"[""50 TL Kupon"",""Kargo Bedava""]",InStock,100 adetten fazla stok sunulmuştur,,,,,4.4,10685,5556,,2182,"3,1B kişinin sepetinde","180,6B kişi favoriledi","Son 24 saatte 2,2B kişi görüntüledi",4999,TRY,0,1,1,4,6 saat 48 dakika içinde sipariş verirsen en geç yarın kargoda!,En Çok Favorilenen 1. Ürün,https://cdn.dsmcdn.com/ty1531/product/media/images/prod/QC/20240909/11/03e4966b-a333-30e1-b10e-64797746c940/1_org_zoom.jpg,"{""Menşei"":""CN"",""Bakım Talimatları (Genel)"":""Ürünün kullanım ömrünü korumak için ürüne özel bakım talimatlarını takip ediniz."",""Renk"":""Çok Renkli""}",20,5,refreshed,"[""daily_top""]",true,2026-08-20T17:07:31+03:00,0,"[""search_result_dom"",""product_detail_jsonld"",""product_detail_dom""]","{""title"":""observed"",""brand"":""observed"",""seller_name"":""observed"",""seller_score"":""observed"",""price"":""observed"",""original_price"":""unavailable"",""campaigns"":""observed"",""stock_status"":""observed"",""stock_signal"":""observed"",""rating"":""observed"",""rating_count"":""observed"",""review_count"":""observed"",""question_count"":""observed"",""delivery_summary"":""observed"",""shipping_cost"":""observed"",""properties"":""observed""}",true,
2026-08-20,2026-08-20T17:07:31+03:00,hobi,BEST_SELLER,hobi-malzemeleri,hobi malzemeleri,19,2,119,119,7,hobi:hobi-malzemeleri,19,,58.9,28.6,940968957,501457,940968957:501457,"BALON DİYARI 5 Parça Siyah, Gümüş ve Şeffaf Balon Seti – Doğum Günü ve Parti Dekoru 🎈",BALON DİYARI,Balon,https://www.trendyol.com/balon-diyari/5-parca-siyah-gumus-ve-seffaf-balon-seti-dogum-gunu-ve-parti-dekoru-p-940968957?boutiqueId=61&merchantId=501457,Balon Diyarı,93,24.99,,,,TRY,"[""Kargo Bedava""]",InStock,100 adetten fazla stok sunulmuştur,,,,,4.1,234,129,,122,475 kişinin sepetinde,"16,5B kişi favoriledi",,4999,TRY,0,1,1,4,6 saat 48 dakika içinde sipariş verirsen en geç yarın kargoda!,En Çok Satan 7. Ürün,https://cdn.dsmcdn.com/ty1794/prod/QC_ENRICHMENT/20251204/11/6458d6bb-947e-3c29-ac12-9b58d43cf100/1_org_zoom.jpg,"{""Balon Çeşidi"":""Krom Balon"",""Renk"":""Çok Renkli"",""Menşei"":""TR""}",20,5,refreshed,"[""daily_top""]",true,2026-08-20T17:07:31+03:00,0,"[""search_result_dom"",""product_detail_jsonld"",""product_detail_dom""]","{""title"":""observed"",""brand"":""observed"",""seller_name"":""observed"",""seller_score"":""observed"",""price"":""observed"",""original_price"":""unavailable"",""campaigns"":""observed"",""stock_status"":""observed"",""stock_signal"":""observed"",""rating"":""observed"",""rating_count"":""observed"",""review_count"":""observed"",""question_count"":""observed"",""delivery_summary"":""observed"",""shipping_cost"":""observed"",""properties"":""observed""}",true,
2026-08-20,2026-08-20T17:07:31+03:00,hobi,BEST_SELLER,hobi-malzemeleri,hobi malzemeleri,20,2,120,120,8,hobi:hobi-malzemeleri,20,,48.3,36.7,1165818137,652222,1165818137:652222,Emtory Home 10 Adet | Katlanır Masa Kartı - Çift Yön Baskı - 9x16cm - Söz Nişan Düğün Özel Yazı,Emtory Home,Söz Hediyelik,https://www.trendyol.com/emtory-home/10-adet-katlanir-masa-karti-cift-yon-baski-9x16cm-soz-nisan-dugun-ozel-yazi-p-1165818137?boutiqueId=61&merchantId=652222,Emtory Gift,93,74.99,,,,TRY,"[""Kargo Bedava"",""Son 10 Günün En Düşük Fiyatı""]",InStock,100 adetten fazla stok sunulmuştur,,,,,4.2,14,10,,26,,802 kişi favoriledi,,4999,TRY,0,1,1,4,6 saat 48 dakika içinde sipariş verirsen en geç yarın kargoda!,En Çok Satan 8. Ürün,https://cdn.dsmcdn.com/ty1906/prod/QC_ENRICHMENT/20260618/03/7de4f3e4-71e4-3838-924d-79e13f794fd3/1_org_zoom.jpg,"{""Diğer Özellikler"":""+100 kart"",""Menşei"":""TR"",""Bakım Talimatları (Genel)"":""Ürünün kullanım ömrünü korumak için ürüne özel bakım talimatlarını takip ediniz.""}",10,3.9,refreshed,"[""daily_top""]",true,2026-08-20T17:07:31+03:00,0,"[""search_result_dom"",""product_detail_jsonld"",""product_detail_dom""]","{""title"":""observed"",""brand"":""observed"",""seller_name"":""observed"",""seller_score"":""observed"",""price"":""observed"",""original_price"":""unavailable"",""campaigns"":""observed"",""stock_status"":""observed"",""stock_signal"":""observed"",""rating"":""observed"",""rating_count"":""observed"",""review_count"":""observed"",""question_count"":""observed"",""delivery_summary"":""observed"",""shipping_cost"":""observed"",""properties"":""observed""}",true,
2026-08-20,2026-08-20T17:07:31+03:00,hobi,BEST_SELLER,hobi-malzemeleri,hobi malzemeleri,21,2,121,121,,hobi:hobi-malzemeleri,21,,62.8,19.7,800007258,1016860,800007258:1016860,ATOM BALON Normal Balon Karışık Renk 9/A 100'lü,ATOM BALON,Balon,https://www.trendyol.com/atom-balon/normal-balon-karisik-renk-9-a-100-lu-p-800007258?boutiqueId=61&merchantId=1016860,Parti Atölyesi,,198.9,,,,TRY,"[""Sepette %2 İndirim"",""Kargo Bedava""]",InStock,100 adetten fazla stok sunulmuştur,,,,,4.3,2001,1240,,150,560 kişinin sepetinde,14B kişi favoriledi,Son 24 saatte 306 kişi görüntüledi,4999,TRY,0,1,1,4,6 saat 48 dakika içinde sipariş verirsen en geç yarın kargoda!,,https://cdn.dsmcdn.com/ty1801/prod/QC_ENRICHMENT/20251220/20/fa5a52ee-bd99-363a-b269-d480de6a7d6a/1_org_zoom.jpg,"{""Balon Çeşidi"":""Düz Balon"",""Renk"":""Çok Renkli"",""Menşei"":""CN"",""Özellik"":""Normal""}",20,5,refreshed,"[""daily_top""]",true,2026-08-20T17:07:31+03:00,0,"[""search_result_dom"",""product_detail_jsonld"",""product_detail_dom""]","{""title"":""observed"",""brand"":""observed"",""seller_name"":""observed"",""seller_score"":""unavailable"",""price"":""observed"",""original_price"":""unavailable"",""campaigns"":""observed"",""stock_status"":""observed"",""stock_signal"":""observed"",""rating"":""observed"",""rating_count"":""observed"",""review_count"":""observed"",""question_count"":""observed"",""delivery_summary"":""observed"",""shipping_cost"":""observed"",""properties"":""observed""}",true,
2026-08-20,2026-08-20T17:07:31+03:00,hobi,BEST_SELLER,hobi-malzemeleri,hobi malzemeleri,22,2,122,122,1,hobi:hobi-malzemeleri,22,,49.4,30.6,1089728537,501457,1089728537:501457,BALON DİYARI 6 LI KIVRIMLI GOLD MUM 16CM Pasta Mumu spiral kıvrak mum kaliteli,BALON DİYARI,Pasta Mumu,https://www.trendyol.com/balon-diyari/6-li-kivrimli-gold-mum-16cm-pasta-mumu-spiral-kivrak-mum-kaliteli-p-1089728537?boutiqueId=61&merchantId=501457,Balon Diyarı,93,49.99,,,,TRY,"[""Kargo Bedava""]",InStock,100 adetten fazla stok sunulmuştur,,,,,4.2,95,47,,7,717 kişinin sepetinde,"10,2B kişi favoriledi",,4999,TRY,0,1,1,4,6 saat 48 dakika içinde sipariş verirsen en geç yarın kargoda!,En Çok Satan 1. Ürün,https://cdn.dsmcdn.com/ty1930/prod/QC_ENRICHMENT/20260614/00/6b07ee47-3fb5-3b4b-97c0-ce9106ad4451/1_org_zoom.jpg,"{""Menşei"":""TR""}",20,5,refreshed,"[""daily_top""]",true,2026-08-20T17:07:31+03:00,0,"[""search_result_dom"",""product_detail_jsonld"",""product_detail_dom""]","{""title"":""observed"",""brand"":""observed"",""seller_name"":""observed"",""seller_score"":""observed"",""price"":""observed"",""original_price"":""unavailable"",""campaigns"":""observed"",""stock_status"":""observed"",""stock_signal"":""observed"",""rating"":""observed"",""rating_count"":""observed"",""review_count"":""observed"",""question_count"":""observed"",""delivery_summary"":""observed"",""shipping_cost"":""observed"",""properties"":""observed""}",true,
2026-08-20,2026-08-20T17:07:31+03:00,hobi,BEST_SELLER,hobi-malzemeleri,hobi malzemeleri,23,2,123,123,9,hobi:hobi-malzemeleri,23,,47.2,30.3,1041558244,375322,1041558244:375322,TİLİA DESİGN İncili İstiridye Anahtarlık Kına Nişan Söz Nikah Hatırası 10 Adet Özel Tasarım,TİLİA DESİGN,Söz Hediyelik,https://www.trendyol.com/tilia-design/incili-istiridye-anahtarlik-kina-nisan-soz-nikah-hatirasi-10-adet-ozel-tasarim-p-1041558244?boutiqueId=61&merchantId=375322,HEN GSM,92,99,,,,TRY,"[""30 TL Kupon"",""Kargo Bedava""]",InStock,100 adetten fazla stok sunulmuştur,,,,,3.8,56,44,,366,,"4,6B kişi favoriledi",,4999,TRY,0,1,1,4,6 saat 48 dakika içinde sipariş verirsen en geç yarın kargoda!,En Çok Satan 9. Ürün,https://cdn.dsmcdn.com/ty1780/prod/QC_PREP/20251027/00/38e3392e-1654-3c42-99e0-07cbce6935dd/1_org_zoom.jpg,"{""Diğer Özellikler"":""İstediğiniz tasarım yapılmaktadır."",""Menşei"":""TR"",""Bakım Talimatları (Genel)"":""Gıda ile temas için uygun değildir.""}",20,5,refreshed,"[""daily_top""]",true,2026-08-20T17:07:31+03:00,0,"[""search_result_dom"",""product_detail_jsonld"",""product_detail_dom""]","{""title"":""observed"",""brand"":""observed"",""seller_name"":""observed"",""seller_score"":""observed"",""price"":""observed"",""original_price"":""unavailable"",""campaigns"":""observed"",""stock_status"":""observed"",""stock_signal"":""observed"",""rating"":""observed"",""rating_count"":""observed"",""review_count"":""observed"",""question_count"":""observed"",""delivery_summary"":""observed"",""shipping_cost"":""observed"",""properties"":""observed""}",true,
2026-08-20,2026-08-20T17:07:31+03:00,hobi,BEST_SELLER,hobi-malzemeleri,hobi malzemeleri,24,2,124,124,,hobi:hobi-malzemeleri,24,,64.9,13,463385501,825484,463385501:825484,"İTHALCİM 300 Ledli 10 Sarkıt Perde Led Işık-8 Fonksiyon, Uzaktan Kumandalı, 3x3 Metre",İTHALCİM,Led Işık,https://www.trendyol.com/ithalcim/300-ledli-10-sarkit-perde-led-isik-8-fonksiyon-uzaktan-kumandali-3x3-metre-p-463385501?boutiqueId=61&merchantId=825484,indirimhanem,92,324,,,,TRY,"[""Kargo Bedava""]",InStock,100 adetten fazla stok sunulmuştur,,,,,4.6,22810,12912,,4844,"4,1B kişinin sepetinde","372,7B kişi favoriledi",Son 24 saatte 703 kişi görüntüledi,4999,TRY,0,1,1,4,6 saat 48 dakika içinde sipariş verirsen en geç yarın kargoda!,En Çok Favorilenen 1. Ürün,https://cdn.dsmcdn.com/ty1603/prod/QC/20241120/17/6b8ef09d-80b2-3f5f-b8cb-4dc445caa6ca/1_org_zoom.jpg,"{""Ebatlar"":""3 metre"",""Renk"":""Sarı"",""Menşei"":""TR"",""Özellik"":""Ledli""}",20,5,refreshed,"[""daily_top""]",true,2026-08-20T17:07:31+03:00,0,"[""search_result_dom"",""product_detail_jsonld"",""product_detail_dom""]","{""title"":""observed"",""brand"":""observed"",""seller_name"":""observed"",""seller_score"":""observed"",""price"":""observed"",""original_price"":""unavailable"",""campaigns"":""observed"",""stock_status"":""observed"",""stock_signal"":""observed"",""rating"":""observed"",""rating_count"":""observed"",""review_count"":""observed"",""question_count"":""observed"",""delivery_summary"":""observed"",""shipping_cost"":""observed"",""properties"":""observed""}",true,
2026-08-20,2026-08-20T17:07:31+03:00,hobi,BEST_SELLER,hobi-malzemeleri,hobi malzemeleri,25,2,125,125,2,hobi:hobi-malzemeleri,25,,43.7,28.8,1134798517,474516,1134798517:474516,cix short tagline 6 Adet Sunumluk Peçete & Nakışlı Kahve Yanı Sunumluk Kokteyl Peçetesi & Bardak Altlığı,cix short tagline,Parti Peçetesi,https://www.trendyol.com/cix-short-tagline/6-adet-sunumluk-pecete-nakisli-kahve-yani-sunumluk-kokteyl-pecetesi-bardak-altligi-p-1134798517?boutiqueId=61&merchantId=474516,E-Bizz Home,92,112.86,,,,TRY,"[""Sepette %1 İndirim"",""Kargo Bedava"",""Trendyol Plus'a Özel""]",InStock,100 adetten fazla stok sunulmuştur,,,,,4.2,95,51,,8,"2,3B kişinin sepetinde","17,4B kişi favoriledi",Son 24 saatte 891 kişi görüntüledi,4999,TRY,0,1,1,4,6 saat 48 dakika içinde sipariş verirsen en geç yarın kargoda!,En Çok Satan 2. Ürün,https://cdn.dsmcdn.com/ty1858/prod/QC_PREP/20260418/10/31692ed7-9b5c-336c-98ff-6d341ef60450/1_org_zoom.jpg,"{""Renk"":""Beyaz"",""Menşei"":""TR""}",20,5,refreshed,"[""daily_top""]",true,2026-08-20T17:07:31+03:00,0,"[""search_result_dom"",""product_detail_jsonld"",""product_detail_dom""]","{""title"":""observed"",""brand"":""observed"",""seller_name"":""observed"",""seller_score"":""observed"",""price"":""observed"",""original_price"":""unavailable"",""campaigns"":""observed"",""stock_status"":""observed"",""stock_signal"":""observed"",""rating"":""observed"",""rating_count"":""observed"",""review_count"":""observed"",""question_count"":""observed"",""delivery_summary"":""observed"",""shipping_cost"":""observed"",""properties"":""observed""}",true,
2026-08-20,2026-08-20T17:07:31+03:00,hobi,BEST_SELLER,hobi-malzemeleri,hobi malzemeleri,26,2,126,126,2,hobi:hobi-malzemeleri,26,,50.6,25.2,137892903,691816,137892903:691816,Genel Markalar Plastik Sızdırmaz Kap 1000 Gr Cc Kullan At Tek Kullanımlık Plastik Kapaklı Kase 10 Adet,Genel Markalar,Plastik Tabak,https://www.trendyol.com/genel-markalar/plastik-sizdirmaz-kap-1000-gr-cc-kullan-at-tek-kullanimlik-plastik-kapakli-kase-10-adet-p-137892903?boutiqueId=61&merchantId=691816,UCR HOME,9,49.9,53,5.8,,TRY,"[""Son 10 Günün En Düşük Fiyatı"",""Kargo Bedava"",""Son 10 günün en düşük fiyatı""]",InStock,100 adetten fazla stok sunulmuştur,,,,,4.3,230,124,,27,,5B kişi favoriledi,,4999,TRY,0,1,1,4,6 saat 48 dakika içinde sipariş verirsen en geç yarın kargoda!,En Çok Satan 2. Ürün,https://cdn.dsmcdn.com/ty1484/product/media/images/prod/QC/20240815/04/090ffeec-23c8-3aee-90c3-ad3d11048232/1_org_zoom.jpg,"{""Menşei"":""TR"",""Materyal"":""Plastik""}",20,5,refreshed,"[""daily_top""]",true,2026-08-20T17:07:31+03:00,0,"[""search_result_dom"",""product_detail_jsonld"",""product_detail_dom""]","{""title"":""observed"",""brand"":""observed"",""seller_name"":""observed"",""seller_score"":""observed"",""price"":""observed"",""original_price"":""observed"",""campaigns"":""observed"",""stock_status"":""observed"",""stock_signal"":""observed"",""rating"":""observed"",""rating_count"":""observed"",""review_count"":""observed"",""question_count"":""observed"",""delivery_summary"":""observed"",""shipping_cost"":""observed"",""properties"":""observed""}",true,
2026-08-20,2026-08-20T17:07:31+03:00,hobi,BEST_SELLER,hobi-malzemeleri,hobi malzemeleri,27,2,127,127,1,hobi:hobi-malzemeleri,27,,53.2,18.3,882174860,1022940,882174860:1022940,EverAfterDesignCo Islak Lale Gelin Buketi Tüllü incili tülü,EverAfterDesignCo,Gelin Çiçeği,https://www.trendyol.com/everafterdesignco/islak-lale-gelin-buketi-tullu-incili-tulu-p-882174860?boutiqueId=61&merchantId=1022940,Mtemin,82,422.4,440,4,,TRY,"[""Sepette %4 İndirim"",""15 TL Kupon"",""Kargo Bedava"",""Sepette %3 İndirim""]",InStock,100 adetten fazla stok sunulmuştur,,,,,4,1261,790,,1000,511 kişinin sepetinde,71B kişi favoriledi,"Son 24 saatte 1,2B kişi görüntüledi",4999,TRY,0,2,1,6,6 saat 48 dakika içinde sipariş verirsen en geç yarın kargoda!,En Çok Satan 1. Ürün,https://cdn.dsmcdn.com/ty1916/prod/QC_ENRICHMENT/20260506/15/5d8b79c4-f211-39a9-8b29-0d6cea664553/1_org_zoom.jpg,"{""Diğer Özellikler"":""ISLAK DOKULU LATEKSTİR"",""Menşei"":""TR""}",20,5,refreshed,"[""daily_top""]",true,2026-08-20T17:07:31+03:00,0,"[""search_result_dom"",""product_detail_jsonld"",""product_detail_dom""]","{""title"":""observed"",""brand"":""observed"",""seller_name"":""observed"",""seller_score"":""observed"",""price"":""observed"",""original_price"":""observed"",""campaigns"":""observed"",""stock_status"":""observed"",""stock_signal"":""observed"",""rating"":""observed"",""rating_count"":""observed"",""review_count"":""observed"",""question_count"":""observed"",""delivery_summary"":""observed"",""shipping_cost"":""observed"",""properties"":""observed""}",true,
2026-08-20,2026-08-20T17:07:31+03:00,hobi,BEST_SELLER,hobi-malzemeleri,hobi malzemeleri,28,2,128,128,10,hobi:hobi-malzemeleri,28,,40.3,24.7,989449954,1171730,989449954:1171730,"Genel Markalar 10 Adet Lotus Mum Süslemeli, Nikah Şekeri, , Düğün Nişan Söz, Kına, Doğum Günü",Genel Markalar,Söz Hediyelik,https://www.trendyol.com/genel-markalar/10-adet-lotus-mum-suslemeli-nikah-sekeri-dugun-nisan-soz-kina-dogum-gunu-p-989449954?boutiqueId=61&merchantId=1171730,Lüks Armağan,87,149,,,,TRY,"[""40 TL Kupon"",""Kargo Bedava""]",InStock,100 adetten fazla stok sunulmuştur,,,,,4.5,159,107,,542,,"5,5B kişi favoriledi",,4999,TRY,0,1,1,4,Tahmini Teslim:,En Çok Satan 10. Ürün,https://cdn.dsmcdn.com/ty1630/prod/QC/20250126/02/347c8297-989f-3223-a15f-fb92958fde27/1_org_zoom.jpg,"{""Diğer Özellikler"":""Lotus,hediyelik, nişan, kına, düğün"",""Menşei"":""TR"",""Bakım Talimatları (Genel)"":""Ürünün kullanım ömrünü korumak için ürüne özel bakım talimatlarını takip ediniz.""}",20,5,refreshed,"[""daily_top""]",true,2026-08-20T17:07:31+03:00,0,"[""search_result_dom"",""product_detail_jsonld"",""product_detail_dom""]","{""title"":""observed"",""brand"":""observed"",""seller_name"":""observed"",""seller_score"":""observed"",""price"":""observed"",""original_price"":""unavailable"",""campaigns"":""observed"",""stock_status"":""observed"",""stock_signal"":""observed"",""rating"":""observed"",""rating_count"":""observed"",""review_count"":""observed"",""question_count"":""observed"",""delivery_summary"":""observed"",""shipping_cost"":""observed"",""properties"":""observed""}",true,
2026-08-20,2026-08-20T17:07:31+03:00,hobi,BEST_SELLER,hobi-malzemeleri,hobi malzemeleri,29,2,129,129,1,hobi:hobi-malzemeleri,29,,38,24.5,763152798,134783,763152798:134783,"ZEYMERADE Bordo Nedime El Mumu, Kına Mumu, Kına Gecesi Malzemeleri, 6 Adet",ZEYMERADE,Kına Mumu,https://www.trendyol.com/zeymerade/bordo-nedime-el-mumu-kina-mumu-kina-gecesi-malzemeleri-6-adet-p-763152798?boutiqueId=61&merchantId=134783,ZEYMERADE,,74.99,,,,TRY,"[""Kargo Bedava""]",InStock,100 adetten fazla stok sunulmuştur,,,,,4.4,180,99,,9,,"4,3B kişi favoriledi",,4999,TRY,0,1,1,4,6 saat 48 dakika içinde sipariş verirsen en geç yarın kargoda!,En Çok Satan 1. Ürün,https://cdn.dsmcdn.com/ty1003/product/media/images/prod/SPM/PIM/20230920/17/c63c0973-61f9-3591-a02d-b65538581745/1_org_zoom.jpg,"{""Menşei"":""TR""}",20,5,refreshed,"[""daily_top""]",true,2026-08-20T17:07:31+03:00,0,"[""search_result_dom"",""product_detail_jsonld"",""product_detail_dom""]","{""title"":""observed"",""brand"":""observed"",""seller_name"":""observed"",""seller_score"":""unavailable"",""price"":""observed"",""original_price"":""unavailable"",""campaigns"":""observed"",""stock_status"":""observed"",""stock_signal"":""observed"",""rating"":""observed"",""rating_count"":""observed"",""review_count"":""observed"",""question_count"":""observed"",""delivery_summary"":""observed"",""shipping_cost"":""observed"",""properties"":""observed""}",true,
2026-08-20,2026-08-20T17:07:31+03:00,hobi,BEST_SELLER,hobi-malzemeleri,hobi malzemeleri,30,2,130,130,2,hobi:hobi-malzemeleri,30,,41.1,18.9,852735590,827559,852735590:827559,lotusatölye Kişileştirilmiş Gelin Damat Gözlük- Bride Gözlük incili,lotusatölye,Parti Maskesi & Gözlüğü,https://www.trendyol.com/lotusatolye/kisilestirilmis-gelin-damat-gozluk-bride-gozluk-incili-p-852735590?boutiqueId=61&merchantId=827559,LOTUS ATÖLYE,83,469.9,,,,TRY,"[""Kargo Bedava""]",InStock,100 adetten fazla stok sunulmuştur,,,,,4.7,687,428,,1537,563 kişinin sepetinde,"31,2B kişi favoriledi",Son 24 saatte 727 kişi görüntüledi,4999,TRY,0,4,1,7,Tahmini Teslim:,En Çok Satan 2. Ürün,https://cdn.dsmcdn.com/ty1737/prod/QC_ENRICHMENT/20250829/01/6d36d794-f4a4-31e2-88d4-323991f83600/1_org_zoom.jpg,"{""Diğer Özellikler"":""siyah"",""Menşei"":""TR"",""Renk"":""Siyah""}",20,5,refreshed,"[""daily_top""]",true,2026-08-20T17:07:31+03:00,0,"[""search_result_dom"",""product_detail_jsonld"",""product_detail_dom""]","{""title"":""observed"",""brand"":""observed"",""seller_name"":""observed"",""seller_score"":""observed"",""price"":""observed"",""original_price"":""unavailable"",""campaigns"":""observed"",""stock_status"":""observed"",""stock_signal"":""observed"",""rating"":""observed"",""rating_count"":""observed"",""review_count"":""observed"",""question_count"":""observed"",""delivery_summary"":""observed"",""shipping_cost"":""observed"",""properties"":""observed""}",true,
2026-08-20,2026-08-20T17:07:31+03:00,hobi,BEST_SELLER,hobi-malzemeleri,hobi malzemeleri,31,2,131,131,,hobi:hobi-malzemeleri,31,,40.8,16.7,942654823,134783,942654823:134783,"ZEYMERADE Siyah Bohça Süsü, Gelin Damat Çeyiz Düğün Nişan Konvoy Gelin Arabası Sünnet Kına Süsü 10 Adet",ZEYMERADE,,https://www.trendyol.com/zeymerade/siyah-bohca-susu-gelin-damat-ceyiz-dugun-nisan-konvoy-gelin-arabasi-sunnet-kina-susu-10-adet-p-942654823?boutiqueId=61&merchantId=134783,ZEYMERADE,,199.9,,,,TRY,"[""Kargo Bedava""]",InStock,5 adetten fazla stok sunulmuştur,,,,,4.7,715,,,49,377 kişinin sepetinde,"25,1B kişi favoriledi",Son 24 saatte 457 kişi görüntüledi,,,0,,,,6 saat 48 dakika içinde sipariş verirsen en geç yarın kargoda!,,,{},0,,refreshed,"[""daily_top""]",true,2026-08-20T17:07:31+03:00,0,"[""search_result_dom"",""product_detail_jsonld"",""product_detail_dom""]","{""title"":""observed"",""brand"":""observed"",""seller_name"":""observed"",""seller_score"":""unavailable"",""price"":""observed"",""original_price"":""unavailable"",""campaigns"":""observed"",""stock_status"":""observed"",""stock_signal"":""observed"",""rating"":""observed"",""rating_count"":""observed"",""review_count"":""unavailable"",""question_count"":""observed"",""delivery_summary"":""observed"",""shipping_cost"":""unavailable"",""properties"":""observed""}",true,
2026-08-20,2026-08-20T17:07:31+03:00,hobi,BEST_SELLER,hobi-malzemeleri,hobi malzemeleri,32,2,132,132,5,hobi:hobi-malzemeleri,32,,36.6,18.4,318748884,887919,318748884:887919,"uğur bujiteri 1 Metre Kristal Tül, Bohça Ve Tepsi Süsleme Tülü, Kapı Tütü Tülü_beyazboy 1 Metre 1,5 Metre Karbeyaz",uğur bujiteri,,https://www.trendyol.com/ugur-bujiteri/1-metre-kristal-tul-bohca-ve-tepsi-susleme-tulu-kapi-tutu-tulu-beyazboy-1-metre-1-5-metre-karbeyaz-p-318748884?boutiqueId=61&merchantId=887919,ASTKAR,88,22.14,,,,TRY,"[""Kargo Bedava"",""Trendyol Plus'a Özel""]",InStock,100 adetten fazla stok sunulmuştur,,,,,4.3,373,,,505,,"8,5B kişi favoriledi",,,,0,,,,6 saat 48 dakika içinde sipariş verirsen en geç yarın kargoda!,En Çok Satan 5. Ürün,,{},0,,refreshed,"[""daily_top""]",true,2026-08-20T17:07:31+03:00,0,"[""search_result_dom"",""product_detail_jsonld"",""product_detail_dom""]","{""title"":""observed"",""brand"":""observed"",""seller_name"":""observed"",""seller_score"":""observed"",""price"":""observed"",""original_price"":""unavailable"",""campaigns"":""observed"",""stock_status"":""observed"",""stock_signal"":""observed"",""rating"":""observed"",""rating_count"":""observed"",""review_count"":""unavailable"",""question_count"":""observed"",""delivery_summary"":""observed"",""shipping_cost"":""unavailable"",""properties"":""observed""}",true,
2026-08-20,2026-08-20T17:07:31+03:00,hobi,BEST_SELLER,hobi-malzemeleri,hobi malzemeleri,33,2,133,133,,hobi:hobi-malzemeleri,33,,40.7,11.8,126019770,229852,126019770:229852,Huzur Party Store Bride To Be 1 Bride 10 Team Bride Gold Renkli Altın Sarısı Geçici Dövme Bekarlığa Veda Partisi,Huzur Party Store,,https://www.trendyol.com/huzur-party-store/bride-to-be-1-bride-10-team-bride-gold-renkli-altin-sarisi-gecici-dovme-bekarliga-veda-partisi-p-126019770?boutiqueId=61&merchantId=229852,Huzur Party Store,,139.99,,,,TRY,"[""Kargo Bedava""]",InStock,100 adetten fazla stok sunulmuştur,,,,,4.5,2172,,,173,747 kişinin sepetinde,"51,3B kişi favoriledi",Son 24 saatte 533 kişi görüntüledi,,,0,,,,6 saat 48 dakika içinde sipariş verirsen en geç yarın kargoda!,En Çok Favorilenen 4. Ürün,,{},0,,refreshed,"[""daily_top""]",true,2026-08-20T17:07:31+03:00,0,"[""search_result_dom"",""product_detail_jsonld"",""product_detail_dom""]","{""title"":""observed"",""brand"":""observed"",""seller_name"":""observed"",""seller_score"":""unavailable"",""price"":""observed"",""original_price"":""unavailable"",""campaigns"":""observed"",""stock_status"":""observed"",""stock_signal"":""observed"",""rating"":""observed"",""rating_count"":""observed"",""review_count"":""unavailable"",""question_count"":""observed"",""delivery_summary"":""observed"",""shipping_cost"":""unavailable"",""properties"":""observed""}",true,
2026-08-20,2026-08-20T17:07:31+03:00,hobi,BEST_SELLER,hobi-malzemeleri,hobi malzemeleri,34,2,134,134,,hobi:hobi-malzemeleri,34,,42.3,8,38419472,781567,38419472:781567,SULED Şerit Led 5 Metre Animasyonlu Tak Çalıştır Kumandalı Trafolu Rgb Şerit Işık Aydınlatma Parti Led,SULED,Led Işık,https://www.trendyol.com/suled/serit-led-5-metre-animasyonlu-tak-calistir-kumandali-trafolu-rgb-serit-isik-aydinlatma-parti-led-p-38419472?boutiqueId=61&merchantId=781567,SULED TÜRKİYE,86,299,,,,TRY,"[""Kargo Bedava""]",InStock,100 adetten fazla stok sunulmuştur,,,,,3.8,11118,6076,,5236,"2,2B kişinin sepetinde","225,7B kişi favoriledi",Son 24 saatte 921 kişi görüntüledi,4999,TRY,0,1,1,4,6 saat 48 dakika içinde sipariş verirsen en geç yarın kargoda!,En Çok Favorilenen 3. Ürün,https://cdn.dsmcdn.com/ty1543/product/media/images/prod/QC/20240804/18/e75236a0-a4ee-306d-9ff0-a36d0f35a185/1_org_zoom.jpg,"{""Ebatlar"":""5 metre"",""Renk"":""Siyah"",""Menşei"":""CN"",""Batarya Türü"":""Lityum-iyon"",""Özellik"":""Kumandalı"",""Enerji Tasarrufu"":""Var""}",20,5,refreshed,"[""daily_top""]",true,2026-08-20T17:07:31+03:00,0,"[""search_result_dom"",""product_detail_jsonld"",""product_detail_dom""]","{""title"":""observed"",""brand"":""observed"",""seller_name"":""observed"",""seller_score"":""observed"",""price"":""observed"",""original_price"":""unavailable"",""campaigns"":""observed"",""stock_status"":""observed"",""stock_signal"":""observed"",""rating"":""observed"",""rating_count"":""observed"",""review_count"":""observed"",""question_count"":""observed"",""delivery_summary"":""observed"",""shipping_cost"":""observed"",""properties"":""observed""}",true,
2026-08-20,2026-08-20T17:07:31+03:00,hobi,BEST_SELLER,hobi-malzemeleri,hobi malzemeleri,35,2,135,135,3,hobi:hobi-malzemeleri,35,,14.8,32.7,1181226666,1250669,1181226666:1250669,KLOP Punch Panç İpi %100 Pamuk Baby Soft Cotton 50 gr 130 Metre Örgü İp Ekru,KLOP,,https://www.trendyol.com/klop/punch-panc-ipi-100-pamuk-baby-soft-cotton-50-gr-130-metre-orgu-ip-ekru-p-1181226666?boutiqueId=61&merchantId=1250669,KLOP,,39.99,,,,TRY,"[""Son 10 Günün En Düşük Fiyatı"",""Kargo Bedava"",""Trendyol Plus'a Özel""]",InStock,100 adetten fazla stok sunulmuştur,,,,,5,3,,,1,,,,,,0,,,,6 saat 48 dakika içinde sipariş verirsen en geç yarın kargoda!,En Çok Satan 3. Ürün,,{},0,,refreshed,"[""daily_top""]",true,2026-08-20T17:07:31+03:00,0,"[""search_result_dom"",""product_detail_jsonld"",""product_detail_dom""]","{""title"":""observed"",""brand"":""observed"",""seller_name"":""observed"",""seller_score"":""unavailable"",""price"":""observed"",""original_price"":""unavailable"",""campaigns"":""observed"",""stock_status"":""observed"",""stock_signal"":""observed"",""rating"":""observed"",""rating_count"":""observed"",""review_count"":""unavailable"",""question_count"":""observed"",""delivery_summary"":""observed"",""shipping_cost"":""unavailable"",""properties"":""observed""}",true,
2026-08-20,2026-08-20T17:07:31+03:00,hobi,BEST_SELLER,hobi-malzemeleri,hobi malzemeleri,36,2,136,136,,hobi:hobi-malzemeleri,36,,19.2,25.8,1152079763,1041067,1152079763:1041067,"Mortex Beyaz Süsleme Tülü - Boy 1 MT, En Sabit 3 MT - Kına, Düğün, Söz, Nişan, Nikah, Bride, Kapı, Doğum Günü, Parti, El işi, Bohça Tülü, Çeyiz, Konvoy, Dekor, Gelin, Damat, Valiz, Hastane, Hediye Süslemesi",Mortex,,https://www.trendyol.com/mortex/beyaz-susleme-tulu-boy-1-mt-en-sabit-3-mt-kina-dugun-soz-nisan-nikah-bride-kapi-dogum-gunu-parti-el-isi-bohca-tulu-ceyiz-konvoy-dekor-gelin-damat-valiz-hastane-hediye-suslemesi-p-1152079763?boutiqueId=61&merchantId=1041067,Mortex,,49.9,,,,TRY,"[""Kargo Bedava""]",InStock,100 adetten fazla stok sunulmuştur,,,,,4.5,24,,,18,317 kişinin sepetinde,"3,6B kişi favoriledi",,,,0,,,,6 saat 48 dakika içinde sipariş verirsen en geç yarın kargoda!,,,{},0,,refreshed,"[""daily_top""]",true,2026-08-20T17:07:31+03:00,0,"[""search_result_dom"",""product_detail_jsonld"",""product_detail_dom""]","{""title"":""observed"",""brand"":""observed"",""seller_name"":""observed"",""seller_score"":""unavailable"",""price"":""observed"",""original_price"":""unavailable"",""campaigns"":""observed"",""stock_status"":""observed"",""stock_signal"":""observed"",""rating"":""observed"",""rating_count"":""observed"",""review_count"":""unavailable"",""question_count"":""observed"",""delivery_summary"":""observed"",""shipping_cost"":""unavailable"",""properties"":""observed""}",true,
2026-08-20,2026-08-20T17:07:31+03:00,hobi,BEST_SELLER,hobi-malzemeleri,hobi malzemeleri,37,2,137,137,,hobi:hobi-malzemeleri,37,,29.7,12.8,289316549,211579,289316549:211579,SENSY Premium Amigurumi Ipi Punch (PANÇ) Baby Soft Cotton 50 gr Örgü Ip Ekru,SENSY,,https://www.trendyol.com/sensy/premium-amigurumi-ipi-punch-panc-baby-soft-cotton-50-gr-orgu-ip-ekru-p-289316549?boutiqueId=61&merchantId=211579,SENSY,,59.99,,,,TRY,"[""Son 10 Günün En Düşük Fiyatı"",""Süper Fırsat Ürünü"",""Kargo Bedava"",""Trendyol Plus'a Özel""]",InStock,100 adetten fazla stok sunulmuştur,,,,,4.5,908,,,175,521 kişinin sepetinde,"20,9B kişi favoriledi",Son 24 saatte 452 kişi görüntüledi,,,0,,,,6 saat 48 dakika içinde sipariş verirsen en geç yarın kargoda!,En Çok Ziyaret Edilen 2. Ürün,,{},0,,refreshed,"[""daily_top""]",true,2026-08-20T17:07:31+03:00,0,"[""search_result_dom"",""product_detail_jsonld"",""product_detail_dom""]","{""title"":""observed"",""brand"":""observed"",""seller_name"":""observed"",""seller_score"":""unavailable"",""price"":""observed"",""original_price"":""unavailable"",""campaigns"":""observed"",""stock_status"":""observed"",""stock_signal"":""observed"",""rating"":""observed"",""rating_count"":""observed"",""review_count"":""unavailable"",""question_count"":""observed"",""delivery_summary"":""observed"",""shipping_cost"":""unavailable"",""properties"":""observed""}",true,
2026-08-20,2026-08-20T17:07:31+03:00,hobi,BEST_SELLER,hobi-malzemeleri,hobi malzemeleri,38,2,138,138,,hobi:hobi-malzemeleri,38,,17.7,22.3,958510023,445518,958510023:445518,Nb Decoroma 10 Adet Süslemeli Halka Şekerleme Nikah Nişan Söz Düğün Hediyeliği,Nb Decoroma,Söz Hediyelik,https://www.trendyol.com/nb-decoroma/10-adet-suslemeli-halka-sekerleme-nikah-nisan-soz-dugun-hediyeligi-p-958510023?boutiqueId=61&merchantId=445518,POLAT HOME,84,144,,,,TRY,"[""Kargo Bedava""]",InStock,100 adetten fazla stok sunulmuştur,,,,,4.4,64,51,,224,,"4,3B kişi favoriledi",,4999,TRY,0,6,1,9,Tahmini Teslim:,,https://cdn.dsmcdn.com/ty1727/prod/QC_ENRICHMENT/20250814/21/a7c24d61-ffa0-3eac-a0ba-5e346eeba65f/1_org_zoom.jpg,"{""Diğer Özellikler"":""altın rengi halka üzerine yerleştirilmiş badem şekeri, tül kesesi, inci detaylı saten kurdelesi ve kuru çiçek süslemesiyle özel günlerinize anlam katıyor."",""Menşei"":""TR"",""Bakım Talimatları (Genel)"":""Nemli bir bezle silin.""}",20,5,refreshed,"[""daily_top""]",true,2026-08-20T17:07:31+03:00,0,"[""search_result_dom"",""product_detail_jsonld"",""product_detail_dom""]","{""title"":""observed"",""brand"":""observed"",""seller_name"":""observed"",""seller_score"":""observed"",""price"":""observed"",""original_price"":""unavailable"",""campaigns"":""observed"",""stock_status"":""observed"",""stock_signal"":""observed"",""rating"":""observed"",""rating_count"":""observed"",""review_count"":""observed"",""question_count"":""observed"",""delivery_summary"":""observed"",""shipping_cost"":""observed"",""properties"":""observed""}",true,
2026-08-20,2026-08-20T17:07:31+03:00,hobi,BEST_SELLER,hobi-malzemeleri,hobi malzemeleri,39,2,139,139,2,hobi:hobi-malzemeleri,39,,22.7,14.8,962636414,380979,962636414:380979,"AYGÖREN HOME 100 Adet Muffin Cupcake Kağıdı, Renkli Kağıt Muffin Kek Kalıbı Desenli",AYGÖREN HOME,Cupcake Kapsülü,https://www.trendyol.com/aygoren-home/100-adet-muffin-cupcake-kagidi-renkli-kagit-muffin-kek-kalibi-desenli-p-962636414?boutiqueId=61&merchantId=380979,Mutlu Pastacılık ve Malzemeleri,89,49.52,,,,TRY,"[""Kargo Bedava""]",InStock,100 adetten fazla stok sunulmuştur,,,,,4.3,811,391,,31,900 kişinin sepetinde,37B kişi favoriledi,,4999,TRY,0,1,1,4,6 saat 48 dakika içinde sipariş verirsen en geç yarın kargoda!,En Çok Satan 2. Ürün,https://cdn.dsmcdn.com/ty1763/prod/QC_ENRICHMENT/20250926/10/85148ab1-bf7d-3810-9ad5-a09c65febcfc/1_org_zoom.jpg,"{""Menşei"":""TR"",""Gıda Temas Sembolü"":""Evet"",""Bakım Talimatları (Gıda Temas)"":""Fırında kullanılabilir."",""Materyal"":""Kağıt""}",20,5,refreshed,"[""daily_top""]",true,2026-08-20T17:07:31+03:00,0,"[""search_result_dom"",""product_detail_jsonld"",""product_detail_dom""]","{""title"":""observed"",""brand"":""observed"",""seller_name"":""observed"",""seller_score"":""observed"",""price"":""observed"",""original_price"":""unavailable"",""campaigns"":""observed"",""stock_status"":""observed"",""stock_signal"":""observed"",""rating"":""observed"",""rating_count"":""observed"",""review_count"":""observed"",""question_count"":""observed"",""delivery_summary"":""observed"",""shipping_cost"":""observed"",""properties"":""observed""}",true,
2026-08-20,2026-08-20T17:07:31+03:00,hobi,BEST_SELLER,hobi-malzemeleri,hobi malzemeleri,40,2,140,140,,hobi:hobi-malzemeleri,40,,15.8,19.2,857296077,,857296077:unknown,Apple Yenilenmiş IPHONE 16 PRO MAX 256GB -B Kalite- Siyah Titanyum,Apple,Yenilenmiş Cep Telefonu,https://www.trendyol.com/apple/iphone-16-pro-max-256gb-siyah-titanyum-p-857296077,Getmobil,8,92999,,,,TRY,"[""750 TL Kupon"",""Kargo Bedava"",""Peşin Fiyatına 9 Taksit""]",InStock,5 adetten fazla stok sunulmuştur,,,,,4.6,151,94,,99,,"12,2B kişi favoriledi",,4999,TRY,0,1,1,4,Tahmini Teslim:,,https://cdn.dsmcdn.com/ty1804/prod/QC_PREP/20251225/16/8a9805f3-24d0-36d6-9b4a-b0a6654067ca/1_org_zoom.jpg,"{""Pil Gücü (mAh)"":""2800 ve üstü"",""Dahili Hafıza"":""256 GB"",""Ana Kamera Çözünürlük Aralığı"":""10 - 15 MP"",""Kozmetik Durum"":""B seviye-Çok İyi"",""Renk"":""Siyah"",""Garanti Tipi"":""Yenilenmiş Ürün (12 Ay Garanti)"",""Ekran Boyutu"":""6,7 inç"",""Kamera Çözünürlüğü"":""12 MP"",""RAM Kapasitesi"":""8 GB"",""Garanti Süresi"":""1 Yıl"",""Batarya Kapasitesi Aralığı"":""3500-4000 mAh"",""Menşei"":""TR"",""Tamir Edilebilirlik"":""Tamir Edilebilir, Satıcı ile İletişime Geçiniz."",""Cep Telefonu Modeli"":""iPhone 16 Pro Max""}",20,5,refreshed,"[""daily_top""]",true,2026-08-20T17:07:31+03:00,0,"[""search_result_dom"",""product_detail_jsonld"",""product_detail_dom""]","{""title"":""observed"",""brand"":""observed"",""seller_name"":""observed"",""seller_score"":""observed"",""price"":""observed"",""original_price"":""unavailable"",""campaigns"":""observed"",""stock_status"":""observed"",""stock_signal"":""observed"",""rating"":""observed"",""rating_count"":""observed"",""review_count"":""observed"",""question_count"":""observed"",""delivery_summary"":""observed"",""shipping_cost"":""observed"",""properties"":""observed""}",true,
2026-08-20,2026-08-20T17:07:31+03:00,hobi,BEST_SELLER,hobi-malzemeleri,hobi malzemeleri,41,3,141,141,,hobi:hobi-malzemeleri,41,,6.2,28.3,1177534132,1279837,1177534132:1279837,KLC Çiçek Malzemecisii 2 Metre Pilli Peri Led Işık 1 Adet (Piller Dahildir) | Rengarenk Dekoratif Tel Led | Çiçek Malzemecisi,KLC Çiçek Malzemecisii,Led Işık,https://www.trendyol.com/klc-cicek-malzemecisii/2-metre-pilli-peri-led-isik-1-adet-piller-dahildir-rengarenk-dekoratif-tel-led-cicek-malzemecisi-p-1177534132?boutiqueId=61&merchantId=1279837,Çiçek Malzemecisii,91,34.9,,,,TRY,"[""Kargo Bedava""]",InStock,100 adetten fazla stok sunulmuştur,,,,,5,8,5,,5,,717 kişi favoriledi,,4999,TRY,0,1,1,4,6 saat 48 dakika içinde sipariş verirsen en geç yarın kargoda!,,https://cdn.dsmcdn.com/ty1905/prod/QC_PREP/20260730/05/bf1d666a-3062-3e1f-8fc8-be1f7fc6fb83/1_org_zoom.jpg,"{""Ebatlar"":""120 cm"",""Renk"":""Beyaz"",""Menşei"":""CN"",""Batarya Türü"":""Lityum-iyon"",""Özellik"":""Ledli"",""Enerji Tasarrufu"":""Var""}",5,5,refreshed,"[""daily_top""]",true,2026-08-20T17:07:31+03:00,0,"[""search_result_dom"",""product_detail_jsonld"",""product_detail_dom""]","{""title"":""observed"",""brand"":""observed"",""seller_name"":""observed"",""seller_score"":""observed"",""price"":""observed"",""original_price"":""unavailable"",""campaigns"":""observed"",""stock_status"":""observed"",""stock_signal"":""observed"",""rating"":""observed"",""rating_count"":""observed"",""review_count"":""observed"",""question_count"":""observed"",""delivery_summary"":""observed"",""shipping_cost"":""observed"",""properties"":""observed""}",true,
2026-08-20,2026-08-20T17:07:31+03:00,hobi,BEST_SELLER,hobi-malzemeleri,hobi malzemeleri,42,3,142,142,,hobi:hobi-malzemeleri,42,,17.3,16.7,1056530859,623565,1056530859:623565,SANA ÖZEL HEDİYELİKLER Toka Saten + Bileklik + İsim Kartlı Kına Hediyelik 10 Adet,SANA ÖZEL HEDİYELİKLER,Söz Hediyelik,https://www.trendyol.com/sana-ozel-hediyelikler/toka-saten-bileklik-isim-kartli-kina-hediyelik-10-adet-p-1056530859?boutiqueId=61&merchantId=623565,Deboro Hediyelik,91,259,,,,TRY,"[""Kargo Bedava""]",InStock,100 adetten fazla stok sunulmuştur,,,,,4.6,177,143,,165,339 kişinin sepetinde,"20,9B kişi favoriledi",Son 24 saatte 678 kişi görüntüledi,4999,TRY,0,5,1,8,Tahmini Teslim:,En Çok Ziyaret Edilen 10. Ürün,https://cdn.dsmcdn.com/ty1793/prod/QC_PREP/20251126/14/4d596066-72e8-302b-be61-1c7b9ee50e33/1_org_zoom.jpg,"{""Diğer Özellikler"":""Saten Toka + Bileklik"",""Menşei"":""TR"",""Bakım Talimatları (Genel)"":""Gıda ile temas için uygun değildir.""}",20,5,refreshed,"[""daily_top""]",true,2026-08-20T17:07:31+03:00,0,"[""search_result_dom"",""product_detail_jsonld"",""product_detail_dom""]","{""title"":""observed"",""brand"":""observed"",""seller_name"":""observed"",""seller_score"":""observed"",""price"":""observed"",""original_price"":""unavailable"",""campaigns"":""observed"",""stock_status"":""observed"",""stock_signal"":""observed"",""rating"":""observed"",""rating_count"":""observed"",""review_count"":""observed"",""question_count"":""observed"",""delivery_summary"":""observed"",""shipping_cost"":""observed"",""properties"":""observed""}",true,
2026-08-20,2026-08-20T17:07:31+03:00,hobi,BEST_SELLER,hobi-malzemeleri,hobi malzemeleri,43,3,143,143,,hobi:hobi-malzemeleri,43,,18.7,14.8,144451207,246743,144451207:246743,Winnie Baby Mini Top Led 3 Metre 20 Led Pilli Gün Işığı Yılbaşı Yeni Yıl Dekor Lambası Çocuk Odası Aydınlatma,Winnie Baby,Led Işık,https://www.trendyol.com/winnie-baby/mini-top-led-3-metre-20-led-pilli-gun-isigi-yilbasi-yeni-yil-dekor-lambasi-cocuk-odasi-aydinlatma-p-144451207?boutiqueId=61&merchantId=246743,ToptanHane,92,199.9,,,,TRY,"[""Kargo Bedava""]",InStock,100 adetten fazla stok sunulmuştur,,,,,4.6,381,217,,58,"1,1B kişinin sepetinde","14,6B kişi favoriledi",Son 24 saatte 614 kişi görüntüledi,4999,TRY,0,1,1,4,6 saat 47 dakika içinde sipariş verirsen en geç yarın kargoda!,,https://cdn.dsmcdn.com/ty1792/prod/QC_ENRICHMENT/20251123/00/28ffe0f7-8ae2-390b-9053-d0790cdd8b19/1_org_zoom.jpg,"{""Ebatlar"":""5 metre"",""Renk"":""Sarı"",""Menşei"":""CN"",""Batarya Türü"":""Çinko-Karbon"",""Özellik"":""Enerji Tasarrufu""}",20,5,refreshed,"[""daily_top""]",true,2026-08-20T17:07:31+03:00,0,"[""search_result_dom"",""product_detail_jsonld"",""product_detail_dom""]","{""title"":""observed"",""brand"":""observed"",""seller_name"":""observed"",""seller_score"":""observed"",""price"":""observed"",""original_price"":""unavailable"",""campaigns"":""observed"",""stock_status"":""observed"",""stock_signal"":""observed"",""rating"":""observed"",""rating_count"":""observed"",""review_count"":""observed"",""question_count"":""observed"",""delivery_summary"":""observed"",""shipping_cost"":""observed"",""properties"":""observed""}",true,
2026-08-20,2026-08-20T17:07:31+03:00,hobi,BEST_SELLER,hobi-malzemeleri,hobi malzemeleri,44,3,144,144,,hobi:hobi-malzemeleri,44,,24.8,8.2,346737650,942892,346737650:942892,"ALFAGİFT Hareket Sensörlü Usb Şarjlı Led Işık Lamba-oda, Mutfak, Salon Ve Merdiven Işıklandırma",ALFAGİFT,Led Işık,https://www.trendyol.com/alfagift/hareket-sensorlu-usb-sarjli-led-isik-lamba-oda-mutfak-salon-ve-merdiven-isiklandirma-p-346737650?boutiqueId=61&merchantId=942892,Saravita,89,169,,,,TRY,"[""Kargo Bedava""]",InStock,100 adetten fazla stok sunulmuştur,,,,,4,2100,1242,,850,"1,1B kişinin sepetinde","77,7B kişi favoriledi",Son 24 saatte 667 kişi görüntüledi,4999,TRY,0,1,1,4,6 saat 47 dakika içinde sipariş verirsen en geç yarın kargoda!,,https://cdn.dsmcdn.com/ty1517/product/media/images/prod/QC/20240831/14/a733a681-8d64-387d-980a-f0f9218ed13d/1_org_zoom.jpg,"{""Ebatlar"":""Tek Ebat"",""Renk"":""Beyaz"",""Menşei"":""TR"",""Özellik"":""Mıknatıslı""}",20,5,refreshed,"[""daily_top""]",true,2026-08-20T17:07:31+03:00,0,"[""search_result_dom"",""product_detail_jsonld"",""product_detail_dom""]","{""title"":""observed"",""brand"":""observed"",""seller_name"":""observed"",""seller_score"":""observed"",""price"":""observed"",""original_price"":""unavailable"",""campaigns"":""observed"",""stock_status"":""observed"",""stock_signal"":""observed"",""rating"":""observed"",""rating_count"":""observed"",""review_count"":""observed"",""question_count"":""observed"",""delivery_summary"":""observed"",""shipping_cost"":""observed"",""properties"":""observed""}",true,
2026-08-20,2026-08-20T17:07:31+03:00,hobi,BEST_SELLER,hobi-malzemeleri,hobi malzemeleri,45,3,145,145,,hobi:hobi-malzemeleri,45,,20.2,18.8,345761732,512308,345761732:512308,partince 300 gr Beyaz Konfeti Düğün Nişan Kına Bride Organizasyonları ve Fotoğraf Çekimi Kutlama Konfetisi,partince,Konfeti,https://www.trendyol.com/partince/300-gr-beyaz-konfeti-dugun-nisan-kina-bride-organizasyonlari-ve-fotograf-cekimi-kutlama-konfetisi-p-345761732?boutiqueId=61&merchantId=512308,partince,300,429.9,460,6.5,,TRY,"[""Kargo Bedava""]",InStock,100 adetten fazla stok sunulmuştur,,,,,4.9,85,51,,25,353 kişinin sepetinde,"8,5B kişi favoriledi",Son 24 saatte 379 kişi görüntüledi,4999,TRY,0,1,1,4,6 saat 47 dakika içinde sipariş verirsen en geç yarın kargoda!,En Çok Ziyaret Edilen 1. Ürün,https://cdn.dsmcdn.com/ty1791/prod/QC_ENRICHMENT/20251121/12/07dd6cdf-1f24-3897-bc9f-ce909ddcfc2f/1_org_zoom.jpg,"{""Diğer Özellikler"":""Beyaz"",""Menşei"":""TR"",""Renk"":""Beyaz""}",20,5,refreshed,"[""daily_top""]",true,2026-08-20T17:07:31+03:00,0,"[""search_result_dom"",""product_detail_jsonld"",""product_detail_dom""]","{""title"":""observed"",""brand"":""observed"",""seller_name"":""observed"",""seller_score"":""observed"",""price"":""observed"",""original_price"":""observed"",""campaigns"":""observed"",""stock_status"":""observed"",""stock_signal"":""observed"",""rating"":""observed"",""rating_count"":""observed"",""review_count"":""observed"",""question_count"":""observed"",""delivery_summary"":""observed"",""shipping_cost"":""observed"",""properties"":""observed""}",true,
2026-08-20,2026-08-20T17:07:31+03:00,hobi,BEST_SELLER,hobi-malzemeleri,hobi malzemeleri,46,3,146,146,,hobi:hobi-malzemeleri,46,,40,10.6,366549701,134783,366549701:134783,"ZEYMERADE Yeşil Sağdıç Kol Kurdele Bileklik Bant, Kına Gecesi Düğün Bride Bekarlığa Veda Söz, 1 Adet",ZEYMERADE,,https://www.trendyol.com/zeymerade/yesil-sagdic-kol-kurdele-bileklik-bant-kina-gecesi-dugun-bride-bekarliga-veda-soz-1-adet-p-366549701?boutiqueId=61&merchantId=134783,ZEYMERADE,,13.54,16.64,18.6,,TRY,"[""Son 10 Günün En Düşük Fiyatı"",""Süper Fırsat Ürünü"",""Kargo Bedava"",""Son 10 günün en düşük fiyatı""]",InStock,100 adetten fazla stok sunulmuştur,,,,,4.7,467,,,12,,"2,4B kişi favoriledi",,,,0,,,,6 saat 47 dakika içinde sipariş verirsen en geç yarın kargoda!,,,{},0,,refreshed,"[""daily_top""]",true,2026-08-20T17:07:31+03:00,0,"[""search_result_dom"",""product_detail_jsonld"",""product_detail_dom""]","{""title"":""observed"",""brand"":""observed"",""seller_name"":""observed"",""seller_score"":""unavailable"",""price"":""observed"",""original_price"":""observed"",""campaigns"":""observed"",""stock_status"":""observed"",""stock_signal"":""observed"",""rating"":""observed"",""rating_count"":""observed"",""review_count"":""unavailable"",""question_count"":""observed"",""delivery_summary"":""observed"",""shipping_cost"":""unavailable"",""properties"":""observed""}",true,
2026-08-20,2026-08-20T17:07:31+03:00,hobi,BEST_SELLER,hobi-malzemeleri,hobi malzemeleri,47,3,147,147,8,hobi:hobi-malzemeleri,47,,12.4,19.1,1083455532,134783,1083455532:134783,"ZEYMERADE Krem İran Grek Tül, Nişan Çeyiz Bohça Kapı Doğum Günü Konvoy Parti Dekor Süsleme, 1 Metre (En 70cm)",ZEYMERADE,,https://www.trendyol.com/zeymerade/krem-iran-grek-tul-nisan-ceyiz-bohca-kapi-dogum-gunu-konvoy-parti-dekor-susleme-1-metre-en-70cm-p-1083455532?boutiqueId=61&merchantId=134783,ZEYMERADE,,19.9,,,,TRY,"[""Kargo Bedava""]",InStock,100 adetten fazla stok sunulmuştur,,,,,4.5,34,,,3,,729 kişi favoriledi,,,,0,,,,6 saat 47 dakika içinde sipariş verirsen en geç yarın kargoda!,En Çok Satan 8. Ürün,,{},0,,refreshed,"[""daily_top""]",true,2026-08-20T17:07:31+03:00,0,"[""search_result_dom"",""product_detail_jsonld"",""product_detail_dom""]","{""title"":""observed"",""brand"":""observed"",""seller_name"":""observed"",""seller_score"":""unavailable"",""price"":""observed"",""original_price"":""unavailable"",""campaigns"":""observed"",""stock_status"":""observed"",""stock_signal"":""observed"",""rating"":""observed"",""rating_count"":""observed"",""review_count"":""unavailable"",""question_count"":""observed"",""delivery_summary"":""observed"",""shipping_cost"":""unavailable"",""properties"":""observed""}",true,
2026-08-20,2026-08-20T17:07:31+03:00,hobi,BEST_SELLER,hobi-malzemeleri,hobi malzemeleri,48,3,148,148,2,hobi:hobi-malzemeleri,48,,26.6,4.4,798679203,405742,798679203:405742,Rima Tasarım Dökülmeyen Incili Beyaz Isimli Söz Ve Nişan Kurdelesi Damat Kahvesi Hediyeli,Rima Tasarım,Söz Dekoru,https://www.trendyol.com/rima-tasarim/dokulmeyen-incili-beyaz-isimli-soz-ve-nisan-kurdelesi-damat-kahvesi-hediyeli-p-798679203?boutiqueId=61&merchantId=405742,Rima Peçete,93,199.95,,,,TRY,"[""Kargo Bedava""]",InStock,100 adetten fazla stok sunulmuştur,,,,,4.3,3177,2106,,848,573 kişinin sepetinde,"38,2B kişi favoriledi",Son 24 saatte 610 kişi görüntüledi,4999,TRY,0,1,1,4,6 saat 47 dakika içinde sipariş verirsen en geç yarın kargoda!,En Çok Satan 2. Ürün,https://cdn.dsmcdn.com/ty1624/prod/QC/20250115/01/3625d5c2-8367-375a-a9ab-d9ec852ed0a2/1_org_zoom.jpg,"{""Menşei"":""TR"",""Bakım Talimatları (Genel)"":""Ürünün kullanım ömrünü korumak için ürüne özel bakım talimatlarını takip ediniz.""}",20,5,refreshed,"[""daily_top""]",true,2026-08-20T17:07:31+03:00,0,"[""search_result_dom"",""product_detail_jsonld"",""product_detail_dom""]","{""title"":""observed"",""brand"":""observed"",""seller_name"":""observed"",""seller_score"":""observed"",""price"":""observed"",""original_price"":""unavailable"",""campaigns"":""observed"",""stock_status"":""observed"",""stock_signal"":""observed"",""rating"":""observed"",""rating_count"":""observed"",""review_count"":""observed"",""question_count"":""observed"",""delivery_summary"":""observed"",""shipping_cost"":""observed"",""properties"":""observed""}",true,
2026-08-20,2026-08-20T17:07:31+03:00,hobi,BEST_SELLER,hobi-malzemeleri,hobi malzemeleri,49,3,149,149,49,hobi:hobi-malzemeleri,49,,18.6,11.9,750656484,134783,750656484:134783,"ZEYMERADE Bebe Pembesi Bohça Süsü, Damat Gelin Bohça Süsü Tülü, Doğum Günü Süsleme Tülü, Boy 1 Mt En Sabit 3mt",ZEYMERADE,,https://www.trendyol.com/zeymerade/bebe-pembesi-bohca-susu-damat-gelin-bohca-susu-tulu-dogum-gunu-susleme-tulu-boy-1-mt-en-sabit-3mt-p-750656484?boutiqueId=61&merchantId=134783,ZEYMERADE,,49.9,,,,TRY,"[""Kargo Bedava""]",InStock,100 adetten fazla stok sunulmuştur,,,,,4.6,211,,,43,,"8,9B kişi favoriledi",,,,0,,,,6 saat 47 dakika içinde sipariş verirsen en geç yarın kargoda!,En Çok Favorilenen 3. Ürün,,{},0,,refreshed,"[""daily_top""]",true,2026-08-20T17:07:31+03:00,0,"[""search_result_dom"",""product_detail_jsonld"",""product_detail_dom""]","{""title"":""observed"",""brand"":""observed"",""seller_name"":""observed"",""seller_score"":""unavailable"",""price"":""observed"",""original_price"":""unavailable"",""campaigns"":""observed"",""stock_status"":""observed"",""stock_signal"":""observed"",""rating"":""observed"",""rating_count"":""observed"",""review_count"":""unavailable"",""question_count"":""observed"",""delivery_summary"":""observed"",""shipping_cost"":""unavailable"",""properties"":""observed""}",true,
2026-08-20,2026-08-20T17:07:31+03:00,hobi,BEST_SELLER,hobi-malzemeleri,hobi malzemeleri,50,3,150,150,31,hobi:hobi-malzemeleri,50,,23.7,6.3,457209637,134783,457209637:134783,"ZEYMERADE Pudra Nedime Bilekliği, Bride To Be, Bekarlığa Veda Partisi, Düğün, Kına Gecesi Bileklik 10 Adet",ZEYMERADE,,https://www.trendyol.com/zeymerade/pudra-nedime-bilekligi-bride-to-be-bekarliga-veda-partisi-dugun-kina-gecesi-bileklik-10-adet-p-457209637?boutiqueId=61&merchantId=134783,ZEYMERADE,,149.9,,,,TRY,"[""Kargo Bedava""]",InStock,100 adetten fazla stok sunulmuştur,,,,,4.8,907,,,71,592 kişinin sepetinde,"20,6B kişi favoriledi",Son 24 saatte 378 kişi görüntüledi,,,0,,,,6 saat 47 dakika içinde sipariş verirsen en geç yarın kargoda!,,,{},0,,refreshed,"[""daily_top""]",true,2026-08-20T17:07:31+03:00,0,"[""search_result_dom"",""product_detail_jsonld"",""product_detail_dom""]","{""title"":""observed"",""brand"":""observed"",""seller_name"":""observed"",""seller_score"":""unavailable"",""price"":""observed"",""original_price"":""unavailable"",""campaigns"":""observed"",""stock_status"":""observed"",""stock_signal"":""observed"",""rating"":""observed"",""rating_count"":""observed"",""review_count"":""unavailable"",""question_count"":""observed"",""delivery_summary"":""observed"",""shipping_cost"":""unavailable"",""properties"":""observed""}",true,
2026-08-20,2026-08-20T17:07:31+03:00,hobi,BEST_SELLER,hobi-malzemeleri,hobi malzemeleri,51,3,151,151,6,hobi:hobi-malzemeleri,51,,11,19,1140973093,880787,1140973093:880787,By MO Accessories 18 Bölmeli İnci & Boncuk Seti | Mocha Ton Şık Tasarım | Takı Yapımı İçin Full Set,By MO Accessories,Boncuk,https://www.trendyol.com/by-mo-accessories/18-bolmeli-inci-boncuk-seti-mocha-ton-sik-tasarim-taki-yapimi-icin-full-set-p-1140973093?boutiqueId=61&merchantId=880787,By Mo Accessoriess,92,199,,,,TRY,"[""Kargo Bedava""]",InStock,100 adetten fazla stok sunulmuştur,,,,,4.6,51,23,,25,"2,1B kişinin sepetinde","15,8B kişi favoriledi","Son 24 saatte 1,3B kişi görüntüledi",4999,TRY,0,1,1,4,6 saat 47 dakika içinde sipariş verirsen en geç yarın kargoda!,En Çok Satan 6. Ürün,https://cdn.dsmcdn.com/ty1904/prod/QC_ENRICHMENT/20260816/18/b8078ba4-eb06-34f0-8c07-b09b87844603/1_org_zoom.jpg,"{""Menşei"":""TR""}",20,4.75,refreshed,"[""daily_top""]",true,2026-08-20T17:07:31+03:00,0,"[""search_result_dom"",""product_detail_jsonld"",""product_detail_dom""]","{""title"":""observed"",""brand"":""observed"",""seller_name"":""observed"",""seller_score"":""observed"",""price"":""observed"",""original_price"":""unavailable"",""campaigns"":""observed"",""stock_status"":""observed"",""stock_signal"":""observed"",""rating"":""observed"",""rating_count"":""observed"",""review_count"":""observed"",""question_count"":""observed"",""delivery_summary"":""observed"",""shipping_cost"":""observed"",""properties"":""observed""}",true,
2026-08-20,2026-08-20T17:07:31+03:00,hobi,BEST_SELLER,hobi-malzemeleri,hobi malzemeleri,52,3,152,152,8,hobi:hobi-malzemeleri,52,,86.9,11.9,906363839,501457,906363839:501457,BALON DİYARI Fuşya & Mor & Pembe & Lila Konfeti 15 Adet Balon Seti – Göz Alıcı Ve Şık Parti Dekoru,BALON DİYARI,,https://www.trendyol.com/balon-diyari/fusya-mor-pembe-lila-konfeti-15-adet-balon-seti-goz-alici-ve-sik-parti-dekoru-p-906363839?boutiqueId=61&merchantId=501457,Balon Diyarı,93,49.99,159.99,68.8,,TRY,"[""Süper Fırsat Ürünü"",""Kargo Bedava""]",InStock,100 adetten fazla stok sunulmuştur,,,,,4.4,180,,,33,,"4,6B kişi favoriledi",,,,0,,,,6 saat 47 dakika içinde sipariş verirsen en geç yarın kargoda!,En Çok Satan 8. Ürün,,{},0,,refreshed,"[""daily_top""]",true,2026-08-20T17:07:31+03:00,0,"[""search_result_dom"",""product_detail_jsonld"",""product_detail_dom""]","{""title"":""observed"",""brand"":""observed"",""seller_name"":""observed"",""seller_score"":""observed"",""price"":""observed"",""original_price"":""observed"",""campaigns"":""observed"",""stock_status"":""observed"",""stock_signal"":""observed"",""rating"":""observed"",""rating_count"":""observed"",""review_count"":""unavailable"",""question_count"":""observed"",""delivery_summary"":""observed"",""shipping_cost"":""unavailable"",""properties"":""observed""}",true,
2026-08-20,2026-08-20T17:07:31+03:00,hobi,BEST_SELLER,hobi-malzemeleri,hobi malzemeleri,53,3,153,153,2,hobi:hobi-malzemeleri,53,,21.8,8.2,800202859,969656,800202859:969656,Rima Tasarım Takı Kurdelesi 6 Cm Eninde 2 Metre 2 Adet Siyah Ve Krem Renk,Rima Tasarım,Kurdele,https://www.trendyol.com/rima-tasarim/taki-kurdelesi-6-cm-eninde-2-metre-2-adet-siyah-ve-krem-renk-p-800202859?boutiqueId=61&merchantId=969656,Carre Tasarım,87,199.5,,,,TRY,"[""Kargo Bedava""]",InStock,100 adetten fazla stok sunulmuştur,,,,,4.3,845,530,,58,402 kişinin sepetinde,"14,4B kişi favoriledi",Son 24 saatte 375 kişi görüntüledi,4999,TRY,0,1,1,4,6 saat 47 dakika içinde sipariş verirsen en geç yarın kargoda!,En Çok Satan 2. Ürün,https://cdn.dsmcdn.com/ty1148/product/media/images/prod/SPM/PIM/20240125/22/91e8e98b-b861-3af9-952a-22726c383d70/1_org_zoom.jpg,"{""Metraj"":""0-49m"",""Renk"":""Siyah"",""Menşei"":""TR"",""Bakım Talimatları (Genel)"":""Ürünün kullanım ömrünü korumak için ürüne özel bakım talimatlarını takip ediniz.""}",20,5,refreshed,"[""daily_top""]",true,2026-08-20T17:07:31+03:00,0,"[""search_result_dom"",""product_detail_jsonld"",""product_detail_dom""]","{""title"":""observed"",""brand"":""observed"",""seller_name"":""observed"",""seller_score"":""observed"",""price"":""observed"",""original_price"":""unavailable"",""campaigns"":""observed"",""stock_status"":""observed"",""stock_signal"":""observed"",""rating"":""observed"",""rating_count"":""observed"",""review_count"":""observed"",""question_count"":""observed"",""delivery_summary"":""observed"",""shipping_cost"":""observed"",""properties"":""observed""}",true,
2026-08-20,2026-08-20T17:07:31+03:00,hobi,BEST_SELLER,hobi-malzemeleri,hobi malzemeleri,54,3,154,154,1,hobi:hobi-malzemeleri,54,,22.6,7.4,353583942,209142,353583942:209142,Prestij Boncuk Çantalı Ekonomik Silikon Saplı Tığ Seti 7 Farklı Numara 2mm-2.5mm-3mm-3.5mm-4mm-4.5mm-5mm,Prestij Boncuk,Tığ,https://www.trendyol.com/prestij-boncuk/cantali-ekonomik-silikon-sapli-tig-seti-7-farkli-numara-2mm-2-5mm-3mm-3-5mm-4mm-4-5mm-5mm-p-353583942?boutiqueId=61&merchantId=209142,Prestij Boncuk,87,191.11,,,,TRY,"[""Kargo Bedava""]",InStock,100 adetten fazla stok sunulmuştur,,,,,4.6,1256,664,,124,1B kişinin sepetinde,"20,4B kişi favoriledi",Son 24 saatte 462 kişi görüntüledi,4999,TRY,0,1,1,4,6 saat 47 dakika içinde sipariş verirsen en geç yarın kargoda!,En Çok Satan 1. Ürün,https://cdn.dsmcdn.com/ty1849/prod/QC_ENRICHMENT/20260401/10/ed8e93b2-e39c-3875-bbc3-ca4fdcc5f6dd/1_org_zoom.jpg,"{""Menşei"":""TR"",""Bakım Talimatları (Genel)"":""Ürünün kullanım ömrünü korumak için ürüne özel bakım talimatlarını takip ediniz.""}",20,5,refreshed,"[""daily_top""]",true,2026-08-20T17:07:31+03:00,0,"[""search_result_dom"",""product_detail_jsonld"",""product_detail_dom""]","{""title"":""observed"",""brand"":""observed"",""seller_name"":""observed"",""seller_score"":""observed"",""price"":""observed"",""original_price"":""unavailable"",""campaigns"":""observed"",""stock_status"":""observed"",""stock_signal"":""observed"",""rating"":""observed"",""rating_count"":""observed"",""review_count"":""observed"",""question_count"":""observed"",""delivery_summary"":""observed"",""shipping_cost"":""observed"",""properties"":""observed""}",true,
2026-08-20,2026-08-20T17:07:31+03:00,hobi,BEST_SELLER,hobi-malzemeleri,hobi malzemeleri,55,3,155,155,,hobi:hobi-malzemeleri,55,,20.6,9.4,234242094,134783,234242094:134783,"ZEYMERADE Doğal Toz Kına 250 gr, Gelin, Damat, Düğün, Kına Gecesi, Sünnet, Asker Eğlencesi",ZEYMERADE,Kına Gecesi Seti,https://www.trendyol.com/zeymerade/dogal-toz-kina-250-gr-gelin-damat-dugun-kina-gecesi-sunnet-asker-eglencesi-p-234242094?boutiqueId=61&merchantId=134783,ZEYMERADE,,139.9,,,,TRY,"[""Kargo Bedava""]",InStock,100 adetten fazla stok sunulmuştur,,,,,4.5,738,374,,58,381 kişinin sepetinde,"4,4B kişi favoriledi",,4999,TRY,0,1,1,4,6 saat 47 dakika içinde sipariş verirsen en geç yarın kargoda!,,https://cdn.dsmcdn.com/ty1378/product/media/images/prod/QC/20240624/17/91b96c51-61aa-3e63-a4fd-b74674b94312/1_org_zoom.jpg,"{""Renk"":""Metalik"",""Menşei"":""TR"",""Ürün Güvenliği Bilgisi"":""Tehlikeli Değil""}",20,5,refreshed,"[""daily_top""]",true,2026-08-20T17:07:31+03:00,0,"[""search_result_dom"",""product_detail_jsonld"",""product_detail_dom""]","{""title"":""observed"",""brand"":""observed"",""seller_name"":""observed"",""seller_score"":""unavailable"",""price"":""observed"",""original_price"":""unavailable"",""campaigns"":""observed"",""stock_status"":""observed"",""stock_signal"":""observed"",""rating"":""observed"",""rating_count"":""observed"",""review_count"":""observed"",""question_count"":""observed"",""delivery_summary"":""observed"",""shipping_cost"":""observed"",""properties"":""observed""}",true,
2026-08-20,2026-08-20T17:07:31+03:00,hobi,BEST_SELLER,hobi-malzemeleri,hobi malzemeleri,56,3,156,156,,hobi:hobi-malzemeleri,56,,10,20,1159251472,933063,1159251472:933063,may trend İstiridye anahtarlık 10 Adet Hediyelik kişiye özel baskı kına hediyelik söz hediyelik,may trend,Kına Gecesi Seti,https://www.trendyol.com/may-trend/istiridye-anahtarlik-10-adet-hediyelik-kisiye-ozel-baski-kina-hediyelik-soz-hediyelik-p-1159251472?boutiqueId=61&merchantId=933063,may trend,91,130,,,,TRY,"[""Kargo Bedava""]",InStock,100 adetten fazla stok sunulmuştur,,,,,4.6,21,17,,97,,"1,8B kişi favoriledi",,4999,TRY,0,2,1,6,Tahmini Teslim:,,https://cdn.dsmcdn.com/ty1931/prod/QC_PREP/20260621/23/331e4751-1c95-3e74-9c6e-77a0cec0ec50/1_org_zoom.jpg,"{""Renk"":""Altın"",""Menşei"":""TR""}",17,4.53,refreshed,"[""daily_top""]",true,2026-08-20T17:07:31+03:00,0,"[""search_result_dom"",""product_detail_jsonld"",""product_detail_dom""]","{""title"":""observed"",""brand"":""observed"",""seller_name"":""observed"",""seller_score"":""observed"",""price"":""observed"",""original_price"":""unavailable"",""campaigns"":""observed"",""stock_status"":""observed"",""stock_signal"":""observed"",""rating"":""observed"",""rating_count"":""observed"",""review_count"":""observed"",""question_count"":""observed"",""delivery_summary"":""observed"",""shipping_cost"":""observed"",""properties"":""observed""}",true,
2026-08-20,2026-08-20T17:07:31+03:00,hobi,BEST_SELLER,hobi-malzemeleri,hobi malzemeleri,57,3,157,157,,hobi:hobi-malzemeleri,57,,28.3,1.7,803186802,781567,803186802:781567,SULED 10 Metre Bluetooth Telefon Kontrollü Smart Şerit Led Sese Duyarlı Kumandalı Led Işık,SULED,Led Işık,https://www.trendyol.com/suled/10-metre-bluetooth-telefon-kontrollu-smart-serit-led-sese-duyarli-kumandali-led-isik-p-803186802?boutiqueId=61&merchantId=781567,SULED TÜRKİYE,86,429,,,,TRY,"[""50 TL Kupon"",""Kargo Bedava""]",InStock,100 adetten fazla stok sunulmuştur,,,,,4.2,6453,3493,,4244,"1,9B kişinin sepetinde","130,7B kişi favoriledi",Son 24 saatte 742 kişi görüntüledi,4999,TRY,0,1,1,4,6 saat 47 dakika içinde sipariş verirsen en geç yarın kargoda!,,https://cdn.dsmcdn.com/ty1549/product/media/images/ty1550/prod/QC/20240916/14/5836978e-2013-3a82-955f-fe8aa0188400/1_org_zoom.jpg,"{""Ebatlar"":""10 metre"",""Renk"":""Çok Renkli"",""Menşei"":""CN"",""Batarya Türü"":""Diğer"",""Özellik"":""Telefon Kontrollü"",""Enerji Tasarrufu"":""Var""}",20,5,refreshed,"[""daily_top""]",true,2026-08-20T17:07:31+03:00,0,"[""search_result_dom"",""product_detail_jsonld"",""product_detail_dom""]","{""title"":""observed"",""brand"":""observed"",""seller_name"":""observed"",""seller_score"":""observed"",""price"":""observed"",""original_price"":""unavailable"",""campaigns"":""observed"",""stock_status"":""observed"",""stock_signal"":""observed"",""rating"":""observed"",""rating_count"":""observed"",""review_count"":""observed"",""question_count"":""observed"",""delivery_summary"":""observed"",""shipping_cost"":""observed"",""properties"":""observed""}",true,
2026-08-20,2026-08-20T17:07:31+03:00,hobi,BEST_SELLER,hobi-malzemeleri,hobi malzemeleri,58,3,158,158,22,hobi:hobi-malzemeleri,58,,24,6,771933635,134783,771933635:134783,"ZEYMERADE Kırmızı Gelin Nedime Tefi, Kına Gecesi Düğün Sünnet Bride Plastik Zilli Tef, 5 Adet",ZEYMERADE,,https://www.trendyol.com/zeymerade/kirmizi-gelin-nedime-tefi-kina-gecesi-dugun-sunnet-bride-plastik-zilli-tef-5-adet-p-771933635?boutiqueId=61&merchantId=134783,ZEYMERADE,,179.9,,,,TRY,"[""Kargo Bedava""]",InStock,100 adetten fazla stok sunulmuştur,,,,,4.6,1013,,,36,532 kişinin sepetinde,"32,7B kişi favoriledi",Son 24 saatte 409 kişi görüntüledi,,,0,,,,6 saat 47 dakika içinde sipariş verirsen en geç yarın kargoda!,,,{},0,,refreshed,"[""daily_top""]",true,2026-08-20T17:07:31+03:00,0,"[""search_result_dom"",""product_detail_jsonld"",""product_detail_dom""]","{""title"":""observed"",""brand"":""observed"",""seller_name"":""observed"",""seller_score"":""unavailable"",""price"":""observed"",""original_price"":""unavailable"",""campaigns"":""observed"",""stock_status"":""observed"",""stock_signal"":""observed"",""rating"":""observed"",""rating_count"":""observed"",""review_count"":""unavailable"",""question_count"":""observed"",""delivery_summary"":""observed"",""shipping_cost"":""unavailable"",""properties"":""observed""}",true,
2026-08-20,2026-08-20T17:07:31+03:00,hobi,BEST_SELLER,hobi-malzemeleri,hobi malzemeleri,59,3,159,159,31,hobi:hobi-malzemeleri,59,,15.8,14.2,1081067029,134783,1081067029:134783,"ZEYMERADE Siyah Hayal Tül, Nişan Çeyiz Bohça Kapı Doğum Günü Parti Süsleme, Gelin Abiye Türban 100x300cm",ZEYMERADE,,https://www.trendyol.com/zeymerade/siyah-hayal-tul-nisan-ceyiz-bohca-kapi-dogum-gunu-parti-susleme-gelin-abiye-turban-100x300cm-p-1081067029?boutiqueId=61&merchantId=134783,ZEYMERADE,,66.9,,,,TRY,"[""Kargo Bedava""]",InStock,100 adetten fazla stok sunulmuştur,,,,,4.4,93,,,12,,"5,2B kişi favoriledi",,,,0,,,,6 saat 47 dakika içinde sipariş verirsen en geç yarın kargoda!,En Çok Ziyaret Edilen 5. Ürün,,{},0,,refreshed,"[""daily_top""]",true,2026-08-20T17:07:31+03:00,0,"[""search_result_dom"",""product_detail_jsonld"",""product_detail_dom""]","{""title"":""observed"",""brand"":""observed"",""seller_name"":""observed"",""seller_score"":""unavailable"",""price"":""observed"",""original_price"":""unavailable"",""campaigns"":""observed"",""stock_status"":""observed"",""stock_signal"":""observed"",""rating"":""observed"",""rating_count"":""observed"",""review_count"":""unavailable"",""question_count"":""observed"",""delivery_summary"":""observed"",""shipping_cost"":""unavailable"",""properties"":""observed""}",true,
2026-08-20,2026-08-20T17:07:31+03:00,hobi,BEST_SELLER,hobi-malzemeleri,hobi malzemeleri,60,3,160,160,9,hobi:hobi-malzemeleri,60,,23.8,6.2,730422803,134783,730422803:134783,"ZEYMERADE Güllü Konfeti, Kına Gecesi, Parti, Düğün, Nikah, Nişan, Doğum Günü, Özel Günler İçin Konfeti, 1 Adet",ZEYMERADE,,https://www.trendyol.com/zeymerade/gullu-konfeti-kina-gecesi-parti-dugun-nikah-nisan-dogum-gunu-ozel-gunler-icin-konfeti-1-adet-p-730422803?boutiqueId=61&merchantId=134783,ZEYMERADE,,71.9,,,,TRY,"[""Kargo Bedava""]",InStock,100 adetten fazla stok sunulmuştur,,,,,4.4,946,,,57,413 kişinin sepetinde,"15,3B kişi favoriledi",,,,0,,,,6 saat 47 dakika içinde sipariş verirsen en geç yarın kargoda!,En Çok Favorilenen 1. Ürün,,{},0,,refreshed,"[""daily_top""]",true,2026-08-20T17:07:31+03:00,0,"[""search_result_dom"",""product_detail_jsonld"",""product_detail_dom""]","{""title"":""observed"",""brand"":""observed"",""seller_name"":""observed"",""seller_score"":""unavailable"",""price"":""observed"",""original_price"":""unavailable"",""campaigns"":""observed"",""stock_status"":""observed"",""stock_signal"":""observed"",""rating"":""observed"",""rating_count"":""observed"",""review_count"":""unavailable"",""question_count"":""observed"",""delivery_summary"":""observed"",""shipping_cost"":""unavailable"",""properties"":""observed""}",true,
2026-08-20,2026-08-20T17:07:31+03:00,hobi,BEST_SELLER,hobi-malzemeleri,hobi malzemeleri,61,3,161,161,,hobi:hobi-malzemeleri,61,,13.6,16.4,88623152,1279837,88623152:1279837,Genel Markalar Peri Led Işık Kendinden Pilli 3 Mod Yanabilen 2 Mt Mini Pil Kutulu,Genel Markalar,Led Işık,https://www.trendyol.com/genel-markalar/peri-led-isik-kendinden-pilli-3-mod-yanabilen-2-mt-mini-pil-kutulu-p-88623152?boutiqueId=61&merchantId=1279837,Çiçek Malzemecisii,91,48,,,,TRY,"[""Kargo Bedava""]",InStock,100 adetten fazla stok sunulmuştur,,,,,3.9,85,49,,40,571 kişinin sepetinde,"4,7B kişi favoriledi",,4999,TRY,0,1,1,4,6 saat 47 dakika içinde sipariş verirsen en geç yarın kargoda!,,https://cdn.dsmcdn.com/ty1449/product/media/images/prod/QC/20240731/09/2c77f917-c72d-32d6-88f4-aa2809af8a48/1_org_zoom.jpg,"{""Ebatlar"":""1,5 Metre"",""Renk"":""Sarı"",""Menşei"":""TR"",""Batarya Türü"":""Lityum-iyon"",""Özellik"":""Kablolu"",""Enerji Tasarrufu"":""Var""}",20,5,refreshed,"[""daily_top""]",true,2026-08-20T17:07:31+03:00,0,"[""search_result_dom"",""product_detail_jsonld"",""product_detail_dom""]","{""title"":""observed"",""brand"":""observed"",""seller_name"":""observed"",""seller_score"":""observed"",""price"":""observed"",""original_price"":""unavailable"",""campaigns"":""observed"",""stock_status"":""observed"",""stock_signal"":""observed"",""rating"":""observed"",""rating_count"":""observed"",""review_count"":""observed"",""question_count"":""observed"",""delivery_summary"":""observed"",""shipping_cost"":""observed"",""properties"":""observed""}",true,
2026-08-20,2026-08-20T17:07:31+03:00,hobi,BEST_SELLER,hobi-malzemeleri,hobi malzemeleri,62,3,162,162,3,hobi:hobi-malzemeleri,62,,21.3,8.7,864634665,134783,864634665:134783,"ZEYMERADE Kırmızı Saten Kurdele 1 Cm 10 Metre, Bohça Çeyiz Özel Gün Hediye Süsleme Kurdelesi",ZEYMERADE,,https://www.trendyol.com/zeymerade/kirmizi-saten-kurdele-1-cm-10-metre-bohca-ceyiz-ozel-gun-hediye-susleme-kurdelesi-p-864634665?boutiqueId=61&merchantId=134783,ZEYMERADE,,34.9,,,,TRY,"[""Kargo Bedava""]",InStock,100 adetten fazla stok sunulmuştur,,,,,4.8,453,,,22,,"5,6B kişi favoriledi",,,,0,,,,6 saat 47 dakika içinde sipariş verirsen en geç yarın kargoda!,En Çok Satan 3. Ürün,,{},0,,refreshed,"[""daily_top""]",true,2026-08-20T17:07:31+03:00,0,"[""search_result_dom"",""product_detail_jsonld"",""product_detail_dom""]","{""title"":""observed"",""brand"":""observed"",""seller_name"":""observed"",""seller_score"":""unavailable"",""price"":""observed"",""original_price"":""unavailable"",""campaigns"":""observed"",""stock_status"":""observed"",""stock_signal"":""observed"",""rating"":""observed"",""rating_count"":""observed"",""review_count"":""unavailable"",""question_count"":""observed"",""delivery_summary"":""observed"",""shipping_cost"":""unavailable"",""properties"":""observed""}",true,
2026-08-20,2026-08-20T17:07:31+03:00,hobi,BEST_SELLER,hobi-malzemeleri,hobi malzemeleri,63,3,163,163,20,hobi:hobi-malzemeleri,63,,27.4,2.6,714653480,462214,714653480:462214,Genel Markalar Beyaz Şeffaf Balon Kutusu Baby Yazılı 25x25 Cm,Genel Markalar,,https://www.trendyol.com/genel-markalar/beyaz-seffaf-balon-kutusu-baby-yazili-25x25-cm-p-714653480?boutiqueId=61&merchantId=462214,KadınaDairr,87,288,,,,TRY,"[""Kargo Bedava""]",InStock,100 adetten fazla stok sunulmuştur,,,,,4.4,2682,,,788,"1,5B kişinin sepetinde","93,2B kişi favoriledi",Son 24 saatte 738 kişi görüntüledi,,,0,,,,6 saat 47 dakika içinde sipariş verirsen en geç yarın kargoda!,En Çok Favorilenen 1. Ürün,,{},0,,refreshed,"[""daily_top""]",true,2026-08-20T17:07:31+03:00,0,"[""search_result_dom"",""product_detail_jsonld"",""product_detail_dom""]","{""title"":""observed"",""brand"":""observed"",""seller_name"":""observed"",""seller_score"":""observed"",""price"":""observed"",""original_price"":""unavailable"",""campaigns"":""observed"",""stock_status"":""observed"",""stock_signal"":""observed"",""rating"":""observed"",""rating_count"":""observed"",""review_count"":""unavailable"",""question_count"":""observed"",""delivery_summary"":""observed"",""shipping_cost"":""unavailable"",""properties"":""observed""}",true,
2026-08-20,2026-08-20T17:07:31+03:00,hobi,BEST_SELLER,hobi-malzemeleri,hobi malzemeleri,64,3,164,164,31,hobi:hobi-malzemeleri,64,,26.7,3.3,343486750,134783,343486750:134783,"ZEYMERADE Beyaz Nedime Bilekliği, Bride To Be, Bekarlığa Veda Partisi, Düğün, Kına Gecesi Bileklik 10 Adet",ZEYMERADE,,https://www.trendyol.com/zeymerade/beyaz-nedime-bilekligi-bride-to-be-bekarliga-veda-partisi-dugun-kina-gecesi-bileklik-10-adet-p-343486750?boutiqueId=61&merchantId=134783,ZEYMERADE,,149.9,,,,TRY,"[""Kargo Bedava""]",InStock,100 adetten fazla stok sunulmuştur,,,,,4.8,2190,,,145,423 kişinin sepetinde,"48,1B kişi favoriledi",,,,0,,,,6 saat 47 dakika içinde sipariş verirsen en geç yarın kargoda!,En Çok Favorilenen 3. Ürün,,{},0,,refreshed,"[""daily_top""]",true,2026-08-20T17:07:31+03:00,0,"[""search_result_dom"",""product_detail_jsonld"",""product_detail_dom""]","{""title"":""observed"",""brand"":""observed"",""seller_name"":""observed"",""seller_score"":""unavailable"",""price"":""observed"",""original_price"":""unavailable"",""campaigns"":""observed"",""stock_status"":""observed"",""stock_signal"":""observed"",""rating"":""observed"",""rating_count"":""observed"",""review_count"":""unavailable"",""question_count"":""observed"",""delivery_summary"":""observed"",""shipping_cost"":""unavailable"",""properties"":""observed""}",true,
2026-08-20,2026-08-20T17:07:31+03:00,hobi,BEST_SELLER,hobi-malzemeleri,hobi malzemeleri,65,4,165,165,8,hobi:hobi-malzemeleri,65,,20.4,9.6,124910552,117788,124910552:117788,Patladı Gitti Balon Zinciri 5 Metre - Doğum Günü Organizasyon Dekorasyonu,Patladı Gitti,,https://www.trendyol.com/patladi-gitti/balon-zinciri-5-metre-dogum-gunu-organizasyon-dekorasyonu-p-124910552?boutiqueId=61&merchantId=117788,Patladı Gitti,,36.57,,,,TRY,"[""Kargo Bedava""]",InStock,100 adetten fazla stok sunulmuştur,,,,,4.7,358,,,10,,5B kişi favoriledi,,,,0,,,,6 saat 47 dakika içinde sipariş verirsen en geç yarın kargoda!,En Çok Satan 8. Ürün,,{},0,,refreshed,"[""daily_top""]",true,2026-08-20T17:07:31+03:00,0,"[""search_result_dom"",""product_detail_jsonld"",""product_detail_dom""]","{""title"":""observed"",""brand"":""observed"",""seller_name"":""observed"",""seller_score"":""unavailable"",""price"":""observed"",""original_price"":""unavailable"",""campaigns"":""observed"",""stock_status"":""observed"",""stock_signal"":""observed"",""rating"":""observed"",""rating_count"":""observed"",""review_count"":""unavailable"",""question_count"":""observed"",""delivery_summary"":""observed"",""shipping_cost"":""unavailable"",""properties"":""observed""}",true,
2026-08-20,2026-08-20T17:07:31+03:00,hobi,BEST_SELLER,hobi-malzemeleri,hobi malzemeleri,66,4,166,166,7,hobi:hobi-malzemeleri,66,,9.4,20.6,996794142,739242,996794142:739242,"MİMOZA PARK 2 Adet Paslanmaz Çelik Pipet Temizleme Fırçası, 40/30/20 oz Uyumlu,Pipet Temizleme Aracı",MİMOZA PARK,Pipet,https://www.trendyol.com/mimoza-park/2-adet-paslanmaz-celik-pipet-temizleme-fircasi-40-30-20-oz-uyumlu-pipet-temizleme-araci-p-996794142?boutiqueId=61&merchantId=739242,MİMOZA PARK,2,24.1,,,,TRY,"[""Kargo Bedava""]",InStock,100 adetten fazla stok sunulmuştur,,,,,4.8,35,14,,16,,"2,3B kişi favoriledi",,4999,TRY,0,1,1,4,6 saat 47 dakika içinde sipariş verirsen en geç yarın kargoda!,En Çok Satan 7. Ürün,https://cdn.dsmcdn.com/ty1768/prod/QC_PREP/20251003/18/0df0d4da-641e-30df-b2e1-866811e0261b/1_org_zoom.jpg,"{""Renk"":""Gri"",""Menşei"":""TR"",""Materyal"":""Çelik""}",14,4.64,refreshed,"[""daily_top""]",true,2026-08-20T17:07:31+03:00,0,"[""search_result_dom"",""product_detail_jsonld"",""product_detail_dom""]","{""title"":""observed"",""brand"":""observed"",""seller_name"":""observed"",""seller_score"":""observed"",""price"":""observed"",""original_price"":""unavailable"",""campaigns"":""observed"",""stock_status"":""observed"",""stock_signal"":""observed"",""rating"":""observed"",""rating_count"":""observed"",""review_count"":""observed"",""question_count"":""observed"",""delivery_summary"":""observed"",""shipping_cost"":""observed"",""properties"":""observed""}",true,
2026-08-20,2026-08-20T17:07:31+03:00,hobi,BEST_SELLER,hobi-malzemeleri,hobi malzemeleri,67,4,167,167,9,hobi:hobi-malzemeleri,67,,17,13,884951243,501457,884951243:501457,BALON DİYARI 10 Adet Metalik Pembe Ve Makaron (PASTEL) Pembe Renk Balon Seti,BALON DİYARI,Balon,https://www.trendyol.com/balon-diyari/10-adet-metalik-pembe-ve-makaron-pastel-pembe-renk-balon-seti-p-884951243?boutiqueId=61&merchantId=501457,Balon Diyarı,93,34.01,,,,TRY,"[""Kargo Bedava""]",InStock,100 adetten fazla stok sunulmuştur,,,,,3.8,218,133,,50,538 kişinin sepetinde,"6,7B kişi favoriledi",,4999,TRY,0,1,1,4,6 saat 47 dakika içinde sipariş verirsen en geç yarın kargoda!,En Çok Satan 9. Ürün,https://cdn.dsmcdn.com/ty1616/prod/QC/20241216/23/0a4d5c6f-d2cf-386e-9cc6-a7d931d4699a/1_org_zoom.jpg,"{""Balon Çeşidi"":""Balon Setleri"",""Renk"":""Çok Renkli"",""Menşei"":""TR""}",20,5,refreshed,"[""daily_top""]",true,2026-08-20T17:07:31+03:00,0,"[""search_result_dom"",""product_detail_jsonld"",""product_detail_dom""]","{""title"":""observed"",""brand"":""observed"",""seller_name"":""observed"",""seller_score"":""observed"",""price"":""observed"",""original_price"":""unavailable"",""campaigns"":""observed"",""stock_status"":""observed"",""stock_signal"":""observed"",""rating"":""observed"",""rating_count"":""observed"",""review_count"":""observed"",""question_count"":""observed"",""delivery_summary"":""observed"",""shipping_cost"":""observed"",""properties"":""observed""}",true,
2026-08-20,2026-08-20T17:07:31+03:00,hobi,BEST_SELLER,hobi-malzemeleri,hobi malzemeleri,68,4,168,168,1,hobi:hobi-malzemeleri,68,,12.5,17.5,855706249,1072102,855706249:1072102,Genel Markalar CR2032 Pil Düğme Para Pil Lityum Batarya 3V Bios Kumanda Tartı Saat Araba Anahtarı,Genel Markalar,Robotik Malzeme,https://www.trendyol.com/genel-markalar/cr2032-pil-dugme-para-pil-lityum-batarya-3v-bios-kumanda-tarti-saat-araba-anahtari-p-855706249?boutiqueId=61&merchantId=1072102,Y5 Elektronik,89,18.85,,,,TRY,"[""Sepette %10 İndirim"",""20 TL Kupon"",""75 TL Kupon"",""Kargo Bedava""]",InStock,100 adetten fazla stok sunulmuştur,,,,,4.3,86,35,,68,,853 kişi favoriledi,,4999,TRY,0,1,1,4,6 saat 47 dakika içinde sipariş verirsen en geç yarın kargoda!,En Çok Satan 1. Ürün,https://cdn.dsmcdn.com/ty1612/prod/QC/20241209/22/2cd6efd9-c381-37f5-91db-9141d5831ed7/1_org_zoom.jpg,"{""Menşei"":""CN"",""Tamir Edilebilirlik"":""Tamir Edilmez.""}",20,5,refreshed,"[""daily_top""]",true,2026-08-20T17:07:31+03:00,0,"[""search_result_dom"",""product_detail_jsonld"",""product_detail_dom""]","{""title"":""observed"",""brand"":""observed"",""seller_name"":""observed"",""seller_score"":""observed"",""price"":""observed"",""original_price"":""unavailable"",""campaigns"":""observed"",""stock_status"":""observed"",""stock_signal"":""observed"",""rating"":""observed"",""rating_count"":""observed"",""review_count"":""observed"",""question_count"":""observed"",""delivery_summary"":""observed"",""shipping_cost"":""observed"",""properties"":""observed""}",true,
2026-08-20,2026-08-20T17:07:31+03:00,hobi,BEST_SELLER,hobi-malzemeleri,hobi malzemeleri,69,4,169,169,7,hobi:hobi-malzemeleri,69,,22.5,7.5,171123281,117788,171123281:117788,Patladı Gitti Balon Şişirme Pompası El Tipi Manuel,Patladı Gitti,,https://www.trendyol.com/patladi-gitti/balon-sisirme-pompasi-el-tipi-manuel-p-171123281?boutiqueId=61&merchantId=117788,Patladı Gitti,,99.58,,,,TRY,"[""Kargo Bedava""]",InStock,100 adetten fazla stok sunulmuştur,,,,,4.2,654,,,29,382 kişinin sepetinde,"5,5B kişi favoriledi",,,,0,,,,6 saat 47 dakika içinde sipariş verirsen en geç yarın kargoda!,En Çok Satan 7. Ürün,,{},0,,refreshed,"[""daily_top""]",true,2026-08-20T17:07:31+03:00,0,"[""search_result_dom"",""product_detail_jsonld"",""product_detail_dom""]","{""title"":""observed"",""brand"":""observed"",""seller_name"":""observed"",""seller_score"":""unavailable"",""price"":""observed"",""original_price"":""unavailable"",""campaigns"":""observed"",""stock_status"":""observed"",""stock_signal"":""observed"",""rating"":""observed"",""rating_count"":""observed"",""review_count"":""unavailable"",""question_count"":""observed"",""delivery_summary"":""observed"",""shipping_cost"":""unavailable"",""properties"":""observed""}",true,
2026-08-20,2026-08-20T17:07:31+03:00,hobi,BEST_SELLER,hobi-malzemeleri,hobi malzemeleri,70,4,170,170,34,hobi:hobi-malzemeleri,70,,17.6,12.4,941954578,134783,941954578:134783,"ZEYMERADE Beyaz Gümüş Simli Gelin Nedime Yelpazesi, Bride To Be Bekarlığa Veda Partisi Kına Hediyelik, 1 Adet",ZEYMERADE,,https://www.trendyol.com/zeymerade/beyaz-gumus-simli-gelin-nedime-yelpazesi-bride-to-be-bekarliga-veda-partisi-kina-hediyelik-1-adet-p-941954578?boutiqueId=61&merchantId=134783,ZEYMERADE,,74.99,,,,TRY,"[""Kargo Bedava""]",InStock,50 adetten fazla stok sunulmuştur,,,,,4.5,158,,,20,304 kişinin sepetinde,"11,8B kişi favoriledi",Son 24 saatte 631 kişi görüntüledi,,,0,,,,6 saat 47 dakika içinde sipariş verirsen en geç yarın kargoda!,,,{},0,,refreshed,"[""daily_top""]",true,2026-08-20T17:07:31+03:00,0,"[""search_result_dom"",""product_detail_jsonld"",""product_detail_dom""]","{""title"":""observed"",""brand"":""observed"",""seller_name"":""observed"",""seller_score"":""unavailable"",""price"":""observed"",""original_price"":""unavailable"",""campaigns"":""observed"",""stock_status"":""observed"",""stock_signal"":""observed"",""rating"":""observed"",""rating_count"":""observed"",""review_count"":""unavailable"",""question_count"":""observed"",""delivery_summary"":""observed"",""shipping_cost"":""unavailable"",""properties"":""observed""}",true,
2026-08-20,2026-08-20T17:07:31+03:00,hobi,BEST_SELLER,hobi-malzemeleri,hobi malzemeleri,71,4,171,171,2,hobi:hobi-malzemeleri,71,,10.2,20.8,1111833117,1125538,1111833117:1125538,Bunloon Metalik Pembe Kıvrımlı Pasta Mumu 6 Adet Doğum Günü Pasta Süsleme,Bunloon,Pasta Mumu,https://www.trendyol.com/bunloon/metalik-pembe-kivrimli-pasta-mumu-6-adet-dogum-gunu-pasta-susleme-p-1111833117?boutiqueId=61&merchantId=1125538,Bunloon,93,74.15,74.9,1,,TRY,"[""Sepette %1 İndirim"",""Kargo Bedava""]",InStock,100 adetten fazla stok sunulmuştur,,,,,4.7,33,13,,4,495 kişinin sepetinde,"6,4B kişi favoriledi",,4999,TRY,0,1,1,4,6 saat 47 dakika içinde sipariş verirsen en geç yarın kargoda!,En Çok Satan 2. Ürün,https://cdn.dsmcdn.com/ty1830/prod/QC_PREP/20260301/04/cda34a7b-4b19-38ff-b48c-08b675401cf7/1_org_zoom.jpg,"{""Diğer Özellikler"":""Yanıcıdır, kullanım sırasında yetişkin gözetimi önerilir ve yanan mumu gözetimsiz bırakmayınız."",""Menşei"":""CN"",""Ürün Güvenliği Bilgisi"":""Sınıf 4.1 Alevlenir katılar""}",13,4.46,refreshed,"[""daily_top""]",true,2026-08-20T17:07:31+03:00,0,"[""search_result_dom"",""product_detail_jsonld"",""product_detail_dom""]","{""title"":""observed"",""brand"":""observed"",""seller_name"":""observed"",""seller_score"":""observed"",""price"":""observed"",""original_price"":""observed"",""campaigns"":""observed"",""stock_status"":""observed"",""stock_signal"":""observed"",""rating"":""observed"",""rating_count"":""observed"",""review_count"":""observed"",""question_count"":""observed"",""delivery_summary"":""observed"",""shipping_cost"":""observed"",""properties"":""observed""}",true,
2026-08-20,2026-08-20T17:07:31+03:00,hobi,BEST_SELLER,hobi-malzemeleri,hobi malzemeleri,72,4,172,172,10,hobi:hobi-malzemeleri,72,,10.6,19.4,1099488707,134783,1099488707:134783,"ZEYMERADE Kırık Beyaz Kristal Süsleme Tülü, Kına Düğün Söz Nişan Bohça Kapı Doğum Günü Parti El İşi, 100x300cm",ZEYMERADE,,https://www.trendyol.com/zeymerade/kirik-beyaz-kristal-susleme-tulu-kina-dugun-soz-nisan-bohca-kapi-dogum-gunu-parti-el-isi-100x300cm-p-1099488707?boutiqueId=61&merchantId=134783,ZEYMERADE,,49.9,,,,TRY,"[""Kargo Bedava""]",InStock,100 adetten fazla stok sunulmuştur,,,,,4.8,20,,,6,,1B kişi favoriledi,,,,0,,,,6 saat 47 dakika içinde sipariş verirsen en geç yarın kargoda!,En Çok Satan 10. Ürün,,{},0,,refreshed,"[""daily_top""]",true,2026-08-20T17:07:31+03:00,0,"[""search_result_dom"",""product_detail_jsonld"",""product_detail_dom""]","{""title"":""observed"",""brand"":""observed"",""seller_name"":""observed"",""seller_score"":""unavailable"",""price"":""observed"",""original_price"":""unavailable"",""campaigns"":""observed"",""stock_status"":""observed"",""stock_signal"":""observed"",""rating"":""observed"",""rating_count"":""observed"",""review_count"":""unavailable"",""question_count"":""observed"",""delivery_summary"":""observed"",""shipping_cost"":""unavailable"",""properties"":""observed""}",true,
2026-08-20,2026-08-20T17:07:31+03:00,hobi,BEST_SELLER,hobi-malzemeleri,hobi malzemeleri,73,4,173,173,,hobi:hobi-malzemeleri,73,,25,5,952235026,1117104,952235026:1117104,Ezupack 20'li 200Cc Kübik Prizma Mika Magnolya Kase Plastik Tatlı Sunum Kabı Dondurma Puding Meze Salata Cup,Ezupack,Plastik Tabak,https://www.trendyol.com/ezupack/20-li-200cc-kubik-prizma-mika-magnolya-kase-plastik-tatli-sunum-kabi-dondurma-puding-meze-salata-cup-p-952235026?boutiqueId=61&merchantId=1117104,Ezupack,20,157.5,,,,TRY,"[""Kargo Bedava"",""Trendyol Plus'a Özel""]",InStock,100 adetten fazla stok sunulmuştur,,,,,4.4,2293,1322,,134,816 kişinin sepetinde,"110,2B kişi favoriledi",Son 24 saatte 383 kişi görüntüledi,4999,TRY,0,1,1,4,6 saat 47 dakika içinde sipariş verirsen en geç yarın kargoda!,En Çok Favorilenen 1. Ürün,https://cdn.dsmcdn.com/ty1902/prod/QC_ENRICHMENT/20260617/14/32497e2b-08f0-3a21-909a-a290f2ab2838/1_org_zoom.jpg,"{""Menşei"":""TR"",""Materyal"":""Sert Plastik""}",20,5,refreshed,"[""daily_top""]",true,2026-08-20T17:07:31+03:00,0,"[""search_result_dom"",""product_detail_jsonld"",""product_detail_dom""]","{""title"":""observed"",""brand"":""observed"",""seller_name"":""observed"",""seller_score"":""observed"",""price"":""observed"",""original_price"":""unavailable"",""campaigns"":""observed"",""stock_status"":""observed"",""stock_signal"":""observed"",""rating"":""observed"",""rating_count"":""observed"",""review_count"":""observed"",""question_count"":""observed"",""delivery_summary"":""observed"",""shipping_cost"":""observed"",""properties"":""observed""}",true,
2026-08-20,2026-08-20T17:07:31+03:00,hobi,BEST_SELLER,hobi-malzemeleri,hobi malzemeleri,74,4,174,174,10,hobi:hobi-malzemeleri,74,,18.5,11.5,731150460,1293335,731150460:1293335,Genel Markalar Su balonu renkli su balonu karışık renk su balonu 100 adet,Genel Markalar,Balon,https://www.trendyol.com/genel-markalar/su-balonu-renkli-su-balonu-karisik-renk-su-balonu-100-adet-p-731150460?boutiqueId=61&merchantId=1293335,Baykuş Kıratsiye,78,65,,,,TRY,"[""Kargo Bedava""]",InStock,100 adetten fazla stok sunulmuştur,,,,,3.7,323,202,,40,394 kişinin sepetinde,"5,3B kişi favoriledi",,4999,TRY,0,1,1,4,6 saat 47 dakika içinde sipariş verirsen en geç yarın kargoda!,En Çok Satan 10. Ürün,https://cdn.dsmcdn.com/ty1532/product/media/images/prod/QC/20240908/12/a09f7924-6f8e-3d83-b94c-a1508cd06704/1_org_zoom.jpg,"{""Balon Çeşidi"":""Su Balon"",""Renk"":""Çok Renkli"",""Menşei"":""CN"",""Özellik"":""Şişirilebilir""}",20,5,refreshed,"[""daily_top""]",true,2026-08-20T17:07:31+03:00,0,"[""search_result_dom"",""product_detail_jsonld"",""product_detail_dom""]","{""title"":""observed"",""brand"":""observed"",""seller_name"":""observed"",""seller_score"":""observed"",""price"":""observed"",""original_price"":""unavailable"",""campaigns"":""observed"",""stock_status"":""observed"",""stock_signal"":""observed"",""rating"":""observed"",""rating_count"":""observed"",""review_count"":""observed"",""question_count"":""observed"",""delivery_summary"":""observed"",""shipping_cost"":""observed"",""properties"":""observed""}",true,
2026-08-20,2026-08-20T17:07:31+03:00,hobi,BEST_SELLER,hobi-malzemeleri,hobi malzemeleri,75,4,175,175,31,hobi:hobi-malzemeleri,75,,26.4,3.6,299216603,134783,299216603:134783,ZEYMERADE Dağıtmalık Hediyelik Kına 100 Adet Kutulu,ZEYMERADE,,https://www.trendyol.com/zeymerade/dagitmalik-hediyelik-kina-100-adet-kutulu-p-299216603?boutiqueId=61&merchantId=134783,ZEYMERADE,,159.9,,,,TRY,"[""Kargo Bedava""]",InStock,100 adetten fazla stok sunulmuştur,,,,,4.2,2019,,,123,486 kişinin sepetinde,"29,1B kişi favoriledi",,,,0,,,,6 saat 47 dakika içinde sipariş verirsen en geç yarın kargoda!,,,{},0,,refreshed,"[""daily_top""]",true,2026-08-20T17:07:31+03:00,0,"[""search_result_dom"",""product_detail_jsonld"",""product_detail_dom""]","{""title"":""observed"",""brand"":""observed"",""seller_name"":""observed"",""seller_score"":""unavailable"",""price"":""observed"",""original_price"":""unavailable"",""campaigns"":""observed"",""stock_status"":""observed"",""stock_signal"":""observed"",""rating"":""observed"",""rating_count"":""observed"",""review_count"":""unavailable"",""question_count"":""observed"",""delivery_summary"":""observed"",""shipping_cost"":""unavailable"",""properties"":""observed""}",true,
2026-08-20,2026-08-20T17:07:31+03:00,hobi,BEST_SELLER,hobi-malzemeleri,hobi malzemeleri,76,4,176,176,49,hobi:hobi-malzemeleri,76,,22.5,7.5,750657693,134783,750657693:134783,"ZEYMERADE Beyaz Bohça Süsleme Tülü, Söz Nişan Çeyiz Kapı Doğum Günü Gelin Bride Parti Hediye Süsü, 100x300cm",ZEYMERADE,,https://www.trendyol.com/zeymerade/beyaz-bohca-susleme-tulu-soz-nisan-ceyiz-kapi-dogum-gunu-gelin-bride-parti-hediye-susu-100x300cm-p-750657693?boutiqueId=61&merchantId=134783,ZEYMERADE,,49.9,,,,TRY,"[""Kargo Bedava""]",InStock,100 adetten fazla stok sunulmuştur,,,,,4.6,650,,,100,,"8,3B kişi favoriledi",,,,0,,,,6 saat 47 dakika içinde sipariş verirsen en geç yarın kargoda!,,,{},0,,refreshed,"[""daily_top""]",true,2026-08-20T17:07:31+03:00,0,"[""search_result_dom"",""product_detail_jsonld"",""product_detail_dom""]","{""title"":""observed"",""brand"":""observed"",""seller_name"":""observed"",""seller_score"":""unavailable"",""price"":""observed"",""original_price"":""unavailable"",""campaigns"":""observed"",""stock_status"":""observed"",""stock_signal"":""observed"",""rating"":""observed"",""rating_count"":""observed"",""review_count"":""unavailable"",""question_count"":""observed"",""delivery_summary"":""observed"",""shipping_cost"":""unavailable"",""properties"":""observed""}",true,
2026-08-20,2026-08-20T17:07:31+03:00,hobi,BEST_SELLER,hobi-malzemeleri,hobi malzemeleri,77,4,177,177,31,hobi:hobi-malzemeleri,77,,24.5,5.5,823965233,134783,823965233:134783,ZEYMERADE Kırmızı Gold Şakira Oryantal Dansöz Dans Kemeri Pullu Zilli Kına Oyun Eğlence Düğün Shakira Kemer,ZEYMERADE,,https://www.trendyol.com/zeymerade/kirmizi-gold-sakira-oryantal-dansoz-dans-kemeri-pullu-zilli-kina-oyun-eglence-dugun-shakira-kemer-p-823965233?boutiqueId=61&merchantId=134783,ZEYMERADE,,199.9,,,,TRY,"[""Kargo Bedava""]",InStock,100 adetten fazla stok sunulmuştur,,,,,4.4,1149,,,67,594 kişinin sepetinde,"33,7B kişi favoriledi",Son 24 saatte 310 kişi görüntüledi,,,0,,,,6 saat 47 dakika içinde sipariş verirsen en geç yarın kargoda!,,,{},0,,refreshed,"[""daily_top""]",true,2026-08-20T17:07:31+03:00,0,"[""search_result_dom"",""product_detail_jsonld"",""product_detail_dom""]","{""title"":""observed"",""brand"":""observed"",""seller_name"":""observed"",""seller_score"":""unavailable"",""price"":""observed"",""original_price"":""unavailable"",""campaigns"":""observed"",""stock_status"":""observed"",""stock_signal"":""observed"",""rating"":""observed"",""rating_count"":""observed"",""review_count"":""unavailable"",""question_count"":""observed"",""delivery_summary"":""observed"",""shipping_cost"":""unavailable"",""properties"":""observed""}",true,
2026-08-20,2026-08-20T17:07:31+03:00,hobi,BEST_SELLER,hobi-malzemeleri,hobi malzemeleri,78,4,178,178,,hobi:hobi-malzemeleri,78,,4.8,25.2,1164224089,193294,1164224089:193294,43 cici süsler organizasyon Dantel ve inci Detaylı Düğün Nişan Nikah Davetiyesi | Kişiye Özel 1 Adet 13x18 cm,43 cici süsler organizasyon,Kına Gecesi Seti,https://www.trendyol.com/43-cici-susler-organizasyon/dantel-ve-inci-detayli-dugun-nisan-nikah-davetiyesi-kisiye-ozel-1-adet-13x18-cm-p-1164224089?boutiqueId=61&merchantId=193294,43 Cici Süsler Organizayon,9,34,,,,TRY,"[""Kargo Bedava""]",InStock,100 adetten fazla stok sunulmuştur,,,,,5,6,3,,30,,1B kişi favoriledi,,4999,TRY,0,1,1,4,6 saat 47 dakika içinde sipariş verirsen en geç yarın kargoda!,,https://cdn.dsmcdn.com/ty1906/prod/QC_PREP/20260703/14/6b94d914-cf09-3b05-8b96-7369f9dbeda1/1_org_zoom.jpg,"{""Renk"":""Beyaz"",""Menşei"":""TR""}",3,5,refreshed,"[""daily_top""]",true,2026-08-20T17:07:31+03:00,0,"[""search_result_dom"",""product_detail_jsonld"",""product_detail_dom""]","{""title"":""observed"",""brand"":""observed"",""seller_name"":""observed"",""seller_score"":""observed"",""price"":""observed"",""original_price"":""unavailable"",""campaigns"":""observed"",""stock_status"":""observed"",""stock_signal"":""observed"",""rating"":""observed"",""rating_count"":""observed"",""review_count"":""observed"",""question_count"":""observed"",""delivery_summary"":""observed"",""shipping_cost"":""observed"",""properties"":""observed""}",true,
2026-08-20,2026-08-20T17:07:31+03:00,hobi,BEST_SELLER,hobi-malzemeleri,hobi malzemeleri,79,4,179,179,,hobi:hobi-malzemeleri,79,,11.5,18.5,1152852601,756582,1152852601:756582,Delvos 400 cc Plastik Pet Soğuk Kahve Limonata Milkshake Bardağı 20 Adet Klips Kapaklı Bardak,Delvos,Plastik Bardak,https://www.trendyol.com/delvos/400-cc-plastik-pet-soguk-kahve-limonata-milkshake-bardagi-20-adet-klips-kapakli-bardak-p-1152852601?boutiqueId=61&merchantId=756582,DELVOS,9,144.9,,,,TRY,"[""Kargo Bedava""]",InStock,100 adetten fazla stok sunulmuştur,,,,,4.3,62,26,,16,"1,4B kişinin sepetinde","19,7B kişi favoriledi",Son 24 saatte 562 kişi görüntüledi,4999,TRY,0,1,1,4,6 saat 46 dakika içinde sipariş verirsen en geç yarın kargoda!,En Çok Favorilenen 2. Ürün,https://cdn.dsmcdn.com/ty1901/prod/QC_ENRICHMENT/20260706/18/6f9231db-5542-3ced-a354-6f745150cc3d/1_org_zoom.jpg,"{""Menşei"":""TR""}",20,4.75,refreshed,"[""daily_top""]",true,2026-08-20T17:07:31+03:00,0,"[""search_result_dom"",""product_detail_jsonld"",""product_detail_dom""]","{""title"":""observed"",""brand"":""observed"",""seller_name"":""observed"",""seller_score"":""observed"",""price"":""observed"",""original_price"":""unavailable"",""campaigns"":""observed"",""stock_status"":""observed"",""stock_signal"":""observed"",""rating"":""observed"",""rating_count"":""observed"",""review_count"":""observed"",""question_count"":""observed"",""delivery_summary"":""observed"",""shipping_cost"":""observed"",""properties"":""observed""}",true,
2026-08-20,2026-08-20T17:07:31+03:00,hobi,BEST_SELLER,hobi-malzemeleri,hobi malzemeleri,80,4,180,180,20,hobi:hobi-malzemeleri,80,,13.6,16.4,948360439,1041067,948360439:1041067,"Mortex Bebe Pembe Kristal Tül Boy 1 MT En Sabit 3 MT Nişan, Kına, Düğün,Bohça, Kapı, Doğum, Parti Süslemesi",Mortex,,https://www.trendyol.com/mortex/bebe-pembe-kristal-tul-boy-1-mt-en-sabit-3-mt-nisan-kina-dugun-bohca-kapi-dogum-parti-suslemesi-p-948360439?boutiqueId=61&merchantId=1041067,Mortex,,49.9,,,,TRY,"[""Kargo Bedava""]",InStock,100 adetten fazla stok sunulmuştur,,,,,4.5,49,,,25,,"3,4B kişi favoriledi",,,,0,,,,6 saat 46 dakika içinde sipariş verirsen en geç yarın kargoda!,En Çok Ziyaret Edilen 3. Ürün,,{},0,,refreshed,"[""daily_top""]",true,2026-08-20T17:07:31+03:00,0,"[""search_result_dom"",""product_detail_jsonld"",""product_detail_dom""]","{""title"":""observed"",""brand"":""observed"",""seller_name"":""observed"",""seller_score"":""unavailable"",""price"":""observed"",""original_price"":""unavailable"",""campaigns"":""observed"",""stock_status"":""observed"",""stock_signal"":""observed"",""rating"":""observed"",""rating_count"":""observed"",""review_count"":""unavailable"",""question_count"":""observed"",""delivery_summary"":""observed"",""shipping_cost"":""unavailable"",""properties"":""observed""}",true,
2026-08-20,2026-08-20T17:07:31+03:00,hobi,BEST_SELLER,hobi-malzemeleri,hobi malzemeleri,81,4,181,181,3,hobi:hobi-malzemeleri,81,,17.3,12.7,972928100,501457,972928100:501457,"BALON DİYARI 10 Adet Rose Gold, Beyaz ve Şeffaf Konfeti Balon Seti – Parti & Süsleme Balonları",BALON DİYARI,,https://www.trendyol.com/balon-diyari/10-adet-rose-gold-beyaz-ve-seffaf-konfeti-balon-seti-parti-susleme-balonlari-p-972928100?boutiqueId=61&merchantId=501457,Balon Diyarı,93,49.99,,,,TRY,"[""Kargo Bedava""]",InStock,100 adetten fazla stok sunulmuştur,,,,,4.1,146,,,36,554 kişinin sepetinde,"10,4B kişi favoriledi",Son 24 saatte 308 kişi görüntüledi,,,0,,,,6 saat 46 dakika içinde sipariş verirsen en geç yarın kargoda!,,,{},0,,refreshed,"[""daily_top""]",true,2026-08-20T17:07:31+03:00,0,"[""search_result_dom"",""product_detail_jsonld"",""product_detail_dom""]","{""title"":""observed"",""brand"":""observed"",""seller_name"":""observed"",""seller_score"":""observed"",""price"":""observed"",""original_price"":""unavailable"",""campaigns"":""observed"",""stock_status"":""observed"",""stock_signal"":""observed"",""rating"":""observed"",""rating_count"":""observed"",""review_count"":""unavailable"",""question_count"":""observed"",""delivery_summary"":""observed"",""shipping_cost"":""unavailable"",""properties"":""observed""}",true,
2026-08-20,2026-08-20T17:07:31+03:00,hobi,BEST_SELLER,hobi-malzemeleri,hobi malzemeleri,82,4,182,182,1,hobi:hobi-malzemeleri,82,,18.1,11.9,1075123962,1180647,1075123962:1180647,Minia Doğum günü-Parti Oyuncak Şapkası 10 cm x 5 Adet,Minia,Parti Şapkası,https://www.trendyol.com/minia/dogum-gunu-parti-oyuncak-sapkasi-10-cm-x-5-adet-p-1075123962?boutiqueId=61&merchantId=1180647,Minia,86,199.99,,,,TRY,"[""Kargo Bedava""]",InStock,100 adetten fazla stok sunulmuştur,,,,,4.4,353,180,,46,1B kişinin sepetinde,"35,9B kişi favoriledi",Son 24 saatte 683 kişi görüntüledi,4999,TRY,0,1,1,4,6 saat 46 dakika içinde sipariş verirsen en geç yarın kargoda!,En Çok Satan 1. Ürün,https://cdn.dsmcdn.com/ty1905/prod/QC_ENRICHMENT/20260729/00/781f8814-bba0-3768-8dc0-a7ff78adb2c3/1_org_zoom.jpg,"{""Menşei"":""TR"",""Yıkama Talimatı"":""Type 1""}",20,5,refreshed,"[""daily_top""]",true,2026-08-20T17:07:31+03:00,0,"[""search_result_dom"",""product_detail_jsonld"",""product_detail_dom""]","{""title"":""observed"",""brand"":""observed"",""seller_name"":""observed"",""seller_score"":""observed"",""price"":""observed"",""original_price"":""unavailable"",""campaigns"":""observed"",""stock_status"":""observed"",""stock_signal"":""observed"",""rating"":""observed"",""rating_count"":""observed"",""review_count"":""observed"",""question_count"":""observed"",""delivery_summary"":""observed"",""shipping_cost"":""observed"",""properties"":""observed""}",true,
2026-08-20,2026-08-20T17:07:31+03:00,hobi,BEST_SELLER,hobi-malzemeleri,hobi malzemeleri,83,4,183,183,14,hobi:hobi-malzemeleri,83,,25.8,4.2,372054698,134783,372054698:134783,"ZEYMERADE Bordo Zarif Gelin Duvak Seti, Su Taşlı Kına Duvağı Seti 6 Parça, Pul Payet",ZEYMERADE,,https://www.trendyol.com/zeymerade/bordo-zarif-gelin-duvak-seti-su-tasli-kina-duvagi-seti-6-parca-pul-payet-p-372054698?boutiqueId=61&merchantId=134783,ZEYMERADE,,499.9,,,,TRY,"[""50 TL Kupon"",""Kargo Bedava""]",InStock,100 adetten fazla stok sunulmuştur,,,,,4.8,1672,,,901,478 kişinin sepetinde,"61,7B kişi favoriledi",Son 24 saatte 709 kişi görüntüledi,,,0,,,,Tahmini Teslim:,En Çok Favorilenen 1. Ürün,,{},0,,refreshed,"[""daily_top""]",true,2026-08-20T17:07:31+03:00,0,"[""search_result_dom"",""product_detail_jsonld"",""product_detail_dom""]","{""title"":""observed"",""brand"":""observed"",""seller_name"":""observed"",""seller_score"":""unavailable"",""price"":""observed"",""original_price"":""unavailable"",""campaigns"":""observed"",""stock_status"":""observed"",""stock_signal"":""observed"",""rating"":""observed"",""rating_count"":""observed"",""review_count"":""unavailable"",""question_count"":""observed"",""delivery_summary"":""observed"",""shipping_cost"":""unavailable"",""properties"":""observed""}",true,
2026-08-20,2026-08-20T17:07:31+03:00,hobi,BEST_SELLER,hobi-malzemeleri,hobi malzemeleri,84,4,184,184,10,hobi:hobi-malzemeleri,84,,24.3,6.7,843196331,316671,843196331:316671,"Gami Handmade Cam Şişe Islak Dokulu Ortanca Çiçek İncili Kolonya Söz, Nişan, Düğün, Kına, Nikah,Hediyelik -15 Adet",Gami Handmade,Söz Hediyelik,https://www.trendyol.com/gami-handmade/cam-sise-islak-dokulu-ortanca-cicek-incili-kolonya-soz-nisan-dugun-kina-nikah-hediyelik-15-adet-p-843196331?boutiqueId=61&merchantId=316671,Vebat Market,93,475.2,480,1,,TRY,"[""Sepette %1 İndirim"",""Kargo Bedava""]",InStock,100 adetten fazla stok sunulmuştur,,,,,4.7,1054,828,,1126,334 kişinin sepetinde,"49,4B kişi favoriledi","Son 24 saatte 1,1B kişi görüntüledi",4999,TRY,0,6,1,9,Tahmini Teslim:,,https://cdn.dsmcdn.com/ty1547/product/media/images/ty1546/prod/QC/20240915/12/095d1ef7-248b-3111-9b29-495a6ccef04d/1_org_zoom.jpg,"{""Menşei"":""TR"",""Bakım Talimatları (Genel)"":""Ürünün kullanım ömrünü korumak için ürüne özel bakım talimatlarını takip ediniz.""}",20,5,refreshed,"[""daily_top""]",true,2026-08-20T17:07:31+03:00,0,"[""search_result_dom"",""product_detail_jsonld"",""product_detail_dom""]","{""title"":""observed"",""brand"":""observed"",""seller_name"":""observed"",""seller_score"":""observed"",""price"":""observed"",""original_price"":""observed"",""campaigns"":""observed"",""stock_status"":""observed"",""stock_signal"":""observed"",""rating"":""observed"",""rating_count"":""observed"",""review_count"":""observed"",""question_count"":""observed"",""delivery_summary"":""observed"",""shipping_cost"":""observed"",""properties"":""observed""}",true,
2026-08-20,2026-08-20T17:07:31+03:00,hobi,BEST_SELLER,hobi-malzemeleri,hobi malzemeleri,85,4,185,185,18,hobi:hobi-malzemeleri,85,,21.9,10.1,834747970,502317,834747970:502317,Öz-bal Kırmızı 10'lu Metalik Balon,Öz-bal Kırmızı,,https://www.trendyol.com/oz-bal/kirmizi-10-lu-metalik-balon-p-834747970?boutiqueId=61&merchantId=502317,FortyFour Shop,9,48.99,49.99,2,,TRY,"[""Sepette %2 İndirim"",""Kargo Bedava""]",InStock,100 adetten fazla stok sunulmuştur,,,,,3.7,309,,,48,,"13,4B kişi favoriledi",,,,0,,,,6 saat 46 dakika içinde sipariş verirsen en geç yarın kargoda!,,,{},0,,refreshed,"[""daily_top""]",true,2026-08-20T17:07:31+03:00,0,"[""search_result_dom"",""product_detail_jsonld"",""product_detail_dom""]","{""title"":""observed"",""brand"":""observed"",""seller_name"":""observed"",""seller_score"":""observed"",""price"":""observed"",""original_price"":""observed"",""campaigns"":""observed"",""stock_status"":""observed"",""stock_signal"":""observed"",""rating"":""observed"",""rating_count"":""observed"",""review_count"":""unavailable"",""question_count"":""observed"",""delivery_summary"":""observed"",""shipping_cost"":""unavailable"",""properties"":""observed""}",true,
2026-08-20,2026-08-20T17:07:31+03:00,hobi,BEST_SELLER,hobi-malzemeleri,hobi malzemeleri,86,4,186,186,20,hobi:hobi-malzemeleri,86,,16.5,13.5,1132709392,134783,1132709392:134783,"ZEYMERADE Bordo Nedim Gelin Çubuk Zili, Tüy Kurdele Süslemeli 10 Adet, Kına Gecesi Düğün Söz Gelin Damat Bride After Parti Bekarlığa Veda Nişan Özel Gün Süsleme Nikah Sünnet",ZEYMERADE,,https://www.trendyol.com/zeymerade/bordo-nedim-gelin-cubuk-zili-tuy-kurdele-suslemeli-10-adet-kina-gecesi-dugun-soz-gelin-damat-bride-after-parti-bekarliga-veda-nisan-ozel-gun-susleme-nikah-sunnet-p-1132709392?boutiqueId=61&merchantId=134783,ZEYMERADE,,139.9,,,,TRY,"[""Kargo Bedava""]",InStock,100 adetten fazla stok sunulmuştur,,,,,4.5,113,,,8,407 kişinin sepetinde,8B kişi favoriledi,Son 24 saatte 300 kişi görüntüledi,,,0,,,,6 saat 46 dakika içinde sipariş verirsen en geç yarın kargoda!,,,{},0,,refreshed,"[""daily_top""]",true,2026-08-20T17:07:31+03:00,0,"[""search_result_dom"",""product_detail_jsonld"",""product_detail_dom""]","{""title"":""observed"",""brand"":""observed"",""seller_name"":""observed"",""seller_score"":""unavailable"",""price"":""observed"",""original_price"":""unavailable"",""campaigns"":""observed"",""stock_status"":""observed"",""stock_signal"":""observed"",""rating"":""observed"",""rating_count"":""observed"",""review_count"":""unavailable"",""question_count"":""observed"",""delivery_summary"":""observed"",""shipping_cost"":""unavailable"",""properties"":""observed""}",true,
2026-08-20,2026-08-20T17:07:31+03:00,hobi,BEST_SELLER,hobi-malzemeleri,hobi malzemeleri,87,4,187,187,4,hobi:hobi-malzemeleri,87,,10.7,19.3,1070557941,1117104,1070557941:1117104,Ezupack 20'li Beyaz Renk LÜX SERT PLASTİK Parti Doğum Günü Sunum Davet Nişan Söz Akrilik Mika Kristal Tabak,Ezupack,Plastik Tabak,https://www.trendyol.com/ezupack/20-li-beyaz-renk-lux-sert-plastik-parti-dogum-gunu-sunum-davet-nisan-soz-akrilik-mika-kristal-tabak-p-1070557941?boutiqueId=61&merchantId=1117104,Ezupack,20,333.65,,,,TRY,"[""Kargo Bedava"",""Trendyol Plus'a Özel""]",InStock,100 adetten fazla stok sunulmuştur,,,,,3.8,43,21,,25,310 kişinin sepetinde,"4,3B kişi favoriledi",Son 24 saatte 367 kişi görüntüledi,4999,TRY,0,1,1,4,6 saat 46 dakika içinde sipariş verirsen en geç yarın kargoda!,En Çok Satan 4. Ürün,https://cdn.dsmcdn.com/ty1892/prod/QC_ENRICHMENT/20260714/21/32cf75e7-9499-3605-b177-12dc5a088e99/1_org_zoom.jpg,"{""Menşei"":""TR"",""Materyal"":""Sert Plastik""}",20,4.15,refreshed,"[""daily_top""]",true,2026-08-20T17:07:31+03:00,0,"[""search_result_dom"",""product_detail_jsonld"",""product_detail_dom""]","{""title"":""observed"",""brand"":""observed"",""seller_name"":""observed"",""seller_score"":""observed"",""price"":""observed"",""original_price"":""unavailable"",""campaigns"":""observed"",""stock_status"":""observed"",""stock_signal"":""observed"",""rating"":""observed"",""rating_count"":""observed"",""review_count"":""observed"",""question_count"":""observed"",""delivery_summary"":""observed"",""shipping_cost"":""observed"",""properties"":""observed""}",true,
2026-08-20,2026-08-20T17:07:31+03:00,hobi,BEST_SELLER,hobi-malzemeleri,hobi malzemeleri,88,4,188,188,,hobi:hobi-malzemeleri,88,,7.2,22.8,1174462453,652222,1174462453:652222,Emtory Gift Deniz Yıldızı Anahtarlık - 10 Adet Anahtarlık - Nişan Hatırası - Kına Hediye - Mevlid Hediye,Emtory Gift,Söz Hediyelik,https://www.trendyol.com/emtory-gift/deniz-yildizi-anahtarlik-10-adet-anahtarlik-nisan-hatirasi-kina-hediye-mevlid-hediye-p-1174462453?boutiqueId=61&merchantId=652222,Emtory Gift,93,109.99,,,,TRY,"[""Kargo Bedava""]",InStock,100 adetten fazla stok sunulmuştur,,,,,5,7,7,,35,,"1,2B kişi favoriledi",Son 24 saatte 330 kişi görüntüledi,4999,TRY,0,1,1,4,6 saat 46 dakika içinde sipariş verirsen en geç yarın kargoda!,,https://cdn.dsmcdn.com/ty1935/prod/QC_PREP/20260722/15/b3eb30d3-aeb3-391e-a884-6005c1aee68b/1_org_zoom.jpg,"{""Diğer Özellikler"":""+50 KART OLUR"",""Menşei"":""TR"",""Bakım Talimatları (Genel)"":""Ürünün kullanım ömrünü korumak için ürüne özel bakım talimatlarını takip ediniz.""}",7,5,refreshed,"[""daily_top""]",true,2026-08-20T17:07:31+03:00,0,"[""search_result_dom"",""product_detail_jsonld"",""product_detail_dom""]","{""title"":""observed"",""brand"":""observed"",""seller_name"":""observed"",""seller_score"":""observed"",""price"":""observed"",""original_price"":""unavailable"",""campaigns"":""observed"",""stock_status"":""observed"",""stock_signal"":""observed"",""rating"":""observed"",""rating_count"":""observed"",""review_count"":""observed"",""question_count"":""observed"",""delivery_summary"":""observed"",""shipping_cost"":""observed"",""properties"":""observed""}",true,
2026-08-20,2026-08-20T17:07:31+03:00,hobi,BEST_SELLER,hobi-malzemeleri,hobi malzemeleri,89,5,189,189,,hobi:hobi-malzemeleri,89,,35,8.4,794596174,359117,794596174:359117,Cata Bella Slim Cabinet Hareket Sensörlü Siyah Dimmerli LED Dolap Lambası,Cata,Led Işık,https://www.trendyol.com/cata/bella-slim-cabinet-hareket-sensorlu-siyah-dimmerli-led-dolap-lambasi-p-794596174?boutiqueId=61&merchantId=359117,TAMERELEKTRİK,9,339.9,392.6,13.4,,TRY,"[""Son 10 Günün En Düşük Fiyatı"",""Kargo Bedava"",""Son 10 günün en düşük fiyatı""]",InStock,100 adetten fazla stok sunulmuştur,,,,,4.3,804,503,,795,614 kişinin sepetinde,"52,4B kişi favoriledi","Son 24 saatte 1,3B kişi görüntüledi",4999,TRY,0,1,1,4,6 saat 46 dakika içinde sipariş verirsen en geç yarın kargoda!,,https://cdn.dsmcdn.com/ty1697/prod/QC_PREP/20250621/19/458850a3-2c1a-3096-a21d-b2dfebf0ae4f/1_org_zoom.jpg,"{""Ebatlar"":""4 metre"",""Renk"":""Siyah"",""Menşei"":""TR"",""Özellik"":""Şarjlı"",""Enerji Tasarrufu"":""Var""}",20,5,refreshed,"[""daily_top""]",true,2026-08-20T17:07:31+03:00,0,"[""search_result_dom"",""product_detail_jsonld"",""product_detail_dom""]","{""title"":""observed"",""brand"":""observed"",""seller_name"":""observed"",""seller_score"":""observed"",""price"":""observed"",""original_price"":""observed"",""campaigns"":""observed"",""stock_status"":""observed"",""stock_signal"":""observed"",""rating"":""observed"",""rating_count"":""observed"",""review_count"":""observed"",""question_count"":""observed"",""delivery_summary"":""observed"",""shipping_cost"":""observed"",""properties"":""observed""}",true,
2026-08-20,2026-08-20T17:07:31+03:00,hobi,BEST_SELLER,hobi-malzemeleri,hobi malzemeleri,90,5,190,190,2,hobi:hobi-malzemeleri,90,,8.6,21.4,1168251382,1180647,1168251382:1180647,Minia 8 li Doğum günü Oyuncak Şapka Seti(4 Adet 10 cm + 4 adet 7 cm),Minia,Parti Şapkası,https://www.trendyol.com/minia/8-li-dogum-gunu-oyuncak-sapka-seti-4-adet-10-cm-4-adet-7-cm-p-1168251382?boutiqueId=61&merchantId=1180647,Minia,86,156.63,,,,TRY,"[""Son 10 Günün En Düşük Fiyatı"",""Trendyol Plus'a Özel""]",InStock,100 adetten fazla stok sunulmuştur,,,,,3.8,16,11,,7,400 kişinin sepetinde,"2,9B kişi favoriledi",Son 24 saatte 401 kişi görüntüledi,4999,TRY,0,1,1,4,6 saat 46 dakika içinde sipariş verirsen en geç yarın kargoda!,En Çok Satan 2. Ürün,https://cdn.dsmcdn.com/ty1942/prod/QC_ENRICHMENT/20260730/20/9f55ac75-c51a-3048-a9f8-6ec9f2189ade/1_org_zoom.jpg,"{""Menşei"":""TR""}",11,3.64,refreshed,"[""daily_top""]",true,2026-08-20T17:07:31+03:00,0,"[""search_result_dom"",""product_detail_jsonld"",""product_detail_dom""]","{""title"":""observed"",""brand"":""observed"",""seller_name"":""observed"",""seller_score"":""observed"",""price"":""observed"",""original_price"":""unavailable"",""campaigns"":""observed"",""stock_status"":""observed"",""stock_signal"":""observed"",""rating"":""observed"",""rating_count"":""observed"",""review_count"":""observed"",""question_count"":""observed"",""delivery_summary"":""observed"",""shipping_cost"":""observed"",""properties"":""observed""}",true,
2026-08-20,2026-08-20T17:07:31+03:00,hobi,BEST_SELLER,hobi-malzemeleri,hobi malzemeleri,91,5,191,191,1,hobi:hobi-malzemeleri,91,,19.4,17.6,1095635553,730832,1095635553:730832,"Genel Markalar 10 Parça Fantazi Seti | Kırmızı Peluş İç Yüzeyli Kelepçer, Maske, Paddle, İp ve Aksesuarlar",Genel Markalar,Parti Aksesuarı,https://www.trendyol.com/genel-markalar/10-parca-fantazi-seti-kirmizi-pelus-ic-yuzeyli-kelepcer-maske-paddle-ip-ve-aksesuarlar-p-1095635553?boutiqueId=61&merchantId=730832,SILENT LOVE,87,497.55,535,7,,TRY,"[""Sepette %7 İndirim"",""15 TL Kupon"",""Kargo Bedava""]",InStock,100 adetten fazla stok sunulmuştur,,,,,4,69,34,,14,785 kişinin sepetinde,"6,2B kişi favoriledi","Son 24 saatte 2,2B kişi görüntüledi",4999,TRY,0,1,1,4,6 saat 46 dakika içinde sipariş verirsen en geç yarın kargoda!,En Çok Satan 1. Ürün,https://cdn.dsmcdn.com/ty1919/prod/QC_ENRICHMENT/20260729/10/8cf6954f-7fbf-3991-b10f-2783578f7eaf/1_org_zoom.jpg,"{""Menşei"":""TR""}",20,4.95,refreshed,"[""daily_top""]",true,2026-08-20T17:07:31+03:00,0,"[""search_result_dom"",""product_detail_jsonld"",""product_detail_dom""]","{""title"":""observed"",""brand"":""observed"",""seller_name"":""observed"",""seller_score"":""observed"",""price"":""observed"",""original_price"":""observed"",""campaigns"":""observed"",""stock_status"":""observed"",""stock_signal"":""observed"",""rating"":""observed"",""rating_count"":""observed"",""review_count"":""observed"",""question_count"":""observed"",""delivery_summary"":""observed"",""shipping_cost"":""observed"",""properties"":""observed""}",true,
2026-08-20,2026-08-20T17:07:31+03:00,hobi,BEST_SELLER,hobi-malzemeleri,hobi malzemeleri,92,5,192,192,,hobi:hobi-malzemeleri,92,,17.7,12.3,904299949,281693,904299949:281693,bukashops Yapay Kiraz Çiçeği (Sakura) ve 3 Metre LED Işık Seti - Yapay Çiçek Sarmaşık - 1.85 metre Çiçek,bukashops,Led Işık,https://www.trendyol.com/bukashops/yapay-kiraz-cicegi-sakura-ve-3-metre-led-isik-seti-yapay-cicek-sarmasik-1-85-metre-cicek-p-904299949?boutiqueId=61&merchantId=281693,Bukashops,93,299.9,,,,TRY,"[""Kargo Bedava""]",InStock,100 adetten fazla stok sunulmuştur,,,,,4,336,163,,90,"2,1B kişinin sepetinde","88,2B kişi favoriledi","Son 24 saatte 2,7B kişi görüntüledi",4999,TRY,0,1,1,4,6 saat 46 dakika içinde sipariş verirsen en geç yarın kargoda!,En Çok Ziyaret Edilen 2. Ürün,https://cdn.dsmcdn.com/ty1643/prod/QC/20250227/13/c68f37d3-3003-3c70-b430-cccf28050af5/1_org_zoom.jpg,"{""Ebatlar"":""Tek Ebat"",""Renk"":""Sarı"",""Menşei"":""CN"",""Özellik"":""Renk Değiştirme""}",20,5,refreshed,"[""daily_top""]",true,2026-08-20T17:07:31+03:00,0,"[""search_result_dom"",""product_detail_jsonld"",""product_detail_dom""]","{""title"":""observed"",""brand"":""observed"",""seller_name"":""observed"",""seller_score"":""observed"",""price"":""observed"",""original_price"":""unavailable"",""campaigns"":""observed"",""stock_status"":""observed"",""stock_signal"":""observed"",""rating"":""observed"",""rating_count"":""observed"",""review_count"":""observed"",""question_count"":""observed"",""delivery_summary"":""observed"",""shipping_cost"":""observed"",""properties"":""observed""}",true,
2026-08-20,2026-08-20T17:07:31+03:00,hobi,BEST_SELLER,hobi-malzemeleri,hobi malzemeleri,93,5,193,193,,hobi:hobi-malzemeleri,93,,22.1,7.9,212942691,851928,212942691:851928,Genel Markalar Prestij Boncuk Kağıt Ip No:39-kağıt Ip Çanta Ipi Koyu Kese Kağıdı,Genel Markalar,Örgü İpi,https://www.trendyol.com/genel-markalar/prestij-boncuk-kagit-ip-no-39-kagit-ip-canta-ipi-koyu-kese-kagidi-p-212942691?boutiqueId=61&merchantId=851928,MAEDAT HANDMADE BAG,9,74.9,,,,TRY,"[""Kargo Bedava""]",InStock,100 adetten fazla stok sunulmuştur,,,,,4.3,900,581,,218,331 kişinin sepetinde,7B kişi favoriledi,Son 24 saatte 363 kişi görüntüledi,4999,TRY,0,2,1,6,6 saat 46 dakika içinde sipariş verirsen en geç yarın kargoda!,En Çok Ziyaret Edilen 4. Ürün,https://cdn.dsmcdn.com/ty1653/prod/QC/20250322/18/10f0c84b-3fdf-31f7-b60b-ece3bc3c9dc4/1_org_zoom.jpg,"{""İçerik"":""Diğer"",""Gramaj"":""50 - 99 gr"",""Renk"":""Kahverengi"",""Metraj"":""50-99m"",""Adet"":""1"",""Menşei"":""TR"",""Bakım Talimatları (Genel)"":""Ürünün kullanım ömrünü korumak için ürüne özel bakım talimatlarını takip ediniz.""}",20,5,refreshed,"[""daily_top""]",true,2026-08-20T17:07:31+03:00,0,"[""search_result_dom"",""product_detail_jsonld"",""product_detail_dom""]","{""title"":""observed"",""brand"":""observed"",""seller_name"":""observed"",""seller_score"":""observed"",""price"":""observed"",""original_price"":""unavailable"",""campaigns"":""observed"",""stock_status"":""observed"",""stock_signal"":""observed"",""rating"":""observed"",""rating_count"":""observed"",""review_count"":""observed"",""question_count"":""observed"",""delivery_summary"":""observed"",""shipping_cost"":""observed"",""properties"":""observed""}",true,
2026-08-20,2026-08-20T17:07:31+03:00,hobi,BEST_SELLER,hobi-malzemeleri,hobi malzemeleri,94,5,194,194,23,hobi:hobi-malzemeleri,94,,17.5,12.5,1060508630,134783,1060508630:134783,"ZEYMERADE Beyaz Süsleme Tülü, Gold Kenar Bohça Çeyiz Gelin Damat Söz Nişan Nikah Valiz Hediye Süsü 150x150cm",ZEYMERADE,,https://www.trendyol.com/zeymerade/beyaz-susleme-tulu-gold-kenar-bohca-ceyiz-gelin-damat-soz-nisan-nikah-valiz-hediye-susu-150x150cm-p-1060508630?boutiqueId=61&merchantId=134783,ZEYMERADE,,74.99,,,,TRY,"[""Kargo Bedava""]",InStock,10 adetten fazla stok sunulmuştur,,,,,4.8,155,,,16,,"7,8B kişi favoriledi",,,,0,,,,6 saat 46 dakika içinde sipariş verirsen en geç yarın kargoda!,,,{},0,,refreshed,"[""daily_top""]",true,2026-08-20T17:07:31+03:00,0,"[""search_result_dom"",""product_detail_jsonld"",""product_detail_dom""]","{""title"":""observed"",""brand"":""observed"",""seller_name"":""observed"",""seller_score"":""unavailable"",""price"":""observed"",""original_price"":""unavailable"",""campaigns"":""observed"",""stock_status"":""observed"",""stock_signal"":""observed"",""rating"":""observed"",""rating_count"":""observed"",""review_count"":""unavailable"",""question_count"":""observed"",""delivery_summary"":""observed"",""shipping_cost"":""unavailable"",""properties"":""observed""}",true,
2026-08-20,2026-08-20T17:07:31+03:00,hobi,BEST_SELLER,hobi-malzemeleri,hobi malzemeleri,95,5,195,195,,hobi:hobi-malzemeleri,95,,16.9,13.1,732262845,1247474,732262845:1247474,Canderel Kumandalı 8 Ayrı Moda Sahip 3mx3m ( 300 Cm X 300 Cm ) Perde Peri Usb Led,Canderel,Led Işık,https://www.trendyol.com/canderel/kumandali-8-ayri-moda-sahip-3mx3m-300-cm-x-300-cm-perde-peri-usb-led-p-732262845?boutiqueId=61&merchantId=1247474,CanDerel Plus,86,259,,,,TRY,"[""Kargo Bedava""]",InStock,100 adetten fazla stok sunulmuştur,,,,,4.5,267,127,,117,928 kişinin sepetinde,"14,9B kişi favoriledi",Son 24 saatte 502 kişi görüntüledi,4999,TRY,0,1,1,4,6 saat 46 dakika içinde sipariş verirsen en geç yarın kargoda!,,https://cdn.dsmcdn.com/ty1771/prod/QC_ENRICHMENT/20251013/17/0fc5475c-60f6-3835-8400-32b030b9eb84/1_org_zoom.jpg,"{""Ebatlar"":""3 metre"",""Renk"":""Sarı"",""Menşei"":""CN"",""Batarya Türü"":""Diğer"",""Özellik"":""Kumandalı"",""Enerji Tasarrufu"":""Var""}",20,5,refreshed,"[""daily_top""]",true,2026-08-20T17:07:31+03:00,0,"[""search_result_dom"",""product_detail_jsonld"",""product_detail_dom""]","{""title"":""observed"",""brand"":""observed"",""seller_name"":""observed"",""seller_score"":""observed"",""price"":""observed"",""original_price"":""unavailable"",""campaigns"":""observed"",""stock_status"":""observed"",""stock_signal"":""observed"",""rating"":""observed"",""rating_count"":""observed"",""review_count"":""observed"",""question_count"":""observed"",""delivery_summary"":""observed"",""shipping_cost"":""observed"",""properties"":""observed""}",true,
2026-08-20,2026-08-20T17:07:31+03:00,hobi,BEST_SELLER,hobi-malzemeleri,hobi malzemeleri,96,5,196,196,,hobi:hobi-malzemeleri,96,,13.9,16.1,1056415520,623565,1056415520:623565,SANA ÖZEL HEDİYELİKLER Toka Saten Kırmızı + İsim Kartlı Kına Hediyelik 10 adet,SANA ÖZEL HEDİYELİKLER,Söz Hediyelik,https://www.trendyol.com/sana-ozel-hediyelikler/toka-saten-kirmizi-isim-kartli-kina-hediyelik-10-adet-p-1056415520?boutiqueId=61&merchantId=623565,Deboro Hediyelik,91,199,,,,TRY,"[""Kargo Bedava""]",InStock,100 adetten fazla stok sunulmuştur,,,,,4.6,68,53,,92,,"6,7B kişi favoriledi",,4999,TRY,0,5,1,8,Tahmini Teslim:,,https://cdn.dsmcdn.com/ty1792/prod/QC_PREP/20251125/21/8a65ea39-b13d-3687-a539-857623b3e97d/1_org_zoom.jpg,"{""Diğer Özellikler"":""Saten Toka"",""Menşei"":""TR"",""Bakım Talimatları (Genel)"":""Gıda ile temas için uygun değildir.""}",20,5,refreshed,"[""daily_top""]",true,2026-08-20T17:07:31+03:00,0,"[""search_result_dom"",""product_detail_jsonld"",""product_detail_dom""]","{""title"":""observed"",""brand"":""observed"",""seller_name"":""observed"",""seller_score"":""observed"",""price"":""observed"",""original_price"":""unavailable"",""campaigns"":""observed"",""stock_status"":""observed"",""stock_signal"":""observed"",""rating"":""observed"",""rating_count"":""observed"",""review_count"":""observed"",""question_count"":""observed"",""delivery_summary"":""observed"",""shipping_cost"":""observed"",""properties"":""observed""}",true,
2026-08-20,2026-08-20T17:07:31+03:00,hobi,BEST_SELLER,hobi-malzemeleri,hobi malzemeleri,97,5,197,197,3,hobi:hobi-malzemeleri,97,,21.5,8.5,1035382637,134783,1035382637:134783,"ZEYMERADE Beyaz Janjanlı İncili Kalpli Gelin Ve Damat Gözlük, İkili Bride Akım After Parti Düğün Kına Eğlence",ZEYMERADE,,https://www.trendyol.com/zeymerade/beyaz-janjanli-incili-kalpli-gelin-ve-damat-gozluk-ikili-bride-akim-after-parti-dugun-kina-eglence-p-1035382637?boutiqueId=61&merchantId=134783,ZEYMERADE,,259.9,,,,TRY,"[""Kargo Bedava""]",InStock,100 adetten fazla stok sunulmuştur,,,,,4.3,492,,,2094,649 kişinin sepetinde,"18,1B kişi favoriledi",Son 24 saatte 376 kişi görüntüledi,,,0,,,,Tahmini Teslim:,En Çok Satan 3. Ürün,,{},0,,refreshed,"[""daily_top""]",true,2026-08-20T17:07:31+03:00,0,"[""search_result_dom"",""product_detail_jsonld"",""product_detail_dom""]","{""title"":""observed"",""brand"":""observed"",""seller_name"":""observed"",""seller_score"":""unavailable"",""price"":""observed"",""original_price"":""unavailable"",""campaigns"":""observed"",""stock_status"":""observed"",""stock_signal"":""observed"",""rating"":""observed"",""rating_count"":""observed"",""review_count"":""unavailable"",""question_count"":""observed"",""delivery_summary"":""observed"",""shipping_cost"":""unavailable"",""properties"":""observed""}",true,
2026-08-20,2026-08-20T17:07:31+03:00,hobi,BEST_SELLER,hobi-malzemeleri,hobi malzemeleri,98,5,198,198,,hobi:hobi-malzemeleri,98,,11.8,18.2,1154787506,1076016,1154787506:1076016,"Hevolt USB Galaksi Projektör 2’si 1 Arada – LED Gece Lambası – 360° Ayarlanabilir 3 Değiştirilebilir Filmli LED Projektör – Yatak Odası, Çocuk Odası & Araç İçi Ambiyans Işık",Hevolt,Led Işık,https://www.trendyol.com/hevolt/usb-galaksi-projektor-2-si-1-arada-led-gece-lambasi-360-ayarlanabilir-3-degistirilebilir-filmli-led-projektor-yatak-odasi-cocuk-odasi-arac-ici-ambiyans-isik-p-1154787506?boutiqueId=61&merchantId=1076016,HEVOLT,95,1576.05,,,,TRY,"[""50 TL Kupon"",""Kargo Bedava"",""Peşin Fiyatına 3 Taksit"",""Trendyol Plus'a Özel""]",InStock,50 adetten fazla stok sunulmuştur,,,,,4.2,43,29,,75,"2,3B kişinin sepetinde","11,4B kişi favoriledi","Son 24 saatte 1,5B kişi görüntüledi",4999,TRY,0,1,1,4,6 saat 46 dakika içinde sipariş verirsen en geç yarın kargoda!,En Çok Ziyaret Edilen 8. Ürün,https://cdn.dsmcdn.com/ty1942/prod/QC_PREP/20260609/18/ed68db02-1217-3c52-a286-a23d5e25a2d2/1_org_zoom.jpg,"{""Ebatlar"":""30 cm"",""Renk"":""Beyaz"",""Menşei"":""CN"",""Batarya Türü"":""Diğer"",""Özellik"":""Ledli"",""Enerji Tasarrufu"":""Var""}",20,5,refreshed,"[""daily_top""]",true,2026-08-20T17:07:31+03:00,0,"[""search_result_dom"",""product_detail_jsonld"",""product_detail_dom""]","{""title"":""observed"",""brand"":""observed"",""seller_name"":""observed"",""seller_score"":""observed"",""price"":""observed"",""original_price"":""unavailable"",""campaigns"":""observed"",""stock_status"":""observed"",""stock_signal"":""observed"",""rating"":""observed"",""rating_count"":""observed"",""review_count"":""observed"",""question_count"":""observed"",""delivery_summary"":""observed"",""shipping_cost"":""observed"",""properties"":""observed""}",true,
2026-08-20,2026-08-20T17:07:31+03:00,hobi,BEST_SELLER,hobi-malzemeleri,hobi malzemeleri,99,5,199,199,23,hobi:hobi-malzemeleri,99,,21.1,8.9,344447008,180450,344447008:180450,ecrin tuhafiye hobi 20 Adet Düğün Arabası Süsü Gelin Arabası Konvoy Süsü & Bohça Süsü,ecrin tuhafiye hobi,,https://www.trendyol.com/ecrin-tuhafiye-hobi/20-adet-dugun-arabasi-susu-gelin-arabasi-konvoy-susu-bohca-susu-p-344447008?boutiqueId=61&merchantId=180450,Ecrin Tuhafiye Hobi,86,349.99,,,,TRY,"[""Kargo Bedava""]",InStock,100 adetten fazla stok sunulmuştur,,,,,4.4,434,,,31,,"10,5B kişi favoriledi",Son 24 saatte 430 kişi görüntüledi,,,0,,,,6 saat 46 dakika içinde sipariş verirsen en geç yarın kargoda!,,,{},0,,refreshed,"[""daily_top""]",true,2026-08-20T17:07:31+03:00,0,"[""search_result_dom"",""product_detail_jsonld"",""product_detail_dom""]","{""title"":""observed"",""brand"":""observed"",""seller_name"":""observed"",""seller_score"":""observed"",""price"":""observed"",""original_price"":""unavailable"",""campaigns"":""observed"",""stock_status"":""observed"",""stock_signal"":""observed"",""rating"":""observed"",""rating_count"":""observed"",""review_count"":""unavailable"",""question_count"":""observed"",""delivery_summary"":""observed"",""shipping_cost"":""unavailable"",""properties"":""observed""}",true,
2026-08-20,2026-08-20T17:07:31+03:00,hobi,BEST_SELLER,hobi-malzemeleri,hobi malzemeleri,100,5,200,200,50,hobi:hobi-malzemeleri,100,,12.7,17.3,1063924445,134783,1063924445:134783,ZEYMERADE Vanilya Krem Süsleme Tülü Bohça Çeyiz Gelin Damat Söz Nişan Nikah Kapı Konvoy Valiz Hediye 100x300cm,ZEYMERADE,,https://www.trendyol.com/zeymerade/vanilya-krem-susleme-tulu-bohca-ceyiz-gelin-damat-soz-nisan-nikah-kapi-konvoy-valiz-hediye-100x300cm-p-1063924445?boutiqueId=61&merchantId=134783,ZEYMERADE,,49.9,,,,TRY,"[""Kargo Bedava""]",InStock,100 adetten fazla stok sunulmuştur,,,,,4.3,38,,,8,,"1,3B kişi favoriledi",,,,0,,,,6 saat 46 dakika içinde sipariş verirsen en geç yarın kargoda!,,,{},0,,refreshed,"[""daily_top""]",true,2026-08-20T17:07:31+03:00,0,"[""search_result_dom"",""product_detail_jsonld"",""product_detail_dom""]","{""title"":""observed"",""brand"":""observed"",""seller_name"":""observed"",""seller_score"":""unavailable"",""price"":""observed"",""original_price"":""unavailable"",""campaigns"":""observed"",""stock_status"":""observed"",""stock_signal"":""observed"",""rating"":""observed"",""rating_count"":""observed"",""review_count"":""unavailable"",""question_count"":""observed"",""delivery_summary"":""observed"",""shipping_cost"":""unavailable"",""properties"":""observed""}",true,
