date,captured_at,query,sort,source_page,search_position,bestseller_rank,category_rank,rank_delta,trend_score,niche_score,product_id,merchant_id,title,brand,category,url,seller_name,seller_score,price,original_price,discount_percent,price_delta_percent,currency,campaigns,stock_status,stock_signal,sales_signal,sales_signal_min,rating,rating_count,review_count,review_delta,question_count,basket_signal,favorite_signal,view_signal,shipping_cost,shipping_currency,handling_days_min,handling_days_max,transit_days_min,transit_days_max,delivery_summary,badge,image_url,properties,sample_review_count,sample_review_avg,data_sources,field_availability,detail_ok,detail_error
2026-08-14,2026-08-14T12:42:33+03:00,çocuk,BEST_SELLER,1,1,1,1,,122.3,25.2,959516754,357212,Go Toys Go Magnetic Series 72 Parça Manyetik Yapı Blokları Original - Mıknatıslı Manyetik Bloklar,Go Toys,Eğitici Oyuncak,https://www.trendyol.com/go-toys/go-magnetic-series-72-parca-manyetik-yapi-bloklari-original-miknatisli-manyetik-bloklar-p-959516754?boutiqueId=61&merchantId=357212,Shopist,9,1865.75,2195,15,,TRY,"[""Sepette %15 İndirim"",""Kargo Bedava"",""Peşin Fiyatına 3 Taksit""]",InStock,100 adetten fazla stok sunulmuştur,Son 3 günde 1B+ ürün satıldı!,,4.2,10998,4633,,600,,,,4999,TRY,0,1,1,4,11 saat 16 dakika içinde sipariş verirsen en geç yarın kargoda!,En Çok Satan 1. Ürün,https://cdn.dsmcdn.com/ty1000388/product/media/images/prod/PIM/20260417/06/199e148e-a776-48e6-963e-bef3603d28f4/1_org_zoom.jpg,"{""Paket İçeriği"":""72'li"",""Yaş"":""3+ Yaş"",""Piller Kutuya Dahil Mi?"":""Hayır"",""Dil"":""Evrensel Dil"",""Pil ile mi çalışır?"":""Hayır"",""Menşei"":""TR"",""Özellik"":""Mıknatıslı""}",20,5,"[""search_result_dom"",""product_detail_jsonld"",""product_detail_dom""]","{""title"":""observed"",""brand"":""observed"",""seller_name"":""observed"",""seller_score"":""observed"",""price"":""observed"",""original_price"":""observed"",""campaigns"":""observed"",""stock_status"":""observed"",""stock_signal"":""observed"",""rating"":""observed"",""rating_count"":""observed"",""review_count"":""observed"",""question_count"":""observed"",""delivery_summary"":""observed"",""shipping_cost"":""observed"",""properties"":""observed""}",true,
2026-08-14,2026-08-14T12:42:33+03:00,çocuk,BEST_SELLER,1,2,2,,,133.2,59.1,858144107,982060,H&M 3’lü Pamuklu Kolsuz Üst,H&M,,https://www.trendyol.com/h-m/3-lu-pamuklu-kolsuz-ust-p-858144107?boutiqueId=61&merchantId=982060,H&M,3,399.99,549.99,27.3,,TRY,"[""20 TL Kupon"",""Son 10 Günün En Düşük Fiyatı"",""Kargo Bedava"",""Son 10 günün en düşük fiyatı""]",InStock,100 adetten fazla stok sunulmuştur,Son 3 günde 500+ ürün satıldı!,500,4.7,306,,,12,"2,7B kişinin sepetinde","36,9B kişi favoriledi","Son 24 saatte 17,4B kişi görüntüledi",,,0,,,,Tahmini Teslim:,Fenomen Seçimi,,{},0,,"[""search_result_dom"",""product_detail_jsonld"",""product_detail_dom""]","{""title"":""observed"",""brand"":""observed"",""seller_name"":""observed"",""seller_score"":""observed"",""price"":""observed"",""original_price"":""observed"",""campaigns"":""observed"",""stock_status"":""observed"",""stock_signal"":""observed"",""rating"":""observed"",""rating_count"":""observed"",""review_count"":""unavailable"",""question_count"":""observed"",""delivery_summary"":""observed"",""shipping_cost"":""unavailable"",""properties"":""observed""}",true,
2026-08-14,2026-08-14T12:42:33+03:00,çocuk,BEST_SELLER,1,3,3,,,99,,1183064934,357212,Go Toys Kinetik Top Duyusal Oyuncak - SpinnBall Stret Oyuncak 1 Adet,Go Toys,Eğitici Oyuncak,https://www.trendyol.com/go-toys/kinetik-top-duyusal-oyuncak-spinnball-stret-oyuncak-1-adet-p-1183064934?boutiqueId=61&merchantId=357212,Shopist,9,199.75,235,15,,TRY,"[""Sepette %15 İndirim"",""Kargo Bedava""]",InStock,100 adetten fazla stok sunulmuştur,Son 3 günde 500+ ürün satıldı!,500,,,,,3,5B kişinin sepetinde,"7,8B kişi favoriledi","Son 24 saatte 11,4B kişi görüntüledi",4999,TRY,0,1,1,4,11 saat 15 dakika içinde sipariş verirsen en geç yarın kargoda!,En Çok Ziyaret Edilen 1. Ürün,https://cdn.dsmcdn.com/ty1901/prod/QC_PREP/20260810/10/3e22a150-35e2-3887-b3ac-21a1aaf8afb2/1_org_zoom.jpg,"{""Paket İçeriği"":""1'li"",""Yaş"":""3+ Yaş"",""Piller Kutuya Dahil Mi?"":""Hayır"",""Dil"":""Evrensel Dil"",""Pil ile mi çalışır?"":""Hayır"",""Menşei"":""TR""}",0,,"[""search_result_dom"",""product_detail_jsonld"",""product_detail_dom""]","{""title"":""observed"",""brand"":""observed"",""seller_name"":""observed"",""seller_score"":""observed"",""price"":""observed"",""original_price"":""observed"",""campaigns"":""observed"",""stock_status"":""observed"",""stock_signal"":""observed"",""rating"":""unavailable"",""rating_count"":""unavailable"",""review_count"":""unavailable"",""question_count"":""observed"",""delivery_summary"":""observed"",""shipping_cost"":""observed"",""properties"":""observed""}",true,
2026-08-14,2026-08-14T12:42:33+03:00,çocuk,BEST_SELLER,1,4,4,2,,109.9,50.1,955779223,1159908,ankahometoys Puzzle City 3D Yapı Blokları - 128 Parça Eğitici Şehir Kurma ve Tasarım Seti,ankahometoys,Eğitici Oyuncak,https://www.trendyol.com/ankahometoys/puzzle-city-3d-yapi-bloklari-128-parca-egitici-sehir-kurma-ve-tasarim-seti-p-955779223?boutiqueId=61&merchantId=1159908,PLASTMARKET,94,99.9,,,,TRY,"[""Kargo Bedava"",""Trendyol Plus'a Özel""]",InStock,100 adetten fazla stok sunulmuştur,Son 3 günde 500+ ürün satıldı!,500,4.4,6046,3098,,279,7B kişinin sepetinde,"143,2B kişi favoriledi","Son 24 saatte 3,3B kişi görüntüledi",4999,TRY,0,,1,4,Tahmini Teslim:,En Çok Satan 2. Ürün,https://cdn.dsmcdn.com/ty1859/prod/QC_ENRICHMENT/20260422/10/5c3c7aa8-5b58-3be6-8d39-27b0e52b1234/1_org_zoom.jpg,"{""Paket İçeriği"":""120'li"",""Yaş"":""3+ Yaş"",""Piller Kutuya Dahil Mi?"":""Hayır"",""Dil"":""Evrensel Dil"",""Pil ile mi çalışır?"":""Hayır"",""Menşei"":""TR"",""Ürün Uyarıları (Oyuncak)"":""3 yaş ve üzeri çocuklar için uygundur"",""Özellik"":""Enerji Tasarrufu""}",20,5,"[""search_result_dom"",""product_detail_jsonld"",""product_detail_dom""]","{""title"":""observed"",""brand"":""observed"",""seller_name"":""observed"",""seller_score"":""observed"",""price"":""observed"",""original_price"":""unavailable"",""campaigns"":""observed"",""stock_status"":""observed"",""stock_signal"":""observed"",""rating"":""observed"",""rating_count"":""observed"",""review_count"":""observed"",""question_count"":""observed"",""delivery_summary"":""observed"",""shipping_cost"":""observed"",""properties"":""observed""}",true,
2026-08-14,2026-08-14T12:42:33+03:00,çocuk,BEST_SELLER,1,5,5,4,,103.5,54,1081617521,1218056,Mino Makers 78 Parça Manyetik Yapı Blokları - Çocuklar İçin 3 Boyutlu Renkli Mıknatıslı 78 Parça Manyetik Blok Oyun Seti,Mino Makers,Eğitici Oyuncak,https://www.trendyol.com/mino-makers/78-parca-manyetik-yapi-bloklari-cocuklar-icin-3-boyutlu-renkli-miknatisli-78-parca-manyetik-blok-oyun-seti-p-1081617521?boutiqueId=61&merchantId=1218056,Mino Makers,95,1549.9,,,,TRY,"[""Kargo Bedava"",""Peşin Fiyatına 3 Taksit""]",InStock,100 adetten fazla stok sunulmuştur,Son 3 günde 500+ ürün satıldı!,500,4.4,1532,859,,208,"5,8B kişinin sepetinde","72,8B kişi favoriledi","Son 24 saatte 4,1B kişi görüntüledi",4999,TRY,0,3,1,6,Tahmini Teslim:,En Çok Satan 4. Ürün,https://cdn.dsmcdn.com/ty1913/prod/QC_ENRICHMENT/20260604/14/9b97664c-feae-338d-92d9-c3d381847600/1_org_zoom.jpg,"{""Paket İçeriği"":""50 -100"",""Yaş"":""3+ Yaş"",""Piller Kutuya Dahil Mi?"":""Hayır"",""Dil"":""Evrensel Dil"",""Pil ile mi çalışır?"":""Hayır"",""Menşei"":""TR"",""Özellik"":""Mıknatıslı""}",20,5,"[""search_result_dom"",""product_detail_jsonld"",""product_detail_dom""]","{""title"":""observed"",""brand"":""observed"",""seller_name"":""observed"",""seller_score"":""observed"",""price"":""observed"",""original_price"":""unavailable"",""campaigns"":""observed"",""stock_status"":""observed"",""stock_signal"":""observed"",""rating"":""observed"",""rating_count"":""observed"",""review_count"":""observed"",""question_count"":""observed"",""delivery_summary"":""observed"",""shipping_cost"":""observed"",""properties"":""observed""}",true,
2026-08-14,2026-08-14T12:42:33+03:00,çocuk,BEST_SELLER,1,6,6,,,128.2,47,876839630,1047741,Magly Manyetik Yapı Blokları – Çocuklar İçin Renkli 3 Boyutlu 72 Parça Manyetik Karo Oyun Seti,Magly,Eğitici Oyuncak,https://www.trendyol.com/magly/manyetik-yapi-bloklari-cocuklar-icin-renkli-3-boyutlu-72-parca-manyetik-karo-oyun-seti-p-876839630?boutiqueId=61&merchantId=1047741,Magly,,2196,2745,20,,TRY,"[""Sepette %20 İndirim"",""Kargo Bedava"",""Peşin Fiyatına 3 Taksit""]",InStock,100 adetten fazla stok sunulmuştur,Son 3 günde 500+ ürün satıldı!,500,4.7,10741,5926,,829,"18,8B kişinin sepetinde",436B kişi favoriledi,"Son 24 saatte 5,2B kişi görüntüledi",4999,TRY,0,1,1,4,2 saat 15 dakika içinde sipariş verirsen en geç bugün kargoda!,En Çok Favorilenen 2. Ürün,https://cdn.dsmcdn.com/ty1602/prod/QC/20241118/16/18962b5a-dc5e-3472-b1bb-56962270878a/1_org_zoom.jpg,"{""Paket İçeriği"":""72'li"",""Yaş"":""3+ Yaş"",""Piller Kutuya Dahil Mi?"":""Hayır"",""Dil"":""Evrensel Dil"",""Pil ile mi çalışır?"":""Hayır"",""Diğer Özellikler"":""manyetik bloklar"",""Menşei"":""TR"",""Ürün Uyarıları (Oyuncak)"":""3 yaş üstü"",""Batarya Türü"":""Diğer"",""Batarya Boyutu"":""Uygulanabilir Değil"",""Özellik"":""Diğer""}",20,5,"[""search_result_dom"",""product_detail_jsonld"",""product_detail_dom""]","{""title"":""observed"",""brand"":""observed"",""seller_name"":""observed"",""seller_score"":""unavailable"",""price"":""observed"",""original_price"":""observed"",""campaigns"":""observed"",""stock_status"":""observed"",""stock_signal"":""observed"",""rating"":""observed"",""rating_count"":""observed"",""review_count"":""observed"",""question_count"":""observed"",""delivery_summary"":""observed"",""shipping_cost"":""observed"",""properties"":""observed""}",true,
2026-08-14,2026-08-14T12:42:33+03:00,çocuk,BEST_SELLER,1,7,7,1,,116.1,60.7,858709533,982060,H&M 2'li Jogger Pantolon,H&M,,https://www.trendyol.com/h-m/2-li-jogger-pantolon-p-858709533?boutiqueId=61&merchantId=982060,H&M,2,529.99,699.99,24.3,,TRY,"[""Son 10 Günün En Düşük Fiyatı"",""Kargo Bedava"",""Son 10 günün en düşük fiyatı""]",InStock,10 adetten fazla stok sunulmuştur,Son 3 günde 500+ ürün satıldı!,500,4.6,94,,,13,2B kişinin sepetinde,"11,6B kişi favoriledi","Son 24 saatte 3,7B kişi görüntüledi",,,0,,,,Tahmini Teslim:,En Çok Satan 1. Ürün,,{},0,,"[""search_result_dom"",""product_detail_jsonld"",""product_detail_dom""]","{""title"":""observed"",""brand"":""observed"",""seller_name"":""observed"",""seller_score"":""observed"",""price"":""observed"",""original_price"":""observed"",""campaigns"":""observed"",""stock_status"":""observed"",""stock_signal"":""observed"",""rating"":""observed"",""rating_count"":""observed"",""review_count"":""unavailable"",""question_count"":""observed"",""delivery_summary"":""observed"",""shipping_cost"":""unavailable"",""properties"":""observed""}",true,
2026-08-14,2026-08-14T12:42:33+03:00,çocuk,BEST_SELLER,1,8,8,1,,111.7,53.3,1107131330,357212,Go Toys Go Track Mavi Renk Esnek Yarış-Aksiyon Pisti 4.5 Mt - Flex track,Go Toys,Diğer Oyuncaklar,https://www.trendyol.com/go-toys/go-track-mavi-renk-esnek-yaris-aksiyon-pisti-4-5-mt-flex-track-p-1107131330?boutiqueId=61&merchantId=357212,Shopist,9,288.15,339,15,,TRY,"[""Sepette %15 İndirim"",""Kargo Bedava""]",InStock,100 adetten fazla stok sunulmuştur,Son 3 günde 500+ ürün satıldı!,500,4.3,1740,694,,146,"4,6B kişinin sepetinde","151,4B kişi favoriledi","Son 24 saatte 1,8B kişi görüntüledi",4999,TRY,0,1,1,4,11 saat 15 dakika içinde sipariş verirsen en geç yarın kargoda!,En Çok Satan 1. Ürün,https://cdn.dsmcdn.com/ty1829/prod/QC_PREP/20260219/22/7a0577d0-2537-3975-86db-ae4fc92191dc/1_org_zoom.jpg,"{""Paket İçeriği"":""1+"",""Yaş"":""1+ Yaş"",""Piller Kutuya Dahil Mi?"":""Hayır"",""Pil ile mi çalışır?"":""Hayır"",""Menşei"":""TR""}",20,5,"[""search_result_dom"",""product_detail_jsonld"",""product_detail_dom""]","{""title"":""observed"",""brand"":""observed"",""seller_name"":""observed"",""seller_score"":""observed"",""price"":""observed"",""original_price"":""observed"",""campaigns"":""observed"",""stock_status"":""observed"",""stock_signal"":""observed"",""rating"":""observed"",""rating_count"":""observed"",""review_count"":""observed"",""question_count"":""observed"",""delivery_summary"":""observed"",""shipping_cost"":""observed"",""properties"":""observed""}",true,
2026-08-14,2026-08-14T12:42:33+03:00,çocuk,BEST_SELLER,1,9,9,,,98.5,49,894860281,126620,yükselen zeka İlk Pofidik Magnet Puzzle - Çiftlik Hayvanları,yükselen zeka,Bebek & Aktivite Oyuncakları,https://www.trendyol.com/yukselen-zeka/ilk-pofidik-magnet-puzzle-ciftlik-hayvanlari-p-894860281?boutiqueId=61&merchantId=126620,YÜKSELEN ZEKA,93,308.1,,,,TRY,"[""Sepette %2 İndirim"",""Kargo Bedava""]",InStock,100 adetten fazla stok sunulmuştur,Son 3 günde 500+ ürün satıldı!,500,4.7,3403,2059,,112,"2,9B kişinin sepetinde","89,5B kişi favoriledi",Son 24 saatte 952 kişi görüntüledi,4999,TRY,0,,1,4,Tahmini Teslim:,,https://cdn.dsmcdn.com/ty1631/prod/QC/20250124/17/e4e835b7-931f-36c9-b687-0ca9d05023a3/1_org_zoom.jpg,"{""Paket İçeriği"":""Belirtilmemiş"",""Yaş"":""0 - 1 Yaş"",""Dil"":""Türkçe"",""Pil ile mi çalışır?"":""Hayır"",""Piller Kutuya Dahil Mi?"":""Hayır"",""Menşei"":""TR""}",20,5,"[""search_result_dom"",""product_detail_jsonld"",""product_detail_dom""]","{""title"":""observed"",""brand"":""observed"",""seller_name"":""observed"",""seller_score"":""observed"",""price"":""observed"",""original_price"":""unavailable"",""campaigns"":""observed"",""stock_status"":""observed"",""stock_signal"":""observed"",""rating"":""observed"",""rating_count"":""observed"",""review_count"":""observed"",""question_count"":""observed"",""delivery_summary"":""observed"",""shipping_cost"":""observed"",""properties"":""observed""}",true,
2026-08-14,2026-08-14T12:42:33+03:00,çocuk,BEST_SELLER,1,10,10,,,86.2,41.3,887625564,496056,Monalisa Çocuk Renkli Ponpon Toka 10’Lu,Monalisa,Toka,https://www.trendyol.com/monalisa/cocuk-renkli-ponpon-toka-10-lu-p-887625564?boutiqueId=61&merchantId=496056,Monalisa Toka,,20.99,,,,TRY,"[""Kargo Bedava"",""Trendyol Plus'a Özel""]",InStock,100 adetten fazla stok sunulmuştur,Son 3 günde 250+ ürün satıldı!,250,3.5,798,447,,46,"1,4B kişinin sepetinde","29,1B kişi favoriledi",Son 24 saatte 564 kişi görüntüledi,4999,TRY,0,,1,4,2 saat 15 dakika içinde sipariş verirsen en geç bugün kargoda!,,https://cdn.dsmcdn.com/ty1618/prod/QC/20241228/00/c41205e3-a9f5-3702-9b76-f9d169b1362b/1_org_zoom.jpg,"{""Desen"":""Renkli"",""Materyal Bileşeni"":""kaplama"",""Materyal"":""Polyester"",""Renk"":""Çok Renkli"",""Menşei"":""TR""}",20,5,"[""search_result_dom"",""product_detail_jsonld"",""product_detail_dom""]","{""title"":""observed"",""brand"":""observed"",""seller_name"":""observed"",""seller_score"":""unavailable"",""price"":""observed"",""original_price"":""unavailable"",""campaigns"":""observed"",""stock_status"":""observed"",""stock_signal"":""observed"",""rating"":""observed"",""rating_count"":""observed"",""review_count"":""observed"",""question_count"":""observed"",""delivery_summary"":""observed"",""shipping_cost"":""observed"",""properties"":""observed""}",true,
2026-08-14,2026-08-14T12:42:33+03:00,çocuk,BEST_SELLER,1,11,11,1,,80.3,44.7,1146152778,104936,Dark Seer DS Speedy Beyaz Mor Tekerlekli Işıklı Paten Çocuk Ayakkabı Sneaker,Dark Seer,,https://www.trendyol.com/dark-seer/ds-speedy-beyaz-mor-tekerlekli-isikli-paten-cocuk-ayakkabi-sneaker-p-1146152778?boutiqueId=61&merchantId=104936,Dark Seer,,1799.9,,,,TRY,"[""Kargo Bedava"",""Peşin Fiyatına 3 Taksit"",""Trendyol Plus'a Özel""]",InStock,50 adetten fazla stok sunulmuştur,Son 3 günde 250+ ürün satıldı!,250,4.4,146,,,77,"2,6B kişinin sepetinde","14,1B kişi favoriledi","Son 24 saatte 3,5B kişi görüntüledi",,,0,,,,Tahmini Teslim:,En Çok Satan 1. Ürün,,{},0,,"[""search_result_dom"",""product_detail_jsonld"",""product_detail_dom""]","{""title"":""observed"",""brand"":""observed"",""seller_name"":""observed"",""seller_score"":""unavailable"",""price"":""observed"",""original_price"":""unavailable"",""campaigns"":""observed"",""stock_status"":""observed"",""stock_signal"":""observed"",""rating"":""observed"",""rating_count"":""observed"",""review_count"":""unavailable"",""question_count"":""observed"",""delivery_summary"":""observed"",""shipping_cost"":""unavailable"",""properties"":""observed""}",true,
2026-08-14,2026-08-14T12:42:33+03:00,çocuk,BEST_SELLER,1,12,12,6,,120.7,41.8,987253589,1164978,"Genel Markalar 3'lü Bebek Vakumlu Döner Topaç: Duyu Gelişimi Destekli, Serbest Kombinasyonlu ABS Hayvan Oyuncağı",Genel Markalar,Eğitici Oyuncak,https://www.trendyol.com/genel-markalar/3-lu-bebek-vakumlu-doner-topac-duyu-gelisimi-destekli-serbest-kombinasyonlu-abs-hayvan-oyuncagi-p-987253589?boutiqueId=61&merchantId=1164978,BBSKY,96,599,998.34,40,,TRY,"[""Sepette %40 İndirim"",""125 TL Kupon"",""Kargo Bedava"",""Sepette %20 İndirim""]",InStock,100 adetten fazla stok sunulmuştur,Son 3 günde 250+ ürün satıldı!,250,4.5,455,288,,26,"1,1B kişinin sepetinde","27,8B kişi favoriledi","Son 24 saatte 1,2B kişi görüntüledi",4999,TRY,0,1,1,4,11 saat 15 dakika içinde sipariş verirsen en geç yarın kargoda!,En Çok Satan 6. Ürün,https://cdn.dsmcdn.com/ty1931/prod/QC_ENRICHMENT/20260802/22/a159a028-5cc9-37ec-9d3a-a1c6edfe06ac/1_org_zoom.jpg,"{""Paket İçeriği"":""3'lü"",""Yaş"":""1+ Yaş"",""Piller Kutuya Dahil Mi?"":""Hayır"",""Dil"":""Evrensel Dil"",""Pil ile mi çalışır?"":""Hayır"",""Diğer Özellikler"":""Çocukların el-göz becerilerini destekler"",""Menşei"":""CN"",""Ürün Uyarıları (Oyuncak)"":""1,10 ay ve üzeri bebekler için uygundur.2,Yalnızca yetişkin gözetiminde kullanılmalıdır.3,Ambalaj malzemelerini çocuklardan uzak tutunuz, boğulma tehlikesi vardır.4,Oyuncağı düzenli olarak kontrol edin, hasarlı parçaları kullanmayınız."",""Özellik"":""Vakumlu""}",20,5,"[""search_result_dom"",""product_detail_jsonld"",""product_detail_dom""]","{""title"":""observed"",""brand"":""observed"",""seller_name"":""observed"",""seller_score"":""observed"",""price"":""observed"",""original_price"":""observed"",""campaigns"":""observed"",""stock_status"":""observed"",""stock_signal"":""observed"",""rating"":""observed"",""rating_count"":""observed"",""review_count"":""observed"",""question_count"":""observed"",""delivery_summary"":""observed"",""shipping_cost"":""observed"",""properties"":""observed""}",true,
2026-08-14,2026-08-14T12:42:33+03:00,çocuk,BEST_SELLER,1,13,13,1,,86.4,43.6,1163407346,758938,HaLVeY Gizemli Paket Renkli Çin Mantısı 1 Adet Sürpriz renk & Ürün İle Birlikte Çocuklar İçin Hediye Oyuncak Anahtarlık Gönderilecektir,HaLVeY,Sürpriz Oyuncak Figürü,https://www.trendyol.com/halvey/gizemli-paket-renkli-cin-mantisi-1-adet-surpriz-renk-urun-ile-birlikte-cocuklar-icin-hediye-oyuncak-anahtarlik-gonderilecektir-p-1163407346?boutiqueId=61&merchantId=758938,HaLVeY Kozmetik,9,535.5,595,10,,TRY,"[""Sepette %10 İndirim"",""Kargo Bedava""]",InStock,100 adetten fazla stok sunulmuştur,Son 3 günde 250+ ürün satıldı!,250,3.9,190,148,,24,"6,4B kişinin sepetinde","12,2B kişi favoriledi","Son 24 saatte 3,5B kişi görüntüledi",4999,TRY,0,1,1,4,Tahmini Teslim:,En Çok Satan 1. Ürün,https://cdn.dsmcdn.com/ty1910/prod/QC_PREP/20260701/17/f10b04b1-5f27-3bbb-ae04-17b722f4082c/1_org_zoom.jpg,"{""Yaş"":""3+ Yaş"",""Menşei"":""CN""}",20,5,"[""search_result_dom"",""product_detail_jsonld"",""product_detail_dom""]","{""title"":""observed"",""brand"":""observed"",""seller_name"":""observed"",""seller_score"":""observed"",""price"":""observed"",""original_price"":""observed"",""campaigns"":""observed"",""stock_status"":""observed"",""stock_signal"":""observed"",""rating"":""observed"",""rating_count"":""observed"",""review_count"":""observed"",""question_count"":""observed"",""delivery_summary"":""observed"",""shipping_cost"":""observed"",""properties"":""observed""}",true,
2026-08-14,2026-08-14T12:42:33+03:00,çocuk,BEST_SELLER,1,14,14,,,75.5,42,342139878,190370,Brother Toys Büyük Boy Dön Dolaş Ördekler Işıklı Müzikli Oyuncak Ördek Oyunu,Brother Toys,Bebek & Aktivite Oyuncakları,https://www.trendyol.com/brother-toys/buyuk-boy-don-dolas-ordekler-isikli-muzikli-oyuncak-ordek-oyunu-p-342139878?boutiqueId=61&merchantId=190370,BROTHERTOYS,92,549.9,,,,TRY,"[""Kargo Bedava""]",InStock,100 adetten fazla stok sunulmuştur,Son 3 günde 250+ ürün satıldı!,250,4.1,339,205,,75,"1,6B kişinin sepetinde","16,6B kişi favoriledi","Son 24 saatte 1,7B kişi görüntüledi",4999,TRY,0,,1,4,1 saat 15 dakika içinde sipariş verirsen en geç bugün kargoda!,En Çok Ziyaret Edilen 1. Ürün,https://cdn.dsmcdn.com/ty1691/prod/QC_ENRICHMENT/20250604/23/837885aa-214c-3fdb-9744-4321dea88087/1_org_zoom.jpg,"{""Paket İçeriği"":""8'li"",""Yaş"":""3+ Yaş"",""Dil"":""Evrensel Dil"",""Pil ile mi çalışır?"":""Evet"",""Piller Kutuya Dahil Mi?"":""Hayır"",""Diğer Özellikler"":""Kaliteli Malzeme"",""Menşei"":""CN"",""Ürün Uyarıları (Oyuncak)"":""Uyarı. 3 Yaşından Küçük Çocuklar İçin Uygun Değildir. Ebeveyn Kontrolünde Kullanılabilir."",""Özellik"":""Belirtilmemiş""}",20,5,"[""search_result_dom"",""product_detail_jsonld"",""product_detail_dom""]","{""title"":""observed"",""brand"":""observed"",""seller_name"":""observed"",""seller_score"":""observed"",""price"":""observed"",""original_price"":""unavailable"",""campaigns"":""observed"",""stock_status"":""observed"",""stock_signal"":""observed"",""rating"":""observed"",""rating_count"":""observed"",""review_count"":""observed"",""question_count"":""observed"",""delivery_summary"":""observed"",""shipping_cost"":""observed"",""properties"":""observed""}",true,
2026-08-14,2026-08-14T12:42:33+03:00,çocuk,BEST_SELLER,1,15,15,1,,105.1,31.9,127941079,422170,Tutku Renkli Erkek Çocuk Boxer 6 Lı Paket,Tutku,,https://www.trendyol.com/tutku/renkli-erkek-cocuk-boxer-6-li-paket-p-127941079?boutiqueId=61&merchantId=422170,BEYAZ TOPTAN TEKSTİL,91,350,449,22,,TRY,"[""Kargo Bedava"",""Son 10 Günün En Düşük Fiyatı"",""Son 10 günün en düşük fiyatı""]",InStock,50 adetten fazla stok sunulmuştur,Son 3 günde 250+ ürün satıldı!,250,4.5,3242,,,502,"2,2B kişinin sepetinde","23,8B kişi favoriledi","Son 24 saatte 1,6B kişi görüntüledi",,,0,,,,11 saat 15 dakika içinde sipariş verirsen en geç yarın kargoda!,En Çok Satan 1. Ürün,,{},0,,"[""search_result_dom"",""product_detail_jsonld"",""product_detail_dom""]","{""title"":""observed"",""brand"":""observed"",""seller_name"":""observed"",""seller_score"":""observed"",""price"":""observed"",""original_price"":""observed"",""campaigns"":""observed"",""stock_status"":""observed"",""stock_signal"":""observed"",""rating"":""observed"",""rating_count"":""observed"",""review_count"":""unavailable"",""question_count"":""observed"",""delivery_summary"":""observed"",""shipping_cost"":""unavailable"",""properties"":""observed""}",true,
2026-08-14,2026-08-14T12:42:33+03:00,çocuk,BEST_SELLER,1,16,16,,,92.1,40.4,858150039,982060,H&M 3’lü Pamuklu Kolsuz Üst,H&M,,https://www.trendyol.com/h-m/3-lu-pamuklu-kolsuz-ust-p-858150039?boutiqueId=61&merchantId=982060,H&M,3,399.99,499.99,20,,TRY,"[""20 TL Kupon"",""Son 10 Günün En Düşük Fiyatı"",""Kargo Bedava"",""Son 10 günün en düşük fiyatı""]",InStock,100 adetten fazla stok sunulmuştur,Son 3 günde 250+ ürün satıldı!,250,4.7,241,,,9,949 kişinin sepetinde,"7,8B kişi favoriledi","Son 24 saatte 2,6B kişi görüntüledi",,,0,,,,Tahmini Teslim:,Fenomen Seçimi,,{},0,,"[""search_result_dom"",""product_detail_jsonld"",""product_detail_dom""]","{""title"":""observed"",""brand"":""observed"",""seller_name"":""observed"",""seller_score"":""observed"",""price"":""observed"",""original_price"":""observed"",""campaigns"":""observed"",""stock_status"":""observed"",""stock_signal"":""observed"",""rating"":""observed"",""rating_count"":""observed"",""review_count"":""unavailable"",""question_count"":""observed"",""delivery_summary"":""observed"",""shipping_cost"":""unavailable"",""properties"":""observed""}",true,
2026-08-14,2026-08-14T12:42:33+03:00,çocuk,BEST_SELLER,1,17,17,1,,98.7,50.1,862599544,982060,H&M Straight Leg Okul Pantolonu,H&M,,https://www.trendyol.com/h-m/straight-leg-okul-pantolonu-p-862599544?boutiqueId=61&merchantId=982060,H&M,,299.99,489.99,38.8,,TRY,"[""20 TL Kupon"",""Son 10 Günün En Düşük Fiyatı"",""Kargo Bedava"",""Son 10 günün en düşük fiyatı""]",InStock,10 adetten fazla stok sunulmuştur,Son 3 günde 250+ ürün satıldı!,250,4.6,12,,,4,326 kişinin sepetinde,912 kişi favoriledi,Son 24 saatte 741 kişi görüntüledi,,,0,,,,Tahmini Teslim:,En Çok Satan 1. Ürün,,{},0,,"[""search_result_dom"",""product_detail_jsonld"",""product_detail_dom""]","{""title"":""observed"",""brand"":""observed"",""seller_name"":""observed"",""seller_score"":""unavailable"",""price"":""observed"",""original_price"":""observed"",""campaigns"":""observed"",""stock_status"":""observed"",""stock_signal"":""observed"",""rating"":""observed"",""rating_count"":""observed"",""review_count"":""unavailable"",""question_count"":""observed"",""delivery_summary"":""observed"",""shipping_cost"":""unavailable"",""properties"":""observed""}",true,
2026-08-14,2026-08-14T12:42:33+03:00,çocuk,BEST_SELLER,1,18,18,,,93.3,29.2,316612628,357212,Go Toys Vakum Molekül 25 Parça Yapı Taşları Fidget Duyusal Eğitici Oyuncak Squigz,Go Toys,Eğitici Oyuncak,https://www.trendyol.com/go-toys/vakum-molekul-25-parca-yapi-taslari-fidget-duyusal-egitici-oyuncak-squigz-p-316612628?boutiqueId=61&merchantId=357212,Shopist,9,169.15,199,15,,TRY,"[""Sepette %15 İndirim"",""Kargo Bedava""]",InStock,100 adetten fazla stok sunulmuştur,Son 3 günde 250+ ürün satıldı!,250,4.4,8921,4564,,255,"2,3B kişinin sepetinde","132,6B kişi favoriledi",Son 24 saatte 1B kişi görüntüledi,4999,TRY,0,1,1,4,11 saat 15 dakika içinde sipariş verirsen en geç yarın kargoda!,,https://cdn.dsmcdn.com/ty1630/product/media/images/prod/PIM/20250130/16/56ab8680-a0e1-4ae0-b7d7-a6f77aa24d42/1_org_zoom.jpg,"{""Paket İçeriği"":""20 - 25"",""Yaş"":""1+ Yaş"",""Piller Kutuya Dahil Mi?"":""Hayır"",""Dil"":""Evrensel Dil"",""Pil ile mi çalışır?"":""Hayır"",""Diğer Özellikler"":""tr"",""Menşei"":""TR"",""Ürün Uyarıları (Oyuncak)"":""tr"",""Özellik"":""Vakumlu""}",20,5,"[""search_result_dom"",""product_detail_jsonld"",""product_detail_dom""]","{""title"":""observed"",""brand"":""observed"",""seller_name"":""observed"",""seller_score"":""observed"",""price"":""observed"",""original_price"":""observed"",""campaigns"":""observed"",""stock_status"":""observed"",""stock_signal"":""observed"",""rating"":""observed"",""rating_count"":""observed"",""review_count"":""observed"",""question_count"":""observed"",""delivery_summary"":""observed"",""shipping_cost"":""observed"",""properties"":""observed""}",true,
2026-08-14,2026-08-14T12:42:33+03:00,çocuk,BEST_SELLER,1,19,19,1,,76.7,28.3,118658789,800080,Dragora Ribana Bel Canvas Okul Pantolonu (BİR BÜYÜK BEDEN ALINMASI TAVSİYE EDİLİR),Dragora,,https://www.trendyol.com/dragora/ribana-bel-canvas-okul-pantolonu-bir-buyuk-beden-alinmasi-tavsiye-edilir-p-118658789?boutiqueId=61&merchantId=800080,KAYRAMLE DESING,88,220,,,,TRY,"[""20 TL Kupon"",""Sepette %2 İndirim"",""Kargo Bedava"",""Trendyol Plus'a Özel""]",InStock,10 adetten fazla stok sunulmuştur,Son 3 günde 250+ ürün satıldı!,250,4.3,5143,,,1215,996 kişinin sepetinde,"32,9B kişi favoriledi",Son 24 saatte 658 kişi görüntüledi,,,0,,,,11 saat 15 dakika içinde sipariş verirsen en geç yarın kargoda!,En Çok Satan 1. Ürün,,{},0,,"[""search_result_dom"",""product_detail_jsonld"",""product_detail_dom""]","{""title"":""observed"",""brand"":""observed"",""seller_name"":""observed"",""seller_score"":""observed"",""price"":""observed"",""original_price"":""unavailable"",""campaigns"":""observed"",""stock_status"":""observed"",""stock_signal"":""observed"",""rating"":""observed"",""rating_count"":""observed"",""review_count"":""unavailable"",""question_count"":""observed"",""delivery_summary"":""observed"",""shipping_cost"":""unavailable"",""properties"":""observed""}",true,
2026-08-14,2026-08-14T12:42:33+03:00,çocuk,BEST_SELLER,1,20,20,1,,74.1,52.7,1144253106,982060,H&M 2 Parçalı Pamuklu Set,H&M,Bebek Takımı,https://www.trendyol.com/h-m/2-parcali-pamuklu-set-p-1144253106?boutiqueId=61&merchantId=982060,H&M,2,529.99,699.99,24.3,,TRY,"[""Son 10 Günün En Düşük Fiyatı"",""Kargo Bedava"",""Son 10 günün en düşük fiyatı""]",InStock,50 adetten fazla stok sunulmuştur,Son 3 günde 250+ ürün satıldı!,250,4.9,8,3,,8,898 kişinin sepetinde,11B kişi favoriledi,"Son 24 saatte 4,4B kişi görüntüledi",4999,TRY,0,6,1,10,Tahmini Teslim:,En Çok Satan 1. Ürün,https://cdn.dsmcdn.com/ty1898/prod/QC_PREP/20260506/13/4227e0c1-1542-31ec-87d9-f5a9a1c20bf0/1_org_zoom.jpg,"{""Renk"":""Çok Renkli"",""Yaka Tipi"":""Bisiklet Yaka"",""Kumaş Tipi"":""Belirtilmemiş"",""Boy"":""Belirtilmemiş"",""Kalıp"":""Belirtilmemiş"",""Kol Boyu"":""Kolsuz"",""Kol Tipi"":""Kolsuz"",""Menşei"":""IN""}",3,5,"[""search_result_dom"",""product_detail_jsonld"",""product_detail_dom""]","{""title"":""observed"",""brand"":""observed"",""seller_name"":""observed"",""seller_score"":""observed"",""price"":""observed"",""original_price"":""observed"",""campaigns"":""observed"",""stock_status"":""observed"",""stock_signal"":""observed"",""rating"":""observed"",""rating_count"":""observed"",""review_count"":""observed"",""question_count"":""observed"",""delivery_summary"":""observed"",""shipping_cost"":""observed"",""properties"":""observed""}",true,
2026-08-14,2026-08-14T12:42:33+03:00,çocuk,BEST_SELLER,1,21,21,,,55.5,44.5,1142311061,1048417,ADİL OYUNCAK 72 Parça Manyetik Yapı Blokları | Montessori Eğitici Oyuncak | 3D Mıknatıslı Blok Seti,ADİL OYUNCAK,Eğitici Oyuncak,https://www.trendyol.com/adil-oyuncak/72-parca-manyetik-yapi-bloklari-montessori-egitici-oyuncak-3d-miknatisli-blok-seti-p-1142311061?boutiqueId=61&merchantId=1048417,KÜRE EKSPRES,82,1299,,,,TRY,"[""Kargo Bedava"",""Peşin Fiyatına 3 Taksit""]",InStock,100 adetten fazla stok sunulmuştur,Son 3 günde 250+ ürün satıldı!,250,4,47,35,,22,"2,7B kişinin sepetinde","9,4B kişi favoriledi","Son 24 saatte 2,3B kişi görüntüledi",4999,TRY,0,3,1,6,Tahmini Teslim:,En Çok Ziyaret Edilen 6. Ürün,https://cdn.dsmcdn.com/ty1891/prod/QC_ENRICHMENT/20260725/18/ebc78074-63f3-3935-8d2f-a3e9efd28808/1_org_zoom.jpg,"{""Paket İçeriği"":""72'li"",""Yaş"":""2+ Yaş"",""Piller Kutuya Dahil Mi?"":""Hayır"",""Dil"":""Evrensel Dil"",""Pil ile mi çalışır?"":""Hayır"",""Menşei"":""TR""}",20,5,"[""search_result_dom"",""product_detail_jsonld"",""product_detail_dom""]","{""title"":""observed"",""brand"":""observed"",""seller_name"":""observed"",""seller_score"":""observed"",""price"":""observed"",""original_price"":""unavailable"",""campaigns"":""observed"",""stock_status"":""observed"",""stock_signal"":""observed"",""rating"":""observed"",""rating_count"":""observed"",""review_count"":""observed"",""question_count"":""observed"",""delivery_summary"":""observed"",""shipping_cost"":""observed"",""properties"":""observed""}",true,
2026-08-14,2026-08-14T12:42:33+03:00,çocuk,BEST_SELLER,1,22,22,,,65.8,36.9,1134031784,1131766,Pico Baby Kaydırmaz Taban / Unisex Bebek Çocuk Deniz Ayakkabısı / Havuz Patiği,Pico Baby,,https://www.trendyol.com/pico-baby/kaydirmaz-taban-unisex-bebek-cocuk-deniz-ayakkabisi-havuz-patigi-p-1134031784?boutiqueId=61&merchantId=1131766,Pico Baby,96,189.2,199.67,5.2,,TRY,"[""20 TL Kupon"",""Son 10 Günün En Düşük Fiyatı"",""Kargo Bedava"",""Son 10 günün en düşük fiyatı""]",InStock,100 adetten fazla stok sunulmuştur,Son 3 günde 250+ ürün satıldı!,250,4.5,284,,,40,"1,5B kişinin sepetinde","12,7B kişi favoriledi",Son 24 saatte 775 kişi görüntüledi,,,0,,,,Tahmini Teslim:,,,{},0,,"[""search_result_dom"",""product_detail_jsonld"",""product_detail_dom""]","{""title"":""observed"",""brand"":""observed"",""seller_name"":""observed"",""seller_score"":""observed"",""price"":""observed"",""original_price"":""observed"",""campaigns"":""observed"",""stock_status"":""observed"",""stock_signal"":""observed"",""rating"":""observed"",""rating_count"":""observed"",""review_count"":""unavailable"",""question_count"":""observed"",""delivery_summary"":""observed"",""shipping_cost"":""unavailable"",""properties"":""observed""}",true,
2026-08-14,2026-08-14T12:42:33+03:00,çocuk,BEST_SELLER,1,23,23,,,53.5,26,1164531939,517848,FBZhome 72 Parça Manyetik Yapı Blokları - Çocuklar için Renkli 3 Boyutlu Karo Oyun Seti Oyuncak Yap-Boz,FBZhome,Eğitici Oyuncak,https://www.trendyol.com/fbzhome/72-parca-manyetik-yapi-bloklari-cocuklar-icin-renkli-3-boyutlu-karo-oyun-seti-oyuncak-yap-boz-p-1164531939?boutiqueId=61&merchantId=517848,FBZHOME,,1333.05,1360.25,2,,TRY,"[""Kargo Bedava"",""Son 10 Günün En Düşük Fiyatı""]",InStock,100 adetten fazla stok sunulmuştur,Son 3 günde 250+ ürün satıldı!,,4.7,186,151,,,,,,4999,TRY,0,1,1,4,,,https://cdn.dsmcdn.com/ty1930/prod/QC_ENRICHMENT/20260717/11/b1cae3a6-3aff-35af-9567-d612ab4b08ee/1_org_zoom.jpg,"{""Paket İçeriği"":""72'li"",""Yaş"":""3+ Yaş"",""Piller Kutuya Dahil Mi?"":""Hayır"",""Dil"":""Evrensel Dil"",""Pil ile mi çalışır?"":""Hayır"",""Diğer Özellikler"":""manyetik mıknatıslı bloklar"",""Menşei"":""TR"",""Ürün Uyarıları (Oyuncak)"":""3 Yaş Üstü"",""Batarya Türü"":""Diğer"",""Batarya Boyutu"":""Uygulanabilir Değil"",""Özellik"":""Diğer""}",20,5,"[""search_result_dom"",""product_detail_jsonld"",""product_detail_dom""]","{""title"":""observed"",""brand"":""observed"",""seller_name"":""observed"",""seller_score"":""unavailable"",""price"":""observed"",""original_price"":""observed"",""campaigns"":""observed"",""stock_status"":""observed"",""stock_signal"":""observed"",""rating"":""observed"",""rating_count"":""observed"",""review_count"":""observed"",""question_count"":""unavailable"",""delivery_summary"":""unavailable"",""shipping_cost"":""observed"",""properties"":""observed""}",true,
2026-08-14,2026-08-14T12:42:33+03:00,çocuk,BEST_SELLER,1,24,24,1,,32,,982881458,152772,Serstil 6 Parça Anne Bebek Doğum ve Hastane Çıkış Çantası Seti - Pembe Puantiyeli,Serstil,,https://www.trendyol.com/serstil/6-parca-anne-bebek-dogum-ve-hastane-cikis-cantasi-seti-pembe-puantiyeli-p-982881458?boutiqueId=61&merchantId=152772,ESTİ,,199.95,,,,TRY,"[""Trendyol Plus'a Özel""]",InStock,100 adetten fazla stok sunulmuştur,Son 3 günde 250+ ürün satıldı!,,,,,,,,,,,,0,,,,11 saat 14 dakika içinde sipariş verirsen en geç yarın kargoda!,En Çok Satan 1. Ürün,,{},0,,"[""search_result_dom"",""product_detail_jsonld"",""product_detail_dom""]","{""title"":""observed"",""brand"":""observed"",""seller_name"":""observed"",""seller_score"":""unavailable"",""price"":""observed"",""original_price"":""unavailable"",""campaigns"":""observed"",""stock_status"":""observed"",""stock_signal"":""observed"",""rating"":""unavailable"",""rating_count"":""unavailable"",""review_count"":""unavailable"",""question_count"":""unavailable"",""delivery_summary"":""observed"",""shipping_cost"":""unavailable"",""properties"":""observed""}",true,
2026-08-14,2026-08-14T12:42:33+03:00,çocuk,BEST_SELLER,2,25,25,1,,62.7,27.3,365516522,124095,Mamma Smile Cotton Sallanır Üç Kademeli Ana Kucağı ( Oyuncak Aparatı Ve Seyahat Çantası ),Mamma,,https://www.trendyol.com/mamma/smile-cotton-sallanir-uc-kademeli-ana-kucagi-oyuncak-aparati-ve-seyahat-cantasi-p-365516522?boutiqueId=61&merchantId=124095,Mymama,95,1799,,,,TRY,"[""Kargo Bedava"",""Peşin Fiyatına 3 Taksit""]",InStock,100 adetten fazla stok sunulmuştur,Son 3 günde 250+ ürün satıldı!,250,4.7,2900,,,977,"2,4B kişinin sepetinde","64,8B kişi favoriledi","Son 24 saatte 2,4B kişi görüntüledi",,,0,,,,14 dakika 53 saniye içinde sipariş verirsen en geç bugün kargoda!,En Çok Satan 1. Ürün,,{},0,,"[""search_result_dom"",""product_detail_jsonld"",""product_detail_dom""]","{""title"":""observed"",""brand"":""observed"",""seller_name"":""observed"",""seller_score"":""observed"",""price"":""observed"",""original_price"":""unavailable"",""campaigns"":""observed"",""stock_status"":""observed"",""stock_signal"":""observed"",""rating"":""observed"",""rating_count"":""observed"",""review_count"":""unavailable"",""question_count"":""observed"",""delivery_summary"":""observed"",""shipping_cost"":""unavailable"",""properties"":""observed""}",true,
2026-08-14,2026-08-14T12:42:33+03:00,çocuk,BEST_SELLER,2,26,26,1,,48,39.5,43304618,397045,Genel Markalar Havuz Ve Deniz Makarnası,Genel Markalar,Deniz Malzemesi,https://www.trendyol.com/genel-markalar/havuz-ve-deniz-makarnasi-p-43304618?boutiqueId=61&merchantId=397045,jetlegelsin,89,49.99,,,,TRY,"[""Kargo Bedava""]",InStock,100 adetten fazla stok sunulmuştur,Son 3 günde 250+ ürün satıldı!,250,4.3,144,75,,64,657 kişinin sepetinde,"3,6B kişi favoriledi",Son 24 saatte 490 kişi görüntüledi,4999,TRY,0,1,1,4,2 saat 14 dakika içinde sipariş verirsen en geç bugün kargoda!,En Çok Satan 1. Ürün,https://cdn.dsmcdn.com/ty990/product/media/images/prod/SPM/PIM/20230826/00/90ed44d3-b738-3a88-9f6e-d0663be36792/1_org_zoom.jpg,"{""Renk"":""Turuncu"",""Yaş"":""4+ Yaş"",""Menşei"":""TR""}",20,5,"[""search_result_dom"",""product_detail_jsonld"",""product_detail_dom""]","{""title"":""observed"",""brand"":""observed"",""seller_name"":""observed"",""seller_score"":""observed"",""price"":""observed"",""original_price"":""unavailable"",""campaigns"":""observed"",""stock_status"":""observed"",""stock_signal"":""observed"",""rating"":""observed"",""rating_count"":""observed"",""review_count"":""observed"",""question_count"":""observed"",""delivery_summary"":""observed"",""shipping_cost"":""observed"",""properties"":""observed""}",true,
2026-08-14,2026-08-14T12:42:33+03:00,çocuk,BEST_SELLER,2,27,27,1,,58.3,26.7,804930315,1188,Defacto Kız Çocuk 2'li 40 Denye Külotlu Okul Çorabı C5310A8NS,Defacto,,https://www.trendyol.com/defacto/kiz-cocuk-2-li-40-denye-kulotlu-okul-corabi-c5310a8ns-p-804930315?boutiqueId=61&merchantId=1188,DeFacto,86,99.99,,,,TRY,[],InStock,100 adetten fazla stok sunulmuştur,Son 3 günde 250+ ürün satıldı!,250,4.6,2600,,,58,633 kişinin sepetinde,"15,3B kişi favoriledi",Son 24 saatte 386 kişi görüntüledi,,,0,,,,Tahmini Teslim:,En Çok Satan 1. Ürün,,{},0,,"[""search_result_dom"",""product_detail_jsonld"",""product_detail_dom""]","{""title"":""observed"",""brand"":""observed"",""seller_name"":""observed"",""seller_score"":""observed"",""price"":""observed"",""original_price"":""unavailable"",""campaigns"":""unavailable"",""stock_status"":""observed"",""stock_signal"":""observed"",""rating"":""observed"",""rating_count"":""observed"",""review_count"":""unavailable"",""question_count"":""observed"",""delivery_summary"":""observed"",""shipping_cost"":""unavailable"",""properties"":""observed""}",true,
2026-08-14,2026-08-14T12:42:33+03:00,çocuk,BEST_SELLER,2,28,28,,,54.2,11,741425668,1220966,"mordesign Çok Amaçlı Kalın Keçe Anne Bebek Bakım Çantası, Dolap İçi Organizer, Scotch Serisi",mordesign,,https://www.trendyol.com/mordesign/cok-amacli-kalin-kece-anne-bebek-bakim-cantasi-dolap-ici-organizer-scotch-serisi-p-741425668?boutiqueId=61&merchantId=1220966,mordesign,,299,,,,TRY,"[""Kargo Bedava""]",InStock,100 adetten fazla stok sunulmuştur,,,4.7,5985,,,90,"1,6B kişinin sepetinde","131,7B kişi favoriledi","Son 24 saatte 1,5B kişi görüntüledi",,,0,,,,11 saat 14 dakika içinde sipariş verirsen en geç yarın kargoda!,En Çok Ziyaret Edilen 1. Ürün,,{},0,,"[""search_result_dom"",""product_detail_jsonld"",""product_detail_dom""]","{""title"":""observed"",""brand"":""observed"",""seller_name"":""observed"",""seller_score"":""unavailable"",""price"":""observed"",""original_price"":""unavailable"",""campaigns"":""observed"",""stock_status"":""observed"",""stock_signal"":""observed"",""rating"":""observed"",""rating_count"":""observed"",""review_count"":""unavailable"",""question_count"":""observed"",""delivery_summary"":""observed"",""shipping_cost"":""unavailable"",""properties"":""observed""}",true,
2026-08-14,2026-08-14T12:42:33+03:00,çocuk,BEST_SELLER,2,29,29,,,39.6,22.9,1103532328,137544,Kitchen Beauty Çocuklar İçin Silinebilir Çizim Defteri 6 Adet Kalem Hediyeli - Bebekler İçin Aktivite Oyuncak Seti,Kitchen Beauty,Eğitici Oyuncak,https://www.trendyol.com/kitchen-beauty/cocuklar-icin-silinebilir-cizim-defteri-6-adet-kalem-hediyeli-bebekler-icin-aktivite-oyuncak-seti-p-1103532328?boutiqueId=61&merchantId=137544,Eymen Ticaret,89,199.99,,,,TRY,"[""Kargo Bedava""]",InStock,100 adetten fazla stok sunulmuştur,,,4.1,325,157,,63,,,,4999,TRY,0,,1,4,14 dakika 43 saniye içinde sipariş verirsen en geç bugün kargoda!,En Çok Ziyaret Edilen 8. Ürün,https://cdn.dsmcdn.com/ty1825/prod/QC_PREP/20260213/17/fe778827-1156-32b2-843c-131e63009e09/1_org_zoom.jpg,"{""Paket İçeriği"":""Belirtilmemiş"",""Yaş"":""2+ Yaş"",""Piller Kutuya Dahil Mi?"":""Hayır"",""Dil"":""Türkçe"",""Pil ile mi çalışır?"":""Hayır"",""Menşei"":""CN""}",20,5,"[""search_result_dom"",""product_detail_jsonld"",""product_detail_dom""]","{""title"":""observed"",""brand"":""observed"",""seller_name"":""observed"",""seller_score"":""observed"",""price"":""observed"",""original_price"":""unavailable"",""campaigns"":""observed"",""stock_status"":""observed"",""stock_signal"":""observed"",""rating"":""observed"",""rating_count"":""observed"",""review_count"":""observed"",""question_count"":""observed"",""delivery_summary"":""observed"",""shipping_cost"":""observed"",""properties"":""observed""}",true,
2026-08-14,2026-08-14T12:42:33+03:00,çocuk,BEST_SELLER,2,30,30,2,,40.1,19.9,1134031687,1131766,Pico Baby Kaydırmaz Taban / Unisex Bebek Çocuk Deniz Ayakkabısı / Havuz Patiği,Pico Baby,,https://www.trendyol.com/pico-baby/kaydirmaz-taban-unisex-bebek-cocuk-deniz-ayakkabisi-havuz-patigi-p-1134031687?boutiqueId=61&merchantId=1131766,Pico Baby,96,199.89,,,,TRY,"[""20 TL Kupon"",""Kargo Bedava""]",InStock,100 adetten fazla stok sunulmuştur,,,4.4,324,,,37,,,,,,0,,,,Tahmini Teslim:,En Çok Satan 2. Ürün,,{},0,,"[""search_result_dom"",""product_detail_jsonld"",""product_detail_dom""]","{""title"":""observed"",""brand"":""observed"",""seller_name"":""observed"",""seller_score"":""observed"",""price"":""observed"",""original_price"":""unavailable"",""campaigns"":""observed"",""stock_status"":""observed"",""stock_signal"":""observed"",""rating"":""observed"",""rating_count"":""observed"",""review_count"":""unavailable"",""question_count"":""observed"",""delivery_summary"":""observed"",""shipping_cost"":""unavailable"",""properties"":""observed""}",true,
2026-08-14,2026-08-14T12:42:33+03:00,çocuk,BEST_SELLER,2,31,31,,,56.3,22,114296689,768467,Genel Markalar 5 Li Beyaz Hobistan Bebek Atlet Body Ribana Beyaz Modaicon,Genel Markalar,,https://www.trendyol.com/genel-markalar/5-li-beyaz-hobistan-bebek-atlet-body-ribana-beyaz-modaicon-p-114296689?boutiqueId=61&merchantId=768467,Organic product DimpleBaby,92,199,,,,TRY,"[""20 TL Kupon"",""Kargo Bedava""]",InStock,100 adetten fazla stok sunulmuştur,Son 3 günde 250+ ürün satıldı!,250,4,14575,,,1530,"3,6B kişinin sepetinde","152,7B kişi favoriledi","Son 24 saatte 1,2B kişi görüntüledi",,,0,,,,14 dakika 38 saniye içinde sipariş verirsen en geç bugün kargoda!,,,{},0,,"[""search_result_dom"",""product_detail_jsonld"",""product_detail_dom""]","{""title"":""observed"",""brand"":""observed"",""seller_name"":""observed"",""seller_score"":""observed"",""price"":""observed"",""original_price"":""unavailable"",""campaigns"":""observed"",""stock_status"":""observed"",""stock_signal"":""observed"",""rating"":""observed"",""rating_count"":""observed"",""review_count"":""unavailable"",""question_count"":""observed"",""delivery_summary"":""observed"",""shipping_cost"":""unavailable"",""properties"":""observed""}",true,
2026-08-14,2026-08-14T12:42:33+03:00,çocuk,BEST_SELLER,2,32,32,1,,44.6,30.4,944489107,982060,H&M Pamuklu Muslin Tulum,H&M,Tulum,https://www.trendyol.com/h-m/pamuklu-muslin-tulum-p-944489107?boutiqueId=61&merchantId=982060,H&M,,479.99,599.99,20,,TRY,"[""Son 10 Günün En Düşük Fiyatı"",""Kargo Bedava"",""Son 10 günün en düşük fiyatı""]",InStock,50 adetten fazla stok sunulmuştur,,,5,16,11,,5,"1,4B kişinin sepetinde","7,7B kişi favoriledi","Son 24 saatte 2,7B kişi görüntüledi",4999,TRY,0,6,1,10,Tahmini Teslim:,En Çok Satan 1. Ürün,https://cdn.dsmcdn.com/ty1931/prod/QC_ENRICHMENT/20260429/16/edb24a30-6d53-3ccd-b97e-e6a397ffb52f/1_org_zoom.jpg,"{""Kol Tipi"":""Kısa Kol"",""Kalıp"":""Regular"",""Kumaş Tipi"":""Belirtilmemiş"",""Renk"":""Beyaz"",""Materyal"":""Pamuklu"",""Yaka Tipi"":""Bisiklet Yaka"",""Cep"":""Çift cepli"",""Desen"":""Düz"",""Kol Boyu"":""Kısa"",""Dokuma Tipi"":""Müslin"",""Kemer/Kuşak Durumu"":""Kemersiz"",""Boy"":""Belirtilmemiş"",""Yıkama Talimatı"":""Type 1"",""Paça Tipi"":""Lastikli Paça"",""Menşei"":""IN""}",11,5,"[""search_result_dom"",""product_detail_jsonld"",""product_detail_dom""]","{""title"":""observed"",""brand"":""observed"",""seller_name"":""observed"",""seller_score"":""unavailable"",""price"":""observed"",""original_price"":""observed"",""campaigns"":""observed"",""stock_status"":""observed"",""stock_signal"":""observed"",""rating"":""observed"",""rating_count"":""observed"",""review_count"":""observed"",""question_count"":""observed"",""delivery_summary"":""observed"",""shipping_cost"":""observed"",""properties"":""observed""}",true,
2026-08-14,2026-08-14T12:42:33+03:00,çocuk,BEST_SELLER,2,33,33,1,,42.9,9.6,803899053,1188755,ENCİVA İsimli Özel Doğal Bebek Tarak Ve Ahşap Anı Küpü Seti Bebek Hediyelik Bakım Fotoğraf Yeni Doğan,ENCİVA,Bebek Hediyelik,https://www.trendyol.com/enciva/isimli-ozel-dogal-bebek-tarak-ve-ahsap-ani-kupu-seti-bebek-hediyelik-bakim-fotograf-yeni-dogan-p-803899053?boutiqueId=61&merchantId=1188755,ENCİVAN,82,333.46,,,,TRY,"[""Kargo Bedava"",""Trendyol Plus'a Özel""]",InStock,100 adetten fazla stok sunulmuştur,,,4,6056,4101,,25508,"1,6B kişinin sepetinde","160,1B kişi favoriledi","Son 24 saatte 1,6B kişi görüntüledi",4999,TRY,0,6,1,10,Tahmini Teslim:,En Çok Satan 1. Ürün,https://cdn.dsmcdn.com/ty1900/prod/QC_ENRICHMENT/20260721/20/75bc025c-13cc-3d6a-befc-664d3c5da703/1_org_zoom.jpg,"{""Renk"":""Bej"",""Menşei"":""TR""}",20,5,"[""search_result_dom"",""product_detail_jsonld"",""product_detail_dom""]","{""title"":""observed"",""brand"":""observed"",""seller_name"":""observed"",""seller_score"":""observed"",""price"":""observed"",""original_price"":""unavailable"",""campaigns"":""observed"",""stock_status"":""observed"",""stock_signal"":""observed"",""rating"":""observed"",""rating_count"":""observed"",""review_count"":""observed"",""question_count"":""observed"",""delivery_summary"":""observed"",""shipping_cost"":""observed"",""properties"":""observed""}",true,
2026-08-14,2026-08-14T12:42:33+03:00,çocuk,BEST_SELLER,2,34,34,1,,42.9,8,6877587,109486,Furkan Toys Cool Wheels Led Işıklı 3 Tekerlekli Yükseklik Ayarlı Twist Scooter,Furkan Toys,,https://www.trendyol.com/furkan-toys/cool-wheels-led-isikli-3-tekerlekli-yukseklik-ayarli-twist-scooter-p-6877587?boutiqueId=61&merchantId=109486,Oyuncak Paketim,93,927,,,,TRY,"[""Kargo Bedava""]",InStock,10 adetten fazla stok sunulmuştur,,,4.6,7325,,,1715,"1,6B kişinin sepetinde","83,4B kişi favoriledi","Son 24 saatte 5,2B kişi görüntüledi",,,0,,,,Tahmini Teslim:,En Çok Satan 1. Ürün,,{},0,,"[""search_result_dom"",""product_detail_jsonld"",""product_detail_dom""]","{""title"":""observed"",""brand"":""observed"",""seller_name"":""observed"",""seller_score"":""observed"",""price"":""observed"",""original_price"":""unavailable"",""campaigns"":""observed"",""stock_status"":""observed"",""stock_signal"":""observed"",""rating"":""observed"",""rating_count"":""observed"",""review_count"":""unavailable"",""question_count"":""observed"",""delivery_summary"":""observed"",""shipping_cost"":""unavailable"",""properties"":""observed""}",true,
2026-08-14,2026-08-14T12:42:33+03:00,çocuk,BEST_SELLER,2,35,35,2,,47.7,19.8,884099202,982060,H&M Sweatshirt Jogger Pantolon,H&M,,https://www.trendyol.com/h-m/sweatshirt-jogger-pantolon-p-884099202?boutiqueId=61&merchantId=982060,H&M,,399.99,499.99,20,,TRY,"[""20 TL Kupon"",""Son 10 Günün En Düşük Fiyatı"",""Süper Fırsat Ürünü"",""Kargo Bedava"",""Son 10 günün en düşük fiyatı""]",InStock,100 adetten fazla stok sunulmuştur,,,4.7,161,,,6,820 kişinin sepetinde,"8,2B kişi favoriledi","Son 24 saatte 1,7B kişi görüntüledi",,,0,,,,Tahmini Teslim:,En Çok Satan 2. Ürün,,{},0,,"[""search_result_dom"",""product_detail_jsonld"",""product_detail_dom""]","{""title"":""observed"",""brand"":""observed"",""seller_name"":""observed"",""seller_score"":""unavailable"",""price"":""observed"",""original_price"":""observed"",""campaigns"":""observed"",""stock_status"":""observed"",""stock_signal"":""observed"",""rating"":""observed"",""rating_count"":""observed"",""review_count"":""unavailable"",""question_count"":""observed"",""delivery_summary"":""observed"",""shipping_cost"":""unavailable"",""properties"":""observed""}",true,
2026-08-14,2026-08-14T12:42:33+03:00,çocuk,BEST_SELLER,2,36,36,,,47.9,20.2,858258668,982060,H&M 5'li Kaymaz Korumalı Çorap,H&M,,https://www.trendyol.com/h-m/5-li-kaymaz-korumali-corap-p-858258668?boutiqueId=61&merchantId=982060,H&M,5,299.99,389.99,23.1,,TRY,"[""20 TL Kupon"",""Son 10 Günün En Düşük Fiyatı"",""Süper Fırsat Ürünü"",""Kargo Bedava"",""Son 10 günün en düşük fiyatı""]",InStock,100 adetten fazla stok sunulmuştur,,,4.7,125,,,14,766 kişinin sepetinde,"17,7B kişi favoriledi","Son 24 saatte 1,5B kişi görüntüledi",,,0,,,,Tahmini Teslim:,En Çok Ziyaret Edilen 1. Ürün,,{},0,,"[""search_result_dom"",""product_detail_jsonld"",""product_detail_dom""]","{""title"":""observed"",""brand"":""observed"",""seller_name"":""observed"",""seller_score"":""observed"",""price"":""observed"",""original_price"":""observed"",""campaigns"":""observed"",""stock_status"":""observed"",""stock_signal"":""observed"",""rating"":""observed"",""rating_count"":""observed"",""review_count"":""unavailable"",""question_count"":""observed"",""delivery_summary"":""observed"",""shipping_cost"":""unavailable"",""properties"":""observed""}",true,
2026-08-14,2026-08-14T12:42:33+03:00,çocuk,BEST_SELLER,2,37,37,,,28.4,34.1,1176945656,982060,H&M 2 Parçalı Baskılı Sweatshirt Set,H&M,Sweatshirt,https://www.trendyol.com/h-m/2-parcali-baskili-sweatshirt-set-p-1176945656?boutiqueId=61&merchantId=982060,H&M,2,679.99,849.99,20,,TRY,"[""Sepette %20 İndirim"",""Kargo Bedava""]",InStock,5 adetten fazla stok sunulmuştur,,,5,1,1,,4,,,,4999,TRY,0,6,1,10,Tahmini Teslim:,,https://cdn.dsmcdn.com/ty1916/prod/QC_PREP/20260728/18/4b8fb489-38d1-3a9c-abee-3c574d22c985/1_org_zoom.jpg,"{""Kol Tipi"":""Standart Kol"",""Desen"":""Baskılı"",""Kalıp"":""Belirtilmemiş"",""Yaka Tipi"":""Bisiklet Yaka"",""Kumaş Tipi"":""Belirtilmemiş"",""Renk"":""Yeşil"",""Kol Boyu"":""Uzun"",""Boy"":""Belirtilmemiş"",""Menşei"":""BD""}",1,5,"[""search_result_dom"",""product_detail_jsonld"",""product_detail_dom""]","{""title"":""observed"",""brand"":""observed"",""seller_name"":""observed"",""seller_score"":""observed"",""price"":""observed"",""original_price"":""observed"",""campaigns"":""observed"",""stock_status"":""observed"",""stock_signal"":""observed"",""rating"":""observed"",""rating_count"":""observed"",""review_count"":""observed"",""question_count"":""observed"",""delivery_summary"":""observed"",""shipping_cost"":""observed"",""properties"":""observed""}",true,
2026-08-14,2026-08-14T12:42:33+03:00,çocuk,BEST_SELLER,2,38,38,2,,35.2,18.6,941912296,107242,Elele Potenza 4in1 Ebeveyn Kontrollü 5 Tekerlekli Çocuk Scooter Işıklı Oturaklı Kahverengi,Elele,Scooter,https://www.trendyol.com/elele/potenza-4in1-ebeveyn-kontrollu-5-tekerlekli-cocuk-scooter-isikli-oturakli-kahverengi-p-941912296?boutiqueId=61&merchantId=107242,Elelebaby,94,4912.65,5699,13.8,,TRY,"[""Kargo Bedava"",""Son 10 Günün En Düşük Fiyatı"",""Peşin Fiyatına 3 Taksit"",""Son 10 günün en düşük fiyatı""]",InStock,100 adetten fazla stok sunulmuştur,,,4.6,415,150,,209,,,,4999,TRY,0,3,1,6,Tahmini Teslim:,En Çok Satan 2. Ürün,https://cdn.dsmcdn.com/ty1687/prod/QC_PREP/20250602/10/faa13133-464d-33e8-bbc9-eebab3b14aa3/1_org_zoom.jpg,"{""Tekerlek Sayısı"":""4"",""Renk"":""Kahverengi"",""Yaş"":""1+ Yaş"",""Menşei"":""TR""}",20,5,"[""search_result_dom"",""product_detail_jsonld"",""product_detail_dom""]","{""title"":""observed"",""brand"":""observed"",""seller_name"":""observed"",""seller_score"":""observed"",""price"":""observed"",""original_price"":""observed"",""campaigns"":""observed"",""stock_status"":""observed"",""stock_signal"":""observed"",""rating"":""observed"",""rating_count"":""observed"",""review_count"":""observed"",""question_count"":""observed"",""delivery_summary"":""observed"",""shipping_cost"":""observed"",""properties"":""observed""}",true,
2026-08-14,2026-08-14T12:42:33+03:00,çocuk,BEST_SELLER,2,39,39,1,,24,13.5,1107222295,1007155,"Kids Yazlık Broklyn Usa Ny Baskılı Erkek Kız Çocuk Siyah Şort, Beyaz T-Shirt Takım (1 YAŞ BÜYÜK ALINIZ) bb",Kids,,https://www.trendyol.com/kids/yazlik-broklyn-usa-ny-baskili-erkek-kiz-cocuk-siyah-sort-beyaz-t-shirt-takim-1-yas-buyuk-aliniz-bb-p-1107222295?boutiqueId=61&merchantId=1007155,Birdirbir Kids,84,180,,,,TRY,"[""20 TL Kupon"",""Sepette %1 İndirim"",""Kargo Bedava""]",InStock,100 adetten fazla stok sunulmuştur,,,3.4,567,,,102,,,,,,0,,,,11 saat 14 dakika içinde sipariş verirsen en geç yarın kargoda!,En Çok Satan 1. Ürün,,{},0,,"[""search_result_dom"",""product_detail_jsonld"",""product_detail_dom""]","{""title"":""observed"",""brand"":""observed"",""seller_name"":""observed"",""seller_score"":""observed"",""price"":""observed"",""original_price"":""unavailable"",""campaigns"":""observed"",""stock_status"":""observed"",""stock_signal"":""observed"",""rating"":""observed"",""rating_count"":""observed"",""review_count"":""unavailable"",""question_count"":""observed"",""delivery_summary"":""observed"",""shipping_cost"":""unavailable"",""properties"":""observed""}",true,
2026-08-14,2026-08-14T12:42:33+03:00,çocuk,BEST_SELLER,2,40,40,3,,20,,1178235953,982060,H&M İçi Tüylü Jogger Pantolon,H&M,Eşofman Altı,https://www.trendyol.com/h-m/ici-tuylu-jogger-pantolon-p-1178235953?boutiqueId=61&merchantId=982060,H&M,,399.99,499.99,20,,TRY,"[""Sepette %20 İndirim"",""Kargo Bedava""]",InStock,10 adetten fazla stok sunulmuştur,,,,,,,2,517 kişinin sepetinde,498 kişi favoriledi,"Son 24 saatte 1,1B kişi görüntüledi",4999,TRY,0,6,1,10,Tahmini Teslim:,En Çok Satan 3. Ürün,https://cdn.dsmcdn.com/ty1935/prod/QC_PREP/20260731/17/6fe394f4-d46d-3a77-b6ae-7b65fdbce16c/1_org_zoom.jpg,"{""Kalıp"":""Regular"",""Paça Boyu"":""Uzun"",""Renk"":""Lacivert"",""Cep"":""Cepli"",""Desen"":""Düz"",""Boy"":""Belirtilmemiş"",""Siluet"":""Jogger"",""Kumaş Tipi"":""Belirtilmemiş"",""Menşei"":""ID""}",0,,"[""search_result_dom"",""product_detail_jsonld"",""product_detail_dom""]","{""title"":""observed"",""brand"":""observed"",""seller_name"":""observed"",""seller_score"":""unavailable"",""price"":""observed"",""original_price"":""observed"",""campaigns"":""observed"",""stock_status"":""observed"",""stock_signal"":""observed"",""rating"":""unavailable"",""rating_count"":""unavailable"",""review_count"":""unavailable"",""question_count"":""observed"",""delivery_summary"":""observed"",""shipping_cost"":""observed"",""properties"":""observed""}",true,
2026-08-14,2026-08-14T12:42:33+03:00,çocuk,BEST_SELLER,2,41,41,,,20,,1176945498,982060,H&M 3'lü Pamuklu ve Uzun Kollu Tişört,H&M,,https://www.trendyol.com/h-m/3-lu-pamuklu-ve-uzun-kollu-tisort-p-1176945498?boutiqueId=61&merchantId=982060,H&M,3,679.99,849.99,20,,TRY,"[""Sepette %20 İndirim"",""Kargo Bedava""]",InStock,10 adetten fazla stok sunulmuştur,,,,,,,1,"1,2B kişinin sepetinde","3,5B kişi favoriledi","Son 24 saatte 4,7B kişi görüntüledi",,,0,,,,Tahmini Teslim:,,,{},0,,"[""search_result_dom"",""product_detail_jsonld"",""product_detail_dom""]","{""title"":""observed"",""brand"":""observed"",""seller_name"":""observed"",""seller_score"":""observed"",""price"":""observed"",""original_price"":""observed"",""campaigns"":""observed"",""stock_status"":""observed"",""stock_signal"":""observed"",""rating"":""unavailable"",""rating_count"":""unavailable"",""review_count"":""unavailable"",""question_count"":""observed"",""delivery_summary"":""observed"",""shipping_cost"":""unavailable"",""properties"":""observed""}",true,
2026-08-14,2026-08-14T12:42:33+03:00,çocuk,BEST_SELLER,2,42,42,,,8,26,1105485377,982060,H&M 3 Parçalı Pamuklu Set,H&M,Bebek Takımı,https://www.trendyol.com/h-m/3-parcali-pamuklu-set-p-1105485377?boutiqueId=61&merchantId=982060,H&M,3,1149,,,,TRY,"[""Kargo Bedava"",""Peşin Fiyatına 3 Taksit""]",InStock,10 adetten fazla stok sunulmuştur,,,4.9,13,9,,3,578 kişinin sepetinde,"13,8B kişi favoriledi","Son 24 saatte 5,2B kişi görüntüledi",4999,TRY,0,6,1,10,Tahmini Teslim:,En Çok Ziyaret Edilen 1. Ürün,https://cdn.dsmcdn.com/ty1828/prod/QC_PREP/20260217/16/c0042149-bef7-3969-9dec-5883ba2d9416/1_org_zoom.jpg,"{""Materyal"":""Pamuklu"",""Renk"":""Bej"",""Yaka Tipi"":""Kapüşonlu"",""Yıkama Talimatı"":""T44"",""Kumaş Tipi"":""Belirtilmemiş"",""Boy"":""Belirtilmemiş"",""Kalıp"":""Belirtilmemiş"",""Paça Tipi"":""Lastikli Paça"",""Kol Boyu"":""Uzun"",""Kol Tipi"":""Uzun Kol"",""Menşei"":""BD""}",9,5,"[""search_result_dom"",""product_detail_jsonld"",""product_detail_dom""]","{""title"":""observed"",""brand"":""observed"",""seller_name"":""observed"",""seller_score"":""observed"",""price"":""observed"",""original_price"":""unavailable"",""campaigns"":""observed"",""stock_status"":""observed"",""stock_signal"":""observed"",""rating"":""observed"",""rating_count"":""observed"",""review_count"":""observed"",""question_count"":""observed"",""delivery_summary"":""observed"",""shipping_cost"":""observed"",""properties"":""observed""}",true,
2026-08-14,2026-08-14T12:42:33+03:00,çocuk,BEST_SELLER,2,43,43,,,39.9,8.6,1010359257,357212,Go Toys Go Magnetic Series 2 Adet Araba Eklentisi Manyetik Oyuncak - Mıknatıslı Manyetik Bloklar,Go Toys,Eğitici Oyuncak,https://www.trendyol.com/go-toys/go-magnetic-series-2-adet-araba-eklentisi-manyetik-oyuncak-miknatisli-manyetik-bloklar-p-1010359257?boutiqueId=61&merchantId=357212,Shopist,9,327.68,385.5,15,,TRY,"[""Sepette %15 İndirim"",""Kargo Bedava""]",InStock,100 adetten fazla stok sunulmuştur,,,4.3,2729,1311,,166,"2,4B kişinin sepetinde","98,3B kişi favoriledi",Son 24 saatte 805 kişi görüntüledi,4999,TRY,0,1,1,4,11 saat 14 dakika içinde sipariş verirsen en geç yarın kargoda!,,https://cdn.dsmcdn.com/ty1000389/product/media/images/prod/PIM/20260417/06/10a07daf-0d4b-4394-9e25-5c4287910c1a/1_org_zoom.jpg,"{""Paket İçeriği"":""2'li"",""Yaş"":""3+ Yaş"",""Piller Kutuya Dahil Mi?"":""Hayır"",""Dil"":""Evrensel Dil"",""Pil ile mi çalışır?"":""Hayır"",""Menşei"":""TR""}",20,5,"[""search_result_dom"",""product_detail_jsonld"",""product_detail_dom""]","{""title"":""observed"",""brand"":""observed"",""seller_name"":""observed"",""seller_score"":""observed"",""price"":""observed"",""original_price"":""observed"",""campaigns"":""observed"",""stock_status"":""observed"",""stock_signal"":""observed"",""rating"":""observed"",""rating_count"":""observed"",""review_count"":""observed"",""question_count"":""observed"",""delivery_summary"":""observed"",""shipping_cost"":""observed"",""properties"":""observed""}",true,
2026-08-14,2026-08-14T12:42:33+03:00,çocuk,BEST_SELLER,2,44,44,1,,28.2,4.8,380127062,836669,Genel Markalar Organik Kumaş Fitilli 5 Parça Hastane Çıkışı Set,Genel Markalar,,https://www.trendyol.com/genel-markalar/organik-kumas-fitilli-5-parca-hastane-cikisi-set-p-380127062?boutiqueId=61&merchantId=836669,Furyatex,93,239.5,,,,TRY,"[""20 TL Kupon"",""Sepette %1 İndirim"",""Kargo Bedava""]",InStock,100 adetten fazla stok sunulmuştur,,,4.3,3371,,,302,"4,3B kişinin sepetinde","155,7B kişi favoriledi",Son 24 saatte 2B kişi görüntüledi,,,0,,,,Tahmini Teslim:,En Çok Satan 1. Ürün,,{},0,,"[""search_result_dom"",""product_detail_jsonld"",""product_detail_dom""]","{""title"":""observed"",""brand"":""observed"",""seller_name"":""observed"",""seller_score"":""observed"",""price"":""observed"",""original_price"":""unavailable"",""campaigns"":""observed"",""stock_status"":""observed"",""stock_signal"":""observed"",""rating"":""observed"",""rating_count"":""observed"",""review_count"":""unavailable"",""question_count"":""observed"",""delivery_summary"":""observed"",""shipping_cost"":""unavailable"",""properties"":""observed""}",true,
2026-08-14,2026-08-14T12:42:33+03:00,çocuk,BEST_SELLER,2,45,45,1,,19.5,13,1113146700,624822,My Kids Wear Kız Çocuk Deniz Yüzücü Mayoları 5-16 Yaş 12614,My Kids Wear,,https://www.trendyol.com/my-kids-wear/kiz-cocuk-deniz-yuzucu-mayolari-5-16-yas-12614-p-1113146700?boutiqueId=61&merchantId=624822,My Kids Wear,,319,,,,TRY,"[""20 TL Kupon"",""Kargo Bedava"",""Trendyol Plus'a Özel""]",InStock,100 adetten fazla stok sunulmuştur,,,4.1,276,,,74,,,,,,0,,,,Tahmini Teslim:,En Çok Satan 1. Ürün,,{},0,,"[""search_result_dom"",""product_detail_jsonld"",""product_detail_dom""]","{""title"":""observed"",""brand"":""observed"",""seller_name"":""observed"",""seller_score"":""unavailable"",""price"":""observed"",""original_price"":""unavailable"",""campaigns"":""observed"",""stock_status"":""observed"",""stock_signal"":""observed"",""rating"":""observed"",""rating_count"":""observed"",""review_count"":""unavailable"",""question_count"":""observed"",""delivery_summary"":""observed"",""shipping_cost"":""unavailable"",""properties"":""observed""}",true,
2026-08-14,2026-08-14T12:42:33+03:00,çocuk,BEST_SELLER,2,46,46,2,,17.9,14.1,1086149880,893539,"MİNNOŞŞ pelüş,welsoft tulum bebe",MİNNOŞŞ,Tulum,https://www.trendyol.com/minnoss/pelus-welsoft-tulum-bebe-p-1086149880?boutiqueId=61&merchantId=893539,FEYZA,89,199.99,,,,TRY,"[""20 TL Kupon"",""Kargo Bedava"",""Trendyol Plus'a Özel""]",InStock,5 adetten fazla stok sunulmuştur,,,4.5,344,173,,99,,,,4999,TRY,0,1,1,4,11 saat 13 dakika içinde sipariş verirsen en geç yarın kargoda!,En Çok Satan 2. Ürün,https://cdn.dsmcdn.com/ty1810/prod/QC_ENRICHMENT/20260116/09/40d28829-99a9-3d63-abdc-3f28e78d0ca9/1_org_zoom.jpg,"{""Kol Tipi"":""Uzun Kol"",""Kalıp"":""Regular"",""Kumaş Tipi"":""Örme"",""Renk"":""Ekru"",""Materyal"":""Peluş"",""Yaka Tipi"":""Dik Yaka"",""Cep"":""Cepsiz"",""Desen"":""Baskılı"",""Kol Boyu"":""Uzun"",""Ürün Tipi"":""Düz"",""Kemer/Kuşak Durumu"":""Kemersiz"",""Ortam"":""Günlük"",""Sürdürülebilirlik Detayı"":""Hayır"",""Boy"":""Normal Boy"",""Yıkama Talimatı"":""T44"",""Paça Tipi"":""Manşetli Paça"",""Siluet"":""Uzun"",""Menşei"":""TR"",""Kutu Durumu"":""Kutu yok""}",20,5,"[""search_result_dom"",""product_detail_jsonld"",""product_detail_dom""]","{""title"":""observed"",""brand"":""observed"",""seller_name"":""observed"",""seller_score"":""observed"",""price"":""observed"",""original_price"":""unavailable"",""campaigns"":""observed"",""stock_status"":""observed"",""stock_signal"":""observed"",""rating"":""observed"",""rating_count"":""observed"",""review_count"":""observed"",""question_count"":""observed"",""delivery_summary"":""observed"",""shipping_cost"":""observed"",""properties"":""observed""}",true,
2026-08-14,2026-08-14T12:42:33+03:00,çocuk,BEST_SELLER,2,47,47,3,,17.1,14.4,247517099,1188,Defacto Baskılı 5'li Pamuklu Patik Çorap Erkek Çocuk W8885A6NS,Defacto,Çorap,https://www.trendyol.com/defacto/baskili-5-li-pamuklu-patik-corap-erkek-cocuk-w8885a6ns-p-247517099?boutiqueId=61&merchantId=1188,DeFacto,86,249.99,,,,TRY,"[""20 TL Kupon""]",InStock,100 adetten fazla stok sunulmuştur,,,4.6,411,135,,9,"1,4B kişinin sepetinde","5,2B kişi favoriledi",Son 24 saatte 328 kişi görüntüledi,4999,TRY,0,1,1,4,Tahmini Teslim:,En Çok Satan 3. Ürün,https://cdn.dsmcdn.com/ty1837/prod/QC_ENRICHMENT/20260313/04/7ddbade9-7b40-39ae-bd9f-c19c27338fda/1_org_zoom.jpg,"{""Materyal"":""Pamuklu"",""Sürdürülebilirlik Detayı"":""Hayır"",""Tip"":""Patik çorap"",""Renk"":""Çok Renkli"",""Paket İçeriği"":""5'li"",""Desen"":""Desenli"",""Teknik"":""Yok"",""Ürün Tipi"":""Baskılı"",""Kumaş Tipi"":""Örme"",""Siluet"":""Kısa"",""Materyal Bileşeni"":""Pamuklu"",""Ortam"":""Casual/Günlük"",""Dokuma Tipi"":""Jakar"",""Yıkama Talimatı"":""Type 1"",""Ek Özellik"":""Esnek"",""Boy"":""Regular"",""Menşei"":""TR""}",20,5,"[""search_result_dom"",""product_detail_jsonld"",""product_detail_dom""]","{""title"":""observed"",""brand"":""observed"",""seller_name"":""observed"",""seller_score"":""observed"",""price"":""observed"",""original_price"":""unavailable"",""campaigns"":""observed"",""stock_status"":""observed"",""stock_signal"":""observed"",""rating"":""observed"",""rating_count"":""observed"",""review_count"":""observed"",""question_count"":""observed"",""delivery_summary"":""observed"",""shipping_cost"":""observed"",""properties"":""observed""}",true,
2026-08-14,2026-08-14T12:42:33+03:00,çocuk,BEST_SELLER,2,48,48,1,,10.6,20.4,858277375,982060,H&M Tüylü Ceket,H&M,,https://www.trendyol.com/h-m/tuylu-ceket-p-858277375?boutiqueId=61&merchantId=982060,H&M,,699.99,,,,TRY,"[""Kargo Bedava""]",InStock,Son 3 Ürün,,,4.9,20,,,3,330 kişinin sepetinde,"14,3B kişi favoriledi",Son 24 saatte 4B kişi görüntüledi,,,0,,,,Tahmini Teslim:,En Çok Satan 1. Ürün,,{},0,,"[""search_result_dom"",""product_detail_jsonld"",""product_detail_dom""]","{""title"":""observed"",""brand"":""observed"",""seller_name"":""observed"",""seller_score"":""unavailable"",""price"":""observed"",""original_price"":""unavailable"",""campaigns"":""observed"",""stock_status"":""observed"",""stock_signal"":""observed"",""rating"":""observed"",""rating_count"":""observed"",""review_count"":""unavailable"",""question_count"":""observed"",""delivery_summary"":""observed"",""shipping_cost"":""unavailable"",""properties"":""observed""}",true,
2026-08-14,2026-08-14T12:42:33+03:00,çocuk,BEST_SELLER,4,49,49,2,,22.6,7.9,37828416,207099,Bitex Set Şampuan 200Ml + Sprey 100Ml,Bitex,Şampuan,https://www.trendyol.com/bitex/set-sampuan-200ml-sprey-100ml-p-37828416?boutiqueId=61&merchantId=207099,PİGMENT KOZMETİK LTD. ŞTİ.,93,160.5,,,,TRY,"[""Sepette %25 İndirim"",""Kargo Bedava"",""Son 10 Günün En Düşük Fiyatı""]",InStock,100 adetten fazla stok sunulmuştur,,,4.4,1365,658,,375,330 kişinin sepetinde,"4,5B kişi favoriledi",,4999,TRY,0,1,1,4,13 dakika 46 saniye içinde sipariş verirsen en geç bugün kargoda!,En Çok Satan 2. Ürün,https://cdn.dsmcdn.com/ty1805/prod/QC_ENRICHMENT/20251225/15/d486e29e-3817-3dda-a43a-53b55de2ba97/1_org_zoom.jpg,"{""Etki"":""Nemlendirici"",""Hacim"":""10 ml"",""Saç Tipi"":""Tüm Saç Tipleri"",""Menşei"":""TR"",""Refill"":""Evet""}",20,5,"[""search_result_dom"",""product_detail_jsonld"",""product_detail_dom""]","{""title"":""observed"",""brand"":""observed"",""seller_name"":""observed"",""seller_score"":""observed"",""price"":""observed"",""original_price"":""unavailable"",""campaigns"":""observed"",""stock_status"":""observed"",""stock_signal"":""observed"",""rating"":""observed"",""rating_count"":""observed"",""review_count"":""observed"",""question_count"":""observed"",""delivery_summary"":""observed"",""shipping_cost"":""observed"",""properties"":""observed""}",true,
2026-08-14,2026-08-14T12:42:33+03:00,çocuk,BEST_SELLER,4,50,50,3,,21.3,8.7,736098188,327579,Pijamayo Kısa Kollu Erkek Bebek Çocuk Aslan Baskılı Bone Ve Mayo Takımı,Pijamayo,Mayo,https://www.trendyol.com/pijamayo/kisa-kollu-erkek-bebek-cocuk-aslan-baskili-bone-ve-mayo-takimi-p-736098188?boutiqueId=61&merchantId=327579,PijaMayo,95,315.13,,,,TRY,"[""20 TL Kupon"",""Kargo Bedava"",""Trendyol Plus'a Özel""]",InStock,100 adetten fazla stok sunulmuştur,,,4.6,834,454,,123,964 kişinin sepetinde,25B kişi favoriledi,Son 24 saatte 585 kişi görüntüledi,4999,TRY,0,1,1,4,11 saat 13 dakika içinde sipariş verirsen en geç yarın kargoda!,En Çok Satan 3. Ürün,https://cdn.dsmcdn.com/ty1519/product/media/images/prod/QC/20240902/00/eed9a028-05e1-3cf9-84a4-1454184fd0ec/1_org_zoom.jpg,"{""Kutu Durumu"":""Kutu yok"",""Materyal"":""Likra"",""Sürdürülebilirlik Detayı"":""Hayır"",""Kalıp"":""Regular"",""Desen"":""Baskılı"",""Renk"":""Turuncu"",""Ürün Detayı"":""Fermuar"",""Ürün Tipi"":""Baskılı"",""Koleksiyon"":""Plaj Tekstil"",""Kap"":""Kapsız"",""Kumaş Tipi"":""Dokuma"",""Ek Özellik"":""Ek Özellik Mevcut Değil"",""Kol Boyu"":""Kısa"",""Siluet"":""Halter"",""Persona"":""Young"",""Dokuma Tipi"":""Dalgıç/Scuba"",""Alt Siluet"":""Boxer"",""Ortam"":""Beachwear"",""Yıkama Talimatı"":""Type 3"",""Üst Siluet"":""Halter"",""Arka Açıklık"":""Kapalı"",""Menşei"":""TR"",""Sezon"":""Yaz"",""Kapama Şekli"":""Yarım Pat Fermuar""}",20,5,"[""search_result_dom"",""product_detail_jsonld"",""product_detail_dom""]","{""title"":""observed"",""brand"":""observed"",""seller_name"":""observed"",""seller_score"":""observed"",""price"":""observed"",""original_price"":""unavailable"",""campaigns"":""observed"",""stock_status"":""observed"",""stock_signal"":""observed"",""rating"":""observed"",""rating_count"":""observed"",""review_count"":""observed"",""question_count"":""observed"",""delivery_summary"":""observed"",""shipping_cost"":""observed"",""properties"":""observed""}",true,
2026-08-14,2026-08-14T12:42:33+03:00,çocuk,BEST_SELLER,4,51,51,,,29.1,0.9,212062053,159186,Seher Erkek Çocuk Beyaz Penye Atlet 6 Adet 0036,Seher,Atlet,https://www.trendyol.com/seher/erkek-cocuk-beyaz-penye-atlet-6-adet-0036-p-212062053?boutiqueId=61&merchantId=159186,,,278,,,,TRY,"[""Kargo Bedava"",""Trendyol Plus'a Özel""]",InStock,,,,4.4,8756,4381,,,,,,4999,TRY,0,,1,4,,,https://cdn.dsmcdn.com/ty997/product/media/images/prod/SPM/PIM/20230908/12/79fac42a-b8fd-329e-9963-4daf321a3cc3/1_org_zoom.jpg,"{""Sezon"":""Tüm Sezonlar"",""Kol Tipi"":""Kolsuz"",""Yaka Tipi"":""Bisiklet Yaka"",""Materyal"":""Penye"",""Renk"":""Beyaz"",""Paket İçeriği"":""6'lı"",""Desen"":""Düz"",""Ürün Detayı"":""Biyeli"",""Ürün Tipi"":""Düz"",""Kalıp"":""Regular"",""Kol Boyu"":""Kolsuz"",""Koleksiyon"":""İç Giyim"",""Kumaş Tipi"":""Dokuma"",""Ek Özellik"":""Ek Özellik Mevcut Değil"",""Dokuma Tipi"":""2 İplik"",""Siluet"":""Regular"",""Baskı/Nakış Tekniği"":""Baskısız"",""Ortam"":""Casual/Günlük"",""Sürdürülebilirlik Detayı"":""Hayır"",""Boy"":""Regular"",""Materyal Bileşeni"":""100% Pamuk"",""Yıkama Talimatı"":""Type 1"",""Menşei"":""TR""}",20,5,"[""search_result_dom"",""product_detail_jsonld"",""product_detail_dom""]","{""title"":""observed"",""brand"":""observed"",""seller_name"":""unavailable"",""seller_score"":""unavailable"",""price"":""observed"",""original_price"":""unavailable"",""campaigns"":""observed"",""stock_status"":""observed"",""stock_signal"":""unavailable"",""rating"":""observed"",""rating_count"":""observed"",""review_count"":""observed"",""question_count"":""unavailable"",""delivery_summary"":""unavailable"",""shipping_cost"":""observed"",""properties"":""observed""}",true,
2026-08-14,2026-08-14T12:42:33+03:00,çocuk,BEST_SELLER,4,52,52,2,,10.7,19.3,1164437029,290479,Mai Perla Yenidoğan Organik Pamuk Gökkuşağı Desenli Patikli 4 Parça Bebek Hastane Çıkışı Seti,Mai Perla,,https://www.trendyol.com/mai-perla/yenidogan-organik-pamuk-gokkusagi-desenli-patikli-4-parca-bebek-hastane-cikisi-seti-p-1164437029?boutiqueId=61&merchantId=290479,Mai Perla,,199.9,,,,TRY,"[""20 TL Kupon"",""Kargo Bedava"",""Trendyol Plus'a Özel""]",InStock,100 adetten fazla stok sunulmuştur,,,4.6,21,,,3,,,,,,0,,,,11 saat 13 dakika içinde sipariş verirsen en geç yarın kargoda!,En Çok Satan 2. Ürün,,{},0,,"[""search_result_dom"",""product_detail_jsonld"",""product_detail_dom""]","{""title"":""observed"",""brand"":""observed"",""seller_name"":""observed"",""seller_score"":""unavailable"",""price"":""observed"",""original_price"":""unavailable"",""campaigns"":""observed"",""stock_status"":""observed"",""stock_signal"":""observed"",""rating"":""observed"",""rating_count"":""observed"",""review_count"":""unavailable"",""question_count"":""observed"",""delivery_summary"":""observed"",""shipping_cost"":""unavailable"",""properties"":""observed""}",true,
2026-08-14,2026-08-14T12:42:33+03:00,çocuk,BEST_SELLER,4,53,53,1,,25.5,4.5,87502008,1293264,Genel Markalar Bit Spreyi Ve Şampuan Tarak Set,Genel Markalar,Şampuan,https://www.trendyol.com/genel-markalar/bit-spreyi-ve-sampuan-tarak-set-p-87502008?boutiqueId=61&merchantId=1293264,Çiçek Life,92,170,,,,TRY,"[""Kargo Bedava""]",InStock,5 adetten fazla stok sunulmuştur,,,4.4,3379,1546,,902,400 kişinin sepetinde,"14,7B kişi favoriledi",,4999,TRY,0,,1,4,11 saat 13 dakika içinde sipariş verirsen en geç yarın kargoda!,En Çok Satan 1. Ürün,https://cdn.dsmcdn.com/ty1552/product/media/images/ty1553/prod/QC/20240917/15/9b5a1302-bd50-30a0-a2ac-0a8c9aeebcc6/1_org_zoom.jpg,"{""Etki"":""Onarıcı"",""Hacim"":""1000 ml ve üzeri"",""Saç Tipi"":""Tüm Saç Tipleri"",""Menşei"":""TR"",""Ürün Güvenliği Bilgisi"":""Tehlikeli Değil"",""Refill"":""Hayır""}",20,5,"[""search_result_dom"",""product_detail_jsonld"",""product_detail_dom""]","{""title"":""observed"",""brand"":""observed"",""seller_name"":""observed"",""seller_score"":""observed"",""price"":""observed"",""original_price"":""unavailable"",""campaigns"":""observed"",""stock_status"":""observed"",""stock_signal"":""observed"",""rating"":""observed"",""rating_count"":""observed"",""review_count"":""observed"",""question_count"":""observed"",""delivery_summary"":""observed"",""shipping_cost"":""observed"",""properties"":""observed""}",true,
2026-08-14,2026-08-14T12:42:33+03:00,çocuk,BEST_SELLER,4,54,54,,,10,20,1157437173,109643,"Rüya Gezegeni 1 Adet Mini Taş - Kağıt - Makas Oyunu Anahtarlık , Parmak Oyuncağı , Parti Hediye , Stres Giderici Hediye",Rüya Gezegeni,Eğitici Oyuncak,https://www.trendyol.com/ruya-gezegeni/1-adet-mini-tas-kagit-makas-oyunu-anahtarlik-parmak-oyuncagi-parti-hediye-stres-giderici-hediye-p-1157437173?boutiqueId=61&merchantId=109643,Rüya Gezegeni,89,23.79,,,,TRY,"[""Kargo Bedava""]",InStock,100 adetten fazla stok sunulmuştur,,,4.1,36,17,,20,840 kişinin sepetinde,4B kişi favoriledi,Son 24 saatte 814 kişi görüntüledi,4999,TRY,0,1,1,4,Tahmini Teslim:,,https://cdn.dsmcdn.com/ty1896/prod/QC_PREP/20260617/14/347a899a-5305-3228-8903-50cbe492cc33/1_org_zoom.jpg,"{""Paket İçeriği"":""1+"",""Yaş"":""5+ Yaş"",""Piller Kutuya Dahil Mi?"":""Hayır"",""Dil"":""Türkçe"",""Pil ile mi çalışır?"":""Hayır"",""Menşei"":""TR""}",17,4,"[""search_result_dom"",""product_detail_jsonld"",""product_detail_dom""]","{""title"":""observed"",""brand"":""observed"",""seller_name"":""observed"",""seller_score"":""observed"",""price"":""observed"",""original_price"":""unavailable"",""campaigns"":""observed"",""stock_status"":""observed"",""stock_signal"":""observed"",""rating"":""observed"",""rating_count"":""observed"",""review_count"":""observed"",""question_count"":""observed"",""delivery_summary"":""observed"",""shipping_cost"":""observed"",""properties"":""observed""}",true,
2026-08-14,2026-08-14T12:42:33+03:00,çocuk,BEST_SELLER,4,55,55,,,18.5,11.5,1076057609,655506,Lui Baby 6'lı Paket Yenidoğan Bebek Pamuk Çorap 0/6 Ay,Lui Baby,,https://www.trendyol.com/lui-baby/6-li-paket-yenidogan-bebek-pamuk-corap-0-6-ay-p-1076057609?boutiqueId=61&merchantId=655506,Lui Baby,6,199.99,,,,TRY,"[""Sepette %1 İndirim"",""20 TL Kupon"",""Kargo Bedava"",""Trendyol Plus'a Özel""]",InStock,100 adetten fazla stok sunulmuştur,,,4.8,202,,,9,"1,1B kişinin sepetinde","15,3B kişi favoriledi",Son 24 saatte 977 kişi görüntüledi,,,0,,,,13 dakika 29 saniye içinde sipariş verirsen en geç bugün kargoda!,En Çok Ziyaret Edilen 2. Ürün,,{},0,,"[""search_result_dom"",""product_detail_jsonld"",""product_detail_dom""]","{""title"":""observed"",""brand"":""observed"",""seller_name"":""observed"",""seller_score"":""observed"",""price"":""observed"",""original_price"":""unavailable"",""campaigns"":""observed"",""stock_status"":""observed"",""stock_signal"":""observed"",""rating"":""observed"",""rating_count"":""observed"",""review_count"":""unavailable"",""question_count"":""observed"",""delivery_summary"":""observed"",""shipping_cost"":""unavailable"",""properties"":""observed""}",true,
2026-08-14,2026-08-14T12:42:33+03:00,çocuk,BEST_SELLER,4,56,56,2,,45.3,18.3,949434512,982060,H&M Spor Ayakkabı,H&M,,https://www.trendyol.com/h-m/spor-ayakkabi-p-949434512?boutiqueId=61&merchantId=982060,H&M,,729.99,1099,33.6,,TRY,"[""Son 10 Günün En Düşük Fiyatı"",""Kargo Bedava"",""Son 10 günün en düşük fiyatı""]",InStock,,,,4.8,28,,,10,502 kişinin sepetinde,"2,9B kişi favoriledi","Son 24 saatte 2,8B kişi görüntüledi",,,0,,,,Tahmini Teslim:,En Çok Satan 2. Ürün,,{},0,,"[""search_result_dom"",""product_detail_jsonld"",""product_detail_dom""]","{""title"":""observed"",""brand"":""observed"",""seller_name"":""observed"",""seller_score"":""unavailable"",""price"":""observed"",""original_price"":""observed"",""campaigns"":""observed"",""stock_status"":""observed"",""stock_signal"":""unavailable"",""rating"":""observed"",""rating_count"":""observed"",""review_count"":""unavailable"",""question_count"":""observed"",""delivery_summary"":""observed"",""shipping_cost"":""unavailable"",""properties"":""observed""}",true,
2026-08-14,2026-08-14T12:42:33+03:00,çocuk,BEST_SELLER,4,57,57,,,65.6,24.4,1137564581,1188,Defacto %100 Pamuk Oversıze Kısa Kollu Polo Tişört Erkek Bebek G7483A526SM,Defacto,,https://www.trendyol.com/defacto/100-pamuk-oversize-kisa-kollu-polo-tisort-erkek-bebek-g7483a526sm-p-1137564581?boutiqueId=61&merchantId=1188,DeFacto,86,200,499.99,60,,TRY,"[""Sepette %60 İndirim"",""20 TL Kupon"",""Süper Fırsat Ürünü""]",InStock,50 adetten fazla stok sunulmuştur,,,5,4,,,2,,,,,,0,,,,Tahmini Teslim:,,,{},0,,"[""search_result_dom"",""product_detail_jsonld"",""product_detail_dom""]","{""title"":""observed"",""brand"":""observed"",""seller_name"":""observed"",""seller_score"":""observed"",""price"":""observed"",""original_price"":""observed"",""campaigns"":""observed"",""stock_status"":""observed"",""stock_signal"":""observed"",""rating"":""observed"",""rating_count"":""observed"",""review_count"":""unavailable"",""question_count"":""observed"",""delivery_summary"":""observed"",""shipping_cost"":""unavailable"",""properties"":""observed""}",true,
2026-08-14,2026-08-14T12:42:33+03:00,çocuk,BEST_SELLER,4,58,58,1,,23.4,6.6,137975483,104968,Dolu Su Ve Kum Aktivite Masası Kırmızı 3070,Dolu,Plaj Oyuncakları,https://www.trendyol.com/dolu/su-ve-kum-aktivite-masasi-kirmizi-3070-p-137975483?boutiqueId=61&merchantId=104968,Happy Center,92,1676.99,,,,TRY,"[""50 TL Kupon"",""Kargo Bedava"",""Peşin Fiyatına 3 Taksit""]",InStock,100 adetten fazla stok sunulmuştur,,,4.7,1601,837,,416,,,,4999,TRY,0,,1,4,2 saat 13 dakika içinde sipariş verirsen en geç bugün kargoda!,En Çok Satan 1. Ürün,https://cdn.dsmcdn.com/ty170/product/media/images/20210901/18/124687722/235702026/1/1_org_zoom.jpg,"{""Renk"":""Mavi"",""Paket İçeriği"":""1'li"",""Yaş"":""3 - 4 Yaş"",""Menşei"":""TR"",""Özellik"":""Suya Dayanıklı""}",20,5,"[""search_result_dom"",""product_detail_jsonld"",""product_detail_dom""]","{""title"":""observed"",""brand"":""observed"",""seller_name"":""observed"",""seller_score"":""observed"",""price"":""observed"",""original_price"":""unavailable"",""campaigns"":""observed"",""stock_status"":""observed"",""stock_signal"":""observed"",""rating"":""observed"",""rating_count"":""observed"",""review_count"":""observed"",""question_count"":""observed"",""delivery_summary"":""observed"",""shipping_cost"":""observed"",""properties"":""observed""}",true,
2026-08-14,2026-08-14T12:42:33+03:00,çocuk,BEST_SELLER,4,59,59,,,19.6,10.4,973845507,744768,Nandy Home Tavşan Model Karakter Figürü 3D Yapı Oyuncakları,Nandy Home,Yapı Oyuncakları,https://www.trendyol.com/nandy-home/tavsan-model-karakter-figuru-3d-yapi-oyuncaklari-p-973845507?boutiqueId=61&merchantId=744768,Nandy Kids,96,141.08,,,,TRY,"[""Kargo Bedava"",""Trendyol Plus'a Özel""]",InStock,100 adetten fazla stok sunulmuştur,,,4.6,610,279,,52,"1,7B kişinin sepetinde","64,5B kişi favoriledi",Son 24 saatte 749 kişi görüntüledi,4999,TRY,0,,1,4,2 saat 13 dakika içinde sipariş verirsen en geç bugün kargoda!,,https://cdn.dsmcdn.com/ty1918/prod/QC_ENRICHMENT/20260522/10/2cd95bf3-6f2c-3e98-8d6b-35852492ba0e/1_org_zoom.jpg,"{""Seri"":""Mini Figürler"",""Parça Sayısı"":""51-100"",""Yaş"":""6+ Yaş"",""Diğer Özellikler"":""."",""Menşei"":""CN"",""Ürün Uyarıları (Oyuncak)"":""Küçük parçalar içerir. 3 yaş altı çocuklar için uygun değildir."",""Batarya Türü"":""Diğer"",""Özellik"":""Standart""}",20,5,"[""search_result_dom"",""product_detail_jsonld"",""product_detail_dom""]","{""title"":""observed"",""brand"":""observed"",""seller_name"":""observed"",""seller_score"":""observed"",""price"":""observed"",""original_price"":""unavailable"",""campaigns"":""observed"",""stock_status"":""observed"",""stock_signal"":""observed"",""rating"":""observed"",""rating_count"":""observed"",""review_count"":""observed"",""question_count"":""observed"",""delivery_summary"":""observed"",""shipping_cost"":""observed"",""properties"":""observed""}",true,
2026-08-14,2026-08-14T12:42:33+03:00,çocuk,BEST_SELLER,4,60,60,,,19.8,20.2,950536080,1188,Defacto 2'li Takım Baskılı Kısa Kollu Fitilli Kaşkorse Tişört Beli Lastikli Şort Kız Bebek E8245A525SM,Defacto,,https://www.trendyol.com/defacto/2-li-takim-baskili-kisa-kollu-fitilli-kaskorse-tisort-beli-lastikli-sort-kiz-bebek-e8245a525sm-p-950536080?boutiqueId=61&merchantId=1188,DeFacto,86,449.99,499.99,10,,TRY,"[""Sepette %10 İndirim"",""20 TL Kupon"",""Kargo Bedava""]",InStock,100 adetten fazla stok sunulmuştur,,,4.6,16,,,2,804 kişinin sepetinde,"2,5B kişi favoriledi","Son 24 saatte 3,1B kişi görüntüledi",,,0,,,,Tahmini Teslim:,En Çok Ziyaret Edilen 3. Ürün,,{},0,,"[""search_result_dom"",""product_detail_jsonld"",""product_detail_dom""]","{""title"":""observed"",""brand"":""observed"",""seller_name"":""observed"",""seller_score"":""observed"",""price"":""observed"",""original_price"":""observed"",""campaigns"":""observed"",""stock_status"":""observed"",""stock_signal"":""observed"",""rating"":""observed"",""rating_count"":""observed"",""review_count"":""unavailable"",""question_count"":""observed"",""delivery_summary"":""observed"",""shipping_cost"":""unavailable"",""properties"":""observed""}",true,
2026-08-14,2026-08-14T12:42:33+03:00,çocuk,BEST_SELLER,4,61,61,,,19.9,10.1,943669033,719604,Kiko Kids Unibella Unicorn Kız Çocuk Topuklu Simli Abiye Terlik,Kiko Kids,,https://www.trendyol.com/kiko-kids/unibella-unicorn-kiz-cocuk-topuklu-simli-abiye-terlik-p-943669033?boutiqueId=61&merchantId=719604,Kiko Kids,,834.22,,,,TRY,"[""Sepette %2 İndirim"",""50 TL Kupon"",""Kargo Bedava"",""Sepette %5 İndirim"",""Trendyol Plus'a Özel""]",InStock,10 adetten fazla stok sunulmuştur,,,4.5,307,,,21,533 kişinin sepetinde,"36,6B kişi favoriledi","Son 24 saatte 1,3B kişi görüntüledi",,,0,,,,2 saat 13 dakika içinde sipariş verirsen en geç bugün kargoda!,,,{},0,,"[""search_result_dom"",""product_detail_jsonld"",""product_detail_dom""]","{""title"":""observed"",""brand"":""observed"",""seller_name"":""observed"",""seller_score"":""unavailable"",""price"":""observed"",""original_price"":""unavailable"",""campaigns"":""observed"",""stock_status"":""observed"",""stock_signal"":""observed"",""rating"":""observed"",""rating_count"":""observed"",""review_count"":""unavailable"",""question_count"":""observed"",""delivery_summary"":""observed"",""shipping_cost"":""unavailable"",""properties"":""observed""}",true,
2026-08-14,2026-08-14T12:42:33+03:00,çocuk,BEST_SELLER,4,62,62,1,,17.3,12.7,1078189326,681714,ECRİN ÇANTA Anaokulu okul öncesi Süper kahramanlı çocuk sırt çantası,ECRİN ÇANTA,,https://www.trendyol.com/ecrin-canta/anaokulu-okul-oncesi-super-kahramanli-cocuk-sirt-cantasi-p-1078189326?boutiqueId=61&merchantId=681714,Ecrin çanta,94,599,,,,TRY,"[""Kargo Bedava""]",InStock,100 adetten fazla stok sunulmuştur,,,4.8,143,,,23,"1,1B kişinin sepetinde",11B kişi favoriledi,"Son 24 saatte 1,5B kişi görüntüledi",,,0,,,,11 saat 13 dakika içinde sipariş verirsen en geç yarın kargoda!,En Çok Satan 1. Ürün,,{},0,,"[""search_result_dom"",""product_detail_jsonld"",""product_detail_dom""]","{""title"":""observed"",""brand"":""observed"",""seller_name"":""observed"",""seller_score"":""observed"",""price"":""observed"",""original_price"":""unavailable"",""campaigns"":""observed"",""stock_status"":""observed"",""stock_signal"":""observed"",""rating"":""observed"",""rating_count"":""observed"",""review_count"":""unavailable"",""question_count"":""observed"",""delivery_summary"":""observed"",""shipping_cost"":""unavailable"",""properties"":""observed""}",true,
2026-08-14,2026-08-14T12:42:33+03:00,çocuk,BEST_SELLER,4,63,63,1,,17.7,15.2,995493857,1166167,Store Spider Erkek Çocuk Anaokulu Çantası | Hafif Su Geçirmez Mini Okul Çantası,Store,Okul Çantası,https://www.trendyol.com/store/spider-erkek-cocuk-anaokulu-cantasi-hafif-su-gecirmez-mini-okul-cantasi-p-995493857?boutiqueId=61&merchantId=1166167,MEB COLLECTİON,98,595.78,613.8,2.9,,TRY,"[""Kargo Bedava"",""Son 10 Günün En Düşük Fiyatı"",""Son 10 günün en düşük fiyatı""]",InStock,100 adetten fazla stok sunulmuştur,,,4.8,162,70,,25,"1,1B kişinin sepetinde","13,9B kişi favoriledi",Son 24 saatte 2B kişi görüntüledi,4999,TRY,0,1,1,4,11 saat 13 dakika içinde sipariş verirsen en geç yarın kargoda!,En Çok Satan 1. Ürün,https://cdn.dsmcdn.com/ty1787/prod/QC_ENRICHMENT/20251105/19/b818b35b-0980-3e35-b680-cb201e986361/1_org_zoom.jpg,"{""Materyal"":""Polyester"",""Tip"":""Sırt Çantası"",""Renk"":""Çok Renkli"",""Yıkama Talimatı"":""Type 4"",""Desen"":""Düz"",""Deri Kalitesi"":""Parça Mevcut Değil"",""Kumaş Tipi"":""Dokuma"",""Koleksiyon"":""Basic"",""Sürdürülebilirlik Detayı"":""Organik"",""Kapasite"":""5+ L"",""Ortam"":""Back to School"",""Menşei"":""TR""}",20,5,"[""search_result_dom"",""product_detail_jsonld"",""product_detail_dom""]","{""title"":""observed"",""brand"":""observed"",""seller_name"":""observed"",""seller_score"":""observed"",""price"":""observed"",""original_price"":""observed"",""campaigns"":""observed"",""stock_status"":""observed"",""stock_signal"":""observed"",""rating"":""observed"",""rating_count"":""observed"",""review_count"":""observed"",""question_count"":""observed"",""delivery_summary"":""observed"",""shipping_cost"":""observed"",""properties"":""observed""}",true,
2026-08-14,2026-08-14T12:42:33+03:00,çocuk,BEST_SELLER,4,64,64,1,,29.8,0.2,744257435,512325,Canestar Sevgiliye Özel Hediye Çilek Tavşan Özel Tasarım- Fermuarlı Yapısıyla Hem Çilek Hem de Tavşan,Canestar,,https://www.trendyol.com/canestar/sevgiliye-ozel-hediye-cilek-tavsan-ozel-tasarim-fermuarli-yapisiyla-hem-cilek-hem-de-tavsan-p-744257435?boutiqueId=61&merchantId=512325,Canestar,91,399,,,,TRY,"[""Kargo Bedava""]",InStock,100 adetten fazla stok sunulmuştur,,,4.3,5236,,,392,2B kişinin sepetinde,"159,6B kişi favoriledi",Son 24 saatte 983 kişi görüntüledi,,,0,,,,Tahmini Teslim:,En Çok Satan 1. Ürün,,{},0,,"[""search_result_dom"",""product_detail_jsonld"",""product_detail_dom""]","{""title"":""observed"",""brand"":""observed"",""seller_name"":""observed"",""seller_score"":""observed"",""price"":""observed"",""original_price"":""unavailable"",""campaigns"":""observed"",""stock_status"":""observed"",""stock_signal"":""observed"",""rating"":""observed"",""rating_count"":""observed"",""review_count"":""unavailable"",""question_count"":""observed"",""delivery_summary"":""observed"",""shipping_cost"":""unavailable"",""properties"":""observed""}",true,
2026-08-14,2026-08-14T12:42:33+03:00,çocuk,BEST_SELLER,4,65,65,3,,21.5,8.5,410708251,1188755,ENCİVA Isimli Bebek Anne Anı Küpleri Dekor Türkçe 5’li Set Isimli Ahşap Anı Küpü,ENCİVA,Bebek Hediyelik,https://www.trendyol.com/enciva/isimli-bebek-anne-ani-kupleri-dekor-turkce-5-li-set-isimli-ahsap-ani-kupu-p-410708251?boutiqueId=61&merchantId=1188755,ENCİVAN,82,199.95,,,,TRY,"[""Kargo Bedava""]",InStock,100 adetten fazla stok sunulmuştur,,,3.9,687,485,,1827,722 kişinin sepetinde,"9,5B kişi favoriledi",Son 24 saatte 629 kişi görüntüledi,4999,TRY,0,3,1,6,Tahmini Teslim:,En Çok Satan 3. Ürün,https://cdn.dsmcdn.com/ty1940/prod/QC_ENRICHMENT/20260721/23/5c462766-347c-380c-8630-79304131d3ea/1_org_zoom.jpg,"{""Renk"":""Bej"",""Menşei"":""TR""}",20,5,"[""search_result_dom"",""product_detail_jsonld"",""product_detail_dom""]","{""title"":""observed"",""brand"":""observed"",""seller_name"":""observed"",""seller_score"":""observed"",""price"":""observed"",""original_price"":""unavailable"",""campaigns"":""observed"",""stock_status"":""observed"",""stock_signal"":""observed"",""rating"":""observed"",""rating_count"":""observed"",""review_count"":""observed"",""question_count"":""observed"",""delivery_summary"":""observed"",""shipping_cost"":""observed"",""properties"":""observed""}",true,
2026-08-14,2026-08-14T12:42:33+03:00,çocuk,BEST_SELLER,4,66,66,4,,31.3,18.7,954108226,392,ebebek Hello Baby HelloBaby Basic Kız Kalp Desenli Atlet T-shirt Kız Bebek,ebebek Hello Baby,T-Shirt,https://www.trendyol.com/ebebek-hello-baby/hellobaby-basic-kiz-kalp-desenli-atlet-t-shirt-kiz-bebek-p-954108226?boutiqueId=61&merchantId=392,ebebek,,85.59,106.99,20,,TRY,"[""Kargo Bedava""]",InStock,100 adetten fazla stok sunulmuştur,,,4.7,90,25,,6,"1,9B kişinin sepetinde","3,6B kişi favoriledi",Son 24 saatte 599 kişi görüntüledi,4999,TRY,0,3,1,6,Tahmini Teslim:,En Çok Satan 4. Ürün,https://cdn.dsmcdn.com/ty1707/prod/QC_PREP/20250709/10/aa9bc6f9-dc82-35ca-82da-05ba48ab29c7/1_org_zoom.jpg,"{""Desen"":""Kalp"",""Yıkama Talimatı"":""Type 1"",""Kalıp"":""Belirtilmemiş"",""Yaka Tipi"":""Bisiklet Yaka"",""Materyal"":""Pamuk"",""Renk"":""Ekru"",""Kumaş Tipi"":""Belirtilmemiş"",""Kol Tipi"":""Standart Kol"",""Kol Boyu"":""Kısa"",""Boy"":""Belirtilmemiş"",""Ortam"":""Günlük"",""Siluet"":""Basic"",""Materyal Bileşeni"":""100% Pamuk"",""Menşei"":""TR"",""Kutu Durumu"":""Kutu yok""}",20,5,"[""search_result_dom"",""product_detail_jsonld"",""product_detail_dom""]","{""title"":""observed"",""brand"":""observed"",""seller_name"":""observed"",""seller_score"":""unavailable"",""price"":""observed"",""original_price"":""observed"",""campaigns"":""observed"",""stock_status"":""observed"",""stock_signal"":""observed"",""rating"":""observed"",""rating_count"":""observed"",""review_count"":""observed"",""question_count"":""observed"",""delivery_summary"":""observed"",""shipping_cost"":""observed"",""properties"":""observed""}",true,
2026-08-14,2026-08-14T12:42:33+03:00,çocuk,BEST_SELLER,4,67,67,,,34.4,0,6877586,109486,Furkan Toys Cool Wheels Twist Led Işıklı 3 Tekerlekli Yükseklik Ayarlı PEMBE Scooter,Furkan Toys,,https://www.trendyol.com/furkan-toys/cool-wheels-twist-led-isikli-3-tekerlekli-yukseklik-ayarli-pembe-scooter-p-6877586?boutiqueId=61&merchantId=109486,Oyuncak Paketim,93,966,999,3.3,,TRY,"[""Kargo Bedava"",""Son 10 Günün En Düşük Fiyatı"",""Son 10 günün en düşük fiyatı""]",InStock,50 adetten fazla stok sunulmuştur,,,4.6,7625,,,1749,"1,2B kişinin sepetinde","67,7B kişi favoriledi",Son 24 saatte 786 kişi görüntüledi,,,0,,,,Tahmini Teslim:,,,{},0,,"[""search_result_dom"",""product_detail_jsonld"",""product_detail_dom""]","{""title"":""observed"",""brand"":""observed"",""seller_name"":""observed"",""seller_score"":""observed"",""price"":""observed"",""original_price"":""observed"",""campaigns"":""observed"",""stock_status"":""observed"",""stock_signal"":""observed"",""rating"":""observed"",""rating_count"":""observed"",""review_count"":""unavailable"",""question_count"":""observed"",""delivery_summary"":""observed"",""shipping_cost"":""unavailable"",""properties"":""observed""}",true,
2026-08-14,2026-08-14T12:42:33+03:00,çocuk,BEST_SELLER,4,68,68,,,21.9,8.1,834350115,2844,Galatasaray Galatasaray Çocuk 24 Şampiyonluk T-Shirt C241367,Galatasaray,T-Shirt,https://www.trendyol.com/galatasaray/galatasaray-cocuk-24-sampiyonluk-t-shirt-c241367-p-834350115?boutiqueId=61&merchantId=2844,GSStore,87,119.99,,,,TRY,"[""Kargo Bedava""]",InStock,100 adetten fazla stok sunulmuştur,,,4.8,1167,538,,118,493 kişinin sepetinde,"10,9B kişi favoriledi","Son 24 saatte 1,1B kişi görüntüledi",4999,TRY,0,1,1,4,11 saat 12 dakika içinde sipariş verirsen en geç yarın kargoda!,,https://cdn.dsmcdn.com/ty1617/prod/QC/20241228/18/c9f4eb7f-2ac2-37cf-a313-41fe90c954d2/1_org_zoom.jpg,"{""Desen"":""Düz"",""Yıkama Talimatı"":""T01"",""Kalıp"":""Regular"",""Yaka Tipi"":""Bisiklet Yaka"",""Materyal"":""Pamuklu"",""Renk"":""Siyah"",""Kumaş Tipi"":""Dokuma"",""Kol Tipi"":""Kısa Kol"",""Paket İçeriği"":""Tekli"",""Teknik"":""Yok"",""Cep"":""Cepsiz"",""Kol Boyu"":""Kısa"",""Boy"":""Standart"",""Ortam"":""Casual/Günlük"",""Baskı/Nakış Tekniği"":""Baskısız"",""Sürdürülebilirlik Detayı"":""Hayır"",""Dokuma Tipi"":""30/1 penye süprem"",""Siluet"":""Regular"",""Menşei"":""TR"",""Kutu Durumu"":""Kutu yok""}",20,5,"[""search_result_dom"",""product_detail_jsonld"",""product_detail_dom""]","{""title"":""observed"",""brand"":""observed"",""seller_name"":""observed"",""seller_score"":""observed"",""price"":""observed"",""original_price"":""unavailable"",""campaigns"":""observed"",""stock_status"":""observed"",""stock_signal"":""observed"",""rating"":""observed"",""rating_count"":""observed"",""review_count"":""observed"",""question_count"":""observed"",""delivery_summary"":""observed"",""shipping_cost"":""observed"",""properties"":""observed""}",true,
2026-08-14,2026-08-14T12:42:33+03:00,çocuk,BEST_SELLER,4,69,69,2,,34.2,10.8,1115203911,357212,Go Toys Go Track Turuncu Renk Esnek Yarış-Aksiyon Pisti 4.5 Mt - Flex track,Go Toys,Oyuncak Araba,https://www.trendyol.com/go-toys/go-track-turuncu-renk-esnek-yaris-aksiyon-pisti-4-5-mt-flex-track-p-1115203911?boutiqueId=61&merchantId=357212,Shopist,9,288.15,339,15,,TRY,"[""Sepette %15 İndirim"",""Kargo Bedava""]",InStock,100 adetten fazla stok sunulmuştur,,,4.3,568,252,,60,"1,1B kişinin sepetinde","29,9B kişi favoriledi",Son 24 saatte 482 kişi görüntüledi,4999,TRY,0,1,1,4,11 saat 12 dakika içinde sipariş verirsen en geç yarın kargoda!,En Çok Satan 2. Ürün,https://cdn.dsmcdn.com/ty1835/prod/QC_PREP/20260306/16/176aebc5-c413-3fe8-9a05-5046b857a21c/1_org_zoom.jpg,"{""Paket İçeriği"":""1+"",""Yaş"":""1+ Yaş"",""Piller Kutuya Dahil Mi?"":""Hayır"",""Pil ile mi çalışır?"":""Hayır"",""Menşei"":""TR""}",20,5,"[""search_result_dom"",""product_detail_jsonld"",""product_detail_dom""]","{""title"":""observed"",""brand"":""observed"",""seller_name"":""observed"",""seller_score"":""observed"",""price"":""observed"",""original_price"":""observed"",""campaigns"":""observed"",""stock_status"":""observed"",""stock_signal"":""observed"",""rating"":""observed"",""rating_count"":""observed"",""review_count"":""observed"",""question_count"":""observed"",""delivery_summary"":""observed"",""shipping_cost"":""observed"",""properties"":""observed""}",true,
2026-08-14,2026-08-14T12:42:33+03:00,çocuk,BEST_SELLER,4,70,70,2,,27.4,2.6,118635846,800080,Genel Markalar Ribana Bel Canvas Okul Pantolonu (BİR BÜYÜK BEDEN ALINMASI TAVSİYE EDİLİR),Genel Markalar,,https://www.trendyol.com/genel-markalar/ribana-bel-canvas-okul-pantolonu-bir-buyuk-beden-alinmasi-tavsiye-edilir-p-118635846?boutiqueId=61&merchantId=800080,KAYRAMLE DESING,88,290,,,,TRY,"[""20 TL Kupon"",""Sepette %5 İndirim"",""Kargo Bedava""]",InStock,50 adetten fazla stok sunulmuştur,,,4.2,2690,,,665,471 kişinin sepetinde,"16,1B kişi favoriledi",,,,0,,,,11 saat 12 dakika içinde sipariş verirsen en geç yarın kargoda!,En Çok Satan 2. Ürün,,{},0,,"[""search_result_dom"",""product_detail_jsonld"",""product_detail_dom""]","{""title"":""observed"",""brand"":""observed"",""seller_name"":""observed"",""seller_score"":""observed"",""price"":""observed"",""original_price"":""unavailable"",""campaigns"":""observed"",""stock_status"":""observed"",""stock_signal"":""observed"",""rating"":""observed"",""rating_count"":""observed"",""review_count"":""unavailable"",""question_count"":""observed"",""delivery_summary"":""observed"",""shipping_cost"":""unavailable"",""properties"":""observed""}",true,
2026-08-14,2026-08-14T12:42:33+03:00,çocuk,BEST_SELLER,4,71,71,,,25.3,4.7,767102785,1135810,"Kayyum Oyuncak Söktak Eğlenceli, Stres ve Anksiyete giderici Montessori Tırtıl Oyuncağı Renkli",Kayyum Oyuncak,Eğitici Oyuncak,https://www.trendyol.com/kayyum-oyuncak/soktak-eglenceli-stres-ve-anksiyete-giderici-montessori-tirtil-oyuncagi-renkli-p-767102785?boutiqueId=61&merchantId=1135810,MK TOYS,88,134.99,,,,TRY,"[""Kargo Bedava""]",InStock,100 adetten fazla stok sunulmuştur,,,4.7,2522,1453,,228,660 kişinin sepetinde,"41,8B kişi favoriledi",Son 24 saatte 336 kişi görüntüledi,4999,TRY,0,1,1,4,11 saat 12 dakika içinde sipariş verirsen en geç yarın kargoda!,,https://cdn.dsmcdn.com/ty1009/product/media/images/prod/SPM/PIM/20231003/11/603eb426-a93a-3fb0-adbd-e2033fd094c2/1_org_zoom.jpg,"{""Paket İçeriği"":""1'li"",""Yaş"":""3+ Yaş"",""Piller Kutuya Dahil Mi?"":""Hayır"",""Dil"":""Evrensel Dil"",""Pil ile mi çalışır?"":""Hayır"",""Menşei"":""CN""}",20,5,"[""search_result_dom"",""product_detail_jsonld"",""product_detail_dom""]","{""title"":""observed"",""brand"":""observed"",""seller_name"":""observed"",""seller_score"":""observed"",""price"":""observed"",""original_price"":""unavailable"",""campaigns"":""observed"",""stock_status"":""observed"",""stock_signal"":""observed"",""rating"":""observed"",""rating_count"":""observed"",""review_count"":""observed"",""question_count"":""observed"",""delivery_summary"":""observed"",""shipping_cost"":""observed"",""properties"":""observed""}",true,
2026-08-14,2026-08-14T12:42:33+03:00,çocuk,BEST_SELLER,4,72,72,3,,13.1,16.9,1166210359,1282015,FunkyCraft Mini Canavar Araba Oyuncak Büyük Tekerlekli Arazi Arabası Erkek Çocuk Oyuncağı Eğlenceli Araba Koleksiyonu,FunkyCraft,Oyuncak Araba,https://www.trendyol.com/funkycraft/mini-canavar-araba-oyuncak-buyuk-tekerlekli-arazi-arabasi-erkek-cocuk-oyuncagi-eglenceli-araba-koleksiyonu-p-1166210359?boutiqueId=61&merchantId=1282015,FunkyCraft,95,24.99,,,,TRY,"[""Kargo Bedava""]",InStock,100 adetten fazla stok sunulmuştur,,,4.8,61,42,,16,733 kişinin sepetinde,2B kişi favoriledi,,4999,TRY,0,1,1,4,Tahmini Teslim:,En Çok Satan 3. Ürün,https://cdn.dsmcdn.com/ty1909/prod/QC_PREP/20260708/18/124fa7b3-e366-3405-a5a1-9ad2f982bd7c/1_org_zoom.jpg,"{""Paket İçeriği"":""1+"",""Yaş"":""3+ Yaş"",""Piller Kutuya Dahil Mi?"":""Hayır"",""Pil ile mi çalışır?"":""Hayır"",""Menşei"":""TR"",""Batarya Boyutu"":""Uygulanabilir Değil""}",20,5,"[""search_result_dom"",""product_detail_jsonld"",""product_detail_dom""]","{""title"":""observed"",""brand"":""observed"",""seller_name"":""observed"",""seller_score"":""observed"",""price"":""observed"",""original_price"":""unavailable"",""campaigns"":""observed"",""stock_status"":""observed"",""stock_signal"":""observed"",""rating"":""observed"",""rating_count"":""observed"",""review_count"":""observed"",""question_count"":""observed"",""delivery_summary"":""observed"",""shipping_cost"":""observed"",""properties"":""observed""}",true,
2026-08-14,2026-08-14T12:42:33+03:00,çocuk,BEST_SELLER,5,73,73,2,,27,3,691009501,819535,Pufu Toys Zürafa Peluş Oyuncak (1 METRE) Yastık,Pufu Toys,Peluş Oyuncak,https://www.trendyol.com/pufu-toys/zurafa-pelus-oyuncak-1-metre-yastik-p-691009501?boutiqueId=61&merchantId=819535,PufuToys,95,585.12,,,,TRY,"[""Kargo Bedava"",""Trendyol Plus'a Özel""]",InStock,100 adetten fazla stok sunulmuştur,,,4.8,3970,2361,,365,962 kişinin sepetinde,"111,8B kişi favoriledi",Son 24 saatte 918 kişi görüntüledi,4999,TRY,0,1,1,4,12 dakika 38 saniye içinde sipariş verirsen en geç bugün kargoda!,En Çok Satan 2. Ürün,https://cdn.dsmcdn.com/ty1610/prod/QC/20241203/23/80d98c71-e147-30fb-8bab-214ff5f38e25/1_org_zoom.jpg,"{""Renk"":""Çok Renkli"",""Boyut"":""100 cm"",""Yaş"":""1+ Yaş"",""Dil"":""Türkçe"",""Pil ile mi çalışır?"":""Hayır"",""Piller Kutuya Dahil Mi?"":""Hayır"",""Menşei"":""TR""}",20,5,"[""search_result_dom"",""product_detail_jsonld"",""product_detail_dom""]","{""title"":""observed"",""brand"":""observed"",""seller_name"":""observed"",""seller_score"":""observed"",""price"":""observed"",""original_price"":""unavailable"",""campaigns"":""observed"",""stock_status"":""observed"",""stock_signal"":""observed"",""rating"":""observed"",""rating_count"":""observed"",""review_count"":""observed"",""question_count"":""observed"",""delivery_summary"":""observed"",""shipping_cost"":""observed"",""properties"":""observed""}",true,
2026-08-14,2026-08-14T12:42:33+03:00,çocuk,BEST_SELLER,5,74,74,,,14,16,1149737010,1230100,PAKİTO Minecraft Manyetik Küp Bloklar 108 Parça Temalı Yapı Seti 3 Boyutlu Renkli Mıknatıslı | Eğitici Zeka Geliştirici Oyuncak,PAKİTO,Eğitici Oyuncak,https://www.trendyol.com/pakito/minecraft-manyetik-kup-bloklar-108-parca-temali-yapi-seti-3-boyutlu-renkli-miknatisli-egitici-zeka-gelistirici-oyuncak-p-1149737010?boutiqueId=61&merchantId=1230100,LUMO STORE,91,1320.5,,,,TRY,"[""Kargo Bedava"",""Peşin Fiyatına 3 Taksit""]",InStock,100 adetten fazla stok sunulmuştur,,,4.2,87,55,,18,"1,5B kişinin sepetinde","12,7B kişi favoriledi",Son 24 saatte 1B kişi görüntüledi,4999,TRY,0,,1,4,1 saat 12 dakika içinde sipariş verirsen en geç bugün kargoda!,,https://cdn.dsmcdn.com/ty1903/prod/QC_ENRICHMENT/20260528/14/3de993a8-739a-3a17-9815-782c2cc092ee/1_org_zoom.jpg,"{""Paket İçeriği"":""1'li"",""Yaş"":""3+ Yaş"",""Piller Kutuya Dahil Mi?"":""Hayır"",""Dil"":""Türkçe"",""Pil ile mi çalışır?"":""Hayır"",""Diğer Özellikler"":""108 parçadan oluşan geniş yapı seti Birbirine kolayca tutunan manyetik küpler Farklı desenlerle çeşitli oyun alanları oluşturma imkânı İki ve üç boyutlu tasarımlar hazırlamaya uygun yapı Hayal gücünü ve yaratıcı düşünmeyi desteklemeye yardımcı oyun deneyimi El-göz koordinasyonu ve ince motor becerilerinin çalıştırılmasına yardımcı kullanım Şekilleri deneme, birleştirme ve denge kurma becerilerini destekleyen oyun yapısı Model kitapçığı sayesinde örnek tasarımlar oluşturma imkânı"",""Menşei"":""CN"",""Ürün Uyarıları (Oyuncak)"":""Ürün küçük parçalar içerdiğinden 36 aydan küçük çocuklar için uygun değildir. Küçük parçalar boğulma tehlikesi oluşturabilir. Parçalar ağıza sokulmamalı veya ısırılmamalıdır. Kırılmış, çatlamış, keskin kenar oluşmuş veya mıknatısı açığa çıkmış küpler kullanılmamalıdır. Mıknatısın yutulduğundan veya solunduğundan şüphelenilmesi hâlinde derhal tıbbi yardım alınmalıdır. Oyuncak yetişkin gözetiminde kullanılmalıdır. Tüm ambalaj malzemeleri çıkarılmadan ürün çocuğa verilmemelidir. Ürün su, ateş ve yüksek sıcaklıktan uzak tutulmalıdır. Ambalaj üzerindeki bilgiler referans amacıyla saklanmalıdır."",""Batarya Boyutu"":""Uygulanabilir Değil"",""Özellik"":""Mıknatıslı""}",20,5,"[""search_result_dom"",""product_detail_jsonld"",""product_detail_dom""]","{""title"":""observed"",""brand"":""observed"",""seller_name"":""observed"",""seller_score"":""observed"",""price"":""observed"",""original_price"":""unavailable"",""campaigns"":""observed"",""stock_status"":""observed"",""stock_signal"":""observed"",""rating"":""observed"",""rating_count"":""observed"",""review_count"":""observed"",""question_count"":""observed"",""delivery_summary"":""observed"",""shipping_cost"":""observed"",""properties"":""observed""}",true,
2026-08-14,2026-08-14T12:42:33+03:00,çocuk,BEST_SELLER,5,75,75,,,30.3,0.7,772521620,464137,Pandamkee Özgüneroyuncak.KK 50 Cm Çilek Çantalı Tavşan Sevgiliye Özel,Pandamkee,,https://www.trendyol.com/pandamkee/ozguneroyuncak-kk-50-cm-cilek-cantali-tavsan-sevgiliye-ozel-p-772521620?boutiqueId=61&merchantId=464137,Pandamkee Oyuncak,93,395.01,399,1,,TRY,"[""Sepette %1 İndirim"",""3 TL Kupon"",""Kargo Bedava""]",InStock,100 adetten fazla stok sunulmuştur,,,4.2,4551,,,631,894 kişinin sepetinde,"125,5B kişi favoriledi",Son 24 saatte 871 kişi görüntüledi,,,0,,,,1 saat 12 dakika içinde sipariş verirsen en geç bugün kargoda!,En Çok Ziyaret Edilen 2. Ürün,,{},0,,"[""search_result_dom"",""product_detail_jsonld"",""product_detail_dom""]","{""title"":""observed"",""brand"":""observed"",""seller_name"":""observed"",""seller_score"":""observed"",""price"":""observed"",""original_price"":""observed"",""campaigns"":""observed"",""stock_status"":""observed"",""stock_signal"":""observed"",""rating"":""observed"",""rating_count"":""observed"",""review_count"":""unavailable"",""question_count"":""observed"",""delivery_summary"":""observed"",""shipping_cost"":""unavailable"",""properties"":""observed""}",true,
2026-08-14,2026-08-14T12:42:33+03:00,çocuk,BEST_SELLER,5,76,76,1,,12.4,17.6,1148437877,752303,KİNKU Örümcek Adam Vantuz Fırlatan Eldiven,KİNKU,Diğer Figür Oyuncaklar,https://www.trendyol.com/kinku/orumcek-adam-vantuz-firlatan-eldiven-p-1148437877?boutiqueId=61&merchantId=752303,KİNKU,94,149,,,,TRY,"[""Kargo Bedava""]",InStock,100 adetten fazla stok sunulmuştur,,,3.8,51,34,,20,"1,3B kişinin sepetinde","3,7B kişi favoriledi",Son 24 saatte 1B kişi görüntüledi,4999,TRY,0,,1,4,2 saat 12 dakika içinde sipariş verirsen en geç bugün kargoda!,En Çok Satan 1. Ürün,https://cdn.dsmcdn.com/ty1929/prod/QC_ENRICHMENT/20260522/19/6df1c510-b562-3071-9492-ac17013fd7e4/1_org_zoom.jpg,"{""Paket İçeriği"":""1'li"",""Yaş"":""3+ Yaş"",""Diğer Özellikler"":""ağ atan vantuz"",""Menşei"":""CN"",""Ürün Uyarıları (Oyuncak)"":""3 yaş altı için uygun değildir"",""Özellik"":""Katı""}",20,4.8,"[""search_result_dom"",""product_detail_jsonld"",""product_detail_dom""]","{""title"":""observed"",""brand"":""observed"",""seller_name"":""observed"",""seller_score"":""observed"",""price"":""observed"",""original_price"":""unavailable"",""campaigns"":""observed"",""stock_status"":""observed"",""stock_signal"":""observed"",""rating"":""observed"",""rating_count"":""observed"",""review_count"":""observed"",""question_count"":""observed"",""delivery_summary"":""observed"",""shipping_cost"":""observed"",""properties"":""observed""}",true,
2026-08-14,2026-08-14T12:42:33+03:00,çocuk,BEST_SELLER,5,77,77,2,,25.8,13.2,927264149,1266716,SS SİNSER Yazlık Çocuk Kız Ve Erkek Sevimli ve Havalı Günlük Tişört ve ALT,SS SİNSER,Alt - Üst Takım,https://www.trendyol.com/ss-sinser/yazlik-cocuk-kiz-ve-erkek-sevimli-ve-havali-gunluk-tisort-ve-alt-p-927264149?boutiqueId=61&merchantId=1266716,ZİNTEKS,82,181.95,199.99,9,,TRY,"[""20 TL Kupon"",""Son 10 Günün En Düşük Fiyatı"",""Kargo Bedava"",""Son 10 günün en düşük fiyatı""]",InStock,100 adetten fazla stok sunulmuştur,,,3.5,293,126,,148,"1,4B kişinin sepetinde","21,8B kişi favoriledi",Son 24 saatte 1B kişi görüntüledi,4999,TRY,0,1,1,4,Tahmini Teslim:,En Çok Satan 2. Ürün,https://cdn.dsmcdn.com/ty1663/prod/QC/20250414/09/b427248d-7ea8-3b7e-a001-9884b77ab80d/1_org_zoom.jpg,"{""Kumaş Tipi"":""Örme"",""Materyal"":""Pamuk"",""Desen"":""Baskılı"",""Kalıp"":""Oversize"",""Yaka Tipi"":""Bisiklet Yaka"",""Renk"":""Lacivert"",""Cep"":""Cepsiz"",""Ürün Tipi"":""Baskılı"",""Kol Boyu"":""Kısa"",""Kol Tipi"":""Standart Kol"",""Bel"":""Normal Bel"",""Paça Tipi"":""Geniş Paça"",""Siluet"":""Basic"",""Ortam"":""Casual/Günlük"",""Boy"":""Kısa"",""Alt-Üst Takım"":""T-shirt-Şort"",""Dokuma Tipi"":""Süprem"",""Kemer/Kuşak Durumu"":""Kemersiz"",""Baskı/Nakış Tekniği"":""Dijital Baskı"",""Parça Sayısı"":""2"",""Astar Durumu"":""Astarsız"",""Sürdürülebilirlik Detayı"":""Hayır"",""Materyal Bileşeni"":""100% Pamuk"",""Yıkama Talimatı"":""T44"",""Paket İçeriği"":""2+""}",20,5,"[""search_result_dom"",""product_detail_jsonld"",""product_detail_dom""]","{""title"":""observed"",""brand"":""observed"",""seller_name"":""observed"",""seller_score"":""observed"",""price"":""observed"",""original_price"":""observed"",""campaigns"":""observed"",""stock_status"":""observed"",""stock_signal"":""observed"",""rating"":""observed"",""rating_count"":""observed"",""review_count"":""observed"",""question_count"":""observed"",""delivery_summary"":""observed"",""shipping_cost"":""observed"",""properties"":""observed""}",true,
2026-08-14,2026-08-14T12:42:33+03:00,çocuk,BEST_SELLER,5,78,78,,,27.2,22.8,1163531094,982060,H&M Pamuklu ve Baskılı Tişört,H&M,,https://www.trendyol.com/h-m/pamuklu-ve-baskili-tisort-p-1163531094?boutiqueId=61&merchantId=982060,H&M,,199.99,249.99,20,,TRY,"[""Sepette %20 İndirim"",""20 TL Kupon"",""Süper Fırsat Ürünü"",""Kargo Bedava""]",InStock,50 adetten fazla stok sunulmuştur,,,4.9,7,,,1,546 kişinin sepetinde,970 kişi favoriledi,"Son 24 saatte 1,2B kişi görüntüledi",,,0,,,,Tahmini Teslim:,,,{},0,,"[""search_result_dom"",""product_detail_jsonld"",""product_detail_dom""]","{""title"":""observed"",""brand"":""observed"",""seller_name"":""observed"",""seller_score"":""unavailable"",""price"":""observed"",""original_price"":""observed"",""campaigns"":""observed"",""stock_status"":""observed"",""stock_signal"":""observed"",""rating"":""observed"",""rating_count"":""observed"",""review_count"":""unavailable"",""question_count"":""observed"",""delivery_summary"":""observed"",""shipping_cost"":""unavailable"",""properties"":""observed""}",true,
2026-08-14,2026-08-14T12:42:33+03:00,çocuk,BEST_SELLER,5,79,79,,,30.3,0,177023193,916075,Tutku 6lı Erkek Çocuk Renkli Atlet Pamuklu Askılı Empirme Elastan,Tutku,,https://www.trendyol.com/tutku/6li-erkek-cocuk-renkli-atlet-pamuklu-askili-empirme-elastan-p-177023193?boutiqueId=61&merchantId=916075,TUTKU ELİT,92,387,,,,TRY,"[""Kargo Bedava"",""Son 10 Günün En Düşük Fiyatı""]",InStock,10 adetten fazla stok sunulmuştur,,,4.6,6047,,,925,,,,,,0,,,,11 saat 12 dakika içinde sipariş verirsen en geç yarın kargoda!,,,{},0,,"[""search_result_dom"",""product_detail_jsonld"",""product_detail_dom""]","{""title"":""observed"",""brand"":""observed"",""seller_name"":""observed"",""seller_score"":""observed"",""price"":""observed"",""original_price"":""unavailable"",""campaigns"":""observed"",""stock_status"":""observed"",""stock_signal"":""observed"",""rating"":""observed"",""rating_count"":""observed"",""review_count"":""unavailable"",""question_count"":""observed"",""delivery_summary"":""observed"",""shipping_cost"":""unavailable"",""properties"":""observed""}",true,
2026-08-14,2026-08-14T12:42:33+03:00,çocuk,BEST_SELLER,5,80,80,,,46.8,0,756100197,357212,Go Toys Kurbağa Denge Ebeveyn Çocuk Etkileşimi Oyunu Eğitici Oyuncak Kutu Oyunu,Go Toys,Eğitici Oyuncak,https://www.trendyol.com/go-toys/kurbaga-denge-ebeveyn-cocuk-etkilesimi-oyunu-egitici-oyuncak-kutu-oyunu-p-756100197?boutiqueId=61&merchantId=357212,Shopist,9,135.15,159,15,,TRY,"[""Sepette %15 İndirim"",""Kargo Bedava""]",InStock,100 adetten fazla stok sunulmuştur,,,4.6,18617,9474,,252,"1,2B kişinin sepetinde","254,2B kişi favoriledi",Son 24 saatte 574 kişi görüntüledi,4999,TRY,0,3,1,6,11 saat 12 dakika içinde sipariş verirsen en geç yarın kargoda!,,https://cdn.dsmcdn.com/ty1624/product/media/images/prod/PIM/20250115/10/5d9c4506-058d-4c57-92e4-bc1db1ae5409/1_org_zoom.jpg,"{""Paket İçeriği"":""50'li"",""Yaş"":""3+ Yaş"",""Piller Kutuya Dahil Mi?"":""Hayır"",""Dil"":""Evrensel Dil"",""Pil ile mi çalışır?"":""Hayır"",""Menşei"":""TR"",""Ürün Uyarıları (Oyuncak)"":""3 yaş üzeri"",""Batarya Türü"":""Lityum-iyon"",""Özellik"":""Normal""}",20,5,"[""search_result_dom"",""product_detail_jsonld"",""product_detail_dom""]","{""title"":""observed"",""brand"":""observed"",""seller_name"":""observed"",""seller_score"":""observed"",""price"":""observed"",""original_price"":""observed"",""campaigns"":""observed"",""stock_status"":""observed"",""stock_signal"":""observed"",""rating"":""observed"",""rating_count"":""observed"",""review_count"":""observed"",""question_count"":""observed"",""delivery_summary"":""observed"",""shipping_cost"":""observed"",""properties"":""observed""}",true,
2026-08-14,2026-08-14T12:42:33+03:00,çocuk,BEST_SELLER,5,81,81,,,71.8,18.2,1136076428,1188,Defacto %100 Pamuk New Regular Fıt Bisiklet Yaka Kısa Kollu Tişört Erkek Çocuk G9417A826SM,Defacto,,https://www.trendyol.com/defacto/100-pamuk-new-regular-fit-bisiklet-yaka-kisa-kollu-tisort-erkek-cocuk-g9417a826sm-p-1136076428?boutiqueId=61&merchantId=1188,DeFacto,86,200,499.99,60,,TRY,"[""Sepette %60 İndirim"",""20 TL Kupon"",""Süper Fırsat Ürünü"",""Kargo Bedava""]",InStock,100 adetten fazla stok sunulmuştur,,,4.5,29,,,2,"1,2B kişinin sepetinde","1,7B kişi favoriledi",Son 24 saatte 627 kişi görüntüledi,,,0,,,,Tahmini Teslim:,,,{},0,,"[""search_result_dom"",""product_detail_jsonld"",""product_detail_dom""]","{""title"":""observed"",""brand"":""observed"",""seller_name"":""observed"",""seller_score"":""observed"",""price"":""observed"",""original_price"":""observed"",""campaigns"":""observed"",""stock_status"":""observed"",""stock_signal"":""observed"",""rating"":""observed"",""rating_count"":""observed"",""review_count"":""unavailable"",""question_count"":""observed"",""delivery_summary"":""observed"",""shipping_cost"":""unavailable"",""properties"":""observed""}",true,
2026-08-14,2026-08-14T12:42:33+03:00,çocuk,BEST_SELLER,5,82,82,1,,5.6,24.4,1160337071,982060,H&M Muflon Astarlı Ceket,H&M,Kaban,https://www.trendyol.com/h-m/muflon-astarli-ceket-p-1160337071?boutiqueId=61&merchantId=982060,H&M,,1099,,,,TRY,"[""Kargo Bedava"",""Peşin Fiyatına 3 Taksit""]",InStock,10 adetten fazla stok sunulmuştur,,,4.9,8,4,,6,839 kişinin sepetinde,10B kişi favoriledi,"Son 24 saatte 3,5B kişi görüntüledi",4999,TRY,0,6,1,10,Tahmini Teslim:,En Çok Satan 1. Ürün,https://cdn.dsmcdn.com/ty1940/prod/QC_PREP/20260624/18/335ff931-589d-36b1-ae18-990b43b0e739/1_org_zoom.jpg,"{""Kalıp"":""Regular"",""Kumaş Tipi"":""Belirtilmemiş"",""Renk"":""Mavi"",""Yaka Tipi"":""Kapüşonlu"",""Desen"":""Çiçekli"",""Ürün Tipi"":""Baskılı"",""Astar Durumu"":""Astarlı"",""Boy"":""Belirtilmemiş"",""Siluet"":""Asimetrik"",""Kol Boyu"":""Uzun"",""Kol Tipi"":""Standart Kol"",""Kemer/Kuşak Durumu"":""Kemersiz"",""Materyal"":""Polyester"",""Yıkama Talimatı"":""Type 2"",""Menşei"":""CN""}",4,5,"[""search_result_dom"",""product_detail_jsonld"",""product_detail_dom""]","{""title"":""observed"",""brand"":""observed"",""seller_name"":""observed"",""seller_score"":""unavailable"",""price"":""observed"",""original_price"":""unavailable"",""campaigns"":""observed"",""stock_status"":""observed"",""stock_signal"":""observed"",""rating"":""observed"",""rating_count"":""observed"",""review_count"":""observed"",""question_count"":""observed"",""delivery_summary"":""observed"",""shipping_cost"":""observed"",""properties"":""observed""}",true,
2026-08-14,2026-08-14T12:42:33+03:00,çocuk,BEST_SELLER,5,83,83,7,,3.8,26.2,1117300207,1188,Defacto 5'li Pamuklu Patik Çorap Erkek Çocuk G2026A8NS,Defacto,Çorap,https://www.trendyol.com/defacto/5-li-pamuklu-patik-corap-erkek-cocuk-g2026a8ns-p-1117300207?boutiqueId=61&merchantId=1188,DeFacto,86,249.99,,,,TRY,"[""20 TL Kupon"",""Kargo Bedava""]",InStock,100 adetten fazla stok sunulmuştur,,,5,7,2,,1,597 kişinin sepetinde,704 kişi favoriledi,,4999,TRY,0,1,1,4,Tahmini Teslim:,En Çok Satan 7. Ürün,https://cdn.dsmcdn.com/ty1845/prod/QC_ENRICHMENT/20260327/16/c2694a25-aab9-3af6-8984-9be14c662ff9/1_org_zoom.jpg,"{""Materyal"":""Pamuk"",""Sürdürülebilirlik Detayı"":""Hayır"",""Tip"":""Patik çorap"",""Renk"":""Çok Renkli"",""Paket İçeriği"":""5'li"",""Desen"":""Baskılı"",""Ürün Tipi"":""Baskılı"",""Kumaş Tipi"":""Örme"",""Siluet"":""Kısa"",""Materyal Bileşeni"":""CO-PA-EA"",""Dokuma Tipi"":""Likralı Penye Süprem"",""Ek Özellik"":""Ek Özellik Mevcut Değil"",""Menşei"":""TR"",""Sezon"":""Tüm Sezonlar""}",2,5,"[""search_result_dom"",""product_detail_jsonld"",""product_detail_dom""]","{""title"":""observed"",""brand"":""observed"",""seller_name"":""observed"",""seller_score"":""observed"",""price"":""observed"",""original_price"":""unavailable"",""campaigns"":""observed"",""stock_status"":""observed"",""stock_signal"":""observed"",""rating"":""observed"",""rating_count"":""observed"",""review_count"":""observed"",""question_count"":""observed"",""delivery_summary"":""observed"",""shipping_cost"":""observed"",""properties"":""observed""}",true,
2026-08-14,2026-08-14T12:42:33+03:00,çocuk,BEST_SELLER,5,84,84,6,,38.1,16.9,858277293,982060,H&M 5'li Kaymaz Korumalı Çorap,H&M,,https://www.trendyol.com/h-m/5-li-kaymaz-korumali-corap-p-858277293?boutiqueId=61&merchantId=982060,H&M,5,299.99,399.99,25,,TRY,"[""20 TL Kupon"",""Son 10 Günün En Düşük Fiyatı"",""Süper Fırsat Ürünü"",""Kargo Bedava"",""Son 10 günün en düşük fiyatı""]",InStock,100 adetten fazla stok sunulmuştur,,,4.3,43,,,7,399 kişinin sepetinde,"3,3B kişi favoriledi",Son 24 saatte 613 kişi görüntüledi,,,0,,,,Tahmini Teslim:,En Çok Satan 6. Ürün,,{},0,,"[""search_result_dom"",""product_detail_jsonld"",""product_detail_dom""]","{""title"":""observed"",""brand"":""observed"",""seller_name"":""observed"",""seller_score"":""observed"",""price"":""observed"",""original_price"":""observed"",""campaigns"":""observed"",""stock_status"":""observed"",""stock_signal"":""observed"",""rating"":""observed"",""rating_count"":""observed"",""review_count"":""unavailable"",""question_count"":""observed"",""delivery_summary"":""observed"",""shipping_cost"":""unavailable"",""properties"":""observed""}",true,
2026-08-14,2026-08-14T12:42:33+03:00,çocuk,BEST_SELLER,5,85,85,2,,13.5,16.5,1088703783,744768,Nandy Home Civciv Model Karakter Figürü 3D Yapı Oyuncakları,Nandy Home,Diğer Oyun Takımları,https://www.trendyol.com/nandy-home/civciv-model-karakter-figuru-3d-yapi-oyuncaklari-p-1088703783?boutiqueId=61&merchantId=744768,Nandy Kids,96,133.95,,,,TRY,"[""Kargo Bedava""]",InStock,100 adetten fazla stok sunulmuştur,,,4.7,131,48,,9,"1,1B kişinin sepetinde","14,1B kişi favoriledi",Son 24 saatte 345 kişi görüntüledi,4999,TRY,0,,1,4,2 saat 12 dakika içinde sipariş verirsen en geç bugün kargoda!,En Çok Satan 2. Ürün,https://cdn.dsmcdn.com/ty1914/prod/QC_ENRICHMENT/20260522/10/821d1544-93f2-3f01-9609-16c6a1df2eb9/1_org_zoom.jpg,"{""Parça Sayısı"":""161"",""Yaş"":""5+ Yaş"",""Diğer Özellikler"":""Küçük parçalar içermektedir."",""Menşei"":""CN"",""Ürün Uyarıları (Oyuncak)"":""Küçük parçalar içermektedir."",""Batarya Türü"":""Diğer"",""Özellik"":""Standart""}",20,5,"[""search_result_dom"",""product_detail_jsonld"",""product_detail_dom""]","{""title"":""observed"",""brand"":""observed"",""seller_name"":""observed"",""seller_score"":""observed"",""price"":""observed"",""original_price"":""unavailable"",""campaigns"":""observed"",""stock_status"":""observed"",""stock_signal"":""observed"",""rating"":""observed"",""rating_count"":""observed"",""review_count"":""observed"",""question_count"":""observed"",""delivery_summary"":""observed"",""shipping_cost"":""observed"",""properties"":""observed""}",true,
2026-08-14,2026-08-14T12:42:33+03:00,çocuk,BEST_SELLER,5,86,86,,,35.6,24.4,1164197102,392,ebebek Hello Baby HelloBaby Kız Çarık Çorap Kız Bebek,ebebek Hello Baby,Çorap,https://www.trendyol.com/ebebek-hello-baby/hellobaby-kiz-carik-corap-kiz-bebek-p-1164197102?boutiqueId=61&merchantId=392,ebebek,,35.94,51.35,30,,TRY,"[""Sepette %30 İndirim"",""Kargo Bedava""]",InStock,100 adetten fazla stok sunulmuştur,,,4.4,14,4,,3,507 kişinin sepetinde,1B kişi favoriledi,Son 24 saatte 467 kişi görüntüledi,4999,TRY,0,3,1,6,Tahmini Teslim:,,https://cdn.dsmcdn.com/ty1935/prod/QC_PREP/20260703/14/77fc9e22-0883-3f7c-a0f6-67913fa533cf/1_org_zoom.jpg,"{""Renk"":""Pembe"",""Desen"":""Kalp"",""Kumaş Tipi"":""Dokuma"",""Ortam"":""Günlük"",""Menşei"":""TR""}",4,4.75,"[""search_result_dom"",""product_detail_jsonld"",""product_detail_dom""]","{""title"":""observed"",""brand"":""observed"",""seller_name"":""observed"",""seller_score"":""unavailable"",""price"":""observed"",""original_price"":""observed"",""campaigns"":""observed"",""stock_status"":""observed"",""stock_signal"":""observed"",""rating"":""observed"",""rating_count"":""observed"",""review_count"":""observed"",""question_count"":""observed"",""delivery_summary"":""observed"",""shipping_cost"":""observed"",""properties"":""observed""}",true,
2026-08-14,2026-08-14T12:42:33+03:00,çocuk,BEST_SELLER,5,87,87,4,,12.3,17.7,1154388172,1122866,PRO Toys Harekete duyarlı Işık/LED Üç kademe Ayarlanabilir ve Katlanabilir Frenli PRO Çocuk Scooter,PRO Toys,,https://www.trendyol.com/pro-toys/harekete-duyarli-isik-led-uc-kademe-ayarlanabilir-ve-katlanabilir-frenli-pro-cocuk-scooter-p-1154388172?boutiqueId=61&merchantId=1122866,PRO Toys,92,1237.52,,,,TRY,"[""Kargo Bedava"",""Peşin Fiyatına 3 Taksit""]",InStock,100 adetten fazla stok sunulmuştur,,,4.8,33,,,22,,788 kişi favoriledi,Son 24 saatte 655 kişi görüntüledi,,,0,,,,Tahmini Teslim:,En Çok Satan 4. Ürün,,{},0,,"[""search_result_dom"",""product_detail_jsonld"",""product_detail_dom""]","{""title"":""observed"",""brand"":""observed"",""seller_name"":""observed"",""seller_score"":""observed"",""price"":""observed"",""original_price"":""unavailable"",""campaigns"":""observed"",""stock_status"":""observed"",""stock_signal"":""observed"",""rating"":""observed"",""rating_count"":""observed"",""review_count"":""unavailable"",""question_count"":""observed"",""delivery_summary"":""observed"",""shipping_cost"":""unavailable"",""properties"":""observed""}",true,
2026-08-14,2026-08-14T12:42:33+03:00,çocuk,BEST_SELLER,5,88,88,8,,36.2,22.8,954111091,392,ebebek Hello Baby HelloBaby Kız Bebek Basic Tişört Bisiklet Yaka Atlet Kol Koyu Pembe,ebebek Hello Baby,T-Shirt,https://www.trendyol.com/ebebek-hello-baby/hellobaby-kiz-bebek-basic-tisort-bisiklet-yaka-atlet-kol-koyu-pembe-p-954111091?boutiqueId=61&merchantId=392,ebebek,,85.59,120.56,29,,TRY,"[""Kargo Bedava""]",InStock,100 adetten fazla stok sunulmuştur,,,4.7,26,7,,1,"1,4B kişinin sepetinde","2,1B kişi favoriledi",Son 24 saatte 325 kişi görüntüledi,4999,TRY,0,3,1,6,Tahmini Teslim:,En Çok Satan 8. Ürün,https://cdn.dsmcdn.com/ty1708/prod/QC_PREP/20250709/10/86bdf3b8-07c4-392c-af2a-cef9c930b592/1_org_zoom.jpg,"{""Desen"":""Baskılı"",""Yıkama Talimatı"":""Type 1"",""Kalıp"":""Belirtilmemiş"",""Yaka Tipi"":""Bisiklet Yaka"",""Materyal"":""Pamuk"",""Renk"":""Çok Renkli"",""Kumaş Tipi"":""Belirtilmemiş"",""Kol Tipi"":""Standart Kol"",""Kol Boyu"":""Kısa"",""Boy"":""Belirtilmemiş"",""Ortam"":""Günlük"",""Siluet"":""Basic"",""Materyal Bileşeni"":""100% Pamuk"",""Menşei"":""TR"",""Kutu Durumu"":""Kutu yok""}",7,4.71,"[""search_result_dom"",""product_detail_jsonld"",""product_detail_dom""]","{""title"":""observed"",""brand"":""observed"",""seller_name"":""observed"",""seller_score"":""unavailable"",""price"":""observed"",""original_price"":""observed"",""campaigns"":""observed"",""stock_status"":""observed"",""stock_signal"":""observed"",""rating"":""observed"",""rating_count"":""observed"",""review_count"":""observed"",""question_count"":""observed"",""delivery_summary"":""observed"",""shipping_cost"":""observed"",""properties"":""observed""}",true,
2026-08-14,2026-08-14T12:42:33+03:00,çocuk,BEST_SELLER,5,89,89,8,,30,,1182060703,392,ebebek Hello Baby HelloBaby Unisex Çarık Çorap Unisex,ebebek Hello Baby,Çorap,https://www.trendyol.com/ebebek-hello-baby/hellobaby-unisex-carik-corap-unisex-p-1182060703?boutiqueId=61&merchantId=392,ebebek,,35.94,51.35,30,,TRY,"[""Sepette %30 İndirim"",""Kargo Bedava""]",InStock,100 adetten fazla stok sunulmuştur,,,,,,,1,,,Son 24 saatte 407 kişi görüntüledi,4999,TRY,0,3,1,6,Tahmini Teslim:,En Çok Satan 8. Ürün,https://cdn.dsmcdn.com/ty1903/prod/QC_PREP/20260808/14/de2d9e60-7636-3486-ab92-c105f4be8967/1_org_zoom.jpg,"{""Renk"":""Gri"",""Desen"":""Baskılı"",""Kumaş Tipi"":""Dokuma"",""Ortam"":""Günlük"",""Menşei"":""TR""}",0,,"[""search_result_dom"",""product_detail_jsonld"",""product_detail_dom""]","{""title"":""observed"",""brand"":""observed"",""seller_name"":""observed"",""seller_score"":""unavailable"",""price"":""observed"",""original_price"":""observed"",""campaigns"":""observed"",""stock_status"":""observed"",""stock_signal"":""observed"",""rating"":""unavailable"",""rating_count"":""unavailable"",""review_count"":""unavailable"",""question_count"":""observed"",""delivery_summary"":""observed"",""shipping_cost"":""observed"",""properties"":""observed""}",true,
2026-08-14,2026-08-14T12:42:33+03:00,çocuk,BEST_SELLER,5,90,90,3,,19.8,10.2,930525000,1292014,Genel Markalar Pilli Işıklı Köpük Tabancası Baloncuk Tabancası,Genel Markalar,,https://www.trendyol.com/genel-markalar/pilli-isikli-kopuk-tabancasi-baloncuk-tabancasi-p-930525000?boutiqueId=61&merchantId=1292014,ÜÇLER,1.9,299,,,,TRY,"[""Kargo Bedava""]",InStock,100 adetten fazla stok sunulmuştur,,,3.5,298,,,90,707 kişinin sepetinde,"8,6B kişi favoriledi",Son 24 saatte 789 kişi görüntüledi,,,0,,,,11 saat 11 dakika içinde sipariş verirsen en geç yarın kargoda!,En Çok Satan 3. Ürün,,{},0,,"[""search_result_dom"",""product_detail_jsonld"",""product_detail_dom""]","{""title"":""observed"",""brand"":""observed"",""seller_name"":""observed"",""seller_score"":""observed"",""price"":""observed"",""original_price"":""unavailable"",""campaigns"":""observed"",""stock_status"":""observed"",""stock_signal"":""observed"",""rating"":""observed"",""rating_count"":""observed"",""review_count"":""unavailable"",""question_count"":""observed"",""delivery_summary"":""observed"",""shipping_cost"":""unavailable"",""properties"":""observed""}",true,
2026-08-14,2026-08-14T12:42:33+03:00,çocuk,BEST_SELLER,5,91,91,,,28.8,6.2,957901243,131547,Roxbros Kore Tarzı Aksesuarlı 3'lü Set Kız Çocuk Ilkokul Çantası Kalemlikli Beslenme Çantalı Sırt Çantası,Roxbros,,https://www.trendyol.com/roxbros/kore-tarzi-aksesuarli-3-lu-set-kiz-cocuk-ilkokul-cantasi-kalemlikli-beslenme-cantali-sirt-cantasi-p-957901243?boutiqueId=61&merchantId=131547,Kahrıman Çanta,94,1709.05,1799,5,,TRY,"[""Sepette %5 İndirim"",""Kargo Bedava"",""Peşin Fiyatına 3 Taksit""]",InStock,100 adetten fazla stok sunulmuştur,,,4.7,955,,,231,"2,6B kişinin sepetinde","56,7B kişi favoriledi","Son 24 saatte 5,2B kişi görüntüledi",,,0,,,,Tahmini Teslim:,En Çok Ziyaret Edilen 1. Ürün,,{},0,,"[""search_result_dom"",""product_detail_jsonld"",""product_detail_dom""]","{""title"":""observed"",""brand"":""observed"",""seller_name"":""observed"",""seller_score"":""observed"",""price"":""observed"",""original_price"":""observed"",""campaigns"":""observed"",""stock_status"":""observed"",""stock_signal"":""observed"",""rating"":""observed"",""rating_count"":""observed"",""review_count"":""unavailable"",""question_count"":""observed"",""delivery_summary"":""observed"",""shipping_cost"":""unavailable"",""properties"":""observed""}",true,
2026-08-14,2026-08-14T12:42:33+03:00,çocuk,BEST_SELLER,5,92,92,,,25.6,24.4,1157097903,982060,H&M 2 Parçalı Pamuklu ve Fırfırlı Set,H&M,Alt - Üst Takım,https://www.trendyol.com/h-m/2-parcali-pamuklu-ve-firfirli-set-p-1157097903?boutiqueId=61&merchantId=982060,H&M,2,639.99,799.99,20,,TRY,"[""Sepette %20 İndirim"",""Kargo Bedava""]",InStock,10 adetten fazla stok sunulmuştur,,,4.8,6,4,,1,872 kişinin sepetinde,"4,3B kişi favoriledi","Son 24 saatte 2,2B kişi görüntüledi",4999,TRY,0,6,1,10,Tahmini Teslim:,,https://cdn.dsmcdn.com/ty1928/prod/QC_PREP/20260616/16/eb284a1a-c2c8-32b6-9813-976667b08bfd/1_org_zoom.jpg,"{""Kumaş Tipi"":""Belirtilmemiş"",""Desen"":""Parçalı"",""Kalıp"":""Belirtilmemiş"",""Yaka Tipi"":""Bisiklet Yaka"",""Renk"":""Pembe"",""Kol Boyu"":""Uzun"",""Kol Tipi"":""Fırfır Kol"",""Boy"":""Belirtilmemiş"",""Kemer/Kuşak Durumu"":""Kemersiz"",""Parça Sayısı"":""2"",""Menşei"":""BD""}",4,4.75,"[""search_result_dom"",""product_detail_jsonld"",""product_detail_dom""]","{""title"":""observed"",""brand"":""observed"",""seller_name"":""observed"",""seller_score"":""observed"",""price"":""observed"",""original_price"":""observed"",""campaigns"":""observed"",""stock_status"":""observed"",""stock_signal"":""observed"",""rating"":""observed"",""rating_count"":""observed"",""review_count"":""observed"",""question_count"":""observed"",""delivery_summary"":""observed"",""shipping_cost"":""observed"",""properties"":""observed""}",true,
2026-08-14,2026-08-14T12:42:33+03:00,çocuk,BEST_SELLER,5,93,93,1,,15.3,15.7,1101025519,226484,JUNİPERUS Organik %100 Pamuk Müslin Kapşonlu Plaj Çocuk Bebek Panço Bornoz Banyo Havlu 9 Yaşa Kadar,JUNİPERUS,,https://www.trendyol.com/juniperus/organik-100-pamuk-muslin-kapsonlu-plaj-cocuk-bebek-panco-bornoz-banyo-havlu-9-yasa-kadar-p-1101025519?boutiqueId=61&merchantId=226484,Juniperus,88,332.49,335.85,1,,TRY,"[""Sepette %1 İndirim"",""Kargo Bedava""]",InStock,100 adetten fazla stok sunulmuştur,,,4.3,61,,,19,554 kişinin sepetinde,10B kişi favoriledi,Son 24 saatte 649 kişi görüntüledi,,,0,,,,11 saat 11 dakika içinde sipariş verirsen en geç yarın kargoda!,En Çok Satan 1. Ürün,,{},0,,"[""search_result_dom"",""product_detail_jsonld"",""product_detail_dom""]","{""title"":""observed"",""brand"":""observed"",""seller_name"":""observed"",""seller_score"":""observed"",""price"":""observed"",""original_price"":""observed"",""campaigns"":""observed"",""stock_status"":""observed"",""stock_signal"":""observed"",""rating"":""observed"",""rating_count"":""observed"",""review_count"":""unavailable"",""question_count"":""observed"",""delivery_summary"":""observed"",""shipping_cost"":""unavailable"",""properties"":""observed""}",true,
2026-08-14,2026-08-14T12:42:33+03:00,çocuk,BEST_SELLER,5,94,94,,,18,12,1139242439,1230100,PAKİTO Manyetik 72 Parça Yapı Blokları Original -Mıknatıslı Manyetik Bloklar,PAKİTO,Eğitici Oyuncak,https://www.trendyol.com/pakito/manyetik-72-parca-yapi-bloklari-original-miknatisli-manyetik-bloklar-p-1139242439?boutiqueId=61&merchantId=1230100,LUMO STORE,91,3499,,,,TRY,"[""Kargo Bedava"",""Peşin Fiyatına 3 Taksit""]",InStock,100 adetten fazla stok sunulmuştur,,,4.6,269,177,,49,"2,8B kişinin sepetinde","28,5B kişi favoriledi",Son 24 saatte 1B kişi görüntüledi,4999,TRY,0,,1,4,1 saat 11 dakika içinde sipariş verirsen en geç bugün kargoda!,,https://cdn.dsmcdn.com/ty1928/prod/QC_ENRICHMENT/20260519/11/93f4c100-f2d6-3100-ae6c-a313e0a06e74/1_org_zoom.jpg,"{""Paket İçeriği"":""72'li"",""Yaş"":""3+ Yaş"",""Piller Kutuya Dahil Mi?"":""Hayır"",""Dil"":""Türkçe"",""Pil ile mi çalışır?"":""Hayır"",""Diğer Özellikler"":""Çocukların kendi yapılarını ve modellerini oluşturmasına yardımcı olur. Hayal gücünü ve yaratıcı düşünmeyi desteklemeye yardımcı oyun yapısı sunar. Şekil ve renklerin tanınmasına katkı sağlar. El-göz koordinasyonu ve ince motor becerilerinin çalıştırılmasına yardımcı olur. Farklı parçaların nasıl birleştirileceğini keşfetmeye dayalı oyun imkânı sunar. Bireysel veya birlikte oynanabilecek farklı oyun senaryolarına uygundur. Taşıma çantası sayesinde parçaların düzenli şekilde muhafaza edilmesini kolaylaştırır. Taşıma çantasıyla farklı yerlere götürülebilir."",""Menşei"":""TR"",""Ürün Uyarıları (Oyuncak)"":""Dikkat Edilmesi Gerekenler Ürün küçük parçalar içerdiğinden 3 yaşından küçük çocuklar için uygun değildir. Ürün kutusunu referans olarak saklayınız. Lütfen uyarıları dikkatlice okuyunuz. Bu ürün zararlı kimyasallar içermez. Toksik olmayan, gıda sınıfı boyalar kullanılarak renklendirilmiştir. Kırılmış, açılmış veya mıknatısı dışarı çıkmış parçaları kullanmayınız. Mıknatısların yutulması veya solunması ciddi sağlık sorunlarına neden olabilir. Mıknatısın yutulduğundan veya solunduğundan şüphelenilmesi hâlinde derhal tıbbi yardım alınmalıdır. Parçaları ağıza sokmayınız. Ürün yetişkin gözetiminde kullanılmalıdır. Tüm ambalaj malzemelerini çıkarmadan ürünü çocuğa vermeyiniz. Ürünü ateşten ve yüksek sıcaklıktan uzak tutunuz."",""Batarya Türü"":""Diğer"",""Batarya Boyutu"":""Uygulanabilir Değil"",""Özellik"":""Mıknatıslı""}",20,5,"[""search_result_dom"",""product_detail_jsonld"",""product_detail_dom""]","{""title"":""observed"",""brand"":""observed"",""seller_name"":""observed"",""seller_score"":""observed"",""price"":""observed"",""original_price"":""unavailable"",""campaigns"":""observed"",""stock_status"":""observed"",""stock_signal"":""observed"",""rating"":""observed"",""rating_count"":""observed"",""review_count"":""observed"",""question_count"":""observed"",""delivery_summary"":""observed"",""shipping_cost"":""observed"",""properties"":""observed""}",true,
2026-08-14,2026-08-14T12:42:33+03:00,çocuk,BEST_SELLER,5,95,95,,,30.7,19.3,1164824299,1127325,Circle Toys Ahşap Küçük Telli Koordinasyon Oyunu 1 Adet – Montessori Eğitici El Göz Koordinasyonu ve İnce Motor Beceri Oyuncağı,Circle Toys,Eğitici Oyuncak,https://www.trendyol.com/circle-toys/ahsap-kucuk-telli-koordinasyon-oyunu-1-adet-montessori-egitici-el-goz-koordinasyonu-ve-ince-motor-beceri-oyuncagi-p-1164824299?boutiqueId=61&merchantId=1127325,Circle Toys,,199.8,249.75,20,,TRY,"[""Sepette %20 İndirim"",""Kargo Bedava""]",InStock,100 adetten fazla stok sunulmuştur,,,3.8,46,21,,4,"1,6B kişinin sepetinde","7,2B kişi favoriledi",Son 24 saatte 580 kişi görüntüledi,4999,TRY,0,1,1,4,Tahmini Teslim:,,https://cdn.dsmcdn.com/ty1894/prod/QC_PREP/20260705/16/62174451-9c4a-3fa1-904e-5308310f0402/1_org_zoom.jpg,"{""Paket İçeriği"":""1'li"",""Yaş"":""3+ Yaş"",""Piller Kutuya Dahil Mi?"":""Hayır"",""Dil"":""Evrensel Dil"",""Pil ile mi çalışır?"":""Hayır"",""Menşei"":""CN""}",20,3.7,"[""search_result_dom"",""product_detail_jsonld"",""product_detail_dom""]","{""title"":""observed"",""brand"":""observed"",""seller_name"":""observed"",""seller_score"":""unavailable"",""price"":""observed"",""original_price"":""observed"",""campaigns"":""observed"",""stock_status"":""observed"",""stock_signal"":""observed"",""rating"":""observed"",""rating_count"":""observed"",""review_count"":""observed"",""question_count"":""observed"",""delivery_summary"":""observed"",""shipping_cost"":""observed"",""properties"":""observed""}",true,
2026-08-14,2026-08-14T12:42:33+03:00,çocuk,BEST_SELLER,5,96,96,1,,8,22,1171718636,982060,H&M Pamuklu ve Desenli Pijama Takımı,H&M,,https://www.trendyol.com/h-m/pamuklu-ve-desenli-pijama-takimi-p-1171718636?boutiqueId=61&merchantId=982060,H&M,,549.99,,,,TRY,"[""Kargo Bedava""]",InStock,50 adetten fazla stok sunulmuştur,,,4.9,9,,,2,1B kişinin sepetinde,4B kişi favoriledi,"Son 24 saatte 1,1B kişi görüntüledi",,,0,,,,Tahmini Teslim:,En Çok Satan 1. Ürün,,{},0,,"[""search_result_dom"",""product_detail_jsonld"",""product_detail_dom""]","{""title"":""observed"",""brand"":""observed"",""seller_name"":""observed"",""seller_score"":""unavailable"",""price"":""observed"",""original_price"":""unavailable"",""campaigns"":""observed"",""stock_status"":""observed"",""stock_signal"":""observed"",""rating"":""observed"",""rating_count"":""observed"",""review_count"":""unavailable"",""question_count"":""observed"",""delivery_summary"":""observed"",""shipping_cost"":""unavailable"",""properties"":""observed""}",true,
2026-08-14,2026-08-14T12:42:33+03:00,çocuk,BEST_SELLER,8,97,97,,,26.8,23.2,1177680650,1127283,"MAGNEBLOCKS Manyetik Yapı Blokları – BÜYÜK BOY 72 Parça, 3 Boyutlu Manyetik Oyun Seti, 2 ADET MANYETİK ARABA DAHİLDİR",MAGNEBLOCKS,Eğitici Oyuncak,https://www.trendyol.com/magneblocks/manyetik-yapi-bloklari-buyuk-boy-72-parca-3-boyutlu-manyetik-oyun-seti-2-adet-manyetik-araba-dahildir-p-1177680650?boutiqueId=61&merchantId=1127283,MAGNEBLOCKS OYUNCAK SAN TİC LTD ŞTİ,10,1999.2,2499,20,,TRY,"[""Sepette %20 İndirim"",""Kargo Bedava"",""Peşin Fiyatına 3 Taksit""]",InStock,100 adetten fazla stok sunulmuştur,,,5,6,6,,4,,626 kişi favoriledi,Son 24 saatte 585 kişi görüntüledi,4999,TRY,0,1,1,4,11 saat 11 dakika içinde sipariş verirsen en geç yarın kargoda!,,https://cdn.dsmcdn.com/ty1930/prod/QC_PREP/20260730/16/05698b53-b4b1-3865-9682-3133ae77b878/1_org_zoom.jpg,"{""Paket İçeriği"":""72'li"",""Yaş"":""3+ Yaş"",""Piller Kutuya Dahil Mi?"":""Belirtilmemiş"",""Dil"":""Türkçe"",""Pil ile mi çalışır?"":""Hayır"",""Menşei"":""CN"",""Ürün Uyarıları (Oyuncak)"":""3 yaş altı için uygun değildir.""}",6,5,"[""search_result_dom"",""product_detail_jsonld"",""product_detail_dom""]","{""title"":""observed"",""brand"":""observed"",""seller_name"":""observed"",""seller_score"":""observed"",""price"":""observed"",""original_price"":""observed"",""campaigns"":""observed"",""stock_status"":""observed"",""stock_signal"":""observed"",""rating"":""observed"",""rating_count"":""observed"",""review_count"":""observed"",""question_count"":""observed"",""delivery_summary"":""observed"",""shipping_cost"":""observed"",""properties"":""observed""}",true,
2026-08-14,2026-08-14T12:42:33+03:00,çocuk,BEST_SELLER,8,98,98,,,8,22,1088677164,982060,H&M Muflon Ceket,H&M,Ceket,https://www.trendyol.com/h-m/muflon-ceket-p-1088677164?boutiqueId=61&merchantId=982060,H&M,,479.99,,,,TRY,"[""Kargo Bedava""]",InStock,50 adetten fazla stok sunulmuştur,,,4.8,20,9,,1,,,,4999,TRY,0,6,1,10,Tahmini Teslim:,En Çok Ziyaret Edilen 1. Ürün,https://cdn.dsmcdn.com/ty1813/prod/QC_PREP/20260120/17/8611c46b-df33-3478-858d-db9f53104ce0/1_org_zoom.jpg,"{""Kol Tipi"":""Uzun Kol"",""Desen"":""Çiçekli"",""Kalıp"":""Regular"",""Yaka Tipi"":""Bisiklet Yaka"",""Materyal"":""Polyester"",""Kumaş Tipi"":""Belirtilmemiş"",""Renk"":""Lacivert"",""Cep"":""Cepsiz"",""Kol Boyu"":""Uzun"",""Astar Durumu"":""Astarsız"",""Boy"":""Belirtilmemiş"",""Siluet"":""Basic"",""Ortam"":""Casual/Günlük"",""Sürdürülebilirlik Detayı"":""Hayır"",""Kemer/Kuşak Durumu"":""Kemersiz"",""Ürün Tipi"":""Baskılı"",""Yıkama Talimatı"":""Type 2"",""Menşei"":""MM""}",9,4.44,"[""search_result_dom"",""product_detail_jsonld"",""product_detail_dom""]","{""title"":""observed"",""brand"":""observed"",""seller_name"":""observed"",""seller_score"":""unavailable"",""price"":""observed"",""original_price"":""unavailable"",""campaigns"":""observed"",""stock_status"":""observed"",""stock_signal"":""observed"",""rating"":""observed"",""rating_count"":""observed"",""review_count"":""observed"",""question_count"":""observed"",""delivery_summary"":""observed"",""shipping_cost"":""observed"",""properties"":""observed""}",true,
2026-08-14,2026-08-14T12:42:33+03:00,çocuk,BEST_SELLER,8,99,99,,,9.8,20.2,1134495813,1219946,ORVİCA Çocuklar Için Atlama Zıplama Oyuncağı Boy Uzatıcı Eğitici Fiziksel Ve Zihinsel Geliştirici Spor Oyun,ORVİCA,Eğitici Oyuncak,https://www.trendyol.com/orvica/cocuklar-icin-atlama-ziplama-oyuncagi-boy-uzatici-egitici-fiziksel-ve-zihinsel-gelistirici-spor-oyun-p-1134495813?boutiqueId=61&merchantId=1219946,ORVİCA TR,86,189,,,,TRY,"[""Kargo Bedava""]",InStock,100 adetten fazla stok sunulmuştur,,,4.2,28,16,,16,438 kişinin sepetinde,"1,9B kişi favoriledi",Son 24 saatte 463 kişi görüntüledi,4999,TRY,0,,1,4,11 dakika 22 saniye içinde sipariş verirsen en geç bugün kargoda!,,https://cdn.dsmcdn.com/ty1854/prod/QC_PREP/20260417/17/9ae035bc-9809-3a36-87d7-e159013142e0/1_org_zoom.jpg,"{""Paket İçeriği"":""1+"",""Yaş"":""5+ Yaş"",""Piller Kutuya Dahil Mi?"":""Hayır"",""Dil"":""Türkçe"",""Pil ile mi çalışır?"":""Hayır"",""Menşei"":""CN"",""Özellik"":""Ayarlanabilir""}",16,4.38,"[""search_result_dom"",""product_detail_jsonld"",""product_detail_dom""]","{""title"":""observed"",""brand"":""observed"",""seller_name"":""observed"",""seller_score"":""observed"",""price"":""observed"",""original_price"":""unavailable"",""campaigns"":""observed"",""stock_status"":""observed"",""stock_signal"":""observed"",""rating"":""observed"",""rating_count"":""observed"",""review_count"":""observed"",""question_count"":""observed"",""delivery_summary"":""observed"",""shipping_cost"":""observed"",""properties"":""observed""}",true,
2026-08-14,2026-08-14T12:42:33+03:00,çocuk,BEST_SELLER,8,100,100,1,,17.1,12.9,1136095009,643578,Moose Mood Phuket Çift Taraflı Kullanılabilir UV Korumalı Deniz Plaj Havuz Çocuk Bebek Şapka,Moose Mood,,https://www.trendyol.com/moose-mood/phuket-cift-tarafli-kullanilabilir-uv-korumali-deniz-plaj-havuz-cocuk-bebek-sapka-p-1136095009?boutiqueId=61&merchantId=643578,Moose Mood,,647,,,,TRY,"[""Kargo Bedava""]",InStock,100 adetten fazla stok sunulmuştur,,,4.7,138,,,43,798 kişinin sepetinde,"20,2B kişi favoriledi",Son 24 saatte 578 kişi görüntüledi,,,0,,,,11 saat 11 dakika içinde sipariş verirsen en geç yarın kargoda!,En Çok Satan 1. Ürün,,{},0,,"[""search_result_dom"",""product_detail_jsonld"",""product_detail_dom""]","{""title"":""observed"",""brand"":""observed"",""seller_name"":""observed"",""seller_score"":""unavailable"",""price"":""observed"",""original_price"":""unavailable"",""campaigns"":""observed"",""stock_status"":""observed"",""stock_signal"":""observed"",""rating"":""observed"",""rating_count"":""observed"",""review_count"":""unavailable"",""question_count"":""observed"",""delivery_summary"":""observed"",""shipping_cost"":""unavailable"",""properties"":""observed""}",true,
