date,captured_at,query,sort,source_segment,source_query,segment_position,source_page,search_position,bestseller_rank,category_rank,rank_delta,trend_score,niche_score,product_id,merchant_id,title,brand,category,url,seller_name,seller_score,price,original_price,discount_percent,price_delta_percent,currency,campaigns,stock_status,stock_signal,sales_signal,sales_signal_min,rating,rating_count,review_count,review_delta,question_count,basket_signal,favorite_signal,view_signal,shipping_cost,shipping_currency,handling_days_min,handling_days_max,transit_days_min,transit_days_max,delivery_summary,badge,image_url,properties,sample_review_count,sample_review_avg,detail_status,detail_selection,detail_attempted,detail_refreshed_at,detail_age_days,data_sources,field_availability,detail_ok,detail_error
2026-08-19,2026-08-19T10:00:54+03:00,ev-yasam,BEST_SELLER,birlesik-ev-yasam,Trendyol seçili Ev & Yaşam kategorileri / En Çok Satan,1,3,1,1,1,51,105.2,27.3,951979916,618092,VİGENTİNO 10’lu Modüler Kaşıklık Seti - Mutfak Düzenleyici Çekmece İçi Organizer,VİGENTİNO,,https://www.trendyol.com/vigentino/10-lu-moduler-kasiklik-seti-mutfak-duzenleyici-cekmece-ici-organizer-p-951979916?boutiqueId=61&merchantId=618092,VİGENTİNO,10,195.9,,,0,TRY,"[""Kargo Bedava""]",InStock,100 adetten fazla stok sunulmuştur,Son 3 günde 500+ ürün satıldı!,,4.7,2534,,0,145,,,,,,0,,,,5 saat 50 dakika içinde sipariş verirsen en geç bugün kargoda!,En Çok Satan 1. Ürün,,{},0,,refreshed,"[""daily_top""]",true,2026-08-19T10:00:54+03:00,0,"[""search_result_dom"",""product_detail_jsonld"",""product_detail_dom""]","{""title"":""observed"",""brand"":""observed"",""seller_name"":""observed"",""seller_score"":""observed"",""price"":""observed"",""original_price"":""unavailable"",""campaigns"":""observed"",""stock_status"":""observed"",""stock_signal"":""observed"",""rating"":""observed"",""rating_count"":""observed"",""review_count"":""unavailable"",""question_count"":""observed"",""delivery_summary"":""observed"",""shipping_cost"":""unavailable"",""properties"":""observed""}",true,
2026-08-19,2026-08-19T10:00:54+03:00,ev-yasam,BEST_SELLER,birlesik-ev-yasam,Trendyol seçili Ev & Yaşam kategorileri / En Çok Satan,2,3,2,2,2,51,93.9,36.1,900092698,558121,conzaliza 2'li Antialerjik Silikon Yastık | 800 Gram,conzaliza,Yastık,https://www.trendyol.com/conzaliza/2-li-antialerjik-silikon-yastik-800-gram-p-900092698?boutiqueId=61&merchantId=558121,B2B COLLECTION,91,331.68,,,5.3,TRY,"[""Kargo Bedava""]",InStock,100 adetten fazla stok sunulmuştur,Son 3 günde 500+ ürün satıldı!,,4,367,174,0,33,,,,4999,TRY,0,2,1,6,Tahmini Teslim:,En Çok Satan 2. Ürün,https://cdn.dsmcdn.com/ty1893/prod/QC_ENRICHMENT/20260602/22/fae921ff-60cc-3db6-b16e-1ce3430f1c64/1_org_zoom.jpg,"{""Boyut/Ebat"":""50 x 70"",""Dış Materyal"":""Mikrofiber"",""Dolgu Materyali"":""Silikon"",""Renk"":""Beyaz"",""Materyal Bileşeni"":""silikon dolgu"",""Yıkama Talimatı"":""T44"",""Menşei"":""TR""}",20,5,refreshed,"[""daily_top""]",true,2026-08-19T10:00:54+03:00,0,"[""search_result_dom"",""product_detail_jsonld"",""product_detail_dom""]","{""title"":""observed"",""brand"":""observed"",""seller_name"":""observed"",""seller_score"":""observed"",""price"":""observed"",""original_price"":""unavailable"",""campaigns"":""observed"",""stock_status"":""observed"",""stock_signal"":""observed"",""rating"":""observed"",""rating_count"":""observed"",""review_count"":""observed"",""question_count"":""observed"",""delivery_summary"":""observed"",""shipping_cost"":""observed"",""properties"":""observed""}",true,
2026-08-19,2026-08-19T10:00:54+03:00,ev-yasam,BEST_SELLER,birlesik-ev-yasam,Trendyol seçili Ev & Yaşam kategorileri / En Çok Satan,3,3,3,3,,32,106.5,23.5,861362964,541829,aymumi home Dekoratif 5li Set Mum Çizgili Vazo Tealight mumluk ve Oda Kokusu Seti,aymumi home,Mum ve Kandil,https://www.trendyol.com/aymumi-home/dekoratif-5li-set-mum-cizgili-vazo-tealight-mumluk-ve-oda-kokusu-seti-p-861362964?boutiqueId=61&merchantId=541829,QULİFE,82,153.71,,,-9.5,TRY,"[""Kargo Bedava""]",InStock,100 adetten fazla stok sunulmuştur,Son 3 günde 500+ ürün satıldı!,,4,20025,11474,15,403,,,,4999,TRY,0,,1,4,1 saat 50 dakika içinde sipariş verirsen en geç bugün kargoda!,,https://cdn.dsmcdn.com/ty1784/prod/QC_ENRICHMENT/20251029/18/a19c310e-5527-3f70-b32b-c90ef6476860/1_org_zoom.jpg,"{""Renk"":""Beyaz"",""Özellik"":""Kokulu"",""Boyut/Ebat"":""6 x 16"",""Parça Sayısı"":""6"",""Koku Aroması"":""Fresh"",""Menşei"":""TR""}",20,5,refreshed,"[""daily_top""]",true,2026-08-19T10:00:54+03:00,0,"[""search_result_dom"",""product_detail_jsonld"",""product_detail_dom""]","{""title"":""observed"",""brand"":""observed"",""seller_name"":""observed"",""seller_score"":""observed"",""price"":""observed"",""original_price"":""unavailable"",""campaigns"":""observed"",""stock_status"":""observed"",""stock_signal"":""observed"",""rating"":""observed"",""rating_count"":""observed"",""review_count"":""observed"",""question_count"":""observed"",""delivery_summary"":""observed"",""shipping_cost"":""observed"",""properties"":""observed""}",true,
2026-08-19,2026-08-19T10:00:54+03:00,ev-yasam,BEST_SELLER,birlesik-ev-yasam,Trendyol seçili Ev & Yaşam kategorileri / En Çok Satan,4,3,4,4,3,39,108.2,51.8,831620233,120834,Hagen 6lı Kapı Arkası Askılık Banyo Askısı Duvar Askısı Elbise Kıyafet Askısı Premium Üretim,Hagen,,https://www.trendyol.com/hagen/6li-kapi-arkasi-askilik-banyo-askisi-duvar-askisi-elbise-kiyafet-askisi-premium-uretim-p-831620233?boutiqueId=61&merchantId=120834,HAGEN HOME,96,249.9,,,0,TRY,"[""Kargo Bedava""]",InStock,100 adetten fazla stok sunulmuştur,Son 3 günde 500+ ürün satıldı!,500,4.6,1891,,0,124,"1,3B kişinin sepetinde","48,1B kişi favoriledi",Son 24 saatte 942 kişi görüntüledi,,,0,,,,4 saat 50 dakika içinde sipariş verirsen en geç bugün kargoda!,En Çok Satan 3. Ürün,,{},0,,refreshed,"[""daily_top""]",true,2026-08-19T10:00:54+03:00,0,"[""search_result_dom"",""product_detail_jsonld"",""product_detail_dom""]","{""title"":""observed"",""brand"":""observed"",""seller_name"":""observed"",""seller_score"":""observed"",""price"":""observed"",""original_price"":""unavailable"",""campaigns"":""observed"",""stock_status"":""observed"",""stock_signal"":""observed"",""rating"":""observed"",""rating_count"":""observed"",""review_count"":""unavailable"",""question_count"":""observed"",""delivery_summary"":""observed"",""shipping_cost"":""unavailable"",""properties"":""observed""}",true,
2026-08-19,2026-08-19T10:00:54+03:00,ev-yasam,BEST_SELLER,birlesik-ev-yasam,Trendyol seçili Ev & Yaşam kategorileri / En Çok Satan,5,3,5,5,3,36,105.9,51.6,833004143,550676,zabata 7x7 CM Süper Güçlü Yapışkanlı Banyo Askısı Yedek 4 Adet Sticker Raf Tutucu Askı,zabata,Banyo Askısı,https://www.trendyol.com/zabata/7x7-cm-super-guclu-yapiskanli-banyo-askisi-yedek-4-adet-sticker-raf-tutucu-aski-p-833004143?boutiqueId=61&merchantId=550676,Zabata Türkiye,94,117.8,,,0,TRY,"[""Kargo Bedava"",""Trendyol Plus'a Özel""]",InStock,100 adetten fazla stok sunulmuştur,Son 3 günde 500+ ürün satıldı!,500,4.5,4137,1710,3,134,2B kişinin sepetinde,"40,6B kişi favoriledi",Son 24 saatte 730 kişi görüntüledi,4999,TRY,0,1,1,4,50 dakika 40 saniye içinde sipariş verirsen en geç bugün kargoda!,En Çok Satan 3. Ürün,https://cdn.dsmcdn.com/ty1531/product/media/images/prod/QC/20240907/14/0426c41e-6bf0-35f7-8ea2-746717ec14af/1_org_zoom.jpg,"{""Renk"":""Şeffaf"",""Tip"":""Banyo Duş Rafı"",""Diğer Özellikler"":""GÜÇLÜ YAPIŞMA"",""Menşei"":""TR"",""Bakım Talimatları (Genel)"":""Ürünün kullanım ömrünü korumak için ürüne özel bakım talimatlarını takip ediniz.""}",20,5,refreshed,"[""daily_top""]",true,2026-08-19T10:00:54+03:00,0,"[""search_result_dom"",""product_detail_jsonld"",""product_detail_dom""]","{""title"":""observed"",""brand"":""observed"",""seller_name"":""observed"",""seller_score"":""observed"",""price"":""observed"",""original_price"":""unavailable"",""campaigns"":""observed"",""stock_status"":""observed"",""stock_signal"":""observed"",""rating"":""observed"",""rating_count"":""observed"",""review_count"":""observed"",""question_count"":""observed"",""delivery_summary"":""observed"",""shipping_cost"":""observed"",""properties"":""observed""}",true,
2026-08-19,2026-08-19T10:00:54+03:00,ev-yasam,BEST_SELLER,birlesik-ev-yasam,Trendyol seçili Ev & Yaşam kategorileri / En Çok Satan,6,3,6,6,3,54,104.4,50.6,754534944,550676,zabata Dolap Içi Düzenleyici Organizer Tezgah Banyo Tabak Bardak Mutfak Banyo Düzenleme,zabata,Dolap İçi Düzenleyici,https://www.trendyol.com/zabata/dolap-ici-duzenleyici-organizer-tezgah-banyo-tabak-bardak-mutfak-banyo-duzenleme-p-754534944?boutiqueId=61&merchantId=550676,Zabata Türkiye,94,149,,,0,TRY,"[""Kargo Bedava""]",InStock,100 adetten fazla stok sunulmuştur,Son 3 günde 500+ ürün satıldı!,500,4.5,3493,1980,5,173,"1,4B kişinin sepetinde","105,2B kişi favoriledi",Son 24 saatte 937 kişi görüntüledi,4999,TRY,0,,1,4,50 dakika 40 saniye içinde sipariş verirsen en geç bugün kargoda!,En Çok Satan 3. Ürün,https://cdn.dsmcdn.com/ty1337/product/media/images/prod/QC/20240528/09/bcc6ae61-6cab-31cd-bc35-c70a7ecfb2d1/1_org_zoom.jpg,"{""Parça Sayısı"":""1 Parça"",""Materyal"":""Metal"",""Boyut/Ebat"":""30 x 30"",""Renk"":""Siyah"",""Materyal Bileşeni"":""Metal Üzeri Elektrostatik Boya"",""Menşei"":""TR""}",20,5,refreshed,"[""daily_top""]",true,2026-08-19T10:00:54+03:00,0,"[""search_result_dom"",""product_detail_jsonld"",""product_detail_dom""]","{""title"":""observed"",""brand"":""observed"",""seller_name"":""observed"",""seller_score"":""observed"",""price"":""observed"",""original_price"":""unavailable"",""campaigns"":""observed"",""stock_status"":""observed"",""stock_signal"":""observed"",""rating"":""observed"",""rating_count"":""observed"",""review_count"":""observed"",""question_count"":""observed"",""delivery_summary"":""observed"",""shipping_cost"":""observed"",""properties"":""observed""}",true,
2026-08-19,2026-08-19T10:00:54+03:00,ev-yasam,BEST_SELLER,birlesik-ev-yasam,Trendyol seçili Ev & Yaşam kategorileri / En Çok Satan,7,3,7,7,4,43,108.6,46.5,44481914,133427,Nart Home Yatak Alezi Pamuklu Kapitone Fitted Full Kenar Sıvı Geçirmez Yatak Koruyucu Beyaz,Nart Home,,https://www.trendyol.com/nart-home/yatak-alezi-pamuklu-kapitone-fitted-full-kenar-sivi-gecirmez-yatak-koruyucu-beyaz-p-44481914?boutiqueId=61&merchantId=133427,Nart Home,,469.9,,,0,TRY,"[""Kargo Bedava"",""Trendyol Plus'a Özel""]",InStock,100 adetten fazla stok sunulmuştur,Son 3 günde 500+ ürün satıldı!,500,4.6,11855,,0,1570,"3,3B kişinin sepetinde","181,5B kişi favoriledi","Son 24 saatte 1,6B kişi görüntüledi",,,0,,,,4 saat 50 dakika içinde sipariş verirsen en geç bugün kargoda!,,,{},0,,refreshed,"[""daily_top""]",true,2026-08-19T10:00:54+03:00,0,"[""search_result_dom"",""product_detail_jsonld"",""product_detail_dom""]","{""title"":""observed"",""brand"":""observed"",""seller_name"":""observed"",""seller_score"":""unavailable"",""price"":""observed"",""original_price"":""unavailable"",""campaigns"":""observed"",""stock_status"":""observed"",""stock_signal"":""observed"",""rating"":""observed"",""rating_count"":""observed"",""review_count"":""unavailable"",""question_count"":""observed"",""delivery_summary"":""observed"",""shipping_cost"":""unavailable"",""properties"":""observed""}",true,
2026-08-19,2026-08-19T10:00:54+03:00,ev-yasam,BEST_SELLER,birlesik-ev-yasam,Trendyol seçili Ev & Yaşam kategorileri / En Çok Satan,8,3,8,8,,24,107.4,46,37258722,128977,ACAR Karat 9 Parça Rendeli Karıştırma ve Saklama Kabı (16-20-24 cm),ACAR,Saklama Kabı,https://www.trendyol.com/acar/karat-9-parca-rendeli-karistirma-ve-saklama-kabi-16-20-24-cm-p-37258722?boutiqueId=61&merchantId=128977,Acar Home,85,929.9,,,0,TRY,"[""Kargo Bedava"",""Trendyol Plus'a Özel""]",InStock,100 adetten fazla stok sunulmuştur,Son 3 günde 500+ ürün satıldı!,500,4.7,24562,14851,4,881,"8,4B kişinin sepetinde","710,5B kişi favoriledi","Son 24 saatte 4,3B kişi görüntüledi",4999,TRY,0,1,1,4,Tahmini Teslim:,En Çok Favorilenen 1. Ürün,https://cdn.dsmcdn.com/ty1898/prod/QC_ENRICHMENT/20260722/09/69098ab4-b0d6-368b-802a-eeda8d713705/1_org_zoom.jpg,"{""Materyal"":""Çelik"",""Parça Sayısı"":""9"",""Renk"":""Siyah"",""Hacim"":""1,35 L"",""Menşei"":""TR"",""Bakım Talimatları (Gıda Temas)"":""Bulaşık makinesinde yıkanabilir."",""Gıda Temas Sembolü"":""Evet""}",20,5,refreshed,"[""daily_top""]",true,2026-08-19T10:00:54+03:00,0,"[""search_result_dom"",""product_detail_jsonld"",""product_detail_dom""]","{""title"":""observed"",""brand"":""observed"",""seller_name"":""observed"",""seller_score"":""observed"",""price"":""observed"",""original_price"":""unavailable"",""campaigns"":""observed"",""stock_status"":""observed"",""stock_signal"":""observed"",""rating"":""observed"",""rating_count"":""observed"",""review_count"":""observed"",""question_count"":""observed"",""delivery_summary"":""observed"",""shipping_cost"":""observed"",""properties"":""observed""}",true,
2026-08-19,2026-08-19T10:00:54+03:00,ev-yasam,BEST_SELLER,birlesik-ev-yasam,Trendyol seçili Ev & Yaşam kategorileri / En Çok Satan,9,3,9,9,3,45,95.4,52.1,473798271,1258506,"usta mekan Siyah 2 Katlı Banyo Kozmetik Takı Makyaj Düzenleyici ,Çok Amaçlı Organizer ,Servis Sunum Tepsisi ,Ikramlık",usta mekan,Makyaj Organizerı,https://www.trendyol.com/usta-mekan/siyah-2-katli-banyo-kozmetik-taki-makyaj-duzenleyici-cok-amacli-organizer-servis-sunum-tepsisi-ikramlik-p-473798271?boutiqueId=61&merchantId=1258506,STATİKA HOME,92,175,,,0,TRY,"[""Kargo Bedava""]",InStock,100 adetten fazla stok sunulmuştur,Son 3 günde 500+ ürün satıldı!,500,4.4,1623,845,7,104,"4,6B kişinin sepetinde","91,6B kişi favoriledi","Son 24 saatte 2,8B kişi görüntüledi",4999,TRY,0,2,1,6,1 saat 50 dakika içinde sipariş verirsen en geç bugün kargoda!,En Çok Satan 3. Ürün,https://cdn.dsmcdn.com/ty1496/product/media/images/prod/QC/20240821/10/2889da05-f866-3982-be45-6e42d6c2a6e4/1_org_zoom.jpg,"{""Parça Sayısı"":""1 Parça"",""Materyal"":""Metal"",""Renk"":""Siyah"",""Menşei"":""TR"",""Bölme Sayısı"":""2""}",20,5,refreshed,"[""daily_top""]",true,2026-08-19T10:00:54+03:00,0,"[""search_result_dom"",""product_detail_jsonld"",""product_detail_dom""]","{""title"":""observed"",""brand"":""observed"",""seller_name"":""observed"",""seller_score"":""observed"",""price"":""observed"",""original_price"":""unavailable"",""campaigns"":""observed"",""stock_status"":""observed"",""stock_signal"":""observed"",""rating"":""observed"",""rating_count"":""observed"",""review_count"":""observed"",""question_count"":""observed"",""delivery_summary"":""observed"",""shipping_cost"":""observed"",""properties"":""observed""}",true,
2026-08-19,2026-08-19T10:00:54+03:00,ev-yasam,BEST_SELLER,birlesik-ev-yasam,Trendyol seçili Ev & Yaşam kategorileri / En Çok Satan,10,3,10,10,1,45,100.4,45,772042373,638780,BEYZANA Bambu Kirli Çamaşır Sepeti Dikdörtgen -katlanabilir Bambu Kirli Çamaşır Sepeti,BEYZANA,Çamaşır Sepeti,https://www.trendyol.com/beyzana/bambu-kirli-camasir-sepeti-dikdortgen-katlanabilir-bambu-kirli-camasir-sepeti-p-772042373?boutiqueId=61&merchantId=638780,BEYZANA,,429.99,,,0,TRY,"[""Kargo Bedava""]",InStock,100 adetten fazla stok sunulmuştur,Son 3 günde 500+ ürün satıldı!,500,4.2,12546,6346,4,980,"4,5B kişinin sepetinde","374,2B kişi favoriledi","Son 24 saatte 3,2B kişi görüntüledi",4999,TRY,0,1,1,4,13 saat 50 dakika içinde sipariş verirsen en geç yarın kargoda!,En Çok Satan 1. Ürün,https://cdn.dsmcdn.com/ty1718/prod/QC_ENRICHMENT/20250727/12/5cfb3e4a-d940-3b10-8ae2-ec0dcce72a49/1_org_zoom.jpg,"{""Materyal"":""Bambu"",""Renk"":""Bej"",""Hacim"":""50-99 L"",""Boyut/Ebat"":""35 x 50"",""Yıkama Talimatı"":""T101"",""Materyal Bileşeni"":""BAMBU"",""Menşei"":""CN""}",20,5,refreshed,"[""daily_top""]",true,2026-08-19T10:00:54+03:00,0,"[""search_result_dom"",""product_detail_jsonld"",""product_detail_dom""]","{""title"":""observed"",""brand"":""observed"",""seller_name"":""observed"",""seller_score"":""unavailable"",""price"":""observed"",""original_price"":""unavailable"",""campaigns"":""observed"",""stock_status"":""observed"",""stock_signal"":""observed"",""rating"":""observed"",""rating_count"":""observed"",""review_count"":""observed"",""question_count"":""observed"",""delivery_summary"":""observed"",""shipping_cost"":""observed"",""properties"":""observed""}",true,
2026-08-19,2026-08-19T10:00:54+03:00,ev-yasam,BEST_SELLER,birlesik-ev-yasam,Trendyol seçili Ev & Yaşam kategorileri / En Çok Satan,11,3,11,11,1,47,88.9,53.6,1055252680,716966,Dream Time 2 Adet Bambu Lüks Sıvı Geçirmez Yastık Alezi | 50x70cm Su Geçirmez Jakarlı Yastık Alezi 2'li Set,Dream Time,Yastık Alezi,https://www.trendyol.com/dream-time/2-adet-bambu-luks-sivi-gecirmez-yastik-alezi-50x70cm-su-gecirmez-jakarli-yastik-alezi-2-li-set-p-1055252680?boutiqueId=61&merchantId=716966,Dream Time,2,249.9,,,0,TRY,"[""Kargo Bedava"",""Trendyol Plus'a Özel""]",InStock,100 adetten fazla stok sunulmuştur,Son 3 günde 500+ ürün satıldı!,500,4.4,952,411,4,76,2B kişinin sepetinde,"23,4B kişi favoriledi","Son 24 saatte 1,2B kişi görüntüledi",4999,TRY,0,1,1,4,13 saat 50 dakika içinde sipariş verirsen en geç yarın kargoda!,En Çok Satan 1. Ürün,https://cdn.dsmcdn.com/ty1793/prod/QC_PREP/20251123/11/4efdd08b-cbe3-391d-9f88-62eb305ee035/1_org_zoom.jpg,"{""Materyal"":""Bambu + Polyester"",""Paket İçeriği"":""2'li"",""Boyut/Ebat"":""50 x 70"",""Renk"":""Beyaz"",""Özellik"":""Su Geçirmez"",""Materyal Bileşeni"":""Jakarlı Bambu Örme Kumaş"",""Yıkama Talimatı"":""https://cdn.dsmcdn.com/ty376/product/charts/carelabel/wash_at_30_delicate.jpg"",""Menşei"":""TR""}",20,5,refreshed,"[""daily_top""]",true,2026-08-19T10:00:54+03:00,0,"[""search_result_dom"",""product_detail_jsonld"",""product_detail_dom""]","{""title"":""observed"",""brand"":""observed"",""seller_name"":""observed"",""seller_score"":""observed"",""price"":""observed"",""original_price"":""unavailable"",""campaigns"":""observed"",""stock_status"":""observed"",""stock_signal"":""observed"",""rating"":""observed"",""rating_count"":""observed"",""review_count"":""observed"",""question_count"":""observed"",""delivery_summary"":""observed"",""shipping_cost"":""observed"",""properties"":""observed""}",true,
2026-08-19,2026-08-19T10:00:54+03:00,ev-yasam,BEST_SELLER,birlesik-ev-yasam,Trendyol seçili Ev & Yaşam kategorileri / En Çok Satan,12,3,12,12,2,35,79,62,1164493499,717949,BASHTUGH TİCARET Bohem Sandalye Örtüsü Arkası Tam Kaplama Yıkanabilir Esnek Lastikli Mutfak Sandalye Kılıfı Alt Üst 2Parça Takım Chair Cover,BASHTUGH TİCARET,,https://www.trendyol.com/bashtugh-ticaret/bohem-sandalye-ortusu-arkasi-tam-kaplama-yikanabilir-esnek-lastikli-mutfak-sandalye-kilifi-alt-ust-2parca-takim-chair-cover-p-1164493499?boutiqueId=61&merchantId=717949,BASHTUGH TİCARET,88,127.71,129,1,0,TRY,"[""Sepette %1 İndirim"",""Kargo Bedava""]",InStock,100 adetten fazla stok sunulmuştur,Son 3 günde 500+ ürün satıldı!,500,4.2,31,,0,47,779 kişinin sepetinde,"2,7B kişi favoriledi",Son 24 saatte 1B kişi görüntüledi,,,0,,,,50 dakika 30 saniye içinde sipariş verirsen en geç bugün kargoda!,En Çok Satan 2. Ürün,,{},0,,refreshed,"[""daily_top""]",true,2026-08-19T10:00:54+03:00,0,"[""search_result_dom"",""product_detail_jsonld"",""product_detail_dom""]","{""title"":""observed"",""brand"":""observed"",""seller_name"":""observed"",""seller_score"":""observed"",""price"":""observed"",""original_price"":""observed"",""campaigns"":""observed"",""stock_status"":""observed"",""stock_signal"":""observed"",""rating"":""observed"",""rating_count"":""observed"",""review_count"":""unavailable"",""question_count"":""observed"",""delivery_summary"":""observed"",""shipping_cost"":""unavailable"",""properties"":""observed""}",true,
2026-08-19,2026-08-19T10:00:54+03:00,ev-yasam,BEST_SELLER,birlesik-ev-yasam,Trendyol seçili Ev & Yaşam kategorileri / En Çok Satan,13,3,13,13,,49,87.1,50.4,758832272,239163,"SUVAY %100 Pamuklu Sıvı Geçirmez Bebek Ve Çocuk Yatak Koruyucu Alez, Park Beşik, Kreş Anaokulu Alezi",SUVAY,Alez,https://www.trendyol.com/suvay/100-pamuklu-sivi-gecirmez-bebek-ve-cocuk-yatak-koruyucu-alez-park-besik-kres-anaokulu-alezi-p-758832272?boutiqueId=61&merchantId=239163,SUVAY,,153.99,,,-13.4,TRY,"[""Kargo Bedava""]",InStock,100 adetten fazla stok sunulmuştur,Son 3 günde 500+ ürün satıldı!,500,4.6,1802,771,1,155,"1,2B kişinin sepetinde","28,5B kişi favoriledi",Son 24 saatte 943 kişi görüntüledi,4999,TRY,0,,1,4,2 saat 50 dakika içinde sipariş verirsen en geç bugün kargoda!,,https://cdn.dsmcdn.com/ty1690/prod/QC_ENRICHMENT/20250605/00/a3a03927-ec82-32d8-9450-3d8249a74745/1_org_zoom.jpg,"{""Materyal"":""Pamuklu"",""Renk"":""Beyaz"",""Özellik"":""Su Geçirmez"",""Materyal Bileşeni"":""%50 Pamuk, %50 Polyester"",""Yıkama Talimatı"":""Type 1"",""Paket İçeriği"":""1'li"",""Menşei"":""TR""}",20,5,refreshed,"[""daily_top""]",true,2026-08-19T10:00:54+03:00,0,"[""search_result_dom"",""product_detail_jsonld"",""product_detail_dom""]","{""title"":""observed"",""brand"":""observed"",""seller_name"":""observed"",""seller_score"":""unavailable"",""price"":""observed"",""original_price"":""unavailable"",""campaigns"":""observed"",""stock_status"":""observed"",""stock_signal"":""observed"",""rating"":""observed"",""rating_count"":""observed"",""review_count"":""observed"",""question_count"":""observed"",""delivery_summary"":""observed"",""shipping_cost"":""observed"",""properties"":""observed""}",true,
2026-08-19,2026-08-19T10:00:54+03:00,ev-yasam,BEST_SELLER,birlesik-ev-yasam,Trendyol seçili Ev & Yaşam kategorileri / En Çok Satan,14,3,14,14,4,49,75.9,59.1,1157720604,1142113,"Fast Story Beyaz Amerikan Kapı Arkası Askılık Mutfak Banyo Düzenleyici , Elbise Askısı, Askılık, Askı, Plastik Askı",Fast Story,Askılık,https://www.trendyol.com/fast-story/beyaz-amerikan-kapi-arkasi-askilik-mutfak-banyo-duzenleyici-elbise-askisi-askilik-aski-plastik-aski-p-1157720604?boutiqueId=61&merchantId=1142113,Fast Story,91,34.99,,,0,TRY,"[""Kargo Bedava""]",InStock,100 adetten fazla stok sunulmuştur,Son 3 günde 500+ ürün satıldı!,500,3.6,108,54,0,18,"1,6B kişinin sepetinde","7,7B kişi favoriledi",Son 24 saatte 775 kişi görüntüledi,4999,TRY,0,,1,4,3 saat 50 dakika içinde sipariş verirsen en geç bugün kargoda!,En Çok Satan 4. Ürün,https://cdn.dsmcdn.com/ty1906/prod/QC_ENRICHMENT/20260623/13/4a99d3d3-7b3a-3bda-bbf9-6dd685719ee3/1_org_zoom.jpg,"{""Materyal"":""Plastik"",""Renk"":""Beyaz"",""Yükseklik"":""9 cm"",""Genişlik"":""30 cm"",""Askılık Tipi"":""Ayaklı Askılık"",""Stil"":""Modern"",""Menşei"":""TR""}",20,5,refreshed,"[""daily_top""]",true,2026-08-19T10:00:54+03:00,0,"[""search_result_dom"",""product_detail_jsonld"",""product_detail_dom""]","{""title"":""observed"",""brand"":""observed"",""seller_name"":""observed"",""seller_score"":""observed"",""price"":""observed"",""original_price"":""unavailable"",""campaigns"":""observed"",""stock_status"":""observed"",""stock_signal"":""observed"",""rating"":""observed"",""rating_count"":""observed"",""review_count"":""observed"",""question_count"":""observed"",""delivery_summary"":""observed"",""shipping_cost"":""observed"",""properties"":""observed""}",true,
2026-08-19,2026-08-19T10:00:54+03:00,ev-yasam,BEST_SELLER,birlesik-ev-yasam,Trendyol seçili Ev & Yaşam kategorileri / En Çok Satan,15,3,15,15,,33,89.5,43,50446232,165535,EFFE YAPI DEKOR Altın Metal Çerçeveli Ayaklı Boy Aynası 180x60 cm,EFFE YAPI DEKOR,Ayna,https://www.trendyol.com/effe-yapi-dekor/altin-metal-cerceveli-ayakli-boy-aynasi-180x60-cm-p-50446232?boutiqueId=61&merchantId=165535,Effe Yapi Dekor,85,1550,,,0,TRY,"[""Kargo Bedava"",""Peşin Fiyatına 3 Taksit""]",InStock,100 adetten fazla stok sunulmuştur,Son 3 günde 500+ ürün satıldı!,500,4.8,8677,4901,8,1125,6B kişinin sepetinde,"360,5B kişi favoriledi","Son 24 saatte 4,3B kişi görüntüledi",4999,TRY,0,12,1,15,Tahmini Teslim:,En Çok Ziyaret Edilen 2. Ürün,https://cdn.dsmcdn.com/ty1613/prod/QC/20241209/11/101dfab8-76f7-399a-a974-0926fb7a7401/1_org_zoom.jpg,"{""Materyal"":""Metal"",""Renk"":""Altın"",""Parça Sayısı"":""1 Parça"",""Şekil"":""Dikdörtgen"",""Çeşit"":""Ayaklı Boy Aynası""}",20,5,refreshed,"[""daily_top""]",true,2026-08-19T10:00:54+03:00,0,"[""search_result_dom"",""product_detail_jsonld"",""product_detail_dom""]","{""title"":""observed"",""brand"":""observed"",""seller_name"":""observed"",""seller_score"":""observed"",""price"":""observed"",""original_price"":""unavailable"",""campaigns"":""observed"",""stock_status"":""observed"",""stock_signal"":""observed"",""rating"":""observed"",""rating_count"":""observed"",""review_count"":""observed"",""question_count"":""observed"",""delivery_summary"":""observed"",""shipping_cost"":""observed"",""properties"":""observed""}",true,
2026-08-19,2026-08-19T10:00:54+03:00,ev-yasam,BEST_SELLER,birlesik-ev-yasam,Trendyol seçili Ev & Yaşam kategorileri / En Çok Satan,16,3,16,16,2,72,76.4,53.6,359324002,1141424,Genel Markalar Pilastik Mandal 24 Lü 45098760451,Genel Markalar,Çamaşır İpi & Mandal,https://www.trendyol.com/genel-markalar/pilastik-mandal-24-lu-45098760451-p-359324002?boutiqueId=61&merchantId=1141424,Büyük Pazar İstoç,87,24.99,,,0,TRY,"[""Kargo Bedava"",""Son 10 Günün En Düşük Fiyatı""]",InStock,100 adetten fazla stok sunulmuştur,Son 3 günde 500+ ürün satıldı!,500,4,370,198,0,34,443 kişinin sepetinde,"4,4B kişi favoriledi",,4999,TRY,0,2,1,6,Tahmini Teslim:,En Çok Satan 2. Ürün,https://cdn.dsmcdn.com/ty1928/prod/QC_ENRICHMENT/20260715/11/b190184d-f03b-3dc4-b8db-8f8caebc9692/1_org_zoom.jpg,"{""Parça Sayısı"":""24"",""Uzunluk"":""10"",""Menşei"":""TR""}",20,5,refreshed,"[""daily_top""]",true,2026-08-19T10:00:54+03:00,0,"[""search_result_dom"",""product_detail_jsonld"",""product_detail_dom""]","{""title"":""observed"",""brand"":""observed"",""seller_name"":""observed"",""seller_score"":""observed"",""price"":""observed"",""original_price"":""unavailable"",""campaigns"":""observed"",""stock_status"":""observed"",""stock_signal"":""observed"",""rating"":""observed"",""rating_count"":""observed"",""review_count"":""observed"",""question_count"":""observed"",""delivery_summary"":""observed"",""shipping_cost"":""observed"",""properties"":""observed""}",true,
2026-08-19,2026-08-19T10:00:54+03:00,ev-yasam,BEST_SELLER,birlesik-ev-yasam,Trendyol seçili Ev & Yaşam kategorileri / En Çok Satan,17,3,17,17,,55,88,41.5,98119438,596436,TREND STOR PERDE Ekru Geniş Plise Etek Dilimli Zebra Stor Güneşlik Perde,TREND STOR PERDE,Stor Perde,https://www.trendyol.com/trend-stor-perde/ekru-genis-plise-etek-dilimli-zebra-stor-guneslik-perde-p-98119438?boutiqueId=61&merchantId=596436,Kidmex,91,484.99,,,0,TRY,"[""Kargo Bedava""]",InStock,100 adetten fazla stok sunulmuştur,Son 3 günde 500+ ürün satıldı!,500,4.5,16740,10057,2,5439,"4,1B kişinin sepetinde","133,7B kişi favoriledi","Son 24 saatte 2,4B kişi görüntüledi",4999,TRY,0,3,1,7,Tahmini Teslim:,En Çok Favorilenen 1. Ürün,https://cdn.dsmcdn.com/ty1533/product/media/images/prod/QC/20240910/08/e5791e89-1bc3-3952-891b-c39b8d21d4c0/1_org_zoom.jpg,"{""Tip"":""Zebra"",""Renk"":""Ekru"",""Materyal"":""Polyester"",""Desen"":""Düz"",""Işık Geçirgenliği"":""Oda Karanlığı"",""Yıkama Talimatı"":""T101"",""Materyal Bileşeni"":""70% Polyester ve, 30% pamuk bileşkesi"",""Menşei"":""TR""}",20,5,refreshed,"[""daily_top""]",true,2026-08-19T10:00:54+03:00,0,"[""search_result_dom"",""product_detail_jsonld"",""product_detail_dom""]","{""title"":""observed"",""brand"":""observed"",""seller_name"":""observed"",""seller_score"":""observed"",""price"":""observed"",""original_price"":""unavailable"",""campaigns"":""observed"",""stock_status"":""observed"",""stock_signal"":""observed"",""rating"":""observed"",""rating_count"":""observed"",""review_count"":""observed"",""question_count"":""observed"",""delivery_summary"":""observed"",""shipping_cost"":""observed"",""properties"":""observed""}",true,
2026-08-19,2026-08-19T10:00:54+03:00,ev-yasam,BEST_SELLER,birlesik-ev-yasam,Trendyol seçili Ev & Yaşam kategorileri / En Çok Satan,18,3,18,18,3,49,79.3,45.7,971678237,1064746,HURCEVİM 6 Adet - Antrasit Çizgili Büyük Boy Hurç Seti - Baza Altı Ve Çekyat Tipi Organizer - 65 x 45 x 22 Cm,HURCEVİM,Hurç,https://www.trendyol.com/hurcevim/6-adet-antrasit-cizgili-buyuk-boy-hurc-seti-baza-alti-ve-cekyat-tipi-organizer-65-x-45-x-22-cm-p-971678237?boutiqueId=61&merchantId=1064746,HURCEVİM,9,275.44,,,0,TRY,"[""Kargo Bedava"",""Trendyol Plus'a Özel""]",InStock,100 adetten fazla stok sunulmuştur,Son 3 günde 500+ ürün satıldı!,500,4.1,3036,1459,3,116,"2,7B kişinin sepetinde","77,1B kişi favoriledi","Son 24 saatte 2,2B kişi görüntüledi",4999,TRY,0,1,1,4,13 saat 50 dakika içinde sipariş verirsen en geç yarın kargoda!,En Çok Satan 3. Ürün,https://cdn.dsmcdn.com/ty1764/prod/QC_ENRICHMENT/20250930/22/0bb0f7a7-df96-394e-b3c5-7fdbbd807c39/1_org_zoom.jpg,"{""Boyut/Ebat"":""45 x 65"",""Materyal"":""Polipropilen"",""Renk"":""Gri"",""Parça Sayısı"":""6"",""Materyal Bileşeni"":""100% Polipropilen"",""Yıkama Talimatı"":""T08"",""Menşei"":""TR""}",20,5,refreshed,"[""daily_top""]",true,2026-08-19T10:00:54+03:00,0,"[""search_result_dom"",""product_detail_jsonld"",""product_detail_dom""]","{""title"":""observed"",""brand"":""observed"",""seller_name"":""observed"",""seller_score"":""observed"",""price"":""observed"",""original_price"":""unavailable"",""campaigns"":""observed"",""stock_status"":""observed"",""stock_signal"":""observed"",""rating"":""observed"",""rating_count"":""observed"",""review_count"":""observed"",""question_count"":""observed"",""delivery_summary"":""observed"",""shipping_cost"":""observed"",""properties"":""observed""}",true,
2026-08-19,2026-08-19T10:00:54+03:00,ev-yasam,BEST_SELLER,birlesik-ev-yasam,Trendyol seçili Ev & Yaşam kategorileri / En Çok Satan,19,3,19,19,5,67,78,44.5,1045038993,152772,Serstil 6'lı Çekmece Içi Düzenleyici Organizer Set - Çok Amaçlı Dolap Içi Kutu Seti - Pembe Benekli,Serstil,,https://www.trendyol.com/serstil/6-li-cekmece-ici-duzenleyici-organizer-set-cok-amacli-dolap-ici-kutu-seti-pembe-benekli-p-1045038993?boutiqueId=61&merchantId=152772,ESTİ,9,279.9,,,0,TRY,"[""Kargo Bedava"",""Trendyol Plus'a Özel""]",InStock,100 adetten fazla stok sunulmuştur,Son 3 günde 500+ ürün satıldı!,500,4.4,1803,,0,90,"4,6B kişinin sepetinde","126,3B kişi favoriledi","Son 24 saatte 4,3B kişi görüntüledi",,,0,,,,13 saat 50 dakika içinde sipariş verirsen en geç yarın kargoda!,En Çok Ziyaret Edilen 2. Ürün,,{},0,,refreshed,"[""daily_top""]",true,2026-08-19T10:00:54+03:00,0,"[""search_result_dom"",""product_detail_jsonld"",""product_detail_dom""]","{""title"":""observed"",""brand"":""observed"",""seller_name"":""observed"",""seller_score"":""observed"",""price"":""observed"",""original_price"":""unavailable"",""campaigns"":""observed"",""stock_status"":""observed"",""stock_signal"":""observed"",""rating"":""observed"",""rating_count"":""observed"",""review_count"":""unavailable"",""question_count"":""observed"",""delivery_summary"":""observed"",""shipping_cost"":""unavailable"",""properties"":""observed""}",true,
2026-08-19,2026-08-19T10:00:54+03:00,ev-yasam,BEST_SELLER,birlesik-ev-yasam,Trendyol seçili Ev & Yaşam kategorileri / En Çok Satan,20,3,20,20,4,44,81.3,40,862906981,242433,"Mowo Home Beyaz 2 Katlı Düzenleyici Mutfak Rafı Banyo Rafı, Dolap Tezgah Altı Evye Altı Deterjanlık",Mowo Home,,https://www.trendyol.com/mowo-home/beyaz-2-katli-duzenleyici-mutfak-rafi-banyo-rafi-dolap-tezgah-alti-evye-alti-deterjanlik-p-862906981?boutiqueId=61&merchantId=242433,MoWo Home,96,249.9,,,-3.8,TRY,"[""Kargo Bedava"",""Trendyol Plus'a Özel""]",InStock,100 adetten fazla stok sunulmuştur,Son 3 günde 500+ ürün satıldı!,500,4.8,8099,,0,133,"2,8B kişinin sepetinde","206,1B kişi favoriledi","Son 24 saatte 1,7B kişi görüntüledi",,,0,,,,2 saat 50 dakika içinde sipariş verirsen en geç bugün kargoda!,En Çok Satan 4. Ürün,,{},0,,refreshed,"[""daily_top""]",true,2026-08-19T10:00:54+03:00,0,"[""search_result_dom"",""product_detail_jsonld"",""product_detail_dom""]","{""title"":""observed"",""brand"":""observed"",""seller_name"":""observed"",""seller_score"":""observed"",""price"":""observed"",""original_price"":""unavailable"",""campaigns"":""observed"",""stock_status"":""observed"",""stock_signal"":""observed"",""rating"":""observed"",""rating_count"":""observed"",""review_count"":""unavailable"",""question_count"":""observed"",""delivery_summary"":""observed"",""shipping_cost"":""unavailable"",""properties"":""observed""}",true,
2026-08-19,2026-08-19T10:00:54+03:00,ev-yasam,BEST_SELLER,birlesik-ev-yasam,Trendyol seçili Ev & Yaşam kategorileri / En Çok Satan,21,3,21,21,6,38,77.6,39.9,811173329,880842,teknotrust Mutfak Kaydırmaz Şeffaf Raflık Kaymaz Dolap İçi Çekmece Örtüsü Pvc 45x300 Cm Koruyucu Eva Kalınn,teknotrust,,https://www.trendyol.com/teknotrust/mutfak-kaydirmaz-seffaf-raflik-kaymaz-dolap-ici-cekmece-ortusu-pvc-45x300-cm-koruyucu-eva-kalinn-p-811173329?boutiqueId=61&merchantId=880842,Lara İSTOÇ,91,199.99,,,0,TRY,"[""Kargo Bedava"",""Trendyol Plus'a Özel""]",InStock,100 adetten fazla stok sunulmuştur,Son 3 günde 500+ ürün satıldı!,500,4.4,5061,,0,503,"1,9B kişinin sepetinde","144,4B kişi favoriledi","Son 24 saatte 1,5B kişi görüntüledi",,,0,,,,1 saat 50 dakika içinde sipariş verirsen en geç bugün kargoda!,En Çok Satan 6. Ürün,,{},0,,refreshed,"[""daily_top""]",true,2026-08-19T10:00:54+03:00,0,"[""search_result_dom"",""product_detail_jsonld"",""product_detail_dom""]","{""title"":""observed"",""brand"":""observed"",""seller_name"":""observed"",""seller_score"":""observed"",""price"":""observed"",""original_price"":""unavailable"",""campaigns"":""observed"",""stock_status"":""observed"",""stock_signal"":""observed"",""rating"":""observed"",""rating_count"":""observed"",""review_count"":""unavailable"",""question_count"":""observed"",""delivery_summary"":""observed"",""shipping_cost"":""unavailable"",""properties"":""observed""}",true,
2026-08-19,2026-08-19T10:00:54+03:00,ev-yasam,BEST_SELLER,birlesik-ev-yasam,Trendyol seçili Ev & Yaşam kategorileri / En Çok Satan,22,3,22,22,9,57,80.2,39,233099516,281945,Taç Bambu Şantuklu Kırışmaz Ütü Istemez Tül Perde Pileli Tül,Taç,,https://www.trendyol.com/tac/bambu-santuklu-kirismaz-utu-istemez-tul-perde-pileli-tul-p-233099516?boutiqueId=61&merchantId=281945,Pasamanlar,83,3.99,,,99.5,TRY,"[""Kargo Bedava""]",InStock,10 adetten fazla stok sunulmuştur,Son 3 günde 500+ ürün satıldı!,500,4,18569,,0,11050,"3,8B kişinin sepetinde","214,5B kişi favoriledi","Son 24 saatte 2,2B kişi görüntüledi",,,0,,,,Tahmini Teslim:,En Çok Favorilenen 1. Ürün,,{},0,,refreshed,"[""daily_top""]",true,2026-08-19T10:00:54+03:00,0,"[""search_result_dom"",""product_detail_jsonld"",""product_detail_dom""]","{""title"":""observed"",""brand"":""observed"",""seller_name"":""observed"",""seller_score"":""observed"",""price"":""observed"",""original_price"":""unavailable"",""campaigns"":""observed"",""stock_status"":""observed"",""stock_signal"":""observed"",""rating"":""observed"",""rating_count"":""observed"",""review_count"":""unavailable"",""question_count"":""observed"",""delivery_summary"":""observed"",""shipping_cost"":""unavailable"",""properties"":""observed""}",true,
2026-08-19,2026-08-19T10:00:54+03:00,ev-yasam,BEST_SELLER,birlesik-ev-yasam,Trendyol seçili Ev & Yaşam kategorileri / En Çok Satan,23,3,23,23,,61,72.7,39.8,748165402,652389,KARTEYA Yapışkanlı 4 lü Siyah Uzun Havluluk Rulo Havluluk Wc Tuvalet Kağıtlık Yuvarlak Havluluk Set,KARTEYA,Banyo Askısı,https://www.trendyol.com/karteya/yapiskanli-4-lu-siyah-uzun-havluluk-rulo-havluluk-wc-tuvalet-kagitlik-yuvarlak-havluluk-set-p-748165402?boutiqueId=61&merchantId=652389,EYA Grup,89,164.21,,,0,TRY,"[""Kargo Bedava"",""Trendyol Plus'a Özel""]",InStock,100 adetten fazla stok sunulmuştur,Son 3 günde 500+ ürün satıldı!,500,4.4,7146,3879,1,511,"2,8B kişinin sepetinde","124,2B kişi favoriledi","Son 24 saatte 1,6B kişi görüntüledi",4999,TRY,0,1,1,4,13 saat 50 dakika içinde sipariş verirsen en geç yarın kargoda!,En Çok Ziyaret Edilen 1. Ürün,https://cdn.dsmcdn.com/ty1352/product/media/images/prod/QC/20240606/11/47b4ace1-563c-376c-9ba3-53b57086bf77/1_org_zoom.jpg,"{""Renk"":""Siyah"",""Tip"":""Havlu Askılığı"",""Diğer Özellikler"":""Çok amaçlı"",""Menşei"":""TR"",""Bakım Talimatları (Genel)"":""Ürünün kullanım ömrünü korumak için ürüne özel bakım talimatlarını takip ediniz.""}",20,5,refreshed,"[""daily_top""]",true,2026-08-19T10:00:54+03:00,0,"[""search_result_dom"",""product_detail_jsonld"",""product_detail_dom""]","{""title"":""observed"",""brand"":""observed"",""seller_name"":""observed"",""seller_score"":""observed"",""price"":""observed"",""original_price"":""unavailable"",""campaigns"":""observed"",""stock_status"":""observed"",""stock_signal"":""observed"",""rating"":""observed"",""rating_count"":""observed"",""review_count"":""observed"",""question_count"":""observed"",""delivery_summary"":""observed"",""shipping_cost"":""observed"",""properties"":""observed""}",true,
2026-08-19,2026-08-19T10:00:54+03:00,ev-yasam,BEST_SELLER,birlesik-ev-yasam,Trendyol seçili Ev & Yaşam kategorileri / En Çok Satan,24,3,24,24,5,53,58.9,51.1,1087970728,638780,BEYZANA 1 Adet Paspas Süpürge Fırça ve Mop Askısı Sap Tutucu Mutfak Askı,BEYZANA,Banyo Askısı,https://www.trendyol.com/beyzana/1-adet-paspas-supurge-firca-ve-mop-askisi-sap-tutucu-mutfak-aski-p-1087970728?boutiqueId=61&merchantId=638780,BEYZANA,1,24.99,,,0,TRY,"[""Kargo Bedava""]",InStock,100 adetten fazla stok sunulmuştur,Son 3 günde 500+ ürün satıldı!,500,3.9,315,129,1,26,"1,1B kişinin sepetinde","18,9B kişi favoriledi",Son 24 saatte 647 kişi görüntüledi,4999,TRY,0,1,1,4,13 saat 50 dakika içinde sipariş verirsen en geç yarın kargoda!,En Çok Satan 5. Ürün,https://cdn.dsmcdn.com/ty1932/prod/QC_ENRICHMENT/20260428/14/000afb75-e383-3dca-8772-638f079aa563/1_org_zoom.jpg,"{""Renk"":""Beyaz"",""Menşei"":""CN""}",20,5,refreshed,"[""daily_top""]",true,2026-08-19T10:00:54+03:00,0,"[""search_result_dom"",""product_detail_jsonld"",""product_detail_dom""]","{""title"":""observed"",""brand"":""observed"",""seller_name"":""observed"",""seller_score"":""observed"",""price"":""observed"",""original_price"":""unavailable"",""campaigns"":""observed"",""stock_status"":""observed"",""stock_signal"":""observed"",""rating"":""observed"",""rating_count"":""observed"",""review_count"":""observed"",""question_count"":""observed"",""delivery_summary"":""observed"",""shipping_cost"":""observed"",""properties"":""observed""}",true,
2026-08-19,2026-08-19T10:00:54+03:00,ev-yasam,BEST_SELLER,birlesik-ev-yasam,Trendyol seçili Ev & Yaşam kategorileri / En Çok Satan,25,3,25,25,2,44,59.5,48,1131825106,779,HERA CONCEPT 6'lı Çekmece Dolap Içi Düzenleyici Kutu Set-KREM,HERA CONCEPT,,https://www.trendyol.com/hera-concept/6-li-cekmece-dolap-ici-duzenleyici-kutu-set-krem-p-1131825106?boutiqueId=61&merchantId=779,She Berrak,93,199.9,,,0,TRY,"[""Kargo Bedava"",""Trendyol Plus'a Özel""]",InStock,100 adetten fazla stok sunulmuştur,Son 3 günde 500+ ürün satıldı!,500,4,275,,0,21,3B kişinin sepetinde,"28,8B kişi favoriledi","Son 24 saatte 2,3B kişi görüntüledi",,,0,,,,1 saat 50 dakika içinde sipariş verirsen en geç bugün kargoda!,En Çok Ziyaret Edilen 5. Ürün,,{},0,,refreshed,"[""daily_top""]",true,2026-08-19T10:00:54+03:00,0,"[""search_result_dom"",""product_detail_jsonld"",""product_detail_dom""]","{""title"":""observed"",""brand"":""observed"",""seller_name"":""observed"",""seller_score"":""observed"",""price"":""observed"",""original_price"":""unavailable"",""campaigns"":""observed"",""stock_status"":""observed"",""stock_signal"":""observed"",""rating"":""observed"",""rating_count"":""observed"",""review_count"":""unavailable"",""question_count"":""observed"",""delivery_summary"":""observed"",""shipping_cost"":""unavailable"",""properties"":""observed""}",true,
2026-08-19,2026-08-19T10:00:54+03:00,ev-yasam,BEST_SELLER,birlesik-ev-yasam,Trendyol seçili Ev & Yaşam kategorileri / En Çok Satan,26,3,26,26,,56,67.5,37.5,737691218,349661,risingmaber Metal Beyaz Amerikan Kapı Arkası Askılık Organizer Askılık Ve Mutfak Banyo Kapı Arkası Askılık Mt60b,risingmaber,Askılık,https://www.trendyol.com/risingmaber/metal-beyaz-amerikan-kapi-arkasi-askilik-organizer-askilik-ve-mutfak-banyo-kapi-arkasi-askilik-mt60b-p-737691218?boutiqueId=61&merchantId=349661,Risingmaber,96,159.99,,,0,TRY,"[""Kargo Bedava""]",InStock,100 adetten fazla stok sunulmuştur,Son 3 günde 500+ ürün satıldı!,500,4.4,9343,4930,-3,463,"1,4B kişinin sepetinde","128,1B kişi favoriledi",Son 24 saatte 908 kişi görüntüledi,4999,TRY,0,,1,4,4 saat 50 dakika içinde sipariş verirsen en geç bugün kargoda!,,https://cdn.dsmcdn.com/ty1704/prod/QC_ENRICHMENT/20250705/15/13754b4c-01f1-3dcb-abfc-63baf0351313/1_org_zoom.jpg,"{""Materyal"":""Metal"",""Renk"":""Beyaz"",""Yükseklik"":""10 cm"",""Genişlik"":""40 cm"",""Askılık Tipi"":""Duvara Monte"",""Stil"":""Modern"",""Tema / Stil"":""Modern"",""Menşei"":""TR""}",20,5,refreshed,"[""daily_top""]",true,2026-08-19T10:00:54+03:00,0,"[""search_result_dom"",""product_detail_jsonld"",""product_detail_dom""]","{""title"":""observed"",""brand"":""observed"",""seller_name"":""observed"",""seller_score"":""observed"",""price"":""observed"",""original_price"":""unavailable"",""campaigns"":""observed"",""stock_status"":""observed"",""stock_signal"":""observed"",""rating"":""observed"",""rating_count"":""observed"",""review_count"":""observed"",""question_count"":""observed"",""delivery_summary"":""observed"",""shipping_cost"":""observed"",""properties"":""observed""}",true,
2026-08-19,2026-08-19T10:00:54+03:00,ev-yasam,BEST_SELLER,birlesik-ev-yasam,Trendyol seçili Ev & Yaşam kategorileri / En Çok Satan,27,3,27,27,,39,62,40.5,970756838,1011549,Spartek home textile 6'lı krem - Çekmece Dolap içi Düzenleyici Kutu,Spartek home textile,Dolap İçi Düzenleyici,https://www.trendyol.com/spartek-home-textile/6-li-krem-cekmece-dolap-ici-duzenleyici-kutu-p-970756838?boutiqueId=61&merchantId=1011549,Spartek home textile,6,189.9,,,0,TRY,"[""Kargo Bedava"",""Trendyol Plus'a Özel""]",InStock,100 adetten fazla stok sunulmuştur,Son 3 günde 500+ ürün satıldı!,500,4.4,3536,1760,5,119,"3,9B kişinin sepetinde","159,4B kişi favoriledi",Son 24 saatte 3B kişi görüntüledi,4999,TRY,0,,1,4,4 saat 50 dakika içinde sipariş verirsen en geç bugün kargoda!,En Çok Ziyaret Edilen 3. Ürün,https://cdn.dsmcdn.com/ty1726/prod/QC_PREP/20250813/13/a9c61824-28f2-3b67-933d-6a26a70c5cd0/1_org_zoom.jpg,"{""Parça Sayısı"":""6"",""Materyal"":""Kumaş"",""Boyut/Ebat"":""28 x 28"",""Renk"":""Krem"",""Materyal Bileşeni"":""tgela kumaş dopppel karton"",""Menşei"":""TR""}",20,5,refreshed,"[""daily_top""]",true,2026-08-19T10:00:54+03:00,0,"[""search_result_dom"",""product_detail_jsonld"",""product_detail_dom""]","{""title"":""observed"",""brand"":""observed"",""seller_name"":""observed"",""seller_score"":""observed"",""price"":""observed"",""original_price"":""unavailable"",""campaigns"":""observed"",""stock_status"":""observed"",""stock_signal"":""observed"",""rating"":""observed"",""rating_count"":""observed"",""review_count"":""observed"",""question_count"":""observed"",""delivery_summary"":""observed"",""shipping_cost"":""observed"",""properties"":""observed""}",true,
2026-08-19,2026-08-19T10:00:54+03:00,ev-yasam,BEST_SELLER,birlesik-ev-yasam,Trendyol seçili Ev & Yaşam kategorileri / En Çok Satan,28,3,28,28,3,28,50.1,32.4,6349263,108416,Vienev Ayarlı Ayakkabı Rampası 10'lu Set,Vienev,Ayakkabı Düzenleyici,https://www.trendyol.com/vienev/ayarli-ayakkabi-rampasi-10-lu-set-p-6349263?boutiqueId=61&merchantId=108416,Plastik Dünyası,83,649.9,,,132.2,TRY,"[""Kargo Bedava""]",InStock,50 adetten fazla stok sunulmuştur,Son 3 günde 250+ ürün satıldı!,250,4.3,773,433,3,37,670 kişinin sepetinde,"15,9B kişi favoriledi",Son 24 saatte 402 kişi görüntüledi,4999,TRY,0,1,1,4,Tahmini Teslim:,En Çok Satan 3. Ürün,https://cdn.dsmcdn.com/ty1921/prod/QC_ENRICHMENT/20260810/17/76a0b967-3d02-35c4-8cee-160392c339b9/1_org_zoom.jpg,"{""Materyal"":""Plastik"",""Parça Sayısı"":""10"",""Renk"":""Siyah"",""Menşei"":""TR""}",20,5,refreshed,"[""daily_top""]",true,2026-08-19T10:00:54+03:00,0,"[""search_result_dom"",""product_detail_jsonld"",""product_detail_dom""]","{""title"":""observed"",""brand"":""observed"",""seller_name"":""observed"",""seller_score"":""observed"",""price"":""observed"",""original_price"":""unavailable"",""campaigns"":""observed"",""stock_status"":""observed"",""stock_signal"":""observed"",""rating"":""observed"",""rating_count"":""observed"",""review_count"":""observed"",""question_count"":""observed"",""delivery_summary"":""observed"",""shipping_cost"":""observed"",""properties"":""observed""}",true,
2026-08-19,2026-08-19T10:00:54+03:00,ev-yasam,BEST_SELLER,birlesik-ev-yasam,Trendyol seçili Ev & Yaşam kategorileri / En Çok Satan,29,3,29,29,2,41,51.1,28.9,967558906,244060,Metsar Home 20’li Set Şeffaf Ayakkabı Kutusu Erkek& Bayan– Ayakkabı Saklama Kutusu Düzenleyici Organizer,Metsar Home,Ayakkabı Düzenleyici,https://www.trendyol.com/metsar-home/20-li-set-seffaf-ayakkabi-kutusu-erkek-bayan-ayakkabi-saklama-kutusu-duzenleyici-organizer-p-967558906?boutiqueId=61&merchantId=244060,Metsar Home,20,921.5,,,0,TRY,"[""Kargo Bedava"",""Trendyol Plus'a Özel""]",InStock,100 adetten fazla stok sunulmuştur,Son 3 günde 250+ ürün satıldı!,250,4.1,1983,1017,8,122,"2,7B kişinin sepetinde","70,1B kişi favoriledi","Son 24 saatte 1,8B kişi görüntüledi",4999,TRY,0,,1,4,2 saat 50 dakika içinde sipariş verirsen en geç bugün kargoda!,En Çok Satan 2. Ürün,https://cdn.dsmcdn.com/ty1763/prod/QC_ENRICHMENT/20250924/22/1c7c221c-ca25-3f05-ac01-b58a971c734b/1_org_zoom.jpg,"{""Materyal"":""Plastik"",""Parça Sayısı"":""11-20"",""Renk"":""Beyaz"",""Menşei"":""TR""}",20,5,refreshed,"[""daily_top""]",true,2026-08-19T10:00:54+03:00,0,"[""search_result_dom"",""product_detail_jsonld"",""product_detail_dom""]","{""title"":""observed"",""brand"":""observed"",""seller_name"":""observed"",""seller_score"":""observed"",""price"":""observed"",""original_price"":""unavailable"",""campaigns"":""observed"",""stock_status"":""observed"",""stock_signal"":""observed"",""rating"":""observed"",""rating_count"":""observed"",""review_count"":""observed"",""question_count"":""observed"",""delivery_summary"":""observed"",""shipping_cost"":""observed"",""properties"":""observed""}",true,
2026-08-19,2026-08-19T10:00:54+03:00,ev-yasam,BEST_SELLER,birlesik-ev-yasam,Trendyol seçili Ev & Yaşam kategorileri / En Çok Satan,30,3,30,30,5,48,59.2,22.5,43257286,323918,Formeya Classic Mikro Fitted Full Kenar Su Sıvı Geçirmez Yatak Koruyucu Alez Bebek-Tek-Çift Kişilik Battal,Formeya,,https://www.trendyol.com/formeya/classic-mikro-fitted-full-kenar-su-sivi-gecirmez-yatak-koruyucu-alez-bebek-tek-cift-kisilik-battal-p-43257286?boutiqueId=61&merchantId=323918,Formeya,,110.14,,,0,TRY,"[""Son 10 Günün En Düşük Fiyatı"",""Kargo Bedava"",""Trendyol Plus'a Özel""]",InStock,100 adetten fazla stok sunulmuştur,Son 3 günde 250+ ürün satıldı!,250,4.4,18589,,0,1805,"2,9B kişinin sepetinde","278,4B kişi favoriledi","Son 24 saatte 1,6B kişi görüntüledi",,,0,,,,1 saat 50 dakika içinde sipariş verirsen en geç bugün kargoda!,En Çok Favorilenen 1. Ürün,,{},0,,refreshed,"[""daily_top""]",true,2026-08-19T10:00:54+03:00,0,"[""search_result_dom"",""product_detail_jsonld"",""product_detail_dom""]","{""title"":""observed"",""brand"":""observed"",""seller_name"":""observed"",""seller_score"":""unavailable"",""price"":""observed"",""original_price"":""unavailable"",""campaigns"":""observed"",""stock_status"":""observed"",""stock_signal"":""observed"",""rating"":""observed"",""rating_count"":""observed"",""review_count"":""unavailable"",""question_count"":""observed"",""delivery_summary"":""observed"",""shipping_cost"":""unavailable"",""properties"":""observed""}",true,
2026-08-19,2026-08-19T10:00:54+03:00,ev-yasam,BEST_SELLER,birlesik-ev-yasam,Trendyol seçili Ev & Yaşam kategorileri / En Çok Satan,31,3,31,31,5,43,49.4,25.6,752099189,180667,"Nandy Home Etiketli 15'li Antrasit Ekonomik Kırılmaz Saklama Kabı Seti x5 - 1,75/1,2/0,5 Lt",Nandy Home,Saklama Kabı,https://www.trendyol.com/nandy-home/etiketli-15-li-antrasit-ekonomik-kirilmaz-saklama-kabi-seti-x5-1-75-1-2-0-5-lt-p-752099189?boutiqueId=61&merchantId=180667,Nandy Home,,337.33,,,0,TRY,"[""Kargo Bedava""]",InStock,100 adetten fazla stok sunulmuştur,Son 3 günde 250+ ürün satıldı!,250,4.4,3914,1986,5,232,"3,7B kişinin sepetinde","101,6B kişi favoriledi","Son 24 saatte 2,4B kişi görüntüledi",4999,TRY,0,1,1,4,13 saat 49 dakika içinde sipariş verirsen en geç yarın kargoda!,En Çok Satan 5. Ürün,https://cdn.dsmcdn.com/ty986/product/media/images/prod/SPM/PIM/20230815/17/b7d0bda8-943d-3e63-8a2c-3e492ad2df0b/1_org_zoom.jpg,"{""Materyal"":""Plastik"",""Parça Sayısı"":""1 Parça"",""Renk"":""Sarı"",""Hacim"":""500 ml"",""Menşei"":""UM"",""Bakım Talimatları (Gıda Temas)"":""Ürünün kullanım ömrünü korumak için ürüne özel bakım talimatlarını takip ediniz.""}",20,5,refreshed,"[""daily_top""]",true,2026-08-19T10:00:54+03:00,0,"[""search_result_dom"",""product_detail_jsonld"",""product_detail_dom""]","{""title"":""observed"",""brand"":""observed"",""seller_name"":""observed"",""seller_score"":""unavailable"",""price"":""observed"",""original_price"":""unavailable"",""campaigns"":""observed"",""stock_status"":""observed"",""stock_signal"":""observed"",""rating"":""observed"",""rating_count"":""observed"",""review_count"":""observed"",""question_count"":""observed"",""delivery_summary"":""observed"",""shipping_cost"":""observed"",""properties"":""observed""}",true,
2026-08-19,2026-08-19T10:00:54+03:00,ev-yasam,BEST_SELLER,birlesik-ev-yasam,Trendyol seçili Ev & Yaşam kategorileri / En Çok Satan,32,3,32,32,2,70,45,27.5,844923390,996376,VİE HOUSE Yapışkanlı Siyah Kağıt Havluluk Rulo Havluluk Peçetelik Yapışkanlı Tasarım Askı,VİE HOUSE,Peçetelik,https://www.trendyol.com/vie-house/yapiskanli-siyah-kagit-havluluk-rulo-havluluk-pecetelik-yapiskanli-tasarim-aski-p-844923390?boutiqueId=61&merchantId=996376,VİE HOUSE,93,48.19,,,0,TRY,"[""Kargo Bedava""]",InStock,100 adetten fazla stok sunulmuştur,Son 3 günde 250+ ürün satıldı!,250,4.5,2077,1012,3,78,"2,3B kişinin sepetinde","78,3B kişi favoriledi",Son 24 saatte 688 kişi görüntüledi,4999,TRY,0,,1,4,1 saat 49 dakika içinde sipariş verirsen en geç bugün kargoda!,En Çok Satan 2. Ürün,https://cdn.dsmcdn.com/ty1782/prod/QC_ENRICHMENT/20251030/15/eeca7963-57a5-3c4a-8ba4-d833ef60a532/1_org_zoom.jpg,"{""Boyut/Ebat"":""25 x 6"",""Renk"":""Siyah"",""Materyal"":""Metal"",""Menşei"":""TR"",""Bakım Talimatları (Genel)"":""Nemli bir bezle silin.""}",20,5,refreshed,"[""daily_top""]",true,2026-08-19T10:00:54+03:00,0,"[""search_result_dom"",""product_detail_jsonld"",""product_detail_dom""]","{""title"":""observed"",""brand"":""observed"",""seller_name"":""observed"",""seller_score"":""observed"",""price"":""observed"",""original_price"":""unavailable"",""campaigns"":""observed"",""stock_status"":""observed"",""stock_signal"":""observed"",""rating"":""observed"",""rating_count"":""observed"",""review_count"":""observed"",""question_count"":""observed"",""delivery_summary"":""observed"",""shipping_cost"":""observed"",""properties"":""observed""}",true,
2026-08-19,2026-08-19T10:00:54+03:00,ev-yasam,BEST_SELLER,birlesik-ev-yasam,Trendyol seçili Ev & Yaşam kategorileri / En Çok Satan,33,3,33,33,,,48.6,21.4,806444871,106771,Yataş Bambu Yastık 2 Adet,Yataş,Yastık,https://www.trendyol.com/yatas/bambu-yastik-2-adet-p-806444871?boutiqueId=61&merchantId=106771,Yataş,,999.9,,,,TRY,"[""Kargo Bedava""]",InStock,100 adetten fazla stok sunulmuştur,Son 3 günde 250+ ürün satıldı!,250,4.6,9367,5013,,672,"2,3B kişinin sepetinde","182,9B kişi favoriledi","Son 24 saatte 2,3B kişi görüntüledi",4999,TRY,0,1,1,4,13 saat 49 dakika içinde sipariş verirsen en geç yarın kargoda!,En Çok Ziyaret Edilen 1. Ürün,https://cdn.dsmcdn.com/ty1702/prod/QC_ENRICHMENT/20250630/14/5a7cf861-d1d1-3027-91e8-bb367c62c63b/1_org_zoom.jpg,"{""Boyut/Ebat"":""50 x 70"",""Dış Materyal"":""Pamuklu"",""Dolgu Materyali"":""Bambu"",""Renk"":""Beyaz"",""Özellik"":""Hava Geçirgen"",""Ağırlık"":""650 + gr"",""Materyal Bileşeni"":""100% Pamuk"",""Yıkama Talimatı"":""T44"",""Menşei"":""TR""}",20,5,refreshed,"[""daily_top""]",true,2026-08-19T10:00:54+03:00,0,"[""search_result_dom"",""product_detail_jsonld"",""product_detail_dom""]","{""title"":""observed"",""brand"":""observed"",""seller_name"":""observed"",""seller_score"":""unavailable"",""price"":""observed"",""original_price"":""unavailable"",""campaigns"":""observed"",""stock_status"":""observed"",""stock_signal"":""observed"",""rating"":""observed"",""rating_count"":""observed"",""review_count"":""observed"",""question_count"":""observed"",""delivery_summary"":""observed"",""shipping_cost"":""observed"",""properties"":""observed""}",true,
2026-08-19,2026-08-19T10:00:54+03:00,ev-yasam,BEST_SELLER,birlesik-ev-yasam,Trendyol seçili Ev & Yaşam kategorileri / En Çok Satan,34,3,34,34,9,126,29.3,38.2,1144893125,1023658,"YEGGE 30x10cm Çekmece ve Dolap içi Düzenleyici, Eşarp Düzenleyici, Katlanabilir Çorap ve Çamaşır Organizer Raf Düzenleyici",YEGGE,,https://www.trendyol.com/yegge/30x10cm-cekmece-ve-dolap-ici-duzenleyici-esarp-duzenleyici-katlanabilir-corap-ve-camasir-organizer-raf-duzenleyici-p-1144893125?boutiqueId=61&merchantId=1023658,Purple Home,9,63.88,,,0,TRY,"[""Kargo Bedava""]",InStock,100 adetten fazla stok sunulmuştur,Son 3 günde 250+ ürün satıldı!,250,4.4,33,,0,6,1B kişinin sepetinde,"6,6B kişi favoriledi","Son 24 saatte 1,6B kişi görüntüledi",,,0,,,,13 saat 49 dakika içinde sipariş verirsen en geç yarın kargoda!,En Çok Satan 9. Ürün,,{},0,,refreshed,"[""daily_top"",""hot_change""]",true,2026-08-19T10:00:54+03:00,0,"[""search_result_dom"",""product_detail_jsonld"",""product_detail_dom""]","{""title"":""observed"",""brand"":""observed"",""seller_name"":""observed"",""seller_score"":""observed"",""price"":""observed"",""original_price"":""unavailable"",""campaigns"":""observed"",""stock_status"":""observed"",""stock_signal"":""observed"",""rating"":""observed"",""rating_count"":""observed"",""review_count"":""unavailable"",""question_count"":""observed"",""delivery_summary"":""observed"",""shipping_cost"":""unavailable"",""properties"":""observed""}",true,
2026-08-19,2026-08-19T10:00:54+03:00,ev-yasam,BEST_SELLER,birlesik-ev-yasam,Trendyol seçili Ev & Yaşam kategorileri / En Çok Satan,35,3,35,35,4,22,38,28,951250080,1119408,"ARİFE HOME Sandalye Kılıfı ,lıkralı ,yıkanabılır 1 Adet Krem Renk Yüksek Kalite",ARİFE HOME,,https://www.trendyol.com/arife-home/sandalye-kilifi-likrali-yikanabilir-1-adet-krem-renk-yuksek-kalite-p-951250080?boutiqueId=61&merchantId=1119408,ARİFE HOME,9,68.31,69,1,-28.1,TRY,"[""Sepette %1 İndirim"",""Kargo Bedava""]",InStock,100 adetten fazla stok sunulmuştur,Son 3 günde 250+ ürün satıldı!,250,4.5,557,,0,119,565 kişinin sepetinde,"11,8B kişi favoriledi",Son 24 saatte 612 kişi görüntüledi,,,0,,,,49 dakika 52 saniye içinde sipariş verirsen en geç bugün kargoda!,En Çok Satan 4. Ürün,,{},0,,refreshed,"[""daily_top""]",true,2026-08-19T10:00:54+03:00,0,"[""search_result_dom"",""product_detail_jsonld"",""product_detail_dom""]","{""title"":""observed"",""brand"":""observed"",""seller_name"":""observed"",""seller_score"":""observed"",""price"":""observed"",""original_price"":""observed"",""campaigns"":""observed"",""stock_status"":""observed"",""stock_signal"":""observed"",""rating"":""observed"",""rating_count"":""observed"",""review_count"":""unavailable"",""question_count"":""observed"",""delivery_summary"":""observed"",""shipping_cost"":""unavailable"",""properties"":""observed""}",true,
2026-08-19,2026-08-19T10:00:54+03:00,ev-yasam,BEST_SELLER,birlesik-ev-yasam,Trendyol seçili Ev & Yaşam kategorileri / En Çok Satan,36,3,36,36,21,57,33.8,28.7,1094841021,1042774,SENNORA Bohem Sandalye Kılıfı -Sırt Kısmı Arkası Tam Kaplama -Esnek Lastikli Yıkanabilir Yeni Ürün,SENNORA,,https://www.trendyol.com/sennora/bohem-sandalye-kilifi-sirt-kismi-arkasi-tam-kaplama-esnek-lastikli-yikanabilir-yeni-urun-p-1094841021?boutiqueId=61&merchantId=1042774,Sennora Home,92,122.43,,,0,TRY,"[""Kargo Bedava""]",InStock,100 adetten fazla stok sunulmuştur,Son 3 günde 250+ ürün satıldı!,250,4.3,401,,0,434,1B kişinin sepetinde,25B kişi favoriledi,"Son 24 saatte 1,1B kişi görüntüledi",,,0,,,,13 saat 49 dakika içinde sipariş verirsen en geç yarın kargoda!,En Çok Ziyaret Edilen 1. Ürün,,{},0,,refreshed,"[""daily_top""]",true,2026-08-19T10:00:54+03:00,0,"[""search_result_dom"",""product_detail_jsonld"",""product_detail_dom""]","{""title"":""observed"",""brand"":""observed"",""seller_name"":""observed"",""seller_score"":""observed"",""price"":""observed"",""original_price"":""unavailable"",""campaigns"":""observed"",""stock_status"":""observed"",""stock_signal"":""observed"",""rating"":""observed"",""rating_count"":""observed"",""review_count"":""unavailable"",""question_count"":""observed"",""delivery_summary"":""observed"",""shipping_cost"":""unavailable"",""properties"":""observed""}",true,
2026-08-19,2026-08-19T10:00:54+03:00,ev-yasam,BEST_SELLER,birlesik-ev-yasam,Trendyol seçili Ev & Yaşam kategorileri / En Çok Satan,37,3,37,37,,43,41.9,19,51738600,612,Madame Coco Klimalı Yastık - Beyaz/Açık Gri - 50x70 cm,Madame Coco,Yastık,https://www.trendyol.com/madame-coco/klimali-yastik-beyaz-acik-gri-50x70-cm-p-51738600?boutiqueId=61&merchantId=612,Madame Coco,,323.99,,,-19,TRY,"[""Sepette %10 İndirim"",""Kargo Bedava"",""Trendyol Plus'a Özel""]",InStock,100 adetten fazla stok sunulmuştur,Son 3 günde 250+ ürün satıldı!,250,4.4,18131,7199,2,789,"3,5B kişinin sepetinde","293,8B kişi favoriledi","Son 24 saatte 1,6B kişi görüntüledi",4999,TRY,0,1,1,4,Tahmini Teslim:,En Çok Favorilenen 2. Ürün,https://cdn.dsmcdn.com/ty1796/prod/QC_ENRICHMENT/20251202/13/1bf177cc-594f-3755-b87a-7e2ad18b71a6/1_org_zoom.jpg,"{""Boyut/Ebat"":""50 x 70"",""Dış Materyal"":""Mikrofiber"",""Dolgu Materyali"":""Silikon"",""Renk"":""Çok Renkli"",""Özellik"":""Antibakteriyel"",""Ağırlık"":""650 + gr"",""Materyal Bileşeni"":""Kumaş 100 Polyester Dolgu 100 Polyester"",""Yıkama Talimatı"":""<p><strong>Yıkama Talimatları: <br></strong>*30 Derecede yıkayınız. <br>*Ütülemeyiniz. <br>*Ağartıcı kullanmayınız. <br>*Makine kurutma yapmayınız. <br>*Kuru temizleme yapılamaz.<br></p>"",""Menşei"":""TR""}",20,5,refreshed,"[""daily_top""]",true,2026-08-19T10:00:54+03:00,0,"[""search_result_dom"",""product_detail_jsonld"",""product_detail_dom""]","{""title"":""observed"",""brand"":""observed"",""seller_name"":""observed"",""seller_score"":""unavailable"",""price"":""observed"",""original_price"":""unavailable"",""campaigns"":""observed"",""stock_status"":""observed"",""stock_signal"":""observed"",""rating"":""observed"",""rating_count"":""observed"",""review_count"":""observed"",""question_count"":""observed"",""delivery_summary"":""observed"",""shipping_cost"":""observed"",""properties"":""observed""}",true,
2026-08-19,2026-08-19T10:00:54+03:00,ev-yasam,BEST_SELLER,birlesik-ev-yasam,Trendyol seçili Ev & Yaşam kategorileri / En Çok Satan,38,3,38,38,1,66,30.9,26.6,65481336,129820,Genel Markalar Korniş Kilidi 5 Adet,Genel Markalar,Perde Aksesuarı,https://www.trendyol.com/genel-markalar/kornis-kilidi-5-adet-p-65481336?boutiqueId=61&merchantId=129820,EsdehPerdeDeposu,93,10.89,,,0,TRY,"[""Kargo Bedava""]",InStock,100 adetten fazla stok sunulmuştur,Son 3 günde 250+ ürün satıldı!,250,4.2,1151,543,-1,44,,"7,1B kişi favoriledi",,4999,TRY,0,,1,4,13 saat 49 dakika içinde sipariş verirsen en geç yarın kargoda!,En Çok Satan 1. Ürün,https://cdn.dsmcdn.com/ty1806/prod/QC_ENRICHMENT/20251229/16/53d89335-d28e-332e-af8f-015fac1116b9/1_org_zoom.jpg,"{""Beden"":""47 cm"",""Renk"":""Beyaz"",""Materyal"":""Polyester"",""Aksesuar Tipi"":""Korniş Finali / Stoper"",""Menşei"":""TR"",""Paket Genişlik"":""9 cm"",""Paket Derinlik"":""6 cm"",""Paket Adedi"":""5"",""Paket Yükseklik"":""4 cm""}",20,5,refreshed,"[""daily_top""]",true,2026-08-19T10:00:54+03:00,0,"[""search_result_dom"",""product_detail_jsonld"",""product_detail_dom""]","{""title"":""observed"",""brand"":""observed"",""seller_name"":""observed"",""seller_score"":""observed"",""price"":""observed"",""original_price"":""unavailable"",""campaigns"":""observed"",""stock_status"":""observed"",""stock_signal"":""observed"",""rating"":""observed"",""rating_count"":""observed"",""review_count"":""observed"",""question_count"":""observed"",""delivery_summary"":""observed"",""shipping_cost"":""observed"",""properties"":""observed""}",true,
2026-08-19,2026-08-19T10:00:54+03:00,ev-yasam,BEST_SELLER,birlesik-ev-yasam,Trendyol seçili Ev & Yaşam kategorileri / En Çok Satan,39,3,39,39,1,75,26.2,28.8,1015629005,128088,FARALYAHOME Doğal Traverten Mermer Yağlık Altlığı -Sıvı sabunluk altlığı-sunumluk 20x10 cm Ahşap Ayaklı,FARALYAHOME,Yemek Tabağı,https://www.trendyol.com/faralyahome/dogal-traverten-mermer-yaglik-altligi-sivi-sabunluk-altligi-sunumluk-20x10-cm-ahsap-ayakli-p-1015629005?boutiqueId=61&merchantId=128088,FARALYAHOME,92,199.9,,,0,TRY,"[""Kargo Bedava"",""Trendyol Plus'a Özel""]",InStock,100 adetten fazla stok sunulmuştur,Son 3 günde 250+ ürün satıldı!,250,4.3,461,253,0,56,"4,2B kişinin sepetinde","84,2B kişi favoriledi","Son 24 saatte 3,4B kişi görüntüledi",4999,TRY,0,2,1,6,Tahmini Teslim:,En Çok Satan 1. Ürün,https://cdn.dsmcdn.com/ty1942/prod/QC_ENRICHMENT/20260603/09/edec715a-cc3a-3af1-93a0-1f09b4616cee/1_org_zoom.jpg,"{""Materyal"":""Mermer"",""Parça Sayısı"":""1"",""Renk"":""Bej"",""Boyut/Ebat"":""10 x 20"",""Özellik"":""BPA Free"",""Tema / Stil"":""Doğa"",""Şekil"":""Dikdörtgen"",""Ürün Tipi"":""Sunum Tabağı"",""Menşei"":""TR"",""Bakım Talimatları (Gıda Temas)"":""Gıda ile temas güvenlidir."",""Gıda Temas Sembolü"":""Evet""}",20,5,refreshed,"[""daily_top""]",true,2026-08-19T10:00:54+03:00,0,"[""search_result_dom"",""product_detail_jsonld"",""product_detail_dom""]","{""title"":""observed"",""brand"":""observed"",""seller_name"":""observed"",""seller_score"":""observed"",""price"":""observed"",""original_price"":""unavailable"",""campaigns"":""observed"",""stock_status"":""observed"",""stock_signal"":""observed"",""rating"":""observed"",""rating_count"":""observed"",""review_count"":""observed"",""question_count"":""observed"",""delivery_summary"":""observed"",""shipping_cost"":""observed"",""properties"":""observed""}",true,
2026-08-19,2026-08-19T10:00:54+03:00,ev-yasam,BEST_SELLER,birlesik-ev-yasam,Trendyol seçili Ev & Yaşam kategorileri / En Çok Satan,40,3,40,40,9,60,17.6,34.9,898057967,894359,kanway hasir desen sandalye kilifi likrali esnekli yikanabilir sandalye örtüsü ( 1adet ),kanway,,https://www.trendyol.com/kanway/hasir-desen-sandalye-kilifi-likrali-esnekli-yikanabilir-sandalye-ortusu-1adet-p-898057967?boutiqueId=61&merchantId=894359,KANWAY,91,56,,,-9.6,TRY,"[""Kargo Bedava"",""Trendyol Plus'a Özel""]",InStock,100 adetten fazla stok sunulmuştur,Son 3 günde 250+ ürün satıldı!,250,4.4,37,,0,10,354 kişinin sepetinde,832 kişi favoriledi,Son 24 saatte 445 kişi görüntüledi,,,0,,,,13 saat 49 dakika içinde sipariş verirsen en geç yarın kargoda!,,,{},0,,refreshed,"[""daily_top""]",true,2026-08-19T10:00:54+03:00,0,"[""search_result_dom"",""product_detail_jsonld"",""product_detail_dom""]","{""title"":""observed"",""brand"":""observed"",""seller_name"":""observed"",""seller_score"":""observed"",""price"":""observed"",""original_price"":""unavailable"",""campaigns"":""observed"",""stock_status"":""observed"",""stock_signal"":""observed"",""rating"":""observed"",""rating_count"":""observed"",""review_count"":""unavailable"",""question_count"":""observed"",""delivery_summary"":""observed"",""shipping_cost"":""unavailable"",""properties"":""observed""}",true,
2026-08-19,2026-08-19T10:00:54+03:00,ev-yasam,BEST_SELLER,birlesik-ev-yasam,Trendyol seçili Ev & Yaşam kategorileri / En Çok Satan,41,3,41,41,1,95,29.4,22.6,46205727,208941,Queen's Kitchen 6 Adet Bambu Rattan El Yapımı Amerikan Servis,Queen's Kitchen,Runner & Amerikan Servisi,https://www.trendyol.com/queen-s-kitchen/6-adet-bambu-rattan-el-yapimi-amerikan-servis-p-46205727?boutiqueId=61&merchantId=208941,Queens Kitchen,91,179.99,,,0,TRY,"[""Kargo Bedava"",""Trendyol Plus'a Özel""]",InStock,100 adetten fazla stok sunulmuştur,Son 3 günde 250+ ürün satıldı!,250,4.3,1826,1106,3,108,903 kişinin sepetinde,"45,2B kişi favoriledi","Son 24 saatte 1,5B kişi görüntüledi",4999,TRY,0,,1,4,1 saat 49 dakika içinde sipariş verirsen en geç bugün kargoda!,En Çok Satan 1. Ürün,https://cdn.dsmcdn.com/ty1896/prod/QC_ENRICHMENT/20260720/12/d06b1a91-8906-32f1-b148-e1edc7e751d3/1_org_zoom.jpg,"{""Boyut/Ebat"":""33 x 33"",""Şekil"":""Yuvarlak"",""Renk"":""Kahverengi"",""Materyal"":""Hasır"",""Parça Sayısı"":""5-8"",""Materyal Bileşeni"":""100% Bambu"",""Menşei"":""TR"",""Bakım Talimatları (Genel)"":""Ürünün kullanım ömrünü korumak için ürüne özel bakım talimatlarını takip ediniz.""}",20,5,refreshed,"[""daily_top"",""hot_change""]",true,2026-08-19T10:00:54+03:00,0,"[""search_result_dom"",""product_detail_jsonld"",""product_detail_dom""]","{""title"":""observed"",""brand"":""observed"",""seller_name"":""observed"",""seller_score"":""observed"",""price"":""observed"",""original_price"":""unavailable"",""campaigns"":""observed"",""stock_status"":""observed"",""stock_signal"":""observed"",""rating"":""observed"",""rating_count"":""observed"",""review_count"":""observed"",""question_count"":""observed"",""delivery_summary"":""observed"",""shipping_cost"":""observed"",""properties"":""observed""}",true,
2026-08-19,2026-08-19T10:00:54+03:00,ev-yasam,BEST_SELLER,birlesik-ev-yasam,Trendyol seçili Ev & Yaşam kategorileri / En Çok Satan,42,3,42,42,6,70,31.5,20,686016403,180667,Nandy Home 6 Adet Jumbo Boy Dikdörtgen Saklama Kabı 2000 Ml Antrasit,Nandy Home,,https://www.trendyol.com/nandy-home/6-adet-jumbo-boy-dikdortgen-saklama-kabi-2000-ml-antrasit-p-686016403?boutiqueId=61&merchantId=180667,Nandy Home,6,191.11,,,0,TRY,"[""Kargo Bedava""]",InStock,100 adetten fazla stok sunulmuştur,Son 3 günde 250+ ürün satıldı!,250,4.5,2078,,0,119,"2,1B kişinin sepetinde","47,7B kişi favoriledi","Son 24 saatte 1,8B kişi görüntüledi",,,0,,,,13 saat 49 dakika içinde sipariş verirsen en geç yarın kargoda!,En Çok Satan 6. Ürün,,{},0,,refreshed,"[""daily_top""]",true,2026-08-19T10:00:54+03:00,0,"[""search_result_dom"",""product_detail_jsonld"",""product_detail_dom""]","{""title"":""observed"",""brand"":""observed"",""seller_name"":""observed"",""seller_score"":""observed"",""price"":""observed"",""original_price"":""unavailable"",""campaigns"":""observed"",""stock_status"":""observed"",""stock_signal"":""observed"",""rating"":""observed"",""rating_count"":""observed"",""review_count"":""unavailable"",""question_count"":""observed"",""delivery_summary"":""observed"",""shipping_cost"":""unavailable"",""properties"":""observed""}",true,
2026-08-19,2026-08-19T10:00:54+03:00,ev-yasam,BEST_SELLER,birlesik-ev-yasam,Trendyol seçili Ev & Yaşam kategorileri / En Çok Satan,43,3,43,43,1,110,27.2,23.8,953032164,463574,"PARLAPACK Plastik Tatlı Kasesi 50 ADET 200 CC Kübik Prizma KaseKAPAKSIZ Magnolya,Puding,Meze,Tiramisu",PARLAPACK,Kase,https://www.trendyol.com/parlapack/plastik-tatli-kasesi-50-adet-200-cc-kubik-prizma-kasekapaksiz-magnolya-puding-meze-tiramisu-p-953032164?boutiqueId=61&merchantId=463574,ELF TEKNO,9,265,,,-3.1,TRY,"[""Kargo Bedava""]",InStock,100 adetten fazla stok sunulmuştur,Son 3 günde 250+ ürün satıldı!,250,4.3,1233,600,3,138,"2,1B kişinin sepetinde","97,5B kişi favoriledi","Son 24 saatte 1,4B kişi görüntüledi",4999,TRY,0,1,1,4,49 dakika 39 saniye içinde sipariş verirsen en geç bugün kargoda!,En Çok Satan 1. Ürün,https://cdn.dsmcdn.com/ty1774/prod/QC_ENRICHMENT/20251015/10/e8d0cf65-3f57-3178-8773-a96f80ce04ae/1_org_zoom.jpg,"{""Parça Sayısı"":""6+"",""Hacim"":""200 ml"",""Ürün Tipi"":""Kase"",""Renk"":""Gri"",""Menşei"":""TR"",""Materyal"":""Sert Plastik"",""Bakım Talimatları (Gıda Temas)"":""Elde yıkanmalıdır."",""Gıda Temas Sembolü"":""Hayır""}",20,5,refreshed,"[""daily_top"",""hot_change""]",true,2026-08-19T10:00:54+03:00,0,"[""search_result_dom"",""product_detail_jsonld"",""product_detail_dom""]","{""title"":""observed"",""brand"":""observed"",""seller_name"":""observed"",""seller_score"":""observed"",""price"":""observed"",""original_price"":""unavailable"",""campaigns"":""observed"",""stock_status"":""observed"",""stock_signal"":""observed"",""rating"":""observed"",""rating_count"":""observed"",""review_count"":""observed"",""question_count"":""observed"",""delivery_summary"":""observed"",""shipping_cost"":""observed"",""properties"":""observed""}",true,
2026-08-19,2026-08-19T10:00:54+03:00,ev-yasam,BEST_SELLER,birlesik-ev-yasam,Trendyol seçili Ev & Yaşam kategorileri / En Çok Satan,44,3,44,44,1,37,37.2,15.5,854416914,4591,Porsima Simple Standlı 12 Li Kendinden Yapışkanlı Kaşıklı Kapaklı Baharatlık Takımı-etiketli Baharatlık-,Porsima,Baharatlık,https://www.trendyol.com/porsima/simple-standli-12-li-kendinden-yapiskanli-kasikli-kapakli-baharatlik-takimi-etiketli-baharatlik-p-854416914?boutiqueId=61&merchantId=4591,Turuncu Elma,89,359.9,,,0,TRY,"[""Kargo Bedava""]",InStock,100 adetten fazla stok sunulmuştur,Son 3 günde 250+ ürün satıldı!,250,4.4,20147,10463,4,1836,"3,1B kişinin sepetinde","268,1B kişi favoriledi","Son 24 saatte 2,4B kişi görüntüledi",4999,TRY,0,,1,4,49 dakika 38 saniye içinde sipariş verirsen en geç bugün kargoda!,En Çok Satan 1. Ürün,https://cdn.dsmcdn.com/ty1782/prod/QC_ENRICHMENT/20251101/10/ade939f5-78ce-3ab3-9294-d083aa5bcb83/1_org_zoom.jpg,"{""Hacim"":""300 ml"",""Parça Sayısı"":""24"",""Menşei"":""TR"",""Bakım Talimatları (Gıda Temas)"":""Ürünün kullanım ömrünü korumak için ürüne özel bakım talimatlarını takip ediniz."",""Materyal"":""Plastik""}",20,5,refreshed,"[""daily_top""]",true,2026-08-19T10:00:54+03:00,0,"[""search_result_dom"",""product_detail_jsonld"",""product_detail_dom""]","{""title"":""observed"",""brand"":""observed"",""seller_name"":""observed"",""seller_score"":""observed"",""price"":""observed"",""original_price"":""unavailable"",""campaigns"":""observed"",""stock_status"":""observed"",""stock_signal"":""observed"",""rating"":""observed"",""rating_count"":""observed"",""review_count"":""observed"",""question_count"":""observed"",""delivery_summary"":""observed"",""shipping_cost"":""observed"",""properties"":""observed""}",true,
2026-08-19,2026-08-19T10:00:54+03:00,ev-yasam,BEST_SELLER,birlesik-ev-yasam,Trendyol seçili Ev & Yaşam kategorileri / En Çok Satan,45,3,45,45,1,73,25.3,24.7,1130981614,556699,YAZAL3D 6’lı Fiyonk Tasarımlı Lokumluk Seti –Dekoratif Kahve Yanı Lokum Kasesi | Şık Sunumluk & Hediyelik,YAZAL3D,,https://www.trendyol.com/yazal3d/6-li-fiyonk-tasarimli-lokumluk-seti-dekoratif-kahve-yani-lokum-kasesi-sik-sunumluk-hediyelik-p-1130981614?boutiqueId=61&merchantId=556699,Rubatrend Kozmetik,91,175,,,0,TRY,"[""10 TL Kupon"",""Kargo Bedava""]",InStock,100 adetten fazla stok sunulmuştur,Son 3 günde 250+ ürün satıldı!,250,3.3,347,,0,54,"6,5B kişinin sepetinde","108,1B kişi favoriledi","Son 24 saatte 5,4B kişi görüntüledi",,,0,,,,13 saat 49 dakika içinde sipariş verirsen en geç yarın kargoda!,En Çok Satan 1. Ürün,,{},0,,refreshed,"[""daily_top""]",true,2026-08-19T10:00:54+03:00,0,"[""search_result_dom"",""product_detail_jsonld"",""product_detail_dom""]","{""title"":""observed"",""brand"":""observed"",""seller_name"":""observed"",""seller_score"":""observed"",""price"":""observed"",""original_price"":""unavailable"",""campaigns"":""observed"",""stock_status"":""observed"",""stock_signal"":""observed"",""rating"":""observed"",""rating_count"":""observed"",""review_count"":""unavailable"",""question_count"":""observed"",""delivery_summary"":""observed"",""shipping_cost"":""unavailable"",""properties"":""observed""}",true,
2026-08-19,2026-08-19T10:00:54+03:00,ev-yasam,BEST_SELLER,birlesik-ev-yasam,Trendyol seçili Ev & Yaşam kategorileri / En Çok Satan,46,3,46,46,1,57,5,,822732508,433925,"Vayomy Şarjlı Otomatik Damacana Su Pompası 1200 Mah Bataryalı (BPA IÇERMEZ ,CE BELGELİDİR)",Vayomy,,https://www.trendyol.com/vayomy/sarjli-otomatik-damacana-su-pompasi-1200-mah-bataryali-bpa-icermez-ce-belgelidir-p-822732508?boutiqueId=61&merchantId=433925,Meriç Mağazacılık,86,289.75,305,5,0,TRY,"[""Sepette %5 İndirim"",""Kargo Bedava""]",InStock,100 adetten fazla stok sunulmuştur,Son 3 günde 250+ ürün satıldı!,,,,,0,,,,,,,0,,,,1 saat 49 dakika içinde sipariş verirsen en geç bugün kargoda!,En Çok Satan 1. Ürün,,{},0,,refreshed,"[""daily_top""]",true,2026-08-19T10:00:54+03:00,0,"[""search_result_dom"",""product_detail_jsonld"",""product_detail_dom""]","{""title"":""observed"",""brand"":""observed"",""seller_name"":""observed"",""seller_score"":""observed"",""price"":""observed"",""original_price"":""observed"",""campaigns"":""observed"",""stock_status"":""observed"",""stock_signal"":""observed"",""rating"":""unavailable"",""rating_count"":""unavailable"",""review_count"":""unavailable"",""question_count"":""unavailable"",""delivery_summary"":""observed"",""shipping_cost"":""unavailable"",""properties"":""observed""}",true,
2026-08-19,2026-08-19T10:00:54+03:00,ev-yasam,BEST_SELLER,birlesik-ev-yasam,Trendyol seçili Ev & Yaşam kategorileri / En Çok Satan,47,3,47,47,1,59,24.8,24.2,933924241,1007142,"Calmera Çizgili Peştemal | Pamuk - Doğal Saçaklı | Plaj, Havuz, Spa, Sauna, Spor, Seyahat Havlusu - Bej",Calmera,,https://www.trendyol.com/calmera/cizgili-pestemal-pamuk-dogal-sacakli-plaj-havuz-spa-sauna-spor-seyahat-havlusu-bej-p-933924241?boutiqueId=61&merchantId=1007142,CALMERA,92,199.9,,,0,TRY,"[""Kargo Bedava""]",InStock,100 adetten fazla stok sunulmuştur,Son 3 günde 250+ ürün satıldı!,250,4.5,298,,0,21,2B kişinin sepetinde,"24,8B kişi favoriledi","Son 24 saatte 1,6B kişi görüntüledi",,,0,,,,3 saat 49 dakika içinde sipariş verirsen en geç bugün kargoda!,En Çok Satan 1. Ürün,,{},0,,refreshed,"[""daily_top""]",true,2026-08-19T10:00:54+03:00,0,"[""search_result_dom"",""product_detail_jsonld"",""product_detail_dom""]","{""title"":""observed"",""brand"":""observed"",""seller_name"":""observed"",""seller_score"":""observed"",""price"":""observed"",""original_price"":""unavailable"",""campaigns"":""observed"",""stock_status"":""observed"",""stock_signal"":""observed"",""rating"":""observed"",""rating_count"":""observed"",""review_count"":""unavailable"",""question_count"":""observed"",""delivery_summary"":""observed"",""shipping_cost"":""unavailable"",""properties"":""observed""}",true,
2026-08-19,2026-08-19T10:00:54+03:00,ev-yasam,BEST_SELLER,birlesik-ev-yasam,Trendyol seçili Ev & Yaşam kategorileri / En Çok Satan,48,3,48,48,2,74,29.4,19.1,987900284,1142113,Fast Story 4' Lü Beyaz Kaşıklık Seti Mutfak Düzenleyici Çekmece Ve Dolap Içi Organizer Bıçaklık Kepçelik Kutusu,Fast Story,Kaşıklık,https://www.trendyol.com/fast-story/4-lu-beyaz-kasiklik-seti-mutfak-duzenleyici-cekmece-ve-dolap-ici-organizer-bicaklik-kepcelik-kutusu-p-987900284?boutiqueId=61&merchantId=1142113,Fast Story,91,196.18,,,0,TRY,"[""Kargo Bedava""]",InStock,100 adetten fazla stok sunulmuştur,Son 3 günde 250+ ürün satıldı!,250,4.3,1930,1127,3,116,"1,4B kişinin sepetinde","58,1B kişi favoriledi","Son 24 saatte 1,3B kişi görüntüledi",4999,TRY,0,,1,4,3 saat 49 dakika içinde sipariş verirsen en geç bugün kargoda!,En Çok Satan 2. Ürün,https://cdn.dsmcdn.com/ty1766/prod/QC_ENRICHMENT/20250930/00/1db6dc4d-8198-3392-82e6-e84e2bc72cec/1_org_zoom.jpg,"{""Materyal"":""Plastik"",""Boyut/Ebat"":""30 x 34"",""Renk"":""Beyaz"",""Menşei"":""TR"",""Bakım Talimatları (Gıda Temas)"":""Bulaşık makinesinde yıkanabilir.""}",20,5,refreshed,"[""daily_top""]",true,2026-08-19T10:00:54+03:00,0,"[""search_result_dom"",""product_detail_jsonld"",""product_detail_dom""]","{""title"":""observed"",""brand"":""observed"",""seller_name"":""observed"",""seller_score"":""observed"",""price"":""observed"",""original_price"":""unavailable"",""campaigns"":""observed"",""stock_status"":""observed"",""stock_signal"":""observed"",""rating"":""observed"",""rating_count"":""observed"",""review_count"":""observed"",""question_count"":""observed"",""delivery_summary"":""observed"",""shipping_cost"":""observed"",""properties"":""observed""}",true,
2026-08-19,2026-08-19T10:00:54+03:00,ev-yasam,BEST_SELLER,birlesik-ev-yasam,Trendyol seçili Ev & Yaşam kategorileri / En Çok Satan,49,3,49,49,2,59,25.9,23.1,1153465941,984526,Galeriyo Şeffaf Kapaklı 360 Dönebilen Fırça Kozmetik Makyaj Düzenleyici Organizer Beyaz,Galeriyo,,https://www.trendyol.com/galeriyo/seffaf-kapakli-360-donebilen-firca-kozmetik-makyaj-duzenleyici-organizer-beyaz-p-1153465941?boutiqueId=61&merchantId=984526,Galeriyo,91,147.64,149.13,1,-25.1,TRY,"[""Sepette %1 İndirim"",""Kargo Bedava""]",InStock,100 adetten fazla stok sunulmuştur,Son 3 günde 250+ ürün satıldı!,250,4.4,309,,0,16,"3,3B kişinin sepetinde",28B kişi favoriledi,"Son 24 saatte 1,2B kişi görüntüledi",,,0,,,,Tahmini Teslim:,,,{},0,,refreshed,"[""daily_top""]",true,2026-08-19T10:00:54+03:00,0,"[""search_result_dom"",""product_detail_jsonld"",""product_detail_dom""]","{""title"":""observed"",""brand"":""observed"",""seller_name"":""observed"",""seller_score"":""observed"",""price"":""observed"",""original_price"":""observed"",""campaigns"":""observed"",""stock_status"":""observed"",""stock_signal"":""observed"",""rating"":""observed"",""rating_count"":""observed"",""review_count"":""unavailable"",""question_count"":""observed"",""delivery_summary"":""observed"",""shipping_cost"":""unavailable"",""properties"":""observed""}",true,
2026-08-19,2026-08-19T10:00:54+03:00,ev-yasam,BEST_SELLER,birlesik-ev-yasam,Trendyol seçili Ev & Yaşam kategorileri / En Çok Satan,50,3,50,50,2,49,25.7,21.8,929808760,106777,Bella Maison Lemoncello Porselen Makarna Tabağı (27 cm),Bella Maison,Yemek Tabağı,https://www.trendyol.com/bella-maison/lemoncello-porselen-makarna-tabagi-27-cm-p-929808760?boutiqueId=61&merchantId=106777,Bella Maison,,386.99,,,0,TRY,"[""Kargo Bedava""]",InStock,100 adetten fazla stok sunulmuştur,Son 3 günde 250+ ürün satıldı!,250,4.5,834,388,3,20,"2,7B kişinin sepetinde","88,3B kişi favoriledi",Son 24 saatte 2B kişi görüntüledi,4999,TRY,0,2,1,6,Tahmini Teslim:,En Çok Satan 2. Ürün,https://cdn.dsmcdn.com/ty1824/prod/QC_ENRICHMENT/20260213/12/d07b9db1-cccf-3e03-819b-c24825b62c7b/1_org_zoom.jpg,"{""Materyal"":""Porselen"",""Parça Sayısı"":""1"",""Renk"":""Kahverengi"",""Boyut/Ebat"":""27 cm"",""Özellik"":""Belirtilmemiş"",""Tema / Stil"":""Belirtilmemiş"",""Şekil"":""Yuvarlak"",""Ürün Tipi"":""Servis Tabağı"",""Menşei"":""TR"",""Bakım Talimatları (Gıda Temas)"":""Ürünün kullanım ömrünü korumak için ürüne özel bakım talimatlarını takip ediniz.""}",20,5,refreshed,"[""daily_top""]",true,2026-08-19T10:00:54+03:00,0,"[""search_result_dom"",""product_detail_jsonld"",""product_detail_dom""]","{""title"":""observed"",""brand"":""observed"",""seller_name"":""observed"",""seller_score"":""unavailable"",""price"":""observed"",""original_price"":""unavailable"",""campaigns"":""observed"",""stock_status"":""observed"",""stock_signal"":""observed"",""rating"":""observed"",""rating_count"":""observed"",""review_count"":""observed"",""question_count"":""observed"",""delivery_summary"":""observed"",""shipping_cost"":""observed"",""properties"":""observed""}",true,
2026-08-19,2026-08-19T10:00:54+03:00,ev-yasam,BEST_SELLER,birlesik-ev-yasam,Trendyol seçili Ev & Yaşam kategorileri / En Çok Satan,51,3,51,51,2,56,26.3,22.2,1153451523,984526,Galeriyo Ayarlanabilir Gri Kaşıklık Organizer – Genişleyebilir Çekmece İçi Düzenleyici Gri-Antrasit,Galeriyo,,https://www.trendyol.com/galeriyo/ayarlanabilir-gri-kasiklik-organizer-genisleyebilir-cekmece-ici-duzenleyici-gri-antrasit-p-1153451523?boutiqueId=61&merchantId=984526,Galeriyo,91,139.05,140.45,1,-30.1,TRY,"[""Sepette %1 İndirim"",""Kargo Bedava""]",InStock,100 adetten fazla stok sunulmuştur,Son 3 günde 250+ ürün satıldı!,250,4.5,344,,0,41,"2,9B kişinin sepetinde",25B kişi favoriledi,"Son 24 saatte 1,3B kişi görüntüledi",,,0,,,,Tahmini Teslim:,,,{},0,,refreshed,"[""daily_top""]",true,2026-08-19T10:00:54+03:00,0,"[""search_result_dom"",""product_detail_jsonld"",""product_detail_dom""]","{""title"":""observed"",""brand"":""observed"",""seller_name"":""observed"",""seller_score"":""observed"",""price"":""observed"",""original_price"":""observed"",""campaigns"":""observed"",""stock_status"":""observed"",""stock_signal"":""observed"",""rating"":""observed"",""rating_count"":""observed"",""review_count"":""unavailable"",""question_count"":""observed"",""delivery_summary"":""observed"",""shipping_cost"":""unavailable"",""properties"":""observed""}",true,
2026-08-19,2026-08-19T10:00:54+03:00,ev-yasam,BEST_SELLER,birlesik-ev-yasam,Trendyol seçili Ev & Yaşam kategorileri / En Çok Satan,52,3,52,52,1,38,29.8,0.2,640485813,1192126,Genel Markalar Kare Kırlent Iç Yastık 2 Adet elyaf Dolgulu Kırlent 10 Farklı Ölçü Seçeneği,Genel Markalar,,https://www.trendyol.com/genel-markalar/kare-kirlent-ic-yastik-2-adet-elyaf-dolgulu-kirlent-10-farkli-olcu-secenegi-p-640485813?boutiqueId=61&merchantId=1192126,ElGrande,78,127,,,-2.3,TRY,"[""Kargo Bedava"",""Trendyol Plus'a Özel""]",InStock,100 adetten fazla stok sunulmuştur,Son 3 günde 250+ ürün satıldı!,,3.9,5232,,0,763,,,,,,0,,,,13 saat 49 dakika içinde sipariş verirsen en geç yarın kargoda!,En Çok Satan 1. Ürün,,{},0,,refreshed,"[""daily_top""]",true,2026-08-19T10:00:54+03:00,0,"[""search_result_dom"",""product_detail_jsonld"",""product_detail_dom""]","{""title"":""observed"",""brand"":""observed"",""seller_name"":""observed"",""seller_score"":""observed"",""price"":""observed"",""original_price"":""unavailable"",""campaigns"":""observed"",""stock_status"":""observed"",""stock_signal"":""observed"",""rating"":""observed"",""rating_count"":""observed"",""review_count"":""unavailable"",""question_count"":""observed"",""delivery_summary"":""observed"",""shipping_cost"":""unavailable"",""properties"":""observed""}",true,
2026-08-19,2026-08-19T10:00:54+03:00,ev-yasam,BEST_SELLER,birlesik-ev-yasam,Trendyol seçili Ev & Yaşam kategorileri / En Çok Satan,53,3,53,53,6,34,26.7,20.8,1057361019,958798,EJMEL JAKAR KUMAŞ Sandalye Kılıfı Büyük Oval Yıkanabilir Streç Lastikli kumaş Sandalye Örtüsü 1 Adet,EJMEL,,https://www.trendyol.com/ejmel/jakar-kumas-sandalye-kilifi-buyuk-oval-yikanabilir-strec-lastikli-kumas-sandalye-ortusu-1-adet-p-1057361019?boutiqueId=61&merchantId=958798,Arzu Home,91,149,,,1,TRY,"[""Kargo Bedava""]",InStock,100 adetten fazla stok sunulmuştur,Son 3 günde 250+ ürün satıldı!,250,4.4,521,,0,384,666 kişinin sepetinde,20B kişi favoriledi,Son 24 saatte 633 kişi görüntüledi,,,0,,,,49 dakika 25 saniye içinde sipariş verirsen en geç bugün kargoda!,En Çok Ziyaret Edilen 4. Ürün,,{},0,,refreshed,"[""daily_top""]",true,2026-08-19T10:00:54+03:00,0,"[""search_result_dom"",""product_detail_jsonld"",""product_detail_dom""]","{""title"":""observed"",""brand"":""observed"",""seller_name"":""observed"",""seller_score"":""observed"",""price"":""observed"",""original_price"":""unavailable"",""campaigns"":""observed"",""stock_status"":""observed"",""stock_signal"":""observed"",""rating"":""observed"",""rating_count"":""observed"",""review_count"":""unavailable"",""question_count"":""observed"",""delivery_summary"":""observed"",""shipping_cost"":""unavailable"",""properties"":""observed""}",true,
2026-08-19,2026-08-19T10:00:54+03:00,ev-yasam,BEST_SELLER,birlesik-ev-yasam,Trendyol seçili Ev & Yaşam kategorileri / En Çok Satan,54,3,54,54,4,41,30.2,17.3,927659821,661551,Yapay Çiçek Deposu 5 Dallı Gerçek Dokulu Vintage Okaliptus Demeti 45 cm,Yapay Çiçek Deposu,Yapay Çiçek,https://www.trendyol.com/yapay-cicek-deposu/5-dalli-gercek-dokulu-vintage-okaliptus-demeti-45-cm-p-927659821?boutiqueId=61&merchantId=661551,Çiçekburada,93,199.9,,,0,TRY,"[""Kargo Bedava""]",InStock,100 adetten fazla stok sunulmuştur,Son 3 günde 250+ ürün satıldı!,250,4.6,2535,1392,4,82,"2,7B kişinin sepetinde","164,5B kişi favoriledi",Son 24 saatte 2B kişi görüntüledi,4999,TRY,0,,1,4,1 saat 49 dakika içinde sipariş verirsen en geç bugün kargoda!,En Çok Satan 4. Ürün,https://cdn.dsmcdn.com/ty1664/prod/QC/20250415/19/a1d80c1c-9b36-3714-96ba-35483e3f4f72/1_org_zoom.jpg,"{""Renk"":""Yeşil"",""Yükseklik"":""31 - 45 cm"",""Çiçek Türü"":""Demet"",""Menşei"":""CN""}",20,5,refreshed,"[""daily_top""]",true,2026-08-19T10:00:54+03:00,0,"[""search_result_dom"",""product_detail_jsonld"",""product_detail_dom""]","{""title"":""observed"",""brand"":""observed"",""seller_name"":""observed"",""seller_score"":""observed"",""price"":""observed"",""original_price"":""unavailable"",""campaigns"":""observed"",""stock_status"":""observed"",""stock_signal"":""observed"",""rating"":""observed"",""rating_count"":""observed"",""review_count"":""observed"",""question_count"":""observed"",""delivery_summary"":""observed"",""shipping_cost"":""observed"",""properties"":""observed""}",true,
2026-08-19,2026-08-19T10:00:54+03:00,ev-yasam,BEST_SELLER,birlesik-ev-yasam,Trendyol seçili Ev & Yaşam kategorileri / En Çok Satan,55,3,55,55,2,70,29.5,18,463379755,716966,Dream Time 2 Adet Micro Sıvı Geçirmez Yastık Alezi | Su Geçirmez Yastık Koruyucu 2'li Set,Dream Time,,https://www.trendyol.com/dream-time/2-adet-micro-sivi-gecirmez-yastik-alezi-su-gecirmez-yastik-koruyucu-2-li-set-p-463379755?boutiqueId=61&merchantId=716966,Dream Time,2,199.9,,,0,TRY,"[""Kargo Bedava"",""Trendyol Plus'a Özel""]",InStock,100 adetten fazla stok sunulmuştur,Son 3 günde 250+ ürün satıldı!,250,4.4,1141,,0,92,"1,1B kişinin sepetinde",17B kişi favoriledi,Son 24 saatte 759 kişi görüntüledi,,,0,,,,13 saat 49 dakika içinde sipariş verirsen en geç yarın kargoda!,En Çok Satan 2. Ürün,,{},0,,refreshed,"[""daily_top""]",true,2026-08-19T10:00:54+03:00,0,"[""search_result_dom"",""product_detail_jsonld"",""product_detail_dom""]","{""title"":""observed"",""brand"":""observed"",""seller_name"":""observed"",""seller_score"":""observed"",""price"":""observed"",""original_price"":""unavailable"",""campaigns"":""observed"",""stock_status"":""observed"",""stock_signal"":""observed"",""rating"":""observed"",""rating_count"":""observed"",""review_count"":""unavailable"",""question_count"":""observed"",""delivery_summary"":""observed"",""shipping_cost"":""unavailable"",""properties"":""observed""}",true,
2026-08-19,2026-08-19T10:00:54+03:00,ev-yasam,BEST_SELLER,birlesik-ev-yasam,Trendyol seçili Ev & Yaşam kategorileri / En Çok Satan,56,3,56,56,6,59,29.1,18.4,889725373,550676,zabata Yapışkanlı 2 Adet Çift Kancalı Banyo Mutfak Askısı Metal Askılık Duvar Askı Organizer,zabata,Banyo Askısı,https://www.trendyol.com/zabata/yapiskanli-2-adet-cift-kancali-banyo-mutfak-askisi-metal-askilik-duvar-aski-organizer-p-889725373?boutiqueId=61&merchantId=550676,Zabata Türkiye,94,141.55,,,20.2,TRY,"[""Kargo Bedava"",""Trendyol Plus'a Özel""]",InStock,100 adetten fazla stok sunulmuştur,Son 3 günde 250+ ürün satıldı!,250,4.6,2286,1021,2,86,"1,2B kişinin sepetinde","32,5B kişi favoriledi",Son 24 saatte 490 kişi görüntüledi,4999,TRY,0,,1,4,49 dakika 20 saniye içinde sipariş verirsen en geç bugün kargoda!,En Çok Satan 6. Ürün,https://cdn.dsmcdn.com/ty1620/prod/QC/20250108/09/66bbac6d-f6d2-37fe-9416-90a6686322ae/1_org_zoom.jpg,"{""Renk"":""Siyah"",""Tip"":""Askı Seti"",""Diğer Özellikler"":""2'Li Çok Yönlü Kullanım"",""Menşei"":""TR"",""Bakım Talimatları (Genel)"":""Nemli bir bezle silin.""}",20,5,refreshed,"[""daily_top""]",true,2026-08-19T10:00:54+03:00,0,"[""search_result_dom"",""product_detail_jsonld"",""product_detail_dom""]","{""title"":""observed"",""brand"":""observed"",""seller_name"":""observed"",""seller_score"":""observed"",""price"":""observed"",""original_price"":""unavailable"",""campaigns"":""observed"",""stock_status"":""observed"",""stock_signal"":""observed"",""rating"":""observed"",""rating_count"":""observed"",""review_count"":""observed"",""question_count"":""observed"",""delivery_summary"":""observed"",""shipping_cost"":""observed"",""properties"":""observed""}",true,
2026-08-19,2026-08-19T10:00:54+03:00,ev-yasam,BEST_SELLER,birlesik-ev-yasam,Trendyol seçili Ev & Yaşam kategorileri / En Çok Satan,57,3,57,57,7,26,25.9,21.6,996340225,180667,Nandy Home 6 Adet 1170Ml. Freshbox Saklama Kabı Seti - Mikrodalga ve Difrize Uyumlu,Nandy Home,,https://www.trendyol.com/nandy-home/6-adet-1170ml-freshbox-saklama-kabi-seti-mikrodalga-ve-difrize-uyumlu-p-996340225?boutiqueId=61&merchantId=180667,Nandy Home,6,185.45,,,0,TRY,"[""Kargo Bedava""]",InStock,100 adetten fazla stok sunulmuştur,Son 3 günde 250+ ürün satıldı!,250,4.4,412,,0,22,"2,4B kişinin sepetinde","29,4B kişi favoriledi","Son 24 saatte 1,5B kişi görüntüledi",,,0,,,,13 saat 49 dakika içinde sipariş verirsen en geç yarın kargoda!,En Çok Satan 7. Ürün,,{},0,,refreshed,"[""daily_top""]",true,2026-08-19T10:00:54+03:00,0,"[""search_result_dom"",""product_detail_jsonld"",""product_detail_dom""]","{""title"":""observed"",""brand"":""observed"",""seller_name"":""observed"",""seller_score"":""observed"",""price"":""observed"",""original_price"":""unavailable"",""campaigns"":""observed"",""stock_status"":""observed"",""stock_signal"":""observed"",""rating"":""observed"",""rating_count"":""observed"",""review_count"":""unavailable"",""question_count"":""observed"",""delivery_summary"":""observed"",""shipping_cost"":""unavailable"",""properties"":""observed""}",true,
2026-08-19,2026-08-19T10:00:54+03:00,ev-yasam,BEST_SELLER,birlesik-ev-yasam,Trendyol seçili Ev & Yaşam kategorileri / En Çok Satan,58,3,58,58,1,73,33.9,13.6,982523847,840546,Genel Markalar 2'li Modern Dekorasyon İçin Şık Beyaz Çizgili Seramik Çiçek Vazo 19cm - Minimal ve Zarif Vazo Modeli,Genel Markalar,,https://www.trendyol.com/genel-markalar/2-li-modern-dekorasyon-icin-sik-beyaz-cizgili-seramik-cicek-vazo-19cm-minimal-ve-zarif-vazo-modeli-p-982523847?boutiqueId=61&merchantId=840546,AyaTicaret,89,117,,,-6.4,TRY,"[""Kargo Bedava""]",InStock,10 adetten fazla stok sunulmuştur,Son 3 günde 250+ ürün satıldı!,250,3.8,4122,,0,603,"2,8B kişinin sepetinde","214,9B kişi favoriledi","Son 24 saatte 3,3B kişi görüntüledi",,,0,,,,13 saat 49 dakika içinde sipariş verirsen en geç yarın kargoda!,En Çok Satan 1. Ürün,,{},0,,refreshed,"[""daily_top""]",true,2026-08-19T10:00:54+03:00,0,"[""search_result_dom"",""product_detail_jsonld"",""product_detail_dom""]","{""title"":""observed"",""brand"":""observed"",""seller_name"":""observed"",""seller_score"":""observed"",""price"":""observed"",""original_price"":""unavailable"",""campaigns"":""observed"",""stock_status"":""observed"",""stock_signal"":""observed"",""rating"":""observed"",""rating_count"":""observed"",""review_count"":""unavailable"",""question_count"":""observed"",""delivery_summary"":""observed"",""shipping_cost"":""unavailable"",""properties"":""observed""}",true,
2026-08-19,2026-08-19T10:00:54+03:00,ev-yasam,BEST_SELLER,birlesik-ev-yasam,Trendyol seçili Ev & Yaşam kategorileri / En Çok Satan,59,3,59,59,,54,36.2,12.5,730688857,109523,BabyLondy 24 Adet Ahşap Görünümlü Plastik A Kalite Siyah Elbise Askı,BabyLondy,Askı,https://www.trendyol.com/babylondy/24-adet-ahsap-gorunumlu-plastik-a-kalite-siyah-elbise-aski-p-730688857?boutiqueId=61&merchantId=109523,ArenaStore,92,299.9,,,5.2,TRY,"[""Kargo Bedava""]",InStock,100 adetten fazla stok sunulmuştur,Son 3 günde 250+ ürün satıldı!,250,4.6,14543,7878,1,338,1B kişinin sepetinde,"133,7B kişi favoriledi",Son 24 saatte 651 kişi görüntüledi,4999,TRY,0,1,1,4,13 saat 49 dakika içinde sipariş verirsen en geç yarın kargoda!,,https://cdn.dsmcdn.com/ty1688/prod/QC_ENRICHMENT/20250603/10/07eabf1b-de59-32ab-b177-38e54d40459c/1_org_zoom.jpg,"{""Materyal"":""Plastik"",""Parça Sayısı"":""24"",""Renk"":""Siyah"",""Kullanım Türü"":""Pantolon"",""Menşei"":""TR""}",20,5,refreshed,"[""daily_top""]",true,2026-08-19T10:00:54+03:00,0,"[""search_result_dom"",""product_detail_jsonld"",""product_detail_dom""]","{""title"":""observed"",""brand"":""observed"",""seller_name"":""observed"",""seller_score"":""observed"",""price"":""observed"",""original_price"":""unavailable"",""campaigns"":""observed"",""stock_status"":""observed"",""stock_signal"":""observed"",""rating"":""observed"",""rating_count"":""observed"",""review_count"":""observed"",""question_count"":""observed"",""delivery_summary"":""observed"",""shipping_cost"":""observed"",""properties"":""observed""}",true,
2026-08-19,2026-08-19T10:00:54+03:00,ev-yasam,BEST_SELLER,birlesik-ev-yasam,Trendyol seçili Ev & Yaşam kategorileri / En Çok Satan,60,3,60,60,6,61,44.4,13.6,448106406,596436,Kidmex Beyaz Plise Katlanır Cam Balkon Perdesi - Ofis Perdesi - Ev Perdesi - Salon Perdesi - Plise Perde,Kidmex,,https://www.trendyol.com/kidmex/beyaz-plise-katlanir-cam-balkon-perdesi-ofis-perdesi-ev-perdesi-salon-perdesi-plise-perde-p-448106406?boutiqueId=61&merchantId=596436,Kidmex,,424.99,474.99,10.5,0,TRY,"[""Kargo Bedava""]",InStock,100 adetten fazla stok sunulmuştur,Son 3 günde 250+ ürün satıldı!,250,4.7,4141,,0,1849,"1,3B kişinin sepetinde","79,5B kişi favoriledi",Son 24 saatte 916 kişi görüntüledi,,,0,,,,Tahmini Teslim:,,,{},0,,refreshed,"[""daily_top""]",true,2026-08-19T10:00:54+03:00,0,"[""search_result_dom"",""product_detail_jsonld"",""product_detail_dom""]","{""title"":""observed"",""brand"":""observed"",""seller_name"":""observed"",""seller_score"":""unavailable"",""price"":""observed"",""original_price"":""observed"",""campaigns"":""observed"",""stock_status"":""observed"",""stock_signal"":""observed"",""rating"":""observed"",""rating_count"":""observed"",""review_count"":""unavailable"",""question_count"":""observed"",""delivery_summary"":""observed"",""shipping_cost"":""unavailable"",""properties"":""observed""}",true,
2026-08-19,2026-08-19T10:00:54+03:00,ev-yasam,BEST_SELLER,birlesik-ev-yasam,Trendyol seçili Ev & Yaşam kategorileri / En Çok Satan,61,3,61,61,9,56,14.4,33.1,1073282255,137065,KOÇTAŞ 6lı Ahşap Askı Naturel,KOÇTAŞ,Askı,https://www.trendyol.com/koctas/6li-ahsap-aski-naturel-p-1073282255?boutiqueId=61&merchantId=137065,Koçtaş,82,299.9,,,0,TRY,"[""Kargo Bedava""]",InStock,100 adetten fazla stok sunulmuştur,Son 3 günde 250+ ürün satıldı!,250,4.4,20,14,3,4,,"1,2B kişi favoriledi",Son 24 saatte 344 kişi görüntüledi,4999,TRY,0,1,1,4,Tahmini Teslim:,En Çok Satan 9. Ürün,https://cdn.dsmcdn.com/ty1911/prod/QC_ENRICHMENT/20260723/17/53e910e2-b64c-37e0-bab9-c4b2748e52a2/1_org_zoom.jpg,"{""Materyal"":""Ahşap"",""Parça Sayısı"":""6"",""Renk"":""Çok Renkli"",""Kullanım Türü"":""Pantolon"",""Menşei"":""CN""}",14,4.07,refreshed,"[""daily_top""]",true,2026-08-19T10:00:54+03:00,0,"[""search_result_dom"",""product_detail_jsonld"",""product_detail_dom""]","{""title"":""observed"",""brand"":""observed"",""seller_name"":""observed"",""seller_score"":""observed"",""price"":""observed"",""original_price"":""unavailable"",""campaigns"":""observed"",""stock_status"":""observed"",""stock_signal"":""observed"",""rating"":""observed"",""rating_count"":""observed"",""review_count"":""observed"",""question_count"":""observed"",""delivery_summary"":""observed"",""shipping_cost"":""observed"",""properties"":""observed""}",true,
2026-08-19,2026-08-19T10:00:54+03:00,ev-yasam,BEST_SELLER,birlesik-ev-yasam,Trendyol seçili Ev & Yaşam kategorileri / En Çok Satan,62,3,62,62,1,89,31.9,15.6,883959353,135535,Devecioğlu Harbinger MM016 ALENDA (Siyah) Kalın Borulu Çamaşır Kurutma Askılığı,Devecioğlu,Çamaşırlık,https://www.trendyol.com/devecioglu/harbinger-mm016-alenda-siyah-kalin-borulu-camasir-kurutma-askiligi-p-883959353?boutiqueId=61&merchantId=135535,billhom,93,959,,,0,TRY,"[""Kargo Bedava""]",InStock,100 adetten fazla stok sunulmuştur,Son 3 günde 250+ ürün satıldı!,250,4.4,4820,2292,3,295,"2,1B kişinin sepetinde","84,7B kişi favoriledi","Son 24 saatte 1,8B kişi görüntüledi",4999,TRY,0,2,1,6,13 saat 49 dakika içinde sipariş verirsen en geç yarın kargoda!,En Çok Satan 1. Ürün,https://cdn.dsmcdn.com/ty1858/prod/QC_ENRICHMENT/20260423/13/fcdc93f7-d69e-305f-93d8-275c953803bf/1_org_zoom.jpg,"{""Renk"":""Siyah"",""Materyal"":""Metal"",""Menşei"":""TR""}",20,5,refreshed,"[""daily_top"",""hot_change""]",true,2026-08-19T10:00:54+03:00,0,"[""search_result_dom"",""product_detail_jsonld"",""product_detail_dom""]","{""title"":""observed"",""brand"":""observed"",""seller_name"":""observed"",""seller_score"":""observed"",""price"":""observed"",""original_price"":""unavailable"",""campaigns"":""observed"",""stock_status"":""observed"",""stock_signal"":""observed"",""rating"":""observed"",""rating_count"":""observed"",""review_count"":""observed"",""question_count"":""observed"",""delivery_summary"":""observed"",""shipping_cost"":""observed"",""properties"":""observed""}",true,
2026-08-19,2026-08-19T10:00:54+03:00,ev-yasam,BEST_SELLER,birlesik-ev-yasam,Trendyol seçili Ev & Yaşam kategorileri / En Çok Satan,63,3,63,63,1,42,38.1,12.5,222724283,106931,valletta Drongo Isıya Dayanıklı Yanmaz Yapışmaz Silikon Spatula Seti 6 Parça Siyah,valletta,,https://www.trendyol.com/valletta/drongo-isiya-dayanikli-yanmaz-yapismaz-silikon-spatula-seti-6-parca-siyah-p-222724283?boutiqueId=61&merchantId=106931,valletta,,297.05,,,0,TRY,"[""Kargo Bedava""]",InStock,100 adetten fazla stok sunulmuştur,Son 3 günde 250+ ürün satıldı!,250,4.8,13891,,0,519,"2,6B kişinin sepetinde","249,6B kişi favoriledi","Son 24 saatte 2,1B kişi görüntüledi",,,0,,,,1 saat 49 dakika içinde sipariş verirsen en geç bugün kargoda!,En Çok Satan 1. Ürün,,{},0,,refreshed,"[""daily_top""]",true,2026-08-19T10:00:54+03:00,0,"[""search_result_dom"",""product_detail_jsonld"",""product_detail_dom""]","{""title"":""observed"",""brand"":""observed"",""seller_name"":""observed"",""seller_score"":""unavailable"",""price"":""observed"",""original_price"":""unavailable"",""campaigns"":""observed"",""stock_status"":""observed"",""stock_signal"":""observed"",""rating"":""observed"",""rating_count"":""observed"",""review_count"":""unavailable"",""question_count"":""observed"",""delivery_summary"":""observed"",""shipping_cost"":""unavailable"",""properties"":""observed""}",true,
2026-08-19,2026-08-19T10:00:54+03:00,ev-yasam,BEST_SELLER,birlesik-ev-yasam,Trendyol seçili Ev & Yaşam kategorileri / En Çok Satan,64,3,64,64,1,74,35.3,12.5,48001460,246399,Genel Markalar Paslanmaz Çelik Kurabiye Helva Dondurma Servis Sunum Kaşığı,Genel Markalar,Çatal Kaşık Bıçak,https://www.trendyol.com/genel-markalar/paslanmaz-celik-kurabiye-helva-dondurma-servis-sunum-kasigi-p-48001460?boutiqueId=61&merchantId=246399,Koza Gift,88,120,,,6.2,TRY,"[""Kargo Bedava""]",InStock,100 adetten fazla stok sunulmuştur,Son 3 günde 250+ ürün satıldı!,250,4.2,11016,6176,-3,264,"2,5B kişinin sepetinde","80,4B kişi favoriledi",Son 24 saatte 819 kişi görüntüledi,4999,TRY,0,,1,4,1 saat 49 dakika içinde sipariş verirsen en geç bugün kargoda!,En Çok Satan 1. Ürün,https://cdn.dsmcdn.com/ty1538/product/media/images/prod/QC/20240911/15/9d0a5efa-0941-387b-a3ae-da8d204605cc/1_org_zoom.jpg,"{""Materyal"":""Çelik"",""Parça Sayısı"":""1 Parça"",""Renk"":""Gümüş"",""Kişi Sayısı"":""1 Kişilik"",""Ürün Tipi"":""Dondurma Kaşığı"",""Menşei"":""TR"",""Garanti Süresi"":""2 Yıl"",""Bakım Talimatları (Gıda Temas)"":""Gıda ile temas güvenlidir.""}",20,5,refreshed,"[""daily_top""]",true,2026-08-19T10:00:54+03:00,0,"[""search_result_dom"",""product_detail_jsonld"",""product_detail_dom""]","{""title"":""observed"",""brand"":""observed"",""seller_name"":""observed"",""seller_score"":""observed"",""price"":""observed"",""original_price"":""unavailable"",""campaigns"":""observed"",""stock_status"":""observed"",""stock_signal"":""observed"",""rating"":""observed"",""rating_count"":""observed"",""review_count"":""observed"",""question_count"":""observed"",""delivery_summary"":""observed"",""shipping_cost"":""observed"",""properties"":""observed""}",true,
2026-08-19,2026-08-19T10:00:54+03:00,ev-yasam,BEST_SELLER,birlesik-ev-yasam,Trendyol seçili Ev & Yaşam kategorileri / En Çok Satan,65,3,65,65,1,29,18.9,28.6,1174231701,638780,"BEYZANA 5 i 1 Yerde Çok Fonksiyonlu Sebze Soyacağı Kesme, Soyma, Açma, Rendeleme, Dilimleme Dahil Paslanmaz Çelik",BEYZANA,Soyacak,https://www.trendyol.com/beyzana/5-i-1-yerde-cok-fonksiyonlu-sebze-soyacagi-kesme-soyma-acma-rendeleme-dilimleme-dahil-paslanmaz-celik-p-1174231701?boutiqueId=61&merchantId=638780,BEYZANA,5,199.8,,,0,TRY,"[""Kargo Bedava""]",InStock,100 adetten fazla stok sunulmuştur,Son 3 günde 250+ ürün satıldı!,250,2.5,81,54,3,9,"9,5B kişinin sepetinde","20,9B kişi favoriledi","Son 24 saatte 1,6B kişi görüntüledi",4999,TRY,0,1,1,4,13 saat 49 dakika içinde sipariş verirsen en geç yarın kargoda!,En Çok Satan 1. Ürün,https://cdn.dsmcdn.com/ty1908/prod/QC_PREP/20260721/21/b3197778-13d2-302e-abea-e3dcc5ad1ddc/1_org_zoom.jpg,"{""Renk"":""Kahverengi"",""Menşei"":""CN"",""Bakım Talimatları (Gıda Temas)"":""Elde yıkanmalıdır.""}",20,3.6,refreshed,"[""daily_top""]",true,2026-08-19T10:00:54+03:00,0,"[""search_result_dom"",""product_detail_jsonld"",""product_detail_dom""]","{""title"":""observed"",""brand"":""observed"",""seller_name"":""observed"",""seller_score"":""observed"",""price"":""observed"",""original_price"":""unavailable"",""campaigns"":""observed"",""stock_status"":""observed"",""stock_signal"":""observed"",""rating"":""observed"",""rating_count"":""observed"",""review_count"":""observed"",""question_count"":""observed"",""delivery_summary"":""observed"",""shipping_cost"":""observed"",""properties"":""observed""}",true,
2026-08-19,2026-08-19T10:00:54+03:00,ev-yasam,BEST_SELLER,birlesik-ev-yasam,Trendyol seçili Ev & Yaşam kategorileri / En Çok Satan,66,3,66,66,6,45,34.6,30.4,1049456641,612,Madame Coco 2'li Klimalı Yastık - Beyaz/Açık Gri - 50x70 cm,Madame Coco,Yastık,https://www.trendyol.com/madame-coco/2-li-klimali-yastik-beyaz-acik-gri-50x70-cm-p-1049456641?boutiqueId=61&merchantId=612,Madame Coco,,631.79,,,-19,TRY,"[""Sepette %10 İndirim"",""Kargo Bedava"",""Trendyol Plus'a Özel""]",InStock,100 adetten fazla stok sunulmuştur,Son 3 günde 500+ ürün satıldı!,500,4.4,4072,1198,3,101,"4,1B kişinin sepetinde","76,7B kişi favoriledi","Son 24 saatte 1,7B kişi görüntüledi",4999,TRY,0,1,1,4,Tahmini Teslim:,En Çok Satan 6. Ürün,https://cdn.dsmcdn.com/ty1789/prod/QC_PREP/20251113/15/a3fdba5a-438e-3db8-9be9-dc41499681bb/1_org_zoom.jpg,"{""Boyut/Ebat"":""50 x 70"",""Dış Materyal"":""Mikrofiber"",""Dolgu Materyali"":""Silikon"",""Renk"":""Çok Renkli"",""Materyal Bileşeni"":""Kumaş 100 Polyester Dolgu 100 Polyester"",""Yıkama Talimatı"":""<p><strong>Yıkama Talimatları:<br></strong>*30 Derecede yıkayınız.<br>*Ütülemeyiniz.<br>*Ağartıcı kullanmayınız.<br>*Makine kurutma yapmayınız.<br>*Kuru temizleme yapılamaz.<br></p>"",""Menşei"":""TR""}",20,5,refreshed,"[""daily_top""]",true,2026-08-19T10:00:54+03:00,0,"[""search_result_dom"",""product_detail_jsonld"",""product_detail_dom""]","{""title"":""observed"",""brand"":""observed"",""seller_name"":""observed"",""seller_score"":""unavailable"",""price"":""observed"",""original_price"":""unavailable"",""campaigns"":""observed"",""stock_status"":""observed"",""stock_signal"":""observed"",""rating"":""observed"",""rating_count"":""observed"",""review_count"":""observed"",""question_count"":""observed"",""delivery_summary"":""observed"",""shipping_cost"":""observed"",""properties"":""observed""}",true,
2026-08-19,2026-08-19T10:00:54+03:00,ev-yasam,BEST_SELLER,birlesik-ev-yasam,Trendyol seçili Ev & Yaşam kategorileri / En Çok Satan,67,3,67,67,,34,27.6,19.9,846368456,602226,ARVALE 1 Adet Çift Taraflı Yapışkanlı Geçmeli Klips Eşya Sabitleme Askısı Şeffaf Duvar Kancası,ARVALE,Askı,https://www.trendyol.com/arvale/1-adet-cift-tarafli-yapiskanli-gecmeli-klips-esya-sabitleme-askisi-seffaf-duvar-kancasi-p-846368456?boutiqueId=61&merchantId=602226,Mithra Life,93,11.88,,,-40.6,TRY,"[""Kargo Bedava""]",InStock,100 adetten fazla stok sunulmuştur,Son 3 günde 250+ ürün satıldı!,250,4,1361,661,1,102,443 kişinin sepetinde,"35,2B kişi favoriledi",,4999,TRY,0,1,1,4,49 dakika 2 saniye içinde sipariş verirsen en geç bugün kargoda!,,https://cdn.dsmcdn.com/ty1843/prod/QC_ENRICHMENT/20260324/10/776e14c3-c3fd-3db1-b2d9-0eb04fe7e4c7/1_org_zoom.jpg,"{""Materyal"":""Plastik"",""Parça Sayısı"":""1"",""Renk"":""Turuncu"",""Kullanım Türü"":""Elbise"",""Menşei"":""CN""}",20,5,refreshed,"[""daily_top""]",true,2026-08-19T10:00:54+03:00,0,"[""search_result_dom"",""product_detail_jsonld"",""product_detail_dom""]","{""title"":""observed"",""brand"":""observed"",""seller_name"":""observed"",""seller_score"":""observed"",""price"":""observed"",""original_price"":""unavailable"",""campaigns"":""observed"",""stock_status"":""observed"",""stock_signal"":""observed"",""rating"":""observed"",""rating_count"":""observed"",""review_count"":""observed"",""question_count"":""observed"",""delivery_summary"":""observed"",""shipping_cost"":""observed"",""properties"":""observed""}",true,
2026-08-19,2026-08-19T10:00:54+03:00,ev-yasam,BEST_SELLER,birlesik-ev-yasam,Trendyol seçili Ev & Yaşam kategorileri / En Çok Satan,68,3,68,68,,105,34.8,12.7,58836675,106771,Yataş Handy 2'li Roll Pack Yastık Seti 50x70 cm,Yataş,Yastık,https://www.trendyol.com/yatas/handy-2-li-roll-pack-yastik-seti-50x70-cm-p-58836675?boutiqueId=61&merchantId=106771,Yataş,,449.9,,,0,TRY,"[""Kargo Bedava""]",InStock,100 adetten fazla stok sunulmuştur,Son 3 günde 250+ ürün satıldı!,250,4.5,9814,5373,-4,430,"1,7B kişinin sepetinde",124B kişi favoriledi,"Son 24 saatte 1,3B kişi görüntüledi",4999,TRY,0,1,1,4,13 saat 49 dakika içinde sipariş verirsen en geç yarın kargoda!,,https://cdn.dsmcdn.com/ty1717/prod/QC_ENRICHMENT/20250728/15/3e8742ab-7d77-3435-a6a9-f44f2c346950/1_org_zoom.jpg,"{""Boyut/Ebat"":""50 x 70"",""Dış Materyal"":""Polyester"",""Dolgu Materyali"":""Elyaf"",""Renk"":""Beyaz"",""Özellik"":""Antibakteriyel"",""Ağırlık"":""500 - 649 gr"",""Materyal Bileşeni"":""100% Mikrofiber"",""Yıkama Talimatı"":""T44"",""Menşei"":""TR""}",20,5,refreshed,"[""daily_top"",""hot_change""]",true,2026-08-19T10:00:54+03:00,0,"[""search_result_dom"",""product_detail_jsonld"",""product_detail_dom""]","{""title"":""observed"",""brand"":""observed"",""seller_name"":""observed"",""seller_score"":""unavailable"",""price"":""observed"",""original_price"":""unavailable"",""campaigns"":""observed"",""stock_status"":""observed"",""stock_signal"":""observed"",""rating"":""observed"",""rating_count"":""observed"",""review_count"":""observed"",""question_count"":""observed"",""delivery_summary"":""observed"",""shipping_cost"":""observed"",""properties"":""observed""}",true,
2026-08-19,2026-08-19T10:00:54+03:00,ev-yasam,BEST_SELLER,birlesik-ev-yasam,Trendyol seçili Ev & Yaşam kategorileri / En Çok Satan,69,3,69,69,3,76,31.1,16.4,739257945,137544,Kitchen Beauty 6 Bölmeli Büyük Boy Silikon Buz Kalıbı Silikon Kare Buzluk Kokteyl Sunum Buz Kalıbı Et Suyu Saklama,Kitchen Beauty,Buz Kalıbı,https://www.trendyol.com/kitchen-beauty/6-bolmeli-buyuk-boy-silikon-buz-kalibi-silikon-kare-buzluk-kokteyl-sunum-buz-kalibi-et-suyu-saklama-p-739257945?boutiqueId=61&merchantId=137544,Eymen Ticaret,89,74.99,,,0,TRY,"[""Kargo Bedava""]",InStock,100 adetten fazla stok sunulmuştur,Son 3 günde 250+ ürün satıldı!,250,4.3,3390,1833,-5,81,"1,3B kişinin sepetinde","75,5B kişi favoriledi",Son 24 saatte 404 kişi görüntüledi,4999,TRY,0,2,1,6,2 saat 49 dakika içinde sipariş verirsen en geç bugün kargoda!,En Çok Satan 3. Ürün,https://cdn.dsmcdn.com/ty1422/product/media/images/prod/QC/20240716/21/49618051-3aa7-3d54-9725-5799211f9d91/1_org_zoom.jpg,"{""Boyut/Ebat"":""36 x 50"",""Materyal"":""Silikon"",""Menşei"":""TR"",""Bakım Talimatları (Gıda Temas)"":""Ürünün kullanım ömrünü korumak için ürüne özel bakım talimatlarını takip ediniz.""}",20,5,refreshed,"[""daily_top""]",true,2026-08-19T10:00:54+03:00,0,"[""search_result_dom"",""product_detail_jsonld"",""product_detail_dom""]","{""title"":""observed"",""brand"":""observed"",""seller_name"":""observed"",""seller_score"":""observed"",""price"":""observed"",""original_price"":""unavailable"",""campaigns"":""observed"",""stock_status"":""observed"",""stock_signal"":""observed"",""rating"":""observed"",""rating_count"":""observed"",""review_count"":""observed"",""question_count"":""observed"",""delivery_summary"":""observed"",""shipping_cost"":""observed"",""properties"":""observed""}",true,
2026-08-19,2026-08-19T10:00:54+03:00,ev-yasam,BEST_SELLER,birlesik-ev-yasam,Trendyol seçili Ev & Yaşam kategorileri / En Çok Satan,70,3,70,70,,6,29.9,17.6,859339207,628337,ESMİLA 10 Adet Kadın Ayakkabı Kutusu Şeffaf Ayakkabı Düzenleyici Organizer Hava Kanallı İstiflenebilir Kutu,ESMİLA,Ayakkabı Düzenleyici,https://www.trendyol.com/esmila/10-adet-kadin-ayakkabi-kutusu-seffaf-ayakkabi-duzenleyici-organizer-hava-kanalli-istiflenebilir-kutu-p-859339207?boutiqueId=61&merchantId=628337,ESMİLA home,91,469.69,,,0,TRY,"[""Kargo Bedava""]",InStock,100 adetten fazla stok sunulmuştur,Son 3 günde 250+ ürün satıldı!,250,4.2,2307,1284,1,243,"1,9B kişinin sepetinde","52,9B kişi favoriledi","Son 24 saatte 1,1B kişi görüntüledi",4999,TRY,0,,1,4,48 dakika 58 saniye içinde sipariş verirsen en geç bugün kargoda!,En Çok Ziyaret Edilen 3. Ürün,https://cdn.dsmcdn.com/ty1833/prod/QC_ENRICHMENT/20260306/00/bbc32032-7f6e-324f-940d-89222db4d7cc/1_org_zoom.jpg,"{""Materyal"":""Plastik"",""Parça Sayısı"":""10"",""Renk"":""Turuncu"",""Menşei"":""TR""}",20,5,refreshed,"[""daily_top""]",true,2026-08-19T10:00:54+03:00,0,"[""search_result_dom"",""product_detail_jsonld"",""product_detail_dom""]","{""title"":""observed"",""brand"":""observed"",""seller_name"":""observed"",""seller_score"":""observed"",""price"":""observed"",""original_price"":""unavailable"",""campaigns"":""observed"",""stock_status"":""observed"",""stock_signal"":""observed"",""rating"":""observed"",""rating_count"":""observed"",""review_count"":""observed"",""question_count"":""observed"",""delivery_summary"":""observed"",""shipping_cost"":""observed"",""properties"":""observed""}",true,
2026-08-19,2026-08-19T10:00:54+03:00,ev-yasam,BEST_SELLER,birlesik-ev-yasam,Trendyol seçili Ev & Yaşam kategorileri / En Çok Satan,71,3,71,71,1,56,20.7,26.8,1167180113,417967,Decomia Home Dijital Kaymaz Yıkanabilir Renkli Salon Halısı Mutfak Halısı Koridor Halısı,Decomia Home,,https://www.trendyol.com/decomia-home/dijital-kaymaz-yikanabilir-renkli-salon-halisi-mutfak-halisi-koridor-halisi-p-1167180113?boutiqueId=61&merchantId=417967,Decomia Home,,19.9,,,0,TRY,"[""Sepette %15 İndirim"",""Kargo Bedava"",""Trendyol Plus'a Özel""]",InStock,50 adetten fazla stok sunulmuştur,Son 3 günde 250+ ürün satıldı!,250,4.8,91,,0,36,"5,4B kişinin sepetinde","21,5B kişi favoriledi","Son 24 saatte 4,1B kişi görüntüledi",,,0,,,,13 saat 48 dakika içinde sipariş verirsen en geç yarın kargoda!,En Çok Satan 1. Ürün,,{},0,,refreshed,"[""daily_top""]",true,2026-08-19T10:00:54+03:00,0,"[""search_result_dom"",""product_detail_jsonld"",""product_detail_dom""]","{""title"":""observed"",""brand"":""observed"",""seller_name"":""observed"",""seller_score"":""unavailable"",""price"":""observed"",""original_price"":""unavailable"",""campaigns"":""observed"",""stock_status"":""observed"",""stock_signal"":""observed"",""rating"":""observed"",""rating_count"":""observed"",""review_count"":""unavailable"",""question_count"":""observed"",""delivery_summary"":""observed"",""shipping_cost"":""unavailable"",""properties"":""observed""}",true,
2026-08-19,2026-08-19T10:00:54+03:00,ev-yasam,BEST_SELLER,birlesik-ev-yasam,Trendyol seçili Ev & Yaşam kategorileri / En Çok Satan,72,3,72,72,,62,40,17.8,1010872295,281945,PAŞAMANLAR İpek Soft Bambu Şantuklu Ağır Gramajlı 1/3 Sık Pileli Tül Perde,PAŞAMANLAR,Tül Perde,https://www.trendyol.com/pasamanlar/ipek-soft-bambu-santuklu-agir-gramajli-1-3-sik-pileli-tul-perde-p-1010872295?boutiqueId=61&merchantId=281945,Pasamanlar,83,0.26,0.29,10.3,0,TRY,"[""Sepette %10 İndirim"",""Kargo Bedava""]",InStock,100 adetten fazla stok sunulmuştur,Son 3 günde 250+ ürün satıldı!,250,4.3,2152,1230,6,782,"3,6B kişinin sepetinde","47,5B kişi favoriledi","Son 24 saatte 2,8B kişi görüntüledi",4999,TRY,0,,1,4,1 saat 48 dakika içinde sipariş verirsen en geç bugün kargoda!,En Çok Ziyaret Edilen 2. Ürün,https://cdn.dsmcdn.com/ty1769/prod/QC_PREP/20251006/13/41b5e931-71e0-3181-887b-411b247d33df/1_org_zoom.jpg,"{""Takma Şekli"":""Kornişli"",""Parça Sayısı"":""1 Parça"",""Materyal"":""Polyester"",""Renk"":""Beyaz"",""Beden"":""100 x 280"",""Pile"":""Sık (1 x 3)"",""Kullanım Alanı"":""Salon / Oturma Odası"",""Desen"":""Çizgili"",""Işık Geçirgenliği"":""Oda Karanlığı"",""Kanat Sayısı"":""1"",""Yıkama Talimatı"":""T100"",""Materyal Bileşeni"":""100% Bambu"",""Menşei"":""TR""}",20,5,refreshed,"[""daily_top""]",true,2026-08-19T10:00:54+03:00,0,"[""search_result_dom"",""product_detail_jsonld"",""product_detail_dom""]","{""title"":""observed"",""brand"":""observed"",""seller_name"":""observed"",""seller_score"":""observed"",""price"":""observed"",""original_price"":""observed"",""campaigns"":""observed"",""stock_status"":""observed"",""stock_signal"":""observed"",""rating"":""observed"",""rating_count"":""observed"",""review_count"":""observed"",""question_count"":""observed"",""delivery_summary"":""observed"",""shipping_cost"":""observed"",""properties"":""observed""}",true,
2026-08-19,2026-08-19T10:00:54+03:00,ev-yasam,BEST_SELLER,birlesik-ev-yasam,Trendyol seçili Ev & Yaşam kategorileri / En Çok Satan,73,5,73,73,1,94,20.5,27,931853472,323773,Sarkap Hijyenik Paketli 10 adet Kavanoz Kapağı – Kırmızı Kalp Krem – 82 mm,Sarkap,Kavanoz,https://www.trendyol.com/sarkap/hijyenik-paketli-10-adet-kavanoz-kapagi-kirmizi-kalp-krem-82-mm-p-931853472?boutiqueId=61&merchantId=323773,SARKAP HOME,85,75,,,0,TRY,"[""Kargo Bedava""]",InStock,100 adetten fazla stok sunulmuştur,Son 3 günde 250+ ürün satıldı!,250,4.6,191,86,0,36,1B kişinin sepetinde,"11,1B kişi favoriledi",Son 24 saatte 507 kişi görüntüledi,4999,TRY,0,1,1,4,Tahmini Teslim:,En Çok Satan 1. Ürün,https://cdn.dsmcdn.com/ty1914/prod/QC_ENRICHMENT/20260622/14/1c97b8ab-1da5-3a4b-8556-6a6ac137f04e/1_org_zoom.jpg,"{""Hacim"":""1 L"",""Materyal"":""Metal"",""Renk"":""Çok Renkli"",""Parça Sayısı"":""10'lu"",""Menşei"":""TR"",""Bakım Talimatları (Gıda Temas)"":""Ürünün kullanım ömrünü korumak için ürüne özel bakım talimatlarını takip ediniz.""}",20,5,refreshed,"[""daily_top"",""hot_change""]",true,2026-08-19T10:00:54+03:00,0,"[""search_result_dom"",""product_detail_jsonld"",""product_detail_dom""]","{""title"":""observed"",""brand"":""observed"",""seller_name"":""observed"",""seller_score"":""observed"",""price"":""observed"",""original_price"":""unavailable"",""campaigns"":""observed"",""stock_status"":""observed"",""stock_signal"":""observed"",""rating"":""observed"",""rating_count"":""observed"",""review_count"":""observed"",""question_count"":""observed"",""delivery_summary"":""observed"",""shipping_cost"":""observed"",""properties"":""observed""}",true,
2026-08-19,2026-08-19T10:00:54+03:00,ev-yasam,BEST_SELLER,birlesik-ev-yasam,Trendyol seçili Ev & Yaşam kategorileri / En Çok Satan,74,5,74,74,6,82,43.7,14.3,448202121,596436,Kidmex Antrasit Plise Katlanır Cam Balkon Perdesi - Ofis Perdesi - Mutfak Perdesi - Salon Perdesi -,Kidmex,,https://www.trendyol.com/kidmex/antrasit-plise-katlanir-cam-balkon-perdesi-ofis-perdesi-mutfak-perdesi-salon-perdesi-p-448202121?boutiqueId=61&merchantId=596436,Kidmex,,424.99,474.99,10.5,0,TRY,"[""Kargo Bedava""]",InStock,100 adetten fazla stok sunulmuştur,Son 3 günde 250+ ürün satıldı!,250,4.6,3317,,0,1818,"2,5B kişinin sepetinde","110,4B kişi favoriledi","Son 24 saatte 1,5B kişi görüntüledi",,,0,,,,Tahmini Teslim:,,,{},0,,refreshed,"[""daily_top"",""hot_change""]",true,2026-08-19T10:00:54+03:00,0,"[""search_result_dom"",""product_detail_jsonld"",""product_detail_dom""]","{""title"":""observed"",""brand"":""observed"",""seller_name"":""observed"",""seller_score"":""unavailable"",""price"":""observed"",""original_price"":""observed"",""campaigns"":""observed"",""stock_status"":""observed"",""stock_signal"":""observed"",""rating"":""observed"",""rating_count"":""observed"",""review_count"":""unavailable"",""question_count"":""observed"",""delivery_summary"":""observed"",""shipping_cost"":""unavailable"",""properties"":""observed""}",true,
2026-08-19,2026-08-19T10:00:54+03:00,ev-yasam,BEST_SELLER,birlesik-ev-yasam,Trendyol seçili Ev & Yaşam kategorileri / En Çok Satan,75,5,75,75,1,34,32.5,15,314125417,145833,MissClean Gri Renk Mikrofiber Bulaşık Kurulama Matı Kurutma Örtüsü Tezgah Üstü Süper Emici 36*45 Cm,MissClean,,https://www.trendyol.com/missclean/gri-renk-mikrofiber-bulasik-kurulama-mati-kurutma-ortusu-tezgah-ustu-super-emici-36-45-cm-p-314125417?boutiqueId=61&merchantId=145833,MissClean,,149.9,,,0,TRY,"[""Kargo Bedava""]",InStock,100 adetten fazla stok sunulmuştur,Son 3 günde 250+ ürün satıldı!,250,4.6,2746,,0,104,"1,9B kişinin sepetinde","82,6B kişi favoriledi",Son 24 saatte 1B kişi görüntüledi,,,0,,,,48 dakika 53 saniye içinde sipariş verirsen en geç bugün kargoda!,En Çok Satan 1. Ürün,,{},0,,refreshed,"[""daily_top""]",true,2026-08-19T10:00:54+03:00,0,"[""search_result_dom"",""product_detail_jsonld"",""product_detail_dom""]","{""title"":""observed"",""brand"":""observed"",""seller_name"":""observed"",""seller_score"":""unavailable"",""price"":""observed"",""original_price"":""unavailable"",""campaigns"":""observed"",""stock_status"":""observed"",""stock_signal"":""observed"",""rating"":""observed"",""rating_count"":""observed"",""review_count"":""unavailable"",""question_count"":""observed"",""delivery_summary"":""observed"",""shipping_cost"":""unavailable"",""properties"":""observed""}",true,
2026-08-19,2026-08-19T10:00:54+03:00,ev-yasam,BEST_SELLER,birlesik-ev-yasam,Trendyol seçili Ev & Yaşam kategorileri / En Çok Satan,76,5,76,76,,74,35.1,12.5,170614230,112570,Bino Banyo Kozmetik Takı Düzenleyici Çok Amaçlı Organizer 2 Katlı Servis Sunum Tepsisi Ikramlık Gold,Bino,Makyaj Organizerı,https://www.trendyol.com/bino/banyo-kozmetik-taki-duzenleyici-cok-amacli-organizer-2-katli-servis-sunum-tepsisi-ikramlik-gold-p-170614230?boutiqueId=61&merchantId=112570,Bino Home,88,431.64,,,0,TRY,"[""Kargo Bedava""]",InStock,100 adetten fazla stok sunulmuştur,Son 3 günde 250+ ürün satıldı!,250,4.7,10245,5732,-3,658,"2,7B kişinin sepetinde",336B kişi favoriledi,"Son 24 saatte 2,6B kişi görüntüledi",4999,TRY,0,1,1,4,13 saat 48 dakika içinde sipariş verirsen en geç yarın kargoda!,En Çok Favorilenen 1. Ürün,https://cdn.dsmcdn.com/ty214/product/media/images/20211028/15/158766855/278462727/2/2_org_zoom.jpg,"{""Parça Sayısı"":""2"",""Materyal"":""Metal"",""Renk"":""Altın"",""Menşei"":""UM"",""Bölme Sayısı"":""2""}",20,5,refreshed,"[""daily_top""]",true,2026-08-19T10:00:54+03:00,0,"[""search_result_dom"",""product_detail_jsonld"",""product_detail_dom""]","{""title"":""observed"",""brand"":""observed"",""seller_name"":""observed"",""seller_score"":""observed"",""price"":""observed"",""original_price"":""unavailable"",""campaigns"":""observed"",""stock_status"":""observed"",""stock_signal"":""observed"",""rating"":""observed"",""rating_count"":""observed"",""review_count"":""observed"",""question_count"":""observed"",""delivery_summary"":""observed"",""shipping_cost"":""observed"",""properties"":""observed""}",true,
2026-08-19,2026-08-19T10:00:54+03:00,ev-yasam,BEST_SELLER,birlesik-ev-yasam,Trendyol seçili Ev & Yaşam kategorileri / En Çok Satan,77,5,77,77,2,49,27.4,20.1,803104355,430442,"Genel Markalar Ütü Altı Tüm Ütülere Uyumlu Teflon Ütü Tabanı, Yanmaz Yapışmaz Kumaşı Parlatmayan Ütü Taban Altlığı",Genel Markalar,Ütü Masası ve Aksesuarı,https://www.trendyol.com/genel-markalar/utu-alti-tum-utulere-uyumlu-teflon-utu-tabani-yanmaz-yapismaz-kumasi-parlatmayan-utu-taban-altligi-p-803104355?boutiqueId=61&merchantId=430442,Shiro,96,128.38,,,0,TRY,"[""Kargo Bedava"",""Trendyol Plus'a Özel""]",InStock,100 adetten fazla stok sunulmuştur,Son 3 günde 250+ ürün satıldı!,250,4.5,1262,623,0,65,932 kişinin sepetinde,"6,7B kişi favoriledi",Son 24 saatte 515 kişi görüntüledi,4999,TRY,0,1,1,4,4 saat 48 dakika içinde sipariş verirsen en geç bugün kargoda!,En Çok Satan 2. Ürün,https://cdn.dsmcdn.com/ty1159/product/media/images/prod/SPM/PIM/20240203/17/b499ab60-27c4-3eed-82c0-222218c1737d/1_org_zoom.jpg,"{""Renk"":""Krem"",""Menşei"":""UM""}",20,5,refreshed,"[""daily_top""]",true,2026-08-19T10:00:54+03:00,0,"[""search_result_dom"",""product_detail_jsonld"",""product_detail_dom""]","{""title"":""observed"",""brand"":""observed"",""seller_name"":""observed"",""seller_score"":""observed"",""price"":""observed"",""original_price"":""unavailable"",""campaigns"":""observed"",""stock_status"":""observed"",""stock_signal"":""observed"",""rating"":""observed"",""rating_count"":""observed"",""review_count"":""observed"",""question_count"":""observed"",""delivery_summary"":""observed"",""shipping_cost"":""observed"",""properties"":""observed""}",true,
2026-08-19,2026-08-19T10:00:54+03:00,ev-yasam,BEST_SELLER,birlesik-ev-yasam,Trendyol seçili Ev & Yaşam kategorileri / En Çok Satan,78,5,78,78,1,46,21.7,25.8,962594072,874484,"Home 5'li Kalpli Magnet Seti – Fotoğraf ve Not Tutucu, Buzdolabı Süsü, Güçlü Mıknatıs, Dekoratif Magnet",Home,,https://www.trendyol.com/home/5-li-kalpli-magnet-seti-fotograf-ve-not-tutucu-buzdolabi-susu-guclu-miknatis-dekoratif-magnet-p-962594072?boutiqueId=61&merchantId=874484,ALYA MELEK BEAUTY DIŞ TİC.GIDA TURZ.İNŞ.,91,20,,,0,TRY,"[""Kargo Bedava""]",InStock,50 adetten fazla stok sunulmuştur,Son 3 günde 250+ ürün satıldı!,250,3.6,121,,-75,20,478 kişinin sepetinde,11B kişi favoriledi,Son 24 saatte 406 kişi görüntüledi,,,0,,,,13 saat 48 dakika içinde sipariş verirsen en geç yarın kargoda!,En Çok Satan 1. Ürün,,{},0,,refreshed,"[""daily_top""]",true,2026-08-19T10:00:54+03:00,0,"[""search_result_dom"",""product_detail_jsonld"",""product_detail_dom""]","{""title"":""observed"",""brand"":""observed"",""seller_name"":""observed"",""seller_score"":""observed"",""price"":""observed"",""original_price"":""unavailable"",""campaigns"":""observed"",""stock_status"":""observed"",""stock_signal"":""observed"",""rating"":""observed"",""rating_count"":""observed"",""review_count"":""unavailable"",""question_count"":""observed"",""delivery_summary"":""observed"",""shipping_cost"":""unavailable"",""properties"":""observed""}",true,
2026-08-19,2026-08-19T10:00:54+03:00,ev-yasam,BEST_SELLER,birlesik-ev-yasam,Trendyol seçili Ev & Yaşam kategorileri / En Çok Satan,79,5,79,79,1,101,25.6,21.9,944094852,137544,"Kitchen Beauty Tüm Lavabolara Uygun Paslanmaz Çelik Lavabo Süzgeci 7,5 Cm Evye Süzgeç",Kitchen Beauty,Süzgeç,https://www.trendyol.com/kitchen-beauty/tum-lavabolara-uygun-paslanmaz-celik-lavabo-suzgeci-7-5-cm-evye-suzgec-p-944094852?boutiqueId=61&merchantId=137544,Eymen Ticaret,89,49.98,,,0,TRY,"[""Kargo Bedava""]",InStock,100 adetten fazla stok sunulmuştur,Son 3 günde 250+ ürün satıldı!,250,4.4,816,374,0,46,936 kişinin sepetinde,"36,2B kişi favoriledi",Son 24 saatte 519 kişi görüntüledi,4999,TRY,0,2,1,6,2 saat 48 dakika içinde sipariş verirsen en geç bugün kargoda!,En Çok Satan 1. Ürün,https://cdn.dsmcdn.com/ty1694/prod/QC_PREP/20250611/18/4c4c7472-dd9b-3977-9fe4-38996ae9d5bb/1_org_zoom.jpg,"{""Materyal"":""Paslanmaz Çelik"",""Parça Sayısı"":""1 Parça"",""Menşei"":""TR"",""Bakım Talimatları (Gıda Temas)"":""Ürünün kullanım ömrünü korumak için ürüne özel bakım talimatlarını takip ediniz.""}",20,5,refreshed,"[""daily_top"",""hot_change""]",true,2026-08-19T10:00:54+03:00,0,"[""search_result_dom"",""product_detail_jsonld"",""product_detail_dom""]","{""title"":""observed"",""brand"":""observed"",""seller_name"":""observed"",""seller_score"":""observed"",""price"":""observed"",""original_price"":""unavailable"",""campaigns"":""observed"",""stock_status"":""observed"",""stock_signal"":""observed"",""rating"":""observed"",""rating_count"":""observed"",""review_count"":""observed"",""question_count"":""observed"",""delivery_summary"":""observed"",""shipping_cost"":""observed"",""properties"":""observed""}",true,
2026-08-19,2026-08-19T10:00:54+03:00,ev-yasam,BEST_SELLER,birlesik-ev-yasam,Trendyol seçili Ev & Yaşam kategorileri / En Çok Satan,80,5,80,80,,48,32.6,14.9,448366120,137544,Kitchen Beauty Küre Buz Kalıbı Kapaklı 33 Hazneli Yuvarlak Buz Kalıbı Kokteyl Sunum Buz Kalıbı,Kitchen Beauty,Buz Kalıbı,https://www.trendyol.com/kitchen-beauty/kure-buz-kalibi-kapakli-33-hazneli-yuvarlak-buz-kalibi-kokteyl-sunum-buz-kalibi-p-448366120?boutiqueId=61&merchantId=137544,Eymen Ticaret,89,49.99,,,0,TRY,"[""Kargo Bedava""]",InStock,100 adetten fazla stok sunulmuştur,Son 3 günde 250+ ürün satıldı!,250,4,5250,2804,-18,107,"1,6B kişinin sepetinde","120,8B kişi favoriledi",Son 24 saatte 732 kişi görüntüledi,4999,TRY,0,2,1,6,2 saat 48 dakika içinde sipariş verirsen en geç bugün kargoda!,,https://cdn.dsmcdn.com/ty962/product/media/images/20230704/19/390956809/642120513/1/1_org_zoom.jpg,"{""Boyut/Ebat"":""10 x 18"",""Materyal"":""Plastik"",""Menşei"":""TR"",""Bakım Talimatları (Gıda Temas)"":""Ürünün kullanım ömrünü korumak için ürüne özel bakım talimatlarını takip ediniz.""}",20,5,refreshed,"[""daily_top""]",true,2026-08-19T10:00:54+03:00,0,"[""search_result_dom"",""product_detail_jsonld"",""product_detail_dom""]","{""title"":""observed"",""brand"":""observed"",""seller_name"":""observed"",""seller_score"":""observed"",""price"":""observed"",""original_price"":""unavailable"",""campaigns"":""observed"",""stock_status"":""observed"",""stock_signal"":""observed"",""rating"":""observed"",""rating_count"":""observed"",""review_count"":""observed"",""question_count"":""observed"",""delivery_summary"":""observed"",""shipping_cost"":""observed"",""properties"":""observed""}",true,
2026-08-19,2026-08-19T10:00:54+03:00,ev-yasam,BEST_SELLER,birlesik-ev-yasam,Trendyol seçili Ev & Yaşam kategorileri / En Çok Satan,81,5,81,81,1,63,26.9,20.6,959933156,1143469,ELSA 2'li Bambu Kapaklı Borosilikat Cam Yağlık Sirkelik 900 ml 2 ADET (Bambu Altlık Dahil),ELSA,Yağdanlık,https://www.trendyol.com/elsa/2-li-bambu-kapakli-borosilikat-cam-yaglik-sirkelik-900-ml-2-adet-bambu-altlik-dahil-p-959933156?boutiqueId=61&merchantId=1143469,Elsa Home,84,349,,,0,TRY,"[""Sepette %2 İndirim"",""Kargo Bedava""]",InStock,100 adetten fazla stok sunulmuştur,Son 3 günde 250+ ürün satıldı!,250,4,957,549,3,92,"2,2B kişinin sepetinde","29,6B kişi favoriledi","Son 24 saatte 1,4B kişi görüntüledi",4999,TRY,0,1,1,4,13 saat 48 dakika içinde sipariş verirsen en geç yarın kargoda!,En Çok Satan 1. Ürün,https://cdn.dsmcdn.com/ty1713/prod/QC_ENRICHMENT/20250726/09/66dac30d-55ec-3106-a290-0b9fcc8a7ed6/1_org_zoom.jpg,"{""Renk"":""Beyaz"",""Hacim"":""900 ml"",""Parça Sayısı"":""3"",""Menşei"":""CN"",""Bakım Talimatları (Gıda Temas)"":""Elde yıkanmalıdır."",""Gıda Temas Sembolü"":""Evet""}",20,5,refreshed,"[""daily_top""]",true,2026-08-19T10:00:54+03:00,0,"[""search_result_dom"",""product_detail_jsonld"",""product_detail_dom""]","{""title"":""observed"",""brand"":""observed"",""seller_name"":""observed"",""seller_score"":""observed"",""price"":""observed"",""original_price"":""unavailable"",""campaigns"":""observed"",""stock_status"":""observed"",""stock_signal"":""observed"",""rating"":""observed"",""rating_count"":""observed"",""review_count"":""observed"",""question_count"":""observed"",""delivery_summary"":""observed"",""shipping_cost"":""observed"",""properties"":""observed""}",true,
2026-08-19,2026-08-19T10:00:54+03:00,ev-yasam,BEST_SELLER,birlesik-ev-yasam,Trendyol seçili Ev & Yaşam kategorileri / En Çok Satan,82,5,82,82,6,15,18.5,29,1098999169,1024262,"adornazzle 1 Adet Şeffaf Yapışkanlı Askı, Duvar Kancası, Matkap Gerektirmez Askı, İz Bırakmayan Askılık Aparatı",adornazzle,Askılık,https://www.trendyol.com/adornazzle/1-adet-seffaf-yapiskanli-aski-duvar-kancasi-matkap-gerektirmez-aski-iz-birakmayan-askilik-aparati-p-1098999169?boutiqueId=61&merchantId=1024262,ADORNAZZLE,96,15.9,,,0,TRY,"[""Kargo Bedava""]",InStock,100 adetten fazla stok sunulmuştur,Son 3 günde 250+ ürün satıldı!,250,4.3,95,48,1,4,300 kişinin sepetinde,"2,8B kişi favoriledi",,4999,TRY,0,,1,4,4 saat 48 dakika içinde sipariş verirsen en geç bugün kargoda!,En Çok Satan 6. Ürün,https://cdn.dsmcdn.com/ty1823/prod/QC_PREP/20260208/16/80a33709-4005-33ff-adc3-baf9293ae8ea/1_org_zoom.jpg,"{""Materyal"":""Plastik"",""Renk"":""Beyaz"",""Yükseklik"":""6 cm"",""Genişlik"":""6 cm"",""Askılık Tipi"":""Duvara Monte"",""Stil"":""Retro"",""Tema / Stil"":""Modern"",""Menşei"":""CN"",""Paket Derinlik"":""6 cm"",""Paket Genişlik"":""9 cm"",""Paket Yükseklik"":""9 cm""}",20,5,refreshed,"[""daily_top""]",true,2026-08-19T10:00:54+03:00,0,"[""search_result_dom"",""product_detail_jsonld"",""product_detail_dom""]","{""title"":""observed"",""brand"":""observed"",""seller_name"":""observed"",""seller_score"":""observed"",""price"":""observed"",""original_price"":""unavailable"",""campaigns"":""observed"",""stock_status"":""observed"",""stock_signal"":""observed"",""rating"":""observed"",""rating_count"":""observed"",""review_count"":""observed"",""question_count"":""observed"",""delivery_summary"":""observed"",""shipping_cost"":""observed"",""properties"":""observed""}",true,
2026-08-19,2026-08-19T10:00:54+03:00,ev-yasam,BEST_SELLER,birlesik-ev-yasam,Trendyol seçili Ev & Yaşam kategorileri / En Çok Satan,83,5,83,83,,37,56.7,20.8,1120650661,639472,VOPTEKS Siyah Halı Salon Halısı Makinede Yıkanabilir Kaymaz Taban Halı,VOPTEKS,Halı,https://www.trendyol.com/vopteks/siyah-hali-salon-halisi-makinede-yikanabilir-kaymaz-taban-hali-p-1120650661?boutiqueId=61&merchantId=639472,VOPTEKS,,19.01,27.16,30,0,TRY,"[""Sepette %30 İndirim"",""Süper Fırsat Ürünü"",""Kargo Bedava""]",InStock,100 adetten fazla stok sunulmuştur,Son 3 günde 250+ ürün satıldı!,250,4.3,999,517,3,302,"5,9B kişinin sepetinde","59,8B kişi favoriledi","Son 24 saatte 2,9B kişi görüntüledi",4999,TRY,0,3,1,7,Tahmini Teslim:,,https://cdn.dsmcdn.com/ty1905/prod/QC_ENRICHMENT/20260428/11/67015f88-5041-3d23-926d-973fa6a9836a/1_org_zoom.jpg,"{""Özellik"":""Yıkanabilir"",""Materyal"":""Polyester"",""Tema / Stil"":""Çizgili"",""Renk"":""Gri"",""Üretim Şekli"":""Dijital Baskı"",""Taban"":""Dot"",""Şekil"":""Dikdörtgen"",""Hav Yüksekliği"":""Orta (6 - 12 mm)"",""Kullanım Alanı"":""Salon / Oturma Odası"",""Saçak Tipi"":""Saçaksız (Overlok)"",""Menşei"":""TR""}",20,5,refreshed,"[""daily_top""]",true,2026-08-19T10:00:54+03:00,0,"[""search_result_dom"",""product_detail_jsonld"",""product_detail_dom""]","{""title"":""observed"",""brand"":""observed"",""seller_name"":""observed"",""seller_score"":""unavailable"",""price"":""observed"",""original_price"":""observed"",""campaigns"":""observed"",""stock_status"":""observed"",""stock_signal"":""observed"",""rating"":""observed"",""rating_count"":""observed"",""review_count"":""observed"",""question_count"":""observed"",""delivery_summary"":""observed"",""shipping_cost"":""observed"",""properties"":""observed""}",true,
2026-08-19,2026-08-19T10:00:54+03:00,ev-yasam,BEST_SELLER,birlesik-ev-yasam,Trendyol seçili Ev & Yaşam kategorileri / En Çok Satan,84,5,84,84,10,-9,30.8,16.7,958812710,779,HERA CONCEPT 6'lı Çekmece Dolap Içi Düzenleyici Kutu Set Antrasit,HERA CONCEPT,,https://www.trendyol.com/hera-concept/6-li-cekmece-dolap-ici-duzenleyici-kutu-set-antrasit-p-958812710?boutiqueId=61&merchantId=779,She Berrak,93,279.9,,,0,TRY,"[""Kargo Bedava"",""Trendyol Plus'a Özel""]",InStock,100 adetten fazla stok sunulmuştur,Son 3 günde 250+ ürün satıldı!,250,4.5,1655,,0,42,"2,2B kişinin sepetinde","64,5B kişi favoriledi","Son 24 saatte 1,2B kişi görüntüledi",,,0,,,,1 saat 48 dakika içinde sipariş verirsen en geç bugün kargoda!,En Çok Satan 10. Ürün,,{},0,,refreshed,"[""daily_top""]",true,2026-08-19T10:00:54+03:00,0,"[""search_result_dom"",""product_detail_jsonld"",""product_detail_dom""]","{""title"":""observed"",""brand"":""observed"",""seller_name"":""observed"",""seller_score"":""observed"",""price"":""observed"",""original_price"":""unavailable"",""campaigns"":""observed"",""stock_status"":""observed"",""stock_signal"":""observed"",""rating"":""observed"",""rating_count"":""observed"",""review_count"":""unavailable"",""question_count"":""observed"",""delivery_summary"":""observed"",""shipping_cost"":""unavailable"",""properties"":""observed""}",true,
2026-08-19,2026-08-19T10:00:54+03:00,ev-yasam,BEST_SELLER,birlesik-ev-yasam,Trendyol seçili Ev & Yaşam kategorileri / En Çok Satan,85,5,85,85,1,57,18,29.5,1167354761,956809,"Neev Trend Sunum Tepsisi, Kalın Şeffaf Gövde, Zarif Mat Gold Paslanmaz Metal Kulplu, Koruyucu Ayaklı ( 1 Adet )",Neev,,https://www.trendyol.com/neev/trend-sunum-tepsisi-kalin-seffaf-govde-zarif-mat-gold-paslanmaz-metal-kulplu-koruyucu-ayakli-1-adet-p-1167354761?boutiqueId=61&merchantId=956809,NEEV,94,194.9,,,0,TRY,"[""Kargo Bedava""]",InStock,100 adetten fazla stok sunulmuştur,Son 3 günde 250+ ürün satıldı!,250,4.5,41,,0,8,934 kişinin sepetinde,"2,8B kişi favoriledi",Son 24 saatte 834 kişi görüntüledi,,,0,,,,13 saat 48 dakika içinde sipariş verirsen en geç yarın kargoda!,En Çok Satan 1. Ürün,,{},0,,refreshed,"[""daily_top""]",true,2026-08-19T10:00:54+03:00,0,"[""search_result_dom"",""product_detail_jsonld"",""product_detail_dom""]","{""title"":""observed"",""brand"":""observed"",""seller_name"":""observed"",""seller_score"":""observed"",""price"":""observed"",""original_price"":""unavailable"",""campaigns"":""observed"",""stock_status"":""observed"",""stock_signal"":""observed"",""rating"":""observed"",""rating_count"":""observed"",""review_count"":""unavailable"",""question_count"":""observed"",""delivery_summary"":""observed"",""shipping_cost"":""unavailable"",""properties"":""observed""}",true,
2026-08-19,2026-08-19T10:00:54+03:00,ev-yasam,BEST_SELLER,birlesik-ev-yasam,Trendyol seçili Ev & Yaşam kategorileri / En Çok Satan,86,5,86,86,,61,33.8,13.7,84034772,123944,Mislina Home Micro Classic Sıvı Su Geçirmez Fitted Full Kenar Tek Çift Kişilik Bebek Çocuk Yatak Koruyucu Alezi,Mislina Home,Alez,https://www.trendyol.com/mislina-home/micro-classic-sivi-su-gecirmez-fitted-full-kenar-tek-cift-kisilik-bebek-cocuk-yatak-koruyucu-alezi-p-84034772?boutiqueId=61&merchantId=123944,Mislina Home,,94.96,,,1,TRY,"[""Kargo Bedava"",""Trendyol Plus'a Özel""]",InStock,100 adetten fazla stok sunulmuştur,Son 3 günde 250+ ürün satıldı!,250,4.5,7514,3933,7,832,"1,3B kişinin sepetinde","67,4B kişi favoriledi",Son 24 saatte 711 kişi görüntüledi,4999,TRY,0,,1,4,4 saat 48 dakika içinde sipariş verirsen en geç bugün kargoda!,,https://cdn.dsmcdn.com/ty1704/prod/QC_ENRICHMENT/20250704/12/904e6e5b-3c16-3c75-aec3-c2c2a2ceef8e/1_org_zoom.jpg,"{""Materyal"":""Polyester"",""Renk"":""Beyaz"",""Özellik"":""Su Geçirmez"",""Materyal Bileşeni"":""100% Polyester"",""Yıkama Talimatı"":""T44"",""Paket İçeriği"":""1'li"",""Menşei"":""TR""}",20,5,refreshed,"[""daily_top""]",true,2026-08-19T10:00:54+03:00,0,"[""search_result_dom"",""product_detail_jsonld"",""product_detail_dom""]","{""title"":""observed"",""brand"":""observed"",""seller_name"":""observed"",""seller_score"":""unavailable"",""price"":""observed"",""original_price"":""unavailable"",""campaigns"":""observed"",""stock_status"":""observed"",""stock_signal"":""observed"",""rating"":""observed"",""rating_count"":""observed"",""review_count"":""observed"",""question_count"":""observed"",""delivery_summary"":""observed"",""shipping_cost"":""observed"",""properties"":""observed""}",true,
2026-08-19,2026-08-19T10:00:54+03:00,ev-yasam,BEST_SELLER,birlesik-ev-yasam,Trendyol seçili Ev & Yaşam kategorileri / En Çok Satan,87,5,87,87,6,29,25.7,21.8,1057360917,958798,EJMEL JAKAR KUMAŞ Sandalye Kılıfı Büyük Oval Yıkanabilir Streç Lastikli kumaş Sandalye Örtüsü 1 Adet,EJMEL,,https://www.trendyol.com/ejmel/jakar-kumas-sandalye-kilifi-buyuk-oval-yikanabilir-strec-lastikli-kumas-sandalye-ortusu-1-adet-p-1057360917?boutiqueId=61&merchantId=958798,Arzu Home,91,120.8,,,-18.1,TRY,"[""Kargo Bedava""]",InStock,100 adetten fazla stok sunulmuştur,Son 3 günde 250+ ürün satıldı!,250,4.4,385,,0,206,433 kişinin sepetinde,11B kişi favoriledi,Son 24 saatte 307 kişi görüntüledi,,,0,,,,48 dakika 34 saniye içinde sipariş verirsen en geç bugün kargoda!,,,{},0,,refreshed,"[""daily_top""]",true,2026-08-19T10:00:54+03:00,0,"[""search_result_dom"",""product_detail_jsonld"",""product_detail_dom""]","{""title"":""observed"",""brand"":""observed"",""seller_name"":""observed"",""seller_score"":""observed"",""price"":""observed"",""original_price"":""unavailable"",""campaigns"":""observed"",""stock_status"":""observed"",""stock_signal"":""observed"",""rating"":""observed"",""rating_count"":""observed"",""review_count"":""unavailable"",""question_count"":""observed"",""delivery_summary"":""observed"",""shipping_cost"":""unavailable"",""properties"":""observed""}",true,
2026-08-19,2026-08-19T10:00:54+03:00,ev-yasam,BEST_SELLER,birlesik-ev-yasam,Trendyol seçili Ev & Yaşam kategorileri / En Çok Satan,88,5,88,88,6,1,24.3,23.2,1057360920,958798,EJMEL JAKAR KUMAŞ Sandalye Kılıfı Büyük Oval Yıkanabilir Streç Lastikli kumaş Sandalye Örtüsü 1 Adet,EJMEL,,https://www.trendyol.com/ejmel/jakar-kumas-sandalye-kilifi-buyuk-oval-yikanabilir-strec-lastikli-kumas-sandalye-ortusu-1-adet-p-1057360920?boutiqueId=61&merchantId=958798,Arzu Home,91,119.24,,,-19.2,TRY,"[""Kargo Bedava""]",InStock,100 adetten fazla stok sunulmuştur,Son 3 günde 250+ ürün satıldı!,250,4.4,254,,0,136,433 kişinin sepetinde,6B kişi favoriledi,,,,0,,,,48 dakika 29 saniye içinde sipariş verirsen en geç bugün kargoda!,,,{},0,,refreshed,"[""daily_top""]",true,2026-08-19T10:00:54+03:00,0,"[""search_result_dom"",""product_detail_jsonld"",""product_detail_dom""]","{""title"":""observed"",""brand"":""observed"",""seller_name"":""observed"",""seller_score"":""observed"",""price"":""observed"",""original_price"":""unavailable"",""campaigns"":""observed"",""stock_status"":""observed"",""stock_signal"":""observed"",""rating"":""observed"",""rating_count"":""observed"",""review_count"":""unavailable"",""question_count"":""observed"",""delivery_summary"":""observed"",""shipping_cost"":""unavailable"",""properties"":""observed""}",true,
2026-08-19,2026-08-19T10:00:54+03:00,ev-yasam,BEST_SELLER,birlesik-ev-yasam,Trendyol seçili Ev & Yaşam kategorileri / En Çok Satan,89,5,89,89,1,21,27.6,2.4,779870658,155934,"BRITA MAXTRA PRO Pure Performance Yedek Su Arıtma Filtresi, 6’lı",BRITA,Sürahi & Karaf,https://www.trendyol.com/brita/maxtra-pro-pure-performance-yedek-su-aritma-filtresi-6-li-p-779870658?boutiqueId=61&merchantId=155934,BRITA,,1338,,,0,TRY,"[""Kargo Bedava""]",InStock,100 adetten fazla stok sunulmuştur,Son 3 günde 250+ ürün satıldı!,,4.8,7245,2850,-1,,,,,4999,TRY,0,,1,4,1 saat 48 dakika içinde sipariş verirsen en geç bugün kargoda!,En Çok Satan 1. Ürün,https://cdn.dsmcdn.com/ty1752/prod/QC_ENRICHMENT/20250915/10/c9719985-b2b7-304d-ae29-8def1a93e7d7/1_org_zoom.jpg,"{""Renk"":""Beyaz"",""Hacim"":""150 L"",""Parça Sayısı"":""4+"",""Özellik"":""BPA Free"",""Menşei"":""DE"",""Materyal"":""Plastik"",""Bakım Talimatları (Gıda Temas)"":""Dondurucuda saklanamaz.""}",20,5,refreshed,"[""daily_top""]",true,2026-08-19T10:00:54+03:00,0,"[""search_result_dom"",""product_detail_jsonld"",""product_detail_dom""]","{""title"":""observed"",""brand"":""observed"",""seller_name"":""observed"",""seller_score"":""unavailable"",""price"":""observed"",""original_price"":""unavailable"",""campaigns"":""observed"",""stock_status"":""observed"",""stock_signal"":""observed"",""rating"":""observed"",""rating_count"":""observed"",""review_count"":""observed"",""question_count"":""unavailable"",""delivery_summary"":""observed"",""shipping_cost"":""observed"",""properties"":""observed""}",true,
2026-08-19,2026-08-19T10:00:54+03:00,ev-yasam,BEST_SELLER,birlesik-ev-yasam,Trendyol seçili Ev & Yaşam kategorileri / En Çok Satan,90,5,90,90,4,73,36.1,12.5,31525977,116314,Magic Saver Bag 8’li Vakumlu Poşet Set-1,Magic Saver Bag,,https://www.trendyol.com/magic-saver-bag/8-li-vakumlu-poset-set-1-p-31525977?boutiqueId=61&merchantId=116314,Blacc,89,480.05,,,-7.7,TRY,"[""Kargo Bedava""]",InStock,100 adetten fazla stok sunulmuştur,Son 3 günde 250+ ürün satıldı!,250,3.9,7639,,0,536,"1,1B kişinin sepetinde","86,1B kişi favoriledi","Son 24 saatte 1,1B kişi görüntüledi",,,0,,,,1 saat 48 dakika içinde sipariş verirsen en geç bugün kargoda!,En Çok Satan 4. Ürün,,{},0,,refreshed,"[""daily_top""]",true,2026-08-19T10:00:54+03:00,0,"[""search_result_dom"",""product_detail_jsonld"",""product_detail_dom""]","{""title"":""observed"",""brand"":""observed"",""seller_name"":""observed"",""seller_score"":""observed"",""price"":""observed"",""original_price"":""unavailable"",""campaigns"":""observed"",""stock_status"":""observed"",""stock_signal"":""observed"",""rating"":""observed"",""rating_count"":""observed"",""review_count"":""unavailable"",""question_count"":""observed"",""delivery_summary"":""observed"",""shipping_cost"":""unavailable"",""properties"":""observed""}",true,
2026-08-19,2026-08-19T10:00:54+03:00,ev-yasam,BEST_SELLER,birlesik-ev-yasam,Trendyol seçili Ev & Yaşam kategorileri / En Çok Satan,91,5,91,91,,46,27.3,20.2,936854575,923709,EG75 12'li Bambu Kapaklı Cam Baharatlık Seti ( 32 Adet Etiket Hediyeli ),EG75,Baharatlık,https://www.trendyol.com/eg75/12-li-bambu-kapakli-cam-baharatlik-seti-32-adet-etiket-hediyeli-p-936854575?boutiqueId=61&merchantId=923709,EG75,94,498.9,,,-2,TRY,"[""Kargo Bedava"",""Trendyol Plus'a Özel""]",InStock,100 adetten fazla stok sunulmuştur,Son 3 günde 250+ ürün satıldı!,250,4.7,1026,609,3,227,"3,1B kişinin sepetinde","66,8B kişi favoriledi","Son 24 saatte 3,1B kişi görüntüledi",4999,TRY,0,,1,4,1 saat 48 dakika içinde sipariş verirsen en geç bugün kargoda!,En Çok Ziyaret Edilen 1. Ürün,https://cdn.dsmcdn.com/ty1934/prod/QC_ENRICHMENT/20260517/11/434403e2-7331-379a-aaa1-f891355106e7/1_org_zoom.jpg,"{""Hacim"":""120 ml"",""Parça Sayısı"":""12"",""Diğer Özellikler"":""Akasya Ahşap Kapaklı"",""Menşei"":""CN"",""Bakım Talimatları (Gıda Temas)"":""Elde yıkanmalıdır."",""Gıda Temas Sembolü"":""Evet"",""Materyal"":""Cam""}",20,5,refreshed,"[""daily_top""]",true,2026-08-19T10:00:54+03:00,0,"[""search_result_dom"",""product_detail_jsonld"",""product_detail_dom""]","{""title"":""observed"",""brand"":""observed"",""seller_name"":""observed"",""seller_score"":""observed"",""price"":""observed"",""original_price"":""unavailable"",""campaigns"":""observed"",""stock_status"":""observed"",""stock_signal"":""observed"",""rating"":""observed"",""rating_count"":""observed"",""review_count"":""observed"",""question_count"":""observed"",""delivery_summary"":""observed"",""shipping_cost"":""observed"",""properties"":""observed""}",true,
2026-08-19,2026-08-19T10:00:54+03:00,ev-yasam,BEST_SELLER,birlesik-ev-yasam,Trendyol seçili Ev & Yaşam kategorileri / En Çok Satan,92,5,92,92,5,69,31.4,16.1,785995262,111097,gogidigo aradığın o 4 Adet (80*100) cm Vakumlu Hurç Yorgan Hurcu Valiz Düzenleyici Gardırop Düzenleyici Vakumlu Poşet,gogidigo aradığın o,,https://www.trendyol.com/gogidigo-aradigin-o/4-adet-80-100-cm-vakumlu-hurc-yorgan-hurcu-valiz-duzenleyici-gardirop-duzenleyici-vakumlu-poset-p-785995262?boutiqueId=61&merchantId=111097,Gogidigo,86,439.9,,,0,TRY,"[""Kargo Bedava""]",InStock,100 adetten fazla stok sunulmuştur,Son 3 günde 250+ ürün satıldı!,250,3.8,1990,,0,264,1B kişinin sepetinde,"61,2B kişi favoriledi",Son 24 saatte 726 kişi görüntüledi,,,0,,,,13 saat 48 dakika içinde sipariş verirsen en geç yarın kargoda!,En Çok Satan 5. Ürün,,{},0,,refreshed,"[""daily_top""]",true,2026-08-19T10:00:54+03:00,0,"[""search_result_dom"",""product_detail_jsonld"",""product_detail_dom""]","{""title"":""observed"",""brand"":""observed"",""seller_name"":""observed"",""seller_score"":""observed"",""price"":""observed"",""original_price"":""unavailable"",""campaigns"":""observed"",""stock_status"":""observed"",""stock_signal"":""observed"",""rating"":""observed"",""rating_count"":""observed"",""review_count"":""unavailable"",""question_count"":""observed"",""delivery_summary"":""observed"",""shipping_cost"":""unavailable"",""properties"":""observed""}",true,
2026-08-19,2026-08-19T10:00:54+03:00,ev-yasam,BEST_SELLER,birlesik-ev-yasam,Trendyol seçili Ev & Yaşam kategorileri / En Çok Satan,93,5,93,93,2,-32,25.8,21.7,931399769,956809,innossa pleksi dekorasyon Düz Kulp Matgold Şeffaf Pleksi kahve sunum Tepsi ( 1 Adet),innossa pleksi dekorasyon,Tepsi,https://www.trendyol.com/innossa-pleksi-dekorasyon/duz-kulp-matgold-seffaf-pleksi-kahve-sunum-tepsi-1-adet-p-931399769?boutiqueId=61&merchantId=956809,NEEV,94,214,,,-0.1,TRY,"[""15 TL Kupon"",""Kargo Bedava"",""Trendyol Plus'a Özel""]",InStock,100 adetten fazla stok sunulmuştur,Son 3 günde 250+ ürün satıldı!,250,4.5,585,396,3,124,"2,6B kişinin sepetinde","39,7B kişi favoriledi","Son 24 saatte 2,2B kişi görüntüledi",4999,TRY,0,1,1,4,13 saat 48 dakika içinde sipariş verirsen en geç yarın kargoda!,En Çok Satan 2. Ürün,https://cdn.dsmcdn.com/ty1931/prod/QC_ENRICHMENT/20260614/00/46a4cec1-2d18-3b33-a275-e910256f108c/1_org_zoom.jpg,"{""Materyal"":""Akrilik"",""Renk"":""Beyaz"",""Boyut/Ebat"":""20 x 23"",""Parça Sayısı"":""1"",""Menşei"":""TR"",""Bakım Talimatları (Gıda Temas)"":""Bulaşık makinesinde yıkanılamaz.""}",20,5,refreshed,"[""daily_top""]",true,2026-08-19T10:00:54+03:00,0,"[""search_result_dom"",""product_detail_jsonld"",""product_detail_dom""]","{""title"":""observed"",""brand"":""observed"",""seller_name"":""observed"",""seller_score"":""observed"",""price"":""observed"",""original_price"":""unavailable"",""campaigns"":""observed"",""stock_status"":""observed"",""stock_signal"":""observed"",""rating"":""observed"",""rating_count"":""observed"",""review_count"":""observed"",""question_count"":""observed"",""delivery_summary"":""observed"",""shipping_cost"":""observed"",""properties"":""observed""}",true,
2026-08-19,2026-08-19T10:00:54+03:00,ev-yasam,BEST_SELLER,birlesik-ev-yasam,Trendyol seçili Ev & Yaşam kategorileri / En Çok Satan,94,5,94,94,,55,28.3,19.2,958623353,638780,BEYZANA Yeni Nesil Basmalı Çift Buz Kalıbı Buzluk – Kapaklı Saklama Kutulu 28 28 56 Bölmeli 10x20 Cm,BEYZANA,Buz Kalıbı,https://www.trendyol.com/beyzana/yeni-nesil-basmali-cift-buz-kalibi-buzluk-kapakli-saklama-kutulu-28-28-56-bolmeli-10x20-cm-p-958623353?boutiqueId=61&merchantId=638780,BEYZANA,,199.99,,,0,TRY,"[""Kargo Bedava""]",InStock,100 adetten fazla stok sunulmuştur,Son 3 günde 250+ ürün satıldı!,250,4,1785,819,2,108,"4,8B kişinin sepetinde","168,9B kişi favoriledi","Son 24 saatte 2,5B kişi görüntüledi",4999,TRY,0,1,1,4,13 saat 48 dakika içinde sipariş verirsen en geç yarın kargoda!,En Çok Ziyaret Edilen 1. Ürün,https://cdn.dsmcdn.com/ty1713/prod/QC_ENRICHMENT/20250724/15/152c5c48-c249-33cb-9485-c152ad0aa955/1_org_zoom.jpg,"{""Boyut/Ebat"":""12 x 19"",""Materyal"":""Plastik"",""Menşei"":""CN"",""Gıda Temas Sembolü"":""Evet"",""Bakım Talimatları (Gıda Temas)"":""Elde yıkanmalıdır.""}",20,5,refreshed,"[""daily_top""]",true,2026-08-19T10:00:54+03:00,0,"[""search_result_dom"",""product_detail_jsonld"",""product_detail_dom""]","{""title"":""observed"",""brand"":""observed"",""seller_name"":""observed"",""seller_score"":""unavailable"",""price"":""observed"",""original_price"":""unavailable"",""campaigns"":""observed"",""stock_status"":""observed"",""stock_signal"":""observed"",""rating"":""observed"",""rating_count"":""observed"",""review_count"":""observed"",""question_count"":""observed"",""delivery_summary"":""observed"",""shipping_cost"":""observed"",""properties"":""observed""}",true,
2026-08-19,2026-08-19T10:00:54+03:00,ev-yasam,BEST_SELLER,birlesik-ev-yasam,Trendyol seçili Ev & Yaşam kategorileri / En Çok Satan,95,5,95,95,,44,34.4,13.1,794694788,550676,zabata Yapışkanlı Raflı Kağıt Rulo Havluluk Peçetelik Havlu Kağıltlık Siyah Banyo Mutfak Düzenleyici Raf,zabata,Peçetelik,https://www.trendyol.com/zabata/yapiskanli-rafli-kagit-rulo-havluluk-pecetelik-havlu-kagiltlik-siyah-banyo-mutfak-duzenleyici-raf-p-794694788?boutiqueId=61&merchantId=550676,Zabata Türkiye,94,149,,,0,TRY,"[""Kargo Bedava""]",InStock,100 adetten fazla stok sunulmuştur,Son 3 günde 250+ ürün satıldı!,250,4.6,9044,4726,1,459,"1,8B kişinin sepetinde","110,9B kişi favoriledi",Son 24 saatte 837 kişi görüntüledi,4999,TRY,0,,1,4,48 dakika 19 saniye içinde sipariş verirsen en geç bugün kargoda!,,https://cdn.dsmcdn.com/ty1646/prod/QC/20250228/17/9a0a41ff-31f1-3e62-beb4-e92a56d169b6/1_org_zoom.jpg,"{""Renk"":""Siyah"",""Menşei"":""TR""}",20,5,refreshed,"[""daily_top""]",true,2026-08-19T10:00:54+03:00,0,"[""search_result_dom"",""product_detail_jsonld"",""product_detail_dom""]","{""title"":""observed"",""brand"":""observed"",""seller_name"":""observed"",""seller_score"":""observed"",""price"":""observed"",""original_price"":""unavailable"",""campaigns"":""observed"",""stock_status"":""observed"",""stock_signal"":""observed"",""rating"":""observed"",""rating_count"":""observed"",""review_count"":""observed"",""question_count"":""observed"",""delivery_summary"":""observed"",""shipping_cost"":""observed"",""properties"":""observed""}",true,
2026-08-19,2026-08-19T10:00:54+03:00,ev-yasam,BEST_SELLER,birlesik-ev-yasam,Trendyol seçili Ev & Yaşam kategorileri / En Çok Satan,96,5,96,96,,36,35.6,12.5,43469566,104968,Nehir Sahra Sade 6 Parça Paslanmaz Çelik Servis Takımı,Nehir,Servis Maşa Seti,https://www.trendyol.com/nehir/sahra-sade-6-parca-paslanmaz-celik-servis-takimi-p-43469566?boutiqueId=61&merchantId=104968,Happy Center,93,1029,,,1,TRY,"[""41 TL Kupon"",""Kargo Bedava"",""Peşin Fiyatına 3 Taksit""]",InStock,100 adetten fazla stok sunulmuştur,Son 3 günde 250+ ürün satıldı!,250,4.6,11143,6688,1,613,4B kişinin sepetinde,"377,6B kişi favoriledi","Son 24 saatte 2,7B kişi görüntüledi",4999,TRY,0,2,1,6,4 saat 48 dakika içinde sipariş verirsen en geç bugün kargoda!,En Çok Ziyaret Edilen 1. Ürün,https://cdn.dsmcdn.com/ty1578/product/media/images/prod/PIM/20241004/15/11cb6606-32d3-4271-8b63-681272e2d5ce/1_org_zoom.jpg,"{""Parça Sayısı"":""Belirtilmemiş"",""Renk"":""Gri"",""Materyal"":""Çelik"",""Özellik"":""BPA Free"",""Menşei"":""TR"",""Bakım Talimatları (Genel)"":""Ürünün kullanım ömrünü korumak için ürüne özel bakım talimatlarını takip ediniz.""}",20,5,refreshed,"[""daily_top""]",true,2026-08-19T10:00:54+03:00,0,"[""search_result_dom"",""product_detail_jsonld"",""product_detail_dom""]","{""title"":""observed"",""brand"":""observed"",""seller_name"":""observed"",""seller_score"":""observed"",""price"":""observed"",""original_price"":""unavailable"",""campaigns"":""observed"",""stock_status"":""observed"",""stock_signal"":""observed"",""rating"":""observed"",""rating_count"":""observed"",""review_count"":""observed"",""question_count"":""observed"",""delivery_summary"":""observed"",""shipping_cost"":""observed"",""properties"":""observed""}",true,
2026-08-19,2026-08-19T10:00:54+03:00,ev-yasam,BEST_SELLER,birlesik-ev-yasam,Trendyol seçili Ev & Yaşam kategorileri / En Çok Satan,97,5,97,97,10,,27.6,24.9,1140114253,642134,"UFİX 40 Adet Slim Askı Elbise Askısı ,Etek Askısı, Pantolon Askısı, Bluz Askısı 40 Adet.",UFİX,Askı,https://www.trendyol.com/ufix/40-adet-slim-aski-elbise-askisi-etek-askisi-pantolon-askisi-bluz-askisi-40-adet-p-1140114253?boutiqueId=61&merchantId=642134,Ego Home,88,284.05,299,5,,TRY,"[""Sepette %5 İndirim"",""Kargo Bedava""]",InStock,100 adetten fazla stok sunulmuştur,Son 3 günde 250+ ürün satıldı!,250,4.2,289,158,,18,807 kişinin sepetinde,"9,4B kişi favoriledi",Son 24 saatte 909 kişi görüntüledi,4999,TRY,0,1,1,4,13 saat 48 dakika içinde sipariş verirsen en geç yarın kargoda!,En Çok Satan 10. Ürün,https://cdn.dsmcdn.com/ty1916/prod/QC_PREP/20260429/16/97296dcd-c3cc-3a4a-851c-0810ad23da93/1_org_zoom.jpg,"{""Materyal"":""Plastik"",""Parça Sayısı"":""40"",""Renk"":""Siyah"",""Kullanım Türü"":""Elbise"",""Menşei"":""TR""}",20,5,refreshed,"[""daily_top""]",true,2026-08-19T10:00:54+03:00,0,"[""search_result_dom"",""product_detail_jsonld"",""product_detail_dom""]","{""title"":""observed"",""brand"":""observed"",""seller_name"":""observed"",""seller_score"":""observed"",""price"":""observed"",""original_price"":""observed"",""campaigns"":""observed"",""stock_status"":""observed"",""stock_signal"":""observed"",""rating"":""observed"",""rating_count"":""observed"",""review_count"":""observed"",""question_count"":""observed"",""delivery_summary"":""observed"",""shipping_cost"":""observed"",""properties"":""observed""}",true,
2026-08-19,2026-08-19T10:00:54+03:00,ev-yasam,BEST_SELLER,birlesik-ev-yasam,Trendyol seçili Ev & Yaşam kategorileri / En Çok Satan,98,5,98,98,1,74,30.9,16.6,1044259056,438262,Rex Aksesuar 3’lü Hayalet Led Biblo Seti – Dekoratif Lamba| Okuyan – Kalpli – Balonlu Hayalet Masa Üstü Dekor,Rex Aksesuar,,https://www.trendyol.com/rex-aksesuar/3-lu-hayalet-led-biblo-seti-dekoratif-lamba-okuyan-kalpli-balonlu-hayalet-masa-ustu-dekor-p-1044259056?boutiqueId=61&merchantId=438262,Rex Aksesuar,94,199.99,,,0,TRY,"[""Kargo Bedava""]",InStock,100 adetten fazla stok sunulmuştur,Son 3 günde 250+ ürün satıldı!,250,4.1,1724,,0,147,"4,2B kişinin sepetinde","141,7B kişi favoriledi","Son 24 saatte 3,2B kişi görüntüledi",,,0,,,,3 saat 48 dakika içinde sipariş verirsen en geç bugün kargoda!,En Çok Satan 1. Ürün,,{},0,,refreshed,"[""daily_top""]",true,2026-08-19T10:00:54+03:00,0,"[""search_result_dom"",""product_detail_jsonld"",""product_detail_dom""]","{""title"":""observed"",""brand"":""observed"",""seller_name"":""observed"",""seller_score"":""observed"",""price"":""observed"",""original_price"":""unavailable"",""campaigns"":""observed"",""stock_status"":""observed"",""stock_signal"":""observed"",""rating"":""observed"",""rating_count"":""observed"",""review_count"":""unavailable"",""question_count"":""observed"",""delivery_summary"":""observed"",""shipping_cost"":""unavailable"",""properties"":""observed""}",true,
2026-08-19,2026-08-19T10:00:54+03:00,ev-yasam,BEST_SELLER,birlesik-ev-yasam,Trendyol seçili Ev & Yaşam kategorileri / En Çok Satan,99,5,99,99,,56,23.6,23.9,881397577,180667,Nandy Home 20'li Set Kendinden Kapaklı Derin Dondurucuya Uygun Saklama Kabı 1 Lt.,Nandy Home,Saklama Kabı,https://www.trendyol.com/nandy-home/20-li-set-kendinden-kapakli-derin-dondurucuya-uygun-saklama-kabi-1-lt-p-881397577?boutiqueId=61&merchantId=180667,Nandy Home,20,308.73,,,-4.3,TRY,"[""Kargo Bedava""]",InStock,100 adetten fazla stok sunulmuştur,Son 3 günde 250+ ürün satıldı!,250,4.1,433,213,2,50,"1,7B kişinin sepetinde","39,9B kişi favoriledi","Son 24 saatte 2,4B kişi görüntüledi",4999,TRY,0,1,1,4,13 saat 48 dakika içinde sipariş verirsen en geç yarın kargoda!,,https://cdn.dsmcdn.com/ty1928/prod/QC_ENRICHMENT/20260520/17/72580a14-2712-3618-8fd2-a897dbb36dab/1_org_zoom.jpg,"{""Materyal"":""Plastik"",""Parça Sayısı"":""19-25"",""Renk"":""Beyaz"",""Hacim"":""1 L"",""Menşei"":""TR"",""Bakım Talimatları (Gıda Temas)"":""Ürünün kullanım ömrünü korumak için ürüne özel bakım talimatlarını takip ediniz.""}",20,5,refreshed,"[""daily_top""]",true,2026-08-19T10:00:54+03:00,0,"[""search_result_dom"",""product_detail_jsonld"",""product_detail_dom""]","{""title"":""observed"",""brand"":""observed"",""seller_name"":""observed"",""seller_score"":""observed"",""price"":""observed"",""original_price"":""unavailable"",""campaigns"":""observed"",""stock_status"":""observed"",""stock_signal"":""observed"",""rating"":""observed"",""rating_count"":""observed"",""review_count"":""observed"",""question_count"":""observed"",""delivery_summary"":""observed"",""shipping_cost"":""observed"",""properties"":""observed""}",true,
2026-08-19,2026-08-19T10:00:54+03:00,ev-yasam,BEST_SELLER,birlesik-ev-yasam,Trendyol seçili Ev & Yaşam kategorileri / En Çok Satan,100,5,100,100,1,58,30.4,17.1,868581639,106777,Bella Maison Marbella Cam Kesme Tahtası Ekru (35x25 cm),Bella Maison,Kesme Tahtası,https://www.trendyol.com/bella-maison/marbella-cam-kesme-tahtasi-ekru-35x25-cm-p-868581639?boutiqueId=61&merchantId=106777,Bella Maison,,315,,,0,TRY,"[""Kargo Bedava"",""Trendyol Plus'a Özel""]",InStock,100 adetten fazla stok sunulmuştur,Son 3 günde 250+ ürün satıldı!,250,4.6,2745,1475,2,64,"4,4B kişinin sepetinde","158,8B kişi favoriledi","Son 24 saatte 1,6B kişi görüntüledi",4999,TRY,0,1,1,4,Tahmini Teslim:,En Çok Satan 1. Ürün,https://cdn.dsmcdn.com/ty1858/prod/QC_ENRICHMENT/20260421/11/d26a1757-5577-320f-9be6-5bab0cfc86d2/1_org_zoom.jpg,"{""Boyut/Ebat"":""35 x 25"",""Materyal"":""Cam"",""Parça Sayısı"":""1 Parça"",""Renk"":""Ekru"",""Menşei"":""TR"",""Bakım Talimatları (Gıda Temas)"":""Ürünün kullanım ömrünü korumak için ürüne özel bakım talimatlarını takip ediniz."",""Gıda Temas Sembolü"":""Evet""}",20,5,refreshed,"[""daily_top""]",true,2026-08-19T10:00:54+03:00,0,"[""search_result_dom"",""product_detail_jsonld"",""product_detail_dom""]","{""title"":""observed"",""brand"":""observed"",""seller_name"":""observed"",""seller_score"":""unavailable"",""price"":""observed"",""original_price"":""unavailable"",""campaigns"":""observed"",""stock_status"":""observed"",""stock_signal"":""observed"",""rating"":""observed"",""rating_count"":""observed"",""review_count"":""observed"",""question_count"":""observed"",""delivery_summary"":""observed"",""shipping_cost"":""observed"",""properties"":""observed""}",true,
2026-08-19,2026-08-19T10:00:54+03:00,ev-yasam,BEST_SELLER,birlesik-ev-yasam,Trendyol seçili Ev & Yaşam kategorileri / En Çok Satan,101,5,101,101,,58,26.3,21.2,1075158610,716966,Dream Time Collagen Luxury Sıvı Geçirmez Özel Kutulu Alez | Anti-Aging | Anti-Alerjik | Anti-Bakteriyel,Dream Time,Alez,https://www.trendyol.com/dream-time/collagen-luxury-sivi-gecirmez-ozel-kutulu-alez-anti-aging-anti-alerjik-anti-bakteriyel-p-1075158610?boutiqueId=61&merchantId=716966,Dream Time,,316.86,,,-33.2,TRY,"[""Kargo Bedava"",""Trendyol Plus'a Özel""]",InStock,100 adetten fazla stok sunulmuştur,Son 3 günde 250+ ürün satıldı!,250,4.7,841,459,4,316,"3,2B kişinin sepetinde","46,5B kişi favoriledi","Son 24 saatte 2,3B kişi görüntüledi",4999,TRY,0,1,1,4,13 saat 48 dakika içinde sipariş verirsen en geç yarın kargoda!,En Çok Ziyaret Edilen 2. Ürün,https://cdn.dsmcdn.com/ty1854/prod/QC_ENRICHMENT/20260412/11/e33636be-7ba5-3283-a129-a5fe7b1138b3/1_org_zoom.jpg,"{""Materyal"":""Bambu + Polyester"",""Renk"":""Beyaz"",""Özellik"":""Su Geçirmez"",""Materyal Bileşeni"":""Collagen 3D Örme Üst Yüzey + Sıvı Geçirmez PU Membran"",""Yıkama Talimatı"":""T44"",""Paket İçeriği"":""1'li"",""Menşei"":""TR""}",20,5,refreshed,"[""daily_top""]",true,2026-08-19T10:00:54+03:00,0,"[""search_result_dom"",""product_detail_jsonld"",""product_detail_dom""]","{""title"":""observed"",""brand"":""observed"",""seller_name"":""observed"",""seller_score"":""unavailable"",""price"":""observed"",""original_price"":""unavailable"",""campaigns"":""observed"",""stock_status"":""observed"",""stock_signal"":""observed"",""rating"":""observed"",""rating_count"":""observed"",""review_count"":""observed"",""question_count"":""observed"",""delivery_summary"":""observed"",""shipping_cost"":""observed"",""properties"":""observed""}",true,
2026-08-19,2026-08-19T10:00:54+03:00,ev-yasam,BEST_SELLER,birlesik-ev-yasam,Trendyol seçili Ev & Yaşam kategorileri / En Çok Satan,102,5,102,102,2,,23.9,23.6,1136289162,311492,"KAMİZ Fırfırlı Koltuk Örtüsü Bohem Pamuk Keten | Kaymaz, Yıkanabilir, Modern Şık Tasarım Tekli Koltuk",KAMİZ,,https://www.trendyol.com/kamiz/firfirli-koltuk-ortusu-bohem-pamuk-keten-kaymaz-yikanabilir-modern-sik-tasarim-tekli-koltuk-p-1136289162?boutiqueId=61&merchantId=311492,KAMİZ,,128.57,,,,TRY,"[""Kargo Bedava""]",InStock,100 adetten fazla stok sunulmuştur,Son 3 günde 250+ ürün satıldı!,250,4.3,230,,,44,"1,1B kişinin sepetinde","12,6B kişi favoriledi","Son 24 saatte 1,3B kişi görüntüledi",,,0,,,,13 saat 48 dakika içinde sipariş verirsen en geç yarın kargoda!,,,{},0,,refreshed,"[""daily_top""]",true,2026-08-19T10:00:54+03:00,0,"[""search_result_dom"",""product_detail_jsonld"",""product_detail_dom""]","{""title"":""observed"",""brand"":""observed"",""seller_name"":""observed"",""seller_score"":""unavailable"",""price"":""observed"",""original_price"":""unavailable"",""campaigns"":""observed"",""stock_status"":""observed"",""stock_signal"":""observed"",""rating"":""observed"",""rating_count"":""observed"",""review_count"":""unavailable"",""question_count"":""observed"",""delivery_summary"":""observed"",""shipping_cost"":""unavailable"",""properties"":""observed""}",true,
2026-08-19,2026-08-19T10:00:54+03:00,ev-yasam,BEST_SELLER,birlesik-ev-yasam,Trendyol seçili Ev & Yaşam kategorileri / En Çok Satan,103,5,103,103,,26,32.8,14.7,868009383,180667,Nandy Home 3 Adet Çekmece İçi Bıçaklık & Kaşıklık Organizer,Nandy Home,Kaşıklık,https://www.trendyol.com/nandy-home/3-adet-cekmece-ici-bicaklik-kasiklik-organizer-p-868009383?boutiqueId=61&merchantId=180667,Nandy Home,3,148.11,,,0,TRY,"[""Kargo Bedava""]",InStock,100 adetten fazla stok sunulmuştur,Son 3 günde 250+ ürün satıldı!,250,4.7,5886,3003,2,133,2B kişinin sepetinde,"143,3B kişi favoriledi",Son 24 saatte 953 kişi görüntüledi,4999,TRY,0,1,1,4,13 saat 48 dakika içinde sipariş verirsen en geç yarın kargoda!,En Çok Favorilenen 2. Ürün,https://cdn.dsmcdn.com/ty1590/prod/QC/20241021/12/cecdcb65-a0c6-3b6d-9ab0-f7f6c52d0bf0/1_org_zoom.jpg,"{""Materyal"":""Plastik"",""Boyut/Ebat"":""30 x 34"",""Renk"":""Beyaz"",""Bakım Talimatları (Gıda Temas)"":""Ürünün kullanım ömrünü korumak için ürüne özel bakım talimatlarını takip ediniz.""}",20,5,refreshed,"[""daily_top""]",true,2026-08-19T10:00:54+03:00,0,"[""search_result_dom"",""product_detail_jsonld"",""product_detail_dom""]","{""title"":""observed"",""brand"":""observed"",""seller_name"":""observed"",""seller_score"":""observed"",""price"":""observed"",""original_price"":""unavailable"",""campaigns"":""observed"",""stock_status"":""observed"",""stock_signal"":""observed"",""rating"":""observed"",""rating_count"":""observed"",""review_count"":""observed"",""question_count"":""observed"",""delivery_summary"":""observed"",""shipping_cost"":""observed"",""properties"":""observed""}",true,
2026-08-19,2026-08-19T10:00:54+03:00,ev-yasam,BEST_SELLER,birlesik-ev-yasam,Trendyol seçili Ev & Yaşam kategorileri / En Çok Satan,104,5,104,104,,-8,27.4,20.1,901523612,779,"HERA CONCEPT 4 ADET Lüks Dolap Düzenleyici, Raf Düzenleyici, Katlanabilir Kıyafet Saklama Kutusu-45 cmx30 cmx20cm",HERA CONCEPT,Dolap İçi Düzenleyici,https://www.trendyol.com/hera-concept/4-adet-luks-dolap-duzenleyici-raf-duzenleyici-katlanabilir-kiyafet-saklama-kutusu-45-cmx30-cmx20cm-p-901523612?boutiqueId=61&merchantId=779,She Berrak,93,379.9,,,0,TRY,"[""15 TL Kupon"",""Kargo Bedava"",""Trendyol Plus'a Özel""]",InStock,100 adetten fazla stok sunulmuştur,Son 3 günde 250+ ürün satıldı!,250,4.4,1401,628,1,68,"2,3B kişinin sepetinde","65,4B kişi favoriledi","Son 24 saatte 1,2B kişi görüntüledi",4999,TRY,0,,1,4,1 saat 48 dakika içinde sipariş verirsen en geç bugün kargoda!,,https://cdn.dsmcdn.com/ty1924/prod/QC_ENRICHMENT/20260721/01/bdbe2616-dbaa-3006-bfa0-0dfe1c482f10/1_org_zoom.jpg,"{""Parça Sayısı"":""4"",""Materyal"":""Kumaş"",""Boyut/Ebat"":""40 x 30"",""Renk"":""Gri"",""Menşei"":""TR""}",20,5,refreshed,"[""daily_top""]",true,2026-08-19T10:00:54+03:00,0,"[""search_result_dom"",""product_detail_jsonld"",""product_detail_dom""]","{""title"":""observed"",""brand"":""observed"",""seller_name"":""observed"",""seller_score"":""observed"",""price"":""observed"",""original_price"":""unavailable"",""campaigns"":""observed"",""stock_status"":""observed"",""stock_signal"":""observed"",""rating"":""observed"",""rating_count"":""observed"",""review_count"":""observed"",""question_count"":""observed"",""delivery_summary"":""observed"",""shipping_cost"":""observed"",""properties"":""observed""}",true,
2026-08-19,2026-08-19T10:00:54+03:00,ev-yasam,BEST_SELLER,birlesik-ev-yasam,Trendyol seçili Ev & Yaşam kategorileri / En Çok Satan,105,5,105,105,,52,33.2,14.3,747715695,122355,Kiwi KWP-8513 Şarjlı Damacana Su Pompası,Kiwi,Damacana Pompası,https://www.trendyol.com/kiwi/kwp-8513-sarjli-damacana-su-pompasi-p-747715695?boutiqueId=61&merchantId=122355,Urgancıoğlu,86,325,,,0,TRY,"[""Kargo Bedava""]",InStock,100 adetten fazla stok sunulmuştur,Son 3 günde 250+ ürün satıldı!,250,4.2,6715,3377,3,1144,966 kişinin sepetinde,"64,4B kişi favoriledi",Son 24 saatte 874 kişi görüntüledi,4999,TRY,0,1,1,4,13 saat 48 dakika içinde sipariş verirsen en geç yarın kargoda!,En Çok Favorilenen 1. Ürün,https://cdn.dsmcdn.com/ty1000313/product/media/images/prod/PIM/20260217/06/3cc2ec88-3f98-49a2-91ed-eb72fe5d4bed/1_org_zoom.jpg,"{""Ürün Tipi"":""Şarjlı"",""Renk"":""Beyaz"",""Menşei"":""CN""}",20,5,refreshed,"[""daily_top""]",true,2026-08-19T10:00:54+03:00,0,"[""search_result_dom"",""product_detail_jsonld"",""product_detail_dom""]","{""title"":""observed"",""brand"":""observed"",""seller_name"":""observed"",""seller_score"":""observed"",""price"":""observed"",""original_price"":""unavailable"",""campaigns"":""observed"",""stock_status"":""observed"",""stock_signal"":""observed"",""rating"":""observed"",""rating_count"":""observed"",""review_count"":""observed"",""question_count"":""observed"",""delivery_summary"":""observed"",""shipping_cost"":""observed"",""properties"":""observed""}",true,
2026-08-19,2026-08-19T10:00:54+03:00,ev-yasam,BEST_SELLER,birlesik-ev-yasam,Trendyol seçili Ev & Yaşam kategorileri / En Çok Satan,106,5,106,106,1,37,27,22.6,1109550995,1024529,bituclass 3 ÇITALI 4 KATLI EKO DEKORATİF MASİF AHŞAP PLASTİK AYAKKABILIK (MDF DEĞİLDİR.mdf kolay kırılır !!!),bituclass,Ayakkabılık,https://www.trendyol.com/bituclass/3-citali-4-katli-eko-dekoratif-masif-ahsap-plastik-ayakkabilik-mdf-degildir-mdf-kolay-kirilir-p-1109550995?boutiqueId=61&merchantId=1024529,Silkyreal,93,184.99,189.05,2.1,0,TRY,"[""Son 10 Günün En Düşük Fiyatı"",""Kargo Bedava"",""Son 10 günün en düşük fiyatı""]",InStock,100 adetten fazla stok sunulmuştur,Son 3 günde 250+ ürün satıldı!,250,3.3,598,310,4,32,"2,1B kişinin sepetinde","21,6B kişi favoriledi","Son 24 saatte 2,1B kişi görüntüledi",4999,TRY,0,,1,4,3 saat 48 dakika içinde sipariş verirsen en geç bugün kargoda!,En Çok Satan 1. Ürün,https://cdn.dsmcdn.com/ty1918/prod/QC_PREP/20260512/12/01d5067c-a56a-3457-9a80-1577081a3ece/1_org_zoom.jpg,"{""Materyal"":""Ahşap"",""Renk"":""Siyah"",""Yükseklik"":""64 cm"",""Genişlik"":""49 cm"",""Derinlik"":""18 cm"",""Garanti Süresi"":""1 Yıl"",""Stil"":""Modern"",""Tema / Stil"":""Modern"",""Menşei"":""TR""}",20,5,refreshed,"[""daily_top""]",true,2026-08-19T10:00:54+03:00,0,"[""search_result_dom"",""product_detail_jsonld"",""product_detail_dom""]","{""title"":""observed"",""brand"":""observed"",""seller_name"":""observed"",""seller_score"":""observed"",""price"":""observed"",""original_price"":""observed"",""campaigns"":""observed"",""stock_status"":""observed"",""stock_signal"":""observed"",""rating"":""observed"",""rating_count"":""observed"",""review_count"":""observed"",""question_count"":""observed"",""delivery_summary"":""observed"",""shipping_cost"":""observed"",""properties"":""observed""}",true,
2026-08-19,2026-08-19T10:00:54+03:00,ev-yasam,BEST_SELLER,birlesik-ev-yasam,Trendyol seçili Ev & Yaşam kategorileri / En Çok Satan,107,5,107,107,,12,39.6,12.5,330080473,555137,Glamis Selen Concept El Yapımı Büyük Boy Cam Salata Kasesi,Glamis,Kase,https://www.trendyol.com/glamis/selen-concept-el-yapimi-buyuk-boy-cam-salata-kasesi-p-330080473?boutiqueId=61&merchantId=555137,SELEN CONCEPT,94,380.95,,,0,TRY,"[""Kargo Bedava"",""Trendyol Plus'a Özel""]",InStock,100 adetten fazla stok sunulmuştur,Son 3 günde 250+ ürün satıldı!,250,4.6,33292,21186,21186,535,3B kişinin sepetinde,"941,7B kişi favoriledi","Son 24 saatte 2,1B kişi görüntüledi",4999,TRY,0,,1,4,3 saat 48 dakika içinde sipariş verirsen en geç bugün kargoda!,En Çok Ziyaret Edilen 1. Ürün,https://cdn.dsmcdn.com/ty1813/prod/QC_ENRICHMENT/20260117/11/823b9031-484d-3a4d-b50b-23d411e06689/1_org_zoom.jpg,"{""Parça Sayısı"":""1 Parça"",""Hacim"":""2 L"",""Ürün Tipi"":""Salata Kasesi"",""Renk"":""Beyaz"",""Menşei"":""TR"",""Materyal"":""Cam"",""Bakım Talimatları (Gıda Temas)"":""Gıda ile temas güvenlidir."",""Gıda Temas Sembolü"":""Evet""}",20,5,refreshed,"[""daily_top""]",true,2026-08-19T10:00:54+03:00,0,"[""search_result_dom"",""product_detail_jsonld"",""product_detail_dom""]","{""title"":""observed"",""brand"":""observed"",""seller_name"":""observed"",""seller_score"":""observed"",""price"":""observed"",""original_price"":""unavailable"",""campaigns"":""observed"",""stock_status"":""observed"",""stock_signal"":""observed"",""rating"":""observed"",""rating_count"":""observed"",""review_count"":""observed"",""question_count"":""observed"",""delivery_summary"":""observed"",""shipping_cost"":""observed"",""properties"":""observed""}",true,
2026-08-19,2026-08-19T10:00:54+03:00,ev-yasam,BEST_SELLER,birlesik-ev-yasam,Trendyol seçili Ev & Yaşam kategorileri / En Çok Satan,108,5,108,108,7,,24,23.5,921095521,106771,Yataş Eco Dormy Full Kenar Sıvı Geçirmez Alez,Yataş,Alez,https://www.trendyol.com/yatas/eco-dormy-full-kenar-sivi-gecirmez-alez-p-921095521?boutiqueId=61&merchantId=106771,Yataş,,559.9,,,,TRY,"[""Kargo Bedava""]",InStock,100 adetten fazla stok sunulmuştur,Son 3 günde 250+ ürün satıldı!,250,4.5,567,238,,117,"1,5B kişinin sepetinde","24,7B kişi favoriledi","Son 24 saatte 1,3B kişi görüntüledi",4999,TRY,0,1,1,4,13 saat 48 dakika içinde sipariş verirsen en geç yarın kargoda!,En Çok Satan 7. Ürün,https://cdn.dsmcdn.com/ty1821/prod/QC_ENRICHMENT/20260209/15/a14fa66c-0f8a-34cd-bd1d-9c5543b8e17f/1_org_zoom.jpg,"{""Materyal"":""Polyester"",""Renk"":""Beyaz"",""Özellik"":""Su Geçirmez"",""Materyal Bileşeni"":""100% Polyester"",""Yıkama Talimatı"":""T44"",""Menşei"":""TR""}",20,5,refreshed,"[""daily_top""]",true,2026-08-19T10:00:54+03:00,0,"[""search_result_dom"",""product_detail_jsonld"",""product_detail_dom""]","{""title"":""observed"",""brand"":""observed"",""seller_name"":""observed"",""seller_score"":""unavailable"",""price"":""observed"",""original_price"":""unavailable"",""campaigns"":""observed"",""stock_status"":""observed"",""stock_signal"":""observed"",""rating"":""observed"",""rating_count"":""observed"",""review_count"":""observed"",""question_count"":""observed"",""delivery_summary"":""observed"",""shipping_cost"":""observed"",""properties"":""observed""}",true,
2026-08-19,2026-08-19T10:00:54+03:00,ev-yasam,BEST_SELLER,birlesik-ev-yasam,Trendyol seçili Ev & Yaşam kategorileri / En Çok Satan,109,5,109,109,,45,76.9,20.6,1103763527,1125221,Days In Colours Klimalı Silikon Yastık - DayCool Serisi - 800 Gram,Days In Colours,Yastık,https://www.trendyol.com/days-in-colours/klimali-silikon-yastik-daycool-serisi-800-gram-p-1103763527?boutiqueId=61&merchantId=1125221,Days In Colours,95,339,678,50,0,TRY,"[""Sepette %50 İndirim"",""Kargo Bedava""]",InStock,100 adetten fazla stok sunulmuştur,Son 3 günde 250+ ürün satıldı!,250,4.1,1028,539,2,142,2B kişinin sepetinde,"33,7B kişi favoriledi","Son 24 saatte 1,8B kişi görüntüledi",4999,TRY,0,,1,4,3 saat 47 dakika içinde sipariş verirsen en geç bugün kargoda!,En Çok Ziyaret Edilen 3. Ürün,https://cdn.dsmcdn.com/ty1842/prod/QC_ENRICHMENT/20260325/10/dae5a794-4c89-394d-a80e-f74826ae90a3/1_org_zoom.jpg,"{""Boyut/Ebat"":""50 x 70"",""Dış Materyal"":""Kapitone"",""Dolgu Materyali"":""Silikon"",""Renk"":""Beyaz"",""Özellik"":""Hava Geçirgen"",""Ağırlık"":""650 + gr"",""Yıkama Talimatı"":""https://cdn.dsmcdn.com/ty376/product/charts/carelabel/wash_at_30_delicate.jpg"",""Menşei"":""TR""}",20,5,refreshed,"[""daily_top""]",true,2026-08-19T10:00:54+03:00,0,"[""search_result_dom"",""product_detail_jsonld"",""product_detail_dom""]","{""title"":""observed"",""brand"":""observed"",""seller_name"":""observed"",""seller_score"":""observed"",""price"":""observed"",""original_price"":""observed"",""campaigns"":""observed"",""stock_status"":""observed"",""stock_signal"":""observed"",""rating"":""observed"",""rating_count"":""observed"",""review_count"":""observed"",""question_count"":""observed"",""delivery_summary"":""observed"",""shipping_cost"":""observed"",""properties"":""observed""}",true,
2026-08-19,2026-08-19T10:00:54+03:00,ev-yasam,BEST_SELLER,birlesik-ev-yasam,Trendyol seçili Ev & Yaşam kategorileri / En Çok Satan,110,5,110,110,6,55,25.3,23.2,951250177,1119408,"ARİFE HOME Sandalye Kılıfı ,lıkralı ,yıkanabılır 1 Adet vizon Renk Yüksek Kalite",ARİFE HOME,,https://www.trendyol.com/arife-home/sandalye-kilifi-likrali-yikanabilir-1-adet-vizon-renk-yuksek-kalite-p-951250177?boutiqueId=61&merchantId=1119408,ARİFE HOME,9,80.05,80.86,1,-1,TRY,"[""Sepette %1 İndirim"",""Kargo Bedava""]",InStock,100 adetten fazla stok sunulmuştur,Son 3 günde 250+ ürün satıldı!,250,4.7,259,,0,52,,"3,6B kişi favoriledi",,,,0,,,,47 dakika 56 saniye içinde sipariş verirsen en geç bugün kargoda!,,,{},0,,refreshed,"[""daily_top""]",true,2026-08-19T10:00:54+03:00,0,"[""search_result_dom"",""product_detail_jsonld"",""product_detail_dom""]","{""title"":""observed"",""brand"":""observed"",""seller_name"":""observed"",""seller_score"":""observed"",""price"":""observed"",""original_price"":""observed"",""campaigns"":""observed"",""stock_status"":""observed"",""stock_signal"":""observed"",""rating"":""observed"",""rating_count"":""observed"",""review_count"":""unavailable"",""question_count"":""observed"",""delivery_summary"":""observed"",""shipping_cost"":""unavailable"",""properties"":""observed""}",true,
2026-08-19,2026-08-19T10:00:54+03:00,ev-yasam,BEST_SELLER,birlesik-ev-yasam,Trendyol seçili Ev & Yaşam kategorileri / En Çok Satan,111,5,111,111,,63,26.5,21,1101256579,479640,"Higienox Olivia Träd Takı Standı, Takılık, Küpelik, Bileklik, Kolye Seti, Takı Dolabı Düzenleyici",Higienox,Makyaj Organizerı,https://www.trendyol.com/higienox/olivia-trad-taki-standi-takilik-kupelik-bileklik-kolye-seti-taki-dolabi-duzenleyici-p-1101256579?boutiqueId=61&merchantId=479640,Higienox,88,179.1,,,0,TRY,"[""Kargo Bedava"",""Trendyol Plus'a Özel""]",InStock,100 adetten fazla stok sunulmuştur,Son 3 günde 250+ ürün satıldı!,250,4.1,842,483,2,46,"4,7B kişinin sepetinde","89,4B kişi favoriledi","Son 24 saatte 3,6B kişi görüntüledi",4999,TRY,0,1,1,4,13 saat 47 dakika içinde sipariş verirsen en geç yarın kargoda!,En Çok Ziyaret Edilen 3. Ürün,https://cdn.dsmcdn.com/ty1835/prod/QC_ENRICHMENT/20260303/18/9e8a0766-98f9-32f6-a93b-65e2828ee9ee/1_org_zoom.jpg,"{""Parça Sayısı"":""2"",""Materyal"":""Plastik"",""Renk"":""Şeffaf"",""Menşei"":""TR"",""Bölme Sayısı"":""1""}",20,5,refreshed,"[""daily_top""]",true,2026-08-19T10:00:54+03:00,0,"[""search_result_dom"",""product_detail_jsonld"",""product_detail_dom""]","{""title"":""observed"",""brand"":""observed"",""seller_name"":""observed"",""seller_score"":""observed"",""price"":""observed"",""original_price"":""unavailable"",""campaigns"":""observed"",""stock_status"":""observed"",""stock_signal"":""observed"",""rating"":""observed"",""rating_count"":""observed"",""review_count"":""observed"",""question_count"":""observed"",""delivery_summary"":""observed"",""shipping_cost"":""observed"",""properties"":""observed""}",true,
2026-08-19,2026-08-19T10:00:54+03:00,ev-yasam,BEST_SELLER,birlesik-ev-yasam,Trendyol seçili Ev & Yaşam kategorileri / En Çok Satan,112,5,112,112,,,34,13.5,214070920,106771,Yataş Eco Touch Full Kenar Sıvı Geçirmez Alez,Yataş,Alez,https://www.trendyol.com/yatas/eco-touch-full-kenar-sivi-gecirmez-alez-p-214070920?boutiqueId=61&merchantId=106771,Yataş,,499.9,,,,TRY,"[""Kargo Bedava""]",InStock,50 adetten fazla stok sunulmuştur,Son 3 günde 250+ ürün satıldı!,250,4.4,8218,4178,,1022,"3,3B kişinin sepetinde","144,6B kişi favoriledi","Son 24 saatte 1,7B kişi görüntüledi",4999,TRY,0,1,1,4,13 saat 47 dakika içinde sipariş verirsen en geç yarın kargoda!,En Çok Ziyaret Edilen 3. Ürün,https://cdn.dsmcdn.com/ty1478/product/media/images/prod/QC/20240812/17/dcedc98a-3eb3-340f-b426-f2b51e62c235/1_org_zoom.jpg,"{""Materyal"":""Polyester"",""Renk"":""Beyaz"",""Özellik"":""Su Geçirmez"",""Materyal Bileşeni"":""85% Polyester, 15% Poliüretan"",""Yıkama Talimatı"":""T44"",""Paket İçeriği"":""1'li"",""Menşei"":""TR""}",20,5,refreshed,"[""daily_top""]",true,2026-08-19T10:00:54+03:00,0,"[""search_result_dom"",""product_detail_jsonld"",""product_detail_dom""]","{""title"":""observed"",""brand"":""observed"",""seller_name"":""observed"",""seller_score"":""unavailable"",""price"":""observed"",""original_price"":""unavailable"",""campaigns"":""observed"",""stock_status"":""observed"",""stock_signal"":""observed"",""rating"":""observed"",""rating_count"":""observed"",""review_count"":""observed"",""question_count"":""observed"",""delivery_summary"":""observed"",""shipping_cost"":""observed"",""properties"":""observed""}",true,
2026-08-19,2026-08-19T10:00:54+03:00,ev-yasam,BEST_SELLER,birlesik-ev-yasam,Trendyol seçili Ev & Yaşam kategorileri / En Çok Satan,113,5,113,113,9,66,23.9,23.6,991234148,208222,Kitchen Life 10 Adet 1000ml Kapaklı Derin Dondurucu Difriz Saklama Kabı - Buzdolabı Düzenleyici Buzluk Erzak Kabı,Kitchen Life,Saklama Kabı,https://www.trendyol.com/kitchen-life/10-adet-1000ml-kapakli-derin-dondurucu-difriz-saklama-kabi-buzdolabi-duzenleyici-buzluk-erzak-kabi-p-991234148?boutiqueId=61&merchantId=208222,Kitchen Life,10,189.9,,,0,TRY,"[""Kargo Bedava""]",InStock,100 adetten fazla stok sunulmuştur,Son 3 günde 250+ ürün satıldı!,250,4.2,487,230,10,14,"1,3B kişinin sepetinde","24,9B kişi favoriledi","Son 24 saatte 1,1B kişi görüntüledi",4999,TRY,0,,1,4,6 saat 47 dakika içinde sipariş verirsen en geç bugün kargoda!,En Çok Satan 9. Ürün,https://cdn.dsmcdn.com/ty1937/prod/QC_ENRICHMENT/20260728/15/ae1ab236-241b-3eba-829a-5e7cfb914db3/1_org_zoom.jpg,"{""Materyal"":""Plastik"",""Parça Sayısı"":""10"",""Renk"":""Şeffaf"",""Menşei"":""TR"",""Bakım Talimatları (Gıda Temas)"":""Ürünün kullanım ömrünü korumak için ürüne özel bakım talimatlarını takip ediniz.""}",20,5,refreshed,"[""daily_top""]",true,2026-08-19T10:00:54+03:00,0,"[""search_result_dom"",""product_detail_jsonld"",""product_detail_dom""]","{""title"":""observed"",""brand"":""observed"",""seller_name"":""observed"",""seller_score"":""observed"",""price"":""observed"",""original_price"":""unavailable"",""campaigns"":""observed"",""stock_status"":""observed"",""stock_signal"":""observed"",""rating"":""observed"",""rating_count"":""observed"",""review_count"":""observed"",""question_count"":""observed"",""delivery_summary"":""observed"",""shipping_cost"":""observed"",""properties"":""observed""}",true,
2026-08-19,2026-08-19T10:00:54+03:00,ev-yasam,BEST_SELLER,birlesik-ev-yasam,Trendyol seçili Ev & Yaşam kategorileri / En Çok Satan,114,5,114,114,1,68,28.8,18.7,939834801,152772,"ESTİ 6 Adet - 4 Lt Çok Amaçlı Dolap Içi Düzenleyici Kutu | Buzdolabı, Mutfak, Banyo, Makyaj Saklama Kabı",ESTİ,,https://www.trendyol.com/esti/6-adet-4-lt-cok-amacli-dolap-ici-duzenleyici-kutu-buzdolabi-mutfak-banyo-makyaj-saklama-kabi-p-939834801?boutiqueId=61&merchantId=152772,ESTİ,6,289.9,,,0,TRY,"[""Kargo Bedava"",""Trendyol Plus'a Özel""]",InStock,100 adetten fazla stok sunulmuştur,Son 3 günde 250+ ürün satıldı!,250,4.1,952,,0,58,"2,5B kişinin sepetinde","54,6B kişi favoriledi","Son 24 saatte 1,5B kişi görüntüledi",,,0,,,,13 saat 47 dakika içinde sipariş verirsen en geç yarın kargoda!,En Çok Satan 1. Ürün,,{},0,,refreshed,"[""daily_top""]",true,2026-08-19T10:00:54+03:00,0,"[""search_result_dom"",""product_detail_jsonld"",""product_detail_dom""]","{""title"":""observed"",""brand"":""observed"",""seller_name"":""observed"",""seller_score"":""observed"",""price"":""observed"",""original_price"":""unavailable"",""campaigns"":""observed"",""stock_status"":""observed"",""stock_signal"":""observed"",""rating"":""observed"",""rating_count"":""observed"",""review_count"":""unavailable"",""question_count"":""observed"",""delivery_summary"":""observed"",""shipping_cost"":""unavailable"",""properties"":""observed""}",true,
2026-08-19,2026-08-19T10:00:54+03:00,ev-yasam,BEST_SELLER,birlesik-ev-yasam,Trendyol seçili Ev & Yaşam kategorileri / En Çok Satan,115,5,115,115,,70,28.2,19.3,1051805192,737675,SUPERPUP STREÇ FOLYO RULO ORGANİZERİ 3 KATLI DÜZENLEYİCİ YAPIŞKANLI SAKLAMA KABI HEDİYELİ,SUPERPUP,Düzenleyici,https://www.trendyol.com/superpup/strec-folyo-rulo-organizeri-3-katli-duzenleyici-yapiskanli-saklama-kabi-hediyeli-p-1051805192?boutiqueId=61&merchantId=737675,SUPERPUP,,74.99,,,0,TRY,"[""Kargo Bedava""]",InStock,100 adetten fazla stok sunulmuştur,Son 3 günde 250+ ürün satıldı!,250,4.4,1648,789,4,59,"2,1B kişinin sepetinde","148,2B kişi favoriledi",Son 24 saatte 848 kişi görüntüledi,4999,TRY,0,1,1,4,13 saat 47 dakika içinde sipariş verirsen en geç yarın kargoda!,En Çok Favorilenen 1. Ürün,https://cdn.dsmcdn.com/ty1861/prod/QC_ENRICHMENT/20260427/18/08d7853a-77a2-383e-bfe4-cca4ab59dce5/1_org_zoom.jpg,"{""Parça Sayısı"":""2"",""Materyal"":""Plastik"",""Menşei"":""TR"",""Bakım Talimatları (Genel)"":""Nemli bir bezle silin."",""Renk"":""Beyaz""}",20,5,refreshed,"[""daily_top""]",true,2026-08-19T10:00:54+03:00,0,"[""search_result_dom"",""product_detail_jsonld"",""product_detail_dom""]","{""title"":""observed"",""brand"":""observed"",""seller_name"":""observed"",""seller_score"":""unavailable"",""price"":""observed"",""original_price"":""unavailable"",""campaigns"":""observed"",""stock_status"":""observed"",""stock_signal"":""observed"",""rating"":""observed"",""rating_count"":""observed"",""review_count"":""observed"",""question_count"":""observed"",""delivery_summary"":""observed"",""shipping_cost"":""observed"",""properties"":""observed""}",true,
2026-08-19,2026-08-19T10:00:54+03:00,ev-yasam,BEST_SELLER,birlesik-ev-yasam,Trendyol seçili Ev & Yaşam kategorileri / En Çok Satan,116,5,116,116,2,36,32.4,15.1,96419684,119640,Meleni Home 3'lü Set Katlanabilir Çamaşır Sepeti Katlanabilir Akordiyon Su Kovası,Meleni Home,Çamaşır Sepeti,https://www.trendyol.com/meleni-home/3-lu-set-katlanabilir-camasir-sepeti-katlanabilir-akordiyon-su-kovasi-p-96419684?boutiqueId=61&merchantId=119640,MeleniHome,87,549.9,,,0,TRY,"[""Kargo Bedava""]",InStock,100 adetten fazla stok sunulmuştur,Son 3 günde 250+ ürün satıldı!,250,4.5,4638,2649,2,174,"1,2B kişinin sepetinde","78,1B kişi favoriledi","Son 24 saatte 1,3B kişi görüntüledi",4999,TRY,0,2,1,6,Tahmini Teslim:,En Çok Satan 2. Ürün,https://cdn.dsmcdn.com/ty1001/product/media/images/prod/SPM/PIM/20230914/12/1b7d8606-17b1-380f-b9e3-9b1554fce067/1_org_zoom.jpg,"{""Materyal"":""Plastik"",""Renk"":""Gri"",""Hacim"":""26 L"",""Boyut/Ebat"":""55 x 35"",""Yıkama Talimatı"":""T101"",""Materyal Bileşeni"":""%30 Silikon, %70 Polipropilen"",""Menşei"":""TR""}",20,5,refreshed,"[""daily_top""]",true,2026-08-19T10:00:54+03:00,0,"[""search_result_dom"",""product_detail_jsonld"",""product_detail_dom""]","{""title"":""observed"",""brand"":""observed"",""seller_name"":""observed"",""seller_score"":""observed"",""price"":""observed"",""original_price"":""unavailable"",""campaigns"":""observed"",""stock_status"":""observed"",""stock_signal"":""observed"",""rating"":""observed"",""rating_count"":""observed"",""review_count"":""observed"",""question_count"":""observed"",""delivery_summary"":""observed"",""shipping_cost"":""observed"",""properties"":""observed""}",true,
2026-08-19,2026-08-19T10:00:54+03:00,ev-yasam,BEST_SELLER,birlesik-ev-yasam,Trendyol seçili Ev & Yaşam kategorileri / En Çok Satan,117,5,117,117,,24,33.2,14.3,864018959,113025,Raschel Carpet Krem Yumuşak Bubble Kaymaz Özel Taban Peluş Halı Yolluk,Raschel Carpet,Halı,https://www.trendyol.com/raschel-carpet/krem-yumusak-bubble-kaymaz-ozel-taban-pelus-hali-yolluk-p-864018959?boutiqueId=61&merchantId=113025,Balat Halı,85,99.9,,,-70.5,TRY,"[""125 TL Kupon"",""Kargo Bedava"",""Trendyol Plus'a Özel""]",InStock,100 adetten fazla stok sunulmuştur,Son 3 günde 250+ ürün satıldı!,250,4,5346,3356,1,1903,"3,9B kişinin sepetinde","214,6B kişi favoriledi","Son 24 saatte 3,1B kişi görüntüledi",4999,TRY,0,,1,4,,En Çok Favorilenen 2. Ürün,https://cdn.dsmcdn.com/ty1582/prod/QC/20241010/22/2b1de4bd-8db5-3b2e-a698-131289342c45/1_org_zoom.jpg,"{""Özellik"":""Kaymaz Taban"",""Materyal"":""Polyester"",""Tema / Stil"":""Modern"",""Renk"":""Bej"",""Üretim Şekli"":""Makine Halısı"",""Taban"":""Jel"",""Şekil"":""Dikdörtgen"",""Hav Yüksekliği"":""Kalın (12 mm +)"",""Kullanım Alanı"":""Salon / Oturma Odası"",""Saçak Tipi"":""Saçaksız (Overlok)"",""Menşei"":""TR"",""Paket Yükseklik"":""49 cm"",""Paket Derinlik"":""49 cm"",""Paket Genişlik"":""49 cm""}",20,5,refreshed,"[""daily_top""]",true,2026-08-19T10:00:54+03:00,0,"[""search_result_dom"",""product_detail_jsonld"",""product_detail_dom""]","{""title"":""observed"",""brand"":""observed"",""seller_name"":""observed"",""seller_score"":""observed"",""price"":""observed"",""original_price"":""unavailable"",""campaigns"":""observed"",""stock_status"":""observed"",""stock_signal"":""observed"",""rating"":""observed"",""rating_count"":""observed"",""review_count"":""observed"",""question_count"":""observed"",""delivery_summary"":""unavailable"",""shipping_cost"":""observed"",""properties"":""observed""}",true,
2026-08-19,2026-08-19T10:00:54+03:00,ev-yasam,BEST_SELLER,birlesik-ev-yasam,Trendyol seçili Ev & Yaşam kategorileri / En Çok Satan,118,5,118,118,1,30,29.1,18.4,1045490651,107143,Decorev Renkli Desenli 2’li Metal Patates Soğan Saklama Kabı Seti DC-6766,Decorev,Sebzelik,https://www.trendyol.com/decorev/renkli-desenli-2-li-metal-patates-sogan-saklama-kabi-seti-dc-6766-p-1045490651?boutiqueId=61&merchantId=107143,Decorev,,499,,,0,TRY,"[""Kargo Bedava""]",InStock,100 adetten fazla stok sunulmuştur,Son 3 günde 250+ ürün satıldı!,250,4.7,1817,1025,6,156,"2,3B kişinin sepetinde","100,3B kişi favoriledi","Son 24 saatte 3,5B kişi görüntüledi",4999,TRY,0,,1,4,2 saat 47 dakika içinde sipariş verirsen en geç bugün kargoda!,En Çok Satan 1. Ürün,https://cdn.dsmcdn.com/ty1944/prod/QC_ENRICHMENT/20260818/16/52e969da-06e7-31e9-8a4c-ae82a880f191/1_org_zoom.jpg,"{""Boyut/Ebat"":""20 x 25"",""Materyal"":""Metal"",""Menşei"":""TR"",""Gıda Temas Sembolü"":""Evet"",""Bakım Talimatları (Gıda Temas)"":""Elde yıkanmalıdır.""}",20,5,refreshed,"[""daily_top""]",true,2026-08-19T10:00:54+03:00,0,"[""search_result_dom"",""product_detail_jsonld"",""product_detail_dom""]","{""title"":""observed"",""brand"":""observed"",""seller_name"":""observed"",""seller_score"":""unavailable"",""price"":""observed"",""original_price"":""unavailable"",""campaigns"":""observed"",""stock_status"":""observed"",""stock_signal"":""observed"",""rating"":""observed"",""rating_count"":""observed"",""review_count"":""observed"",""question_count"":""observed"",""delivery_summary"":""observed"",""shipping_cost"":""observed"",""properties"":""observed""}",true,
2026-08-19,2026-08-19T10:00:54+03:00,ev-yasam,BEST_SELLER,birlesik-ev-yasam,Trendyol seçili Ev & Yaşam kategorileri / En Çok Satan,119,5,119,119,2,52,37.2,15.3,956302339,556699,Genel Markalar Sevimli Kahve Köşesi 4’lü Biblo Seti Sorelis - Kahve Çekirdeği - Moka Pot - Kupa - Bardak Dekoratif,Genel Markalar,Dekoratif Obje Biblo,https://www.trendyol.com/genel-markalar/sevimli-kahve-kosesi-4-lu-biblo-seti-sorelis-kahve-cekirdegi-moka-pot-kupa-bardak-dekoratif-p-956302339?boutiqueId=61&merchantId=556699,Rubatrend Kozmetik,91,42.75,45,5,1.8,TRY,"[""Sepette %5 İndirim"",""Kargo Bedava""]",InStock,100 adetten fazla stok sunulmuştur,Son 3 günde 250+ ürün satıldı!,250,4.2,4522,2533,0,230,"1,9B kişinin sepetinde","166,2B kişi favoriledi","Son 24 saatte 1,7B kişi görüntüledi",4999,TRY,0,2,1,6,13 saat 47 dakika içinde sipariş verirsen en geç yarın kargoda!,En Çok Satan 2. Ürün,https://cdn.dsmcdn.com/ty1934/prod/QC_ENRICHMENT/20260702/15/c32137e2-7696-3c09-bd71-8670833e0f28/1_org_zoom.jpg,"{""Materyal"":""Plastik"",""Renk"":""Siyah"",""Boyut/Ebat"":""Tek Ebat"",""Parça Sayısı"":""4"",""Tema / Stil"":""Modern"",""Menşei"":""TR""}",20,5,refreshed,"[""daily_top""]",true,2026-08-19T10:00:54+03:00,0,"[""search_result_dom"",""product_detail_jsonld"",""product_detail_dom""]","{""title"":""observed"",""brand"":""observed"",""seller_name"":""observed"",""seller_score"":""observed"",""price"":""observed"",""original_price"":""observed"",""campaigns"":""observed"",""stock_status"":""observed"",""stock_signal"":""observed"",""rating"":""observed"",""rating_count"":""observed"",""review_count"":""observed"",""question_count"":""observed"",""delivery_summary"":""observed"",""shipping_cost"":""observed"",""properties"":""observed""}",true,
2026-08-19,2026-08-19T10:00:54+03:00,ev-yasam,BEST_SELLER,birlesik-ev-yasam,Trendyol seçili Ev & Yaşam kategorileri / En Çok Satan,120,5,120,120,3,,32.6,14.9,848128572,152772,ESTİ 24 Adet - Ahşap Görünümlü Plastik A Kalite Elbise Askısı Ahşap Renk,ESTİ,,https://www.trendyol.com/esti/24-adet-ahsap-gorunumlu-plastik-a-kalite-elbise-askisi-ahsap-renk-p-848128572?boutiqueId=61&merchantId=152772,ESTİ,24,519.99,,,,TRY,"[""Kargo Bedava"",""Trendyol Plus'a Özel""]",InStock,100 adetten fazla stok sunulmuştur,Son 3 günde 250+ ürün satıldı!,250,4.3,2808,,,122,"1,1B kişinin sepetinde","43,8B kişi favoriledi",Son 24 saatte 825 kişi görüntüledi,,,0,,,,13 saat 47 dakika içinde sipariş verirsen en geç yarın kargoda!,,,{},0,,refreshed,"[""daily_top""]",true,2026-08-19T10:00:54+03:00,0,"[""search_result_dom"",""product_detail_jsonld"",""product_detail_dom""]","{""title"":""observed"",""brand"":""observed"",""seller_name"":""observed"",""seller_score"":""observed"",""price"":""observed"",""original_price"":""unavailable"",""campaigns"":""observed"",""stock_status"":""observed"",""stock_signal"":""observed"",""rating"":""observed"",""rating_count"":""observed"",""review_count"":""unavailable"",""question_count"":""observed"",""delivery_summary"":""observed"",""shipping_cost"":""unavailable"",""properties"":""observed""}",true,
2026-08-19,2026-08-19T10:00:54+03:00,ev-yasam,BEST_SELLER,sofra-mutfak,mutfak,1,3,121,121,2,77,29.4,18.1,1017995556,311492,KAMİZ Bohem Runner Masa Örtüsü Doğal Bej Modern Ev Dekoru Düğün Nişan Masa Örtüsü Çeyiz Seti %100 Pamuk,KAMİZ,,https://www.trendyol.com/kamiz/bohem-runner-masa-ortusu-dogal-bej-modern-ev-dekoru-dugun-nisan-masa-ortusu-ceyiz-seti-100-pamuk-p-1017995556?boutiqueId=61&merchantId=311492,KAMİZ,,299.9,,,50,TRY,"[""Kargo Bedava"",""Trendyol Plus'a Özel""]",InStock,100 adetten fazla stok sunulmuştur,Son 3 günde 250+ ürün satıldı!,250,4.5,1127,,0,123,"2,2B kişinin sepetinde","148,2B kişi favoriledi",Son 24 saatte 2B kişi görüntüledi,,,0,,,,1 saat 47 dakika içinde sipariş verirsen en geç bugün kargoda!,En Çok Satan 2. Ürün,,{},0,,refreshed,"[""daily_top"",""hot_change""]",true,2026-08-19T10:00:54+03:00,0,"[""search_result_dom"",""product_detail_jsonld"",""product_detail_dom""]","{""title"":""observed"",""brand"":""observed"",""seller_name"":""observed"",""seller_score"":""unavailable"",""price"":""observed"",""original_price"":""unavailable"",""campaigns"":""observed"",""stock_status"":""observed"",""stock_signal"":""observed"",""rating"":""observed"",""rating_count"":""observed"",""review_count"":""unavailable"",""question_count"":""observed"",""delivery_summary"":""observed"",""shipping_cost"":""unavailable"",""properties"":""observed""}",true,
2026-08-19,2026-08-19T10:00:54+03:00,ev-yasam,BEST_SELLER,sofra-mutfak,mutfak,2,3,122,122,2,,35,12.5,834301623,311243,Vienev 12'li Hava Geçirmez Saklama Kabı Seti Antrasit 3x(250-500-750-1200 ML),Vienev,,https://www.trendyol.com/vienev/12-li-hava-gecirmez-saklama-kabi-seti-antrasit-3x-250-500-750-1200-ml-p-834301623?boutiqueId=61&merchantId=311243,Vienev,12,199,,,,TRY,"[""Kargo Bedava""]",InStock,100 adetten fazla stok sunulmuştur,Son 3 günde 250+ ürün satıldı!,250,4.3,5701,,,183,"1,7B kişinin sepetinde","180,5B kişi favoriledi","Son 24 saatte 1,8B kişi görüntüledi",,,0,,,,13 saat 47 dakika içinde sipariş verirsen en geç yarın kargoda!,En Çok Favorilenen 9. Ürün,,{},0,,refreshed,"[""daily_top""]",true,2026-08-19T10:00:54+03:00,0,"[""search_result_dom"",""product_detail_jsonld"",""product_detail_dom""]","{""title"":""observed"",""brand"":""observed"",""seller_name"":""observed"",""seller_score"":""observed"",""price"":""observed"",""original_price"":""unavailable"",""campaigns"":""observed"",""stock_status"":""observed"",""stock_signal"":""observed"",""rating"":""observed"",""rating_count"":""observed"",""review_count"":""unavailable"",""question_count"":""observed"",""delivery_summary"":""observed"",""shipping_cost"":""unavailable"",""properties"":""observed""}",true,
2026-08-19,2026-08-19T10:00:54+03:00,ev-yasam,BEST_SELLER,sofra-mutfak,mutfak,3,3,123,123,5,,30.5,17,925327042,180667,"Nandy Home 3 Parça Çekmece İçi, Kaşıklık ve Bıçaklık Organizer",Nandy Home,,https://www.trendyol.com/nandy-home/3-parca-cekmece-ici-kasiklik-ve-bicaklik-organizer-p-925327042?boutiqueId=61&merchantId=180667,Nandy Home,3,137.3,,,,TRY,"[""Kargo Bedava""]",InStock,100 adetten fazla stok sunulmuştur,Son 3 günde 250+ ürün satıldı!,250,4.6,1521,,,61,757 kişinin sepetinde,"55,5B kişi favoriledi","Son 24 saatte 1,2B kişi görüntüledi",,,0,,,,13 saat 47 dakika içinde sipariş verirsen en geç yarın kargoda!,En Çok Satan 5. Ürün,,{},0,,refreshed,"[""daily_top""]",true,2026-08-19T10:00:54+03:00,0,"[""search_result_dom"",""product_detail_jsonld"",""product_detail_dom""]","{""title"":""observed"",""brand"":""observed"",""seller_name"":""observed"",""seller_score"":""observed"",""price"":""observed"",""original_price"":""unavailable"",""campaigns"":""observed"",""stock_status"":""observed"",""stock_signal"":""observed"",""rating"":""observed"",""rating_count"":""observed"",""review_count"":""unavailable"",""question_count"":""observed"",""delivery_summary"":""observed"",""shipping_cost"":""unavailable"",""properties"":""observed""}",true,
2026-08-19,2026-08-19T10:00:54+03:00,ev-yasam,BEST_SELLER,sofra-mutfak,mutfak,4,3,124,124,2,45,29.4,18.1,1047748911,231141,ATA HOME 4 Adet Yapışkanlı Banyo Ve Mutfak Askılık Kolay Montajlı Askı Banyo Düzenleyici Duvar Dolap Askısı,ATA HOME,,https://www.trendyol.com/ata-home/4-adet-yapiskanli-banyo-ve-mutfak-askilik-kolay-montajli-aski-banyo-duzenleyici-duvar-dolap-askisi-p-1047748911?boutiqueId=61&merchantId=231141,ATA HOME,4,154.4,,,0,TRY,"[""Kargo Bedava""]",InStock,100 adetten fazla stok sunulmuştur,Son 3 günde 250+ ürün satıldı!,250,4.1,1121,,0,60,"1,8B kişinin sepetinde","47,8B kişi favoriledi","Son 24 saatte 1,1B kişi görüntüledi",,,0,,,,3 saat 47 dakika içinde sipariş verirsen en geç bugün kargoda!,En Çok Ziyaret Edilen 4. Ürün,,{},0,,refreshed,"[""daily_top""]",true,2026-08-19T10:00:54+03:00,0,"[""search_result_dom"",""product_detail_jsonld"",""product_detail_dom""]","{""title"":""observed"",""brand"":""observed"",""seller_name"":""observed"",""seller_score"":""observed"",""price"":""observed"",""original_price"":""unavailable"",""campaigns"":""observed"",""stock_status"":""observed"",""stock_signal"":""observed"",""rating"":""observed"",""rating_count"":""observed"",""review_count"":""unavailable"",""question_count"":""observed"",""delivery_summary"":""observed"",""shipping_cost"":""unavailable"",""properties"":""observed""}",true,
2026-08-19,2026-08-19T10:00:54+03:00,ev-yasam,BEST_SELLER,sofra-mutfak,mutfak,5,5,125,125,2,,31.7,5.6,774582206,155934,BRITA Maxtra Pro Kireç Uzmanı Yedek Su Arıtma Filtresi 6'lı,BRITA,Sürahi & Karaf,https://www.trendyol.com/brita/maxtra-pro-kirec-uzmani-yedek-su-aritma-filtresi-6-li-p-774582206?boutiqueId=61&merchantId=155934,BRITA,,1278,1378,7.3,,TRY,"[""Kargo Bedava"",""Sepette %1 İndirim"",""Peşin Fiyatına 3 Taksit""]",InStock,100 adetten fazla stok sunulmuştur,,,4.7,2830,1126,,214,460 kişinin sepetinde,"17,2B kişi favoriledi",Son 24 saatte 487 kişi görüntüledi,4999,TRY,0,,1,4,1 saat 47 dakika içinde sipariş verirsen en geç bugün kargoda!,En Çok Satan 2. Ürün,https://cdn.dsmcdn.com/ty1790/prod/QC_ENRICHMENT/20251115/09/61ccce49-94cf-33d7-ba58-99318a4143a3/1_org_zoom.jpg,"{""Renk"":""Beyaz"",""Hacim"":""150 L"",""Parça Sayısı"":""1 Parça"",""Özellik"":""BPA Free"",""Menşei"":""DE"",""Materyal"":""Plastik"",""Bakım Talimatları (Gıda Temas)"":""Dondurucuda saklanamaz.""}",20,5,refreshed,"[""daily_top""]",true,2026-08-19T10:00:54+03:00,0,"[""search_result_dom"",""product_detail_jsonld"",""product_detail_dom""]","{""title"":""observed"",""brand"":""observed"",""seller_name"":""observed"",""seller_score"":""unavailable"",""price"":""observed"",""original_price"":""observed"",""campaigns"":""observed"",""stock_status"":""observed"",""stock_signal"":""observed"",""rating"":""observed"",""rating_count"":""observed"",""review_count"":""observed"",""question_count"":""observed"",""delivery_summary"":""observed"",""shipping_cost"":""observed"",""properties"":""observed""}",true,
2026-08-19,2026-08-19T10:00:54+03:00,ev-yasam,BEST_SELLER,sofra-mutfak,mutfak,6,5,126,126,4,,38,2,893257930,915146,AKSESUAR EVRENİ Anter 6 Lı Takım Paslanmaz Kahve Ve Çok Amaçlı Sunum Tepsisi Kare Taşlı Model Dekoratif Tepsi,AKSESUAR EVRENİ,,https://www.trendyol.com/aksesuar-evreni/anter-6-li-takim-paslanmaz-kahve-ve-cok-amacli-sunum-tepsisi-kare-tasli-model-dekoratif-tepsi-p-893257930?boutiqueId=61&merchantId=915146,Aksesuar Evreni,87,418.5,465,10,,TRY,"[""Sepette %10 İndirim"",""Kargo Bedava""]",InStock,100 adetten fazla stok sunulmuştur,,,4.2,3143,,,281,"3,1B kişinin sepetinde","196,7B kişi favoriledi","Son 24 saatte 1,7B kişi görüntüledi",,,0,,,,13 saat 47 dakika içinde sipariş verirsen en geç yarın kargoda!,En Çok Satan 4. Ürün,,{},0,,refreshed,"[""daily_top""]",true,2026-08-19T10:00:54+03:00,0,"[""search_result_dom"",""product_detail_jsonld"",""product_detail_dom""]","{""title"":""observed"",""brand"":""observed"",""seller_name"":""observed"",""seller_score"":""observed"",""price"":""observed"",""original_price"":""observed"",""campaigns"":""observed"",""stock_status"":""observed"",""stock_signal"":""observed"",""rating"":""observed"",""rating_count"":""observed"",""review_count"":""unavailable"",""question_count"":""observed"",""delivery_summary"":""observed"",""shipping_cost"":""unavailable"",""properties"":""observed""}",true,
2026-08-19,2026-08-19T10:00:54+03:00,ev-yasam,BEST_SELLER,sofra-mutfak,mutfak,7,5,127,127,3,26,13.5,16.5,1163778739,693895,Leila Kristal Mika Sunum Tepsisi - Pirinç Kaplama Metal Kulplu Şeffaf Organizer 25x21 cm,Leila,,https://www.trendyol.com/leila/kristal-mika-sunum-tepsisi-pirinc-kaplama-metal-kulplu-seffaf-organizer-25x21-cm-p-1163778739?boutiqueId=61&merchantId=693895,Leila Home,86,327.29,,,-6.2,TRY,"[""Kargo Bedava""]",InStock,100 adetten fazla stok sunulmuştur,,,3.9,48,,0,14,1B kişinin sepetinde,"9,9B kişi favoriledi","Son 24 saatte 1,6B kişi görüntüledi",,,0,,,,13 saat 47 dakika içinde sipariş verirsen en geç yarın kargoda!,,,{},0,,refreshed,"[""daily_top""]",true,2026-08-19T10:00:54+03:00,0,"[""search_result_dom"",""product_detail_jsonld"",""product_detail_dom""]","{""title"":""observed"",""brand"":""observed"",""seller_name"":""observed"",""seller_score"":""observed"",""price"":""observed"",""original_price"":""unavailable"",""campaigns"":""observed"",""stock_status"":""observed"",""stock_signal"":""observed"",""rating"":""observed"",""rating_count"":""observed"",""review_count"":""unavailable"",""question_count"":""observed"",""delivery_summary"":""observed"",""shipping_cost"":""unavailable"",""properties"":""observed""}",true,
2026-08-19,2026-08-19T10:00:54+03:00,ev-yasam,BEST_SELLER,sofra-mutfak,mutfak,8,5,128,128,1,,27.6,2.4,465925156,638780,BEYZANA Gerçek Döküm Narenciye Limon Sıkacağı,BEYZANA,Limon Sıkacağı,https://www.trendyol.com/beyzana/gercek-dokum-narenciye-limon-sikacagi-p-465925156?boutiqueId=61&merchantId=638780,BEYZANA,,179.99,,,,TRY,"[""Kargo Bedava""]",InStock,100 adetten fazla stok sunulmuştur,,,4.4,5091,2778,,134,2B kişinin sepetinde,"102,5B kişi favoriledi",Son 24 saatte 558 kişi görüntüledi,4999,TRY,0,1,1,4,13 saat 47 dakika içinde sipariş verirsen en geç yarın kargoda!,En Çok Satan 1. Ürün,https://cdn.dsmcdn.com/ty1641/prod/QC/20250224/09/d70fd76f-7717-34ba-a02e-afa56c3a645d/1_org_zoom.jpg,"{""Menşei"":""CN"",""Materyal"":""Döküm"",""Bakım Talimatları (Gıda Temas)"":""Ürünün kullanım ömrünü korumak için ürüne özel bakım talimatlarını takip ediniz."",""Gıda Temas Sembolü"":""Evet""}",20,5,refreshed,"[""daily_top""]",true,2026-08-19T10:00:54+03:00,0,"[""search_result_dom"",""product_detail_jsonld"",""product_detail_dom""]","{""title"":""observed"",""brand"":""observed"",""seller_name"":""observed"",""seller_score"":""unavailable"",""price"":""observed"",""original_price"":""unavailable"",""campaigns"":""observed"",""stock_status"":""observed"",""stock_signal"":""observed"",""rating"":""observed"",""rating_count"":""observed"",""review_count"":""observed"",""question_count"":""observed"",""delivery_summary"":""observed"",""shipping_cost"":""observed"",""properties"":""observed""}",true,
2026-08-19,2026-08-19T10:00:54+03:00,ev-yasam,BEST_SELLER,sofra-mutfak,mutfak,9,5,129,129,4,55,24.2,5.8,758637638,311243,"Vienev 2'li Deterjan Etiketli 5,5 Litre Strip Mega Boy Deterjan Saklama Kutusu Antrasit",Vienev,Saklama Kutusu,https://www.trendyol.com/vienev/2-li-deterjan-etiketli-5-5-litre-strip-mega-boy-deterjan-saklama-kutusu-antrasit-p-758637638?boutiqueId=61&merchantId=311243,Vienev,2,198.9,,,-0.5,TRY,"[""Kargo Bedava"",""Trendyol Plus'a Özel""]",InStock,100 adetten fazla stok sunulmuştur,,,4.6,2102,1058,4,144,"1,1B kişinin sepetinde","54,9B kişi favoriledi","Son 24 saatte 1,5B kişi görüntüledi",4999,TRY,0,1,1,4,13 saat 47 dakika içinde sipariş verirsen en geç yarın kargoda!,En Çok Satan 4. Ürün,https://cdn.dsmcdn.com/ty1785/prod/QC_ENRICHMENT/20251106/15/38199318-b9b0-353d-b881-3aaeb9d8beb2/1_org_zoom.jpg,"{""Materyal"":""Plastik"",""Parça Sayısı"":""2"",""Boyut/Ebat"":""50 x 70"",""Renk"":""Gri"",""Materyal Bileşeni"":""%100 Plastik"",""Menşei"":""TR""}",20,5,refreshed,"[""daily_top""]",true,2026-08-19T10:00:54+03:00,0,"[""search_result_dom"",""product_detail_jsonld"",""product_detail_dom""]","{""title"":""observed"",""brand"":""observed"",""seller_name"":""observed"",""seller_score"":""observed"",""price"":""observed"",""original_price"":""unavailable"",""campaigns"":""observed"",""stock_status"":""observed"",""stock_signal"":""observed"",""rating"":""observed"",""rating_count"":""observed"",""review_count"":""observed"",""question_count"":""observed"",""delivery_summary"":""observed"",""shipping_cost"":""observed"",""properties"":""observed""}",true,
2026-08-19,2026-08-19T10:00:54+03:00,ev-yasam,BEST_SELLER,sofra-mutfak,mutfak,10,5,130,130,,,17.7,12.3,900939589,1075329,Fresh Moon Gri Yağdanlık Ucu 2'li Akıtmaz Kapaklı Şişe Tıpası Silikon Yağ Dökme Ağızlığı Set Mutfak,Fresh Moon,Yağdanlık,https://www.trendyol.com/fresh-moon/gri-yagdanlik-ucu-2-li-akitmaz-kapakli-sise-tipasi-silikon-yag-dokme-agizligi-set-mutfak-p-900939589?boutiqueId=61&merchantId=1075329,Fresh Moon,96,41.42,,,,TRY,"[""Kargo Bedava"",""Trendyol Plus'a Özel""]",InStock,100 adetten fazla stok sunulmuştur,,,4.5,359,161,,47,,"9,3B kişi favoriledi",,4999,TRY,0,,1,4,4 saat 47 dakika içinde sipariş verirsen en geç bugün kargoda!,,https://cdn.dsmcdn.com/ty1636/prod/QC/20250217/15/0ed85c04-139e-3d8f-b8b0-d4c80947b849/1_org_zoom.jpg,"{""Renk"":""Gri"",""Hacim"":""0,5 ml"",""Parça Sayısı"":""2"",""Menşei"":""TR"",""Bakım Talimatları (Gıda Temas)"":""Gıda ile temas güvenlidir."",""Gıda Temas Sembolü"":""Hayır""}",20,5,refreshed,"[""daily_top""]",true,2026-08-19T10:00:54+03:00,0,"[""search_result_dom"",""product_detail_jsonld"",""product_detail_dom""]","{""title"":""observed"",""brand"":""observed"",""seller_name"":""observed"",""seller_score"":""observed"",""price"":""observed"",""original_price"":""unavailable"",""campaigns"":""observed"",""stock_status"":""observed"",""stock_signal"":""observed"",""rating"":""observed"",""rating_count"":""observed"",""review_count"":""observed"",""question_count"":""observed"",""delivery_summary"":""observed"",""shipping_cost"":""observed"",""properties"":""observed""}",true,
2026-08-19,2026-08-19T10:00:54+03:00,ev-yasam,BEST_SELLER,sofra-mutfak,mutfak,11,5,131,131,3,,26,4,728635981,748843,color house 11'li Set Modüler Mutfaklarda Çekmece Içi Kaşıklık Organizer Düzenleyici Şeffaf,color house,,https://www.trendyol.com/color-house/11-li-set-moduler-mutfaklarda-cekmece-ici-kasiklik-organizer-duzenleyici-seffaf-p-728635981?boutiqueId=61&merchantId=748843,COLOR HOUSE,95,640,,,,TRY,"[""Kargo Bedava""]",InStock,100 adetten fazla stok sunulmuştur,,,4.8,1768,,,502,2B kişinin sepetinde,"108,6B kişi favoriledi","Son 24 saatte 1,9B kişi görüntüledi",,,0,,,,47 dakika 24 saniye içinde sipariş verirsen en geç bugün kargoda!,En Çok Ziyaret Edilen 3. Ürün,,{},0,,refreshed,"[""daily_top""]",true,2026-08-19T10:00:54+03:00,0,"[""search_result_dom"",""product_detail_jsonld"",""product_detail_dom""]","{""title"":""observed"",""brand"":""observed"",""seller_name"":""observed"",""seller_score"":""observed"",""price"":""observed"",""original_price"":""unavailable"",""campaigns"":""observed"",""stock_status"":""observed"",""stock_signal"":""observed"",""rating"":""observed"",""rating_count"":""observed"",""review_count"":""unavailable"",""question_count"":""observed"",""delivery_summary"":""observed"",""shipping_cost"":""unavailable"",""properties"":""observed""}",true,
2026-08-19,2026-08-19T10:00:54+03:00,ev-yasam,BEST_SELLER,sofra-mutfak,mutfak,12,5,132,132,,,8.9,21.1,1173937767,693895,Leila 4'lü Metal Dolap İçi Düzenleyici Raf Mutfak-Dolap Tabak-Bardak Organizeri Raf Yükseltici,Leila,Dolap İçi Düzenleyici,https://www.trendyol.com/leila/4-lu-metal-dolap-ici-duzenleyici-raf-mutfak-dolap-tabak-bardak-organizeri-raf-yukseltici-p-1173937767?boutiqueId=61&merchantId=693895,Leila Home,86,435,,,,TRY,"[""Kargo Bedava""]",InStock,100 adetten fazla stok sunulmuştur,,,4.8,13,12,,4,546 kişinin sepetinde,"2,2B kişi favoriledi",Son 24 saatte 994 kişi görüntüledi,4999,TRY,0,1,1,4,13 saat 47 dakika içinde sipariş verirsen en geç yarın kargoda!,,https://cdn.dsmcdn.com/ty1913/prod/QC_PREP/20260720/18/f0ad1059-c1f1-3f76-84ea-6704b200bc68/1_org_zoom.jpg,"{""Parça Sayısı"":""4"",""Materyal"":""Metal"",""Renk"":""Beyaz"",""Materyal Bileşeni"":""Plastik"",""Menşei"":""TR"",""Persona"":""Minimal comfort""}",12,4.75,refreshed,"[""daily_top""]",true,2026-08-19T10:00:54+03:00,0,"[""search_result_dom"",""product_detail_jsonld"",""product_detail_dom""]","{""title"":""observed"",""brand"":""observed"",""seller_name"":""observed"",""seller_score"":""observed"",""price"":""observed"",""original_price"":""unavailable"",""campaigns"":""observed"",""stock_status"":""observed"",""stock_signal"":""observed"",""rating"":""observed"",""rating_count"":""observed"",""review_count"":""observed"",""question_count"":""observed"",""delivery_summary"":""observed"",""shipping_cost"":""observed"",""properties"":""observed""}",true,
2026-08-19,2026-08-19T10:00:54+03:00,ev-yasam,BEST_SELLER,sofra-mutfak,mutfak,13,5,133,133,2,,19.8,10.2,1090347398,1183705,Mim Life Çift Taraflı Uzayabilen Pratik Çekmece İçi Kaşıklık Organizer Çekmece Düzenleyici,Mim Life,,https://www.trendyol.com/mim-life/cift-tarafli-uzayabilen-pratik-cekmece-ici-kasiklik-organizer-cekmece-duzenleyici-p-1090347398?boutiqueId=61&merchantId=1183705,Kitchen Madame,81,299,,,,TRY,"[""Kargo Bedava""]",InStock,100 adetten fazla stok sunulmuştur,,,4,300,,,185,"1,5B kişinin sepetinde","30,3B kişi favoriledi","Son 24 saatte 1,9B kişi görüntüledi",,,0,,,,13 saat 47 dakika içinde sipariş verirsen en geç yarın kargoda!,En Çok Ziyaret Edilen 2. Ürün,,{},0,,refreshed,"[""daily_top""]",true,2026-08-19T10:00:54+03:00,0,"[""search_result_dom"",""product_detail_jsonld"",""product_detail_dom""]","{""title"":""observed"",""brand"":""observed"",""seller_name"":""observed"",""seller_score"":""observed"",""price"":""observed"",""original_price"":""unavailable"",""campaigns"":""observed"",""stock_status"":""observed"",""stock_signal"":""observed"",""rating"":""observed"",""rating_count"":""observed"",""review_count"":""unavailable"",""question_count"":""observed"",""delivery_summary"":""observed"",""shipping_cost"":""unavailable"",""properties"":""observed""}",true,
2026-08-19,2026-08-19T10:00:54+03:00,ev-yasam,BEST_SELLER,sofra-mutfak,mutfak,14,5,134,134,3,,22.9,7.1,744624798,311243,Vienev Beyaz Serigrafi Etiketli 14lü Luna Baharatlık,Vienev,Baharatlık,https://www.trendyol.com/vienev/beyaz-serigrafi-etiketli-14lu-luna-baharatlik-p-744624798?boutiqueId=61&merchantId=311243,Vienev,,198.9,,,,TRY,"[""Kargo Bedava"",""Trendyol Plus'a Özel""]",InStock,100 adetten fazla stok sunulmuştur,,,4.4,1642,726,,223,"1,2B kişinin sepetinde","27,3B kişi favoriledi","Son 24 saatte 1,4B kişi görüntüledi",4999,TRY,0,2,1,6,13 saat 47 dakika içinde sipariş verirsen en geç yarın kargoda!,En Çok Satan 3. Ürün,https://cdn.dsmcdn.com/ty1172/product/media/images/prod/SPM/PIM/20240216/13/ea7a23bc-925b-35a9-a653-7788253d8e67/1_org_zoom.jpg,"{""Hacim"":""450 ml"",""Parça Sayısı"":""14"",""Menşei"":""UM"",""Materyal"":""Plastik""}",20,5,refreshed,"[""daily_top""]",true,2026-08-19T10:00:54+03:00,0,"[""search_result_dom"",""product_detail_jsonld"",""product_detail_dom""]","{""title"":""observed"",""brand"":""observed"",""seller_name"":""observed"",""seller_score"":""unavailable"",""price"":""observed"",""original_price"":""unavailable"",""campaigns"":""observed"",""stock_status"":""observed"",""stock_signal"":""observed"",""rating"":""observed"",""rating_count"":""observed"",""review_count"":""observed"",""question_count"":""observed"",""delivery_summary"":""observed"",""shipping_cost"":""observed"",""properties"":""observed""}",true,
2026-08-19,2026-08-19T10:00:54+03:00,ev-yasam,BEST_SELLER,sofra-mutfak,mutfak,15,5,135,135,3,61,27.2,2.8,950691327,618092,VİGENTİNO 6'lı Abs Dekoratif Gold Kaplama Şekerlik Kase 6'lı Makaronluk Kahve Yanı Sunumluk Lokumluk,VİGENTİNO,,https://www.trendyol.com/vigentino/6-li-abs-dekoratif-gold-kaplama-sekerlik-kase-6-li-makaronluk-kahve-yani-sunumluk-lokumluk-p-950691327?boutiqueId=61&merchantId=618092,VİGENTİNO,6,175.88,,,9.9,TRY,"[""Kargo Bedava""]",InStock,100 adetten fazla stok sunulmuştur,,,3.8,2478,,0,81,"2,2B kişinin sepetinde","128,3B kişi favoriledi","Son 24 saatte 1,2B kişi görüntüledi",,,0,,,,5 saat 47 dakika içinde sipariş verirsen en geç bugün kargoda!,En Çok Satan 3. Ürün,,{},0,,refreshed,"[""daily_top""]",true,2026-08-19T10:00:54+03:00,0,"[""search_result_dom"",""product_detail_jsonld"",""product_detail_dom""]","{""title"":""observed"",""brand"":""observed"",""seller_name"":""observed"",""seller_score"":""observed"",""price"":""observed"",""original_price"":""unavailable"",""campaigns"":""observed"",""stock_status"":""observed"",""stock_signal"":""observed"",""rating"":""observed"",""rating_count"":""observed"",""review_count"":""unavailable"",""question_count"":""observed"",""delivery_summary"":""observed"",""shipping_cost"":""unavailable"",""properties"":""observed""}",true,
2026-08-19,2026-08-19T10:00:54+03:00,ev-yasam,BEST_SELLER,sofra-mutfak,mutfak,16,5,136,136,,,21.1,8.9,1040976392,779837,kumsal home züccaciye LÜX OVAL 6LI PASLANMAZ ÇELİK SÖZ NİŞAN SUNUM ÇAY VE DEKORATİF TEPSİ,kumsal home züccaciye,Tepsi,https://www.trendyol.com/kumsal-home-zuccaciye/lux-oval-6li-paslanmaz-celik-soz-nisan-sunum-cay-ve-dekoratif-tepsi-p-1040976392?boutiqueId=61&merchantId=779837,Bambi Mutfak,83,290,,,,TRY,"[""Kargo Bedava""]",InStock,100 adetten fazla stok sunulmuştur,,,4.5,869,432,,82,"2,4B kişinin sepetinde","60,5B kişi favoriledi","Son 24 saatte 1,9B kişi görüntüledi",4999,TRY,0,1,1,4,13 saat 47 dakika içinde sipariş verirsen en geç yarın kargoda!,En Çok Ziyaret Edilen 5. Ürün,https://cdn.dsmcdn.com/ty1779/prod/QC_PREP/20251024/21/58bfeac7-e4bd-367a-8311-c631e736d197/1_org_zoom.jpg,"{""Materyal"":""Metal"",""Renk"":""Metalik"",""Boyut/Ebat"":""20 x 25"",""Parça Sayısı"":""6"",""Menşei"":""TR"",""Gıda Temas Sembolü"":""Evet"",""Bakım Talimatları (Gıda Temas)"":""Bulaşık makinesinde yıkanabilir.""}",20,5,refreshed,"[""daily_top""]",true,2026-08-19T10:00:54+03:00,0,"[""search_result_dom"",""product_detail_jsonld"",""product_detail_dom""]","{""title"":""observed"",""brand"":""observed"",""seller_name"":""observed"",""seller_score"":""observed"",""price"":""observed"",""original_price"":""unavailable"",""campaigns"":""observed"",""stock_status"":""observed"",""stock_signal"":""observed"",""rating"":""observed"",""rating_count"":""observed"",""review_count"":""observed"",""question_count"":""observed"",""delivery_summary"":""observed"",""shipping_cost"":""observed"",""properties"":""observed""}",true,
2026-08-19,2026-08-19T10:00:54+03:00,ev-yasam,BEST_SELLER,sofra-mutfak,mutfak,17,5,137,137,1,3,8.6,21.4,1137615320,106951,Mudo Concept SARDINE BARDAK 510 ML,Mudo Concept,Bardak,https://www.trendyol.com/mudo-concept/sardine-bardak-510-ml-p-1137615320?boutiqueId=61&merchantId=106951,Mudo Home,8,189.99,,,0,TRY,"[""Kargo Bedava"",""Trendyol Plus'a Özel""]",InStock,100 adetten fazla stok sunulmuştur,,,4.9,33,11,0,,358 kişinin sepetinde,"3,9B kişi favoriledi",Son 24 saatte 378 kişi görüntüledi,4999,TRY,0,3,1,7,Tahmini Teslim:,En Çok Satan 1. Ürün,https://cdn.dsmcdn.com/ty1857/prod/QC_PREP/20260424/09/6905ea50-5414-3ccf-bbc1-2a663d330f61/1_org_zoom.jpg,"{""Materyal"":""Cam"",""Parça Sayısı"":""1"",""Renk"":""Çok Renkli"",""Hacim"":""510 ml"",""Özellik"":""Elde Yıkanabilir"",""Ürün Tipi"":""Meşrubat Bardağı"",""Menşei"":""TR"",""Gıda Temas Sembolü"":""Evet"",""Bakım Talimatları (Gıda Temas)"":""Elde yıkanmalıdır.""}",11,4.73,refreshed,"[""daily_top""]",true,2026-08-19T10:00:54+03:00,0,"[""search_result_dom"",""product_detail_jsonld"",""product_detail_dom""]","{""title"":""observed"",""brand"":""observed"",""seller_name"":""observed"",""seller_score"":""observed"",""price"":""observed"",""original_price"":""unavailable"",""campaigns"":""observed"",""stock_status"":""observed"",""stock_signal"":""observed"",""rating"":""observed"",""rating_count"":""observed"",""review_count"":""observed"",""question_count"":""unavailable"",""delivery_summary"":""observed"",""shipping_cost"":""observed"",""properties"":""observed""}",true,
2026-08-19,2026-08-19T10:00:54+03:00,ev-yasam,BEST_SELLER,sofra-mutfak,mutfak,18,5,138,138,5,57,14.6,15.4,1147234666,797678,OTEXSA Püsküllü Bohem Üçgen Runner Kare Dokulu Dekoratif Masa Örtüsü Ekru,OTEXSA,Runner & Amerikan Servisi,https://www.trendyol.com/otexsa/puskullu-bohem-ucgen-runner-kare-dokulu-dekoratif-masa-ortusu-ekru-p-1147234666?boutiqueId=61&merchantId=797678,OTEXSA,95,166.37,,,0,TRY,"[""Sepette %1 İndirim"",""Kargo Bedava"",""Trendyol Plus'a Özel""]",InStock,100 adetten fazla stok sunulmuştur,,,4.6,136,66,2,5,"2,1B kişinin sepetinde","14,9B kişi favoriledi","Son 24 saatte 1,4B kişi görüntüledi",4999,TRY,0,,1,4,3 saat 47 dakika içinde sipariş verirsen en geç bugün kargoda!,En Çok Satan 5. Ürün,https://cdn.dsmcdn.com/ty1931/prod/QC_ENRICHMENT/20260607/17/84b951b0-5a5b-3585-ba0b-ade169123c19/1_org_zoom.jpg,"{""Boyut/Ebat"":""40 x 110"",""Şekil"":""Oval"",""Renk"":""Ekru"",""Materyal"":""Pamuklu"",""Parça Sayısı"":""1"",""Materyal Bileşeni"":""%100 Pamuk"",""Menşei"":""TR"",""Bakım Talimatları (Genel)"":""Ürünün kullanım ömrünü korumak için ürüne özel bakım talimatlarını takip ediniz.""}",20,5,refreshed,"[""daily_top""]",true,2026-08-19T10:00:54+03:00,0,"[""search_result_dom"",""product_detail_jsonld"",""product_detail_dom""]","{""title"":""observed"",""brand"":""observed"",""seller_name"":""observed"",""seller_score"":""observed"",""price"":""observed"",""original_price"":""unavailable"",""campaigns"":""observed"",""stock_status"":""observed"",""stock_signal"":""observed"",""rating"":""observed"",""rating_count"":""observed"",""review_count"":""observed"",""question_count"":""observed"",""delivery_summary"":""observed"",""shipping_cost"":""observed"",""properties"":""observed""}",true,
2026-08-19,2026-08-19T10:00:54+03:00,ev-yasam,BEST_SELLER,sofra-mutfak,mutfak,19,5,139,139,2,56,34.5,5.5,869855044,106777,Bella Maison Juno Kurulama Bezi 3'lü Hardal (45x65 cm),Bella Maison,,https://www.trendyol.com/bella-maison/juno-kurulama-bezi-3-lu-hardal-45x65-cm-p-869855044?boutiqueId=61&merchantId=106777,Bella Maison,,179.99,199.99,10,0,TRY,"[""Kargo Bedava""]",InStock,100 adetten fazla stok sunulmuştur,,,4.7,1146,,0,10,"2,4B kişinin sepetinde","70,2B kişi favoriledi",Son 24 saatte 715 kişi görüntüledi,,,0,,,,Tahmini Teslim:,En Çok Satan 2. Ürün,,{},0,,refreshed,"[""daily_top""]",true,2026-08-19T10:00:54+03:00,0,"[""search_result_dom"",""product_detail_jsonld"",""product_detail_dom""]","{""title"":""observed"",""brand"":""observed"",""seller_name"":""observed"",""seller_score"":""unavailable"",""price"":""observed"",""original_price"":""observed"",""campaigns"":""observed"",""stock_status"":""observed"",""stock_signal"":""observed"",""rating"":""observed"",""rating_count"":""observed"",""review_count"":""unavailable"",""question_count"":""observed"",""delivery_summary"":""observed"",""shipping_cost"":""unavailable"",""properties"":""observed""}",true,
2026-08-19,2026-08-19T10:00:54+03:00,ev-yasam,BEST_SELLER,sofra-mutfak,mutfak,20,5,140,140,9,-92,32.4,0,852565593,311492,KAMİZ Fırfırlı Keten Runner 40x110,KAMİZ,,https://www.trendyol.com/kamiz/firfirli-keten-runner-40x110-p-852565593?boutiqueId=61&merchantId=311492,KAMİZ,,129.9,,,0,TRY,"[""Kargo Bedava""]",InStock,100 adetten fazla stok sunulmuştur,,,4.6,11155,,0,497,"2,1B kişinin sepetinde","248,2B kişi favoriledi","Son 24 saatte 1,6B kişi görüntüledi",,,0,,,,1 saat 47 dakika içinde sipariş verirsen en geç bugün kargoda!,,,{},0,,refreshed,"[""daily_top"",""hot_change""]",true,2026-08-19T10:00:54+03:00,0,"[""search_result_dom"",""product_detail_jsonld"",""product_detail_dom""]","{""title"":""observed"",""brand"":""observed"",""seller_name"":""observed"",""seller_score"":""unavailable"",""price"":""observed"",""original_price"":""unavailable"",""campaigns"":""observed"",""stock_status"":""observed"",""stock_signal"":""observed"",""rating"":""observed"",""rating_count"":""observed"",""review_count"":""unavailable"",""question_count"":""observed"",""delivery_summary"":""observed"",""shipping_cost"":""unavailable"",""properties"":""observed""}",true,
2026-08-19,2026-08-19T10:00:54+03:00,ev-yasam,BEST_SELLER,sofra-mutfak,mutfak,21,5,141,141,2,,25.5,4.5,725567180,609933,Solingen 3’lü Micro Doğrama Bıçağı,Solingen,Bıçak ve Bıçak Seti,https://www.trendyol.com/solingen/3-lu-micro-dograma-bicagi-p-725567180?boutiqueId=61&merchantId=609933,SOLİNGENWORLD,95,197,,,,TRY,"[""Kargo Bedava""]",InStock,50 adetten fazla stok sunulmuştur,,,4.4,2942,1542,,299,988 kişinin sepetinde,"46,5B kişi favoriledi",Son 24 saatte 626 kişi görüntüledi,4999,TRY,0,1,1,4,13 saat 47 dakika içinde sipariş verirsen en geç yarın kargoda!,En Çok Satan 2. Ürün,https://cdn.dsmcdn.com/ty1663/prod/QC/20250414/14/c4aeacc9-b630-3313-a35f-62729146d87c/1_org_zoom.jpg,"{""Materyal"":""Paslanmaz Çelik"",""Parça Sayısı"":""3"",""Ürün Tipi"":""Belirtilmemiş"",""Menşei"":""TR"",""Bakım Talimatları (Gıda Temas)"":""Elde yıkanmalıdır."",""Gıda Temas Sembolü"":""Evet""}",20,5,refreshed,"[""daily_top""]",true,2026-08-19T10:00:54+03:00,0,"[""search_result_dom"",""product_detail_jsonld"",""product_detail_dom""]","{""title"":""observed"",""brand"":""observed"",""seller_name"":""observed"",""seller_score"":""observed"",""price"":""observed"",""original_price"":""unavailable"",""campaigns"":""observed"",""stock_status"":""observed"",""stock_signal"":""observed"",""rating"":""observed"",""rating_count"":""observed"",""review_count"":""observed"",""question_count"":""observed"",""delivery_summary"":""observed"",""shipping_cost"":""observed"",""properties"":""observed""}",true,
2026-08-19,2026-08-19T10:00:54+03:00,ev-yasam,BEST_SELLER,sofra-mutfak,mutfak,22,5,142,142,3,,16.6,13.4,742275975,246399,Genel Markalar 1 ADET Sızdırmaz Kapaklı Şişe Tıpası Yağdanlık Ucu 1x Gri,Genel Markalar,Yağdanlık,https://www.trendyol.com/genel-markalar/1-adet-sizdirmaz-kapakli-sise-tipasi-yagdanlik-ucu-1x-gri-p-742275975?boutiqueId=61&merchantId=246399,Koza Gift,88,11.9,,,,TRY,"[""Kargo Bedava""]",InStock,100 adetten fazla stok sunulmuştur,,,4.1,235,118,,22,,"3,3B kişi favoriledi",,4999,TRY,0,,1,4,13 saat 47 dakika içinde sipariş verirsen en geç yarın kargoda!,En Çok Satan 3. Ürün,https://cdn.dsmcdn.com/ty1795/prod/QC_ENRICHMENT/20251203/23/7ee1d08d-60e6-30b7-aa87-5bea10d5b9e8/1_org_zoom.jpg,"{""Renk"":""Gri"",""Hacim"":""0 - 249 ml"",""Parça Sayısı"":""3"",""Menşei"":""TR"",""Bakım Talimatları (Gıda Temas)"":""Gıda ile temas güvenlidir.""}",20,5,refreshed,"[""daily_top""]",true,2026-08-19T10:00:54+03:00,0,"[""search_result_dom"",""product_detail_jsonld"",""product_detail_dom""]","{""title"":""observed"",""brand"":""observed"",""seller_name"":""observed"",""seller_score"":""observed"",""price"":""observed"",""original_price"":""unavailable"",""campaigns"":""observed"",""stock_status"":""observed"",""stock_signal"":""observed"",""rating"":""observed"",""rating_count"":""observed"",""review_count"":""observed"",""question_count"":""observed"",""delivery_summary"":""observed"",""shipping_cost"":""observed"",""properties"":""observed""}",true,
2026-08-19,2026-08-19T10:00:54+03:00,ev-yasam,BEST_SELLER,sofra-mutfak,mutfak,23,5,143,143,,-115,23.5,6.5,94776163,448850,vipgross Kapak Içi Kesim Panoluk Magazinlik/panoluk,vipgross,Dolap İçi Düzenleyici,https://www.trendyol.com/vipgross/kapak-ici-kesim-panoluk-magazinlik-panoluk-p-94776163?boutiqueId=61&merchantId=448850,vipgross,,284.99,,,0,TRY,"[""Kargo Bedava"",""Trendyol Plus'a Özel""]",InStock,100 adetten fazla stok sunulmuştur,,,4.6,1854,863,5,103,"3,9B kişinin sepetinde",282B kişi favoriledi,"Son 24 saatte 1,8B kişi görüntüledi",4999,TRY,0,1,1,4,13 saat 47 dakika içinde sipariş verirsen en geç yarın kargoda!,En Çok Favorilenen 4. Ürün,https://cdn.dsmcdn.com/ty667/product/media/images/20221229/18/248813535/158038247/1/1_org_zoom.jpg,"{""Materyal"":""Metal"",""Boyut/Ebat"":""35 x 50"",""Renk"":""Siyah"",""Menşei"":""TR""}",20,5,refreshed,"[""daily_top"",""hot_change""]",true,2026-08-19T10:00:54+03:00,0,"[""search_result_dom"",""product_detail_jsonld"",""product_detail_dom""]","{""title"":""observed"",""brand"":""observed"",""seller_name"":""observed"",""seller_score"":""unavailable"",""price"":""observed"",""original_price"":""unavailable"",""campaigns"":""observed"",""stock_status"":""observed"",""stock_signal"":""observed"",""rating"":""observed"",""rating_count"":""observed"",""review_count"":""observed"",""question_count"":""observed"",""delivery_summary"":""observed"",""shipping_cost"":""observed"",""properties"":""observed""}",true,
2026-08-19,2026-08-19T10:00:54+03:00,ev-yasam,BEST_SELLER,sofra-mutfak,mutfak,24,5,144,144,2,,17.7,12.3,1047740949,1117104,Ezupack Bride To Be Parti Kadeh Şampanya Bardağı 6'lı Bekarlığa Veda Partisi Bardak Dövmesiz,Ezupack,Kadeh,https://www.trendyol.com/ezupack/bride-to-be-parti-kadeh-sampanya-bardagi-6-li-bekarliga-veda-partisi-bardak-dovmesiz-p-1047740949?boutiqueId=61&merchantId=1117104,Ezupack,,128.58,,,,TRY,"[""Kargo Bedava"",""Trendyol Plus'a Özel""]",InStock,100 adetten fazla stok sunulmuştur,,,4,278,164,,19,383 kişinin sepetinde,"19,5B kişi favoriledi",Son 24 saatte 360 kişi görüntüledi,4999,TRY,0,,1,4,47 dakika 4 saniye içinde sipariş verirsen en geç bugün kargoda!,En Çok Satan 2. Ürün,https://cdn.dsmcdn.com/ty1785/prod/QC_PREP/20251111/15/1eb0b95e-f119-3010-a0a8-b849d540b6f7/1_org_zoom.jpg,"{""Parça Sayısı"":""6"",""Ürün Tipi"":""Şampanya Kadehi"",""Menşei"":""TR""}",20,5,refreshed,"[""daily_top""]",true,2026-08-19T10:00:54+03:00,0,"[""search_result_dom"",""product_detail_jsonld"",""product_detail_dom""]","{""title"":""observed"",""brand"":""observed"",""seller_name"":""observed"",""seller_score"":""unavailable"",""price"":""observed"",""original_price"":""unavailable"",""campaigns"":""observed"",""stock_status"":""observed"",""stock_signal"":""observed"",""rating"":""observed"",""rating_count"":""observed"",""review_count"":""observed"",""question_count"":""observed"",""delivery_summary"":""observed"",""shipping_cost"":""observed"",""properties"":""observed""}",true,
2026-08-19,2026-08-19T10:00:54+03:00,ev-yasam,BEST_SELLER,sofra-mutfak,mutfak,25,5,145,145,,,28.5,1.5,784234180,808355,"OFFBOX 6 Adet 12 Parça 3,2 Litre Mega Boy Dikdörtgen Erzak Bakliyat Saklama Kabı Seti 20 Etiket Hediyeli",OFFBOX,Saklama Kabı,https://www.trendyol.com/offbox/6-adet-12-parca-3-2-litre-mega-boy-dikdortgen-erzak-bakliyat-saklama-kabi-seti-20-etiket-hediyeli-p-784234180?boutiqueId=61&merchantId=808355,OFFBOX,6,295.92,,,,TRY,"[""Kargo Bedava""]",InStock,100 adetten fazla stok sunulmuştur,,,4.8,6583,3698,,715,555 kişinin sepetinde,77B kişi favoriledi,Son 24 saatte 769 kişi görüntüledi,4999,TRY,0,1,1,4,13 saat 47 dakika içinde sipariş verirsen en geç yarın kargoda!,,https://cdn.dsmcdn.com/ty1592/prod/QC/20241022/16/5f7526ab-adb0-3428-aa48-2fec92585df3/1_org_zoom.jpg,"{""Materyal"":""Plastik"",""Parça Sayısı"":""12"",""Renk"":""Gri"",""Hacim"":""3,2 L"",""Menşei"":""TR"",""Bakım Talimatları (Gıda Temas)"":""Gıda ile temas güvenlidir."",""Gıda Temas Sembolü"":""Evet""}",20,5,refreshed,"[""daily_top""]",true,2026-08-19T10:00:54+03:00,0,"[""search_result_dom"",""product_detail_jsonld"",""product_detail_dom""]","{""title"":""observed"",""brand"":""observed"",""seller_name"":""observed"",""seller_score"":""observed"",""price"":""observed"",""original_price"":""unavailable"",""campaigns"":""observed"",""stock_status"":""observed"",""stock_signal"":""observed"",""rating"":""observed"",""rating_count"":""observed"",""review_count"":""observed"",""question_count"":""observed"",""delivery_summary"":""observed"",""shipping_cost"":""observed"",""properties"":""observed""}",true,
2026-08-19,2026-08-19T10:00:54+03:00,ev-yasam,BEST_SELLER,sofra-mutfak,mutfak,26,5,146,146,8,43,17.1,12.9,778559577,380979,AYGÖREN HOME Paspas Süpürge Fırça Ve Mop Askısı Sap Tutucu Mutfak Banyo Askı,AYGÖREN HOME,Banyo Askısı,https://www.trendyol.com/aygoren-home/paspas-supurge-firca-ve-mop-askisi-sap-tutucu-mutfak-banyo-aski-p-778559577?boutiqueId=61&merchantId=380979,Mutlu Pastacılık ve Malzemeleri,89,23.52,,,26,TRY,"[""Kargo Bedava""]",InStock,100 adetten fazla stok sunulmuştur,,,3.6,338,138,0,9,642 kişinin sepetinde,"16,8B kişi favoriledi",,4999,TRY,0,,1,4,47 dakika 1 saniye içinde sipariş verirsen en geç bugün kargoda!,En Çok Satan 8. Ürün,https://cdn.dsmcdn.com/ty1036/product/media/images/prod/SPM/PIM/20231108/23/37ae16d6-0158-3096-917f-4dac025b6888/1_org_zoom.jpg,"{""Renk"":""Gri"",""Menşei"":""CN"",""Bakım Talimatları (Genel)"":""Ürünün kullanım ömrünü korumak için ürüne özel bakım talimatlarını takip ediniz.""}",20,5,refreshed,"[""daily_top""]",true,2026-08-19T10:00:54+03:00,0,"[""search_result_dom"",""product_detail_jsonld"",""product_detail_dom""]","{""title"":""observed"",""brand"":""observed"",""seller_name"":""observed"",""seller_score"":""observed"",""price"":""observed"",""original_price"":""unavailable"",""campaigns"":""observed"",""stock_status"":""observed"",""stock_signal"":""observed"",""rating"":""observed"",""rating_count"":""observed"",""review_count"":""observed"",""question_count"":""observed"",""delivery_summary"":""observed"",""shipping_cost"":""observed"",""properties"":""observed""}",true,
2026-08-19,2026-08-19T10:00:54+03:00,ev-yasam,BEST_SELLER,sofra-mutfak,mutfak,27,5,147,147,,51,26.6,3.4,836302820,550676,zabata Siyah 2 Adet 3 katlı Tabaklık Dolap Içi Düzenleyici Organizer Tezgah Banyo Tabak Bardak Düzenleme,zabata,Dolap İçi Düzenleyici,https://www.trendyol.com/zabata/siyah-2-adet-3-katli-tabaklik-dolap-ici-duzenleyici-organizer-tezgah-banyo-tabak-bardak-duzenleme-p-836302820?boutiqueId=61&merchantId=550676,Zabata Türkiye,94,349,,,0,TRY,"[""Kargo Bedava""]",InStock,100 adetten fazla stok sunulmuştur,,,4.4,4397,2099,4,190,"2,1B kişinin sepetinde","221,7B kişi favoriledi","Son 24 saatte 1,6B kişi görüntüledi",4999,TRY,0,,1,4,46 dakika 59 saniye içinde sipariş verirsen en geç bugün kargoda!,En Çok Favorilenen 8. Ürün,https://cdn.dsmcdn.com/ty1362/product/media/images/prod/QC/20240614/10/f123b67b-b2db-3771-983f-1cd230e12f73/1_org_zoom.jpg,"{""Parça Sayısı"":""2"",""Materyal"":""Metal"",""Boyut/Ebat"":""21 x 95"",""Renk"":""Siyah"",""Materyal Bileşeni"":""Elektrostatik Boya"",""Menşei"":""TR""}",20,5,refreshed,"[""daily_top""]",true,2026-08-19T10:00:54+03:00,0,"[""search_result_dom"",""product_detail_jsonld"",""product_detail_dom""]","{""title"":""observed"",""brand"":""observed"",""seller_name"":""observed"",""seller_score"":""observed"",""price"":""observed"",""original_price"":""unavailable"",""campaigns"":""observed"",""stock_status"":""observed"",""stock_signal"":""observed"",""rating"":""observed"",""rating_count"":""observed"",""review_count"":""observed"",""question_count"":""observed"",""delivery_summary"":""observed"",""shipping_cost"":""observed"",""properties"":""observed""}",true,
2026-08-19,2026-08-19T10:00:54+03:00,ev-yasam,BEST_SELLER,sofra-mutfak,mutfak,28,5,148,148,6,,11.2,18.8,1145348699,831576,Lorente Home Liora Kahverengi Sisal Hasır Toz Vermez Kaymaz Taban Balkon Bahçe Mutfak Halısı 1911,Lorente Home,,https://www.trendyol.com/lorente-home/liora-kahverengi-sisal-hasir-toz-vermez-kaymaz-taban-balkon-bahce-mutfak-halisi-1911-p-1145348699?boutiqueId=61&merchantId=831576,Lorente Home,,342.4,,,,TRY,"[""Kargo Bedava"",""Trendyol Plus'a Özel""]",InStock,100 adetten fazla stok sunulmuştur,,,4.8,24,,,12,"1,1B kişinin sepetinde","5,1B kişi favoriledi","Son 24 saatte 2,3B kişi görüntüledi",,,0,,,,Tahmini Teslim:,En Çok Satan 6. Ürün,,{},0,,refreshed,"[""daily_top""]",true,2026-08-19T10:00:54+03:00,0,"[""search_result_dom"",""product_detail_jsonld"",""product_detail_dom""]","{""title"":""observed"",""brand"":""observed"",""seller_name"":""observed"",""seller_score"":""unavailable"",""price"":""observed"",""original_price"":""unavailable"",""campaigns"":""observed"",""stock_status"":""observed"",""stock_signal"":""observed"",""rating"":""observed"",""rating_count"":""observed"",""review_count"":""unavailable"",""question_count"":""observed"",""delivery_summary"":""observed"",""shipping_cost"":""unavailable"",""properties"":""observed""}",true,
2026-08-19,2026-08-19T10:00:54+03:00,ev-yasam,BEST_SELLER,banyo,banyo,1,3,149,149,2,-116,25.8,4.2,990051366,979142,Havalı Tasarım Dekoratif Fırsat Set 5 Parça Standlı,Havalı Tasarım,,https://www.trendyol.com/havali-tasarim/dekoratif-firsat-set-5-parca-standli-p-990051366?boutiqueId=61&merchantId=979142,Havalı Tasarım AYB,82,154.45,,,14.1,TRY,"[""Kargo Bedava""]",InStock,100 adetten fazla stok sunulmuştur,,,4.1,1670,,0,136,"3,1B kişinin sepetinde",79B kişi favoriledi,"Son 24 saatte 1,3B kişi görüntüledi",,,0,,,,13 saat 46 dakika içinde sipariş verirsen en geç yarın kargoda!,En Çok Satan 2. Ürün,,{},0,,refreshed,"[""daily_top"",""hot_change""]",true,2026-08-19T10:00:54+03:00,0,"[""search_result_dom"",""product_detail_jsonld"",""product_detail_dom""]","{""title"":""observed"",""brand"":""observed"",""seller_name"":""observed"",""seller_score"":""observed"",""price"":""observed"",""original_price"":""unavailable"",""campaigns"":""observed"",""stock_status"":""observed"",""stock_signal"":""observed"",""rating"":""observed"",""rating_count"":""observed"",""review_count"":""unavailable"",""question_count"":""observed"",""delivery_summary"":""observed"",""shipping_cost"":""unavailable"",""properties"":""observed""}",true,
2026-08-19,2026-08-19T10:00:54+03:00,ev-yasam,BEST_SELLER,banyo,banyo,2,3,150,150,,-100,27.2,2.8,323093117,113341,Ersan Dizayn 180X60 Altın Oval Ayaklı Ayna,Ersan Dizayn,Ayna,https://www.trendyol.com/ersan-dizayn/180x60-altin-oval-ayakli-ayna-p-323093117?boutiqueId=61&merchantId=113341,ERSAN DİZAYN,84,1457,,,-5.4,TRY,"[""Kargo Bedava"",""Peşin Fiyatına 3 Taksit"",""Trendyol Plus'a Özel""]",InStock,100 adetten fazla stok sunulmuştur,,,4.7,4119,2486,-1,650,"1,1B kişinin sepetinde","112,7B kişi favoriledi","Son 24 saatte 2,8B kişi görüntüledi",4999,TRY,0,3,1,7,Tahmini Teslim:,,https://cdn.dsmcdn.com/ty1715/prod/QC_ENRICHMENT/20250722/10/d782292e-fdb6-3c98-9988-7d85f3a48ba9/1_org_zoom.jpg,"{""Materyal"":""Metal"",""Renk"":""Altın"",""Parça Sayısı"":""1"",""Şekil"":""Oval"",""Çeşit"":""Ayaklı Boy Aynası"",""Menşei"":""TR"",""Özellik"":""Ayaklı""}",20,5,refreshed,"[""daily_top"",""hot_change""]",true,2026-08-19T10:00:54+03:00,0,"[""search_result_dom"",""product_detail_jsonld"",""product_detail_dom""]","{""title"":""observed"",""brand"":""observed"",""seller_name"":""observed"",""seller_score"":""observed"",""price"":""observed"",""original_price"":""unavailable"",""campaigns"":""observed"",""stock_status"":""observed"",""stock_signal"":""observed"",""rating"":""observed"",""rating_count"":""observed"",""review_count"":""observed"",""question_count"":""observed"",""delivery_summary"":""observed"",""shipping_cost"":""observed"",""properties"":""observed""}",true,
2026-08-19,2026-08-19T10:00:54+03:00,ev-yasam,BEST_SELLER,banyo,banyo,3,3,151,151,9,36,22.7,7.3,934136617,109472,"Sas Haus 10 Adet 7x7cm Yedek Süper Güçlü Yapışkanlı Askı, 20KG Banyo - Mutfak Raf Tutucu Sticker, Delmesiz",Sas Haus,,https://www.trendyol.com/sas-haus/10-adet-7x7cm-yedek-super-guclu-yapiskanli-aski-20kg-banyo-mutfak-raf-tutucu-sticker-delmesiz-p-934136617?boutiqueId=61&merchantId=109472,SASGLOBAL,93,149.7,,,0,TRY,"[""Kargo Bedava""]",InStock,100 adetten fazla stok sunulmuştur,,,4.3,694,,0,53,"1,1B kişinin sepetinde","18,6B kişi favoriledi",Son 24 saatte 575 kişi görüntüledi,,,0,,,,5 saat 46 dakika içinde sipariş verirsen en geç bugün kargoda!,En Çok Satan 9. Ürün,,{},0,,refreshed,"[""daily_top""]",true,2026-08-19T10:00:54+03:00,0,"[""search_result_dom"",""product_detail_jsonld"",""product_detail_dom""]","{""title"":""observed"",""brand"":""observed"",""seller_name"":""observed"",""seller_score"":""observed"",""price"":""observed"",""original_price"":""unavailable"",""campaigns"":""observed"",""stock_status"":""observed"",""stock_signal"":""observed"",""rating"":""observed"",""rating_count"":""observed"",""review_count"":""unavailable"",""question_count"":""observed"",""delivery_summary"":""observed"",""shipping_cost"":""unavailable"",""properties"":""observed""}",true,
2026-08-19,2026-08-19T10:00:54+03:00,ev-yasam,BEST_SELLER,banyo,banyo,4,3,152,152,8,-115,18,12,1053971598,1193904,Çiçek 3’lü Mini Yapay Bitki Seti – Dekoratif Saksılı Modern Masa Üstü,Çiçek,Yapay Çiçek,https://www.trendyol.com/cicek/3-lu-mini-yapay-bitki-seti-dekoratif-saksili-modern-masa-ustu-p-1053971598?boutiqueId=61&merchantId=1193904,Evim de Evim,92,199.99,,,0,TRY,"[""Kargo Bedava""]",InStock,100 adetten fazla stok sunulmuştur,,,4.5,338,175,4,48,"2,7B kişinin sepetinde","39,1B kişi favoriledi","Son 24 saatte 1,6B kişi görüntüledi",4999,TRY,0,,1,4,13 saat 46 dakika içinde sipariş verirsen en geç yarın kargoda!,En Çok Satan 8. Ürün,https://cdn.dsmcdn.com/ty1903/prod/QC_ENRICHMENT/20260619/17/009bf32f-a320-3938-b529-52ac944de39e/1_org_zoom.jpg,"{""Renk"":""Yeşil"",""Yükseklik"":""11 - 30 cm"",""Çiçek Türü"":""Yaprak"",""Menşei"":""TR""}",20,5,refreshed,"[""daily_top"",""hot_change""]",true,2026-08-19T10:00:54+03:00,0,"[""search_result_dom"",""product_detail_jsonld"",""product_detail_dom""]","{""title"":""observed"",""brand"":""observed"",""seller_name"":""observed"",""seller_score"":""observed"",""price"":""observed"",""original_price"":""unavailable"",""campaigns"":""observed"",""stock_status"":""observed"",""stock_signal"":""observed"",""rating"":""observed"",""rating_count"":""observed"",""review_count"":""observed"",""question_count"":""observed"",""delivery_summary"":""observed"",""shipping_cost"":""observed"",""properties"":""observed""}",true,
2026-08-19,2026-08-19T10:00:54+03:00,ev-yasam,BEST_SELLER,banyo,banyo,5,3,153,153,,,23.1,9.1,1071885588,112570,Bino Dolap İçi Tezgah Altı Raf Metal Ayarlanabilir Organizer Mutfak Banyo Çok Amaçlı Düzenleyici,Bino,Dolap İçi Düzenleyici,https://www.trendyol.com/bino/dolap-ici-tezgah-alti-raf-metal-ayarlanabilir-organizer-mutfak-banyo-cok-amacli-duzenleyici-p-1071885588?boutiqueId=61&merchantId=112570,Bino Home,88,776.66,793.94,2.2,,TRY,"[""Kargo Bedava"",""Son 10 Günün En Düşük Fiyatı"",""Son 10 günün en düşük fiyatı""]",InStock,100 adetten fazla stok sunulmuştur,,,4.6,745,405,,92,"1,1B kişinin sepetinde","65,5B kişi favoriledi","Son 24 saatte 1,7B kişi görüntüledi",4999,TRY,0,2,1,6,Tahmini Teslim:,,https://cdn.dsmcdn.com/ty1800/prod/QC_ENRICHMENT/20251218/11/9296a480-27de-3cd4-9962-56782c899e6e/1_org_zoom.jpg,"{""Materyal"":""Metal"",""Boyut/Ebat"":""35 x 26"",""Renk"":""Siyah"",""Menşei"":""TR""}",20,5,refreshed,"[""daily_top""]",true,2026-08-19T10:00:54+03:00,0,"[""search_result_dom"",""product_detail_jsonld"",""product_detail_dom""]","{""title"":""observed"",""brand"":""observed"",""seller_name"":""observed"",""seller_score"":""observed"",""price"":""observed"",""original_price"":""observed"",""campaigns"":""observed"",""stock_status"":""observed"",""stock_signal"":""observed"",""rating"":""observed"",""rating_count"":""observed"",""review_count"":""observed"",""question_count"":""observed"",""delivery_summary"":""observed"",""shipping_cost"":""observed"",""properties"":""observed""}",true,
2026-08-19,2026-08-19T10:00:54+03:00,ev-yasam,BEST_SELLER,banyo,banyo,6,3,154,154,3,46,27.7,2.3,862906990,242433,"Mowo Home Gri 2 Katlı Düzenleyici Mutfak Rafı Banyo Rafı, Dolap Tezgah Altı Evye Altı Deterjanlık",Mowo Home,,https://www.trendyol.com/mowo-home/gri-2-katli-duzenleyici-mutfak-rafi-banyo-rafi-dolap-tezgah-alti-evye-alti-deterjanlik-p-862906990?boutiqueId=61&merchantId=242433,MoWo Home,96,249.9,,,61.2,TRY,"[""Kargo Bedava"",""Trendyol Plus'a Özel""]",InStock,100 adetten fazla stok sunulmuştur,,,4.8,2879,,0,43,932 kişinin sepetinde,54B kişi favoriledi,Son 24 saatte 469 kişi görüntüledi,,,0,,,,2 saat 46 dakika içinde sipariş verirsen en geç bugün kargoda!,,,{},0,,refreshed,"[""daily_top""]",true,2026-08-19T10:00:54+03:00,0,"[""search_result_dom"",""product_detail_jsonld"",""product_detail_dom""]","{""title"":""observed"",""brand"":""observed"",""seller_name"":""observed"",""seller_score"":""observed"",""price"":""observed"",""original_price"":""unavailable"",""campaigns"":""observed"",""stock_status"":""observed"",""stock_signal"":""observed"",""rating"":""observed"",""rating_count"":""observed"",""review_count"":""unavailable"",""question_count"":""observed"",""delivery_summary"":""observed"",""shipping_cost"":""unavailable"",""properties"":""observed""}",true,
2026-08-19,2026-08-19T10:00:54+03:00,ev-yasam,BEST_SELLER,banyo,banyo,7,3,155,155,,,30.8,1.1,870027836,112570,Bino Çamaşır Sepeti Kirli Sepeti Ahşap Banyo Dolabı Büyük Boy Geniş 2 KATLI Kumaş Kirli Sepeti,Bino,Çamaşır Sepeti,https://www.trendyol.com/bino/camasir-sepeti-kirli-sepeti-ahsap-banyo-dolabi-buyuk-boy-genis-2-katli-kumas-kirli-sepeti-p-870027836?boutiqueId=61&merchantId=112570,Bino Home,88,773.25,788.49,1.9,,TRY,"[""Kargo Bedava"",""Son 10 Günün En Düşük Fiyatı"",""Son 10 günün en düşük fiyatı""]",InStock,100 adetten fazla stok sunulmuştur,,,4.5,7424,4112,,643,"1,7B kişinin sepetinde","200,7B kişi favoriledi","Son 24 saatte 2,5B kişi görüntüledi",4999,TRY,0,2,1,6,Tahmini Teslim:,En Çok Favorilenen 2. Ürün,https://cdn.dsmcdn.com/ty1596/prod/QC/20241104/11/49421656-079d-3cf7-9b5b-7a9b03ea68de/1_org_zoom.jpg,"{""Materyal"":""Ahşap"",""Renk"":""Siyah"",""Hacim"":""40 L"",""Boyut/Ebat"":""36 x 40""}",20,5,refreshed,"[""daily_top""]",true,2026-08-19T10:00:54+03:00,0,"[""search_result_dom"",""product_detail_jsonld"",""product_detail_dom""]","{""title"":""observed"",""brand"":""observed"",""seller_name"":""observed"",""seller_score"":""observed"",""price"":""observed"",""original_price"":""observed"",""campaigns"":""observed"",""stock_status"":""observed"",""stock_signal"":""observed"",""rating"":""observed"",""rating_count"":""observed"",""review_count"":""observed"",""question_count"":""observed"",""delivery_summary"":""observed"",""shipping_cost"":""observed"",""properties"":""observed""}",true,
2026-08-19,2026-08-19T10:00:54+03:00,ev-yasam,BEST_SELLER,banyo,banyo,8,3,156,156,2,,23.5,6.5,833118834,1088606,Comfort Home 12 Adetli Saçaklı Düğün Havlusu Desenli Konvoy Havlusu Ekonomik Model,Comfort Home,,https://www.trendyol.com/comfort-home/12-adetli-sacakli-dugun-havlusu-desenli-konvoy-havlusu-ekonomik-model-p-833118834?boutiqueId=61&merchantId=1088606,ComfortHome,88,283.32,,,,TRY,"[""Kargo Bedava""]",InStock,100 adetten fazla stok sunulmuştur,,,4,862,,,154,354 kişinin sepetinde,"14,5B kişi favoriledi",Son 24 saatte 512 kişi görüntüledi,,,0,,,,13 saat 46 dakika içinde sipariş verirsen en geç yarın kargoda!,En Çok Satan 2. Ürün,,{},0,,refreshed,"[""daily_top""]",true,2026-08-19T10:00:54+03:00,0,"[""search_result_dom"",""product_detail_jsonld"",""product_detail_dom""]","{""title"":""observed"",""brand"":""observed"",""seller_name"":""observed"",""seller_score"":""observed"",""price"":""observed"",""original_price"":""unavailable"",""campaigns"":""observed"",""stock_status"":""observed"",""stock_signal"":""observed"",""rating"":""observed"",""rating_count"":""observed"",""review_count"":""unavailable"",""question_count"":""observed"",""delivery_summary"":""observed"",""shipping_cost"":""unavailable"",""properties"":""observed""}",true,
2026-08-19,2026-08-19T10:00:54+03:00,ev-yasam,BEST_SELLER,banyo,banyo,9,3,157,157,,32,32.3,0,699199772,152772,ESTİ 6 Adet - Buzdolabı / Dolap Içi Düzenleyici Organizer,ESTİ,Buzdolabı Düzenleyici,https://www.trendyol.com/esti/6-adet-buzdolabi-dolap-ici-duzenleyici-organizer-p-699199772?boutiqueId=61&merchantId=152772,ESTİ,6,265.9,,,0,TRY,"[""Kargo Bedava"",""Trendyol Plus'a Özel""]",InStock,100 adetten fazla stok sunulmuştur,,,4.2,18556,10755,-26,796,"1,4B kişinin sepetinde","403,8B kişi favoriledi","Son 24 saatte 1,5B kişi görüntüledi",4999,TRY,0,1,1,4,13 saat 46 dakika içinde sipariş verirsen en geç yarın kargoda!,En Çok Favorilenen 1. Ürün,https://cdn.dsmcdn.com/ty1459/product/media/images/prod/QC/20240803/20/c84d1b4a-5df6-3ad5-a67e-fbef935b43ba/1_org_zoom.jpg,"{""Parça Sayısı"":""6"",""Materyal"":""Plastik"",""Boyut/Ebat"":""35 x 50"",""Menşei"":""TR""}",20,5,refreshed,"[""daily_top""]",true,2026-08-19T10:00:54+03:00,0,"[""search_result_dom"",""product_detail_jsonld"",""product_detail_dom""]","{""title"":""observed"",""brand"":""observed"",""seller_name"":""observed"",""seller_score"":""observed"",""price"":""observed"",""original_price"":""unavailable"",""campaigns"":""observed"",""stock_status"":""observed"",""stock_signal"":""observed"",""rating"":""observed"",""rating_count"":""observed"",""review_count"":""observed"",""question_count"":""observed"",""delivery_summary"":""observed"",""shipping_cost"":""observed"",""properties"":""observed""}",true,
2026-08-19,2026-08-19T10:00:54+03:00,ev-yasam,BEST_SELLER,banyo,banyo,10,3,158,158,,39,16.2,13.8,1137436014,1258506,"STATİKA HOME Eskitme 2 Katlı Banyo Kozmetik Takı Makyaj Düzenleyici ,Çok Amaçlı Organizer ,Servis Sunum Tepsisi ,Ikramlık",STATİKA HOME,Makyaj Organizerı,https://www.trendyol.com/statika-home/eskitme-2-katli-banyo-kozmetik-taki-makyaj-duzenleyici-cok-amacli-organizer-servis-sunum-tepsisi-ikramlik-p-1137436014?boutiqueId=61&merchantId=1258506,STATİKA HOME,92,299.9,,,0,TRY,"[""Kargo Bedava""]",InStock,100 adetten fazla stok sunulmuştur,,,3.9,183,106,2,25,"2,6B kişinin sepetinde","29,7B kişi favoriledi","Son 24 saatte 1,9B kişi görüntüledi",4999,TRY,0,,1,4,1 saat 46 dakika içinde sipariş verirsen en geç bugün kargoda!,En Çok Ziyaret Edilen 10. Ürün,https://cdn.dsmcdn.com/ty1913/prod/QC_ENRICHMENT/20260612/18/c549e90a-da43-317d-9a79-b9614ea467ab/1_org_zoom.jpg,"{""Parça Sayısı"":""3"",""Materyal"":""Metal"",""Renk"":""Altın"",""Menşei"":""TR"",""Bölme Sayısı"":""2""}",20,5,refreshed,"[""daily_top""]",true,2026-08-19T10:00:54+03:00,0,"[""search_result_dom"",""product_detail_jsonld"",""product_detail_dom""]","{""title"":""observed"",""brand"":""observed"",""seller_name"":""observed"",""seller_score"":""observed"",""price"":""observed"",""original_price"":""unavailable"",""campaigns"":""observed"",""stock_status"":""observed"",""stock_signal"":""observed"",""rating"":""observed"",""rating_count"":""observed"",""review_count"":""observed"",""question_count"":""observed"",""delivery_summary"":""observed"",""shipping_cost"":""observed"",""properties"":""observed""}",true,
2026-08-19,2026-08-19T10:00:54+03:00,ev-yasam,BEST_SELLER,banyo,banyo,11,3,159,159,,,26.5,3.5,355097724,1187728,Genel Markalar Havlu Tutacağı Raf Metal Havlu Askıs Mutfak Banyo Raflı Havluluk Modern Raflı Havluluk Siyah,Genel Markalar,Banyo Askısı,https://www.trendyol.com/genel-markalar/havlu-tutacagi-raf-metal-havlu-askis-mutfak-banyo-rafli-havluluk-modern-rafli-havluluk-siyah-p-355097724?boutiqueId=61&merchantId=1187728,Metavia Art,9,123.9,,,,TRY,"[""Kargo Bedava"",""Trendyol Plus'a Özel""]",InStock,100 adetten fazla stok sunulmuştur,,,4.4,4061,2063,,468,"1,3B kişinin sepetinde","116,8B kişi favoriledi",Son 24 saatte 1B kişi görüntüledi,4999,TRY,0,1,1,4,13 saat 46 dakika içinde sipariş verirsen en geç yarın kargoda!,En Çok Ziyaret Edilen 2. Ürün,https://cdn.dsmcdn.com/ty1851/prod/QC_ENRICHMENT/20260406/10/30ff9620-c060-3631-a839-2e46c8e482e0/1_org_zoom.jpg,"{""Renk"":""Siyah"",""Tip"":""Havlu Askılığı"",""Diğer Özellikler"":""Metal"",""Menşei"":""TR"",""Bakım Talimatları (Genel)"":""Nemli bir bezle silin.""}",20,5,refreshed,"[""daily_top""]",true,2026-08-19T10:00:54+03:00,0,"[""search_result_dom"",""product_detail_jsonld"",""product_detail_dom""]","{""title"":""observed"",""brand"":""observed"",""seller_name"":""observed"",""seller_score"":""observed"",""price"":""observed"",""original_price"":""unavailable"",""campaigns"":""observed"",""stock_status"":""observed"",""stock_signal"":""observed"",""rating"":""observed"",""rating_count"":""observed"",""review_count"":""observed"",""question_count"":""observed"",""delivery_summary"":""observed"",""shipping_cost"":""observed"",""properties"":""observed""}",true,
2026-08-19,2026-08-19T10:00:54+03:00,ev-yasam,BEST_SELLER,banyo,banyo,12,3,160,160,,39,17.5,12.5,1077933542,550676,zabata Askılı Havlu Rafı Dolap Kapağı Askısı Bez Tutucu Askılık Mutfak Düzenleyici Havlu Askılığı Siyah,zabata,Askı,https://www.trendyol.com/zabata/askili-havlu-rafi-dolap-kapagi-askisi-bez-tutucu-askilik-mutfak-duzenleyici-havlu-askiligi-siyah-p-1077933542?boutiqueId=61&merchantId=550676,Zabata Türkiye,94,199,,,33.6,TRY,"[""Kargo Bedava""]",InStock,100 adetten fazla stok sunulmuştur,,,4.6,476,154,2,16,"1,4B kişinin sepetinde","31,6B kişi favoriledi",Son 24 saatte 716 kişi görüntüledi,4999,TRY,0,,1,4,46 dakika 38 saniye içinde sipariş verirsen en geç bugün kargoda!,,https://cdn.dsmcdn.com/ty1806/prod/QC_PREP/20251229/17/bd9e4edd-f869-3dda-bf76-a4c6e3133571/1_org_zoom.jpg,"{""Materyal"":""Metal"",""Parça Sayısı"":""1"",""Renk"":""Siyah"",""Kullanım Türü"":""Elbise"",""Menşei"":""TR""}",20,5,refreshed,"[""daily_top""]",true,2026-08-19T10:00:54+03:00,0,"[""search_result_dom"",""product_detail_jsonld"",""product_detail_dom""]","{""title"":""observed"",""brand"":""observed"",""seller_name"":""observed"",""seller_score"":""observed"",""price"":""observed"",""original_price"":""unavailable"",""campaigns"":""observed"",""stock_status"":""observed"",""stock_signal"":""observed"",""rating"":""observed"",""rating_count"":""observed"",""review_count"":""observed"",""question_count"":""observed"",""delivery_summary"":""observed"",""shipping_cost"":""observed"",""properties"":""observed""}",true,
2026-08-19,2026-08-19T10:00:54+03:00,ev-yasam,BEST_SELLER,banyo,banyo,13,3,161,161,1,-103,24,6,1093121985,1276259,SHELİFE Kişiye Özel Ahşap Kapı İsimliği Çiçekli – 10x20 cm MDF Dekoratif Kapı Tabelası,SHELİFE,Kapı Süsü,https://www.trendyol.com/shelife/kisiye-ozel-ahsap-kapi-isimligi-cicekli-10x20-cm-mdf-dekoratif-kapi-tabelasi-p-1093121985?boutiqueId=61&merchantId=1276259,ipekart,9,185,,,16.4,TRY,"[""Kargo Bedava""]",InStock,100 adetten fazla stok sunulmuştur,,,4.5,1473,985,10,5715,"2,1B kişinin sepetinde","65,5B kişi favoriledi","Son 24 saatte 1,8B kişi görüntüledi",4999,TRY,0,1,1,4,13 saat 46 dakika içinde sipariş verirsen en geç yarın kargoda!,En Çok Satan 1. Ürün,https://cdn.dsmcdn.com/ty1919/prod/QC_ENRICHMENT/20260629/12/5263d6dd-9a70-3fee-93f7-714ebdec7156/1_org_zoom.jpg,"{""Materyal"":""Ahşap"",""Renk"":""Kahverengi"",""Boyut/Ebat"":""10 x 20"",""Tema / Stil"":""Süs"",""Menşei"":""TR""}",20,5,refreshed,"[""daily_top"",""hot_change""]",true,2026-08-19T10:00:54+03:00,0,"[""search_result_dom"",""product_detail_jsonld"",""product_detail_dom""]","{""title"":""observed"",""brand"":""observed"",""seller_name"":""observed"",""seller_score"":""observed"",""price"":""observed"",""original_price"":""unavailable"",""campaigns"":""observed"",""stock_status"":""observed"",""stock_signal"":""observed"",""rating"":""observed"",""rating_count"":""observed"",""review_count"":""observed"",""question_count"":""observed"",""delivery_summary"":""observed"",""shipping_cost"":""observed"",""properties"":""observed""}",true,
2026-08-19,2026-08-19T10:00:54+03:00,ev-yasam,BEST_SELLER,banyo,banyo,14,3,162,162,,,28.8,1.2,348691506,349661,risingmaber Metal Siyah Amerikan Kapı Arkası Askılık Organizer Askılık Ve Mutfak Banyo Kapı Arkası Askılık Mt60s,risingmaber,Askılık,https://www.trendyol.com/risingmaber/metal-siyah-amerikan-kapi-arkasi-askilik-organizer-askilik-ve-mutfak-banyo-kapi-arkasi-askilik-mt60s-p-348691506?boutiqueId=61&merchantId=349661,Risingmaber,96,179.99,,,,TRY,"[""Kargo Bedava""]",InStock,100 adetten fazla stok sunulmuştur,,,4.4,7786,3987,,396,550 kişinin sepetinde,"104,1B kişi favoriledi",Son 24 saatte 364 kişi görüntüledi,4999,TRY,0,,1,4,4 saat 46 dakika içinde sipariş verirsen en geç bugün kargoda!,,https://cdn.dsmcdn.com/ty1705/prod/QC_ENRICHMENT/20250705/19/7f2915d0-372b-3641-ac51-6894f319433c/1_org_zoom.jpg,"{""Materyal"":""Metal"",""Renk"":""Siyah"",""Yükseklik"":""11 cm"",""Genişlik"":""40 cm"",""Askılık Tipi"":""Duvara Monte"",""Stil"":""Modern"",""Tema / Stil"":""Modern"",""Menşei"":""TR""}",20,5,refreshed,"[""daily_top""]",true,2026-08-19T10:00:54+03:00,0,"[""search_result_dom"",""product_detail_jsonld"",""product_detail_dom""]","{""title"":""observed"",""brand"":""observed"",""seller_name"":""observed"",""seller_score"":""observed"",""price"":""observed"",""original_price"":""unavailable"",""campaigns"":""observed"",""stock_status"":""observed"",""stock_signal"":""observed"",""rating"":""observed"",""rating_count"":""observed"",""review_count"":""observed"",""question_count"":""observed"",""delivery_summary"":""observed"",""shipping_cost"":""observed"",""properties"":""observed""}",true,
2026-08-19,2026-08-19T10:00:54+03:00,ev-yasam,BEST_SELLER,banyo,banyo,15,3,163,163,,,23.5,6.5,1071887625,112570,Bino Kirli Sepeti Ahşap Raflı 2 Katlı 2 Bölmeli Kumaş Banyo Dolabı Düzenleyici Çamaşır sepeti,Bino,Çamaşır Sepeti,https://www.trendyol.com/bino/kirli-sepeti-ahsap-rafli-2-katli-2-bolmeli-kumas-banyo-dolabi-duzenleyici-camasir-sepeti-p-1071887625?boutiqueId=61&merchantId=112570,Bino Home,88,1093.94,,,,TRY,"[""Kargo Bedava"",""Peşin Fiyatına 3 Taksit""]",InStock,100 adetten fazla stok sunulmuştur,,,4.4,1497,858,,195,2B kişinin sepetinde,"82,6B kişi favoriledi",Son 24 saatte 2B kişi görüntüledi,4999,TRY,0,2,1,6,Tahmini Teslim:,En Çok Ziyaret Edilen 4. Ürün,https://cdn.dsmcdn.com/ty1800/prod/QC_PREP/20251217/20/a354d46a-0b05-3bd0-ad4b-f7c01f4a2144/1_org_zoom.jpg,"{""Materyal"":""Metal"",""Renk"":""Siyah"",""Hacim"":""123 L"",""Boyut/Ebat"":""Belirtilmemiş"",""Yıkama Talimatı"":""T101"",""Menşei"":""TR""}",20,5,refreshed,"[""daily_top""]",true,2026-08-19T10:00:54+03:00,0,"[""search_result_dom"",""product_detail_jsonld"",""product_detail_dom""]","{""title"":""observed"",""brand"":""observed"",""seller_name"":""observed"",""seller_score"":""observed"",""price"":""observed"",""original_price"":""unavailable"",""campaigns"":""observed"",""stock_status"":""observed"",""stock_signal"":""observed"",""rating"":""observed"",""rating_count"":""observed"",""review_count"":""observed"",""question_count"":""observed"",""delivery_summary"":""observed"",""shipping_cost"":""observed"",""properties"":""observed""}",true,
2026-08-19,2026-08-19T10:00:54+03:00,ev-yasam,BEST_SELLER,banyo,banyo,16,3,164,164,2,-128,30.3,0,834744611,116498,Squall Semplice Meşe Dekoratif Duvar Rafı 54x16 Cm,Squall,,https://www.trendyol.com/squall/semplice-mese-dekoratif-duvar-rafi-54x16-cm-p-834744611?boutiqueId=61&merchantId=116498,astek bilişim,79,180.48,,,-5.9,TRY,"[""Kargo Bedava""]",InStock,100 adetten fazla stok sunulmuştur,,,4.4,6144,,0,432,"2,1B kişinin sepetinde","230,7B kişi favoriledi","Son 24 saatte 1,2B kişi görüntüledi",,,0,,,,13 saat 46 dakika içinde sipariş verirsen en geç yarın kargoda!,,,{},0,,refreshed,"[""daily_top"",""hot_change""]",true,2026-08-19T10:00:54+03:00,0,"[""search_result_dom"",""product_detail_jsonld"",""product_detail_dom""]","{""title"":""observed"",""brand"":""observed"",""seller_name"":""observed"",""seller_score"":""observed"",""price"":""observed"",""original_price"":""unavailable"",""campaigns"":""observed"",""stock_status"":""observed"",""stock_signal"":""observed"",""rating"":""observed"",""rating_count"":""observed"",""review_count"":""unavailable"",""question_count"":""observed"",""delivery_summary"":""observed"",""shipping_cost"":""unavailable"",""properties"":""observed""}",true,
2026-08-19,2026-08-19T10:00:54+03:00,ev-yasam,BEST_SELLER,banyo,banyo,17,3,165,165,14,21,32.9,0,56041509,1072784,Cengo Çamaşır Kurutmalık Ekstra Sağlam Kurutma Askısı,Cengo,Çamaşırlık,https://www.trendyol.com/cengo/camasir-kurutmalik-ekstra-saglam-kurutma-askisi-p-56041509?boutiqueId=61&merchantId=1072784,SAFA HOME,82,859,869,1.2,24.4,TRY,"[""30 TL Kupon"",""Kargo Bedava""]",InStock,100 adetten fazla stok sunulmuştur,,,3.5,16522,9275,-40,684,"1,2B kişinin sepetinde",136B kişi favoriledi,Son 24 saatte 816 kişi görüntüledi,4999,TRY,0,2,1,6,Tahmini Teslim:,,https://cdn.dsmcdn.com/ty1130/product/media/images/prod/SPM/PIM/20240110/15/b1740482-3548-370f-b789-5850a1035f28/1_org_zoom.jpg,"{""Renk"":""Gri"",""Materyal"":""Metal"",""Menşei"":""TR"",""Özellik"":""Uzun""}",20,5,refreshed,"[""daily_top""]",true,2026-08-19T10:00:54+03:00,0,"[""search_result_dom"",""product_detail_jsonld"",""product_detail_dom""]","{""title"":""observed"",""brand"":""observed"",""seller_name"":""observed"",""seller_score"":""observed"",""price"":""observed"",""original_price"":""observed"",""campaigns"":""observed"",""stock_status"":""observed"",""stock_signal"":""observed"",""rating"":""observed"",""rating_count"":""observed"",""review_count"":""observed"",""question_count"":""observed"",""delivery_summary"":""observed"",""shipping_cost"":""observed"",""properties"":""observed""}",true,
2026-08-19,2026-08-19T10:00:54+03:00,ev-yasam,BEST_SELLER,banyo,banyo,18,3,166,166,3,-128,18.5,11.5,1131640210,529377,MaVaux Velora Set 3’lü Halat Sepet Banyo Organizer Dekoratif Düzenleyici El Yapımı Sepet Seti,MaVaux,,https://www.trendyol.com/mavaux/velora-set-3-lu-halat-sepet-banyo-organizer-dekoratif-duzenleyici-el-yapimi-sepet-seti-p-1131640210?boutiqueId=61&merchantId=529377,Rönesans Tekstil LTD,91,335,,,16.3,TRY,"[""Kargo Bedava""]",InStock,100 adetten fazla stok sunulmuştur,,,4.8,206,,0,12,3B kişinin sepetinde,"49,9B kişi favoriledi",Son 24 saatte 2B kişi görüntüledi,,,0,,,,Tahmini Teslim:,En Çok Satan 3. Ürün,,{},0,,refreshed,"[""daily_top"",""hot_change""]",true,2026-08-19T10:00:54+03:00,0,"[""search_result_dom"",""product_detail_jsonld"",""product_detail_dom""]","{""title"":""observed"",""brand"":""observed"",""seller_name"":""observed"",""seller_score"":""observed"",""price"":""observed"",""original_price"":""unavailable"",""campaigns"":""observed"",""stock_status"":""observed"",""stock_signal"":""observed"",""rating"":""observed"",""rating_count"":""observed"",""review_count"":""unavailable"",""question_count"":""observed"",""delivery_summary"":""observed"",""shipping_cost"":""unavailable"",""properties"":""observed""}",true,
2026-08-19,2026-08-19T10:00:54+03:00,ev-yasam,BEST_SELLER,banyo,banyo,19,3,167,167,,26,23.5,6.5,902897343,137544,Kitchen Beauty 10 Adet Süper Güçlü Kendinden Yapışkanlı Raf Çerçeve Tutucu Kanca Askı,Kitchen Beauty,Banyo Askısı,https://www.trendyol.com/kitchen-beauty/10-adet-super-guclu-kendinden-yapiskanli-raf-cerceve-tutucu-kanca-aski-p-902897343?boutiqueId=61&merchantId=137544,Eymen Ticaret,89,49.99,,,0,TRY,"[""Kargo Bedava""]",InStock,100 adetten fazla stok sunulmuştur,,,4.2,1927,856,3,126,811 kişinin sepetinde,"32,2B kişi favoriledi",,4999,TRY,0,,1,4,2 saat 46 dakika içinde sipariş verirsen en geç bugün kargoda!,,https://cdn.dsmcdn.com/ty1742/prod/QC_ENRICHMENT/20250831/14/5853035a-9231-333a-82a8-250018a5caa2/1_org_zoom.jpg,"{""Renk"":""Beyaz"",""Menşei"":""TR"",""Bakım Talimatları (Genel)"":""Ürünün kullanım ömrünü korumak için ürüne özel bakım talimatlarını takip ediniz.""}",20,5,refreshed,"[""daily_top""]",true,2026-08-19T10:00:54+03:00,0,"[""search_result_dom"",""product_detail_jsonld"",""product_detail_dom""]","{""title"":""observed"",""brand"":""observed"",""seller_name"":""observed"",""seller_score"":""observed"",""price"":""observed"",""original_price"":""unavailable"",""campaigns"":""observed"",""stock_status"":""observed"",""stock_signal"":""observed"",""rating"":""observed"",""rating_count"":""observed"",""review_count"":""observed"",""question_count"":""observed"",""delivery_summary"":""observed"",""shipping_cost"":""observed"",""properties"":""observed""}",true,
2026-08-19,2026-08-19T10:00:54+03:00,ev-yasam,BEST_SELLER,banyo,banyo,20,3,168,168,6,-122,21.6,8.4,1141567610,1095092,Printorium Askılı Kedi Raf Dekoru 24 CM – LED Fenerli Minimal Salon & Balkon Aksesuarı (PLASTİK) -TEALİGHT HEDİYELİ,Printorium,,https://www.trendyol.com/printorium/askili-kedi-raf-dekoru-24-cm-led-fenerli-minimal-salon-balkon-aksesuari-plastik-tealight-hediyeli-p-1141567610?boutiqueId=61&merchantId=1095092,Printorium,92,199.99,,,0,TRY,"[""Sepette %2 İndirim"",""Kargo Bedava"",""Trendyol Plus'a Özel""]",InStock,100 adetten fazla stok sunulmuştur,,,4,497,,0,48,"3,9B kişinin sepetinde","92,8B kişi favoriledi","Son 24 saatte 2,6B kişi görüntüledi",,,0,,,,13 saat 46 dakika içinde sipariş verirsen en geç yarın kargoda!,En Çok Ziyaret Edilen 2. Ürün,,{},0,,refreshed,"[""daily_top"",""hot_change""]",true,2026-08-19T10:00:54+03:00,0,"[""search_result_dom"",""product_detail_jsonld"",""product_detail_dom""]","{""title"":""observed"",""brand"":""observed"",""seller_name"":""observed"",""seller_score"":""observed"",""price"":""observed"",""original_price"":""unavailable"",""campaigns"":""observed"",""stock_status"":""observed"",""stock_signal"":""observed"",""rating"":""observed"",""rating_count"":""observed"",""review_count"":""unavailable"",""question_count"":""observed"",""delivery_summary"":""observed"",""shipping_cost"":""unavailable"",""properties"":""observed""}",true,
2026-08-19,2026-08-19T10:00:54+03:00,ev-yasam,BEST_SELLER,banyo,banyo,21,3,169,169,3,-124,22.6,7.4,1081065636,1061217,"Fitruka Vanilya Kokulu Dekoratif Set – Yuvarlak Tepsili, Lotus Mumlu ve Oda Kokulu Şık Tasarım",Fitruka,Mum ve Kandil,https://www.trendyol.com/fitruka/vanilya-kokulu-dekoratif-set-yuvarlak-tepsili-lotus-mumlu-ve-oda-kokulu-sik-tasarim-p-1081065636?boutiqueId=61&merchantId=1061217,Fitruka,95,170.99,,,0,TRY,"[""Kargo Bedava"",""Trendyol Plus'a Özel""]",InStock,100 adetten fazla stok sunulmuştur,,,4.6,1079,663,11,109,"1,7B kişinin sepetinde","59,3B kişi favoriledi","Son 24 saatte 1,3B kişi görüntüledi",4999,TRY,0,,1,4,3 saat 46 dakika içinde sipariş verirsen en geç bugün kargoda!,En Çok Satan 3. Ürün,https://cdn.dsmcdn.com/ty1806/prod/QC_PREP/20260106/14/d28daa72-f8c0-38b1-b958-7b196d4a4bef/1_org_zoom.jpg,"{""Renk"":""Beyaz"",""Özellik"":""Kokulu"",""Boyut/Ebat"":""10 x 10"",""Parça Sayısı"":""4"",""Koku Aroması"":""Vanilya"",""Menşei"":""TR""}",20,5,refreshed,"[""daily_top"",""hot_change""]",true,2026-08-19T10:00:54+03:00,0,"[""search_result_dom"",""product_detail_jsonld"",""product_detail_dom""]","{""title"":""observed"",""brand"":""observed"",""seller_name"":""observed"",""seller_score"":""observed"",""price"":""observed"",""original_price"":""unavailable"",""campaigns"":""observed"",""stock_status"":""observed"",""stock_signal"":""observed"",""rating"":""observed"",""rating_count"":""observed"",""review_count"":""observed"",""question_count"":""observed"",""delivery_summary"":""observed"",""shipping_cost"":""observed"",""properties"":""observed""}",true,
2026-08-19,2026-08-19T10:00:54+03:00,ev-yasam,BEST_SELLER,banyo,banyo,22,6,170,170,,-81,28.2,1.8,790950196,638780,BEYZANA İki Bölmeli Bambu Naturel Çamaşır Sepeti - Mega Katlanabilir Çamaşır Sepeti,BEYZANA,Çamaşır Sepeti,https://www.trendyol.com/beyzana/iki-bolmeli-bambu-naturel-camasir-sepeti-mega-katlanabilir-camasir-sepeti-p-790950196?boutiqueId=61&merchantId=638780,BEYZANA,,649.99,,,0,TRY,"[""Kargo Bedava""]",InStock,100 adetten fazla stok sunulmuştur,,,4.2,5703,3344,5,702,"1,6B kişinin sepetinde","187,1B kişi favoriledi",Son 24 saatte 977 kişi görüntüledi,4999,TRY,0,1,1,4,,En Çok Favorilenen 4. Ürün,https://cdn.dsmcdn.com/ty1898/prod/QC_ENRICHMENT/20260618/14/310a4a53-7235-33ce-bacf-f7ae03d49531/1_org_zoom.jpg,"{""Materyal"":""Bambu"",""Renk"":""Kahverengi"",""Hacim"":""50-99 L"",""Boyut/Ebat"":""52 x 60"",""Yıkama Talimatı"":""T31"",""Materyal Bileşeni"":""Bambu"",""Menşei"":""CN"",""Özellik"":""Sürdürülebilir""}",20,5,refreshed,"[""daily_top"",""hot_change""]",true,2026-08-19T10:00:54+03:00,0,"[""search_result_dom"",""product_detail_jsonld"",""product_detail_dom""]","{""title"":""observed"",""brand"":""observed"",""seller_name"":""observed"",""seller_score"":""unavailable"",""price"":""observed"",""original_price"":""unavailable"",""campaigns"":""observed"",""stock_status"":""observed"",""stock_signal"":""observed"",""rating"":""observed"",""rating_count"":""observed"",""review_count"":""observed"",""question_count"":""observed"",""delivery_summary"":""unavailable"",""shipping_cost"":""observed"",""properties"":""observed""}",true,
2026-08-19,2026-08-19T10:00:54+03:00,ev-yasam,BEST_SELLER,banyo,banyo,23,6,171,171,1,,24.2,5.8,946351657,176972,DNZGÜLCAN Talu Kapşonlu Kadın Ve Erkek Bornoz %100 Pamuk | Dayanıklı | Hızlı Kuruma | Yumuşacık Konfor,DNZGÜLCAN,,https://www.trendyol.com/dnzgulcan/talu-kapsonlu-kadin-ve-erkek-bornoz-100-pamuk-dayanikli-hizli-kuruma-yumusacik-konfor-p-946351657?boutiqueId=61&merchantId=176972,DNZGÜLCAN,96,690,,,,TRY,"[""Kargo Bedava""]",InStock,100 adetten fazla stok sunulmuştur,,,4.3,1071,,,270,852 kişinin sepetinde,"19,1B kişi favoriledi",Son 24 saatte 844 kişi görüntüledi,,,0,,,,3 saat 46 dakika içinde sipariş verirsen en geç bugün kargoda!,En Çok Satan 1. Ürün,,{},0,,refreshed,"[""daily_top""]",true,2026-08-19T10:00:54+03:00,0,"[""search_result_dom"",""product_detail_jsonld"",""product_detail_dom""]","{""title"":""observed"",""brand"":""observed"",""seller_name"":""observed"",""seller_score"":""observed"",""price"":""observed"",""original_price"":""unavailable"",""campaigns"":""observed"",""stock_status"":""observed"",""stock_signal"":""observed"",""rating"":""observed"",""rating_count"":""observed"",""review_count"":""unavailable"",""question_count"":""observed"",""delivery_summary"":""observed"",""shipping_cost"":""unavailable"",""properties"":""observed""}",true,
2026-08-19,2026-08-19T10:00:54+03:00,ev-yasam,BEST_SELLER,banyo,banyo,24,6,172,172,,,20,10,861080129,318158,Single ( 3 Adet Beyaz ) Paspas Süpürge Fırça Ve Mop Askısı Sap Tutucu Mutfak Banyo Askı,Single,Banyo Askısı,https://www.trendyol.com/single/3-adet-beyaz-paspas-supurge-firca-ve-mop-askisi-sap-tutucu-mutfak-banyo-aski-p-861080129?boutiqueId=61&merchantId=318158,Single,,189.9,,,,TRY,"[""Kargo Bedava"",""Trendyol Plus'a Özel""]",InStock,100 adetten fazla stok sunulmuştur,,,4,607,312,,85,773 kişinin sepetinde,"20,9B kişi favoriledi",Son 24 saatte 304 kişi görüntüledi,4999,TRY,0,,1,4,5 saat 46 dakika içinde sipariş verirsen en geç bugün kargoda!,,https://cdn.dsmcdn.com/ty1580/prod/QC/20241006/22/5600a447-2a0e-3c95-bc4e-45107bba7b92/1_org_zoom.jpg,{},20,5,refreshed,"[""daily_top""]",true,2026-08-19T10:00:54+03:00,0,"[""search_result_dom"",""product_detail_jsonld"",""product_detail_dom""]","{""title"":""observed"",""brand"":""observed"",""seller_name"":""observed"",""seller_score"":""unavailable"",""price"":""observed"",""original_price"":""unavailable"",""campaigns"":""observed"",""stock_status"":""observed"",""stock_signal"":""observed"",""rating"":""observed"",""rating_count"":""observed"",""review_count"":""observed"",""question_count"":""observed"",""delivery_summary"":""observed"",""shipping_cost"":""observed"",""properties"":""observed""}",true,
2026-08-19,2026-08-19T10:00:54+03:00,ev-yasam,BEST_SELLER,banyo,banyo,25,6,173,173,,,28.7,1.3,271447658,241537,MultiStore Kare Yapışkanlı Siyah Uzun Havluluk Delmeden Kullanım,MultiStore,Banyo Askısı,https://www.trendyol.com/multistore/kare-yapiskanli-siyah-uzun-havluluk-delmeden-kullanim-p-271447658?boutiqueId=61&merchantId=241537,MultiStore Ev Gereçleri,86,169.9,,,,TRY,"[""Kargo Bedava""]",InStock,100 adetten fazla stok sunulmuştur,,,4,6630,3856,,609,572 kişinin sepetinde,"79,3B kişi favoriledi",Son 24 saatte 372 kişi görüntüledi,4999,TRY,0,1,1,4,13 saat 46 dakika içinde sipariş verirsen en geç yarın kargoda!,,https://cdn.dsmcdn.com/ty1729/prod/QC_PREP/20250819/16/d25f8668-6bd4-3552-8bca-4a12feb46fdc/1_org_zoom.jpg,"{""Renk"":""Siyah"",""Tip"":""Havlu Askılığı"",""Diğer Özellikler"":""Paslanmaya karşı dayanıklı"",""Menşei"":""TR"",""Bakım Talimatları (Genel)"":""Nemli bir bezle silin.""}",20,5,refreshed,"[""daily_top""]",true,2026-08-19T10:00:54+03:00,0,"[""search_result_dom"",""product_detail_jsonld"",""product_detail_dom""]","{""title"":""observed"",""brand"":""observed"",""seller_name"":""observed"",""seller_score"":""observed"",""price"":""observed"",""original_price"":""unavailable"",""campaigns"":""observed"",""stock_status"":""observed"",""stock_signal"":""observed"",""rating"":""observed"",""rating_count"":""observed"",""review_count"":""observed"",""question_count"":""observed"",""delivery_summary"":""observed"",""shipping_cost"":""observed"",""properties"":""observed""}",true,
2026-08-19,2026-08-19T10:00:54+03:00,ev-yasam,BEST_SELLER,banyo,banyo,26,6,174,174,,,27.4,2.6,731493984,311243,Vienev 2li Yuvarlak Kulplu Deterjanlık Saklama Kutusu Kabı Mega Boy 7 Litre Antrasit,Vienev,Saklama Kutusu,https://www.trendyol.com/vienev/2li-yuvarlak-kulplu-deterjanlik-saklama-kutusu-kabi-mega-boy-7-litre-antrasit-p-731493984?boutiqueId=61&merchantId=311243,Vienev,2,198.9,,,,TRY,"[""Kargo Bedava"",""Trendyol Plus'a Özel""]",InStock,100 adetten fazla stok sunulmuştur,,,4.5,4983,2638,,310,784 kişinin sepetinde,"134,3B kişi favoriledi",Son 24 saatte 505 kişi görüntüledi,4999,TRY,0,2,1,6,Tahmini Teslim:,En Çok Favorilenen 1. Ürün,https://cdn.dsmcdn.com/ty1905/prod/QC_ENRICHMENT/20260727/09/a84693be-bd91-3294-8d94-bbfaf29651f7/1_org_zoom.jpg,"{""Materyal"":""Plastik"",""Parça Sayısı"":""2"",""Boyut/Ebat"":""20 x 20"",""Renk"":""Gri"",""Materyal Bileşeni"":""% 100 Plastik"",""Menşei"":""TR""}",20,5,refreshed,"[""daily_top""]",true,2026-08-19T10:00:54+03:00,0,"[""search_result_dom"",""product_detail_jsonld"",""product_detail_dom""]","{""title"":""observed"",""brand"":""observed"",""seller_name"":""observed"",""seller_score"":""observed"",""price"":""observed"",""original_price"":""unavailable"",""campaigns"":""observed"",""stock_status"":""observed"",""stock_signal"":""observed"",""rating"":""observed"",""rating_count"":""observed"",""review_count"":""observed"",""question_count"":""observed"",""delivery_summary"":""observed"",""shipping_cost"":""observed"",""properties"":""observed""}",true,
2026-08-19,2026-08-19T10:00:54+03:00,ev-yasam,BEST_SELLER,banyo,banyo,27,6,175,175,2,,21.9,8.1,940742954,120834,Hagen Kapı Arkası Askılık Banyo Askısı Duvar Askısı Elbise Kıyafet Askısı Siyah,Hagen,,https://www.trendyol.com/hagen/kapi-arkasi-askilik-banyo-askisi-duvar-askisi-elbise-kiyafet-askisi-siyah-p-940742954?boutiqueId=61&merchantId=120834,HAGEN HOME,96,249.9,,,,TRY,"[""Kargo Bedava""]",InStock,100 adetten fazla stok sunulmuştur,,,4.6,539,,,39,,"12,2B kişi favoriledi",,,,0,,,,4 saat 46 dakika içinde sipariş verirsen en geç bugün kargoda!,,,{},0,,refreshed,"[""daily_top""]",true,2026-08-19T10:00:54+03:00,0,"[""search_result_dom"",""product_detail_jsonld"",""product_detail_dom""]","{""title"":""observed"",""brand"":""observed"",""seller_name"":""observed"",""seller_score"":""observed"",""price"":""observed"",""original_price"":""unavailable"",""campaigns"":""observed"",""stock_status"":""observed"",""stock_signal"":""observed"",""rating"":""observed"",""rating_count"":""observed"",""review_count"":""unavailable"",""question_count"":""observed"",""delivery_summary"":""observed"",""shipping_cost"":""unavailable"",""properties"":""observed""}",true,
2026-08-19,2026-08-19T10:00:54+03:00,ev-yasam,BEST_SELLER,banyo,banyo,28,6,176,176,7,,14.7,15.3,1042206450,1010350,COZLEY Lavabo Koku Giderici Silikon Mat Banyo Mutfak Balkon Gider Tıpası Böcek Önleyici Kapak BEJ,COZLEY,Süzgeç,https://www.trendyol.com/cozley/lavabo-koku-giderici-silikon-mat-banyo-mutfak-balkon-gider-tipasi-bocek-onleyici-kapak-bej-p-1042206450?boutiqueId=61&merchantId=1010350,COZLEY,96,129.99,,,,TRY,"[""Kargo Bedava""]",InStock,100 adetten fazla stok sunulmuştur,,,4.7,182,67,,5,342 kişinin sepetinde,"6,7B kişi favoriledi",,4999,TRY,0,1,1,4,13 saat 46 dakika içinde sipariş verirsen en geç yarın kargoda!,En Çok Satan 7. Ürün,https://cdn.dsmcdn.com/ty1784/prod/QC_PREP/20251029/20/5f6e56b7-c447-3052-b1cd-79662e552828/1_org_zoom.jpg,"{""Materyal"":""Plastik"",""Parça Sayısı"":""1"",""Menşei"":""TR"",""Gıda Temas Sembolü"":""Hayır"",""Bakım Talimatları (Gıda Temas)"":""Bulaşık makinesinde yıkanabilir.""}",20,5,refreshed,"[""daily_top""]",true,2026-08-19T10:00:54+03:00,0,"[""search_result_dom"",""product_detail_jsonld"",""product_detail_dom""]","{""title"":""observed"",""brand"":""observed"",""seller_name"":""observed"",""seller_score"":""observed"",""price"":""observed"",""original_price"":""unavailable"",""campaigns"":""observed"",""stock_status"":""observed"",""stock_signal"":""observed"",""rating"":""observed"",""rating_count"":""observed"",""review_count"":""observed"",""question_count"":""observed"",""delivery_summary"":""observed"",""shipping_cost"":""observed"",""properties"":""observed""}",true,
2026-08-19,2026-08-19T10:00:54+03:00,ev-yasam,BEST_SELLER,banyo,banyo,29,6,177,177,,,14.8,15.2,929053781,642301,TncPatiShop Yapışkanlı Metal Dolu Demir Solo Havluluk Paslanmaz Siyah Havlu Tutucu Banyo Lavabo Mutfak Askısı,TncPatiShop,Banyo Askısı,https://www.trendyol.com/tncpatishop/yapiskanli-metal-dolu-demir-solo-havluluk-paslanmaz-siyah-havlu-tutucu-banyo-lavabo-mutfak-askisi-p-929053781?boutiqueId=61&merchantId=642301,TncShop,94,163.37,,,,TRY,"[""Kargo Bedava""]",InStock,100 adetten fazla stok sunulmuştur,,,4.4,153,70,,16,743 kişinin sepetinde,"6,4B kişi favoriledi",Son 24 saatte 404 kişi görüntüledi,4999,TRY,0,,1,4,46 dakika 15 saniye içinde sipariş verirsen en geç bugün kargoda!,,https://cdn.dsmcdn.com/ty1934/prod/QC_ENRICHMENT/20260801/13/9906a455-3b20-351e-a5af-661032add02c/1_org_zoom.jpg,"{""Renk"":""Siyah"",""Tip"":""Havlu Askılığı"",""Menşei"":""TR"",""Bakım Talimatları (Genel)"":""Nemli bir bezle silin.""}",20,5,refreshed,"[""daily_top""]",true,2026-08-19T10:00:54+03:00,0,"[""search_result_dom"",""product_detail_jsonld"",""product_detail_dom""]","{""title"":""observed"",""brand"":""observed"",""seller_name"":""observed"",""seller_score"":""observed"",""price"":""observed"",""original_price"":""unavailable"",""campaigns"":""observed"",""stock_status"":""observed"",""stock_signal"":""observed"",""rating"":""observed"",""rating_count"":""observed"",""review_count"":""observed"",""question_count"":""observed"",""delivery_summary"":""observed"",""shipping_cost"":""observed"",""properties"":""observed""}",true,
2026-08-19,2026-08-19T10:00:54+03:00,ev-yasam,BEST_SELLER,banyo,banyo,30,6,178,178,9,,21.6,8.4,841648285,106777,Bella Maison %100 Pamuk Sunny Yüz Havlusu Sarı (50x70 cm),Bella Maison,Havlu,https://www.trendyol.com/bella-maison/100-pamuk-sunny-yuz-havlusu-sari-50x70-cm-p-841648285?boutiqueId=61&merchantId=106777,Bella Maison,,349.99,,,,TRY,"[""Kargo Bedava"",""Trendyol Plus'a Özel""]",InStock,100 adetten fazla stok sunulmuştur,,,4.7,1006,497,,20,"1,4B kişinin sepetinde","80,3B kişi favoriledi",Son 24 saatte 828 kişi görüntüledi,4999,TRY,0,1,1,4,Tahmini Teslim:,En Çok Satan 9. Ürün,https://cdn.dsmcdn.com/ty1824/prod/QC_ENRICHMENT/20260213/13/8c4599c3-6531-3de2-8782-576db2f10e93/1_org_zoom.jpg,"{""Setli/Tekil"":""Tekil Ürün"",""Materyal"":""Pamuklu"",""Parça Sayısı"":""1"",""Boyut/Ebat"":""50 x 70"",""Renk"":""Sarı"",""Havlu Tipi"":""Yüz Havlusu"",""Desen"":""Ekose / Kareli"",""Materyal Bileşeni"":""100% Pamuk"",""Yıkama Talimatı"":""Type 1"",""Kutu Durumu"":""Kutu yok"",""Menşei"":""TR""}",20,5,refreshed,"[""daily_top""]",true,2026-08-19T10:00:54+03:00,0,"[""search_result_dom"",""product_detail_jsonld"",""product_detail_dom""]","{""title"":""observed"",""brand"":""observed"",""seller_name"":""observed"",""seller_score"":""unavailable"",""price"":""observed"",""original_price"":""unavailable"",""campaigns"":""observed"",""stock_status"":""observed"",""stock_signal"":""observed"",""rating"":""observed"",""rating_count"":""observed"",""review_count"":""observed"",""question_count"":""observed"",""delivery_summary"":""observed"",""shipping_cost"":""observed"",""properties"":""observed""}",true,
2026-08-19,2026-08-19T10:00:54+03:00,ev-yasam,BEST_SELLER,banyo,banyo,31,6,179,179,1,,25.1,4.9,933912469,1110995,Atlas collection %100 Pamuk Havlu Kundak Kulağı | Yumuşak Bambu Havlu Kundak,Atlas collection,,https://www.trendyol.com/atlas-collection/100-pamuk-havlu-kundak-kulagi-yumusak-bambu-havlu-kundak-p-933912469?boutiqueId=61&merchantId=1110995,Guzu Fabric,81,328.99,,,,TRY,"[""Kargo Bedava""]",InStock,100 adetten fazla stok sunulmuştur,,,4.4,1385,,,106,1B kişinin sepetinde,41B kişi favoriledi,Son 24 saatte 560 kişi görüntüledi,,,0,,,,Tahmini Teslim:,En Çok Satan 1. Ürün,,{},0,,refreshed,"[""daily_top""]",true,2026-08-19T10:00:54+03:00,0,"[""search_result_dom"",""product_detail_jsonld"",""product_detail_dom""]","{""title"":""observed"",""brand"":""observed"",""seller_name"":""observed"",""seller_score"":""observed"",""price"":""observed"",""original_price"":""unavailable"",""campaigns"":""observed"",""stock_status"":""observed"",""stock_signal"":""observed"",""rating"":""observed"",""rating_count"":""observed"",""review_count"":""unavailable"",""question_count"":""observed"",""delivery_summary"":""observed"",""shipping_cost"":""unavailable"",""properties"":""observed""}",true,
2026-08-19,2026-08-19T10:00:54+03:00,ev-yasam,BEST_SELLER,banyo,banyo,32,6,180,180,,,9.6,21.4,1126078152,984526,"Dory Havlupan Askısı – Suya ve Isıya Dayanıklı, Pratik ve Dayanıklı Tasarım 1 Adet Beyaz",Dory,Banyo Askısı,https://www.trendyol.com/dory/havlupan-askisi-suya-ve-isiya-dayanikli-pratik-ve-dayanikli-tasarim-1-adet-beyaz-p-1126078152?boutiqueId=61&merchantId=984526,Galeriyo,91,14.85,15,1,,TRY,"[""Sepette %1 İndirim"",""Kargo Bedava""]",InStock,100 adetten fazla stok sunulmuştur,,,4.4,28,11,,2,,896 kişi favoriledi,,4999,TRY,0,2,1,6,Tahmini Teslim:,,https://cdn.dsmcdn.com/ty1848/prod/QC_ENRICHMENT/20260331/08/a536532b-57f8-3909-b967-4844c2275055/1_org_zoom.jpg,"{""Renk"":""Beyaz"",""Tip"":""Havlu Askılığı"",""Menşei"":""TR"",""Bakım Talimatları (Genel)"":""Ürünün kullanım ömrünü korumak için ürüne özel bakım talimatlarını takip ediniz.""}",11,4.18,refreshed,"[""daily_top""]",true,2026-08-19T10:00:54+03:00,0,"[""search_result_dom"",""product_detail_jsonld"",""product_detail_dom""]","{""title"":""observed"",""brand"":""observed"",""seller_name"":""observed"",""seller_score"":""observed"",""price"":""observed"",""original_price"":""observed"",""campaigns"":""observed"",""stock_status"":""observed"",""stock_signal"":""observed"",""rating"":""observed"",""rating_count"":""observed"",""review_count"":""observed"",""question_count"":""observed"",""delivery_summary"":""observed"",""shipping_cost"":""observed"",""properties"":""observed""}",true,
2026-08-19,2026-08-19T10:00:54+03:00,ev-yasam,BEST_SELLER,banyo,banyo,33,6,181,181,8,,26.4,3.6,75813469,120834,"Hagen Ömür Boyu Paslanmaz Yapışkanlı Tuvalet Kağıtlık, Wc Kağıtlık Mat Siyah",Hagen,,https://www.trendyol.com/hagen/omur-boyu-paslanmaz-yapiskanli-tuvalet-kagitlik-wc-kagitlik-mat-siyah-p-75813469?boutiqueId=61&merchantId=120834,HAGEN HOME,96,224.9,,,,TRY,"[""Kargo Bedava""]",InStock,100 adetten fazla stok sunulmuştur,,,4.7,1996,,,196,520 kişinin sepetinde,"50,8B kişi favoriledi",,,,0,,,,4 saat 46 dakika içinde sipariş verirsen en geç bugün kargoda!,En Çok Favorilenen 8. Ürün,,{},0,,refreshed,"[""daily_top""]",true,2026-08-19T10:00:54+03:00,0,"[""search_result_dom"",""product_detail_jsonld"",""product_detail_dom""]","{""title"":""observed"",""brand"":""observed"",""seller_name"":""observed"",""seller_score"":""observed"",""price"":""observed"",""original_price"":""unavailable"",""campaigns"":""observed"",""stock_status"":""observed"",""stock_signal"":""observed"",""rating"":""observed"",""rating_count"":""observed"",""review_count"":""unavailable"",""question_count"":""observed"",""delivery_summary"":""observed"",""shipping_cost"":""unavailable"",""properties"":""observed""}",true,
2026-08-19,2026-08-19T10:00:54+03:00,ev-yasam,BEST_SELLER,banyo,banyo,34,6,182,182,17,,25,5,304338554,417454,Mulberry Katya Peştemal %100 Pamuk Banyo Havlusu,Mulberry,,https://www.trendyol.com/mulberry/katya-pestemal-100-pamuk-banyo-havlusu-p-304338554?boutiqueId=61&merchantId=417454,Mulberry,,185.59,,,,TRY,"[""Kargo Bedava"",""Trendyol Plus'a Özel""]",InStock,100 adetten fazla stok sunulmuştur,,,4.8,1344,,,72,614 kişinin sepetinde,"13,3B kişi favoriledi",Son 24 saatte 564 kişi görüntüledi,,,0,,,,2 saat 46 dakika içinde sipariş verirsen en geç bugün kargoda!,,,{},0,,refreshed,"[""daily_top""]",true,2026-08-19T10:00:54+03:00,0,"[""search_result_dom"",""product_detail_jsonld"",""product_detail_dom""]","{""title"":""observed"",""brand"":""observed"",""seller_name"":""observed"",""seller_score"":""unavailable"",""price"":""observed"",""original_price"":""unavailable"",""campaigns"":""observed"",""stock_status"":""observed"",""stock_signal"":""observed"",""rating"":""observed"",""rating_count"":""observed"",""review_count"":""unavailable"",""question_count"":""observed"",""delivery_summary"":""observed"",""shipping_cost"":""unavailable"",""properties"":""observed""}",true,
2026-08-19,2026-08-19T10:00:54+03:00,ev-yasam,BEST_SELLER,banyo,banyo,35,6,183,183,,-110,9.2,20.8,1177655103,529219,H&E LUXURY DESIGN 2'li Koyu Yeşil Okaliptus ve Sarmaşık Sarkıt Seti Yapay Çiçek 80 cm (SAKSISIZ),H&E LUXURY DESIGN,Yapay Çiçek,https://www.trendyol.com/h-e-luxury-design/2-li-koyu-yesil-okaliptus-ve-sarmasik-sarkit-seti-yapay-cicek-80-cm-saksisiz-p-1177655103?boutiqueId=61&merchantId=529219,H&E Design,9,249.86,,,0,TRY,"[""Kargo Bedava""]",InStock,100 adetten fazla stok sunulmuştur,,,4.6,18,13,1,4,919 kişinin sepetinde,4B kişi favoriledi,"Son 24 saatte 1,3B kişi görüntüledi",4999,TRY,0,1,1,4,13 saat 46 dakika içinde sipariş verirsen en geç yarın kargoda!,,https://cdn.dsmcdn.com/ty1920/prod/QC_PREP/20260730/15/c9130eb3-59db-3e8a-99d6-64df1d5ea056/1_org_zoom.jpg,"{""Renk"":""Yeşil"",""Yükseklik"":""51 - 80 cm"",""Çiçek Türü"":""Sarmaşık"",""Menşei"":""CN""}",13,4.54,refreshed,"[""daily_top"",""hot_change""]",true,2026-08-19T10:00:54+03:00,0,"[""search_result_dom"",""product_detail_jsonld"",""product_detail_dom""]","{""title"":""observed"",""brand"":""observed"",""seller_name"":""observed"",""seller_score"":""observed"",""price"":""observed"",""original_price"":""unavailable"",""campaigns"":""observed"",""stock_status"":""observed"",""stock_signal"":""observed"",""rating"":""observed"",""rating_count"":""observed"",""review_count"":""observed"",""question_count"":""observed"",""delivery_summary"":""observed"",""shipping_cost"":""observed"",""properties"":""observed""}",true,
2026-08-19,2026-08-19T10:00:54+03:00,ev-yasam,BEST_SELLER,banyo,banyo,36,6,184,184,10,-77,29.6,6,1020114534,745685,DNZ DEKOR Antik Yunan Stili 2'li Heykel Mum,DNZ DEKOR,Mum ve Kandil,https://www.trendyol.com/dnz-dekor/antik-yunan-stili-2-li-heykel-mum-p-1020114534?boutiqueId=61&merchantId=745685,DNZ DEKOR,,169.99,179.99,5.6,-5.6,TRY,"[""Kargo Bedava""]",InStock,100 adetten fazla stok sunulmuştur,,,4.1,1627,995,3,114,"1,6B kişinin sepetinde","141,2B kişi favoriledi","Son 24 saatte 1,4B kişi görüntüledi",4999,TRY,0,1,1,4,13 saat 46 dakika içinde sipariş verirsen en geç yarın kargoda!,,https://cdn.dsmcdn.com/ty1772/prod/QC_PREP/20251010/22/e7e4a169-0233-3344-a123-def5ff4d0cd9/1_org_zoom.jpg,"{""Renk"":""Beyaz"",""Özellik"":""Kokusuz"",""Boyut/Ebat"":""2 X 3"",""Parça Sayısı"":""2"",""Koku Aroması"":""Kokusuz"",""Menşei"":""TR""}",20,5,refreshed,"[""daily_top"",""hot_change""]",true,2026-08-19T10:00:54+03:00,0,"[""search_result_dom"",""product_detail_jsonld"",""product_detail_dom""]","{""title"":""observed"",""brand"":""observed"",""seller_name"":""observed"",""seller_score"":""unavailable"",""price"":""observed"",""original_price"":""observed"",""campaigns"":""observed"",""stock_status"":""observed"",""stock_signal"":""observed"",""rating"":""observed"",""rating_count"":""observed"",""review_count"":""observed"",""question_count"":""observed"",""delivery_summary"":""observed"",""shipping_cost"":""observed"",""properties"":""observed""}",true,
2026-08-19,2026-08-19T10:00:54+03:00,ev-yasam,BEST_SELLER,banyo,banyo,37,6,185,185,3,,26,4,862906977,242433,"Mowo Home Siyah 2 Katlı Düzenleyici Mutfak Rafı Banyo Rafı, Dolap Tezgah Altı Evye Altı Deterjanlık",Mowo Home,,https://www.trendyol.com/mowo-home/siyah-2-katli-duzenleyici-mutfak-rafi-banyo-rafi-dolap-tezgah-alti-evye-alti-deterjanlik-p-862906977?boutiqueId=61&merchantId=242433,MoWo Home,96,249.9,,,,TRY,"[""Kargo Bedava"",""Trendyol Plus'a Özel""]",InStock,100 adetten fazla stok sunulmuştur,,,4.7,1802,,,33,935 kişinin sepetinde,"25,4B kişi favoriledi",Son 24 saatte 444 kişi görüntüledi,,,0,,,,2 saat 46 dakika içinde sipariş verirsen en geç bugün kargoda!,,,{},0,,refreshed,"[""daily_top""]",true,2026-08-19T10:00:54+03:00,0,"[""search_result_dom"",""product_detail_jsonld"",""product_detail_dom""]","{""title"":""observed"",""brand"":""observed"",""seller_name"":""observed"",""seller_score"":""observed"",""price"":""observed"",""original_price"":""unavailable"",""campaigns"":""observed"",""stock_status"":""observed"",""stock_signal"":""observed"",""rating"":""observed"",""rating_count"":""observed"",""review_count"":""unavailable"",""question_count"":""observed"",""delivery_summary"":""observed"",""shipping_cost"":""unavailable"",""properties"":""observed""}",true,
2026-08-19,2026-08-19T10:00:54+03:00,ev-yasam,BEST_SELLER,banyo,banyo,38,6,186,186,2,-109,27.2,2.8,852270857,435670,Mariesse Home Naturel Sisal Jüt Halı Modern Yıkanabilir Toz Vermez Halı,Mariesse Home,,https://www.trendyol.com/mariesse-home/naturel-sisal-jut-hali-modern-yikanabilir-toz-vermez-hali-p-852270857?boutiqueId=61&merchantId=435670,MARİESSE HOME,89,114.67,,,11.9,TRY,"[""Kargo Bedava""]",InStock,10 adetten fazla stok sunulmuştur,,,4.4,2527,,0,896,"2,8B kişinin sepetinde","138,2B kişi favoriledi","Son 24 saatte 1,9B kişi görüntüledi",,,0,,,,13 saat 46 dakika içinde sipariş verirsen en geç yarın kargoda!,En Çok Satan 2. Ürün,,{},0,,refreshed,"[""daily_top"",""hot_change""]",true,2026-08-19T10:00:54+03:00,0,"[""search_result_dom"",""product_detail_jsonld"",""product_detail_dom""]","{""title"":""observed"",""brand"":""observed"",""seller_name"":""observed"",""seller_score"":""observed"",""price"":""observed"",""original_price"":""unavailable"",""campaigns"":""observed"",""stock_status"":""observed"",""stock_signal"":""observed"",""rating"":""observed"",""rating_count"":""observed"",""review_count"":""unavailable"",""question_count"":""observed"",""delivery_summary"":""observed"",""shipping_cost"":""unavailable"",""properties"":""observed""}",true,
2026-08-19,2026-08-19T10:00:54+03:00,ev-yasam,BEST_SELLER,banyo,banyo,39,6,187,187,3,-93,28.2,1.8,379980238,757650,"homeyandlovey Ahşap Küçük Boncuklu Hasır Doğal Rafya/jüt Tepsi, Dekoratif Tepsi, Banyo, Ev, Dekor Tepsi",homeyandlovey,,https://www.trendyol.com/homeyandlovey/ahsap-kucuk-boncuklu-hasir-dogal-rafya-jut-tepsi-dekoratif-tepsi-banyo-ev-dekor-tepsi-p-379980238?boutiqueId=61&merchantId=757650,N Home Design,85,199.99,,,0,TRY,"[""Sepette %3 İndirim"",""Kargo Bedava""]",InStock,100 adetten fazla stok sunulmuştur,,,4.3,3302,,0,216,"1,5B kişinin sepetinde","188,1B kişi favoriledi","Son 24 saatte 1,3B kişi görüntüledi",,,0,,,,4 saat 45 dakika içinde sipariş verirsen en geç bugün kargoda!,En Çok Favorilenen 6. Ürün,,{},0,,refreshed,"[""daily_top"",""hot_change""]",true,2026-08-19T10:00:54+03:00,0,"[""search_result_dom"",""product_detail_jsonld"",""product_detail_dom""]","{""title"":""observed"",""brand"":""observed"",""seller_name"":""observed"",""seller_score"":""observed"",""price"":""observed"",""original_price"":""unavailable"",""campaigns"":""observed"",""stock_status"":""observed"",""stock_signal"":""observed"",""rating"":""observed"",""rating_count"":""observed"",""review_count"":""unavailable"",""question_count"":""observed"",""delivery_summary"":""observed"",""shipping_cost"":""unavailable"",""properties"":""observed""}",true,
2026-08-19,2026-08-19T10:00:54+03:00,ev-yasam,BEST_SELLER,banyo,banyo,40,6,188,188,2,,17.8,12.2,851607684,386726,EIFIN Pamuklu Bebek Havlu Kundak Tavşan Nakışlı,EIFIN,Bebek Havlu,https://www.trendyol.com/eifin/pamuklu-bebek-havlu-kundak-tavsan-nakisli-p-851607684?boutiqueId=61&merchantId=386726,EİFİN,,349,,,,TRY,[],InStock,5 adetten fazla stok sunulmuştur,,,4.7,302,169,,,,,,4999,TRY,0,,1,4,1 saat 45 dakika içinde sipariş verirsen en geç bugün kargoda!,En Çok Satan 2. Ürün,https://cdn.dsmcdn.com/ty1892/prod/QC_ENRICHMENT/20260625/10/bed8c6cb-ad94-37ec-898d-ebbcc650c082/1_org_zoom.jpg,"{""Materyal"":""Pamuk"",""Parça Sayısı"":""1"",""Renk"":""Ekru"",""Boyut/Ebat"":""75 x 75"",""Desen"":""Nakışlı / İşlemeli"",""Materyal Bileşeni"":""Pamuklu"",""Yıkama Talimatı"":""T08"",""Menşei"":""TR""}",20,5,refreshed,"[""daily_top""]",true,2026-08-19T10:00:54+03:00,0,"[""search_result_dom"",""product_detail_jsonld"",""product_detail_dom""]","{""title"":""observed"",""brand"":""observed"",""seller_name"":""observed"",""seller_score"":""unavailable"",""price"":""observed"",""original_price"":""unavailable"",""campaigns"":""unavailable"",""stock_status"":""observed"",""stock_signal"":""observed"",""rating"":""observed"",""rating_count"":""observed"",""review_count"":""observed"",""question_count"":""unavailable"",""delivery_summary"":""observed"",""shipping_cost"":""observed"",""properties"":""observed""}",true,
2026-08-19,2026-08-19T10:00:54+03:00,ev-yasam,BEST_SELLER,banyo,banyo,41,6,189,189,10,,0,,828490863,249301,Casnack Seher 6'lı Mutfak ve El&Yüz Havlu Seti 30x50 cm,Casnack,,https://www.trendyol.com/casnack/seher-6-li-mutfak-ve-el-yuz-havlu-seti-30x50-cm-p-828490863?boutiqueId=61&merchantId=249301,Casnack,,649.9,,,,TRY,"[""Kargo Bedava"",""Trendyol Plus'a Özel""]",InStock,100 adetten fazla stok sunulmuştur,,,,,,,,,,,,,0,,,,4 saat 45 dakika içinde sipariş verirsen en geç bugün kargoda!,En Çok Satan 10. Ürün,,{},0,,refreshed,"[""daily_top""]",true,2026-08-19T10:00:54+03:00,0,"[""search_result_dom"",""product_detail_jsonld"",""product_detail_dom""]","{""title"":""observed"",""brand"":""observed"",""seller_name"":""observed"",""seller_score"":""unavailable"",""price"":""observed"",""original_price"":""unavailable"",""campaigns"":""observed"",""stock_status"":""observed"",""stock_signal"":""observed"",""rating"":""unavailable"",""rating_count"":""unavailable"",""review_count"":""unavailable"",""question_count"":""unavailable"",""delivery_summary"":""observed"",""shipping_cost"":""unavailable"",""properties"":""observed""}",true,
2026-08-19,2026-08-19T10:00:54+03:00,ev-yasam,BEST_SELLER,banyo,banyo,42,6,190,190,4,,24.6,5.4,969428482,120164,"WANDOO 5 Raflı Çok Amaçlı Metal ve Ahşap Dolap – Kitaplık, Mutfak, Kırtasiye ve Banyo Rafı",WANDOO,,https://www.trendyol.com/wandoo/5-rafli-cok-amacli-metal-ve-ahsap-dolap-kitaplik-mutfak-kirtasiye-ve-banyo-rafi-p-969428482?boutiqueId=61&merchantId=120164,Awox Türkiye,85,819,,,,TRY,"[""Kargo Bedava""]",InStock,100 adetten fazla stok sunulmuştur,,,4.3,1178,,,247,"1,1B kişinin sepetinde",8B kişi favoriledi,Son 24 saatte 1B kişi görüntüledi,,,0,,,,13 saat 45 dakika içinde sipariş verirsen en geç yarın kargoda!,En Çok Satan 4. Ürün,,{},0,,refreshed,"[""daily_top""]",true,2026-08-19T10:00:54+03:00,0,"[""search_result_dom"",""product_detail_jsonld"",""product_detail_dom""]","{""title"":""observed"",""brand"":""observed"",""seller_name"":""observed"",""seller_score"":""observed"",""price"":""observed"",""original_price"":""unavailable"",""campaigns"":""observed"",""stock_status"":""observed"",""stock_signal"":""observed"",""rating"":""observed"",""rating_count"":""observed"",""review_count"":""unavailable"",""question_count"":""observed"",""delivery_summary"":""observed"",""shipping_cost"":""unavailable"",""properties"":""observed""}",true,
2026-08-19,2026-08-19T10:00:54+03:00,ev-yasam,BEST_SELLER,banyo,banyo,43,6,191,191,6,,17.9,13.1,1136127901,201516,ALgorand Home Oval Peluş Halı Krem Kaymaz Taban Yıkanabilir Yumuşak Salon Yatak Odası Halısı,ALgorand Home,,https://www.trendyol.com/algorand-home/oval-pelus-hali-krem-kaymaz-taban-yikanabilir-yumusak-salon-yatak-odasi-halisi-p-1136127901?boutiqueId=61&merchantId=201516,ALgorand Home,,77.52,78.3,1,,TRY,"[""Sepette %1 İndirim"",""Kargo Bedava""]",InStock,10 adetten fazla stok sunulmuştur,,,4.1,128,,,48,"1,7B kişinin sepetinde","13,7B kişi favoriledi",Son 24 saatte 949 kişi görüntüledi,,,0,,,,Tahmini Teslim:,,,{},0,,refreshed,"[""daily_top""]",true,2026-08-19T10:00:54+03:00,0,"[""search_result_dom"",""product_detail_jsonld"",""product_detail_dom""]","{""title"":""observed"",""brand"":""observed"",""seller_name"":""observed"",""seller_score"":""unavailable"",""price"":""observed"",""original_price"":""observed"",""campaigns"":""observed"",""stock_status"":""observed"",""stock_signal"":""observed"",""rating"":""observed"",""rating_count"":""observed"",""review_count"":""unavailable"",""question_count"":""observed"",""delivery_summary"":""observed"",""shipping_cost"":""unavailable"",""properties"":""observed""}",true,
2026-08-19,2026-08-19T10:00:54+03:00,ev-yasam,BEST_SELLER,banyo,banyo,44,6,192,192,,,23.6,6.4,384038330,106777,Bella Maison Pamuklu Liberty Kurulama Bezi Seti 3'lü Lacivert (45x65 cm),Bella Maison,Mutfak Havlusu Kurulama Bezi,https://www.trendyol.com/bella-maison/pamuklu-liberty-kurulama-bezi-seti-3-lu-lacivert-45x65-cm-p-384038330?boutiqueId=61&merchantId=106777,Bella Maison,,179.99,,,,TRY,"[""Kargo Bedava"",""Trendyol Plus'a Özel""]",InStock,100 adetten fazla stok sunulmuştur,,,4.7,1748,899,,17,"1,3B kişinin sepetinde","88,6B kişi favoriledi",Son 24 saatte 369 kişi görüntüledi,4999,TRY,0,2,1,6,Tahmini Teslim:,En Çok Favorilenen 1. Ürün,https://cdn.dsmcdn.com/ty1852/prod/QC_ENRICHMENT/20260406/16/eabb974d-6243-3e61-8a07-d943673c39f1/1_org_zoom.jpg,"{""Boyut/Ebat"":""45 x 65"",""Setli/Tekil"":""Setli Ürün"",""Renk"":""Lacivert"",""Materyal"":""Mikrofiber"",""Parça Sayısı"":""3"",""Desen"":""Düz"",""Yıkama Talimatı"":""Type 1"",""Materyal Bileşeni"":""%100 Pamuk"",""Menşei"":""TR""}",20,5,refreshed,"[""daily_top""]",true,2026-08-19T10:00:54+03:00,0,"[""search_result_dom"",""product_detail_jsonld"",""product_detail_dom""]","{""title"":""observed"",""brand"":""observed"",""seller_name"":""observed"",""seller_score"":""unavailable"",""price"":""observed"",""original_price"":""unavailable"",""campaigns"":""observed"",""stock_status"":""observed"",""stock_signal"":""observed"",""rating"":""observed"",""rating_count"":""observed"",""review_count"":""observed"",""question_count"":""observed"",""delivery_summary"":""observed"",""shipping_cost"":""observed"",""properties"":""observed""}",true,
2026-08-19,2026-08-19T10:00:54+03:00,ev-yasam,BEST_SELLER,banyo,banyo,45,6,193,193,2,,24.8,5.2,841224699,311243,Vienev 2'li 4 Litre Beyaz Serigrafi Etiketli Deterjanlık Saklama Kutusu Kabı Antrasit,Vienev,,https://www.trendyol.com/vienev/2-li-4-litre-beyaz-serigrafi-etiketli-deterjanlik-saklama-kutusu-kabi-antrasit-p-841224699?boutiqueId=61&merchantId=311243,Vienev,2,199.9,,,,TRY,"[""Kargo Bedava"",""Trendyol Plus'a Özel""]",InStock,100 adetten fazla stok sunulmuştur,,,4.5,1242,,,55,694 kişinin sepetinde,"57,4B kişi favoriledi",Son 24 saatte 801 kişi görüntüledi,,,0,,,,13 saat 45 dakika içinde sipariş verirsen en geç yarın kargoda!,,,{},0,,refreshed,"[""daily_top""]",true,2026-08-19T10:00:54+03:00,0,"[""search_result_dom"",""product_detail_jsonld"",""product_detail_dom""]","{""title"":""observed"",""brand"":""observed"",""seller_name"":""observed"",""seller_score"":""observed"",""price"":""observed"",""original_price"":""unavailable"",""campaigns"":""observed"",""stock_status"":""observed"",""stock_signal"":""observed"",""rating"":""observed"",""rating_count"":""observed"",""review_count"":""unavailable"",""question_count"":""observed"",""delivery_summary"":""observed"",""shipping_cost"":""unavailable"",""properties"":""observed""}",true,
2026-08-19,2026-08-19T10:00:54+03:00,ev-yasam,BEST_SELLER,ev-duzenleme,ev düzenleme,1,3,194,194,2,,23,24.5,1060913741,1011549,Spartek home textile 2Adet-KAPAKLI Desenli Dolap İçi Çamaşır Oyuncak Düzenleyici Katlanır Kapaklı Saklama Kutusu 30x30x30,Spartek home textile,Saklama Kutusu,https://www.trendyol.com/spartek-home-textile/2adet-kapakli-desenli-dolap-ici-camasir-oyuncak-duzenleyici-katlanir-kapakli-saklama-kutusu-30x30x30-p-1060913741?boutiqueId=61&merchantId=1011549,Spartek home textile,2,189.9,,,,TRY,"[""Kargo Bedava"",""Trendyol Plus'a Özel""]",InStock,100 adetten fazla stok sunulmuştur,Son 3 günde 250+ ürün satıldı!,250,4.3,364,179,,24,"1,6B kişinin sepetinde","23,9B kişi favoriledi","Son 24 saatte 1,7B kişi görüntüledi",4999,TRY,0,,1,4,4 saat 45 dakika içinde sipariş verirsen en geç bugün kargoda!,En Çok Satan 2. Ürün,https://cdn.dsmcdn.com/ty1794/prod/QC_PREP/20251204/12/702acebb-626c-3001-a41a-318a8b9b705a/1_org_zoom.jpg,"{""Materyal"":""Kumaş"",""Parça Sayısı"":""2"",""Boyut/Ebat"":""30 x 30"",""Renk"":""Gri"",""Materyal Bileşeni"":""tela kumaş doppel karton"",""Menşei"":""TR""}",20,5,refreshed,"[""daily_top""]",true,2026-08-19T10:00:54+03:00,0,"[""search_result_dom"",""product_detail_jsonld"",""product_detail_dom""]","{""title"":""observed"",""brand"":""observed"",""seller_name"":""observed"",""seller_score"":""observed"",""price"":""observed"",""original_price"":""unavailable"",""campaigns"":""observed"",""stock_status"":""observed"",""stock_signal"":""observed"",""rating"":""observed"",""rating_count"":""observed"",""review_count"":""observed"",""question_count"":""observed"",""delivery_summary"":""observed"",""shipping_cost"":""observed"",""properties"":""observed""}",true,
2026-08-19,2026-08-19T10:00:54+03:00,ev-yasam,BEST_SELLER,ev-duzenleme,ev düzenleme,2,3,195,195,2,,32.8,14.7,870505638,180667,"Nandy Home 10 Parça Çekmece İçi Kaşıklık, Düzenleyici, Organizer",Nandy Home,,https://www.trendyol.com/nandy-home/10-parca-cekmece-ici-kasiklik-duzenleyici-organizer-p-870505638?boutiqueId=61&merchantId=180667,Nandy Home,10,176.37,,,,TRY,"[""Kargo Bedava""]",InStock,100 adetten fazla stok sunulmuştur,Son 3 günde 250+ ürün satıldı!,250,4.5,3001,,,138,"1,6B kişinin sepetinde","89,3B kişi favoriledi","Son 24 saatte 1,7B kişi görüntüledi",,,0,,,,13 saat 45 dakika içinde sipariş verirsen en geç yarın kargoda!,En Çok Ziyaret Edilen 4. Ürün,,{},0,,refreshed,"[""daily_top""]",true,2026-08-19T10:00:54+03:00,0,"[""search_result_dom"",""product_detail_jsonld"",""product_detail_dom""]","{""title"":""observed"",""brand"":""observed"",""seller_name"":""observed"",""seller_score"":""observed"",""price"":""observed"",""original_price"":""unavailable"",""campaigns"":""observed"",""stock_status"":""observed"",""stock_signal"":""observed"",""rating"":""observed"",""rating_count"":""observed"",""review_count"":""unavailable"",""question_count"":""observed"",""delivery_summary"":""observed"",""shipping_cost"":""unavailable"",""properties"":""observed""}",true,
2026-08-19,2026-08-19T10:00:54+03:00,ev-yasam,BEST_SELLER,ev-duzenleme,ev düzenleme,3,3,196,196,,,35,12.5,784022631,808355,OFFBOX 12 Adet 24 Parça 2 Litre Dikdörtgen Erzak Bakliyat Saklama Kabı Seti 20 Etiket Hediyeli,OFFBOX,Saklama Kabı,https://www.trendyol.com/offbox/12-adet-24-parca-2-litre-dikdortgen-erzak-bakliyat-saklama-kabi-seti-20-etiket-hediyeli-p-784022631?boutiqueId=61&merchantId=808355,OFFBOX,12,327.19,,,,TRY,"[""Kargo Bedava""]",InStock,100 adetten fazla stok sunulmuştur,Son 3 günde 250+ ürün satıldı!,250,4.7,10729,5670,,886,"1,3B kişinin sepetinde","123,1B kişi favoriledi","Son 24 saatte 1,3B kişi görüntüledi",4999,TRY,0,1,1,4,13 saat 45 dakika içinde sipariş verirsen en geç yarın kargoda!,,https://cdn.dsmcdn.com/ty1604/prod/QC/20241115/10/7a0eb906-46de-3b8e-9ec1-603137432bbd/1_org_zoom.jpg,"{""Materyal"":""Plastik"",""Parça Sayısı"":""12+"",""Renk"":""Gri"",""Hacim"":""2 L"",""Menşei"":""TR"",""Bakım Talimatları (Gıda Temas)"":""Gıda ile temas güvenlidir."",""Gıda Temas Sembolü"":""Evet""}",20,5,refreshed,"[""daily_top""]",true,2026-08-19T10:00:54+03:00,0,"[""search_result_dom"",""product_detail_jsonld"",""product_detail_dom""]","{""title"":""observed"",""brand"":""observed"",""seller_name"":""observed"",""seller_score"":""observed"",""price"":""observed"",""original_price"":""unavailable"",""campaigns"":""observed"",""stock_status"":""observed"",""stock_signal"":""observed"",""rating"":""observed"",""rating_count"":""observed"",""review_count"":""observed"",""question_count"":""observed"",""delivery_summary"":""observed"",""shipping_cost"":""observed"",""properties"":""observed""}",true,
2026-08-19,2026-08-19T10:00:54+03:00,ev-yasam,BEST_SELLER,ev-duzenleme,ev düzenleme,4,3,197,197,5,,11.3,18.7,1157277335,300284,"Minty Life 33 Gözlü Küre Yuvarlak Buz Kalıbı , Kolay Çıkan , İçecek Buzlu Kahve ve Kokteyl Buzluğu",Minty Life,Buz Kalıbı,https://www.trendyol.com/minty-life/33-gozlu-kure-yuvarlak-buz-kalibi-kolay-cikan-icecek-buzlu-kahve-ve-kokteyl-buzlugu-p-1157277335?boutiqueId=61&merchantId=300284,Mintylife,9,33.56,,,,TRY,"[""49,94 TL Kupon"",""Kargo Bedava"",""Son 10 Günün En Düşük Fiyatı"",""Trendyol Plus'a Özel""]",InStock,100 adetten fazla stok sunulmuştur,,,3.9,38,25,,6,745 kişinin sepetinde,3B kişi favoriledi,Son 24 saatte 508 kişi görüntüledi,4999,TRY,0,1,1,4,13 saat 45 dakika içinde sipariş verirsen en geç yarın kargoda!,En Çok Satan 5. Ürün,https://cdn.dsmcdn.com/ty1930/prod/QC_PREP/20260617/00/dd7c239b-556f-3caf-aa5a-5cd215cb2629/1_org_zoom.jpg,"{""Boyut/Ebat"":""170 x 100"",""Materyal"":""Plastik"",""Menşei"":""TR""}",20,4.25,refreshed,"[""daily_top""]",true,2026-08-19T10:00:54+03:00,0,"[""search_result_dom"",""product_detail_jsonld"",""product_detail_dom""]","{""title"":""observed"",""brand"":""observed"",""seller_name"":""observed"",""seller_score"":""observed"",""price"":""observed"",""original_price"":""unavailable"",""campaigns"":""observed"",""stock_status"":""observed"",""stock_signal"":""observed"",""rating"":""observed"",""rating_count"":""observed"",""review_count"":""observed"",""question_count"":""observed"",""delivery_summary"":""observed"",""shipping_cost"":""observed"",""properties"":""observed""}",true,
2026-08-19,2026-08-19T10:00:54+03:00,ev-yasam,BEST_SELLER,ev-duzenleme,ev düzenleme,5,3,198,198,3,-180,33,18.5,962499019,1119631,"Yunus Göksu Design Mutfak Rulo Tutucusu- Düzenleyicisi (1 adet, 2' li ürün)",Yunus Göksu Design,,https://www.trendyol.com/yunus-goksu-design/mutfak-rulo-tutucusu-duzenleyicisi-1-adet-2-li-urun-p-962499019?boutiqueId=61&merchantId=1119631,Innoway,9,159.36,166,4,-4.6,TRY,"[""Sepette %4 İndirim"",""Sepette %1 İndirim"",""Kargo Bedava""]",InStock,100 adetten fazla stok sunulmuştur,Son 3 günde 250+ ürün satıldı!,250,3.3,1011,,0,65,"7,6B kişinin sepetinde","238,2B kişi favoriledi","Son 24 saatte 1,9B kişi görüntüledi",,,0,,,,1 saat 45 dakika içinde sipariş verirsen en geç bugün kargoda!,En Çok Favorilenen 7. Ürün,,{},0,,refreshed,"[""daily_top"",""hot_change""]",true,2026-08-19T10:00:54+03:00,0,"[""search_result_dom"",""product_detail_jsonld"",""product_detail_dom""]","{""title"":""observed"",""brand"":""observed"",""seller_name"":""observed"",""seller_score"":""observed"",""price"":""observed"",""original_price"":""observed"",""campaigns"":""observed"",""stock_status"":""observed"",""stock_signal"":""observed"",""rating"":""observed"",""rating_count"":""observed"",""review_count"":""unavailable"",""question_count"":""observed"",""delivery_summary"":""observed"",""shipping_cost"":""unavailable"",""properties"":""observed""}",true,
2026-08-19,2026-08-19T10:00:54+03:00,ev-yasam,BEST_SELLER,kategori-95,wc=95,1,2,199,199,4,-76,25.9,4.1,1042465502,675708,OVERMAX Sevimli Kahve Köşesi 6’lı Biblo Seti - Kupa - Kahve Çekirdeği - Mokapot - Bardak - Çaydanlık - Cezve,OVERMAX,,https://www.trendyol.com/overmax/sevimli-kahve-kosesi-6-li-biblo-seti-kupa-kahve-cekirdegi-mokapot-bardak-caydanlik-cezve-p-1042465502?boutiqueId=61&merchantId=675708,Past Store,96,74.99,,,-50,TRY,"[""Kargo Bedava""]",InStock,100 adetten fazla stok sunulmuştur,Son 3 günde 250+ ürün satıldı!,,4.3,1728,,0,87,,,,,,0,,,,6 saat 45 dakika içinde sipariş verirsen en geç bugün kargoda!,En Çok Satan 4. Ürün,,{},0,,refreshed,"[""daily_top""]",true,2026-08-19T10:00:54+03:00,0,"[""search_result_dom"",""product_detail_jsonld"",""product_detail_dom""]","{""title"":""observed"",""brand"":""observed"",""seller_name"":""observed"",""seller_score"":""observed"",""price"":""observed"",""original_price"":""unavailable"",""campaigns"":""observed"",""stock_status"":""observed"",""stock_signal"":""observed"",""rating"":""observed"",""rating_count"":""observed"",""review_count"":""unavailable"",""question_count"":""observed"",""delivery_summary"":""observed"",""shipping_cost"":""unavailable"",""properties"":""observed""}",true,
2026-08-19,2026-08-19T10:00:54+03:00,ev-yasam,BEST_SELLER,kategori-95,wc=95,2,2,200,200,5,-17,19.3,10.7,1151039374,675708,OVERMAX Rustik Halat Tasarımlı Minyatür Abajur / Masa Üstü Dekor Lambası 17x6 CM,OVERMAX,,https://www.trendyol.com/overmax/rustik-halat-tasarimli-minyatur-abajur-masa-ustu-dekor-lambasi-17x6-cm-p-1151039374?boutiqueId=61&merchantId=675708,Past Store,96,74.99,,,0,TRY,"[""Kargo Bedava""]",InStock,100 adetten fazla stok sunulmuştur,,,4.2,256,,0,47,"2,6B kişinin sepetinde","31,2B kişi favoriledi","Son 24 saatte 2,3B kişi görüntüledi",,,0,,,,6 saat 45 dakika içinde sipariş verirsen en geç bugün kargoda!,En Çok Satan 5. Ürün,,{},0,,refreshed,"[""daily_top""]",true,2026-08-19T10:00:54+03:00,0,"[""search_result_dom"",""product_detail_jsonld"",""product_detail_dom""]","{""title"":""observed"",""brand"":""observed"",""seller_name"":""observed"",""seller_score"":""observed"",""price"":""observed"",""original_price"":""unavailable"",""campaigns"":""observed"",""stock_status"":""observed"",""stock_signal"":""observed"",""rating"":""observed"",""rating_count"":""observed"",""review_count"":""unavailable"",""question_count"":""observed"",""delivery_summary"":""observed"",""shipping_cost"":""unavailable"",""properties"":""observed""}",true,
