date,captured_at,query,sort,source_segment,source_query,segment_position,source_page,search_position,bestseller_rank,category_rank,rank_delta,trend_score,niche_score,product_id,merchant_id,title,brand,category,url,seller_name,seller_score,price,original_price,discount_percent,price_delta_percent,currency,campaigns,stock_status,stock_signal,sales_signal,sales_signal_min,rating,rating_count,review_count,review_delta,question_count,basket_signal,favorite_signal,view_signal,shipping_cost,shipping_currency,handling_days_min,handling_days_max,transit_days_min,transit_days_max,delivery_summary,badge,image_url,properties,sample_review_count,sample_review_avg,detail_status,detail_selection,detail_attempted,detail_refreshed_at,detail_age_days,data_sources,field_availability,detail_ok,detail_error
2026-08-19,2026-08-19T09:00:50+03:00,çocuk,BEST_SELLER,genel-cocuk,çocuk,1,1,1,1,10,1,143.2,24.5,876839630,1047741,Magly Manyetik Yapı Blokları – Çocuklar İçin Renkli 3 Boyutlu 72 Parça Manyetik Karo Oyun Seti,Magly,Eğitici Oyuncak,https://www.trendyol.com/magly/manyetik-yapi-bloklari-cocuklar-icin-renkli-3-boyutlu-72-parca-manyetik-karo-oyun-seti-p-876839630?boutiqueId=61&merchantId=1047741,Magly,,1784.25,2745,35,0,TRY,"[""Sepette %35 İndirim"",""Kargo Bedava"",""Peşin Fiyatına 3 Taksit""]",InStock,100 adetten fazla stok sunulmuştur,Son 3 günde 5B+ ürün satıldı!,,4.7,10903,5982,25,834,,,,4999,TRY,0,1,1,4,,,https://cdn.dsmcdn.com/ty1602/prod/QC/20241118/16/18962b5a-dc5e-3472-b1bb-56962270878a/1_org_zoom.jpg,"{""Paket İçeriği"":""72'li"",""Yaş"":""3+ Yaş"",""Piller Kutuya Dahil Mi?"":""Hayır"",""Dil"":""Evrensel Dil"",""Pil ile mi çalışır?"":""Hayır"",""Diğer Özellikler"":""manyetik bloklar"",""Menşei"":""TR"",""Ürün Uyarıları (Oyuncak)"":""3 yaş üstü"",""Batarya Türü"":""Diğer"",""Batarya Boyutu"":""Uygulanabilir Değil"",""Özellik"":""Diğer""}",20,5,refreshed,"[""daily_top""]",true,2026-08-19T09:00:50+03:00,0,"[""search_result_dom"",""product_detail_jsonld"",""product_detail_dom""]","{""title"":""observed"",""brand"":""observed"",""seller_name"":""observed"",""seller_score"":""unavailable"",""price"":""observed"",""original_price"":""observed"",""campaigns"":""observed"",""stock_status"":""observed"",""stock_signal"":""observed"",""rating"":""observed"",""rating_count"":""observed"",""review_count"":""observed"",""question_count"":""observed"",""delivery_summary"":""unavailable"",""shipping_cost"":""observed"",""properties"":""observed""}",true,
2026-08-19,2026-08-19T09:00:50+03:00,çocuk,BEST_SELLER,genel-cocuk,çocuk,2,1,2,2,10,-1,135.4,24.6,959516754,357212,Go Toys Go Magnetic Series 72 Parça Manyetik Yapı Blokları Original - Mıknatıslı Manyetik Bloklar,Go Toys,Eğitici Oyuncak,https://www.trendyol.com/go-toys/go-magnetic-series-72-parca-manyetik-yapi-bloklari-original-miknatisli-manyetik-bloklar-p-959516754?boutiqueId=61&merchantId=357212,Shopist,91,1498,2140,30,0,TRY,"[""Sepette %30 İndirim"",""100 TL Kupon"",""Kargo Bedava"",""Peşin Fiyatına 3 Taksit""]",InStock,100 adetten fazla stok sunulmuştur,Son 3 günde 2B+ ürün satıldı!,,4.2,11359,4716,18,,,,,4999,TRY,0,1,1,4,14 saat 57 dakika içinde sipariş verirsen en geç yarın kargoda!,,https://cdn.dsmcdn.com/ty1000388/product/media/images/prod/PIM/20260417/06/199e148e-a776-48e6-963e-bef3603d28f4/1_org_zoom.jpg,"{""Paket İçeriği"":""72'li"",""Yaş"":""3+ Yaş"",""Piller Kutuya Dahil Mi?"":""Hayır"",""Dil"":""Evrensel Dil"",""Pil ile mi çalışır?"":""Hayır"",""Menşei"":""TR"",""Özellik"":""Mıknatıslı""}",20,5,refreshed,"[""daily_top""]",true,2026-08-19T09:00:50+03:00,0,"[""search_result_dom"",""product_detail_jsonld"",""product_detail_dom""]","{""title"":""observed"",""brand"":""observed"",""seller_name"":""observed"",""seller_score"":""observed"",""price"":""observed"",""original_price"":""observed"",""campaigns"":""observed"",""stock_status"":""observed"",""stock_signal"":""observed"",""rating"":""observed"",""rating_count"":""observed"",""review_count"":""observed"",""question_count"":""unavailable"",""delivery_summary"":""observed"",""shipping_cost"":""observed"",""properties"":""observed""}",true,
2026-08-19,2026-08-19T09:00:50+03:00,çocuk,BEST_SELLER,genel-cocuk,çocuk,3,1,3,3,10,71,128.9,33.6,1133862156,1047741,Magly Magnetic Cars Manyetik Araç Oyun Seti - Manyetik Yapı Blokları Araba Eklentisi,Magly,Araç Seti,https://www.trendyol.com/magly/magnetic-cars-manyetik-arac-oyun-seti-manyetik-yapi-bloklari-araba-eklentisi-p-1133862156?boutiqueId=61&merchantId=1047741,Magly,,354.25,545,35,-18.7,TRY,"[""Sepette %35 İndirim"",""Kargo Bedava""]",InStock,100 adetten fazla stok sunulmuştur,"Son 3 günde 1,5B+ ürün satıldı!",,4.8,549,309,-1,27,,,,4999,TRY,0,1,1,4,14 saat 57 dakika içinde sipariş verirsen en geç yarın kargoda!,,https://cdn.dsmcdn.com/ty1940/prod/QC_ENRICHMENT/20260801/17/0fa1db89-f864-3b00-a028-5417c839a8ed/1_org_zoom.jpg,"{""Paket İçeriği"":""2'li"",""Yaş"":""3+ Yaş"",""Pil ile mi çalışır?"":""Hayır"",""Piller Kutuya Dahil Mi?"":""Hayır"",""Menşei"":""TR"",""Ürün Uyarıları (Oyuncak)"":""Küçük parçalar içerir. 3 yaşından küçük çocuklar için uygun değildir. Ürün özellikleri, renk ve içerik ambalajdaki görsellerden farklılık gösterebilir."",""Özellik"":""Mıknatıslı""}",20,5,refreshed,"[""daily_top"",""hot_change""]",true,2026-08-19T09:00:50+03:00,0,"[""search_result_dom"",""product_detail_jsonld"",""product_detail_dom""]","{""title"":""observed"",""brand"":""observed"",""seller_name"":""observed"",""seller_score"":""unavailable"",""price"":""observed"",""original_price"":""observed"",""campaigns"":""observed"",""stock_status"":""observed"",""stock_signal"":""observed"",""rating"":""observed"",""rating_count"":""observed"",""review_count"":""observed"",""question_count"":""observed"",""delivery_summary"":""observed"",""shipping_cost"":""observed"",""properties"":""observed""}",true,
2026-08-19,2026-08-19T09:00:50+03:00,çocuk,BEST_SELLER,genel-cocuk,çocuk,4,1,4,4,10,60,148.5,81.5,1043614871,1047741,Magly Ball Run Parkur Oyunu – Çocuklar İçin Renkli 3 Boyutlu 101 Parça Yapı Seti - Manyetikler ve Yollar,Magly,Eğitici Oyuncak,https://www.trendyol.com/magly/ball-run-parkur-oyunu-cocuklar-icin-renkli-3-boyutlu-101-parca-yapi-seti-manyetikler-ve-yollar-p-1043614871?boutiqueId=61&merchantId=1047741,Magly,,1914.25,2945,35,0,TRY,"[""Sepette %35 İndirim"",""Kargo Bedava"",""Peşin Fiyatına 3 Taksit""]",InStock,100 adetten fazla stok sunulmuştur,Son 3 günde 1B+ ürün satıldı!,1000,4.6,1316,482,5,394,"3,8B kişinin sepetinde","128,9B kişi favoriledi","Son 24 saatte 14,4B kişi görüntüledi",4999,TRY,0,1,1,4,14 saat 57 dakika içinde sipariş verirsen en geç yarın kargoda!,,https://cdn.dsmcdn.com/ty1927/prod/QC_ENRICHMENT/20260721/09/acdc0338-2d13-3c1b-a642-49ecc363c67d/1_org_zoom.jpg,"{""Paket İçeriği"":""100'lü"",""Yaş"":""3+ Yaş"",""Piller Kutuya Dahil Mi?"":""Hayır"",""Dil"":""Evrensel Dil"",""Pil ile mi çalışır?"":""Hayır"",""Menşei"":""TR"",""Ürün Uyarıları (Oyuncak)"":""Küçük parçalar içerir.; 3 yaşından küçük çocuklar için uygun değildir.; Ürün özellikleri, renk ve içerik ambalajdaki görsellerden farklılık gösterebilir."",""Özellik"":""Mıknatıslı""}",20,5,refreshed,"[""daily_top"",""hot_change""]",true,2026-08-19T09:00:50+03:00,0,"[""search_result_dom"",""product_detail_jsonld"",""product_detail_dom""]","{""title"":""observed"",""brand"":""observed"",""seller_name"":""observed"",""seller_score"":""unavailable"",""price"":""observed"",""original_price"":""observed"",""campaigns"":""observed"",""stock_status"":""observed"",""stock_signal"":""observed"",""rating"":""observed"",""rating_count"":""observed"",""review_count"":""observed"",""question_count"":""observed"",""delivery_summary"":""observed"",""shipping_cost"":""observed"",""properties"":""observed""}",true,
2026-08-19,2026-08-19T09:00:50+03:00,çocuk,BEST_SELLER,genel-cocuk,çocuk,5,1,5,5,4,-2,98,59.5,1164531939,517848,FBZhome 72 Parça Manyetik Yapı Blokları - Çocuklar için Renkli 3 Boyutlu Karo Oyun Seti Oyuncak Yap-Boz,FBZhome,Eğitici Oyuncak,https://www.trendyol.com/fbzhome/72-parca-manyetik-yapi-bloklari-cocuklar-icin-renkli-3-boyutlu-karo-oyun-seti-oyuncak-yap-boz-p-1164531939?boutiqueId=61&merchantId=517848,FBZHOME,92,1299.9,,,0,TRY,"[""Kargo Bedava"",""Peşin Fiyatına 3 Taksit""]",InStock,100 adetten fazla stok sunulmuştur,Son 3 günde 500+ ürün satıldı!,500,4.7,228,177,9,61,"4,2B kişinin sepetinde","13,4B kişi favoriledi","Son 24 saatte 3,5B kişi görüntüledi",4999,TRY,0,,1,4,2 saat 57 dakika içinde sipariş verirsen en geç bugün kargoda!,En Çok Satan 4. Ürün,https://cdn.dsmcdn.com/ty1930/prod/QC_ENRICHMENT/20260717/11/b1cae3a6-3aff-35af-9567-d612ab4b08ee/1_org_zoom.jpg,"{""Paket İçeriği"":""72'li"",""Yaş"":""3+ Yaş"",""Piller Kutuya Dahil Mi?"":""Hayır"",""Dil"":""Evrensel Dil"",""Pil ile mi çalışır?"":""Hayır"",""Diğer Özellikler"":""manyetik mıknatıslı bloklar"",""Menşei"":""TR"",""Ürün Uyarıları (Oyuncak)"":""3 Yaş Üstü"",""Batarya Türü"":""Diğer"",""Batarya Boyutu"":""Uygulanabilir Değil"",""Özellik"":""Diğer""}",20,5,refreshed,"[""daily_top""]",true,2026-08-19T09:00:50+03:00,0,"[""search_result_dom"",""product_detail_jsonld"",""product_detail_dom""]","{""title"":""observed"",""brand"":""observed"",""seller_name"":""observed"",""seller_score"":""observed"",""price"":""observed"",""original_price"":""unavailable"",""campaigns"":""observed"",""stock_status"":""observed"",""stock_signal"":""observed"",""rating"":""observed"",""rating_count"":""observed"",""review_count"":""observed"",""question_count"":""observed"",""delivery_summary"":""observed"",""shipping_cost"":""observed"",""properties"":""observed""}",true,
2026-08-19,2026-08-19T09:00:50+03:00,çocuk,BEST_SELLER,genel-cocuk,çocuk,6,1,6,6,5,-1,106,49,955779223,1159908,ankahometoys Puzzle City 3D Yapı Blokları - 128 Parça Eğitici Şehir Kurma ve Tasarım Seti,ankahometoys,Eğitici Oyuncak,https://www.trendyol.com/ankahometoys/puzzle-city-3d-yapi-bloklari-128-parca-egitici-sehir-kurma-ve-tasarim-seti-p-955779223?boutiqueId=61&merchantId=1159908,PLASTMARKET,94,99.9,,,0,TRY,"[""Kargo Bedava""]",InStock,100 adetten fazla stok sunulmuştur,Son 3 günde 500+ ürün satıldı!,500,4.4,6136,3124,6,280,7B kişinin sepetinde,"144,3B kişi favoriledi",Son 24 saatte 3B kişi görüntüledi,4999,TRY,0,,1,2,1 saat 57 dakika içinde sipariş verirsen en geç bugün kargoda!,En Çok Satan 5. Ürün,https://cdn.dsmcdn.com/ty1859/prod/QC_ENRICHMENT/20260422/10/5c3c7aa8-5b58-3be6-8d39-27b0e52b1234/1_org_zoom.jpg,"{""Paket İçeriği"":""120'li"",""Yaş"":""3+ Yaş"",""Piller Kutuya Dahil Mi?"":""Hayır"",""Dil"":""Evrensel Dil"",""Pil ile mi çalışır?"":""Hayır"",""Menşei"":""TR"",""Ürün Uyarıları (Oyuncak)"":""3 yaş ve üzeri çocuklar için uygundur"",""Özellik"":""Enerji Tasarrufu""}",20,5,refreshed,"[""daily_top""]",true,2026-08-19T09:00:50+03:00,0,"[""search_result_dom"",""product_detail_jsonld"",""product_detail_dom""]","{""title"":""observed"",""brand"":""observed"",""seller_name"":""observed"",""seller_score"":""observed"",""price"":""observed"",""original_price"":""unavailable"",""campaigns"":""observed"",""stock_status"":""observed"",""stock_signal"":""observed"",""rating"":""observed"",""rating_count"":""observed"",""review_count"":""observed"",""question_count"":""observed"",""delivery_summary"":""observed"",""shipping_cost"":""observed"",""properties"":""observed""}",true,
2026-08-19,2026-08-19T09:00:50+03:00,çocuk,BEST_SELLER,genel-cocuk,çocuk,7,1,7,7,6,-3,125.8,31.7,987253589,1164978,"Genel Markalar 3'lü Bebek Vakumlu Döner Topaç: Duyu Gelişimi Destekli, Serbest Kombinasyonlu ABS Hayvan Oyuncağı",Genel Markalar,Eğitici Oyuncak,https://www.trendyol.com/genel-markalar/3-lu-bebek-vakumlu-doner-topac-duyu-gelisimi-destekli-serbest-kombinasyonlu-abs-hayvan-oyuncagi-p-987253589?boutiqueId=61&merchantId=1164978,BBSKY,96,599,998.34,40,0,TRY,"[""Sepette %40 İndirim"",""100 TL Kupon"",""Kargo Bedava"",""Sepette %20 İndirim""]",InStock,100 adetten fazla stok sunulmuştur,Son 3 günde 500+ ürün satıldı!,,4.5,480,301,2,,,,,4999,TRY,0,1,1,4,14 saat 57 dakika içinde sipariş verirsen en geç yarın kargoda!,En Çok Satan 6. Ürün,https://cdn.dsmcdn.com/ty1931/prod/QC_ENRICHMENT/20260802/22/a159a028-5cc9-37ec-9d3a-a1c6edfe06ac/1_org_zoom.jpg,"{""Paket İçeriği"":""3'lü"",""Yaş"":""1+ Yaş"",""Piller Kutuya Dahil Mi?"":""Hayır"",""Dil"":""Evrensel Dil"",""Pil ile mi çalışır?"":""Hayır"",""Diğer Özellikler"":""Çocukların el-göz becerilerini destekler"",""Menşei"":""CN"",""Ürün Uyarıları (Oyuncak)"":""1,10 ay ve üzeri bebekler için uygundur.2,Yalnızca yetişkin gözetiminde kullanılmalıdır.3,Ambalaj malzemelerini çocuklardan uzak tutunuz, boğulma tehlikesi vardır.4,Oyuncağı düzenli olarak kontrol edin, hasarlı parçaları kullanmayınız."",""Özellik"":""Vakumlu""}",20,5,refreshed,"[""daily_top""]",true,2026-08-19T09:00:50+03:00,0,"[""search_result_dom"",""product_detail_jsonld"",""product_detail_dom""]","{""title"":""observed"",""brand"":""observed"",""seller_name"":""observed"",""seller_score"":""observed"",""price"":""observed"",""original_price"":""observed"",""campaigns"":""observed"",""stock_status"":""observed"",""stock_signal"":""observed"",""rating"":""observed"",""rating_count"":""observed"",""review_count"":""observed"",""question_count"":""unavailable"",""delivery_summary"":""observed"",""shipping_cost"":""observed"",""properties"":""observed""}",true,
2026-08-19,2026-08-19T09:00:50+03:00,çocuk,BEST_SELLER,genel-cocuk,çocuk,8,1,8,8,,3,99,52.4,1081617521,1218056,Mino Makers 78 Parça Manyetik Yapı Blokları - Çocuklar İçin 3 Boyutlu Renkli Mıknatıslı 78 Parça Manyetik Blok Oyun Seti,Mino Makers,Eğitici Oyuncak,https://www.trendyol.com/mino-makers/78-parca-manyetik-yapi-bloklari-cocuklar-icin-3-boyutlu-renkli-miknatisli-78-parca-manyetik-blok-oyun-seti-p-1081617521?boutiqueId=61&merchantId=1218056,Mino Makers,95,1452,1472.4,1.4,0,TRY,"[""Kargo Bedava"",""Son 10 Günün En Düşük Fiyatı"",""Peşin Fiyatına 3 Taksit"",""Son 10 günün en düşük fiyatı""]",InStock,100 adetten fazla stok sunulmuştur,Son 3 günde 500+ ürün satıldı!,500,4.4,1599,885,5,214,"6,1B kişinin sepetinde","75,5B kişi favoriledi","Son 24 saatte 6,5B kişi görüntüledi",4999,TRY,0,1,1,4,2 saat 57 dakika içinde sipariş verirsen en geç bugün kargoda!,En Çok Ziyaret Edilen 5. Ürün,https://cdn.dsmcdn.com/ty1913/prod/QC_ENRICHMENT/20260604/14/9b97664c-feae-338d-92d9-c3d381847600/1_org_zoom.jpg,"{""Paket İçeriği"":""50 -100"",""Yaş"":""3+ Yaş"",""Piller Kutuya Dahil Mi?"":""Hayır"",""Dil"":""Evrensel Dil"",""Pil ile mi çalışır?"":""Hayır"",""Menşei"":""TR"",""Özellik"":""Mıknatıslı""}",20,5,refreshed,"[""daily_top""]",true,2026-08-19T09:00:50+03:00,0,"[""search_result_dom"",""product_detail_jsonld"",""product_detail_dom""]","{""title"":""observed"",""brand"":""observed"",""seller_name"":""observed"",""seller_score"":""observed"",""price"":""observed"",""original_price"":""observed"",""campaigns"":""observed"",""stock_status"":""observed"",""stock_signal"":""observed"",""rating"":""observed"",""rating_count"":""observed"",""review_count"":""observed"",""question_count"":""observed"",""delivery_summary"":""observed"",""shipping_cost"":""observed"",""properties"":""observed""}",true,
2026-08-19,2026-08-19T09:00:50+03:00,çocuk,BEST_SELLER,genel-cocuk,çocuk,9,1,9,9,1,-1,124.8,52.7,1107131330,357212,Go Toys Go Track Mavi Renk Esnek Yarış-Aksiyon Pisti 4.5 Mt - Flex track,Go Toys,Diğer Oyuncaklar,https://www.trendyol.com/go-toys/go-track-mavi-renk-esnek-yaris-aksiyon-pisti-4-5-mt-flex-track-p-1107131330?boutiqueId=61&merchantId=357212,Shopist,91,279.3,399,30,17.7,TRY,"[""Sepette %30 İndirim"",""Kargo Bedava""]",InStock,100 adetten fazla stok sunulmuştur,Son 3 günde 500+ ürün satıldı!,500,4.3,1801,714,4,147,"4,7B kişinin sepetinde","152,1B kişi favoriledi","Son 24 saatte 2,7B kişi görüntüledi",4999,TRY,0,1,1,4,14 saat 57 dakika içinde sipariş verirsen en geç yarın kargoda!,En Çok Satan 1. Ürün,https://cdn.dsmcdn.com/ty1829/prod/QC_PREP/20260219/22/7a0577d0-2537-3975-86db-ae4fc92191dc/1_org_zoom.jpg,"{""Paket İçeriği"":""1+"",""Yaş"":""1+ Yaş"",""Piller Kutuya Dahil Mi?"":""Hayır"",""Pil ile mi çalışır?"":""Hayır"",""Menşei"":""TR""}",20,5,refreshed,"[""daily_top""]",true,2026-08-19T09:00:50+03:00,0,"[""search_result_dom"",""product_detail_jsonld"",""product_detail_dom""]","{""title"":""observed"",""brand"":""observed"",""seller_name"":""observed"",""seller_score"":""observed"",""price"":""observed"",""original_price"":""observed"",""campaigns"":""observed"",""stock_status"":""observed"",""stock_signal"":""observed"",""rating"":""observed"",""rating_count"":""observed"",""review_count"":""observed"",""question_count"":""observed"",""delivery_summary"":""observed"",""shipping_cost"":""observed"",""properties"":""observed""}",true,
2026-08-19,2026-08-19T09:00:50+03:00,çocuk,BEST_SELLER,genel-cocuk,çocuk,10,1,10,10,,-3,91.3,53.7,887625564,496056,Monalisa Çocuk Renkli Ponpon Toka 10’Lu,Monalisa,Toka,https://www.trendyol.com/monalisa/cocuk-renkli-ponpon-toka-10-lu-p-887625564?boutiqueId=61&merchantId=496056,Monalisa Toka,,20.99,,,0,TRY,"[""Kargo Bedava"",""Trendyol Plus'a Özel""]",InStock,100 adetten fazla stok sunulmuştur,Son 3 günde 500+ ürün satıldı!,500,3.5,825,464,2,46,"1,6B kişinin sepetinde","29,6B kişi favoriledi",Son 24 saatte 781 kişi görüntüledi,4999,TRY,0,,1,4,5 saat 57 dakika içinde sipariş verirsen en geç bugün kargoda!,,https://cdn.dsmcdn.com/ty1618/prod/QC/20241228/00/c41205e3-a9f5-3702-9b76-f9d169b1362b/1_org_zoom.jpg,"{""Desen"":""Renkli"",""Materyal Bileşeni"":""kaplama"",""Materyal"":""Polyester"",""Renk"":""Çok Renkli"",""Menşei"":""TR""}",20,5,refreshed,"[""daily_top""]",true,2026-08-19T09:00:50+03:00,0,"[""search_result_dom"",""product_detail_jsonld"",""product_detail_dom""]","{""title"":""observed"",""brand"":""observed"",""seller_name"":""observed"",""seller_score"":""unavailable"",""price"":""observed"",""original_price"":""unavailable"",""campaigns"":""observed"",""stock_status"":""observed"",""stock_signal"":""observed"",""rating"":""observed"",""rating_count"":""observed"",""review_count"":""observed"",""question_count"":""observed"",""delivery_summary"":""observed"",""shipping_cost"":""observed"",""properties"":""observed""}",true,
2026-08-19,2026-08-19T09:00:50+03:00,çocuk,BEST_SELLER,genel-cocuk,çocuk,11,1,11,11,10,3,123,49.5,1010359257,357212,Go Toys Go Magnetic Series 2 Adet Araba Eklentisi Manyetik Oyuncak - Mıknatıslı Manyetik Bloklar,Go Toys,Eğitici Oyuncak,https://www.trendyol.com/go-toys/go-magnetic-series-2-adet-araba-eklentisi-manyetik-oyuncak-miknatisli-manyetik-bloklar-p-1010359257?boutiqueId=61&merchantId=357212,Shopist,91,269.85,385.5,30,0,TRY,"[""Sepette %30 İndirim"",""Kargo Bedava""]",InStock,100 adetten fazla stok sunulmuştur,Son 3 günde 500+ ürün satıldı!,500,4.3,2768,1319,4,167,"2,6B kişinin sepetinde","98,5B kişi favoriledi","Son 24 saatte 2,4B kişi görüntüledi",4999,TRY,0,1,1,4,14 saat 57 dakika içinde sipariş verirsen en geç yarın kargoda!,,https://cdn.dsmcdn.com/ty1000389/product/media/images/prod/PIM/20260417/06/10a07daf-0d4b-4394-9e25-5c4287910c1a/1_org_zoom.jpg,"{""Paket İçeriği"":""2'li"",""Yaş"":""3+ Yaş"",""Piller Kutuya Dahil Mi?"":""Hayır"",""Dil"":""Evrensel Dil"",""Pil ile mi çalışır?"":""Hayır"",""Menşei"":""TR""}",20,5,refreshed,"[""daily_top""]",true,2026-08-19T09:00:50+03:00,0,"[""search_result_dom"",""product_detail_jsonld"",""product_detail_dom""]","{""title"":""observed"",""brand"":""observed"",""seller_name"":""observed"",""seller_score"":""observed"",""price"":""observed"",""original_price"":""observed"",""campaigns"":""observed"",""stock_status"":""observed"",""stock_signal"":""observed"",""rating"":""observed"",""rating_count"":""observed"",""review_count"":""observed"",""question_count"":""observed"",""delivery_summary"":""observed"",""shipping_cost"":""observed"",""properties"":""observed""}",true,
2026-08-19,2026-08-19T09:00:50+03:00,çocuk,BEST_SELLER,genel-cocuk,çocuk,12,1,12,12,9,-6,104.9,65.1,1183064934,357212,Go Toys Kinetik Top Duyusal Oyuncak - SpinnBall Stret Oyuncak 1 Adet,Go Toys,Eğitici Oyuncak,https://www.trendyol.com/go-toys/kinetik-top-duyusal-oyuncak-spinnball-stret-oyuncak-1-adet-p-1183064934?boutiqueId=61&merchantId=357212,Shopist,91,199.5,285,30,0,TRY,"[""Sepette %30 İndirim"",""Kargo Bedava""]",InStock,100 adetten fazla stok sunulmuştur,Son 3 günde 500+ ürün satıldı!,500,4,19,12,1,6,"6,2B kişinin sepetinde",14B kişi favoriledi,"Son 24 saatte 3,3B kişi görüntüledi",4999,TRY,0,1,1,4,14 saat 57 dakika içinde sipariş verirsen en geç yarın kargoda!,En Çok Satan 9. Ürün,https://cdn.dsmcdn.com/ty1901/prod/QC_PREP/20260810/10/3e22a150-35e2-3887-b3ac-21a1aaf8afb2/1_org_zoom.jpg,"{""Paket İçeriği"":""1'li"",""Yaş"":""3+ Yaş"",""Piller Kutuya Dahil Mi?"":""Hayır"",""Dil"":""Evrensel Dil"",""Pil ile mi çalışır?"":""Hayır"",""Menşei"":""TR""}",12,3.92,refreshed,"[""daily_top""]",true,2026-08-19T09:00:50+03:00,0,"[""search_result_dom"",""product_detail_jsonld"",""product_detail_dom""]","{""title"":""observed"",""brand"":""observed"",""seller_name"":""observed"",""seller_score"":""observed"",""price"":""observed"",""original_price"":""observed"",""campaigns"":""observed"",""stock_status"":""observed"",""stock_signal"":""observed"",""rating"":""observed"",""rating_count"":""observed"",""review_count"":""observed"",""question_count"":""observed"",""delivery_summary"":""observed"",""shipping_cost"":""observed"",""properties"":""observed""}",true,
2026-08-19,2026-08-19T09:00:50+03:00,çocuk,BEST_SELLER,genel-cocuk,çocuk,13,1,13,13,10,127,107.5,30,1124966835,1047741,Magly Soft Bricks Yumuşak Yapı Blokları - Çocuklar İçin Renkli Esnek 42 Parça Yapı Blok Seti,Magly,Diğer Oyun Takımları,https://www.trendyol.com/magly/soft-bricks-yumusak-yapi-bloklari-cocuklar-icin-renkli-esnek-42-parca-yapi-blok-seti-p-1124966835?boutiqueId=61&merchantId=1047741,Magly,,614.25,945,35,-18.7,TRY,"[""Sepette %35 İndirim"",""Kargo Bedava""]",InStock,100 adetten fazla stok sunulmuştur,Son 3 günde 500+ ürün satıldı!,,4.9,269,205,1,17,,,,4999,TRY,0,1,1,4,14 saat 56 dakika içinde sipariş verirsen en geç yarın kargoda!,,https://cdn.dsmcdn.com/ty1929/prod/QC_ENRICHMENT/20260801/17/9cf2203b-7f5d-36bd-bf48-bf2a44663416/1_org_zoom.jpg,"{""Parça Sayısı"":""42"",""Yaş"":""1+ Yaş"",""Menşei"":""TR"",""Ürün Uyarıları (Oyuncak)"":""Küçük parçalar içerir.; 1 yaşından küçük çocuklar için uygun değildir.; Ürün özellikleri, renk ve içerik ambalajdaki görsellerden farklılık gösterebilir."",""Özellik"":""BPA Free""}",20,5,refreshed,"[""daily_top"",""hot_change""]",true,2026-08-19T09:00:50+03:00,0,"[""search_result_dom"",""product_detail_jsonld"",""product_detail_dom""]","{""title"":""observed"",""brand"":""observed"",""seller_name"":""observed"",""seller_score"":""unavailable"",""price"":""observed"",""original_price"":""observed"",""campaigns"":""observed"",""stock_status"":""observed"",""stock_signal"":""observed"",""rating"":""observed"",""rating_count"":""observed"",""review_count"":""observed"",""question_count"":""observed"",""delivery_summary"":""observed"",""shipping_cost"":""observed"",""properties"":""observed""}",true,
2026-08-19,2026-08-19T09:00:50+03:00,çocuk,BEST_SELLER,genel-cocuk,çocuk,14,1,14,14,,3,79.5,21.5,894860281,126620,yükselen zeka İlk Pofidik Magnet Puzzle - Çiftlik Hayvanları,yükselen zeka,Bebek & Aktivite Oyuncakları,https://www.trendyol.com/yukselen-zeka/ilk-pofidik-magnet-puzzle-ciftlik-hayvanlari-p-894860281?boutiqueId=61&merchantId=126620,YÜKSELEN ZEKA,93,268.42,271.13,1,0,TRY,"[""Son 10 Günün En Düşük Fiyatı"",""Sepette %2 İndirim"",""Kargo Bedava"",""Son 10 günün en düşük fiyatı""]",InStock,100 adetten fazla stok sunulmuştur,Son 3 günde 500+ ürün satıldı!,,4.7,3421,2063,2,112,,,,4999,TRY,0,2,1,6,Tahmini Teslim:,,https://cdn.dsmcdn.com/ty1631/prod/QC/20250124/17/e4e835b7-931f-36c9-b687-0ca9d05023a3/1_org_zoom.jpg,"{""Paket İçeriği"":""Belirtilmemiş"",""Yaş"":""0 - 1 Yaş"",""Dil"":""Türkçe"",""Pil ile mi çalışır?"":""Hayır"",""Piller Kutuya Dahil Mi?"":""Hayır"",""Menşei"":""TR""}",20,5,refreshed,"[""daily_top""]",true,2026-08-19T09:00:50+03:00,0,"[""search_result_dom"",""product_detail_jsonld"",""product_detail_dom""]","{""title"":""observed"",""brand"":""observed"",""seller_name"":""observed"",""seller_score"":""observed"",""price"":""observed"",""original_price"":""observed"",""campaigns"":""observed"",""stock_status"":""observed"",""stock_signal"":""observed"",""rating"":""observed"",""rating_count"":""observed"",""review_count"":""observed"",""question_count"":""observed"",""delivery_summary"":""observed"",""shipping_cost"":""observed"",""properties"":""observed""}",true,
2026-08-19,2026-08-19T09:00:50+03:00,çocuk,BEST_SELLER,genel-cocuk,çocuk,15,1,15,15,10,39,118.9,48.6,875717599,1047741,Magly Manyetik Yapı Blokları – Çocuklar Için Renkli 3 Boyutlu 36 Parça Manyetik Karo Oyun Seti,Magly,Eğitici Oyuncak,https://www.trendyol.com/magly/manyetik-yapi-bloklari-cocuklar-icin-renkli-3-boyutlu-36-parca-manyetik-karo-oyun-seti-p-875717599?boutiqueId=61&merchantId=1047741,Magly,,1004.25,1545,35,0,TRY,"[""Sepette %35 İndirim"",""Kargo Bedava"",""Peşin Fiyatına 3 Taksit"",""Son 10 Günün En Düşük Fiyatı""]",InStock,100 adetten fazla stok sunulmuştur,Son 3 günde 500+ ürün satıldı!,500,4.7,1875,964,1,264,"3,2B kişinin sepetinde",178B kişi favoriledi,Son 24 saatte 10B kişi görüntüledi,4999,TRY,0,1,1,4,14 saat 56 dakika içinde sipariş verirsen en geç yarın kargoda!,,https://cdn.dsmcdn.com/ty1603/prod/QC/20241118/16/5a5a1ad9-65ef-318e-8e92-98a887cd504d/1_org_zoom.jpg,"{""Paket İçeriği"":""36'lı"",""Yaş"":""3+ Yaş"",""Piller Kutuya Dahil Mi?"":""Hayır"",""Dil"":""Evrensel Dil"",""Pil ile mi çalışır?"":""Hayır"",""Menşei"":""TR"",""Ürün Uyarıları (Oyuncak)"":""LEGO"",""Batarya Türü"":""Diğer"",""Özellik"":""Diğer""}",20,5,refreshed,"[""daily_top""]",true,2026-08-19T09:00:50+03:00,0,"[""search_result_dom"",""product_detail_jsonld"",""product_detail_dom""]","{""title"":""observed"",""brand"":""observed"",""seller_name"":""observed"",""seller_score"":""unavailable"",""price"":""observed"",""original_price"":""observed"",""campaigns"":""observed"",""stock_status"":""observed"",""stock_signal"":""observed"",""rating"":""observed"",""rating_count"":""observed"",""review_count"":""observed"",""question_count"":""observed"",""delivery_summary"":""observed"",""shipping_cost"":""observed"",""properties"":""observed""}",true,
2026-08-19,2026-08-19T09:00:50+03:00,çocuk,BEST_SELLER,genel-cocuk,çocuk,16,1,16,16,10,-1,117.3,42.7,316612628,357212,Go Toys Vakum Molekül 25 Parça Yapı Taşları Fidget Duyusal Eğitici Oyuncak Squigz,Go Toys,Eğitici Oyuncak,https://www.trendyol.com/go-toys/vakum-molekul-25-parca-yapi-taslari-fidget-duyusal-egitici-oyuncak-squigz-p-316612628?boutiqueId=61&merchantId=357212,Shopist,91,139.3,199,30,0,TRY,"[""Sepette %30 İndirim"",""Kargo Bedava""]",InStock,100 adetten fazla stok sunulmuştur,Son 3 günde 500+ ürün satıldı!,500,4.5,8901,4552,1,255,"2,5B kişinin sepetinde","133,1B kişi favoriledi","Son 24 saatte 1,5B kişi görüntüledi",4999,TRY,0,1,1,4,14 saat 56 dakika içinde sipariş verirsen en geç yarın kargoda!,,https://cdn.dsmcdn.com/ty1630/product/media/images/prod/PIM/20250130/16/56ab8680-a0e1-4ae0-b7d7-a6f77aa24d42/1_org_zoom.jpg,"{""Paket İçeriği"":""20 - 25"",""Yaş"":""1+ Yaş"",""Piller Kutuya Dahil Mi?"":""Hayır"",""Dil"":""Evrensel Dil"",""Pil ile mi çalışır?"":""Hayır"",""Diğer Özellikler"":""tr"",""Menşei"":""TR"",""Ürün Uyarıları (Oyuncak)"":""tr"",""Özellik"":""Vakumlu""}",20,5,refreshed,"[""daily_top""]",true,2026-08-19T09:00:50+03:00,0,"[""search_result_dom"",""product_detail_jsonld"",""product_detail_dom""]","{""title"":""observed"",""brand"":""observed"",""seller_name"":""observed"",""seller_score"":""observed"",""price"":""observed"",""original_price"":""observed"",""campaigns"":""observed"",""stock_status"":""observed"",""stock_signal"":""observed"",""rating"":""observed"",""rating_count"":""observed"",""review_count"":""observed"",""question_count"":""observed"",""delivery_summary"":""observed"",""shipping_cost"":""observed"",""properties"":""observed""}",true,
2026-08-19,2026-08-19T09:00:50+03:00,çocuk,BEST_SELLER,genel-cocuk,çocuk,17,1,17,17,1,-5,75.7,16.8,118658789,892989,Dragora Ribana Bel Canvas Okul Pantolonu (BİR BÜYÜK BEDEN ALINMASI TAVSİYE EDİLİR),Dragora,,https://www.trendyol.com/dragora/ribana-bel-canvas-okul-pantolonu-bir-buyuk-beden-alinmasi-tavsiye-edilir-p-118658789?boutiqueId=61&merchantId=892989,YHM SALES,89,267,,,0,TRY,"[""Kargo Bedava"",""Trendyol Plus'a Özel""]",InStock,5 adetten fazla stok sunulmuştur,Son 3 günde 500+ ürün satıldı!,,4.3,5151,,0,1226,,,,,,0,,,,14 saat 56 dakika içinde sipariş verirsen en geç yarın kargoda!,En Çok Satan 1. Ürün,,{},0,,refreshed,"[""daily_top""]",true,2026-08-19T09:00:50+03:00,0,"[""search_result_dom"",""product_detail_jsonld"",""product_detail_dom""]","{""title"":""observed"",""brand"":""observed"",""seller_name"":""observed"",""seller_score"":""observed"",""price"":""observed"",""original_price"":""unavailable"",""campaigns"":""observed"",""stock_status"":""observed"",""stock_signal"":""observed"",""rating"":""observed"",""rating_count"":""observed"",""review_count"":""unavailable"",""question_count"":""observed"",""delivery_summary"":""observed"",""shipping_cost"":""unavailable"",""properties"":""observed""}",true,
2026-08-19,2026-08-19T09:00:50+03:00,çocuk,BEST_SELLER,genel-cocuk,çocuk,18,1,18,18,1,-8,55.7,34.3,1165761655,252109,mucciden Pufix Dökülmeyen Baloncuk Oyuncağı | Sızdırmaz Baloncuk Şişesi | Çocuk Baloncuk Oyuncağı | Meyve Figürlü,mucciden,Bahçe Oyuncakları,https://www.trendyol.com/mucciden/pufix-dokulmeyen-baloncuk-oyuncagi-sizdirmaz-baloncuk-sisesi-cocuk-baloncuk-oyuncagi-meyve-figurlu-p-1165761655?boutiqueId=61&merchantId=252109,Miniko Kids,93,159.5,,,-0.3,TRY,"[""Kargo Bedava""]",InStock,100 adetten fazla stok sunulmuştur,Son 3 günde 250+ ürün satıldı!,,3.7,38,28,4,,,,,4999,TRY,0,1,1,4,14 saat 56 dakika içinde sipariş verirsen en geç yarın kargoda!,En Çok Satan 1. Ürün,https://cdn.dsmcdn.com/ty1939/prod/QC_PREP/20260707/20/65b49733-1756-3901-ac23-d5a27ddcb6de/1_org_zoom.jpg,"{""Yaş"":""3+ Yaş"",""Menşei"":""TR""}",20,4.6,refreshed,"[""daily_top""]",true,2026-08-19T09:00:50+03:00,0,"[""search_result_dom"",""product_detail_jsonld"",""product_detail_dom""]","{""title"":""observed"",""brand"":""observed"",""seller_name"":""observed"",""seller_score"":""observed"",""price"":""observed"",""original_price"":""unavailable"",""campaigns"":""observed"",""stock_status"":""observed"",""stock_signal"":""observed"",""rating"":""observed"",""rating_count"":""observed"",""review_count"":""observed"",""question_count"":""unavailable"",""delivery_summary"":""observed"",""shipping_cost"":""observed"",""properties"":""observed""}",true,
2026-08-19,2026-08-19T09:00:50+03:00,çocuk,BEST_SELLER,genel-cocuk,çocuk,19,1,19,19,1,-6,42,,365516522,124095,Mamma Smile Cotton Sallanır Üç Kademeli Ana Kucağı ( Oyuncak Aparatı Ve Seyahat Çantası ),Mamma,,https://www.trendyol.com/mamma/smile-cotton-sallanir-uc-kademeli-ana-kucagi-oyuncak-aparati-ve-seyahat-cantasi-p-365516522?boutiqueId=61&merchantId=124095,,,1799,,,0,TRY,"[""Kargo Bedava""]",InStock,,Son 3 günde 250+ ürün satıldı!,,,,,0,,,,,,,0,,,,,En Çok Satan 1. Ürün,,{},0,,refreshed,"[""daily_top""]",true,2026-08-19T09:00:50+03:00,0,"[""search_result_dom"",""product_detail_jsonld"",""product_detail_dom""]","{""title"":""observed"",""brand"":""observed"",""seller_name"":""unavailable"",""seller_score"":""unavailable"",""price"":""observed"",""original_price"":""unavailable"",""campaigns"":""observed"",""stock_status"":""observed"",""stock_signal"":""unavailable"",""rating"":""unavailable"",""rating_count"":""unavailable"",""review_count"":""unavailable"",""question_count"":""unavailable"",""delivery_summary"":""unavailable"",""shipping_cost"":""unavailable"",""properties"":""observed""}",true,
2026-08-19,2026-08-19T09:00:50+03:00,çocuk,BEST_SELLER,genel-cocuk,çocuk,20,1,20,20,,-11,56.4,30.6,1142311061,1048417,ADİL OYUNCAK 72 Parça Manyetik Yapı Blokları | Montessori Eğitici Oyuncak | 3D Mıknatıslı Blok Seti,ADİL OYUNCAK,Eğitici Oyuncak,https://www.trendyol.com/adil-oyuncak/72-parca-manyetik-yapi-bloklari-montessori-egitici-oyuncak-3d-miknatisli-blok-seti-p-1142311061?boutiqueId=61&merchantId=1048417,KÜRE EKSPRES,83,1341.62,1369,2,-17.2,TRY,"[""Sepette %2 İndirim"",""26 TL Kupon"",""Kargo Bedava"",""Peşin Fiyatına 3 Taksit""]",InStock,100 adetten fazla stok sunulmuştur,Son 3 günde 250+ ürün satıldı!,,3.9,85,63,6,30,,,,4999,TRY,0,1,1,4,14 saat 56 dakika içinde sipariş verirsen en geç yarın kargoda!,,https://cdn.dsmcdn.com/ty1891/prod/QC_ENRICHMENT/20260725/18/ebc78074-63f3-3935-8d2f-a3e9efd28808/1_org_zoom.jpg,"{""Paket İçeriği"":""72'li"",""Yaş"":""2+ Yaş"",""Piller Kutuya Dahil Mi?"":""Hayır"",""Dil"":""Evrensel Dil"",""Pil ile mi çalışır?"":""Hayır"",""Menşei"":""TR""}",20,5,refreshed,"[""daily_top""]",true,2026-08-19T09:00:50+03:00,0,"[""search_result_dom"",""product_detail_jsonld"",""product_detail_dom""]","{""title"":""observed"",""brand"":""observed"",""seller_name"":""observed"",""seller_score"":""observed"",""price"":""observed"",""original_price"":""observed"",""campaigns"":""observed"",""stock_status"":""observed"",""stock_signal"":""observed"",""rating"":""observed"",""rating_count"":""observed"",""review_count"":""observed"",""question_count"":""observed"",""delivery_summary"":""observed"",""shipping_cost"":""observed"",""properties"":""observed""}",true,
2026-08-19,2026-08-19T09:00:50+03:00,çocuk,BEST_SELLER,genel-cocuk,çocuk,21,1,21,21,1,-5,88.1,16.4,127941079,422170,Tutku Renkli Erkek Çocuk Boxer 6 Lı Paket,Tutku,,https://www.trendyol.com/tutku/renkli-erkek-cocuk-boxer-6-li-paket-p-127941079?boutiqueId=61&merchantId=422170,BEYAZ TOPTAN TEKSTİL,91,350,449,22,0,TRY,"[""Kargo Bedava"",""Son 10 Günün En Düşük Fiyatı"",""Son 10 günün en düşük fiyatı""]",InStock,50 adetten fazla stok sunulmuştur,Son 3 günde 250+ ürün satıldı!,,4.5,3272,,0,514,,,,,,0,,,,14 saat 56 dakika içinde sipariş verirsen en geç yarın kargoda!,En Çok Satan 1. Ürün,,{},0,,refreshed,"[""daily_top""]",true,2026-08-19T09:00:50+03:00,0,"[""search_result_dom"",""product_detail_jsonld"",""product_detail_dom""]","{""title"":""observed"",""brand"":""observed"",""seller_name"":""observed"",""seller_score"":""observed"",""price"":""observed"",""original_price"":""observed"",""campaigns"":""observed"",""stock_status"":""observed"",""stock_signal"":""observed"",""rating"":""observed"",""rating_count"":""observed"",""review_count"":""unavailable"",""question_count"":""observed"",""delivery_summary"":""observed"",""shipping_cost"":""unavailable"",""properties"":""observed""}",true,
2026-08-19,2026-08-19T09:00:50+03:00,çocuk,BEST_SELLER,genel-cocuk,çocuk,22,1,22,22,,10,56.3,23.7,1030904645,358282,BubbyPlay Çantalı Çiçek Bahçesi 52 Parça Yapım Seti Tak Çıkar Blok Montessori Eğitici Oyuncak Çocuk Gelişim 3 Yaş,BubbyPlay,Eğitici Oyuncak,https://www.trendyol.com/bubbyplay/cantali-cicek-bahcesi-52-parca-yapim-seti-tak-cikar-blok-montessori-egitici-oyuncak-cocuk-gelisim-3-yas-p-1030904645?boutiqueId=61&merchantId=358282,kidva,93,129.9,,,0,TRY,"[""Kargo Bedava""]",InStock,100 adetten fazla stok sunulmuştur,Son 3 günde 250+ ürün satıldı!,,4.8,616,347,2,56,,,,4999,TRY,0,1,1,4,14 saat 56 dakika içinde sipariş verirsen en geç yarın kargoda!,,https://cdn.dsmcdn.com/ty1909/prod/QC_ENRICHMENT/20260504/13/ad0d7bb3-62f8-3aae-98d5-f36cde82f6a5/1_org_zoom.jpg,"{""Paket İçeriği"":""50'li"",""Yaş"":""3+ Yaş"",""Piller Kutuya Dahil Mi?"":""Hayır"",""Dil"":""Türkçe"",""Pil ile mi çalışır?"":""Hayır"",""Diğer Özellikler"":""52 parça çiçek bahçesi yapım seti tak çıkar blok montessori eğitici oyuncak çocuk gelişim destekli ince motor beceri el göz koordinasyon renk algısı geliştirici 3 yaş ve üzeri kız ve erkek çocuk için uygun dayanıklı plastik anaokulu kreş malzemesi yaratıcı düşünme okul öncesi zeka geliştirici hayal gücü destekleyen pedagojik aktivite seti"",""Menşei"":""TR"",""Ürün Uyarıları (Oyuncak)"":""Ürün küçük parçalar içermektedir 0-3 yaş çocuklar için boğulma tehlikesi nedeniyle uygun değildir 3 yaş ve üzeri çocukların ebeveyn gözetiminde oynaması gerekmektedir 8 yaş altındaki çocuklar için yetişkin denetimi tavsiye edilir parçaları ağıza almayınız hasarlı veya kırık parçaları kullanmayınız çocuğun gözüne ve ağzına yaklaştırmayınız oyun sonrası mutlaka ellerin yıkanması önerilir"",""Batarya Türü"":""Diğer"",""Batarya Boyutu"":""Uygulanabilir Değil"",""Özellik"":""BPA Free""}",20,5,refreshed,"[""daily_top""]",true,2026-08-19T09:00:50+03:00,0,"[""search_result_dom"",""product_detail_jsonld"",""product_detail_dom""]","{""title"":""observed"",""brand"":""observed"",""seller_name"":""observed"",""seller_score"":""observed"",""price"":""observed"",""original_price"":""unavailable"",""campaigns"":""observed"",""stock_status"":""observed"",""stock_signal"":""observed"",""rating"":""observed"",""rating_count"":""observed"",""review_count"":""observed"",""question_count"":""observed"",""delivery_summary"":""observed"",""shipping_cost"":""observed"",""properties"":""observed""}",true,
2026-08-19,2026-08-19T09:00:50+03:00,çocuk,BEST_SELLER,genel-cocuk,çocuk,23,1,23,23,2,0,47.2,30.3,1166210359,1282015,FunkyCraft Mini Canavar Araba Oyuncak Büyük Tekerlekli Arazi Arabası Erkek Çocuk Oyuncağı Eğlenceli Araba Koleksiyonu,FunkyCraft,Diğer Oyuncaklar,https://www.trendyol.com/funkycraft/mini-canavar-araba-oyuncak-buyuk-tekerlekli-arazi-arabasi-erkek-cocuk-oyuncagi-eglenceli-araba-koleksiyonu-p-1166210359?boutiqueId=61&merchantId=1282015,FunkyCraft,95,24.99,,,0,TRY,"[""Kargo Bedava""]",InStock,100 adetten fazla stok sunulmuştur,Son 3 günde 250+ ürün satıldı!,,4.8,65,44,1,,,,,4999,TRY,0,,1,4,2 saat 56 dakika içinde sipariş verirsen en geç bugün kargoda!,En Çok Satan 2. Ürün,https://cdn.dsmcdn.com/ty1909/prod/QC_PREP/20260708/18/124fa7b3-e366-3405-a5a1-9ad2f982bd7c/1_org_zoom.jpg,"{""Paket İçeriği"":""1+"",""Yaş"":""3+ Yaş"",""Piller Kutuya Dahil Mi?"":""Hayır"",""Pil ile mi çalışır?"":""Hayır"",""Menşei"":""TR"",""Batarya Boyutu"":""Uygulanabilir Değil""}",20,5,refreshed,"[""daily_top""]",true,2026-08-19T09:00:50+03:00,0,"[""search_result_dom"",""product_detail_jsonld"",""product_detail_dom""]","{""title"":""observed"",""brand"":""observed"",""seller_name"":""observed"",""seller_score"":""observed"",""price"":""observed"",""original_price"":""unavailable"",""campaigns"":""observed"",""stock_status"":""observed"",""stock_signal"":""observed"",""rating"":""observed"",""rating_count"":""observed"",""review_count"":""observed"",""question_count"":""unavailable"",""delivery_summary"":""observed"",""shipping_cost"":""observed"",""properties"":""observed""}",true,
2026-08-19,2026-08-19T09:00:50+03:00,çocuk,BEST_SELLER,genel-cocuk,çocuk,24,1,24,24,1,-2,55.9,20.4,37828416,207099,Bitex Set Şampuan 200Ml + Sprey 100Ml,Bitex,Şampuan,https://www.trendyol.com/bitex/set-sampuan-200ml-sprey-100ml-p-37828416?boutiqueId=61&merchantId=207099,PİGMENT KOZMETİK LTD. ŞTİ.,93,156,158,1.3,-1.3,TRY,"[""Son 10 Günün En Düşük Fiyatı"",""Kargo Bedava"",""Son 10 günün en düşük fiyatı""]",InStock,100 adetten fazla stok sunulmuştur,,,4.4,1368,660,0,,,,,4999,TRY,0,2,1,6,3 saat 56 dakika içinde sipariş verirsen en geç bugün kargoda!,En Çok Satan 1. Ürün,https://cdn.dsmcdn.com/ty1805/prod/QC_ENRICHMENT/20251225/15/d486e29e-3817-3dda-a43a-53b55de2ba97/1_org_zoom.jpg,"{""Etki"":""Nemlendirici"",""Hacim"":""10 ml"",""Saç Tipi"":""Tüm Saç Tipleri"",""Menşei"":""TR"",""Refill"":""Evet""}",20,5,refreshed,"[""daily_top""]",true,2026-08-19T09:00:50+03:00,0,"[""search_result_dom"",""product_detail_jsonld"",""product_detail_dom""]","{""title"":""observed"",""brand"":""observed"",""seller_name"":""observed"",""seller_score"":""observed"",""price"":""observed"",""original_price"":""observed"",""campaigns"":""observed"",""stock_status"":""observed"",""stock_signal"":""observed"",""rating"":""observed"",""rating_count"":""observed"",""review_count"":""observed"",""question_count"":""unavailable"",""delivery_summary"":""observed"",""shipping_cost"":""observed"",""properties"":""observed""}",true,
2026-08-19,2026-08-19T09:00:50+03:00,çocuk,BEST_SELLER,cocuk-oyuncak,çocuk oyuncak,1,1,25,25,,4,40.4,32.1,1157437173,109643,"Rüya Gezegeni 1 Adet Mini Taş - Kağıt - Makas Oyunu Anahtarlık , Parmak Oyuncağı , Parti Hediye , Stres Giderici Hediye",Rüya Gezegeni,Eğitici Oyuncak,https://www.trendyol.com/ruya-gezegeni/1-adet-mini-tas-kagit-makas-oyunu-anahtarlik-parmak-oyuncagi-parti-hediye-stres-giderici-hediye-p-1157437173?boutiqueId=61&merchantId=109643,,,24.99,,,5,TRY,"[""10 TL Kupon"",""20 TL Kupon"",""Kargo Bedava"",""Trendyol Plus'a Özel""]",InStock,,,,4.1,38,19,2,21,821 kişinin sepetinde,"4,4B kişi favoriledi",Son 24 saatte 881 kişi görüntüledi,4999,TRY,0,,1,4,1 saat 56 dakika içinde sipariş verirsen en geç bugün kargoda!,,https://cdn.dsmcdn.com/ty1896/prod/QC_PREP/20260617/14/347a899a-5305-3228-8903-50cbe492cc33/1_org_zoom.jpg,"{""Paket İçeriği"":""1+"",""Yaş"":""5+ Yaş"",""Piller Kutuya Dahil Mi?"":""Hayır"",""Dil"":""Türkçe"",""Pil ile mi çalışır?"":""Hayır"",""Menşei"":""TR""}",19,4,refreshed,"[""daily_top""]",true,2026-08-19T09:00:50+03:00,0,"[""search_result_dom"",""product_detail_jsonld"",""product_detail_dom""]","{""title"":""observed"",""brand"":""observed"",""seller_name"":""unavailable"",""seller_score"":""unavailable"",""price"":""observed"",""original_price"":""unavailable"",""campaigns"":""observed"",""stock_status"":""observed"",""stock_signal"":""unavailable"",""rating"":""observed"",""rating_count"":""observed"",""review_count"":""observed"",""question_count"":""observed"",""delivery_summary"":""observed"",""shipping_cost"":""observed"",""properties"":""observed""}",true,
2026-08-19,2026-08-19T09:00:50+03:00,çocuk,BEST_SELLER,cocuk-oyuncak,çocuk oyuncak,2,1,26,26,,9,75.2,24.8,1134330771,357212,Go Toys Go Magnetic Series 26 Parça Yapı Tasarım Eklentisi - Mıknatıslı Manyetik Bloklar,Go Toys,Eğitici Oyuncak,https://www.trendyol.com/go-toys/go-magnetic-series-26-parca-yapi-tasarim-eklentisi-miknatisli-manyetik-bloklar-p-1134330771?boutiqueId=61&merchantId=357212,Shopist,91,696.5,995,30,0,TRY,"[""Sepette %30 İndirim"",""Kargo Bedava"",""Süper Fırsat Ürünü""]",InStock,100 adetten fazla stok sunulmuştur,,,4.1,257,141,3,30,"2,1B kişinin sepetinde","38,4B kişi favoriledi","Son 24 saatte 2,9B kişi görüntüledi",4999,TRY,0,1,1,4,14 saat 56 dakika içinde sipariş verirsen en geç yarın kargoda!,,https://cdn.dsmcdn.com/ty1856/prod/QC_PREP/20260417/10/080cdf77-a292-3644-b455-f3a138ee5502/1_org_zoom.jpg,"{""Paket İçeriği"":""Belirtilmemiş"",""Yaş"":""3+ Yaş"",""Piller Kutuya Dahil Mi?"":""Hayır"",""Dil"":""Evrensel Dil"",""Pil ile mi çalışır?"":""Hayır"",""Menşei"":""TR""}",20,5,refreshed,"[""daily_top""]",true,2026-08-19T09:00:50+03:00,0,"[""search_result_dom"",""product_detail_jsonld"",""product_detail_dom""]","{""title"":""observed"",""brand"":""observed"",""seller_name"":""observed"",""seller_score"":""observed"",""price"":""observed"",""original_price"":""observed"",""campaigns"":""observed"",""stock_status"":""observed"",""stock_signal"":""observed"",""rating"":""observed"",""rating_count"":""observed"",""review_count"":""observed"",""question_count"":""observed"",""delivery_summary"":""observed"",""shipping_cost"":""observed"",""properties"":""observed""}",true,
2026-08-19,2026-08-19T09:00:50+03:00,çocuk,BEST_SELLER,cocuk-oyuncak,çocuk oyuncak,3,1,27,27,,59,87.8,11.5,756100197,357212,Go Toys Kurbağa Denge Ebeveyn Çocuk Etkileşimi Oyunu Eğitici Oyuncak Kutu Oyunu,Go Toys,Eğitici Oyuncak,https://www.trendyol.com/go-toys/kurbaga-denge-ebeveyn-cocuk-etkilesimi-oyunu-egitici-oyuncak-kutu-oyunu-p-756100197?boutiqueId=61&merchantId=357212,Shopist,91,111.3,159,30,0,TRY,"[""Sepette %30 İndirim"",""Süper Fırsat Ürünü"",""Kargo Bedava""]",InStock,100 adetten fazla stok sunulmuştur,,,4.6,18643,9483,7,253,"1,4B kişinin sepetinde","253,7B kişi favoriledi",Son 24 saatte 977 kişi görüntüledi,4999,TRY,0,2,1,6,14 saat 56 dakika içinde sipariş verirsen en geç yarın kargoda!,,https://cdn.dsmcdn.com/ty1624/product/media/images/prod/PIM/20250115/10/5d9c4506-058d-4c57-92e4-bc1db1ae5409/1_org_zoom.jpg,"{""Paket İçeriği"":""50'li"",""Yaş"":""3+ Yaş"",""Piller Kutuya Dahil Mi?"":""Hayır"",""Dil"":""Evrensel Dil"",""Pil ile mi çalışır?"":""Hayır"",""Menşei"":""TR"",""Ürün Uyarıları (Oyuncak)"":""3 yaş üzeri"",""Batarya Türü"":""Lityum-iyon"",""Özellik"":""Normal""}",20,5,refreshed,"[""daily_top""]",true,2026-08-19T09:00:50+03:00,0,"[""search_result_dom"",""product_detail_jsonld"",""product_detail_dom""]","{""title"":""observed"",""brand"":""observed"",""seller_name"":""observed"",""seller_score"":""observed"",""price"":""observed"",""original_price"":""observed"",""campaigns"":""observed"",""stock_status"":""observed"",""stock_signal"":""observed"",""rating"":""observed"",""rating_count"":""observed"",""review_count"":""observed"",""question_count"":""observed"",""delivery_summary"":""observed"",""shipping_cost"":""observed"",""properties"":""observed""}",true,
2026-08-19,2026-08-19T09:00:50+03:00,çocuk,BEST_SELLER,cocuk-oyuncak,çocuk oyuncak,4,1,28,28,,8,46.4,18.6,860347310,931256,tutobaby Montessori 6'sı 1 arada Eğitici ve Öğretici Duyusal Gelişim Oyuncağı,tutobaby,Eğitici Oyuncak,https://www.trendyol.com/tutobaby/montessori-6-si-1-arada-egitici-ve-ogretici-duyusal-gelisim-oyuncagi-p-860347310?boutiqueId=61&merchantId=931256,TuTobaby,98,349.99,,,0,TRY,"[""Kargo Bedava""]",InStock,100 adetten fazla stok sunulmuştur,,,4.6,1042,632,1,58,2B kişinin sepetinde,"56,7B kişi favoriledi",Son 24 saatte 2B kişi görüntüledi,4999,TRY,0,,1,4,4 saat 56 dakika içinde sipariş verirsen en geç bugün kargoda!,,https://cdn.dsmcdn.com/ty1609/prod/QC/20241204/15/019817e1-1ab7-341b-8730-7fd8237269fa/1_org_zoom.jpg,"{""Paket İçeriği"":""1+"",""Yaş"":""1+ Yaş"",""Piller Kutuya Dahil Mi?"":""Hayır"",""Dil"":""Türkçe"",""Pil ile mi çalışır?"":""Hayır"",""Menşei"":""CN"",""Özellik"":""BPA Free""}",20,5,refreshed,"[""daily_top""]",true,2026-08-19T09:00:50+03:00,0,"[""search_result_dom"",""product_detail_jsonld"",""product_detail_dom""]","{""title"":""observed"",""brand"":""observed"",""seller_name"":""observed"",""seller_score"":""observed"",""price"":""observed"",""original_price"":""unavailable"",""campaigns"":""observed"",""stock_status"":""observed"",""stock_signal"":""observed"",""rating"":""observed"",""rating_count"":""observed"",""review_count"":""observed"",""question_count"":""observed"",""delivery_summary"":""observed"",""shipping_cost"":""observed"",""properties"":""observed""}",true,
2026-08-19,2026-08-19T09:00:50+03:00,çocuk,BEST_SELLER,cocuk-oyuncak,çocuk oyuncak,5,1,29,29,,-2,40.1,22.4,1040762882,931256,tutobaby Sevimli Mıknatıslı Kurmalı Civcivler,tutobaby,Eğitici Oyuncak,https://www.trendyol.com/tutobaby/sevimli-miknatisli-kurmali-civcivler-p-1040762882?boutiqueId=61&merchantId=931256,TuTobaby,98,199.99,,,5.3,TRY,"[""Kargo Bedava""]",InStock,100 adetten fazla stok sunulmuştur,,,4.5,294,184,4,23,"1,6B kişinin sepetinde","17,9B kişi favoriledi","Son 24 saatte 1,5B kişi görüntüledi",4999,TRY,0,,1,4,4 saat 56 dakika içinde sipariş verirsen en geç bugün kargoda!,,https://cdn.dsmcdn.com/ty1780/prod/QC_PREP/20251026/23/46fdc52a-f704-312c-aa1a-dc832e5c7a9b/1_org_zoom.jpg,"{""Paket İçeriği"":""4'lü"",""Yaş"":""1+ Yaş"",""Piller Kutuya Dahil Mi?"":""Hayır"",""Dil"":""Türkçe"",""Pil ile mi çalışır?"":""Hayır"",""Menşei"":""CN"",""Özellik"":""BPA Free""}",20,5,refreshed,"[""daily_top""]",true,2026-08-19T09:00:50+03:00,0,"[""search_result_dom"",""product_detail_jsonld"",""product_detail_dom""]","{""title"":""observed"",""brand"":""observed"",""seller_name"":""observed"",""seller_score"":""observed"",""price"":""observed"",""original_price"":""unavailable"",""campaigns"":""observed"",""stock_status"":""observed"",""stock_signal"":""observed"",""rating"":""observed"",""rating_count"":""observed"",""review_count"":""observed"",""question_count"":""observed"",""delivery_summary"":""observed"",""shipping_cost"":""observed"",""properties"":""observed""}",true,
2026-08-19,2026-08-19T09:00:50+03:00,çocuk,BEST_SELLER,cocuk-oyuncak,çocuk oyuncak,6,2,30,30,3,-12,47.8,22.2,1163407346,758938,HaLVeY Gizemli Paket Renkli Çin Mantısı 1 Adet Sürpriz renk & Ürün İle Birlikte Çocuklar İçin Hediye Oyuncak Anahtarlık Gönderilecektir,HaLVeY,Sürpriz Oyuncak Figürü,https://www.trendyol.com/halvey/gizemli-paket-renkli-cin-mantisi-1-adet-surpriz-renk-urun-ile-birlikte-cocuklar-icin-hediye-oyuncak-anahtarlik-gonderilecektir-p-1163407346?boutiqueId=61&merchantId=758938,HaLVeY Kozmetik,9,625.5,695,10,0,TRY,"[""Sepette %10 İndirim"",""Kargo Bedava""]",InStock,100 adetten fazla stok sunulmuştur,,,3.9,219,168,3,33,"5,8B kişinin sepetinde","13,2B kişi favoriledi","Son 24 saatte 2,3B kişi görüntüledi",4999,TRY,0,,1,4,2 saat 56 dakika içinde sipariş verirsen en geç bugün kargoda!,En Çok Satan 3. Ürün,https://cdn.dsmcdn.com/ty1910/prod/QC_PREP/20260701/17/f10b04b1-5f27-3bbb-ae04-17b722f4082c/1_org_zoom.jpg,"{""Yaş"":""3+ Yaş"",""Menşei"":""CN""}",20,5,refreshed,"[""daily_top""]",true,2026-08-19T09:00:50+03:00,0,"[""search_result_dom"",""product_detail_jsonld"",""product_detail_dom""]","{""title"":""observed"",""brand"":""observed"",""seller_name"":""observed"",""seller_score"":""observed"",""price"":""observed"",""original_price"":""observed"",""campaigns"":""observed"",""stock_status"":""observed"",""stock_signal"":""observed"",""rating"":""observed"",""rating_count"":""observed"",""review_count"":""observed"",""question_count"":""observed"",""delivery_summary"":""observed"",""shipping_cost"":""observed"",""properties"":""observed""}",true,
2026-08-19,2026-08-19T09:00:50+03:00,çocuk,BEST_SELLER,cocuk-oyuncak,çocuk oyuncak,7,2,31,31,3,-6,67.3,20.2,1115203911,357212,Go Toys Go Track Turuncu Renk Esnek Yarış-Aksiyon Pisti 4.5 Mt - Flex track,Go Toys,Diğer Oyuncaklar,https://www.trendyol.com/go-toys/go-track-turuncu-renk-esnek-yaris-aksiyon-pisti-4-5-mt-flex-track-p-1115203911?boutiqueId=61&merchantId=357212,Shopist,91,279.3,399,30,17.7,TRY,"[""Sepette %30 İndirim"",""Süper Fırsat Ürünü"",""Kargo Bedava""]",InStock,100 adetten fazla stok sunulmuştur,,,4.3,591,259,0,60,"1,1B kişinin sepetinde","30,1B kişi favoriledi",Son 24 saatte 705 kişi görüntüledi,4999,TRY,0,1,1,4,14 saat 56 dakika içinde sipariş verirsen en geç yarın kargoda!,En Çok Satan 3. Ürün,https://cdn.dsmcdn.com/ty1835/prod/QC_PREP/20260306/16/176aebc5-c413-3fe8-9a05-5046b857a21c/1_org_zoom.jpg,"{""Paket İçeriği"":""1+"",""Yaş"":""1+ Yaş"",""Piller Kutuya Dahil Mi?"":""Hayır"",""Pil ile mi çalışır?"":""Hayır"",""Menşei"":""TR""}",20,5,refreshed,"[""daily_top""]",true,2026-08-19T09:00:50+03:00,0,"[""search_result_dom"",""product_detail_jsonld"",""product_detail_dom""]","{""title"":""observed"",""brand"":""observed"",""seller_name"":""observed"",""seller_score"":""observed"",""price"":""observed"",""original_price"":""observed"",""campaigns"":""observed"",""stock_status"":""observed"",""stock_signal"":""observed"",""rating"":""observed"",""rating_count"":""observed"",""review_count"":""observed"",""question_count"":""observed"",""delivery_summary"":""observed"",""shipping_cost"":""observed"",""properties"":""observed""}",true,
2026-08-19,2026-08-19T09:00:50+03:00,çocuk,BEST_SELLER,cocuk-oyuncak,çocuk oyuncak,8,2,32,32,,100,58.5,26.5,1158160067,357212,Go Toys Yumuşak Yapı Blokları 48 Prc - Bublox Soft Bricks - Yumuşak Yapı Blokları,Go Toys,Diğer Oyun Takımları,https://www.trendyol.com/go-toys/yumusak-yapi-bloklari-48-prc-bublox-soft-bricks-yumusak-yapi-bloklari-p-1158160067?boutiqueId=61&merchantId=357212,Shopist,91,433.3,619,30,0,TRY,"[""Sepette %30 İndirim"",""Kargo Bedava"",""Süper Fırsat Ürünü""]",InStock,100 adetten fazla stok sunulmuştur,,,4.3,60,35,-1,21,"2,3B kişinin sepetinde",31B kişi favoriledi,"Son 24 saatte 1,8B kişi görüntüledi",4999,TRY,0,1,1,4,14 saat 56 dakika içinde sipariş verirsen en geç yarın kargoda!,,https://cdn.dsmcdn.com/ty1914/prod/QC_PREP/20260619/11/0a79a7b9-8f20-3d54-89d6-cf75f29ff67b/1_org_zoom.jpg,"{""Parça Sayısı"":""48"",""Yaş"":""1+ Yaş"",""Menşei"":""TR""}",20,5,refreshed,"[""daily_top"",""hot_change""]",true,2026-08-19T09:00:50+03:00,0,"[""search_result_dom"",""product_detail_jsonld"",""product_detail_dom""]","{""title"":""observed"",""brand"":""observed"",""seller_name"":""observed"",""seller_score"":""observed"",""price"":""observed"",""original_price"":""observed"",""campaigns"":""observed"",""stock_status"":""observed"",""stock_signal"":""observed"",""rating"":""observed"",""rating_count"":""observed"",""review_count"":""observed"",""question_count"":""observed"",""delivery_summary"":""observed"",""shipping_cost"":""observed"",""properties"":""observed""}",true,
2026-08-19,2026-08-19T09:00:50+03:00,çocuk,BEST_SELLER,cocuk-oyuncak,çocuk oyuncak,9,2,33,33,,5,31.7,20.8,1103532328,137544,Kitchen Beauty Çocuklar İçin Silinebilir Çizim Defteri 6 Adet Kalem Hediyeli - Bebekler İçin Aktivite Oyuncak Seti,Kitchen Beauty,Eğitici Oyuncak,https://www.trendyol.com/kitchen-beauty/cocuklar-icin-silinebilir-cizim-defteri-6-adet-kalem-hediyeli-bebekler-icin-aktivite-oyuncak-seti-p-1103532328?boutiqueId=61&merchantId=137544,Eymen Ticaret,89,199.99,,,0,TRY,"[""Kargo Bedava""]",InStock,100 adetten fazla stok sunulmuştur,,,4.1,341,161,2,63,"2,7B kişinin sepetinde","53,8B kişi favoriledi","Son 24 saatte 1,9B kişi görüntüledi",4999,TRY,0,,1,4,3 saat 56 dakika içinde sipariş verirsen en geç bugün kargoda!,,https://cdn.dsmcdn.com/ty1825/prod/QC_PREP/20260213/17/fe778827-1156-32b2-843c-131e63009e09/1_org_zoom.jpg,"{""Paket İçeriği"":""Belirtilmemiş"",""Yaş"":""2+ Yaş"",""Piller Kutuya Dahil Mi?"":""Hayır"",""Dil"":""Türkçe"",""Pil ile mi çalışır?"":""Hayır"",""Menşei"":""CN""}",20,5,refreshed,"[""daily_top""]",true,2026-08-19T09:00:50+03:00,0,"[""search_result_dom"",""product_detail_jsonld"",""product_detail_dom""]","{""title"":""observed"",""brand"":""observed"",""seller_name"":""observed"",""seller_score"":""observed"",""price"":""observed"",""original_price"":""unavailable"",""campaigns"":""observed"",""stock_status"":""observed"",""stock_signal"":""observed"",""rating"":""observed"",""rating_count"":""observed"",""review_count"":""observed"",""question_count"":""observed"",""delivery_summary"":""observed"",""shipping_cost"":""observed"",""properties"":""observed""}",true,
2026-08-19,2026-08-19T09:00:50+03:00,çocuk,BEST_SELLER,cocuk-oyuncak,çocuk oyuncak,10,2,34,34,1,14,36.2,13.8,929095492,1122866,PRO Toys Işık/Ledli Üç Teker Yükseklik Ayarlanabilir ve Katlanabilir Fren Sistemli Çocuk Scooter,PRO Toys,,https://www.trendyol.com/pro-toys/isik-ledli-uc-teker-yukseklik-ayarlanabilir-ve-katlanabilir-fren-sistemli-cocuk-scooter-p-929095492?boutiqueId=61&merchantId=1122866,PRO Toys,93,1335,,,14.1,TRY,"[""Kargo Bedava"",""Peşin Fiyatına 3 Taksit"",""Trendyol Plus'a Özel""]",InStock,100 adetten fazla stok sunulmuştur,,,4.7,1066,,0,311,,,,,,0,,,,Tahmini Teslim:,En Çok Satan 1. Ürün,,{},0,,refreshed,"[""daily_top""]",true,2026-08-19T09:00:50+03:00,0,"[""search_result_dom"",""product_detail_jsonld"",""product_detail_dom""]","{""title"":""observed"",""brand"":""observed"",""seller_name"":""observed"",""seller_score"":""observed"",""price"":""observed"",""original_price"":""unavailable"",""campaigns"":""observed"",""stock_status"":""observed"",""stock_signal"":""observed"",""rating"":""observed"",""rating_count"":""observed"",""review_count"":""unavailable"",""question_count"":""observed"",""delivery_summary"":""observed"",""shipping_cost"":""unavailable"",""properties"":""observed""}",true,
2026-08-19,2026-08-19T09:00:50+03:00,çocuk,BEST_SELLER,cocuk-oyuncak,çocuk oyuncak,11,2,35,35,1,-7,22.7,24.8,1148437877,752303,KİNKU Örümcek Adam Vantuz Fırlatan Eldiven,KİNKU,Diğer Figür Oyuncaklar,https://www.trendyol.com/kinku/orumcek-adam-vantuz-firlatan-eldiven-p-1148437877?boutiqueId=61&merchantId=752303,KİNKU,94,149,,,0,TRY,"[""Kargo Bedava""]",InStock,100 adetten fazla stok sunulmuştur,,,3.7,60,38,1,26,,,,4999,TRY,0,,1,4,5 saat 56 dakika içinde sipariş verirsen en geç bugün kargoda!,En Çok Satan 1. Ürün,https://cdn.dsmcdn.com/ty1929/prod/QC_ENRICHMENT/20260522/19/6df1c510-b562-3071-9492-ac17013fd7e4/1_org_zoom.jpg,"{""Paket İçeriği"":""1'li"",""Yaş"":""3+ Yaş"",""Diğer Özellikler"":""ağ atan vantuz"",""Menşei"":""CN"",""Ürün Uyarıları (Oyuncak)"":""3 yaş altı için uygun değildir"",""Özellik"":""Katı""}",20,4.9,refreshed,"[""daily_top""]",true,2026-08-19T09:00:50+03:00,0,"[""search_result_dom"",""product_detail_jsonld"",""product_detail_dom""]","{""title"":""observed"",""brand"":""observed"",""seller_name"":""observed"",""seller_score"":""observed"",""price"":""observed"",""original_price"":""unavailable"",""campaigns"":""observed"",""stock_status"":""observed"",""stock_signal"":""observed"",""rating"":""observed"",""rating_count"":""observed"",""review_count"":""observed"",""question_count"":""observed"",""delivery_summary"":""observed"",""shipping_cost"":""observed"",""properties"":""observed""}",true,
2026-08-19,2026-08-19T09:00:50+03:00,çocuk,BEST_SELLER,cocuk-oyuncak,çocuk oyuncak,12,2,36,36,,10,58.5,16.5,928301266,357212,Go Toys Pag Tag Bultak Geometrik Şekiller Motor Beceri Geliştirici Eğitici Oyuncak Bebek Aktivite Oyuncağı,Go Toys,Eğitici Oyuncak,https://www.trendyol.com/go-toys/pag-tag-bultak-geometrik-sekiller-motor-beceri-gelistirici-egitici-oyuncak-bebek-aktivite-oyuncagi-p-928301266?boutiqueId=61&merchantId=357212,Shopist,91,104.65,149.5,30,0,TRY,"[""Sepette %30 İndirim"",""Süper Fırsat Ürünü"",""Kargo Bedava""]",InStock,100 adetten fazla stok sunulmuştur,,,4.6,690,366,1,19,1B kişinin sepetinde,"19,5B kişi favoriledi",Son 24 saatte 652 kişi görüntüledi,4999,TRY,0,,1,4,1 saat 56 dakika içinde sipariş verirsen en geç bugün kargoda!,,https://cdn.dsmcdn.com/ty1665/prod/QC/20250418/13/60784edd-bda7-31a5-8ac4-cd25f15587ed/1_org_zoom.jpg,"{""Paket İçeriği"":""Belirtilmemiş"",""Yaş"":""1+ Yaş"",""Piller Kutuya Dahil Mi?"":""Hayır"",""Dil"":""Evrensel Dil"",""Pil ile mi çalışır?"":""Hayır"",""Menşei"":""TR""}",20,5,refreshed,"[""daily_top""]",true,2026-08-19T09:00:50+03:00,0,"[""search_result_dom"",""product_detail_jsonld"",""product_detail_dom""]","{""title"":""observed"",""brand"":""observed"",""seller_name"":""observed"",""seller_score"":""observed"",""price"":""observed"",""original_price"":""observed"",""campaigns"":""observed"",""stock_status"":""observed"",""stock_signal"":""observed"",""rating"":""observed"",""rating_count"":""observed"",""review_count"":""observed"",""question_count"":""observed"",""delivery_summary"":""observed"",""shipping_cost"":""observed"",""properties"":""observed""}",true,
2026-08-19,2026-08-19T09:00:50+03:00,çocuk,BEST_SELLER,cocuk-oyuncak,çocuk oyuncak,13,2,37,37,1,2,23.4,19.1,1124472651,668887,"dekan toys Oyuncaklı Gölgelikli Bebek Botu, Bebek Simidi, Güneşten Koruyucu, Mavi",dekan toys,,https://www.trendyol.com/dekan-toys/oyuncakli-golgelikli-bebek-botu-bebek-simidi-gunesten-koruyucu-mavi-p-1124472651?boutiqueId=61&merchantId=668887,Dekan Toys,87,850,,,0,TRY,"[""Kargo Bedava""]",InStock,100 adetten fazla stok sunulmuştur,,,3.9,148,,0,86,775 kişinin sepetinde,"11,2B kişi favoriledi","Son 24 saatte 1,2B kişi görüntüledi",,,0,,,,14 saat 56 dakika içinde sipariş verirsen en geç yarın kargoda!,En Çok Satan 1. Ürün,,{},0,,refreshed,"[""daily_top""]",true,2026-08-19T09:00:50+03:00,0,"[""search_result_dom"",""product_detail_jsonld"",""product_detail_dom""]","{""title"":""observed"",""brand"":""observed"",""seller_name"":""observed"",""seller_score"":""observed"",""price"":""observed"",""original_price"":""unavailable"",""campaigns"":""observed"",""stock_status"":""observed"",""stock_signal"":""observed"",""rating"":""observed"",""rating_count"":""observed"",""review_count"":""unavailable"",""question_count"":""observed"",""delivery_summary"":""observed"",""shipping_cost"":""unavailable"",""properties"":""observed""}",true,
2026-08-19,2026-08-19T09:00:50+03:00,çocuk,BEST_SELLER,cocuk-oyuncak,çocuk oyuncak,14,2,38,38,2,3,29.2,10.8,37738604,109643,UNO Kartlar W2087,UNO,Kutu Oyunu,https://www.trendyol.com/uno/kartlar-w2087-p-37738604?boutiqueId=61&merchantId=109643,Rüya Gezegeni,89,62,,,-3.1,TRY,"[""Kargo Bedava"",""Trendyol Plus'a Özel""]",InStock,100 adetten fazla stok sunulmuştur,,,3.4,2483,1416,-1,227,"1,6B kişinin sepetinde","48,5B kişi favoriledi",Son 24 saatte 664 kişi görüntüledi,4999,TRY,0,,1,4,1 saat 56 dakika içinde sipariş verirsen en geç bugün kargoda!,En Çok Satan 2. Ürün,https://cdn.dsmcdn.com/ty1629/prod/QC/20250130/02/b85d34e7-271a-3675-9005-0a7d753ea871/1_org_zoom.jpg,"{""Oyuncu Sayısı"":""1-3 Kişi"",""Yaş"":""9+ Yaş"",""Dil"":""Türkçe"",""Menşei"":""TR"",""Özellik"":""Belirtilmemiş""}",20,5,refreshed,"[""daily_top""]",true,2026-08-19T09:00:50+03:00,0,"[""search_result_dom"",""product_detail_jsonld"",""product_detail_dom""]","{""title"":""observed"",""brand"":""observed"",""seller_name"":""observed"",""seller_score"":""observed"",""price"":""observed"",""original_price"":""unavailable"",""campaigns"":""observed"",""stock_status"":""observed"",""stock_signal"":""observed"",""rating"":""observed"",""rating_count"":""observed"",""review_count"":""observed"",""question_count"":""observed"",""delivery_summary"":""observed"",""shipping_cost"":""observed"",""properties"":""observed""}",true,
2026-08-19,2026-08-19T09:00:50+03:00,çocuk,BEST_SELLER,cocuk-oyuncak,çocuk oyuncak,15,2,39,39,,-15,19.6,17.9,941912296,107242,Elele Potenza 4in1 Ebeveyn Kontrollü 5 Tekerlekli Çocuk Scooter Işıklı Oturaklı Kahverengi,Elele,Scooter,https://www.trendyol.com/elele/potenza-4in1-ebeveyn-kontrollu-5-tekerlekli-cocuk-scooter-isikli-oturakli-kahverengi-p-941912296?boutiqueId=61&merchantId=107242,Elelebaby,94,5699,,,0,TRY,"[""Kargo Bedava"",""Peşin Fiyatına 3 Taksit""]",InStock,100 adetten fazla stok sunulmuştur,,,4.6,436,156,2,217,"1,4B kişinin sepetinde","50,2B kişi favoriledi","Son 24 saatte 2,5B kişi görüntüledi",4999,TRY,0,2,1,6,Tahmini Teslim:,En Çok Ziyaret Edilen 1. Ürün,https://cdn.dsmcdn.com/ty1687/prod/QC_PREP/20250602/10/faa13133-464d-33e8-bbc9-eebab3b14aa3/1_org_zoom.jpg,"{""Tekerlek Sayısı"":""4"",""Renk"":""Kahverengi"",""Yaş"":""1+ Yaş"",""Menşei"":""TR""}",20,5,refreshed,"[""daily_top""]",true,2026-08-19T09:00:50+03:00,0,"[""search_result_dom"",""product_detail_jsonld"",""product_detail_dom""]","{""title"":""observed"",""brand"":""observed"",""seller_name"":""observed"",""seller_score"":""observed"",""price"":""observed"",""original_price"":""unavailable"",""campaigns"":""observed"",""stock_status"":""observed"",""stock_signal"":""observed"",""rating"":""observed"",""rating_count"":""observed"",""review_count"":""observed"",""question_count"":""observed"",""delivery_summary"":""observed"",""shipping_cost"":""observed"",""properties"":""observed""}",true,
2026-08-19,2026-08-19T09:00:50+03:00,çocuk,BEST_SELLER,cocuk-oyuncak,çocuk oyuncak,16,2,40,40,,9,31,24,1164824299,1127325,Circle Toys Ahşap Küçük Telli Koordinasyon Oyunu 1 Adet – Montessori Eğitici El Göz Koordinasyonu ve İnce Motor Beceri Oyuncağı,Circle Toys,Eğitici Oyuncak,https://www.trendyol.com/circle-toys/ahsap-kucuk-telli-koordinasyon-oyunu-1-adet-montessori-egitici-el-goz-koordinasyonu-ve-ince-motor-beceri-oyuncagi-p-1164824299?boutiqueId=61&merchantId=1127325,,,199.8,249.75,20,0,TRY,"[""Sepette %20 İndirim""]",InStock,,,,3.8,53,23,1,,,,,4999,TRY,0,,1,4,,,https://cdn.dsmcdn.com/ty1894/prod/QC_PREP/20260705/16/62174451-9c4a-3fa1-904e-5308310f0402/1_org_zoom.jpg,"{""Paket İçeriği"":""1'li"",""Yaş"":""3+ Yaş"",""Piller Kutuya Dahil Mi?"":""Hayır"",""Dil"":""Evrensel Dil"",""Pil ile mi çalışır?"":""Hayır"",""Menşei"":""CN""}",20,3.95,refreshed,"[""daily_top""]",true,2026-08-19T09:00:50+03:00,0,"[""search_result_dom"",""product_detail_jsonld"",""product_detail_dom""]","{""title"":""observed"",""brand"":""observed"",""seller_name"":""unavailable"",""seller_score"":""unavailable"",""price"":""observed"",""original_price"":""observed"",""campaigns"":""observed"",""stock_status"":""observed"",""stock_signal"":""unavailable"",""rating"":""observed"",""rating_count"":""observed"",""review_count"":""observed"",""question_count"":""unavailable"",""delivery_summary"":""unavailable"",""shipping_cost"":""observed"",""properties"":""observed""}",true,
2026-08-19,2026-08-19T09:00:50+03:00,çocuk,BEST_SELLER,cocuk-oyuncak,çocuk oyuncak,17,2,41,41,3,4,19.6,14.9,973845507,744768,Nandy Home Tavşan Model Karakter Figürü 3D Yapı Oyuncakları,Nandy Home,Diğer Oyun Takımları,https://www.trendyol.com/nandy-home/tavsan-model-karakter-figuru-3d-yapi-oyuncaklari-p-973845507?boutiqueId=61&merchantId=744768,,,146.92,,,0,TRY,[],InStock,,,,4.6,623,282,1,,,,,4999,TRY,0,,1,4,,En Çok Satan 3. Ürün,https://cdn.dsmcdn.com/ty1918/prod/QC_ENRICHMENT/20260522/10/2cd95bf3-6f2c-3e98-8d6b-35852492ba0e/1_org_zoom.jpg,"{""Seri"":""Mini Figürler"",""Parça Sayısı"":""51-100"",""Yaş"":""6+ Yaş"",""Diğer Özellikler"":""."",""Menşei"":""CN"",""Ürün Uyarıları (Oyuncak)"":""Küçük parçalar içerir. 3 yaş altı çocuklar için uygun değildir."",""Batarya Türü"":""Diğer"",""Özellik"":""Standart""}",20,5,refreshed,"[""daily_top""]",true,2026-08-19T09:00:50+03:00,0,"[""search_result_dom"",""product_detail_jsonld"",""product_detail_dom""]","{""title"":""observed"",""brand"":""observed"",""seller_name"":""unavailable"",""seller_score"":""unavailable"",""price"":""observed"",""original_price"":""unavailable"",""campaigns"":""unavailable"",""stock_status"":""observed"",""stock_signal"":""unavailable"",""rating"":""observed"",""rating_count"":""observed"",""review_count"":""observed"",""question_count"":""unavailable"",""delivery_summary"":""unavailable"",""shipping_cost"":""observed"",""properties"":""observed""}",true,
2026-08-19,2026-08-19T09:00:50+03:00,çocuk,BEST_SELLER,cocuk-oyuncak,çocuk oyuncak,18,2,42,42,1,-16,27,7,691009501,819535,Pufu Toys Zürafa Peluş Oyuncak (1 METRE) Yastık,Pufu Toys,Peluş Oyuncak,https://www.trendyol.com/pufu-toys/zurafa-pelus-oyuncak-1-metre-yastik-p-691009501?boutiqueId=61&merchantId=819535,PufuToys,,614.64,,,-19.1,TRY,"[""Kargo Bedava"",""Trendyol Plus'a Özel""]",InStock,100 adetten fazla stok sunulmuştur,,,4.8,3979,2364,0,,,,,4999,TRY,0,1,1,4,3 saat 56 dakika içinde sipariş verirsen en geç bugün kargoda!,En Çok Satan 1. Ürün,https://cdn.dsmcdn.com/ty1610/prod/QC/20241203/23/80d98c71-e147-30fb-8bab-214ff5f38e25/1_org_zoom.jpg,"{""Renk"":""Çok Renkli"",""Boyut"":""100 cm"",""Yaş"":""1+ Yaş"",""Dil"":""Türkçe"",""Pil ile mi çalışır?"":""Hayır"",""Piller Kutuya Dahil Mi?"":""Hayır"",""Menşei"":""TR""}",20,5,refreshed,"[""daily_top""]",true,2026-08-19T09:00:50+03:00,0,"[""search_result_dom"",""product_detail_jsonld"",""product_detail_dom""]","{""title"":""observed"",""brand"":""observed"",""seller_name"":""observed"",""seller_score"":""unavailable"",""price"":""observed"",""original_price"":""unavailable"",""campaigns"":""observed"",""stock_status"":""observed"",""stock_signal"":""observed"",""rating"":""observed"",""rating_count"":""observed"",""review_count"":""observed"",""question_count"":""unavailable"",""delivery_summary"":""observed"",""shipping_cost"":""observed"",""properties"":""observed""}",true,
2026-08-19,2026-08-19T09:00:50+03:00,çocuk,BEST_SELLER,cocuk-oyuncak,çocuk oyuncak,19,2,43,43,4,-1,0,,6877587,109486,Furkan Toys Cool Wheels Led Işıklı 3 Tekerlekli Yükseklik Ayarlı Twist Scooter,Furkan Toys,,https://www.trendyol.com/furkan-toys/cool-wheels-led-isikli-3-tekerlekli-yukseklik-ayarli-twist-scooter-p-6877587?boutiqueId=61&merchantId=109486,,,999,,,7.8,TRY,"[""Kargo Bedava""]",InStock,,,,,,,0,,,,,,,0,,,,,En Çok Favorilenen 1. Ürün,,{},0,,refreshed,"[""daily_top""]",true,2026-08-19T09:00:50+03:00,0,"[""search_result_dom"",""product_detail_jsonld"",""product_detail_dom""]","{""title"":""observed"",""brand"":""observed"",""seller_name"":""unavailable"",""seller_score"":""unavailable"",""price"":""observed"",""original_price"":""unavailable"",""campaigns"":""observed"",""stock_status"":""observed"",""stock_signal"":""unavailable"",""rating"":""unavailable"",""rating_count"":""unavailable"",""review_count"":""unavailable"",""question_count"":""unavailable"",""delivery_summary"":""unavailable"",""shipping_cost"":""unavailable"",""properties"":""observed""}",true,
2026-08-19,2026-08-19T09:00:50+03:00,çocuk,BEST_SELLER,cocuk-oyuncak,çocuk oyuncak,20,2,44,44,,-14,29.2,13.8,839813628,190370,Brother Toys Işıklı Stres Giderici Popit Oyun Konsolu Pop It Oyuncak Ördek Sarı Kaplan Transformers,Brother Toys,Eğitici Oyuncak,https://www.trendyol.com/brother-toys/isikli-stres-giderici-popit-oyun-konsolu-pop-it-oyuncak-ordek-sari-kaplan-transformers-p-839813628?boutiqueId=61&merchantId=190370,,,339.76,377.51,10,-15,TRY,[],InStock,,,,4.2,429,252,1,,,,,4999,TRY,0,,1,4,,,https://cdn.dsmcdn.com/ty1930/prod/QC_ENRICHMENT/20260710/20/baef8111-8d9f-3af0-ab35-f88c94642b52/1_org_zoom.jpg,"{""Paket İçeriği"":""1'li"",""Yaş"":""3+ Yaş"",""Piller Kutuya Dahil Mi?"":""Hayır"",""Dil"":""İngilizce"",""Pil ile mi çalışır?"":""Evet"",""Diğer Özellikler"":""Kaliteli Kırılmaz Malzeme"",""Menşei"":""CN"",""Ürün Uyarıları (Oyuncak)"":""Uyarı. 3 Yaşından Küçük Çocuklar İçin Uygun Değildir."",""Batarya Türü"":""Lityum-iyon"",""Batarya Boyutu"":""AAA"",""Özellik"":""Belirtilmemiş""}",20,5,refreshed,"[""daily_top""]",true,2026-08-19T09:00:50+03:00,0,"[""search_result_dom"",""product_detail_jsonld"",""product_detail_dom""]","{""title"":""observed"",""brand"":""observed"",""seller_name"":""unavailable"",""seller_score"":""unavailable"",""price"":""observed"",""original_price"":""observed"",""campaigns"":""unavailable"",""stock_status"":""observed"",""stock_signal"":""unavailable"",""rating"":""observed"",""rating_count"":""observed"",""review_count"":""observed"",""question_count"":""unavailable"",""delivery_summary"":""unavailable"",""shipping_cost"":""observed"",""properties"":""observed""}",true,
2026-08-19,2026-08-19T09:00:50+03:00,çocuk,BEST_SELLER,cocuk-oyuncak,çocuk oyuncak,21,2,45,45,,20,55.3,7.2,376130690,357212,Go Toys Şanslı Penguen Kulesi Eğitici Zeka Ve Aktivite Oyunu Eğlence Kutusu,Go Toys,Kutu Oyunu,https://www.trendyol.com/go-toys/sansli-penguen-kulesi-egitici-zeka-ve-aktivite-oyunu-eglence-kutusu-p-376130690?boutiqueId=61&merchantId=357212,,,131.6,188,30,0,TRY,"[""Sepette %30 İndirim"",""Süper Fırsat Ürünü""]",InStock,,,,4.4,2822,1471,-1,,,,,4999,TRY,0,1,1,4,,,https://cdn.dsmcdn.com/ty1625/product/media/images/prod/PIM/20250115/10/33c9bb3c-1b8e-4fa8-9882-a513475faf9a/1_org_zoom.jpg,"{""Oyuncu Sayısı"":""6 Kişi"",""Yaş"":""3+ Yaş"",""Dil"":""Evrensel Dil"",""Menşei"":""UM""}",20,5,refreshed,"[""daily_top""]",true,2026-08-19T09:00:50+03:00,0,"[""search_result_dom"",""product_detail_jsonld"",""product_detail_dom""]","{""title"":""observed"",""brand"":""observed"",""seller_name"":""unavailable"",""seller_score"":""unavailable"",""price"":""observed"",""original_price"":""observed"",""campaigns"":""observed"",""stock_status"":""observed"",""stock_signal"":""unavailable"",""rating"":""observed"",""rating_count"":""observed"",""review_count"":""observed"",""question_count"":""unavailable"",""delivery_summary"":""unavailable"",""shipping_cost"":""observed"",""properties"":""observed""}",true,
2026-08-19,2026-08-19T09:00:50+03:00,çocuk,BEST_SELLER,cocuk-oyuncak,çocuk oyuncak,22,2,46,46,,-2,8.6,23.4,1164492787,190370,Brother Toys Şarjlı Kukuli Telefon Pro Max Dokunmatik 500+ Fonksiyonlu Türkçe Sesli Işıklı Müzikli Lisanslı,Brother Toys,Eğitici Oyuncak,https://www.trendyol.com/brother-toys/sarjli-kukuli-telefon-pro-max-dokunmatik-500-fonksiyonlu-turkce-sesli-isikli-muzikli-lisansli-p-1164492787?boutiqueId=61&merchantId=190370,,,499.9,,,0,TRY,"[""Kargo Bedava""]",InStock,,,,4.6,18,11,1,,429 kişinin sepetinde,"3,7B kişi favoriledi",Son 24 saatte 953 kişi görüntüledi,4999,TRY,0,,1,4,Tahmini Teslim:,,https://cdn.dsmcdn.com/ty1934/prod/QC_PREP/20260704/13/1b547b14-c1cd-30d6-af0c-6bd7f5da71af/1_org_zoom.jpg,"{""Paket İçeriği"":""2'li"",""Yaş"":""2+ Yaş"",""Piller Kutuya Dahil Mi?"":""Hayır"",""Dil"":""Türkçe"",""Pil ile mi çalışır?"":""Evet"",""Menşei"":""TR"",""Batarya Türü"":""Diğer"",""Batarya Boyutu"":""Uygulanabilir Değil"",""Özellik"":""Fonksiyonlu""}",11,4.36,refreshed,"[""daily_top""]",true,2026-08-19T09:00:50+03:00,0,"[""search_result_dom"",""product_detail_jsonld"",""product_detail_dom""]","{""title"":""observed"",""brand"":""observed"",""seller_name"":""unavailable"",""seller_score"":""unavailable"",""price"":""observed"",""original_price"":""unavailable"",""campaigns"":""observed"",""stock_status"":""observed"",""stock_signal"":""unavailable"",""rating"":""observed"",""rating_count"":""observed"",""review_count"":""observed"",""question_count"":""unavailable"",""delivery_summary"":""observed"",""shipping_cost"":""observed"",""properties"":""observed""}",true,
2026-08-19,2026-08-19T09:00:50+03:00,çocuk,BEST_SELLER,cocuk-oyuncak,çocuk oyuncak,23,2,47,47,,28,18.7,12.8,342139878,190370,Brother Toys Büyük Boy Dön Dolaş Ördekler Işıklı Müzikli Oyuncak Ördek Oyunu,Brother Toys,Bebek & Aktivite Oyuncakları,https://www.trendyol.com/brother-toys/buyuk-boy-don-dolas-ordekler-isikli-muzikli-oyuncak-ordek-oyunu-p-342139878?boutiqueId=61&merchantId=190370,,,549.9,,,0,TRY,"[""Kargo Bedava""]",InStock,,,,4.1,354,214,6,,"1,6B kişinin sepetinde","17,8B kişi favoriledi","Son 24 saatte 1,1B kişi görüntüledi",4999,TRY,0,,1,4,Tahmini Teslim:,En Çok Ziyaret Edilen 2. Ürün,https://cdn.dsmcdn.com/ty1691/prod/QC_ENRICHMENT/20250604/23/837885aa-214c-3fdb-9744-4321dea88087/1_org_zoom.jpg,"{""Paket İçeriği"":""8'li"",""Yaş"":""3+ Yaş"",""Dil"":""Evrensel Dil"",""Pil ile mi çalışır?"":""Evet"",""Piller Kutuya Dahil Mi?"":""Hayır"",""Diğer Özellikler"":""Kaliteli Malzeme"",""Menşei"":""CN"",""Ürün Uyarıları (Oyuncak)"":""Uyarı. 3 Yaşından Küçük Çocuklar İçin Uygun Değildir. Ebeveyn Kontrolünde Kullanılabilir."",""Özellik"":""Belirtilmemiş""}",20,5,refreshed,"[""daily_top""]",true,2026-08-19T09:00:50+03:00,0,"[""search_result_dom"",""product_detail_jsonld"",""product_detail_dom""]","{""title"":""observed"",""brand"":""observed"",""seller_name"":""unavailable"",""seller_score"":""unavailable"",""price"":""observed"",""original_price"":""unavailable"",""campaigns"":""observed"",""stock_status"":""observed"",""stock_signal"":""unavailable"",""rating"":""observed"",""rating_count"":""observed"",""review_count"":""observed"",""question_count"":""unavailable"",""delivery_summary"":""observed"",""shipping_cost"":""observed"",""properties"":""observed""}",true,
2026-08-19,2026-08-19T09:00:50+03:00,çocuk,BEST_SELLER,cocuk-oyuncak,çocuk oyuncak,24,2,48,48,3,39,0,,744257435,512325,Canestar Sevgiliye Özel Hediye Çilek Tavşan Özel Tasarım- Fermuarlı Yapısıyla Hem Çilek Hem de Tavşan,Canestar,,https://www.trendyol.com/canestar/sevgiliye-ozel-hediye-cilek-tavsan-ozel-tasarim-fermuarli-yapisiyla-hem-cilek-hem-de-tavsan-p-744257435?boutiqueId=61&merchantId=512325,,,399,,,0.4,TRY,"[""Kargo Bedava""]",InStock,,,,,,,0,,2B kişinin sepetinde,"159,9B kişi favoriledi",Son 24 saatte 1B kişi görüntüledi,,,0,,,,Tahmini Teslim:,En Çok Favorilenen 1. Ürün,,{},0,,refreshed,"[""daily_top""]",true,2026-08-19T09:00:50+03:00,0,"[""search_result_dom"",""product_detail_jsonld"",""product_detail_dom""]","{""title"":""observed"",""brand"":""observed"",""seller_name"":""unavailable"",""seller_score"":""unavailable"",""price"":""observed"",""original_price"":""unavailable"",""campaigns"":""observed"",""stock_status"":""observed"",""stock_signal"":""unavailable"",""rating"":""unavailable"",""rating_count"":""unavailable"",""review_count"":""unavailable"",""question_count"":""unavailable"",""delivery_summary"":""observed"",""shipping_cost"":""unavailable"",""properties"":""observed""}",true,
2026-08-19,2026-08-19T09:00:50+03:00,çocuk,BEST_SELLER,cocuk-oyuncak,çocuk oyuncak,25,2,49,49,,19,31.4,2.1,790178927,126620,yükselen zeka İlk Magnet Puzzle Bebek (12-36 Ay),yükselen zeka,Bebek & Aktivite Oyuncakları,https://www.trendyol.com/yukselen-zeka/ilk-magnet-puzzle-bebek-12-36-ay-p-790178927?boutiqueId=61&merchantId=126620,YÜKSELEN ZEKA,93,228.67,235.79,3,0,TRY,"[""Son 10 Günün En Düşük Fiyatı"",""Kargo Bedava"",""Son 10 günün en düşük fiyatı""]",InStock,100 adetten fazla stok sunulmuştur,,,4.7,6231,3548,1,241,1B kişinin sepetinde,"102,2B kişi favoriledi",Son 24 saatte 547 kişi görüntüledi,4999,TRY,0,,1,4,Tahmini Teslim:,,https://cdn.dsmcdn.com/ty1658/prod/QC/20250403/12/3a275795-9e90-34af-9894-e51aa08b95af/1_org_zoom.jpg,"{""Paket İçeriği"":""Belirtilmemiş"",""Yaş"":""1+ Yaş"",""Dil"":""Türkçe"",""Pil ile mi çalışır?"":""Hayır"",""Piller Kutuya Dahil Mi?"":""Hayır"",""Menşei"":""TR""}",20,5,refreshed,"[""daily_top""]",true,2026-08-19T09:00:50+03:00,0,"[""search_result_dom"",""product_detail_jsonld"",""product_detail_dom""]","{""title"":""observed"",""brand"":""observed"",""seller_name"":""observed"",""seller_score"":""observed"",""price"":""observed"",""original_price"":""observed"",""campaigns"":""observed"",""stock_status"":""observed"",""stock_signal"":""observed"",""rating"":""observed"",""rating_count"":""observed"",""review_count"":""observed"",""question_count"":""observed"",""delivery_summary"":""observed"",""shipping_cost"":""observed"",""properties"":""observed""}",true,
2026-08-19,2026-08-19T09:00:50+03:00,çocuk,BEST_SELLER,cocuk-oyuncak,çocuk oyuncak,26,2,50,50,,102,55.4,4.6,936499175,357212,Go Toys Polar Break Buz Tuzağı Aile Aktivite Oyuncağı Buz Kırma Oyuncak,Go Toys,Kutu Oyunu,https://www.trendyol.com/go-toys/polar-break-buz-tuzagi-aile-aktivite-oyuncagi-buz-kirma-oyuncak-p-936499175?boutiqueId=61&merchantId=357212,Shopist,91,118.16,168.8,30,0,TRY,"[""Sepette %30 İndirim"",""Süper Fırsat Ürünü"",""Kargo Bedava""]",InStock,100 adetten fazla stok sunulmuştur,,,4.2,2892,1481,2,81,939 kişinin sepetinde,"64,1B kişi favoriledi",Son 24 saatte 555 kişi görüntüledi,4999,TRY,0,1,1,4,14 saat 55 dakika içinde sipariş verirsen en geç yarın kargoda!,,https://cdn.dsmcdn.com/ty1681/product/media/images/prod/PIM/20250522/21/dac94bdd-9e12-4ddf-8d78-5fad1d94dd5a/1_org_zoom.jpg,"{""Oyuncu Sayısı"":""2 Kişi"",""Yaş"":""3+ Yaş"",""Dil"":""Evrensel Dil"",""Menşei"":""TR""}",20,5,refreshed,"[""daily_top"",""hot_change""]",true,2026-08-19T09:00:50+03:00,0,"[""search_result_dom"",""product_detail_jsonld"",""product_detail_dom""]","{""title"":""observed"",""brand"":""observed"",""seller_name"":""observed"",""seller_score"":""observed"",""price"":""observed"",""original_price"":""observed"",""campaigns"":""observed"",""stock_status"":""observed"",""stock_signal"":""observed"",""rating"":""observed"",""rating_count"":""observed"",""review_count"":""observed"",""question_count"":""observed"",""delivery_summary"":""observed"",""shipping_cost"":""observed"",""properties"":""observed""}",true,
2026-08-19,2026-08-19T09:00:50+03:00,çocuk,BEST_SELLER,cocuk-oyuncak,çocuk oyuncak,27,2,51,51,4,-11,25.1,9.9,865456900,590132,Zuzu Toys 4106 Neşeli Halkalar 6 Adet Renkli Halka,Zuzu Toys,Bebek & Aktivite Oyuncakları,https://www.trendyol.com/zuzu-toys/4106-neseli-halkalar-6-adet-renkli-halka-p-865456900?boutiqueId=61&merchantId=590132,Babysch,9,256.02,269.5,5,-2.1,TRY,"[""Sepette %5 İndirim"",""Sepette %1 İndirim"",""Kargo Bedava""]",InStock,100 adetten fazla stok sunulmuştur,,,4.2,651,322,1,36,"1,6B kişinin sepetinde","30,3B kişi favoriledi",Son 24 saatte 530 kişi görüntüledi,4999,TRY,0,,1,4,2 saat 55 dakika içinde sipariş verirsen en geç bugün kargoda!,En Çok Satan 4. Ürün,https://cdn.dsmcdn.com/ty1583/prod/QC/20241011/13/e8294ba7-3675-3dca-a1fb-d76840f74d7c/1_org_zoom.jpg,"{""Paket İçeriği"":""1+"",""Yaş"":""2+ Yaş"",""Dil"":""Türkçe"",""Pil ile mi çalışır?"":""Hayır"",""Piller Kutuya Dahil Mi?"":""Hayır"",""Menşei"":""TR""}",20,5,refreshed,"[""daily_top""]",true,2026-08-19T09:00:50+03:00,0,"[""search_result_dom"",""product_detail_jsonld"",""product_detail_dom""]","{""title"":""observed"",""brand"":""observed"",""seller_name"":""observed"",""seller_score"":""observed"",""price"":""observed"",""original_price"":""observed"",""campaigns"":""observed"",""stock_status"":""observed"",""stock_signal"":""observed"",""rating"":""observed"",""rating_count"":""observed"",""review_count"":""observed"",""question_count"":""observed"",""delivery_summary"":""observed"",""shipping_cost"":""observed"",""properties"":""observed""}",true,
2026-08-19,2026-08-19T09:00:50+03:00,çocuk,BEST_SELLER,cocuk-oyuncak,çocuk oyuncak,28,2,52,52,,66,54.6,5.4,847347395,357212,Go Toys İlk Oyun Evim XXL Boy Dayanıklı Karton Boyama Aktivite Evi Boyama Evi Shopist,Go Toys,Eğitici Oyuncak,https://www.trendyol.com/go-toys/ilk-oyun-evim-xxl-boy-dayanikli-karton-boyama-aktivite-evi-boyama-evi-shopist-p-847347395?boutiqueId=61&merchantId=357212,Shopist,,342.3,489,30,40.1,TRY,"[""Sepette %30 İndirim"",""Süper Fırsat Ürünü"",""Kargo Bedava""]",InStock,100 adetten fazla stok sunulmuştur,,,4.4,2128,1180,4,196,985 kişinin sepetinde,"91,7B kişi favoriledi",Son 24 saatte 530 kişi görüntüledi,4999,TRY,0,1,1,4,14 saat 55 dakika içinde sipariş verirsen en geç yarın kargoda!,,https://cdn.dsmcdn.com/ty1671/product/media/images/prod/PIM/20250501/10/6b8e1c12-9f8f-4f66-8679-dbd993c40db4/1_org_zoom.jpg,"{""Paket İçeriği"":""1+"",""Yaş"":""1+ Yaş"",""Piller Kutuya Dahil Mi?"":""Hayır"",""Dil"":""Evrensel Dil"",""Pil ile mi çalışır?"":""Hayır"",""Menşei"":""UM"",""Özellik"":""Uzun""}",20,5,refreshed,"[""daily_top"",""hot_change""]",true,2026-08-19T09:00:50+03:00,0,"[""search_result_dom"",""product_detail_jsonld"",""product_detail_dom""]","{""title"":""observed"",""brand"":""observed"",""seller_name"":""observed"",""seller_score"":""unavailable"",""price"":""observed"",""original_price"":""observed"",""campaigns"":""observed"",""stock_status"":""observed"",""stock_signal"":""observed"",""rating"":""observed"",""rating_count"":""observed"",""review_count"":""observed"",""question_count"":""observed"",""delivery_summary"":""observed"",""shipping_cost"":""observed"",""properties"":""observed""}",true,
2026-08-19,2026-08-19T09:00:50+03:00,çocuk,BEST_SELLER,cocuk-oyuncak,çocuk oyuncak,29,2,53,53,,,35,,1185681169,1047741,Magly Ball Pack Top Seti – Ball Run ile Uyumlu Top Eklentisi - Çocuklar için 12 Adet Renkli Ahşap Top,Magly,Eğitici Oyuncak,https://www.trendyol.com/magly/ball-pack-top-seti-ball-run-ile-uyumlu-top-eklentisi-cocuklar-icin-12-adet-renkli-ahsap-top-p-1185681169?boutiqueId=61&merchantId=1047741,Magly,,325,500,35,,TRY,"[""Sepette %35 İndirim"",""Kargo Bedava""]",InStock,100 adetten fazla stok sunulmuştur,,,,,,,,,580 kişi favoriledi,"Son 24 saatte 3,4B kişi görüntüledi",4999,TRY,0,1,1,4,14 saat 55 dakika içinde sipariş verirsen en geç yarın kargoda!,En Çok Ziyaret Edilen 8. Ürün,https://cdn.dsmcdn.com/ty1922/prod/QC_PREP/20260814/15/7f7fb0b3-b331-342d-9c08-87756187d934/1_org_zoom.jpg,"{""Paket İçeriği"":""12'li"",""Yaş"":""3+ Yaş"",""Piller Kutuya Dahil Mi?"":""Hayır"",""Dil"":""Evrensel Dil"",""Pil ile mi çalışır?"":""Hayır"",""Menşei"":""TR"",""Ürün Uyarıları (Oyuncak)"":""Küçük parçalar içerir. 3 yaşından küçük çocuklar için uygun değildir. Ürün özellikleri, renk ve içerik ambalajdaki görsellerden farklılık gösterebilir.""}",0,,refreshed,"[""daily_top""]",true,2026-08-19T09:00:50+03:00,0,"[""search_result_dom"",""product_detail_jsonld"",""product_detail_dom""]","{""title"":""observed"",""brand"":""observed"",""seller_name"":""observed"",""seller_score"":""unavailable"",""price"":""observed"",""original_price"":""observed"",""campaigns"":""observed"",""stock_status"":""observed"",""stock_signal"":""observed"",""rating"":""unavailable"",""rating_count"":""unavailable"",""review_count"":""unavailable"",""question_count"":""unavailable"",""delivery_summary"":""observed"",""shipping_cost"":""observed"",""properties"":""observed""}",true,
2026-08-19,2026-08-19T09:00:50+03:00,çocuk,BEST_SELLER,cocuk-oyuncak,çocuk oyuncak,30,3,54,54,,6,27.1,7.6,827089760,931256,tutobaby Ördek Şekilli Montessori Duyusal Gözlem Beceri Geliştirme Ve Diş Kaşıyıcı Oyuncağı,tutobaby,Eğitici Oyuncak,https://www.trendyol.com/tutobaby/ordek-sekilli-montessori-duyusal-gozlem-beceri-gelistirme-ve-dis-kasiyici-oyuncagi-p-827089760?boutiqueId=61&merchantId=931256,TuTobaby,98,390.78,410,4.7,0,TRY,"[""Kargo Bedava"",""Son 10 Günün En Düşük Fiyatı"",""Son 10 günün en düşük fiyatı""]",InStock,100 adetten fazla stok sunulmuştur,,,4.8,912,633,1,46,609 kişinin sepetinde,"34,1B kişi favoriledi",Son 24 saatte 1B kişi görüntüledi,4999,TRY,0,,1,4,4 saat 55 dakika içinde sipariş verirsen en geç bugün kargoda!,,https://cdn.dsmcdn.com/ty1387/product/media/images/prod/QC/20240628/14/269200f6-bf1e-3ffb-a296-36f2abf045b5/1_org_zoom.jpg,"{""Paket İçeriği"":""1'li"",""Yaş"":""1+ Yaş"",""Piller Kutuya Dahil Mi?"":""Hayır"",""Dil"":""Türkçe"",""Pil ile mi çalışır?"":""Hayır"",""Menşei"":""CN""}",20,5,refreshed,"[""daily_top""]",true,2026-08-19T09:00:50+03:00,0,"[""search_result_dom"",""product_detail_jsonld"",""product_detail_dom""]","{""title"":""observed"",""brand"":""observed"",""seller_name"":""observed"",""seller_score"":""observed"",""price"":""observed"",""original_price"":""observed"",""campaigns"":""observed"",""stock_status"":""observed"",""stock_signal"":""observed"",""rating"":""observed"",""rating_count"":""observed"",""review_count"":""observed"",""question_count"":""observed"",""delivery_summary"":""observed"",""shipping_cost"":""observed"",""properties"":""observed""}",true,
2026-08-19,2026-08-19T09:00:50+03:00,çocuk,BEST_SELLER,cocuk-oyuncak,çocuk oyuncak,31,3,55,55,,-5,11.6,18.4,1146498214,788392,Hombak Çocuklar İçin 56 Farklı Resimli Projeksiyonlu Eğitici El Feneri - Yeşil Renk,Hombak,Eğitici Oyuncak,https://www.trendyol.com/hombak/cocuklar-icin-56-farkli-resimli-projeksiyonlu-egitici-el-feneri-yesil-renk-p-1146498214?boutiqueId=61&merchantId=788392,Hombak,88,189.99,,,0,TRY,"[""Kargo Bedava"",""Trendyol Plus'a Özel""]",InStock,100 adetten fazla stok sunulmuştur,,,4.1,51,27,1,15,936 kişinin sepetinde,"5,1B kişi favoriledi",Son 24 saatte 904 kişi görüntüledi,4999,TRY,0,1,1,4,14 saat 55 dakika içinde sipariş verirsen en geç yarın kargoda!,,https://cdn.dsmcdn.com/ty1929/prod/QC_ENRICHMENT/20260817/00/d343705a-244b-3504-888d-5d91fb470b65/1_org_zoom.jpg,"{""Paket İçeriği"":""1+"",""Yaş"":""3+ Yaş"",""Piller Kutuya Dahil Mi?"":""Belirtilmemiş"",""Dil"":""Türkçe"",""Pil ile mi çalışır?"":""Evet"",""Menşei"":""CN""}",20,4.8,refreshed,"[""daily_top""]",true,2026-08-19T09:00:50+03:00,0,"[""search_result_dom"",""product_detail_jsonld"",""product_detail_dom""]","{""title"":""observed"",""brand"":""observed"",""seller_name"":""observed"",""seller_score"":""observed"",""price"":""observed"",""original_price"":""unavailable"",""campaigns"":""observed"",""stock_status"":""observed"",""stock_signal"":""observed"",""rating"":""observed"",""rating_count"":""observed"",""review_count"":""observed"",""question_count"":""observed"",""delivery_summary"":""observed"",""shipping_cost"":""observed"",""properties"":""observed""}",true,
2026-08-19,2026-08-19T09:00:50+03:00,çocuk,BEST_SELLER,cocuk-oyuncak,çocuk oyuncak,32,3,56,56,4,27,31.1,0,6877586,109486,Furkan Toys Cool Wheels Twist Led Işıklı 3 Tekerlekli Yükseklik Ayarlı PEMBE Scooter,Furkan Toys,,https://www.trendyol.com/furkan-toys/cool-wheels-twist-led-isikli-3-tekerlekli-yukseklik-ayarli-pembe-scooter-p-6877586?boutiqueId=61&merchantId=109486,Oyuncak Paketim,92,966.34,,,-0.1,TRY,"[""Kargo Bedava""]",InStock,100 adetten fazla stok sunulmuştur,,,4.6,7663,,0,1732,950 kişinin sepetinde,"67,7B kişi favoriledi",Son 24 saatte 810 kişi görüntüledi,,,0,,,,1 saat 55 dakika içinde sipariş verirsen en geç bugün kargoda!,,,{},0,,refreshed,"[""daily_top""]",true,2026-08-19T09:00:50+03:00,0,"[""search_result_dom"",""product_detail_jsonld"",""product_detail_dom""]","{""title"":""observed"",""brand"":""observed"",""seller_name"":""observed"",""seller_score"":""observed"",""price"":""observed"",""original_price"":""unavailable"",""campaigns"":""observed"",""stock_status"":""observed"",""stock_signal"":""observed"",""rating"":""observed"",""rating_count"":""observed"",""review_count"":""unavailable"",""question_count"":""observed"",""delivery_summary"":""observed"",""shipping_cost"":""unavailable"",""properties"":""observed""}",true,
2026-08-19,2026-08-19T09:00:50+03:00,çocuk,BEST_SELLER,cocuk-oyuncak,çocuk oyuncak,33,3,57,57,5,17,23.8,6.2,991500434,126620,yükselen zeka Keçemino Etkinlik Halısı - Çiftlik,yükselen zeka,Bebek & Aktivite Oyuncakları,https://www.trendyol.com/yukselen-zeka/kecemino-etkinlik-halisi-ciftlik-p-991500434?boutiqueId=61&merchantId=126620,YÜKSELEN ZEKA,93,479,,,0,TRY,"[""30 TL Kupon"",""Kargo Bedava"",""Sepette %2 İndirim""]",InStock,100 adetten fazla stok sunulmuştur,,,4.6,1796,933,2,98,986 kişinin sepetinde,"69,6B kişi favoriledi",Son 24 saatte 711 kişi görüntüledi,4999,TRY,0,,1,4,Tahmini Teslim:,En Çok Satan 5. Ürün,https://cdn.dsmcdn.com/ty1768/prod/QC_ENRICHMENT/20251009/21/b6ec36d0-b499-3d2a-add5-356da94ab205/1_org_zoom.jpg,"{""Dil"":""Türkçe"",""Menşei"":""TR""}",20,5,refreshed,"[""daily_top""]",true,2026-08-19T09:00:50+03:00,0,"[""search_result_dom"",""product_detail_jsonld"",""product_detail_dom""]","{""title"":""observed"",""brand"":""observed"",""seller_name"":""observed"",""seller_score"":""observed"",""price"":""observed"",""original_price"":""unavailable"",""campaigns"":""observed"",""stock_status"":""observed"",""stock_signal"":""observed"",""rating"":""observed"",""rating_count"":""observed"",""review_count"":""observed"",""question_count"":""observed"",""delivery_summary"":""observed"",""shipping_cost"":""observed"",""properties"":""observed""}",true,
2026-08-19,2026-08-19T09:00:50+03:00,çocuk,BEST_SELLER,cocuk-oyuncak,çocuk oyuncak,34,3,58,58,,-15,18,12,884847125,1213728,UNO Kart Oyunu W2087,UNO,Kutu Oyunu,https://www.trendyol.com/uno/kart-oyunu-w2087-p-884847125?boutiqueId=61&merchantId=1213728,,,83.8,,,23.2,TRY,"[""Trendyol Plus'a Özel""]",InStock,,,,3.8,320,175,0,,,,,4999,TRY,0,,1,4,,,https://cdn.dsmcdn.com/ty1605/prod/QC/20241127/02/a67cd4e3-081e-3338-a22d-711646ab1a9a/1_org_zoom.jpg,"{""Oyuncu Sayısı"":""2-8 Kişi"",""Yaş"":""7+ Yaş"",""Dil"":""Türkçe"",""Diğer Özellikler"":""+3 Yaş İçin Uygundur."",""Menşei"":""TR"",""Ürün Uyarıları (Oyuncak)"":""+3 Yaş İçin Uygundur."",""Özellik"":""Dikdörtgen""}",20,5,refreshed,"[""daily_top""]",true,2026-08-19T09:00:50+03:00,0,"[""search_result_dom"",""product_detail_jsonld"",""product_detail_dom""]","{""title"":""observed"",""brand"":""observed"",""seller_name"":""unavailable"",""seller_score"":""unavailable"",""price"":""observed"",""original_price"":""unavailable"",""campaigns"":""observed"",""stock_status"":""observed"",""stock_signal"":""unavailable"",""rating"":""observed"",""rating_count"":""observed"",""review_count"":""observed"",""question_count"":""unavailable"",""delivery_summary"":""unavailable"",""shipping_cost"":""observed"",""properties"":""observed""}",true,
2026-08-19,2026-08-19T09:00:50+03:00,çocuk,BEST_SELLER,cocuk-oyuncak,çocuk oyuncak,35,3,59,59,1,105,16.9,13.1,801228842,1286025,Genel Markalar Pilli Zıplayan Tavşan Oyuncak | Sevimli Peluş Hareketli Tavşan,Genel Markalar,Hayvan Figür Oyuncak,https://www.trendyol.com/genel-markalar/pilli-ziplayan-tavsan-oyuncak-sevimli-pelus-hareketli-tavsan-p-801228842?boutiqueId=61&merchantId=1286025,,,260,,,-5.5,TRY,[],InStock,,,,4.1,225,128,1,,,,,4999,TRY,0,1,1,4,,En Çok Satan 1. Ürün,https://cdn.dsmcdn.com/ty1941/prod/QC_ENRICHMENT/20260428/13/c715c608-5bab-392b-b643-8f049663f636/1_org_zoom.jpg,"{""Yaş"":""3+ Yaş"",""Pil ile mi çalışır?"":""Evet"",""Piller Kutuya Dahil Mi?"":""Hayır"",""Menşei"":""TR"",""Özellik"":""Zıplayan""}",20,5,refreshed,"[""daily_top"",""hot_change""]",true,2026-08-19T09:00:50+03:00,0,"[""search_result_dom"",""product_detail_jsonld"",""product_detail_dom""]","{""title"":""observed"",""brand"":""observed"",""seller_name"":""unavailable"",""seller_score"":""unavailable"",""price"":""observed"",""original_price"":""unavailable"",""campaigns"":""unavailable"",""stock_status"":""observed"",""stock_signal"":""unavailable"",""rating"":""observed"",""rating_count"":""observed"",""review_count"":""observed"",""question_count"":""unavailable"",""delivery_summary"":""unavailable"",""shipping_cost"":""observed"",""properties"":""observed""}",true,
2026-08-19,2026-08-19T09:00:50+03:00,çocuk,BEST_SELLER,cocuk-oyuncak,çocuk oyuncak,36,3,60,60,3,50,23.1,6.9,930522411,725158,Genel Markalar Köpük Baloncuklu Işıklı Pilli Tabanca – Mavi,Genel Markalar,,https://www.trendyol.com/genel-markalar/kopuk-baloncuklu-isikli-pilli-tabanca-mavi-p-930522411?boutiqueId=61&merchantId=725158,BOLSAN TEKNOLOJİ,85,336,,,12.4,TRY,"[""Kargo Bedava""]",InStock,100 adetten fazla stok sunulmuştur,,,3.6,763,,0,166,681 kişinin sepetinde,"28,8B kişi favoriledi",Son 24 saatte 459 kişi görüntüledi,,,0,,,,2 saat 55 dakika içinde sipariş verirsen en geç bugün kargoda!,En Çok Satan 3. Ürün,,{},0,,refreshed,"[""daily_top""]",true,2026-08-19T09:00:50+03:00,0,"[""search_result_dom"",""product_detail_jsonld"",""product_detail_dom""]","{""title"":""observed"",""brand"":""observed"",""seller_name"":""observed"",""seller_score"":""observed"",""price"":""observed"",""original_price"":""unavailable"",""campaigns"":""observed"",""stock_status"":""observed"",""stock_signal"":""observed"",""rating"":""observed"",""rating_count"":""observed"",""review_count"":""unavailable"",""question_count"":""observed"",""delivery_summary"":""observed"",""shipping_cost"":""unavailable"",""properties"":""observed""}",true,
2026-08-19,2026-08-19T09:00:50+03:00,çocuk,BEST_SELLER,cocuk-oyuncak,çocuk oyuncak,37,3,61,61,,19,25.3,4.7,767102785,1135810,"Kayyum Oyuncak Söktak Eğlenceli, Stres ve Anksiyete giderici Montessori Tırtıl Oyuncağı Renkli",Kayyum Oyuncak,Eğitici Oyuncak,https://www.trendyol.com/kayyum-oyuncak/soktak-eglenceli-stres-ve-anksiyete-giderici-montessori-tirtil-oyuncagi-renkli-p-767102785?boutiqueId=61&merchantId=1135810,MK TOYS,,134.99,,,0,TRY,[],InStock,100 adetten fazla stok sunulmuştur,,,4.7,2529,1456,1,,,,,4999,TRY,0,1,1,4,,,https://cdn.dsmcdn.com/ty1009/product/media/images/prod/SPM/PIM/20231003/11/603eb426-a93a-3fb0-adbd-e2033fd094c2/1_org_zoom.jpg,"{""Paket İçeriği"":""1'li"",""Yaş"":""3+ Yaş"",""Piller Kutuya Dahil Mi?"":""Hayır"",""Dil"":""Evrensel Dil"",""Pil ile mi çalışır?"":""Hayır"",""Menşei"":""CN""}",20,5,refreshed,"[""daily_top""]",true,2026-08-19T09:00:50+03:00,0,"[""search_result_dom"",""product_detail_jsonld"",""product_detail_dom""]","{""title"":""observed"",""brand"":""observed"",""seller_name"":""observed"",""seller_score"":""unavailable"",""price"":""observed"",""original_price"":""unavailable"",""campaigns"":""unavailable"",""stock_status"":""observed"",""stock_signal"":""observed"",""rating"":""observed"",""rating_count"":""observed"",""review_count"":""observed"",""question_count"":""unavailable"",""delivery_summary"":""unavailable"",""shipping_cost"":""observed"",""properties"":""observed""}",true,
2026-08-19,2026-08-19T09:00:50+03:00,çocuk,BEST_SELLER,cocuk-oyuncak,çocuk oyuncak,38,3,62,62,,-11,16.7,13.3,897428363,897060,Bee Smart Ahşap Kirpi Bultak Eğitici Oyuncak Öğretici Geliştirici Oyuncak Çocuk Için Hediye,Bee Smart,Eğitici Oyuncak,https://www.trendyol.com/bee-smart/ahsap-kirpi-bultak-egitici-oyuncak-ogretici-gelistirici-oyuncak-cocuk-icin-hediye-p-897428363?boutiqueId=61&merchantId=897060,KidsGross,92,274.09,,,0,TRY,"[""Kargo Bedava""]",InStock,100 adetten fazla stok sunulmuştur,,,4.3,241,122,0,15,,,,4999,TRY,0,1,1,4,14 saat 55 dakika içinde sipariş verirsen en geç yarın kargoda!,,https://cdn.dsmcdn.com/ty1673/prod/QC/20250501/12/1769cc19-276a-3d49-b4ef-d58ec3585722/1_org_zoom.jpg,"{""Paket İçeriği"":""1+"",""Yaş"":""1+ Yaş"",""Piller Kutuya Dahil Mi?"":""Hayır"",""Dil"":""Evrensel Dil"",""Pil ile mi çalışır?"":""Hayır"",""Diğer Özellikler"":""Doğal Ahşap"",""Menşei"":""TR""}",20,5,refreshed,"[""daily_top""]",true,2026-08-19T09:00:50+03:00,0,"[""search_result_dom"",""product_detail_jsonld"",""product_detail_dom""]","{""title"":""observed"",""brand"":""observed"",""seller_name"":""observed"",""seller_score"":""observed"",""price"":""observed"",""original_price"":""unavailable"",""campaigns"":""observed"",""stock_status"":""observed"",""stock_signal"":""observed"",""rating"":""observed"",""rating_count"":""observed"",""review_count"":""observed"",""question_count"":""observed"",""delivery_summary"":""observed"",""shipping_cost"":""observed"",""properties"":""observed""}",true,
2026-08-19,2026-08-19T09:00:50+03:00,çocuk,BEST_SELLER,cocuk-oyuncak,çocuk oyuncak,39,3,63,63,,13,58.6,1.4,803890758,357212,Go Toys Mind Chess Hafıza Oyunu Renklerle Hafıza Ve Zihin Geliştirme Satrancı Memory,Go Toys,Kutu Oyunu,https://www.trendyol.com/go-toys/mind-chess-hafiza-oyunu-renklerle-hafiza-ve-zihin-gelistirme-satranci-memory-p-803890758?boutiqueId=61&merchantId=357212,Shopist,91,132.3,189,30,0,TRY,"[""Sepette %30 İndirim"",""Süper Fırsat Ürünü"",""Kargo Bedava""]",InStock,100 adetten fazla stok sunulmuştur,,,4.6,6988,3792,1,111,822 kişinin sepetinde,"104,3B kişi favoriledi",Son 24 saatte 429 kişi görüntüledi,4999,TRY,0,1,1,4,14 saat 55 dakika içinde sipariş verirsen en geç yarın kargoda!,,https://cdn.dsmcdn.com/ty1478/product/media/images/prod/QC/20240811/17/ae2441b8-00f1-3c34-9106-76be8665a337/1_org_zoom.jpg,"{""Oyuncu Sayısı"":""2-3 Kişi"",""Yaş"":""3+ Yaş"",""Dil"":""Evrensel Dil"",""Menşei"":""KZ""}",20,5,refreshed,"[""daily_top""]",true,2026-08-19T09:00:50+03:00,0,"[""search_result_dom"",""product_detail_jsonld"",""product_detail_dom""]","{""title"":""observed"",""brand"":""observed"",""seller_name"":""observed"",""seller_score"":""observed"",""price"":""observed"",""original_price"":""observed"",""campaigns"":""observed"",""stock_status"":""observed"",""stock_signal"":""observed"",""rating"":""observed"",""rating_count"":""observed"",""review_count"":""observed"",""question_count"":""observed"",""delivery_summary"":""observed"",""shipping_cost"":""observed"",""properties"":""observed""}",true,
2026-08-19,2026-08-19T09:00:50+03:00,çocuk,BEST_SELLER,cocuk-oyuncak,çocuk oyuncak,40,3,64,64,,96,56.7,3.3,687705772,357212,Go Toys Otobant Eğitici Ve Eğlenceli Yol Yapım Bandı - Çocuk Trafik Bantı - Road Tape Oyun Bandı,Go Toys,Eğitici Oyuncak,https://www.trendyol.com/go-toys/otobant-egitici-ve-eglenceli-yol-yapim-bandi-cocuk-trafik-banti-road-tape-oyun-bandi-p-687705772?boutiqueId=61&merchantId=357212,Shopist,,97.3,139,30,0,TRY,"[""Sepette %30 İndirim"",""Süper Fırsat Ürünü""]",InStock,100 adetten fazla stok sunulmuştur,,,4.5,4087,2186,-10,,,,,4999,TRY,0,2,1,6,1 saat 55 dakika içinde sipariş verirsen en geç bugün kargoda!,,https://cdn.dsmcdn.com/ty1530/product/media/images/prod/QC/20240819/09/e7b92f4b-048a-35e9-9a50-3b6b079b674e/1_org_zoom.jpg,"{""Paket İçeriği"":""1'li"",""Yaş"":""1+ Yaş"",""Piller Kutuya Dahil Mi?"":""Hayır"",""Dil"":""Evrensel Dil"",""Pil ile mi çalışır?"":""Hayır"",""Diğer Özellikler"":""İstenilen ölçüde keserek farklı şekilde yollar yapabilirsiniz"",""Menşei"":""KZ"",""Ürün Uyarıları (Oyuncak)"":""3 Yaş ve Üzeri İçin Uygundur"",""Özellik"":""Uzun""}",20,5,refreshed,"[""daily_top"",""hot_change""]",true,2026-08-19T09:00:50+03:00,0,"[""search_result_dom"",""product_detail_jsonld"",""product_detail_dom""]","{""title"":""observed"",""brand"":""observed"",""seller_name"":""observed"",""seller_score"":""unavailable"",""price"":""observed"",""original_price"":""observed"",""campaigns"":""observed"",""stock_status"":""observed"",""stock_signal"":""observed"",""rating"":""observed"",""rating_count"":""observed"",""review_count"":""observed"",""question_count"":""unavailable"",""delivery_summary"":""observed"",""shipping_cost"":""observed"",""properties"":""observed""}",true,
2026-08-19,2026-08-19T09:00:50+03:00,çocuk,BEST_SELLER,cocuk-oyuncak,çocuk oyuncak,41,3,65,65,,-18,14.3,15.7,1149737010,1230100,PAKİTO Minecraft Manyetik Küp Bloklar 108 Parça Temalı Yapı Seti 3 Boyutlu Renkli Mıknatıslı | Eğitici Zeka Geliştirici Oyuncak,PAKİTO,Eğitici Oyuncak,https://www.trendyol.com/pakito/minecraft-manyetik-kup-bloklar-108-parca-temali-yapi-seti-3-boyutlu-renkli-miknatisli-egitici-zeka-gelistirici-oyuncak-p-1149737010?boutiqueId=61&merchantId=1230100,LUMO STORE,92,1320.5,,,-34,TRY,"[""Kargo Bedava"",""Peşin Fiyatına 3 Taksit""]",InStock,100 adetten fazla stok sunulmuştur,,,4.3,101,60,1,19,,,,4999,TRY,0,,1,4,4 saat 55 dakika içinde sipariş verirsen en geç bugün kargoda!,,https://cdn.dsmcdn.com/ty1903/prod/QC_ENRICHMENT/20260528/14/3de993a8-739a-3a17-9815-782c2cc092ee/1_org_zoom.jpg,"{""Paket İçeriği"":""1'li"",""Yaş"":""3+ Yaş"",""Piller Kutuya Dahil Mi?"":""Hayır"",""Dil"":""Türkçe"",""Pil ile mi çalışır?"":""Hayır"",""Diğer Özellikler"":""108 parçadan oluşan geniş yapı seti Birbirine kolayca tutunan manyetik küpler Farklı desenlerle çeşitli oyun alanları oluşturma imkânı İki ve üç boyutlu tasarımlar hazırlamaya uygun yapı Hayal gücünü ve yaratıcı düşünmeyi desteklemeye yardımcı oyun deneyimi El-göz koordinasyonu ve ince motor becerilerinin çalıştırılmasına yardımcı kullanım Şekilleri deneme, birleştirme ve denge kurma becerilerini destekleyen oyun yapısı Model kitapçığı sayesinde örnek tasarımlar oluşturma imkânı"",""Menşei"":""CN"",""Ürün Uyarıları (Oyuncak)"":""Ürün küçük parçalar içerdiğinden 36 aydan küçük çocuklar için uygun değildir. Küçük parçalar boğulma tehlikesi oluşturabilir. Parçalar ağıza sokulmamalı veya ısırılmamalıdır. Kırılmış, çatlamış, keskin kenar oluşmuş veya mıknatısı açığa çıkmış küpler kullanılmamalıdır. Mıknatısın yutulduğundan veya solunduğundan şüphelenilmesi hâlinde derhal tıbbi yardım alınmalıdır. Oyuncak yetişkin gözetiminde kullanılmalıdır. Tüm ambalaj malzemeleri çıkarılmadan ürün çocuğa verilmemelidir. Ürün su, ateş ve yüksek sıcaklıktan uzak tutulmalıdır. Ambalaj üzerindeki bilgiler referans amacıyla saklanmalıdır."",""Batarya Boyutu"":""Uygulanabilir Değil"",""Özellik"":""Mıknatıslı""}",20,5,refreshed,"[""daily_top""]",true,2026-08-19T09:00:50+03:00,0,"[""search_result_dom"",""product_detail_jsonld"",""product_detail_dom""]","{""title"":""observed"",""brand"":""observed"",""seller_name"":""observed"",""seller_score"":""observed"",""price"":""observed"",""original_price"":""unavailable"",""campaigns"":""observed"",""stock_status"":""observed"",""stock_signal"":""observed"",""rating"":""observed"",""rating_count"":""observed"",""review_count"":""observed"",""question_count"":""observed"",""delivery_summary"":""observed"",""shipping_cost"":""observed"",""properties"":""observed""}",true,
2026-08-19,2026-08-19T09:00:50+03:00,çocuk,BEST_SELLER,cocuk-oyuncak,çocuk oyuncak,42,3,66,66,2,67,14.8,15.2,43837806,119768,Genel Markalar Plaj Havlu Mandalı - Şezlong Mandalı - Mandal Xl 4 Adet,Genel Markalar,Deniz Malzemesi,https://www.trendyol.com/genel-markalar/plaj-havlu-mandali-sezlong-mandali-mandal-xl-4-adet-p-43837806?boutiqueId=61&merchantId=119768,PANJİ EV GEREÇLERİ,87,139.9,,,1,TRY,"[""Sepette %2 İndirim"",""Kargo Bedava""]",InStock,100 adetten fazla stok sunulmuştur,,,4.6,136,70,4,30,,,,4999,TRY,0,1,1,4,14 saat 55 dakika içinde sipariş verirsen en geç yarın kargoda!,En Çok Satan 2. Ürün,https://cdn.dsmcdn.com/ty1937/prod/QC_ENRICHMENT/20260714/16/d363b169-acbf-3439-900a-80db69cd499b/1_org_zoom.jpg,"{""Renk"":""Turuncu"",""Yaş"":""11+ Yaş"",""Menşei"":""TR""}",20,5,refreshed,"[""daily_top"",""hot_change""]",true,2026-08-19T09:00:50+03:00,0,"[""search_result_dom"",""product_detail_jsonld"",""product_detail_dom""]","{""title"":""observed"",""brand"":""observed"",""seller_name"":""observed"",""seller_score"":""observed"",""price"":""observed"",""original_price"":""unavailable"",""campaigns"":""observed"",""stock_status"":""observed"",""stock_signal"":""observed"",""rating"":""observed"",""rating_count"":""observed"",""review_count"":""observed"",""question_count"":""observed"",""delivery_summary"":""observed"",""shipping_cost"":""observed"",""properties"":""observed""}",true,
2026-08-19,2026-08-19T09:00:50+03:00,çocuk,BEST_SELLER,cocuk-oyuncak,çocuk oyuncak,43,3,67,67,,76,28,3,36910706,256324,Genel Markalar Tetris Nostaljik Oyuncak Atari Tetris El Atarisi Unutulmayan Tetris Oyun basic fun,Genel Markalar,Eğitici Oyuncak,https://www.trendyol.com/genel-markalar/tetris-nostaljik-oyuncak-atari-tetris-el-atarisi-unutulmayan-tetris-oyun-basic-fun-p-36910706?boutiqueId=61&merchantId=256324,MorzaPazari,85,74.98,75.74,1,0,TRY,"[""Sepette %1 İndirim"",""15 TL Kupon"",""Kargo Bedava""]",InStock,50 adetten fazla stok sunulmuştur,,,3.7,4391,2365,195,941,323 kişinin sepetinde,"49,9B kişi favoriledi",,4999,TRY,0,1,1,4,1 saat 55 dakika içinde sipariş verirsen en geç bugün kargoda!,,https://cdn.dsmcdn.com/ty1667/prod/QC/20250421/22/f944cf0a-845d-3dc0-92ff-67bdbe0f8b41/1_org_zoom.jpg,"{""Paket İçeriği"":""1'li"",""Yaş"":""6+ Yaş"",""Piller Kutuya Dahil Mi?"":""Belirtilmemiş"",""Dil"":""Türkçe"",""Pil ile mi çalışır?"":""Evet"",""Diğer Özellikler"":""+3 Yaş İçin Uygundur."",""Menşei"":""CN"",""Ürün Uyarıları (Oyuncak)"":""3 yaş üzeri"",""Batarya Türü"":""Lityum-iyon"",""Özellik"":""Normal""}",20,5,refreshed,"[""daily_top"",""hot_change""]",true,2026-08-19T09:00:50+03:00,0,"[""search_result_dom"",""product_detail_jsonld"",""product_detail_dom""]","{""title"":""observed"",""brand"":""observed"",""seller_name"":""observed"",""seller_score"":""observed"",""price"":""observed"",""original_price"":""observed"",""campaigns"":""observed"",""stock_status"":""observed"",""stock_signal"":""observed"",""rating"":""observed"",""rating_count"":""observed"",""review_count"":""observed"",""question_count"":""observed"",""delivery_summary"":""observed"",""shipping_cost"":""observed"",""properties"":""observed""}",true,
2026-08-19,2026-08-19T09:00:50+03:00,çocuk,BEST_SELLER,cocuk-oyuncak,çocuk oyuncak,44,3,68,68,,17,16.2,13.8,1078840935,885057,TUMU LIFE Çocuklar Için Atlama Zıplama Oyuncağı Boy Uzatıcı Eğitici Fiziksel Ve Zihinsel Geliştirici Spor Oyun,TUMU LIFE,Eğitici Oyuncak,https://www.trendyol.com/tumu-life/cocuklar-icin-atlama-ziplama-oyuncagi-boy-uzatici-egitici-fiziksel-ve-zihinsel-gelistirici-spor-oyun-p-1078840935?boutiqueId=61&merchantId=885057,Aygoren Home,92,199.9,,,0,TRY,"[""Kargo Bedava""]",InStock,100 adetten fazla stok sunulmuştur,,,4.3,243,104,0,76,"1,3B kişinin sepetinde","20,4B kişi favoriledi",Son 24 saatte 966 kişi görüntüledi,4999,TRY,0,,1,4,1 saat 55 dakika içinde sipariş verirsen en geç bugün kargoda!,,https://cdn.dsmcdn.com/ty1854/prod/QC_ENRICHMENT/20260416/10/97c5ab3f-38ff-38f3-848f-e6ff43d4948f/1_org_zoom.jpg,"{""Paket İçeriği"":""1'li"",""Yaş"":""7+ Yaş"",""Piller Kutuya Dahil Mi?"":""Belirtilmemiş"",""Dil"":""Türkçe"",""Pil ile mi çalışır?"":""Hayır"",""Menşei"":""CN""}",20,5,refreshed,"[""daily_top""]",true,2026-08-19T09:00:50+03:00,0,"[""search_result_dom"",""product_detail_jsonld"",""product_detail_dom""]","{""title"":""observed"",""brand"":""observed"",""seller_name"":""observed"",""seller_score"":""observed"",""price"":""observed"",""original_price"":""unavailable"",""campaigns"":""observed"",""stock_status"":""observed"",""stock_signal"":""observed"",""rating"":""observed"",""rating_count"":""observed"",""review_count"":""observed"",""question_count"":""observed"",""delivery_summary"":""observed"",""shipping_cost"":""observed"",""properties"":""observed""}",true,
2026-08-19,2026-08-19T09:00:50+03:00,çocuk,BEST_SELLER,cocuk-oyuncak,çocuk oyuncak,45,3,69,69,,65,26.1,18.2,1176552963,1078313,Minolio LED Işıklı Çizim ve Boyama Tahtası Stant ve 6 Adet Kalem Hediyeli 20X20,Minolio,Eğitici Oyuncak,https://www.trendyol.com/minolio/led-isikli-cizim-ve-boyama-tahtasi-stant-ve-6-adet-kalem-hediyeli-20x20-p-1176552963?boutiqueId=61&merchantId=1078313,Minolio,92,600,700,14.3,0,TRY,"[""Kargo Bedava""]",InStock,100 adetten fazla stok sunulmuştur,,,4.6,31,29,2,20,"1,3B kişinin sepetinde","5,3B kişi favoriledi","Son 24 saatte 1,7B kişi görüntüledi",4999,TRY,0,1,1,4,14 saat 55 dakika içinde sipariş verirsen en geç yarın kargoda!,,https://cdn.dsmcdn.com/ty1919/prod/QC_PREP/20260727/23/80d12e44-bdff-3e13-ae34-bd961198cfb5/1_org_zoom.jpg,"{""Paket İçeriği"":""Belirtilmemiş"",""Yaş"":""3+ Yaş"",""Piller Kutuya Dahil Mi?"":""Belirtilmemiş"",""Dil"":""Türkçe"",""Pil ile mi çalışır?"":""Hayır"",""Menşei"":""CN""}",20,5,refreshed,"[""daily_top"",""hot_change""]",true,2026-08-19T09:00:50+03:00,0,"[""search_result_dom"",""product_detail_jsonld"",""product_detail_dom""]","{""title"":""observed"",""brand"":""observed"",""seller_name"":""observed"",""seller_score"":""observed"",""price"":""observed"",""original_price"":""observed"",""campaigns"":""observed"",""stock_status"":""observed"",""stock_signal"":""observed"",""rating"":""observed"",""rating_count"":""observed"",""review_count"":""observed"",""question_count"":""observed"",""delivery_summary"":""observed"",""shipping_cost"":""observed"",""properties"":""observed""}",true,
2026-08-19,2026-08-19T09:00:50+03:00,çocuk,BEST_SELLER,cocuk-oyuncak,çocuk oyuncak,46,3,70,70,,21,23.4,6.6,137975483,104968,Dolu Su Ve Kum Aktivite Masası Kırmızı 3070,Dolu,Plaj Oyuncakları,https://www.trendyol.com/dolu/su-ve-kum-aktivite-masasi-kirmizi-3070-p-137975483?boutiqueId=61&merchantId=104968,Happy Center,93,1676.99,,,0,TRY,"[""50 TL Kupon"",""Kargo Bedava"",""Peşin Fiyatına 3 Taksit""]",InStock,100 adetten fazla stok sunulmuştur,,,4.7,1617,837,0,414,"1,6B kişinin sepetinde","76,6B kişi favoriledi",Son 24 saatte 808 kişi görüntüledi,4999,TRY,0,,1,4,5 saat 55 dakika içinde sipariş verirsen en geç bugün kargoda!,En Çok Ziyaret Edilen 1. Ürün,https://cdn.dsmcdn.com/ty170/product/media/images/20210901/18/124687722/235702026/1/1_org_zoom.jpg,"{""Renk"":""Mavi"",""Paket İçeriği"":""1'li"",""Yaş"":""3 - 4 Yaş"",""Menşei"":""TR"",""Özellik"":""Suya Dayanıklı""}",20,5,refreshed,"[""daily_top""]",true,2026-08-19T09:00:50+03:00,0,"[""search_result_dom"",""product_detail_jsonld"",""product_detail_dom""]","{""title"":""observed"",""brand"":""observed"",""seller_name"":""observed"",""seller_score"":""observed"",""price"":""observed"",""original_price"":""unavailable"",""campaigns"":""observed"",""stock_status"":""observed"",""stock_signal"":""observed"",""rating"":""observed"",""rating_count"":""observed"",""review_count"":""observed"",""question_count"":""observed"",""delivery_summary"":""observed"",""shipping_cost"":""observed"",""properties"":""observed""}",true,
2026-08-19,2026-08-19T09:00:50+03:00,çocuk,BEST_SELLER,cocuk-oyuncak,çocuk oyuncak,47,3,71,71,,106,52.6,7.4,959514969,357212,Go Toys Go Magnetic Series 36 Parça Manyetik Yapı Blokları Original - Mıknatıslı Manyetik Bloklar,Go Toys,Eğitici Oyuncak,https://www.trendyol.com/go-toys/go-magnetic-series-36-parca-manyetik-yapi-bloklari-original-miknatisli-manyetik-bloklar-p-959514969?boutiqueId=61&merchantId=357212,Shopist,91,871.5,1245,30,0,TRY,"[""Sepette %30 İndirim"",""Kargo Bedava"",""Süper Fırsat Ürünü""]",InStock,100 adetten fazla stok sunulmuştur,,,4.2,1331,677,0,115,"1,9B kişinin sepetinde","109,3B kişi favoriledi","Son 24 saatte 1,1B kişi görüntüledi",4999,TRY,0,1,1,4,14 saat 55 dakika içinde sipariş verirsen en geç yarın kargoda!,,https://cdn.dsmcdn.com/ty1000388/product/media/images/prod/PIM/20260417/06/2d59353f-a99f-4514-b5a3-4451763458f7/1_org_zoom.jpg,"{""Paket İçeriği"":""36'lı"",""Yaş"":""3+ Yaş"",""Piller Kutuya Dahil Mi?"":""Hayır"",""Dil"":""Evrensel Dil"",""Pil ile mi çalışır?"":""Hayır"",""Menşei"":""TR"",""Özellik"":""Mıknatıslı""}",20,5,refreshed,"[""daily_top"",""hot_change""]",true,2026-08-19T09:00:50+03:00,0,"[""search_result_dom"",""product_detail_jsonld"",""product_detail_dom""]","{""title"":""observed"",""brand"":""observed"",""seller_name"":""observed"",""seller_score"":""observed"",""price"":""observed"",""original_price"":""observed"",""campaigns"":""observed"",""stock_status"":""observed"",""stock_signal"":""observed"",""rating"":""observed"",""rating_count"":""observed"",""review_count"":""observed"",""question_count"":""observed"",""delivery_summary"":""observed"",""shipping_cost"":""observed"",""properties"":""observed""}",true,
2026-08-19,2026-08-19T09:00:50+03:00,çocuk,BEST_SELLER,cocuk-oyuncak,çocuk oyuncak,48,3,72,72,1,20,12,18,842124506,109643,"Genel Markalar 1 Adet Mini Taş-kağıt-makas Oyunu Anahtarlık,parmak Oyuncağı,parti Hediye,stres Giderici Hediye",Genel Markalar,Oyuncak Bebek Aksesuarları,https://www.trendyol.com/genel-markalar/1-adet-mini-tas-kagit-makas-oyunu-anahtarlik-parmak-oyuncagi-parti-hediye-stres-giderici-hediye-p-842124506?boutiqueId=61&merchantId=109643,,,24.8,,,10.2,TRY,[],InStock,,,,3.9,76,31,0,,,,,4999,TRY,0,,1,4,,En Çok Satan 1. Ürün,https://cdn.dsmcdn.com/ty1928/prod/QC_ENRICHMENT/20260510/16/daca6a0a-bcdc-332f-8b09-eab2c578cc5e/1_org_zoom.jpg,"{""Renk"":""Pembe"",""Yaş"":""3+ Yaş"",""Dil"":""Türkçe"",""Piller Kutuya Dahil Mi?"":""Hayır"",""Pil ile mi çalışır?"":""Hayır"",""Menşei"":""CN"",""Ürün Uyarıları (Oyuncak)"":""36 aydan küçük çocuklar için uygun değildir.""}",20,4.85,refreshed,"[""daily_top""]",true,2026-08-19T09:00:50+03:00,0,"[""search_result_dom"",""product_detail_jsonld"",""product_detail_dom""]","{""title"":""observed"",""brand"":""observed"",""seller_name"":""unavailable"",""seller_score"":""unavailable"",""price"":""observed"",""original_price"":""unavailable"",""campaigns"":""unavailable"",""stock_status"":""observed"",""stock_signal"":""unavailable"",""rating"":""observed"",""rating_count"":""observed"",""review_count"":""observed"",""question_count"":""unavailable"",""delivery_summary"":""unavailable"",""shipping_cost"":""observed"",""properties"":""observed""}",true,
2026-08-19,2026-08-19T09:00:50+03:00,çocuk,BEST_SELLER,cocuk-oyuncak,çocuk oyuncak,49,3,73,73,,25,36,6.3,769204089,412414,"Budizzz Beyaz Gürültü Cihazı | 33 Sesli, Pışpışlı ve Ninnili | Radyasyon İçermeyen Bebek Uyku Arkadaşı",Budizzz,,https://www.trendyol.com/budizzz/beyaz-gurultu-cihazi-33-sesli-pispisli-ve-ninnili-radyasyon-icermeyen-bebek-uyku-arkadasi-p-769204089?boutiqueId=61&merchantId=412414,BUDİZZZ,95,2850,3250,12.3,0,TRY,"[""250 TL Kupon"",""Kargo Bedava"",""Süper Fırsat Ürünü"",""Peşin Fiyatına 3 Taksit""]",InStock,100 adetten fazla stok sunulmuştur,,,4.7,926,,0,254,758 kişinin sepetinde,"58,5B kişi favoriledi",Son 24 saatte 1B kişi görüntüledi,,,0,,,,5 saat 55 dakika içinde sipariş verirsen en geç bugün kargoda!,,,{},0,,refreshed,"[""daily_top""]",true,2026-08-19T09:00:50+03:00,0,"[""search_result_dom"",""product_detail_jsonld"",""product_detail_dom""]","{""title"":""observed"",""brand"":""observed"",""seller_name"":""observed"",""seller_score"":""observed"",""price"":""observed"",""original_price"":""observed"",""campaigns"":""observed"",""stock_status"":""observed"",""stock_signal"":""observed"",""rating"":""observed"",""rating_count"":""observed"",""review_count"":""unavailable"",""question_count"":""observed"",""delivery_summary"":""observed"",""shipping_cost"":""unavailable"",""properties"":""observed""}",true,
2026-08-19,2026-08-19T09:00:50+03:00,çocuk,BEST_SELLER,cocuk-oyuncak,çocuk oyuncak,50,3,74,74,2,16,9.4,20.6,1152263081,333110,Janissary Bubble 12 Adet Köpük Baloncuk Seti – Çocuklar İçin Eğlenceli ve Güvenli Balon Oyuncağı | Karışık Desenli 12’li Pake,Janissary,Bahçe Oyuncakları,https://www.trendyol.com/janissary/bubble-12-adet-kopuk-baloncuk-seti-cocuklar-icin-eglenceli-ve-guvenli-balon-oyuncagi-karisik-desenli-12-li-pake-p-1152263081?boutiqueId=61&merchantId=333110,Atlantik,85,125,,,0,TRY,"[""Kargo Bedava""]",InStock,100 adetten fazla stok sunulmuştur,,,2.8,19,14,0,4,,"1,2B kişi favoriledi",,4999,TRY,0,1,1,4,14 saat 55 dakika içinde sipariş verirsen en geç yarın kargoda!,En Çok Satan 2. Ürün,https://cdn.dsmcdn.com/ty1913/prod/QC_PREP/20260603/10/5266055b-3094-3805-ad6e-f66e9ca3e9df/1_org_zoom.jpg,"{""Yaş"":""3+ Yaş"",""Menşei"":""TR""}",14,2.07,refreshed,"[""daily_top""]",true,2026-08-19T09:00:50+03:00,0,"[""search_result_dom"",""product_detail_jsonld"",""product_detail_dom""]","{""title"":""observed"",""brand"":""observed"",""seller_name"":""observed"",""seller_score"":""observed"",""price"":""observed"",""original_price"":""unavailable"",""campaigns"":""observed"",""stock_status"":""observed"",""stock_signal"":""observed"",""rating"":""observed"",""rating_count"":""observed"",""review_count"":""observed"",""question_count"":""observed"",""delivery_summary"":""observed"",""shipping_cost"":""observed"",""properties"":""observed""}",true,
2026-08-19,2026-08-19T09:00:50+03:00,çocuk,BEST_SELLER,cocuk-oyuncak,çocuk oyuncak,51,3,75,75,4,2,16.6,13.4,866352630,752303,KİNKU Oyuncak Polis Arabası Pilli Çarptıkça Yön Değiştiren Işıklı Sesli Polis Arabası,KİNKU,Diğer Oyuncaklar,https://www.trendyol.com/kinku/oyuncak-polis-arabasi-pilli-carptikca-yon-degistiren-isikli-sesli-polis-arabasi-p-866352630?boutiqueId=61&merchantId=752303,KİNKU,94,198,,,-33.8,TRY,"[""Kargo Bedava""]",InStock,100 adetten fazla stok sunulmuştur,,,4.3,190,117,1,36,,"3,1B kişi favoriledi",Son 24 saatte 465 kişi görüntüledi,4999,TRY,0,,1,4,5 saat 55 dakika içinde sipariş verirsen en geç bugün kargoda!,En Çok Satan 4. Ürün,https://cdn.dsmcdn.com/ty1779/prod/QC_ENRICHMENT/20251025/20/86a2a641-1814-3a56-954f-2bf97a53feb6/1_org_zoom.jpg,"{""Paket İçeriği"":""1'li"",""Yaş"":""2+ Yaş"",""Piller Kutuya Dahil Mi?"":""Hayır"",""Pil ile mi çalışır?"":""Evet""}",20,5,refreshed,"[""daily_top""]",true,2026-08-19T09:00:50+03:00,0,"[""search_result_dom"",""product_detail_jsonld"",""product_detail_dom""]","{""title"":""observed"",""brand"":""observed"",""seller_name"":""observed"",""seller_score"":""observed"",""price"":""observed"",""original_price"":""unavailable"",""campaigns"":""observed"",""stock_status"":""observed"",""stock_signal"":""observed"",""rating"":""observed"",""rating_count"":""observed"",""review_count"":""observed"",""question_count"":""observed"",""delivery_summary"":""observed"",""shipping_cost"":""observed"",""properties"":""observed""}",true,
2026-08-19,2026-08-19T09:00:50+03:00,çocuk,BEST_SELLER,cocuk-oyuncak,çocuk oyuncak,52,3,76,76,,12,10.6,21.4,1157415951,1048417,ADİL OYUNCAK 2 Adet Araba Eklentisi Manyetik Oyuncak - Mıknatıslı Manyetik Bloklar,ADİL OYUNCAK,Eğitici Oyuncak,https://www.trendyol.com/adil-oyuncak/2-adet-araba-eklentisi-manyetik-oyuncak-miknatisli-manyetik-bloklar-p-1157415951?boutiqueId=61&merchantId=1048417,KÜRE EKSPRES,83,255,260.2,2,-10.3,TRY,"[""Sepette %2 İndirim"",""Kargo Bedava""]",InStock,100 adetten fazla stok sunulmuştur,,,4.5,19,11,3,3,,,,4999,TRY,0,1,1,4,14 saat 55 dakika içinde sipariş verirsen en geç yarın kargoda!,,https://cdn.dsmcdn.com/ty1895/prod/QC_PREP/20260617/13/8aef0c54-f58f-315c-b22d-023807cc4f47/1_org_zoom.jpg,"{""Paket İçeriği"":""2'li"",""Yaş"":""3+ Yaş"",""Piller Kutuya Dahil Mi?"":""Hayır"",""Dil"":""Evrensel Dil"",""Pil ile mi çalışır?"":""Hayır"",""Menşei"":""TR""}",11,4.18,refreshed,"[""daily_top""]",true,2026-08-19T09:00:50+03:00,0,"[""search_result_dom"",""product_detail_jsonld"",""product_detail_dom""]","{""title"":""observed"",""brand"":""observed"",""seller_name"":""observed"",""seller_score"":""observed"",""price"":""observed"",""original_price"":""observed"",""campaigns"":""observed"",""stock_status"":""observed"",""stock_signal"":""observed"",""rating"":""observed"",""rating_count"":""observed"",""review_count"":""observed"",""question_count"":""observed"",""delivery_summary"":""observed"",""shipping_cost"":""observed"",""properties"":""observed""}",true,
2026-08-19,2026-08-19T09:00:50+03:00,çocuk,BEST_SELLER,cocuk-oyuncak,çocuk oyuncak,53,3,77,77,,-6,26.3,3.7,865309703,673595,HAPPENS Puzzle City 3d Yapı Ve Tasarım Blokları 64 Parça Eğitici Oyuncak,HAPPENS,Eğitici Oyuncak,https://www.trendyol.com/happens/puzzle-city-3d-yapi-ve-tasarim-bloklari-64-parca-egitici-oyuncak-p-865309703?boutiqueId=61&merchantId=673595,HAPPENS,92,73.99,,,0,TRY,"[""Kargo Bedava""]",InStock,100 adetten fazla stok sunulmuştur,,,4.3,3710,1933,0,124,385 kişinin sepetinde,80B kişi favoriledi,Son 24 saatte 440 kişi görüntüledi,4999,TRY,0,,1,4,4 saat 55 dakika içinde sipariş verirsen en geç bugün kargoda!,,https://cdn.dsmcdn.com/ty1622/prod/QC/20250106/02/48649a14-9862-3318-aff1-8f9b36035397/1_org_zoom.jpg,"{""Paket İçeriği"":""60+"",""Yaş"":""3+ Yaş"",""Piller Kutuya Dahil Mi?"":""Hayır"",""Dil"":""Evrensel Dil"",""Pil ile mi çalışır?"":""Hayır"",""Diğer Özellikler"":""EĞİTİCİ OYUNCAK"",""Menşei"":""TR"",""Ürün Uyarıları (Oyuncak)"":""3 yaş ve Üzeri için uygundur. Yetişkin Gözetiminde kullanılmalıdır.""}",20,5,refreshed,"[""daily_top""]",true,2026-08-19T09:00:50+03:00,0,"[""search_result_dom"",""product_detail_jsonld"",""product_detail_dom""]","{""title"":""observed"",""brand"":""observed"",""seller_name"":""observed"",""seller_score"":""observed"",""price"":""observed"",""original_price"":""unavailable"",""campaigns"":""observed"",""stock_status"":""observed"",""stock_signal"":""observed"",""rating"":""observed"",""rating_count"":""observed"",""review_count"":""observed"",""question_count"":""observed"",""delivery_summary"":""observed"",""shipping_cost"":""observed"",""properties"":""observed""}",true,
2026-08-19,2026-08-19T09:00:50+03:00,çocuk,BEST_SELLER,cocuk-oyuncak,çocuk oyuncak,54,4,78,78,3,17,19.9,10.1,930525000,1292014,Genel Markalar Pilli Işıklı Köpük Tabancası Baloncuk Tabancası,Genel Markalar,,https://www.trendyol.com/genel-markalar/pilli-isikli-kopuk-tabancasi-baloncuk-tabancasi-p-930525000?boutiqueId=61&merchantId=1292014,ÜÇLER,83,299,,,0,TRY,"[""Kargo Bedava""]",InStock,100 adetten fazla stok sunulmuştur,,,3.5,306,,0,90,789 kişinin sepetinde,"9,2B kişi favoriledi",Son 24 saatte 932 kişi görüntüledi,,,0,,,,14 saat 55 dakika içinde sipariş verirsen en geç yarın kargoda!,En Çok Ziyaret Edilen 2. Ürün,,{},0,,refreshed,"[""daily_top""]",true,2026-08-19T09:00:50+03:00,0,"[""search_result_dom"",""product_detail_jsonld"",""product_detail_dom""]","{""title"":""observed"",""brand"":""observed"",""seller_name"":""observed"",""seller_score"":""observed"",""price"":""observed"",""original_price"":""unavailable"",""campaigns"":""observed"",""stock_status"":""observed"",""stock_signal"":""observed"",""rating"":""observed"",""rating_count"":""observed"",""review_count"":""unavailable"",""question_count"":""observed"",""delivery_summary"":""observed"",""shipping_cost"":""unavailable"",""properties"":""observed""}",true,
2026-08-19,2026-08-19T09:00:50+03:00,çocuk,BEST_SELLER,cocuk-oyuncak,çocuk oyuncak,55,4,79,79,,86,57.4,2.6,759755770,357212,Go Toys Bionic Man Eğitici Aktivite Oyuncağı,Go Toys,Eğitici Oyuncak,https://www.trendyol.com/go-toys/bionic-man-egitici-aktivite-oyuncagi-p-759755770?boutiqueId=61&merchantId=357212,Shopist,91,103.6,148,30,0,TRY,"[""Sepette %30 İndirim"",""Süper Fırsat Ürünü"",""Kargo Bedava""]",InStock,100 adetten fazla stok sunulmuştur,,,4.6,5140,2682,0,123,599 kişinin sepetinde,"94,6B kişi favoriledi",Son 24 saatte 308 kişi görüntüledi,4999,TRY,0,,1,4,1 saat 55 dakika içinde sipariş verirsen en geç bugün kargoda!,,https://cdn.dsmcdn.com/ty1160/product/media/images/prod/SPM/PIM/20240131/09/6470d1e3-0f56-313f-a45b-332c9de5b502/1_org_zoom.jpg,"{""Paket İçeriği"":""1'li"",""Yaş"":""1+ Yaş"",""Piller Kutuya Dahil Mi?"":""Hayır"",""Dil"":""Evrensel Dil"",""Pil ile mi çalışır?"":""Hayır"",""Menşei"":""TR""}",20,5,refreshed,"[""daily_top"",""hot_change""]",true,2026-08-19T09:00:50+03:00,0,"[""search_result_dom"",""product_detail_jsonld"",""product_detail_dom""]","{""title"":""observed"",""brand"":""observed"",""seller_name"":""observed"",""seller_score"":""observed"",""price"":""observed"",""original_price"":""observed"",""campaigns"":""observed"",""stock_status"":""observed"",""stock_signal"":""observed"",""rating"":""observed"",""rating_count"":""observed"",""review_count"":""observed"",""question_count"":""observed"",""delivery_summary"":""observed"",""shipping_cost"":""observed"",""properties"":""observed""}",true,
2026-08-19,2026-08-19T09:00:50+03:00,çocuk,BEST_SELLER,cocuk-oyuncak,çocuk oyuncak,56,4,80,80,1,18,26.9,3.1,80019495,752303,Genel Markalar Full Fonksiyon Uzaktan Kumandalı Pilli Panter Yarış Arabası,Genel Markalar,,https://www.trendyol.com/genel-markalar/full-fonksiyon-uzaktan-kumandali-pilli-panter-yaris-arabasi-p-80019495?boutiqueId=61&merchantId=752303,KİNKU,94,349.9,,,0,TRY,"[""Kargo Bedava""]",InStock,100 adetten fazla stok sunulmuştur,,,3.3,2325,,0,742,"1,2B kişinin sepetinde","41,2B kişi favoriledi",Son 24 saatte 810 kişi görüntüledi,,,0,,,,14 saat 55 dakika içinde sipariş verirsen en geç yarın kargoda!,En Çok Satan 1. Ürün,,{},0,,refreshed,"[""daily_top""]",true,2026-08-19T09:00:50+03:00,0,"[""search_result_dom"",""product_detail_jsonld"",""product_detail_dom""]","{""title"":""observed"",""brand"":""observed"",""seller_name"":""observed"",""seller_score"":""observed"",""price"":""observed"",""original_price"":""unavailable"",""campaigns"":""observed"",""stock_status"":""observed"",""stock_signal"":""observed"",""rating"":""observed"",""rating_count"":""observed"",""review_count"":""unavailable"",""question_count"":""observed"",""delivery_summary"":""observed"",""shipping_cost"":""unavailable"",""properties"":""observed""}",true,
2026-08-19,2026-08-19T09:00:50+03:00,çocuk,BEST_SELLER,cocuk-oyuncak,çocuk oyuncak,57,4,81,81,,57,20.5,16.9,1157318599,1271116,MİNİKOM`S Minikom Toplu 16`lı Set | 16 adet Hareketli Eğitici Set,MİNİKOM`S,Eğitici Oyuncak,https://www.trendyol.com/minikom-s/minikom-toplu-16-li-set-16-adet-hareketli-egitici-set-p-1157318599?boutiqueId=61&merchantId=1271116,Minikom Oyuncak Dünyası,98,170.12,183.63,7.4,-7.4,TRY,"[""Son 10 Günün En Düşük Fiyatı"",""Kargo Bedava"",""Son 10 günün en düşük fiyatı""]",InStock,100 adetten fazla stok sunulmuştur,,,4.8,50,42,6,24,321 kişinin sepetinde,"1,1B kişi favoriledi",Son 24 saatte 530 kişi görüntüledi,4999,TRY,0,1,1,4,14 saat 55 dakika içinde sipariş verirsen en geç yarın kargoda!,,https://cdn.dsmcdn.com/ty1914/prod/QC_PREP/20260617/08/dc653332-2ad3-3005-9e2a-a9deeaa20763/1_org_zoom.jpg,"{""Paket İçeriği"":""16'lı"",""Yaş"":""3+ Yaş"",""Piller Kutuya Dahil Mi?"":""Hayır"",""Dil"":""Türkçe"",""Pil ile mi çalışır?"":""Hayır"",""Diğer Özellikler"":""YOK"",""Menşei"":""TR"",""Ürün Uyarıları (Oyuncak)"":""YOK"",""Batarya Türü"":""Diğer"",""Batarya Boyutu"":""Uygulanabilir Değil"",""Özellik"":""Katı""}",20,5,refreshed,"[""daily_top""]",true,2026-08-19T09:00:50+03:00,0,"[""search_result_dom"",""product_detail_jsonld"",""product_detail_dom""]","{""title"":""observed"",""brand"":""observed"",""seller_name"":""observed"",""seller_score"":""observed"",""price"":""observed"",""original_price"":""observed"",""campaigns"":""observed"",""stock_status"":""observed"",""stock_signal"":""observed"",""rating"":""observed"",""rating_count"":""observed"",""review_count"":""observed"",""question_count"":""observed"",""delivery_summary"":""observed"",""shipping_cost"":""observed"",""properties"":""observed""}",true,
2026-08-19,2026-08-19T09:00:50+03:00,çocuk,BEST_SELLER,cocuk-oyuncak,çocuk oyuncak,58,4,82,82,6,33,14.2,15.8,1112597590,1230100,PAKİTO Potalı Top Yuvarlama Kulesi Renkli Eğitici Dikkat Geliştirici Top Kaydırma Oyuncağı,PAKİTO,Bebek & Aktivite Oyuncakları,https://www.trendyol.com/pakito/potali-top-yuvarlama-kulesi-renkli-egitici-dikkat-gelistirici-top-kaydirma-oyuncagi-p-1112597590?boutiqueId=61&merchantId=1230100,LUMO STORE,92,199.95,,,0,TRY,"[""Kargo Bedava""]",InStock,100 adetten fazla stok sunulmuştur,,,3.8,121,59,1,14,1B kişinin sepetinde,"10,4B kişi favoriledi",Son 24 saatte 453 kişi görüntüledi,4999,TRY,0,,1,4,4 saat 55 dakika içinde sipariş verirsen en geç bugün kargoda!,En Çok Satan 6. Ürün,https://cdn.dsmcdn.com/ty1830/prod/QC_PREP/20260224/17/c5219711-d94a-3420-8b4f-7ea2932c8fb5/1_org_zoom.jpg,"{""Paket İçeriği"":""1'li"",""Yükseklik"":""40 cm"",""Genişlik"":""15 cm"",""Derinlik"":""17 cm"",""Yaş"":""1+ Yaş"",""Dil"":""Türkçe"",""Pil ile mi çalışır?"":""Hayır"",""Piller Kutuya Dahil Mi?"":""Hayır"",""Diğer Özellikler"":""Topların katlar boyunca dönerek ilerlediği eğlenceli kule tasarımı Topu potaya bırakmaya dayalı kolay kullanım El-göz koordinasyonunu desteklemeye yardımcı oyun yapısı Görsel takip ve dikkat becerilerinin çalıştırılmasına yardımcı kullanım Neden-sonuç ilişkisini keşfetmeye uygun oyun deneyimi Tekrar tekrar oynanabilen hareketli yapı Alet gerektirmeyen kolay kurulum Renkli ve dikkat çekici tasarım Hafif ve kolay yerleştirilebilir yapı"",""Menşei"":""TR"",""Ürün Uyarıları (Oyuncak)"":""Küçük parçalar boğulma tehlikesi oluşturabilir. Topları ve kule parçalarını ağıza sokmayınız. Ürünü kullanmadan önce tüm ambalaj malzemelerini çıkarınız. Ambalaj poşetlerini çocuklardan uzak tutunuz. Kuleyi merdiven, masa kenarı veya yüksek yüzeylerin yakınında kullanmayınız. Kırılmış, çatlamış veya sivri kenar oluşmuş parçaları kullanmayınız. Ürünün üzerine basmayınız, oturmayınız veya ağır yük koymayınız. Ürünü ateşten ve yüksek sıcaklıktan uzak tutunuz. Ürün renkleri görsellerden farklılık gösterebilir ve renk seçimi yapılamaz."",""Batarya Boyutu"":""Uygulanabilir Değil"",""Materyal Bileşeni"":""Polipropilen"",""Özellik"":""Katı""}",20,5,refreshed,"[""daily_top""]",true,2026-08-19T09:00:50+03:00,0,"[""search_result_dom"",""product_detail_jsonld"",""product_detail_dom""]","{""title"":""observed"",""brand"":""observed"",""seller_name"":""observed"",""seller_score"":""observed"",""price"":""observed"",""original_price"":""unavailable"",""campaigns"":""observed"",""stock_status"":""observed"",""stock_signal"":""observed"",""rating"":""observed"",""rating_count"":""observed"",""review_count"":""observed"",""question_count"":""observed"",""delivery_summary"":""observed"",""shipping_cost"":""observed"",""properties"":""observed""}",true,
2026-08-19,2026-08-19T09:00:50+03:00,çocuk,BEST_SELLER,cocuk-oyuncak,çocuk oyuncak,59,4,83,83,2,96,31.8,8.2,929849957,190370,Brother Toys Uzaktan Kumandalı 30 Fonksiyon Akıllı Interaktif Öğretici Robot Oyuncak Kedi,Brother Toys,,https://www.trendyol.com/brother-toys/uzaktan-kumandali-30-fonksiyon-akilli-interaktif-ogretici-robot-oyuncak-kedi-p-929849957?boutiqueId=61&merchantId=190370,BROTHERTOYS,91,1278.58,1420.64,10,0.6,TRY,"[""Kargo Bedava"",""Peşin Fiyatına 3 Taksit""]",InStock,100 adetten fazla stok sunulmuştur,,,4.7,526,,0,146,667 kişinin sepetinde,"13,5B kişi favoriledi",Son 24 saatte 618 kişi görüntüledi,,,0,,,,4 saat 55 dakika içinde sipariş verirsen en geç bugün kargoda!,En Çok Satan 2. Ürün,,{},0,,refreshed,"[""daily_top"",""hot_change""]",true,2026-08-19T09:00:50+03:00,0,"[""search_result_dom"",""product_detail_jsonld"",""product_detail_dom""]","{""title"":""observed"",""brand"":""observed"",""seller_name"":""observed"",""seller_score"":""observed"",""price"":""observed"",""original_price"":""observed"",""campaigns"":""observed"",""stock_status"":""observed"",""stock_signal"":""observed"",""rating"":""observed"",""rating_count"":""observed"",""review_count"":""unavailable"",""question_count"":""observed"",""delivery_summary"":""observed"",""shipping_cost"":""unavailable"",""properties"":""observed""}",true,
2026-08-19,2026-08-19T09:00:50+03:00,çocuk,BEST_SELLER,cocuk-oyuncak,çocuk oyuncak,60,4,84,84,,17,20,11,236434320,1210766,Diytoy Bebeğimin Ilk Zeka Kartları Set-1 / 0-6 Ay,Diytoy,Eğitici Oyuncak,https://www.trendyol.com/diytoy/bebegimin-ilk-zeka-kartlari-set-1-0-6-ay-p-236434320?boutiqueId=61&merchantId=1210766,The Monarch Co,97,196.01,197.99,1,-1,TRY,"[""Sepette %1 İndirim"",""Kargo Bedava""]",InStock,10 adetten fazla stok sunulmuştur,,,4.6,513,234,-1,30,592 kişinin sepetinde,"27,2B kişi favoriledi",Son 24 saatte 463 kişi görüntüledi,4999,TRY,0,1,1,4,,,https://cdn.dsmcdn.com/ty1526/product/media/images/prod/QC/20240904/17/df166db1-95b9-3e50-bec2-d98db87ab204/1_org_zoom.jpg,"{""Paket İçeriği"":""15'li"",""Yaş"":""0 - 1 Yaş"",""Piller Kutuya Dahil Mi?"":""Hayır"",""Dil"":""Türkçe"",""Pil ile mi çalışır?"":""Hayır"",""Menşei"":""TR""}",20,5,refreshed,"[""daily_top""]",true,2026-08-19T09:00:50+03:00,0,"[""search_result_dom"",""product_detail_jsonld"",""product_detail_dom""]","{""title"":""observed"",""brand"":""observed"",""seller_name"":""observed"",""seller_score"":""observed"",""price"":""observed"",""original_price"":""observed"",""campaigns"":""observed"",""stock_status"":""observed"",""stock_signal"":""observed"",""rating"":""observed"",""rating_count"":""observed"",""review_count"":""observed"",""question_count"":""observed"",""delivery_summary"":""unavailable"",""shipping_cost"":""observed"",""properties"":""observed""}",true,
2026-08-19,2026-08-19T09:00:50+03:00,çocuk,BEST_SELLER,cocuk-oyuncak,çocuk oyuncak,61,4,85,85,6,46,20.9,9.1,930523305,725158,bolfer Köpük Baloncuklu Işıklı Pilli Tabanca – Pembe,bolfer,,https://www.trendyol.com/bolfer/kopuk-baloncuklu-isikli-pilli-tabanca-pembe-p-930523305?boutiqueId=61&merchantId=725158,BOLSAN TEKNOLOJİ,85,334,,,9.9,TRY,"[""Kargo Bedava""]",InStock,100 adetten fazla stok sunulmuştur,,,3.3,406,,0,136,,,,,,0,,,,2 saat 54 dakika içinde sipariş verirsen en geç bugün kargoda!,En Çok Satan 6. Ürün,,{},0,,refreshed,"[""daily_top""]",true,2026-08-19T09:00:50+03:00,0,"[""search_result_dom"",""product_detail_jsonld"",""product_detail_dom""]","{""title"":""observed"",""brand"":""observed"",""seller_name"":""observed"",""seller_score"":""observed"",""price"":""observed"",""original_price"":""unavailable"",""campaigns"":""observed"",""stock_status"":""observed"",""stock_signal"":""observed"",""rating"":""observed"",""rating_count"":""observed"",""review_count"":""unavailable"",""question_count"":""observed"",""delivery_summary"":""observed"",""shipping_cost"":""unavailable"",""properties"":""observed""}",true,
2026-08-19,2026-08-19T09:00:50+03:00,çocuk,BEST_SELLER,cocuk-oyuncak,çocuk oyuncak,62,4,86,86,,22,25.6,4.4,72392826,815717,Genel Markalar Ahşap Kızma Birader Kutu Oyunu,Genel Markalar,Kutu Oyunu,https://www.trendyol.com/genel-markalar/ahsap-kizma-birader-kutu-oyunu-p-72392826?boutiqueId=61&merchantId=815717,KOLAY TİCARET,89,126,,,-1.6,TRY,"[""Sepette %1 İndirim"",""Kargo Bedava""]",InStock,100 adetten fazla stok sunulmuştur,,,4.4,3010,1571,-1,249,874 kişinin sepetinde,"73,8B kişi favoriledi",Son 24 saatte 320 kişi görüntüledi,4999,TRY,0,1,1,4,14 saat 54 dakika içinde sipariş verirsen en geç yarın kargoda!,,https://cdn.dsmcdn.com/ty1555/product/media/images/ty1555/prod/QC/20240918/09/f2024af7-0b17-3e8c-9a02-729b7e3e7fc7/1_org_zoom.jpg,"{""Oyuncu Sayısı"":""2-4 Kişi"",""Yaş"":""1+ Yaş"",""Dil"":""Türkçe"",""Diğer Özellikler"":""Plastik"",""Menşei"":""UM"",""Ürün Uyarıları (Oyuncak)"":""1 Yaş Altı Çocuklar İçin Uygun Değildir"",""Özellik"":""Uzun""}",20,5,refreshed,"[""daily_top""]",true,2026-08-19T09:00:50+03:00,0,"[""search_result_dom"",""product_detail_jsonld"",""product_detail_dom""]","{""title"":""observed"",""brand"":""observed"",""seller_name"":""observed"",""seller_score"":""observed"",""price"":""observed"",""original_price"":""unavailable"",""campaigns"":""observed"",""stock_status"":""observed"",""stock_signal"":""observed"",""rating"":""observed"",""rating_count"":""observed"",""review_count"":""observed"",""question_count"":""observed"",""delivery_summary"":""observed"",""shipping_cost"":""observed"",""properties"":""observed""}",true,
2026-08-19,2026-08-19T09:00:50+03:00,çocuk,BEST_SELLER,cocuk-oyuncak,çocuk oyuncak,63,4,87,87,,87,53.3,6.7,883281509,357212,Go Toys Go Blocks 80 Parça Yapı Blok Seti Multi Blok Saklama Çantalı Shopist,Go Toys,Diğer Oyun Takımları,https://www.trendyol.com/go-toys/go-blocks-80-parca-yapi-blok-seti-multi-blok-saklama-cantali-shopist-p-883281509?boutiqueId=61&merchantId=357212,Shopist,,209.3,299,30,0,TRY,"[""Sepette %30 İndirim"",""Süper Fırsat Ürünü"",""Kargo Bedava""]",InStock,100 adetten fazla stok sunulmuştur,,,4.1,1532,822,0,101,702 kişinin sepetinde,"47,1B kişi favoriledi",Son 24 saatte 864 kişi görüntüledi,4999,TRY,0,,1,4,1 saat 54 dakika içinde sipariş verirsen en geç bugün kargoda!,,https://cdn.dsmcdn.com/ty1611/prod/QC/20241210/21/71a86367-6e31-3b9e-9689-bf4925e62654/1_org_zoom.jpg,"{""Parça Sayısı"":""80"",""Yaş"":""3+ Yaş"",""Menşei"":""TR""}",20,5,refreshed,"[""daily_top"",""hot_change""]",true,2026-08-19T09:00:50+03:00,0,"[""search_result_dom"",""product_detail_jsonld"",""product_detail_dom""]","{""title"":""observed"",""brand"":""observed"",""seller_name"":""observed"",""seller_score"":""unavailable"",""price"":""observed"",""original_price"":""observed"",""campaigns"":""observed"",""stock_status"":""observed"",""stock_signal"":""observed"",""rating"":""observed"",""rating_count"":""observed"",""review_count"":""observed"",""question_count"":""observed"",""delivery_summary"":""observed"",""shipping_cost"":""observed"",""properties"":""observed""}",true,
2026-08-19,2026-08-19T09:00:50+03:00,çocuk,BEST_SELLER,cocuk-oyuncak,çocuk oyuncak,64,4,88,88,,28,44.9,5.1,47376404,1127325,Circle Toys Geometrik Yumurta Eşleme,Circle Toys,Eğitici Oyuncak,https://www.trendyol.com/circle-toys/geometrik-yumurta-esleme-p-47376404?boutiqueId=61&merchantId=1127325,Circle Toys,,287.9,359.88,20,0,TRY,"[""Sepette %20 İndirim"",""Kargo Bedava""]",InStock,100 adetten fazla stok sunulmuştur,,,4.7,2468,1279,-2,64,"1,2B kişinin sepetinde","67,8B kişi favoriledi",Son 24 saatte 519 kişi görüntüledi,4999,TRY,0,,1,4,1 saat 54 dakika içinde sipariş verirsen en geç bugün kargoda!,,https://cdn.dsmcdn.com/ty1590/prod/QC/20241024/13/6cb83b45-9a50-3160-acf8-dbd191a58f8f/1_org_zoom.jpg,"{""Paket İçeriği"":""1+"",""Yaş"":""2+ Yaş"",""Piller Kutuya Dahil Mi?"":""Hayır"",""Dil"":""Türkçe"",""Pil ile mi çalışır?"":""Hayır"",""Menşei"":""TR"",""Ürün Uyarıları (Oyuncak)"":""Boğulma Tehlikesi - Küçük parçalar 18 ayın altındaki çocuklar için ya da ağızda yenmeyen nesneleri yerleştirme eğilimi olan herhangi bir kişi için değildir.""}",20,5,refreshed,"[""daily_top""]",true,2026-08-19T09:00:50+03:00,0,"[""search_result_dom"",""product_detail_jsonld"",""product_detail_dom""]","{""title"":""observed"",""brand"":""observed"",""seller_name"":""observed"",""seller_score"":""unavailable"",""price"":""observed"",""original_price"":""observed"",""campaigns"":""observed"",""stock_status"":""observed"",""stock_signal"":""observed"",""rating"":""observed"",""rating_count"":""observed"",""review_count"":""observed"",""question_count"":""observed"",""delivery_summary"":""observed"",""shipping_cost"":""observed"",""properties"":""observed""}",true,
2026-08-19,2026-08-19T09:00:50+03:00,çocuk,BEST_SELLER,cocuk-oyuncak,çocuk oyuncak,65,4,89,89,,8,15.8,14.2,1111434080,1270911,BBSKY Merdiven Çıkan Ördek Oyuncağı Işıklı Müzikli Kaydıraklı Eğitici Çocuk Oyuncağı Okul Öncesi Gelişim 3+ Yaş Yeşil,BBSKY,Eğitici Oyuncak,https://www.trendyol.com/bbsky/merdiven-cikan-ordek-oyuncagi-isikli-muzikli-kaydirakli-egitici-cocuk-oyuncagi-okul-oncesi-gelisim-3-yas-yesil-p-1111434080?boutiqueId=61&merchantId=1270911,MagX,9,630.73,,,0,TRY,"[""Kargo Bedava"",""Sepette %20 İndirim""]",InStock,100 adetten fazla stok sunulmuştur,,,4.4,139,94,1,61,392 kişinin sepetinde,"5,8B kişi favoriledi",Son 24 saatte 635 kişi görüntüledi,4999,TRY,0,1,1,4,14 saat 54 dakika içinde sipariş verirsen en geç yarın kargoda!,,https://cdn.dsmcdn.com/ty1929/prod/QC_ENRICHMENT/20260803/00/2e01e53e-8bf8-3784-a2fb-07c838850285/1_org_zoom.jpg,"{""Paket İçeriği"":""1'li"",""Yaş"":""3+ Yaş"",""Piller Kutuya Dahil Mi?"":""Hayır"",""Dil"":""Türkçe"",""Pil ile mi çalışır?"":""Evet"",""Diğer Özellikler"":""Müzik ve renkli ışıklar"",""Menşei"":""CN"",""Ürün Uyarıları (Oyuncak)"":""Uyarı: 3 yaş altı çocuklar için uygun değildir. Küçük parçalar içerir, boğulma tehlikesi vardır. Yetişkin gözetiminde kullanılmalıdır. Piller yetişkin tarafından takılmalı ve değiştirilmelidir."",""Batarya Türü"":""Alkalin"",""Batarya Boyutu"":""AA"",""Özellik"":""Otomatik""}",20,5,refreshed,"[""daily_top""]",true,2026-08-19T09:00:50+03:00,0,"[""search_result_dom"",""product_detail_jsonld"",""product_detail_dom""]","{""title"":""observed"",""brand"":""observed"",""seller_name"":""observed"",""seller_score"":""observed"",""price"":""observed"",""original_price"":""unavailable"",""campaigns"":""observed"",""stock_status"":""observed"",""stock_signal"":""observed"",""rating"":""observed"",""rating_count"":""observed"",""review_count"":""observed"",""question_count"":""observed"",""delivery_summary"":""observed"",""shipping_cost"":""observed"",""properties"":""observed""}",true,
2026-08-19,2026-08-19T09:00:50+03:00,çocuk,BEST_SELLER,cocuk-oyuncak,çocuk oyuncak,66,4,90,90,,30,24.9,5.1,340817399,1205710,Genel Markalar merdiven small,Genel Markalar,Bebek & Aktivite Oyuncakları,https://www.trendyol.com/genel-markalar/merdiven-small-p-340817399?boutiqueId=61&merchantId=1205710,SöylerStore,84,535,,,32.1,TRY,"[""Kargo Bedava""]",InStock,50 adetten fazla stok sunulmuştur,,,3.9,2331,1295,2,597,501 kişinin sepetinde,"75,6B kişi favoriledi",Son 24 saatte 551 kişi görüntüledi,4999,TRY,0,2,1,6,1 saat 54 dakika içinde sipariş verirsen en geç bugün kargoda!,En Çok Favorilenen 5. Ürün,https://cdn.dsmcdn.com/ty1817/prod/QC_ENRICHMENT/20260127/20/73163738-91e6-3756-aaec-2cef6adda0cc/1_org_zoom.jpg,"{""Paket İçeriği"":""1'li"",""Yaş"":""3+ Yaş"",""Dil"":""Evrensel Dil"",""Pil ile mi çalışır?"":""Evet"",""Piller Kutuya Dahil Mi?"":""Hayır"",""Menşei"":""CN""}",20,5,refreshed,"[""daily_top""]",true,2026-08-19T09:00:50+03:00,0,"[""search_result_dom"",""product_detail_jsonld"",""product_detail_dom""]","{""title"":""observed"",""brand"":""observed"",""seller_name"":""observed"",""seller_score"":""observed"",""price"":""observed"",""original_price"":""unavailable"",""campaigns"":""observed"",""stock_status"":""observed"",""stock_signal"":""observed"",""rating"":""observed"",""rating_count"":""observed"",""review_count"":""observed"",""question_count"":""observed"",""delivery_summary"":""observed"",""shipping_cost"":""observed"",""properties"":""observed""}",true,
2026-08-19,2026-08-19T09:00:50+03:00,çocuk,BEST_SELLER,cocuk-oyuncak,çocuk oyuncak,67,4,91,91,4,11,12.7,17.3,1150103627,600595,Miro Toys Zürafa Figürlü Tutacaklı Oturaklı Çocuk Deniz Simidi,Miro Toys,Deniz Malzemesi,https://www.trendyol.com/miro-toys/zurafa-figurlu-tutacakli-oturakli-cocuk-deniz-simidi-p-1150103627?boutiqueId=61&merchantId=600595,ads Street,87,335,,,79,TRY,"[""Kargo Bedava""]",InStock,10 adetten fazla stok sunulmuştur,,,4.2,58,38,2,38,775 kişinin sepetinde,"4,4B kişi favoriledi",Son 24 saatte 658 kişi görüntüledi,4999,TRY,0,,1,4,6 saat 54 dakika içinde sipariş verirsen en geç bugün kargoda!,En Çok Satan 4. Ürün,https://cdn.dsmcdn.com/ty1909/prod/QC_ENRICHMENT/20260622/20/ffd5b301-2509-3f62-8309-299137265f17/1_org_zoom.jpg,"{""Renk"":""Sarı"",""Yaş"":""3+ Yaş"",""Menşei"":""CN""}",20,5,refreshed,"[""daily_top""]",true,2026-08-19T09:00:50+03:00,0,"[""search_result_dom"",""product_detail_jsonld"",""product_detail_dom""]","{""title"":""observed"",""brand"":""observed"",""seller_name"":""observed"",""seller_score"":""observed"",""price"":""observed"",""original_price"":""unavailable"",""campaigns"":""observed"",""stock_status"":""observed"",""stock_signal"":""observed"",""rating"":""observed"",""rating_count"":""observed"",""review_count"":""observed"",""question_count"":""observed"",""delivery_summary"":""observed"",""shipping_cost"":""observed"",""properties"":""observed""}",true,
2026-08-19,2026-08-19T09:00:50+03:00,çocuk,BEST_SELLER,cocuk-oyuncak,çocuk oyuncak,68,4,92,92,5,103,57.4,2.6,888587588,4354,Triathlon T212-M Katlanabilir LED Işıklı Scooter | Ayarlanabilir Yükseklik | Arka Fren | 3 Tekerlek | 3+ Yaş,Triathlon,,https://www.trendyol.com/triathlon/t212-m-katlanabilir-led-isikli-scooter-ayarlanabilir-yukseklik-arka-fren-3-tekerlek-3-yas-p-888587588?boutiqueId=61&merchantId=4354,Piranha Store,87,895.3,1279,30,0,TRY,"[""Sepette %30 İndirim"",""Kargo Bedava""]",InStock,100 adetten fazla stok sunulmuştur,,,3.9,2664,,0,427,,34B kişi favoriledi,Son 24 saatte 673 kişi görüntüledi,,,0,,,,14 saat 54 dakika içinde sipariş verirsen en geç yarın kargoda!,En Çok Satan 5. Ürün,,{},0,,refreshed,"[""daily_top"",""hot_change""]",true,2026-08-19T09:00:50+03:00,0,"[""search_result_dom"",""product_detail_jsonld"",""product_detail_dom""]","{""title"":""observed"",""brand"":""observed"",""seller_name"":""observed"",""seller_score"":""observed"",""price"":""observed"",""original_price"":""observed"",""campaigns"":""observed"",""stock_status"":""observed"",""stock_signal"":""observed"",""rating"":""observed"",""rating_count"":""observed"",""review_count"":""unavailable"",""question_count"":""observed"",""delivery_summary"":""observed"",""shipping_cost"":""unavailable"",""properties"":""observed""}",true,
2026-08-19,2026-08-19T09:00:50+03:00,çocuk,BEST_SELLER,cocuk-oyuncak,çocuk oyuncak,69,4,93,93,3,,11.7,22,1149258146,600595,Miro Toys Çocuk Bebek Deniz Simidi Tutacaklı Oturaklı 0-3 Yaş,Miro Toys,,https://www.trendyol.com/miro-toys/cocuk-bebek-deniz-simidi-tutacakli-oturakli-0-3-yas-p-1149258146?boutiqueId=61&merchantId=600595,ads Street,87,240.69,250,3.7,,TRY,"[""Son 10 Günün En Düşük Fiyatı"",""Kargo Bedava"",""Son 10 günün en düşük fiyatı"",""Trendyol Plus'a Özel""]",InStock,10 adetten fazla stok sunulmuştur,,,4.2,9,,,3,,812 kişi favoriledi,Son 24 saatte 695 kişi görüntüledi,,,0,,,,6 saat 54 dakika içinde sipariş verirsen en geç bugün kargoda!,,,{},0,,refreshed,"[""daily_top""]",true,2026-08-19T09:00:50+03:00,0,"[""search_result_dom"",""product_detail_jsonld"",""product_detail_dom""]","{""title"":""observed"",""brand"":""observed"",""seller_name"":""observed"",""seller_score"":""observed"",""price"":""observed"",""original_price"":""observed"",""campaigns"":""observed"",""stock_status"":""observed"",""stock_signal"":""observed"",""rating"":""observed"",""rating_count"":""observed"",""review_count"":""unavailable"",""question_count"":""observed"",""delivery_summary"":""observed"",""shipping_cost"":""unavailable"",""properties"":""observed""}",true,
2026-08-19,2026-08-19T09:00:50+03:00,çocuk,BEST_SELLER,cocuk-oyuncak,çocuk oyuncak,70,4,94,94,,6,33.6,16.4,1039875682,1127325,Circle Toys Kıvrılabilen Renkli Tırtıl - Stres Giderici ve Motor Gelişimi Destekleyen Eğitici Oyuncak,Circle Toys,Eğitici Oyuncak,https://www.trendyol.com/circle-toys/kivrilabilen-renkli-tirtil-stres-giderici-ve-motor-gelisimi-destekleyen-egitici-oyuncak-p-1039875682?boutiqueId=61&merchantId=1127325,Circle Toys,,190.3,237.88,20,0,TRY,"[""Sepette %20 İndirim"",""Kargo Bedava""]",InStock,100 adetten fazla stok sunulmuştur,,,4.6,131,49,0,8,"1,1B kişinin sepetinde","11,1B kişi favoriledi",Son 24 saatte 432 kişi görüntüledi,4999,TRY,0,1,1,4,14 saat 54 dakika içinde sipariş verirsen en geç yarın kargoda!,,https://cdn.dsmcdn.com/ty1928/prod/QC_ENRICHMENT/20260815/00/235c7c2b-eb90-30bf-ba1f-67c942e410cf/1_org_zoom.jpg,"{""Paket İçeriği"":""1'li"",""Yaş"":""1+ Yaş"",""Piller Kutuya Dahil Mi?"":""Hayır"",""Dil"":""Evrensel Dil"",""Pil ile mi çalışır?"":""Hayır"",""Menşei"":""CN"",""Ürün Uyarıları (Oyuncak)"":""Standart"",""Özellik"":""Gece Ekstra""}",20,5,refreshed,"[""daily_top""]",true,2026-08-19T09:00:50+03:00,0,"[""search_result_dom"",""product_detail_jsonld"",""product_detail_dom""]","{""title"":""observed"",""brand"":""observed"",""seller_name"":""observed"",""seller_score"":""unavailable"",""price"":""observed"",""original_price"":""observed"",""campaigns"":""observed"",""stock_status"":""observed"",""stock_signal"":""observed"",""rating"":""observed"",""rating_count"":""observed"",""review_count"":""observed"",""question_count"":""observed"",""delivery_summary"":""observed"",""shipping_cost"":""observed"",""properties"":""observed""}",true,
2026-08-19,2026-08-19T09:00:50+03:00,çocuk,BEST_SELLER,cocuk-oyuncak,çocuk oyuncak,71,4,95,95,,26,40.7,9.3,971161885,1127325,Circle Toys Eğitici Ahşap Ksilofon – 8 Tonlu Renkli Müzik Oyuncağı,Circle Toys,Eğitici Oyuncak,https://www.trendyol.com/circle-toys/egitici-ahsap-ksilofon-8-tonlu-renkli-muzik-oyuncagi-p-971161885?boutiqueId=61&merchantId=1127325,Circle Toys,,268.7,335.88,20,0,TRY,"[""Sepette %20 İndirim"",""Kargo Bedava"",""Trendyol Plus'a Özel""]",InStock,100 adetten fazla stok sunulmuştur,,,4.4,783,388,0,31,,,,4999,TRY,0,1,1,4,14 saat 54 dakika içinde sipariş verirsen en geç yarın kargoda!,,https://cdn.dsmcdn.com/ty1920/prod/QC_ENRICHMENT/20260724/06/5270803b-a73d-32d9-bb3a-01834c79d6ce/1_org_zoom.jpg,"{""Paket İçeriği"":""1'li"",""Yaş"":""1+ Yaş"",""Piller Kutuya Dahil Mi?"":""Belirtilmemiş"",""Dil"":""Evrensel Dil"",""Pil ile mi çalışır?"":""Hayır"",""Diğer Özellikler"":""Ahşap, renkli metal notalı"",""Menşei"":""CN"",""Özellik"":""Uzun""}",20,5,refreshed,"[""daily_top""]",true,2026-08-19T09:00:50+03:00,0,"[""search_result_dom"",""product_detail_jsonld"",""product_detail_dom""]","{""title"":""observed"",""brand"":""observed"",""seller_name"":""observed"",""seller_score"":""unavailable"",""price"":""observed"",""original_price"":""observed"",""campaigns"":""observed"",""stock_status"":""observed"",""stock_signal"":""observed"",""rating"":""observed"",""rating_count"":""observed"",""review_count"":""observed"",""question_count"":""observed"",""delivery_summary"":""observed"",""shipping_cost"":""observed"",""properties"":""observed""}",true,
2026-08-19,2026-08-19T09:00:50+03:00,çocuk,BEST_SELLER,cocuk-oyuncak,çocuk oyuncak,72,4,96,96,,-24,18.6,11.4,1077372867,890565,Genel Markalar 78 Parça Manyetik Yapı Blokları Mıknatıslı Bloklar Fermuarlı Taşıma Poşeti Hediyeli,Genel Markalar,Eğitici Oyuncak,https://www.trendyol.com/genel-markalar/78-parca-manyetik-yapi-bloklari-miknatisli-bloklar-fermuarli-tasima-poseti-hediyeli-p-1077372867?boutiqueId=61&merchantId=890565,FLOTTE,95,1999.9,,,0,TRY,"[""Kargo Bedava"",""Peşin Fiyatına 3 Taksit"",""Son 10 Günün En Düşük Fiyatı""]",InStock,100 adetten fazla stok sunulmuştur,,,4.2,324,209,1,73,"1,4B kişinin sepetinde","21,2B kişi favoriledi",Son 24 saatte 767 kişi görüntüledi,4999,TRY,0,1,1,4,14 saat 54 dakika içinde sipariş verirsen en geç yarın kargoda!,,https://cdn.dsmcdn.com/ty1909/prod/QC_ENRICHMENT/20260514/19/8db924ee-93fa-3ab7-91a8-1d7109fce0f6/1_org_zoom.jpg,"{""Paket İçeriği"":""50 -100"",""Yaş"":""3+ Yaş"",""Piller Kutuya Dahil Mi?"":""Hayır"",""Dil"":""Evrensel Dil"",""Pil ile mi çalışır?"":""Hayır"",""Menşei"":""TR"",""Ürün Uyarıları (Oyuncak)"":""Kullanım öncesi, parçaların herhangi bir sebepten dolayı kırılmış olabileceğine karşılık kontrolünü sağlamalısınız."",""Özellik"":""Mıknatıslı""}",20,5,refreshed,"[""daily_top""]",true,2026-08-19T09:00:50+03:00,0,"[""search_result_dom"",""product_detail_jsonld"",""product_detail_dom""]","{""title"":""observed"",""brand"":""observed"",""seller_name"":""observed"",""seller_score"":""observed"",""price"":""observed"",""original_price"":""unavailable"",""campaigns"":""observed"",""stock_status"":""observed"",""stock_signal"":""observed"",""rating"":""observed"",""rating_count"":""observed"",""review_count"":""observed"",""question_count"":""observed"",""delivery_summary"":""observed"",""shipping_cost"":""observed"",""properties"":""observed""}",true,
2026-08-19,2026-08-19T09:00:50+03:00,çocuk,BEST_SELLER,cocuk-oyuncak,çocuk oyuncak,73,4,97,97,3,2,20.9,9.1,750240599,464137,HARİKA PELUŞ FABRİKASI [ İSİM YAZDIR ] Kişiye Özel İsim Baskılı Çilek Tavşan Çantalı Sevgiliye Özel 50 Cm,HARİKA PELUŞ FABRİKASI,,https://www.trendyol.com/harika-pelus-fabrikasi/isim-yazdir-kisiye-ozel-isim-baskili-cilek-tavsan-cantali-sevgiliye-ozel-50-cm-p-750240599?boutiqueId=61&merchantId=464137,Pandamkee Oyuncak,92,399,,,1,TRY,"[""3 TL Kupon"",""Kargo Bedava"",""Sepette %1 İndirim"",""Trendyol Plus'a Özel""]",InStock,100 adetten fazla stok sunulmuştur,,,4.4,412,,0,199,,"12,8B kişi favoriledi",Son 24 saatte 496 kişi görüntüledi,,,0,,,,14 saat 54 dakika içinde sipariş verirsen en geç yarın kargoda!,En Çok Satan 3. Ürün,,{},0,,refreshed,"[""daily_top""]",true,2026-08-19T09:00:50+03:00,0,"[""search_result_dom"",""product_detail_jsonld"",""product_detail_dom""]","{""title"":""observed"",""brand"":""observed"",""seller_name"":""observed"",""seller_score"":""observed"",""price"":""observed"",""original_price"":""unavailable"",""campaigns"":""observed"",""stock_status"":""observed"",""stock_signal"":""observed"",""rating"":""observed"",""rating_count"":""observed"",""review_count"":""unavailable"",""question_count"":""observed"",""delivery_summary"":""observed"",""shipping_cost"":""unavailable"",""properties"":""observed""}",true,
2026-08-19,2026-08-19T09:00:50+03:00,çocuk,BEST_SELLER,cocuk-oyuncak,çocuk oyuncak,74,4,98,98,1,33,23.1,6.9,964444091,239850,My Kids Room Kişiye Özel İsimlikli Araba Rafı 50'li Beyaz Renk (HOTWHEELS VE MATCBOX ARABALARI IÇİN UYGUNDUR),My Kids Room,Ahşap Oyuncak,https://www.trendyol.com/my-kids-room/kisiye-ozel-isimlikli-araba-rafi-50-li-beyaz-renk-hotwheels-ve-matcbox-arabalari-icin-uygundur-p-964444091?boutiqueId=61&merchantId=239850,My Kids Room,83,299.9,,,0,TRY,"[""Kargo Bedava""]",InStock,100 adetten fazla stok sunulmuştur,,,3.9,1390,779,3,6024,"1,1B kişinin sepetinde","29,6B kişi favoriledi",Son 24 saatte 443 kişi görüntüledi,4999,TRY,0,2,1,6,Tahmini Teslim:,En Çok Satan 1. Ürün,https://cdn.dsmcdn.com/ty1763/prod/QC_ENRICHMENT/20250925/14/9fcfd1c7-ea99-3a42-9355-4aac8cf4a2d8/1_org_zoom.jpg,"{""Renk"":""Beyaz"",""Parça Sayısı"":""Belirtilmemiş"",""Yaş"":""Belirtilmemiş"",""Menşei"":""TR""}",20,5,refreshed,"[""daily_top""]",true,2026-08-19T09:00:50+03:00,0,"[""search_result_dom"",""product_detail_jsonld"",""product_detail_dom""]","{""title"":""observed"",""brand"":""observed"",""seller_name"":""observed"",""seller_score"":""observed"",""price"":""observed"",""original_price"":""unavailable"",""campaigns"":""observed"",""stock_status"":""observed"",""stock_signal"":""observed"",""rating"":""observed"",""rating_count"":""observed"",""review_count"":""observed"",""question_count"":""observed"",""delivery_summary"":""observed"",""shipping_cost"":""observed"",""properties"":""observed""}",true,
2026-08-19,2026-08-19T09:00:50+03:00,çocuk,BEST_SELLER,cocuk-oyuncak,çocuk oyuncak,75,4,99,99,,18,22.4,7.6,53036058,190370,Brother Toys Transformer Robot Çek Bırak Kendinden Robota Dönüşen 1:32 Bugatti Oyuncak Araba,Brother Toys,Araç Seti,https://www.trendyol.com/brother-toys/transformer-robot-cek-birak-kendinden-robota-donusen-1-32-bugatti-oyuncak-araba-p-53036058?boutiqueId=61&merchantId=190370,BROTHERTOYS,91,199.9,,,0,TRY,"[""Kargo Bedava""]",InStock,100 adetten fazla stok sunulmuştur,,,4,1207,621,2,100,"1,3B kişinin sepetinde","34,2B kişi favoriledi",Son 24 saatte 779 kişi görüntüledi,4999,TRY,0,,1,4,4 saat 54 dakika içinde sipariş verirsen en geç bugün kargoda!,En Çok Favorilenen 4. Ürün,https://cdn.dsmcdn.com/ty1739/prod/QC_ENRICHMENT/20250827/15/d6f3e408-5ec8-383c-bef4-7f0d24e3281a/1_org_zoom.jpg,"{""Paket İçeriği"":""1'li"",""Yaş"":""1+ Yaş"",""Piller Kutuya Dahil Mi?"":""Hayır"",""Pil ile mi çalışır?"":""Hayır"",""Diğer Özellikler"":""Kaliteli Dayanıklı Malzeme"",""Menşei"":""CN"",""Batarya Türü"":""Diğer"",""Batarya Boyutu"":""Uygulanabilir Değil"",""Özellik"":""Robot"",""Renk"":""Turuncu""}",20,5,refreshed,"[""daily_top""]",true,2026-08-19T09:00:50+03:00,0,"[""search_result_dom"",""product_detail_jsonld"",""product_detail_dom""]","{""title"":""observed"",""brand"":""observed"",""seller_name"":""observed"",""seller_score"":""observed"",""price"":""observed"",""original_price"":""unavailable"",""campaigns"":""observed"",""stock_status"":""observed"",""stock_signal"":""observed"",""rating"":""observed"",""rating_count"":""observed"",""review_count"":""observed"",""question_count"":""observed"",""delivery_summary"":""observed"",""shipping_cost"":""observed"",""properties"":""observed""}",true,
2026-08-19,2026-08-19T09:00:50+03:00,çocuk,BEST_SELLER,cocuk-oyuncak,çocuk oyuncak,76,4,100,100,6,37,22,8,672023503,1163586,Scooter Magic Wheels Işıklı 3 Tekerlekli Twist Çocuk,Scooter,,https://www.trendyol.com/scooter/magic-wheels-isikli-3-tekerlekli-twist-cocuk-p-672023503?boutiqueId=61&merchantId=1163586,TOYZİTOYS OYUNCAK,86,889,,,0,TRY,"[""Kargo Bedava""]",InStock,100 adetten fazla stok sunulmuştur,,,3.6,564,,0,171,941 kişinin sepetinde,"14,2B kişi favoriledi",Son 24 saatte 695 kişi görüntüledi,,,0,,,,14 saat 54 dakika içinde sipariş verirsen en geç yarın kargoda!,En Çok Satan 6. Ürün,,{},0,,refreshed,"[""daily_top""]",true,2026-08-19T09:00:50+03:00,0,"[""search_result_dom"",""product_detail_jsonld"",""product_detail_dom""]","{""title"":""observed"",""brand"":""observed"",""seller_name"":""observed"",""seller_score"":""observed"",""price"":""observed"",""original_price"":""unavailable"",""campaigns"":""observed"",""stock_status"":""observed"",""stock_signal"":""observed"",""rating"":""observed"",""rating_count"":""observed"",""review_count"":""unavailable"",""question_count"":""observed"",""delivery_summary"":""observed"",""shipping_cost"":""unavailable"",""properties"":""observed""}",true,
2026-08-19,2026-08-19T09:00:50+03:00,çocuk,BEST_SELLER,cocuk-oyuncak,çocuk oyuncak,77,4,101,101,5,11,13.7,16.3,1088703783,744768,Nandy Home Civciv Model Karakter Figürü 3D Yapı Oyuncakları,Nandy Home,Diğer Oyun Takımları,https://www.trendyol.com/nandy-home/civciv-model-karakter-figuru-3d-yapi-oyuncaklari-p-1088703783?boutiqueId=61&merchantId=744768,Nandy Kids,96,149.9,,,11.9,TRY,"[""Kargo Bedava"",""Trendyol Plus'a Özel""]",InStock,100 adetten fazla stok sunulmuştur,,,4.7,136,51,0,9,"1,1B kişinin sepetinde","14,8B kişi favoriledi",,4999,TRY,0,,1,4,5 saat 54 dakika içinde sipariş verirsen en geç bugün kargoda!,En Çok Satan 5. Ürün,https://cdn.dsmcdn.com/ty1914/prod/QC_ENRICHMENT/20260522/10/821d1544-93f2-3f01-9609-16c6a1df2eb9/1_org_zoom.jpg,"{""Parça Sayısı"":""161"",""Yaş"":""5+ Yaş"",""Diğer Özellikler"":""Küçük parçalar içermektedir."",""Menşei"":""CN"",""Ürün Uyarıları (Oyuncak)"":""Küçük parçalar içermektedir."",""Batarya Türü"":""Diğer"",""Özellik"":""Standart""}",20,5,refreshed,"[""daily_top""]",true,2026-08-19T09:00:50+03:00,0,"[""search_result_dom"",""product_detail_jsonld"",""product_detail_dom""]","{""title"":""observed"",""brand"":""observed"",""seller_name"":""observed"",""seller_score"":""observed"",""price"":""observed"",""original_price"":""unavailable"",""campaigns"":""observed"",""stock_status"":""observed"",""stock_signal"":""observed"",""rating"":""observed"",""rating_count"":""observed"",""review_count"":""observed"",""question_count"":""observed"",""delivery_summary"":""observed"",""shipping_cost"":""observed"",""properties"":""observed""}",true,
2026-08-19,2026-08-19T09:00:50+03:00,çocuk,BEST_SELLER,cocuk-oyuncak,çocuk oyuncak,78,5,102,102,,11,38,12,972632523,1127325,Circle Toys UFO Eğitici Duyusal Aktivite Oyuncağı - 1-3 Yaş Yürümeye Başlayan Çocuklar Için Montessori Seti,Circle Toys,Eğitici Oyuncak,https://www.trendyol.com/circle-toys/ufo-egitici-duyusal-aktivite-oyuncagi-1-3-yas-yurumeye-baslayan-cocuklar-icin-montessori-seti-p-972632523?boutiqueId=61&merchantId=1127325,Circle Toys,,599.9,749.87,20,0,TRY,"[""Sepette %20 İndirim"",""Kargo Bedava"",""Trendyol Plus'a Özel""]",InStock,100 adetten fazla stok sunulmuştur,,,4.6,351,176,1,23,"1,4B kişinin sepetinde","37,8B kişi favoriledi",Son 24 saatte 695 kişi görüntüledi,4999,TRY,0,,1,4,1 saat 54 dakika içinde sipariş verirsen en geç bugün kargoda!,,https://cdn.dsmcdn.com/ty1891/prod/QC_ENRICHMENT/20260703/01/ec3dab2c-d2e3-3daf-b348-9e8c06ea02fd/1_org_zoom.jpg,"{""Paket İçeriği"":""1'li"",""Yaş"":""1+ Yaş"",""Piller Kutuya Dahil Mi?"":""Hayır"",""Dil"":""Evrensel Dil"",""Pil ile mi çalışır?"":""Hayır"",""Diğer Özellikler"":""Bebekler için ip çekme oyuncağı, Kayan Top, Popit patlatma"",""Menşei"":""CN"",""Ürün Uyarıları (Oyuncak)"":""Bu oyuncak 12 aydan küçük çocuklar için uygun değildir. Gerekli durumlarda oyuncağı nemli bez ile silerek temizleyiniz.""}",20,5,refreshed,"[""daily_top""]",true,2026-08-19T09:00:50+03:00,0,"[""search_result_dom"",""product_detail_jsonld"",""product_detail_dom""]","{""title"":""observed"",""brand"":""observed"",""seller_name"":""observed"",""seller_score"":""unavailable"",""price"":""observed"",""original_price"":""observed"",""campaigns"":""observed"",""stock_status"":""observed"",""stock_signal"":""observed"",""rating"":""observed"",""rating_count"":""observed"",""review_count"":""observed"",""question_count"":""observed"",""delivery_summary"":""observed"",""shipping_cost"":""observed"",""properties"":""observed""}",true,
2026-08-19,2026-08-19T09:00:50+03:00,çocuk,BEST_SELLER,cocuk-oyuncak,çocuk oyuncak,79,5,103,103,,18,15.6,14.4,1156077926,190370,"ROBEVE Şarjlı Otomatik Su Tabancası Oyuncak Şarjlı Geniş Su Hazneli Gerçekçi Geri Tepme Efektli Su Silahı – Yaz Eğlencesi, Havuz Oyuncağı Bahçe Oyuncağı İçin Eğlenceli Şarjlı Su Tabancası Oyuncak",ROBEVE,Oyuncak Silah Su Tabancası,https://www.trendyol.com/robeve/sarjli-otomatik-su-tabancasi-oyuncak-sarjli-genis-su-hazneli-gercekci-geri-tepme-efektli-su-silahi-yaz-eglencesi-havuz-oyuncagi-bahce-oyuncagi-icin-eglenceli-sarjli-su-tabancasi-oyuncak-p-1156077926?boutiqueId=61&merchantId=190370,BROTHERTOYS,91,678,,,9.2,TRY,"[""Kargo Bedava""]",InStock,10 adetten fazla stok sunulmuştur,,,3.8,141,89,89,53,794 kişinin sepetinde,"4,2B kişi favoriledi",Son 24 saatte 637 kişi görüntüledi,4999,TRY,0,1,1,4,14 saat 54 dakika içinde sipariş verirsen en geç yarın kargoda!,En Çok Ziyaret Edilen 5. Ürün,https://cdn.dsmcdn.com/ty1895/prod/QC_PREP/20260612/17/eac45ea2-deee-36cb-aadc-04e29a49165c/1_org_zoom.jpg,"{""Renk"":""Mavi"",""Yaş"":""3+ Yaş"",""Menşei"":""CN"",""Ürün Uyarıları (Oyuncak)"":""3 Yaşından Küçük Çocuklar İçin Uygun Değildir."",""Özellik"":""Şarjlı""}",20,5,refreshed,"[""daily_top""]",true,2026-08-19T09:00:50+03:00,0,"[""search_result_dom"",""product_detail_jsonld"",""product_detail_dom""]","{""title"":""observed"",""brand"":""observed"",""seller_name"":""observed"",""seller_score"":""observed"",""price"":""observed"",""original_price"":""unavailable"",""campaigns"":""observed"",""stock_status"":""observed"",""stock_signal"":""observed"",""rating"":""observed"",""rating_count"":""observed"",""review_count"":""observed"",""question_count"":""observed"",""delivery_summary"":""observed"",""shipping_cost"":""observed"",""properties"":""observed""}",true,
2026-08-19,2026-08-19T09:00:50+03:00,çocuk,BEST_SELLER,cocuk-oyuncak,çocuk oyuncak,80,5,104,104,,39,20.4,9.6,735668988,137889,robokids Montessori Busy Board Keçe Aktivite Kitabı | 8 Sayfa Dinazor Temalı,robokids,Eğitici Oyuncak,https://www.trendyol.com/robokids/montessori-busy-board-kece-aktivite-kitabi-8-sayfa-dinazor-temali-p-735668988?boutiqueId=61&merchantId=137889,Robokids,95,829,,,0,TRY,"[""Kargo Bedava""]",InStock,100 adetten fazla stok sunulmuştur,,,4.6,637,355,1,97,729 kişinin sepetinde,"72,5B kişi favoriledi",Son 24 saatte 893 kişi görüntüledi,4999,TRY,0,1,1,4,14 saat 54 dakika içinde sipariş verirsen en geç yarın kargoda!,,https://cdn.dsmcdn.com/ty1895/prod/QC_ENRICHMENT/20260811/16/e4504fe8-a66d-34ff-b0b3-504c11026dc8/1_org_zoom.jpg,"{""Paket İçeriği"":""1+"",""Yaş"":""1+ Yaş"",""Piller Kutuya Dahil Mi?"":""Hayır"",""Dil"":""İngilizce"",""Pil ile mi çalışır?"":""Hayır"",""Menşei"":""CH""}",20,5,refreshed,"[""daily_top""]",true,2026-08-19T09:00:50+03:00,0,"[""search_result_dom"",""product_detail_jsonld"",""product_detail_dom""]","{""title"":""observed"",""brand"":""observed"",""seller_name"":""observed"",""seller_score"":""observed"",""price"":""observed"",""original_price"":""unavailable"",""campaigns"":""observed"",""stock_status"":""observed"",""stock_signal"":""observed"",""rating"":""observed"",""rating_count"":""observed"",""review_count"":""observed"",""question_count"":""observed"",""delivery_summary"":""observed"",""shipping_cost"":""observed"",""properties"":""observed""}",true,
2026-08-19,2026-08-19T09:00:50+03:00,çocuk,BEST_SELLER,cocuk-oyuncak,çocuk oyuncak,81,5,105,105,,51,18.7,11.3,946040335,931256,tutobaby Devrilmeyen Sevimli Geyik Oyuncağı (Bebeğinizin Oyun Arkadaşı),tutobaby,Eğitici Oyuncak,https://www.trendyol.com/tutobaby/devrilmeyen-sevimli-geyik-oyuncagi-bebeginizin-oyun-arkadasi-p-946040335?boutiqueId=61&merchantId=931256,TuTobaby,98,280,,,0,TRY,"[""Kargo Bedava""]",InStock,100 adetten fazla stok sunulmuştur,,,4.6,366,217,4,32,721 kişinin sepetinde,"17,1B kişi favoriledi",Son 24 saatte 591 kişi görüntüledi,4999,TRY,0,,1,4,,,https://cdn.dsmcdn.com/ty1697/prod/QC_PREP/20250618/01/1feff991-59c2-3371-8e85-228e6a068dcf/1_org_zoom.jpg,"{""Paket İçeriği"":""1'li"",""Yaş"":""1+ Yaş"",""Piller Kutuya Dahil Mi?"":""Hayır"",""Dil"":""Türkçe"",""Pil ile mi çalışır?"":""Hayır"",""Menşei"":""CN""}",20,5,refreshed,"[""daily_top""]",true,2026-08-19T09:00:50+03:00,0,"[""search_result_dom"",""product_detail_jsonld"",""product_detail_dom""]","{""title"":""observed"",""brand"":""observed"",""seller_name"":""observed"",""seller_score"":""observed"",""price"":""observed"",""original_price"":""unavailable"",""campaigns"":""observed"",""stock_status"":""observed"",""stock_signal"":""observed"",""rating"":""observed"",""rating_count"":""observed"",""review_count"":""observed"",""question_count"":""observed"",""delivery_summary"":""unavailable"",""shipping_cost"":""observed"",""properties"":""observed""}",true,
2026-08-19,2026-08-19T09:00:50+03:00,çocuk,BEST_SELLER,cocuk-oyuncak,çocuk oyuncak,82,5,106,106,2,64,10.6,19.4,1146329954,109643,Koz SÜPRİZ SQUİSHY ÇİN MANTISI KÜÇÜK,Koz,Diğer Figür Oyuncaklar,https://www.trendyol.com/koz/supriz-squishy-cin-mantisi-kucuk-p-1146329954?boutiqueId=61&merchantId=109643,Rüya Gezegeni,89,199.9,,,0,TRY,"[""Kargo Bedava"",""Son 10 Günün En Düşük Fiyatı""]",InStock,100 adetten fazla stok sunulmuştur,,,2.1,31,20,3,34,"1,2B kişinin sepetinde","3,4B kişi favoriledi","Son 24 saatte 1,4B kişi görüntüledi",4999,TRY,0,1,1,4,14 saat 54 dakika içinde sipariş verirsen en geç yarın kargoda!,En Çok Satan 2. Ürün,https://cdn.dsmcdn.com/ty1902/prod/QC_PREP/20260516/00/8cffa91f-1014-36f6-a355-816abf367152/1_org_zoom.jpg,"{""Paket İçeriği"":""8'li"",""Yaş"":""2+ Yaş"",""Menşei"":""CN""}",20,1.65,refreshed,"[""daily_top"",""hot_change""]",true,2026-08-19T09:00:50+03:00,0,"[""search_result_dom"",""product_detail_jsonld"",""product_detail_dom""]","{""title"":""observed"",""brand"":""observed"",""seller_name"":""observed"",""seller_score"":""observed"",""price"":""observed"",""original_price"":""unavailable"",""campaigns"":""observed"",""stock_status"":""observed"",""stock_signal"":""observed"",""rating"":""observed"",""rating_count"":""observed"",""review_count"":""observed"",""question_count"":""observed"",""delivery_summary"":""observed"",""shipping_cost"":""observed"",""properties"":""observed""}",true,
2026-08-19,2026-08-19T09:00:50+03:00,çocuk,BEST_SELLER,cocuk-oyuncak,çocuk oyuncak,83,5,107,107,6,17,16.4,13.6,988493414,109032,balody Fanuslu Çiçek Serisi – Hibiskus Yapı Bloğu Seti (543 Parça),balody,Yapı Oyuncakları,https://www.trendyol.com/balody/fanuslu-cicek-serisi-hibiskus-yapi-blogu-seti-543-parca-p-988493414?boutiqueId=61&merchantId=109032,Touchie Co.,95,649,,,0,TRY,"[""Kargo Bedava""]",InStock,100 adetten fazla stok sunulmuştur,,,4.8,241,111,6,19,1B kişinin sepetinde,"23,8B kişi favoriledi",Son 24 saatte 951 kişi görüntüledi,4999,TRY,0,,1,4,4 saat 54 dakika içinde sipariş verirsen en geç bugün kargoda!,En Çok Satan 6. Ürün,https://cdn.dsmcdn.com/ty1757/prod/QC_ENRICHMENT/20250918/10/b8cabc5b-fd6e-38be-ae5f-40102ede093c/1_org_zoom.jpg,"{""Parça Sayısı"":""543"",""Yaş"":""12+ Yaş"",""Menşei"":""CN"",""Ürün Uyarıları (Oyuncak)"":""3 Yaşından küçük çocuklar için uygun değildir. Boğulma tehlikesi!""}",20,5,refreshed,"[""daily_top""]",true,2026-08-19T09:00:50+03:00,0,"[""search_result_dom"",""product_detail_jsonld"",""product_detail_dom""]","{""title"":""observed"",""brand"":""observed"",""seller_name"":""observed"",""seller_score"":""observed"",""price"":""observed"",""original_price"":""unavailable"",""campaigns"":""observed"",""stock_status"":""observed"",""stock_signal"":""observed"",""rating"":""observed"",""rating_count"":""observed"",""review_count"":""observed"",""question_count"":""observed"",""delivery_summary"":""observed"",""shipping_cost"":""observed"",""properties"":""observed""}",true,
2026-08-19,2026-08-19T09:00:50+03:00,çocuk,BEST_SELLER,cocuk-oyuncak,çocuk oyuncak,84,5,108,108,,90,11,19,1141368445,1056547,papermoods Eğlenceli ve Eğitici Tuvalet Eğitimi Sticker Panosu - Sevimli Sticker,papermoods,Eğitici Oyuncak,https://www.trendyol.com/papermoods/eglenceli-ve-egitici-tuvalet-egitimi-sticker-panosu-sevimli-sticker-p-1141368445?boutiqueId=61&merchantId=1056547,papermoods,96,169.9,,,0,TRY,"[""Kargo Bedava""]",InStock,100 adetten fazla stok sunulmuştur,,,4.5,49,23,4,5,536 kişinin sepetinde,"6,7B kişi favoriledi",Son 24 saatte 391 kişi görüntüledi,4999,TRY,0,1,1,4,14 saat 54 dakika içinde sipariş verirsen en geç yarın kargoda!,,https://cdn.dsmcdn.com/ty1895/prod/QC_ENRICHMENT/20260609/19/c3cf5177-f2e5-3333-8204-7677cb5c5169/1_org_zoom.jpg,"{""Paket İçeriği"":""72'li"",""Yaş"":""2+ Yaş"",""Piller Kutuya Dahil Mi?"":""Hayır"",""Dil"":""Evrensel Dil"",""Pil ile mi çalışır?"":""Hayır"",""Menşei"":""TR""}",20,4.8,refreshed,"[""daily_top"",""hot_change""]",true,2026-08-19T09:00:50+03:00,0,"[""search_result_dom"",""product_detail_jsonld"",""product_detail_dom""]","{""title"":""observed"",""brand"":""observed"",""seller_name"":""observed"",""seller_score"":""observed"",""price"":""observed"",""original_price"":""unavailable"",""campaigns"":""observed"",""stock_status"":""observed"",""stock_signal"":""observed"",""rating"":""observed"",""rating_count"":""observed"",""review_count"":""observed"",""question_count"":""observed"",""delivery_summary"":""observed"",""shipping_cost"":""observed"",""properties"":""observed""}",true,
2026-08-19,2026-08-19T09:00:50+03:00,çocuk,BEST_SELLER,cocuk-oyuncak,çocuk oyuncak,85,5,109,109,3,53,17.7,17.3,1143797846,1183562,Genel Markalar 10'lu Mini Baloncuk Oyuncağı | Köpük Balon Seti | Bubble Oyuncak | Doğum Günü Hediyeliği | Okul Dağıtmalık | Karne Hediyesi | Renkli Baloncuk Tüpü,Genel Markalar,Bahçe Oyuncakları,https://www.trendyol.com/genel-markalar/10-lu-mini-baloncuk-oyuncagi-kopuk-balon-seti-bubble-oyuncak-dogum-gunu-hediyeligi-okul-dagitmalik-karne-hediyesi-renkli-baloncuk-tupu-p-1143797846?boutiqueId=61&merchantId=1183562,Minikoo Kids,89,124.45,131,5,0,TRY,"[""Sepette %5 İndirim"",""Kargo Bedava""]",InStock,100 adetten fazla stok sunulmuştur,,,3.7,62,38,0,23,521 kişinin sepetinde,"4,5B kişi favoriledi",,4999,TRY,0,1,1,4,14 saat 54 dakika içinde sipariş verirsen en geç yarın kargoda!,En Çok Satan 3. Ürün,https://cdn.dsmcdn.com/ty1896/prod/QC_ENRICHMENT/20260728/23/a60b0def-22fc-36db-a0c6-f348a06186bb/1_org_zoom.jpg,"{""Yaş"":""3+ Yaş"",""Menşei"":""TR""}",20,4.7,refreshed,"[""daily_top""]",true,2026-08-19T09:00:50+03:00,0,"[""search_result_dom"",""product_detail_jsonld"",""product_detail_dom""]","{""title"":""observed"",""brand"":""observed"",""seller_name"":""observed"",""seller_score"":""observed"",""price"":""observed"",""original_price"":""observed"",""campaigns"":""observed"",""stock_status"":""observed"",""stock_signal"":""observed"",""rating"":""observed"",""rating_count"":""observed"",""review_count"":""observed"",""question_count"":""observed"",""delivery_summary"":""observed"",""shipping_cost"":""observed"",""properties"":""observed""}",true,
2026-08-19,2026-08-19T09:00:50+03:00,çocuk,BEST_SELLER,cocuk-oyuncak,çocuk oyuncak,86,5,110,110,,,55.6,4.4,841228487,357212,Go Toys Match Pairs Hafıza Eşleştirme Oyunu Eğitici Oyuncak,Go Toys,Eğitici Oyuncak,https://www.trendyol.com/go-toys/match-pairs-hafiza-eslestirme-oyunu-egitici-oyuncak-p-841228487?boutiqueId=61&merchantId=357212,Shopist,91,146.3,209,30,,TRY,"[""Sepette %30 İndirim"",""Süper Fırsat Ürünü"",""Kargo Bedava""]",InStock,100 adetten fazla stok sunulmuştur,,,4.7,3274,1569,,61,563 kişinin sepetinde,"78,9B kişi favoriledi",Son 24 saatte 490 kişi görüntüledi,4999,TRY,0,,1,4,14 saat 54 dakika içinde sipariş verirsen en geç yarın kargoda!,,https://cdn.dsmcdn.com/ty1623/product/media/images/prod/PIM/20250115/12/d263b4fc-bc6e-4aab-9bbb-27b8e768392b/1_org_zoom.jpg,"{""Paket İçeriği"":""1+"",""Yaş"":""3+ Yaş"",""Piller Kutuya Dahil Mi?"":""Hayır"",""Dil"":""Evrensel Dil"",""Pil ile mi çalışır?"":""Hayır"",""Menşei"":""TR""}",20,5,refreshed,"[""daily_top""]",true,2026-08-19T09:00:50+03:00,0,"[""search_result_dom"",""product_detail_jsonld"",""product_detail_dom""]","{""title"":""observed"",""brand"":""observed"",""seller_name"":""observed"",""seller_score"":""observed"",""price"":""observed"",""original_price"":""observed"",""campaigns"":""observed"",""stock_status"":""observed"",""stock_signal"":""observed"",""rating"":""observed"",""rating_count"":""observed"",""review_count"":""observed"",""question_count"":""observed"",""delivery_summary"":""observed"",""shipping_cost"":""observed"",""properties"":""observed""}",true,
2026-08-19,2026-08-19T09:00:50+03:00,çocuk,BEST_SELLER,cocuk-oyuncak,çocuk oyuncak,87,5,111,111,,24,16.8,13.2,739317417,137889,robokids Montessori Keçe Eğitim Çantası Busy Board- Mavi 4 Sayfa,robokids,Eğitici Oyuncak,https://www.trendyol.com/robokids/montessori-kece-egitim-cantasi-busy-board-mavi-4-sayfa-p-739317417?boutiqueId=61&merchantId=137889,Robokids,95,799,,,0,TRY,"[""Kargo Bedava""]",InStock,100 adetten fazla stok sunulmuştur,,,4.5,233,126,0,25,990 kişinin sepetinde,43B kişi favoriledi,"Son 24 saatte 1,7B kişi görüntüledi",4999,TRY,0,1,1,4,14 saat 54 dakika içinde sipariş verirsen en geç yarın kargoda!,,https://cdn.dsmcdn.com/ty1941/prod/QC_ENRICHMENT/20260811/16/4e435c22-9ed0-32b0-a2f6-da1493626b93/1_org_zoom.jpg,"{""Paket İçeriği"":""1+"",""Yaş"":""1+ Yaş"",""Piller Kutuya Dahil Mi?"":""Hayır"",""Dil"":""İngilizce"",""Pil ile mi çalışır?"":""Hayır"",""Menşei"":""CH""}",20,5,refreshed,"[""daily_top""]",true,2026-08-19T09:00:50+03:00,0,"[""search_result_dom"",""product_detail_jsonld"",""product_detail_dom""]","{""title"":""observed"",""brand"":""observed"",""seller_name"":""observed"",""seller_score"":""observed"",""price"":""observed"",""original_price"":""unavailable"",""campaigns"":""observed"",""stock_status"":""observed"",""stock_signal"":""observed"",""rating"":""observed"",""rating_count"":""observed"",""review_count"":""observed"",""question_count"":""observed"",""delivery_summary"":""observed"",""shipping_cost"":""observed"",""properties"":""observed""}",true,
2026-08-19,2026-08-19T09:00:50+03:00,çocuk,BEST_SELLER,cocuk-oyuncak,çocuk oyuncak,88,5,112,112,7,45,15.9,14.1,1156186298,752303,KİNKU Ne block019 puzzle-Yapboz-3D Zeka geliştiren-Mini Sevimli Figürler Minyatür,KİNKU,Yapı Oyuncakları,https://www.trendyol.com/kinku/ne-block019-puzzle-yapboz-3d-zeka-gelistiren-mini-sevimli-figurler-minyatur-p-1156186298?boutiqueId=61&merchantId=752303,,,119.9,,,0,TRY,"[""Kargo Bedava""]",InStock,,,,4.5,157,96,0,,,,,4999,TRY,0,,1,4,Tahmini Teslim:,En Çok Satan 7. Ürün,https://cdn.dsmcdn.com/ty1891/prod/QC_ENRICHMENT/20260729/20/faab80bd-f01a-3d9b-a878-0dfcda58392e/1_org_zoom.jpg,"{""Parça Sayısı"":""Belirtilmemiş"",""Yaş"":""3+ Yaş"",""Menşei"":""TR"",""Batarya Türü"":""Diğer"",""Özellik"":""Diğer""}",20,5,refreshed,"[""daily_top""]",true,2026-08-19T09:00:50+03:00,0,"[""search_result_dom"",""product_detail_jsonld"",""product_detail_dom""]","{""title"":""observed"",""brand"":""observed"",""seller_name"":""unavailable"",""seller_score"":""unavailable"",""price"":""observed"",""original_price"":""unavailable"",""campaigns"":""observed"",""stock_status"":""observed"",""stock_signal"":""unavailable"",""rating"":""observed"",""rating_count"":""observed"",""review_count"":""observed"",""question_count"":""unavailable"",""delivery_summary"":""observed"",""shipping_cost"":""observed"",""properties"":""observed""}",true,
2026-08-19,2026-08-19T09:00:50+03:00,çocuk,BEST_SELLER,cocuk-oyuncak,çocuk oyuncak,89,5,113,113,,53,15.1,14.9,1108810016,1230100,PAKİTO Blok Boru Puzzle Renkli Eğitici Birleştirme Oyuncak Seti 72 Parça,PAKİTO,Eğitici Oyuncak,https://www.trendyol.com/pakito/blok-boru-puzzle-renkli-egitici-birlestirme-oyuncak-seti-72-parca-p-1108810016?boutiqueId=61&merchantId=1230100,,,199.95,,,0,TRY,"[""Kargo Bedava""]",InStock,,,,4.7,131,76,0,,,,,4999,TRY,0,,1,4,Tahmini Teslim:,,https://cdn.dsmcdn.com/ty1830/prod/QC_ENRICHMENT/20260301/01/9b07535f-e8b5-32a1-8472-a365ebfa1859/1_org_zoom.jpg,"{""Paket İçeriği"":""72'li"",""Yaş"":""3+ Yaş"",""Piller Kutuya Dahil Mi?"":""Hayır"",""Dil"":""Türkçe"",""Pil ile mi çalışır?"":""Hayır"",""Diğer Özellikler"":""72 parçalı geniş bir yapı setidir. Farklı bağlantı şekilleri sayesinde çok sayıda model oluşturulabilir. Araç, robot, hayvan, kule ve geometrik yapılar tasarlanabilir. Tekerlekli parçalar sayesinde hareketli araç modelleri hazırlanabilir. Parçaların birbirine nasıl bağlandığını keşfetmeye dayalı oyun imkânı sunar. El-göz koordinasyonu ve ince motor becerilerinin çalıştırılmasına yardımcı olur. Problem çözme ve yaratıcı düşünmeyi desteklemeye yardımcı oyun yapısına sahiptir. Tek başına veya birden fazla çocukla birlikte kullanılabilir. Pil gerektirmeyen pratik kullanım sunar."",""Menşei"":""TR"",""Ürün Uyarıları (Oyuncak)"":""Ürün küçük parçalar içerdiğinden 36 aydan küçük çocuklar için uygun değildir. Küçük parçalar boğulma tehlikesi oluşturabilir. Parçaları ağıza sokmayınız. Kırılmış, çatlamış veya sivri kenar oluşmuş parçaları kullanmayınız. Bağlantı parçalarını aşırı kuvvet uygulayarak zorlamayınız. Ürünü ateşten, sudan ve yüksek sıcaklıktan uzak tutunuz. Kullanımdan önce tüm ambalaj malzemelerini çıkarınız. Ürün renkleri stok durumuna göre farklılık gösterebilir; renk seçimi yapılamaz."",""Batarya Türü"":""Diğer"",""Batarya Boyutu"":""Uygulanabilir Değil"",""Özellik"":""Manuel""}",20,5,refreshed,"[""daily_top""]",true,2026-08-19T09:00:50+03:00,0,"[""search_result_dom"",""product_detail_jsonld"",""product_detail_dom""]","{""title"":""observed"",""brand"":""observed"",""seller_name"":""unavailable"",""seller_score"":""unavailable"",""price"":""observed"",""original_price"":""unavailable"",""campaigns"":""observed"",""stock_status"":""observed"",""stock_signal"":""unavailable"",""rating"":""observed"",""rating_count"":""observed"",""review_count"":""observed"",""question_count"":""unavailable"",""delivery_summary"":""observed"",""shipping_cost"":""observed"",""properties"":""observed""}",true,
2026-08-19,2026-08-19T09:00:50+03:00,çocuk,BEST_SELLER,cocuk-oyuncak,çocuk oyuncak,90,5,114,114,,-19,11,19,951743329,109643,PapatyamPartiEvi Parlayan Led Işıklı Uçan Sapan Fırıldak - Eğlencenin Işıkla Buluşması!,PapatyamPartiEvi,Eğitici Oyuncak,https://www.trendyol.com/papatyampartievi/parlayan-led-isikli-ucan-sapan-firildak-eglencenin-isikla-bulusmasi-p-951743329?boutiqueId=61&merchantId=109643,,,49,,,53.1,TRY,"[""10 TL Kupon"",""Sepette %1 İndirim"",""Kargo Bedava""]",InStock,,,,3.4,52,23,0,,,,,4999,TRY,0,1,1,4,Tahmini Teslim:,,https://cdn.dsmcdn.com/ty1702/prod/QC_PREP/20250701/21/bac26b00-89e0-3afd-9c46-e02b994562f4/1_org_zoom.jpg,"{""Paket İçeriği"":""1'li"",""Yaş"":""2+ Yaş"",""Piller Kutuya Dahil Mi?"":""Belirtilmemiş"",""Dil"":""Türkçe"",""Pil ile mi çalışır?"":""Evet"",""Menşei"":""CN"",""Ürün Uyarıları (Oyuncak)"":""3 yaş üzeri"",""Batarya Türü"":""Lityum-iyon"",""Özellik"":""Normal""}",20,3.2,refreshed,"[""daily_top""]",true,2026-08-19T09:00:50+03:00,0,"[""search_result_dom"",""product_detail_jsonld"",""product_detail_dom""]","{""title"":""observed"",""brand"":""observed"",""seller_name"":""unavailable"",""seller_score"":""unavailable"",""price"":""observed"",""original_price"":""unavailable"",""campaigns"":""observed"",""stock_status"":""observed"",""stock_signal"":""unavailable"",""rating"":""observed"",""rating_count"":""observed"",""review_count"":""observed"",""question_count"":""unavailable"",""delivery_summary"":""observed"",""shipping_cost"":""observed"",""properties"":""observed""}",true,
2026-08-19,2026-08-19T09:00:50+03:00,çocuk,BEST_SELLER,cocuk-oyuncak,çocuk oyuncak,91,5,115,115,1,,22.9,9.1,711778349,985476,devtoptan Ahşap Mızıka Nefes Egzersizi Çocuk Müzik Aleti,devtoptan,Müzik Oyuncakları,https://www.trendyol.com/devtoptan/ahsap-mizika-nefes-egzersizi-cocuk-muzik-aleti-p-711778349?boutiqueId=61&merchantId=985476,,,40.18,41,2,,TRY,"[""Sepette %2 İndirim"",""Kargo Bedava""]",InStock,,,,4.2,820,413,,,,,,4999,TRY,0,1,1,4,Tahmini Teslim:,En Çok Satan 1. Ürün,https://cdn.dsmcdn.com/ty887/product/media/images/20230516/22/350468726/939583384/1/1_org_zoom.jpg,"{""Yaş"":""2+ Yaş"",""Piller Kutuya Dahil Mi?"":""Hayır"",""Pil ile mi çalışır?"":""Hayır"",""Menşei"":""TR""}",20,5,refreshed,"[""daily_top""]",true,2026-08-19T09:00:50+03:00,0,"[""search_result_dom"",""product_detail_jsonld"",""product_detail_dom""]","{""title"":""observed"",""brand"":""observed"",""seller_name"":""unavailable"",""seller_score"":""unavailable"",""price"":""observed"",""original_price"":""observed"",""campaigns"":""observed"",""stock_status"":""observed"",""stock_signal"":""unavailable"",""rating"":""observed"",""rating_count"":""observed"",""review_count"":""observed"",""question_count"":""unavailable"",""delivery_summary"":""observed"",""shipping_cost"":""observed"",""properties"":""observed""}",true,
2026-08-19,2026-08-19T09:00:50+03:00,çocuk,BEST_SELLER,cocuk-oyuncak,çocuk oyuncak,92,5,116,116,9,11,13.7,16.3,1016793037,919413,Genel Markalar 120 parça renkli eğitici zeka yapı blokları oyuncak blok seti,Genel Markalar,Yapı Oyuncakları,https://www.trendyol.com/genel-markalar/120-parca-renkli-egitici-zeka-yapi-bloklari-oyuncak-blok-seti-p-1016793037?boutiqueId=61&merchantId=919413,,,249.99,,,20.8,TRY,"[""20 TL Kupon"",""Kargo Bedava""]",InStock,,,,3.6,92,50,0,,,,,4999,TRY,0,,1,4,Tahmini Teslim:,En Çok Satan 9. Ürün,https://cdn.dsmcdn.com/ty1901/prod/QC_ENRICHMENT/20260709/00/661b2bd6-4695-35b9-a8fa-b2fff6c621da/1_org_zoom.jpg,"{""Seri"":""Mini Figürler"",""Parça Sayısı"":""120"",""Yaş"":""3+ Yaş"",""Menşei"":""TR"",""Özellik"":""Katı""}",20,4.95,refreshed,"[""daily_top""]",true,2026-08-19T09:00:50+03:00,0,"[""search_result_dom"",""product_detail_jsonld"",""product_detail_dom""]","{""title"":""observed"",""brand"":""observed"",""seller_name"":""unavailable"",""seller_score"":""unavailable"",""price"":""observed"",""original_price"":""unavailable"",""campaigns"":""observed"",""stock_status"":""observed"",""stock_signal"":""unavailable"",""rating"":""observed"",""rating_count"":""observed"",""review_count"":""observed"",""question_count"":""unavailable"",""delivery_summary"":""observed"",""shipping_cost"":""observed"",""properties"":""observed""}",true,
2026-08-19,2026-08-19T09:00:50+03:00,çocuk,BEST_SELLER,cocuk-oyuncak,çocuk oyuncak,93,5,117,117,2,68,2.6,,1146936151,668887,RAMEH Yuvarlak Pembe Oyuncaklı Gölgelikli Tenteli Çocuk Deniz Simiti Baby Float Bebek Deniz Simiti 0-3 Yaş Bebek Botu Pembe,RAMEH,,https://www.trendyol.com/rameh/yuvarlak-pembe-oyuncakli-golgelikli-tenteli-cocuk-deniz-simiti-baby-float-bebek-deniz-simiti-0-3-yas-bebek-botu-pembe-p-1146936151?boutiqueId=61&merchantId=668887,,,745,765,2.6,-2.2,TRY,"[""Kargo Bedava"",""Son 10 Günün En Düşük Fiyatı"",""Sepette %2 İndirim"",""Son 10 günün en düşük fiyatı""]",InStock,,,,,,,0,,,,,,,0,,,,Tahmini Teslim:,En Çok Favorilenen 3. Ürün,,{},0,,refreshed,"[""daily_top"",""hot_change""]",true,2026-08-19T09:00:50+03:00,0,"[""search_result_dom"",""product_detail_jsonld"",""product_detail_dom""]","{""title"":""observed"",""brand"":""observed"",""seller_name"":""unavailable"",""seller_score"":""unavailable"",""price"":""observed"",""original_price"":""observed"",""campaigns"":""observed"",""stock_status"":""observed"",""stock_signal"":""unavailable"",""rating"":""unavailable"",""rating_count"":""unavailable"",""review_count"":""unavailable"",""question_count"":""unavailable"",""delivery_summary"":""observed"",""shipping_cost"":""unavailable"",""properties"":""observed""}",true,
2026-08-19,2026-08-19T09:00:50+03:00,çocuk,BEST_SELLER,cocuk-oyuncak,çocuk oyuncak,94,5,118,118,,,21.2,8.8,796719158,968,LEGO ® Creator 3’ü 1 Arada Retro Fotoğraf Makinesi 31147 - 8+ Yaratıcı Oyuncak Yapım Seti (261P),LEGO,Diğer Oyun Takımları,https://www.trendyol.com/lego/creator-3-u-1-arada-retro-fotograf-makinesi-31147-8-yaratici-oyuncak-yapim-seti-261p-p-796719158?boutiqueId=690823&merchantId=968,,,1033.45,,,,TRY,"[""Kargo Bedava""]",InStock,,,,4.9,1183,448,,,,,,4999,TRY,0,1,1,4,Tahmini Teslim:,En Çok Ziyaret Edilen 6. Ürün,https://cdn.dsmcdn.com/ty1743/product/media/images/prod/PIM/20250923/09/e67a66fe-572e-42a3-901d-45f156c99822/1_org_zoom.jpg,"{""Seri"":""Creator 3-in-1"",""Parça Sayısı"":""101-500"",""Yaş"":""8+ Yaş"",""Menşei"":""DK"",""Ürün Uyarıları (Oyuncak)"":""Boğulma Tehlikesi - Küçük Parçalar"",""Batarya Türü"":""Diğer"",""Özellik"":""Renk Değiştirme""}",20,5,refreshed,"[""daily_top""]",true,2026-08-19T09:00:50+03:00,0,"[""search_result_dom"",""product_detail_jsonld"",""product_detail_dom""]","{""title"":""observed"",""brand"":""observed"",""seller_name"":""unavailable"",""seller_score"":""unavailable"",""price"":""observed"",""original_price"":""unavailable"",""campaigns"":""observed"",""stock_status"":""observed"",""stock_signal"":""unavailable"",""rating"":""observed"",""rating_count"":""observed"",""review_count"":""observed"",""question_count"":""unavailable"",""delivery_summary"":""observed"",""shipping_cost"":""observed"",""properties"":""observed""}",true,
2026-08-19,2026-08-19T09:00:50+03:00,çocuk,BEST_SELLER,cocuk-oyuncak,çocuk oyuncak,95,5,119,119,,7,15.1,14.9,1146806329,668887,"dekan toys Şişme Gölgelikli Simit, Oturaklı Gölgelikli Simit Deniz Simidi 0-3 yaş Oyuncaklı",dekan toys,Deniz Malzemesi,https://www.trendyol.com/dekan-toys/sisme-golgelikli-simit-oturakli-golgelikli-simit-deniz-simidi-0-3-yas-oyuncakli-p-1146806329?boutiqueId=61&merchantId=668887,,,800,,,-3,TRY,"[""Kargo Bedava""]",InStock,,,,3.7,114,76,2,,,,,4999,TRY,0,1,1,4,Tahmini Teslim:,En Çok Favorilenen 2. Ürün,https://cdn.dsmcdn.com/ty1896/prod/QC_ENRICHMENT/20260707/12/38cc26d6-d780-3e68-9358-4e869d91787b/1_org_zoom.jpg,"{""Renk"":""Pembe"",""Yaş"":""1+ Yaş"",""Menşei"":""CN""}",20,5,refreshed,"[""daily_top""]",true,2026-08-19T09:00:50+03:00,0,"[""search_result_dom"",""product_detail_jsonld"",""product_detail_dom""]","{""title"":""observed"",""brand"":""observed"",""seller_name"":""unavailable"",""seller_score"":""unavailable"",""price"":""observed"",""original_price"":""unavailable"",""campaigns"":""observed"",""stock_status"":""observed"",""stock_signal"":""unavailable"",""rating"":""observed"",""rating_count"":""observed"",""review_count"":""observed"",""question_count"":""unavailable"",""delivery_summary"":""observed"",""shipping_cost"":""observed"",""properties"":""observed""}",true,
2026-08-19,2026-08-19T09:00:50+03:00,çocuk,BEST_SELLER,cocuk-oyuncak,çocuk oyuncak,96,5,120,120,,68,8,22,1164832514,1159908,PLASTMARKET Puzzle City 3D Şehir Kurma Blokları - Eğitici Ev Yapı Blokları Oyuncağı - 264 Parça,PLASTMARKET,Eğitici Oyuncak,https://www.trendyol.com/plastmarket/puzzle-city-3d-sehir-kurma-bloklari-egitici-ev-yapi-bloklari-oyuncagi-264-parca-p-1164832514?boutiqueId=61&merchantId=1159908,,,199,,,0,TRY,"[""Kargo Bedava""]",InStock,,,,3.5,15,9,2,,,,,4999,TRY,0,,1,4,Tahmini Teslim:,,https://cdn.dsmcdn.com/ty1937/prod/QC_ENRICHMENT/20260724/21/740317c2-4830-38d5-bff8-343ef97a8044/1_org_zoom.jpg,"{""Paket İçeriği"":""200+"",""Yaş"":""3+ Yaş"",""Piller Kutuya Dahil Mi?"":""Hayır"",""Dil"":""Türkçe"",""Pil ile mi çalışır?"":""Hayır"",""Menşei"":""TR""}",9,3,refreshed,"[""daily_top"",""hot_change""]",true,2026-08-19T09:00:50+03:00,0,"[""search_result_dom"",""product_detail_jsonld"",""product_detail_dom""]","{""title"":""observed"",""brand"":""observed"",""seller_name"":""unavailable"",""seller_score"":""unavailable"",""price"":""observed"",""original_price"":""unavailable"",""campaigns"":""observed"",""stock_status"":""observed"",""stock_signal"":""unavailable"",""rating"":""observed"",""rating_count"":""observed"",""review_count"":""observed"",""question_count"":""unavailable"",""delivery_summary"":""observed"",""shipping_cost"":""observed"",""properties"":""observed""}",true,
2026-08-19,2026-08-19T09:00:50+03:00,çocuk,BEST_SELLER,cocuk-oyuncak,çocuk oyuncak,97,5,121,121,,65,24.9,5.1,2018923,587552,LEGO ® Classic Orta Boy Yaratıcı Parçalar Yapım Kutusu 10696 - 4+ Yaratıcı Oyuncak Yapım Seti (484 Parça),LEGO,Diğer Oyun Takımları,https://www.trendyol.com/lego/classic-orta-boy-yaratici-parcalar-yapim-kutusu-10696-4-yaratici-oyuncak-yapim-seti-484-parca-p-2018923?boutiqueId=61&merchantId=587552,,,1335,,,0.8,TRY,"[""Kargo Bedava""]",InStock,,,,4.8,2941,1304,-9,,,,,4999,TRY,0,1,1,4,Tahmini Teslim:,,https://cdn.dsmcdn.com/ty1743/product/media/images/prod/PIM/20250923/12/d5d68ece-161f-4936-9605-18e1a3d802df/1_org_zoom.jpg,"{""Seri"":""Classic"",""Parça Sayısı"":""1 Parça"",""Yaş"":""Belirtilmemiş"",""Diğer Özellikler"":""-"",""Menşei"":""UM"",""Ürün Uyarıları (Oyuncak)"":""Küçük parçalar içerdiğinden 3 yaş altı çocuklar için uygun değildir; ürünün yetişkin gözetiminde, kullanım talimatına uygun şekilde kullanılması önerilir."",""Batarya Türü"":""Diğer"",""Özellik"":""Diğer"",""Renk"":""Beyaz""}",20,5,refreshed,"[""daily_top"",""hot_change""]",true,2026-08-19T09:00:50+03:00,0,"[""search_result_dom"",""product_detail_jsonld"",""product_detail_dom""]","{""title"":""observed"",""brand"":""observed"",""seller_name"":""unavailable"",""seller_score"":""unavailable"",""price"":""observed"",""original_price"":""unavailable"",""campaigns"":""observed"",""stock_status"":""observed"",""stock_signal"":""unavailable"",""rating"":""observed"",""rating_count"":""observed"",""review_count"":""observed"",""question_count"":""unavailable"",""delivery_summary"":""observed"",""shipping_cost"":""observed"",""properties"":""observed""}",true,
2026-08-19,2026-08-19T09:00:50+03:00,çocuk,BEST_SELLER,cocuk-oyuncak,çocuk oyuncak,98,5,122,122,,42,23,7,125374073,246399,Genel Markalar Nostaljik El Atarisi Tetris Atari,Genel Markalar,Eğitici Oyuncak,https://www.trendyol.com/genel-markalar/nostaljik-el-atarisi-tetris-atari-p-125374073?boutiqueId=61&merchantId=246399,,,90,,,0,TRY,"[""Kargo Bedava""]",InStock,,,,3.6,1261,744,0,,,,,4999,TRY,0,1,1,4,Tahmini Teslim:,,https://cdn.dsmcdn.com/ty1666/prod/QC/20250421/22/a89d7d84-c782-3cab-bbcf-c6c22a955e5a/1_org_zoom.jpg,"{""Paket İçeriği"":""1'li"",""Yaş"":""10+ Yaş"",""Piller Kutuya Dahil Mi?"":""Evet"",""Dil"":""İngilizce"",""Pil ile mi çalışır?"":""Evet"",""Menşei"":""TR"",""Özellik"":""Diğer"",""Renk"":""Siyah""}",20,5,refreshed,"[""daily_top""]",true,2026-08-19T09:00:50+03:00,0,"[""search_result_dom"",""product_detail_jsonld"",""product_detail_dom""]","{""title"":""observed"",""brand"":""observed"",""seller_name"":""unavailable"",""seller_score"":""unavailable"",""price"":""observed"",""original_price"":""unavailable"",""campaigns"":""observed"",""stock_status"":""observed"",""stock_signal"":""unavailable"",""rating"":""observed"",""rating_count"":""observed"",""review_count"":""observed"",""question_count"":""unavailable"",""delivery_summary"":""observed"",""shipping_cost"":""observed"",""properties"":""observed""}",true,
2026-08-19,2026-08-19T09:00:50+03:00,çocuk,BEST_SELLER,cocuk-oyuncak,çocuk oyuncak,99,5,123,123,8,71,13.8,16.2,1089461375,744768,Nandy Home Şakayık Çiçek Model Karakter Figürü 3D Yapı Oyuncakları,Nandy Home,Yapı Oyuncakları,https://www.trendyol.com/nandy-home/sakayik-cicek-model-karakter-figuru-3d-yapi-oyuncaklari-p-1089461375?boutiqueId=61&merchantId=744768,,,138.53,,,-0.4,TRY,"[""Kargo Bedava""]",InStock,,,,4.3,124,52,1,,,,,4999,TRY,0,,1,4,Tahmini Teslim:,En Çok Satan 8. Ürün,https://cdn.dsmcdn.com/ty1942/prod/QC_ENRICHMENT/20260522/10/59302400-aa49-35bf-a0af-98b588306f7e/1_org_zoom.jpg,"{""Parça Sayısı"":""108"",""Yaş"":""5+ Yaş"",""Diğer Özellikler"":""Küçük parçalar içermektedir."",""Menşei"":""CN"",""Ürün Uyarıları (Oyuncak)"":""Küçük parçalar içermektedir."",""Batarya Türü"":""Diğer"",""Özellik"":""Standart""}",20,5,refreshed,"[""daily_top"",""hot_change""]",true,2026-08-19T09:00:50+03:00,0,"[""search_result_dom"",""product_detail_jsonld"",""product_detail_dom""]","{""title"":""observed"",""brand"":""observed"",""seller_name"":""unavailable"",""seller_score"":""unavailable"",""price"":""observed"",""original_price"":""unavailable"",""campaigns"":""observed"",""stock_status"":""observed"",""stock_signal"":""unavailable"",""rating"":""observed"",""rating_count"":""observed"",""review_count"":""observed"",""question_count"":""unavailable"",""delivery_summary"":""observed"",""shipping_cost"":""observed"",""properties"":""observed""}",true,
2026-08-19,2026-08-19T09:00:50+03:00,çocuk,BEST_SELLER,cocuk-oyuncak,çocuk oyuncak,100,5,124,124,,47,10.7,19.3,1154928101,744768,Nandy Home Yıldız Çiçek Model Karakter Figürü 3D Yapı Oyuncakları - 144 Parça,Nandy Home,Yapı Oyuncakları,https://www.trendyol.com/nandy-home/yildiz-cicek-model-karakter-figuru-3d-yapi-oyuncaklari-144-parca-p-1154928101?boutiqueId=61&merchantId=744768,Nandy Kids,96,135.63,,,-3.8,TRY,"[""Kargo Bedava""]",InStock,100 adetten fazla stok sunulmuştur,,,4.6,36,21,0,3,683 kişinin sepetinde,"9,1B kişi favoriledi",Son 24 saatte 416 kişi görüntüledi,4999,TRY,0,,1,4,5 saat 53 dakika içinde sipariş verirsen en geç bugün kargoda!,,https://cdn.dsmcdn.com/ty1928/prod/QC_PREP/20260610/10/923b15a0-486f-3e0f-a656-ff757cb55bf5/1_org_zoom.jpg,"{""Parça Sayısı"":""144"",""Yaş"":""6+ Yaş"",""Diğer Özellikler"":""Küçük parçalar içermektedir."",""Menşei"":""CN"",""Ürün Uyarıları (Oyuncak)"":""Küçük parçalar içermektedir."",""Batarya Türü"":""Diğer"",""Özellik"":""Standart""}",20,4.55,refreshed,"[""daily_top""]",true,2026-08-19T09:00:50+03:00,0,"[""search_result_dom"",""product_detail_jsonld"",""product_detail_dom""]","{""title"":""observed"",""brand"":""observed"",""seller_name"":""observed"",""seller_score"":""observed"",""price"":""observed"",""original_price"":""unavailable"",""campaigns"":""observed"",""stock_status"":""observed"",""stock_signal"":""observed"",""rating"":""observed"",""rating_count"":""observed"",""review_count"":""observed"",""question_count"":""observed"",""delivery_summary"":""observed"",""shipping_cost"":""observed"",""properties"":""observed""}",true,
2026-08-19,2026-08-19T09:00:50+03:00,çocuk,BEST_SELLER,cocuk-oyuncak,çocuk oyuncak,101,5,125,125,6,43,11.6,18.4,1092341561,190370,Brother Toys Cars Şimşek Mcqueen 6'lı Sürtmeli Araba Seti Mater Sally İtfaiye Doc Hudson,Brother Toys,Diğer Oyuncaklar,https://www.trendyol.com/brother-toys/cars-simsek-mcqueen-6-li-surtmeli-araba-seti-mater-sally-itfaiye-doc-hudson-p-1092341561?boutiqueId=61&merchantId=190370,BROTHERTOYS,91,199.9,,,0,TRY,"[""Kargo Bedava""]",InStock,100 adetten fazla stok sunulmuştur,,,4.4,70,27,0,17,415 kişinin sepetinde,"5,7B kişi favoriledi",Son 24 saatte 537 kişi görüntüledi,4999,TRY,0,,1,4,4 saat 53 dakika içinde sipariş verirsen en geç bugün kargoda!,En Çok Satan 6. Ürün,https://cdn.dsmcdn.com/ty1816/prod/QC_PREP/20260126/17/e5660a51-dca8-3d01-8ece-2701259ec3c5/1_org_zoom.jpg,"{""Paket İçeriği"":""6'lı"",""Yaş"":""3+ Yaş"",""Piller Kutuya Dahil Mi?"":""Hayır"",""Pil ile mi çalışır?"":""Hayır"",""Diğer Özellikler"":""Kaliteli Malzeme"",""Menşei"":""TR"",""Batarya Türü"":""Diğer"",""Batarya Boyutu"":""Uygulanabilir Değil"",""Özellik"":""Manuel""}",20,5,refreshed,"[""daily_top""]",true,2026-08-19T09:00:50+03:00,0,"[""search_result_dom"",""product_detail_jsonld"",""product_detail_dom""]","{""title"":""observed"",""brand"":""observed"",""seller_name"":""observed"",""seller_score"":""observed"",""price"":""observed"",""original_price"":""unavailable"",""campaigns"":""observed"",""stock_status"":""observed"",""stock_signal"":""observed"",""rating"":""observed"",""rating_count"":""observed"",""review_count"":""observed"",""question_count"":""observed"",""delivery_summary"":""observed"",""shipping_cost"":""observed"",""properties"":""observed""}",true,
2026-08-19,2026-08-19T09:00:50+03:00,çocuk,BEST_SELLER,cocuk-oyuncak,çocuk oyuncak,102,6,126,126,4,,3.8,26.2,1168502068,858465,ARVALE 3 Adet Suda Yüzen Ses Çıkaran Renkli Minik Japon Balığı Banyo Oyuncağı Bebek Çocuk Banyo Ve Havuz Oy,ARVALE,Banyo Oyuncakları,https://www.trendyol.com/arvale/3-adet-suda-yuzen-ses-cikaran-renkli-minik-japon-baligi-banyo-oyuncagi-bebek-cocuk-banyo-ve-havuz-oy-p-1168502068?boutiqueId=61&merchantId=858465,ARVALE,3,72.67,,,,TRY,"[""Kargo Bedava"",""Trendyol Plus'a Özel""]",InStock,10 adetten fazla stok sunulmuştur,,,4.6,5,2,,2,,593 kişi favoriledi,,4999,TRY,0,1,1,4,14 saat 53 dakika içinde sipariş verirsen en geç yarın kargoda!,En Çok Satan 4. Ürün,https://cdn.dsmcdn.com/ty1907/prod/QC_PREP/20260710/13/c33f3ab7-da8a-3957-990f-71ed972c2b07/1_org_zoom.jpg,"{""Renk"":""Çok Renkli"",""Yaş"":""Belirtilmemiş"",""Piller Kutuya Dahil Mi?"":""Hayır"",""Pil ile mi çalışır?"":""Hayır"",""Menşei"":""CN""}",2,4.5,refreshed,"[""daily_top""]",true,2026-08-19T09:00:50+03:00,0,"[""search_result_dom"",""product_detail_jsonld"",""product_detail_dom""]","{""title"":""observed"",""brand"":""observed"",""seller_name"":""observed"",""seller_score"":""observed"",""price"":""observed"",""original_price"":""unavailable"",""campaigns"":""observed"",""stock_status"":""observed"",""stock_signal"":""observed"",""rating"":""observed"",""rating_count"":""observed"",""review_count"":""observed"",""question_count"":""observed"",""delivery_summary"":""observed"",""shipping_cost"":""observed"",""properties"":""observed""}",true,
2026-08-19,2026-08-19T09:00:50+03:00,çocuk,BEST_SELLER,cocuk-oyuncak,çocuk oyuncak,103,6,127,127,,54,17,13,973601256,744768,Nandy Home Kulaklıklı Penguen Model Karakter Figürü 3D Yapı Oyuncakları,Nandy Home,Yapı Oyuncakları,https://www.trendyol.com/nandy-home/kulaklikli-penguen-model-karakter-figuru-3d-yapi-oyuncaklari-p-973601256?boutiqueId=61&merchantId=744768,Nandy Kids,96,143.87,,,0,TRY,"[""Kargo Bedava""]",InStock,100 adetten fazla stok sunulmuştur,,,4.7,315,132,0,14,699 kişinin sepetinde,"19,9B kişi favoriledi",,4999,TRY,0,,1,4,5 saat 53 dakika içinde sipariş verirsen en geç bugün kargoda!,,https://cdn.dsmcdn.com/ty1942/prod/QC_ENRICHMENT/20260522/11/f00f5091-16ab-3c1f-89ce-49621eafef86/1_org_zoom.jpg,"{""Seri"":""Mini Figürler"",""Parça Sayısı"":""51-100"",""Yaş"":""6+ Yaş"",""Diğer Özellikler"":""."",""Menşei"":""CN"",""Ürün Uyarıları (Oyuncak)"":""Küçük parçalar içerir. 3 yaş altı çocuklar için uygun değildir."",""Batarya Türü"":""Diğer"",""Özellik"":""Standart""}",20,5,refreshed,"[""daily_top""]",true,2026-08-19T09:00:50+03:00,0,"[""search_result_dom"",""product_detail_jsonld"",""product_detail_dom""]","{""title"":""observed"",""brand"":""observed"",""seller_name"":""observed"",""seller_score"":""observed"",""price"":""observed"",""original_price"":""unavailable"",""campaigns"":""observed"",""stock_status"":""observed"",""stock_signal"":""observed"",""rating"":""observed"",""rating_count"":""observed"",""review_count"":""observed"",""question_count"":""observed"",""delivery_summary"":""observed"",""shipping_cost"":""observed"",""properties"":""observed""}",true,
2026-08-19,2026-08-19T09:00:50+03:00,çocuk,BEST_SELLER,cocuk-oyuncak,çocuk oyuncak,104,6,128,128,3,-17,22.8,7.2,672028176,1163586,Scooter Magic Wheels Işıklı 3 Tekerlekli Twist Çocuk,Scooter,,https://www.trendyol.com/scooter/magic-wheels-isikli-3-tekerlekli-twist-cocuk-p-672028176?boutiqueId=61&merchantId=1163586,TOYZİTOYS OYUNCAK,86,889,,,0,TRY,"[""Kargo Bedava""]",InStock,100 adetten fazla stok sunulmuştur,,,3.9,712,,0,279,1B kişinin sepetinde,"18,2B kişi favoriledi",Son 24 saatte 792 kişi görüntüledi,,,0,,,,14 saat 53 dakika içinde sipariş verirsen en geç yarın kargoda!,En Çok Ziyaret Edilen 6. Ürün,,{},0,,refreshed,"[""daily_top""]",true,2026-08-19T09:00:50+03:00,0,"[""search_result_dom"",""product_detail_jsonld"",""product_detail_dom""]","{""title"":""observed"",""brand"":""observed"",""seller_name"":""observed"",""seller_score"":""observed"",""price"":""observed"",""original_price"":""unavailable"",""campaigns"":""observed"",""stock_status"":""observed"",""stock_signal"":""observed"",""rating"":""observed"",""rating_count"":""observed"",""review_count"":""unavailable"",""question_count"":""observed"",""delivery_summary"":""observed"",""shipping_cost"":""unavailable"",""properties"":""observed""}",true,
2026-08-19,2026-08-19T09:00:50+03:00,çocuk,BEST_SELLER,cocuk-oyuncak,çocuk oyuncak,105,6,129,129,,,17.7,12.3,1038076061,358282,BubbyPlay Çantalı Çiçek Bahçesi Oyuncak 52 Parça Yapım Seti Bul Tak Blok Eğitici Montessori Okul Öncesi 3 Yaş,BubbyPlay,Eğitici Oyuncak,https://www.trendyol.com/bubbyplay/cantali-cicek-bahcesi-oyuncak-52-parca-yapim-seti-bul-tak-blok-egitici-montessori-okul-oncesi-3-yas-p-1038076061?boutiqueId=61&merchantId=358282,kidva,93,129.9,,,,TRY,"[""Kargo Bedava""]",InStock,100 adetten fazla stok sunulmuştur,,,4.6,331,162,,35,321 kişinin sepetinde,"12,1B kişi favoriledi",,4999,TRY,0,1,1,4,14 saat 53 dakika içinde sipariş verirsen en geç yarın kargoda!,,https://cdn.dsmcdn.com/ty1827/prod/QC_ENRICHMENT/20260222/05/e32e7186-eb3a-3055-88a3-23c77e9e2145/1_org_zoom.jpg,"{""Paket İçeriği"":""50'li"",""Yaş"":""3+ Yaş"",""Piller Kutuya Dahil Mi?"":""Hayır"",""Dil"":""Türkçe"",""Pil ile mi çalışır?"":""Hayır"",""Diğer Özellikler"":""Bu çiçek bahçesi yapım seti 52 parçadan oluşan eğitici bir bul tak blok oyuncaktır. Yumuşak plastik malzemeden üretilen parçalar keskin kenar bulunmayan güvenli tasarıma sahiptir. Kolay takılıp çıkarılabilen parçalar sayesinde 3 yaş üzeri çocuklar zorlanmadan kendi çiçek bahçelerini oluşturabilir. Montessori eğitim yaklaşımına uygun olan set okul öncesi dönemde yaratıcılık ve motor beceri gelişimini destekler. Kreş ve anaokulu ortamlarında grup etkinliği olarak da kullanılabilecek bu eğitici oyuncak hem kız hem erkek çocuklar tarafından keyifle oynanmaktadır."",""Menşei"":""TR"",""Ürün Uyarıları (Oyuncak)"":""Bu oyuncak 3 yaş ve üzeri çocuklar için uygundur. Küçük parça içerdiğinden 3 yaş altı çocukların erişiminden uzak tutulmalıdır. Yetişkin gözetiminde kullanılması tavsiye edilir."",""Batarya Türü"":""Diğer"",""Batarya Boyutu"":""Uygulanabilir Değil"",""Özellik"":""BPA Free""}",20,5,refreshed,"[""daily_top""]",true,2026-08-19T09:00:50+03:00,0,"[""search_result_dom"",""product_detail_jsonld"",""product_detail_dom""]","{""title"":""observed"",""brand"":""observed"",""seller_name"":""observed"",""seller_score"":""observed"",""price"":""observed"",""original_price"":""unavailable"",""campaigns"":""observed"",""stock_status"":""observed"",""stock_signal"":""observed"",""rating"":""observed"",""rating_count"":""observed"",""review_count"":""observed"",""question_count"":""observed"",""delivery_summary"":""observed"",""shipping_cost"":""observed"",""properties"":""observed""}",true,
2026-08-19,2026-08-19T09:00:50+03:00,çocuk,BEST_SELLER,cocuk-oyuncak,çocuk oyuncak,106,6,130,130,3,2,24.5,8.5,4128440,107786,Intex 3 Boğumlu Sunset Bebek Havuz 86*25cm 58924,Intex,Şişme Çocuk Havuzu & Aksesuarı,https://www.trendyol.com/intex/3-bogumlu-sunset-bebek-havuz-86-25cm-58924-p-4128440?boutiqueId=61&merchantId=107786,Wise,89,319.13,329,3,-5.7,TRY,"[""Sepette %3 İndirim"",""Kargo Bedava""]",InStock,100 adetten fazla stok sunulmuştur,,,4.6,997,487,1,168,"1,3B kişinin sepetinde","30,1B kişi favoriledi",Son 24 saatte 649 kişi görüntüledi,4999,TRY,0,1,1,4,3 saat 53 dakika içinde sipariş verirsen en geç bugün kargoda!,En Çok Satan 3. Ürün,https://cdn.dsmcdn.com/ty1639/prod/QC/20250219/09/2bb19103-5a67-344c-96bb-75f59b2908bc/1_org_zoom.jpg,"{""Genişlik"":""86 cm"",""Derinlik"":""86 cm"",""Yükseklik"":""86 cm"",""Paket İçeriği"":""1'li"",""Pompa Durumu"":""Pompa dahil değildir"",""Yaş"":""1+ Yaş"",""Menşei"":""TR"",""Renk"":""Beyaz""}",20,5,refreshed,"[""daily_top""]",true,2026-08-19T09:00:50+03:00,0,"[""search_result_dom"",""product_detail_jsonld"",""product_detail_dom""]","{""title"":""observed"",""brand"":""observed"",""seller_name"":""observed"",""seller_score"":""observed"",""price"":""observed"",""original_price"":""observed"",""campaigns"":""observed"",""stock_status"":""observed"",""stock_signal"":""observed"",""rating"":""observed"",""rating_count"":""observed"",""review_count"":""observed"",""question_count"":""observed"",""delivery_summary"":""observed"",""shipping_cost"":""observed"",""properties"":""observed""}",true,
2026-08-19,2026-08-19T09:00:50+03:00,çocuk,BEST_SELLER,cocuk-oyuncak,çocuk oyuncak,107,6,131,131,,51,19.4,10.6,790612948,862859,HOLLYHOME 2'li Pop It Kare-sekizgen Duyusal Oyuncak Zihinsel Gelişim Stres Popit 2 Ad,HOLLYHOME,Eğitici Oyuncak,https://www.trendyol.com/hollyhome/2-li-pop-it-kare-sekizgen-duyusal-oyuncak-zihinsel-gelisim-stres-popit-2-ad-p-790612948?boutiqueId=61&merchantId=862859,Alltoys,93,141.9,,,-4.8,TRY,"[""Sepette %1 İndirim"",""Kargo Bedava"",""Son 10 Günün En Düşük Fiyatı""]",InStock,100 adetten fazla stok sunulmuştur,,,3.9,409,263,2,47,386 kişinin sepetinde,"2,5B kişi favoriledi",,4999,TRY,0,2,1,6,2 saat 53 dakika içinde sipariş verirsen en geç bugün kargoda!,,https://cdn.dsmcdn.com/ty1779/prod/QC_ENRICHMENT/20251025/04/7ad7c69d-ba45-3290-a70b-6610960559b6/1_org_zoom.jpg,"{""Paket İçeriği"":""2'li"",""Yaş"":""Belirtilmemiş"",""Piller Kutuya Dahil Mi?"":""Hayır"",""Dil"":""Evrensel Dil"",""Pil ile mi çalışır?"":""Hayır"",""Diğer Özellikler"":""Silikon Malzeme"",""Menşei"":""TR"",""Ürün Uyarıları (Oyuncak)"":""Çocuklar İçin uygundur"",""Özellik"":""Kare""}",20,5,refreshed,"[""daily_top""]",true,2026-08-19T09:00:50+03:00,0,"[""search_result_dom"",""product_detail_jsonld"",""product_detail_dom""]","{""title"":""observed"",""brand"":""observed"",""seller_name"":""observed"",""seller_score"":""observed"",""price"":""observed"",""original_price"":""unavailable"",""campaigns"":""observed"",""stock_status"":""observed"",""stock_signal"":""observed"",""rating"":""observed"",""rating_count"":""observed"",""review_count"":""observed"",""question_count"":""observed"",""delivery_summary"":""observed"",""shipping_cost"":""observed"",""properties"":""observed""}",true,
2026-08-19,2026-08-19T09:00:50+03:00,çocuk,BEST_SELLER,cocuk-oyuncak,çocuk oyuncak,108,6,132,132,,,48.7,3.2,977371,129701,Hasbro 4 Renk 448gr Oyun Hamuru - 1 Adet,Hasbro,,https://www.trendyol.com/hasbro/4-renk-448gr-oyun-hamuru-1-adet-p-977371?boutiqueId=61&merchantId=129701,Fatih Elektronik,89,116.3,149,21.9,,TRY,"[""Son 10 Günün En Düşük Fiyatı"",""Süper Fırsat Ürünü"",""Kargo Bedava"",""Son 10 günün en düşük fiyatı""]",InStock,50 adetten fazla stok sunulmuştur,,,4.7,2224,,,313,309 kişinin sepetinde,"15,9B kişi favoriledi",,,,0,,,,4 saat 53 dakika içinde sipariş verirsen en geç bugün kargoda!,,,{},0,,refreshed,"[""daily_top""]",true,2026-08-19T09:00:50+03:00,0,"[""search_result_dom"",""product_detail_jsonld"",""product_detail_dom""]","{""title"":""observed"",""brand"":""observed"",""seller_name"":""observed"",""seller_score"":""observed"",""price"":""observed"",""original_price"":""observed"",""campaigns"":""observed"",""stock_status"":""observed"",""stock_signal"":""observed"",""rating"":""observed"",""rating_count"":""observed"",""review_count"":""unavailable"",""question_count"":""observed"",""delivery_summary"":""observed"",""shipping_cost"":""unavailable"",""properties"":""observed""}",true,
2026-08-19,2026-08-19T09:00:50+03:00,çocuk,BEST_SELLER,cocuk-oyuncak,çocuk oyuncak,109,6,133,133,8,6,17.5,17.5,1150847146,590132,babysch Toys Neşeli Halkalar ve Yağmur Damlası - Çıngıraklı Top Oyunu ikili set Eğitici Oyuncak Seti,babysch,Bebek & Aktivite Oyuncakları,https://www.trendyol.com/babysch/toys-neseli-halkalar-ve-yagmur-damlasi-cingirakli-top-oyunu-ikili-set-egitici-oyuncak-seti-p-1150847146?boutiqueId=61&merchantId=590132,Babysch,9,408.02,429.5,5,-2.1,TRY,"[""Sepette %5 İndirim"",""Kargo Bedava""]",InStock,100 adetten fazla stok sunulmuştur,,,4.3,61,35,1,9,606 kişinin sepetinde,5B kişi favoriledi,Son 24 saatte 418 kişi görüntüledi,4999,TRY,0,,1,4,2 saat 53 dakika içinde sipariş verirsen en geç bugün kargoda!,En Çok Satan 8. Ürün,https://cdn.dsmcdn.com/ty1914/prod/QC_ENRICHMENT/20260728/01/ac03a611-bee2-3444-8211-74aaa52bc73c/1_org_zoom.jpg,"{""Paket İçeriği"":""2+"",""Yükseklik"":""11 cm"",""Genişlik"":""27 cm"",""Derinlik"":""11 cm"",""Yaş"":""0 - 1 Yaş"",""Dil"":""Türkçe"",""Pil ile mi çalışır?"":""Hayır"",""Piller Kutuya Dahil Mi?"":""Hayır"",""Menşei"":""TR"",""Batarya Türü"":""Diğer"",""Özellik"":""Enerji Tasarrufu""}",20,5,refreshed,"[""daily_top""]",true,2026-08-19T09:00:50+03:00,0,"[""search_result_dom"",""product_detail_jsonld"",""product_detail_dom""]","{""title"":""observed"",""brand"":""observed"",""seller_name"":""observed"",""seller_score"":""observed"",""price"":""observed"",""original_price"":""observed"",""campaigns"":""observed"",""stock_status"":""observed"",""stock_signal"":""observed"",""rating"":""observed"",""rating_count"":""observed"",""review_count"":""observed"",""question_count"":""observed"",""delivery_summary"":""observed"",""shipping_cost"":""observed"",""properties"":""observed""}",true,
2026-08-19,2026-08-19T09:00:50+03:00,çocuk,BEST_SELLER,cocuk-oyuncak,çocuk oyuncak,110,6,134,134,,,16.2,18.8,1124627290,590132,babysch Doğal Ahşap Geometrik Şekiller,babysch,Eğitici Oyuncak,https://www.trendyol.com/babysch/dogal-ahsap-geometrik-sekiller-p-1124627290?boutiqueId=61&merchantId=590132,Babysch,9,284.9,299.9,5,,TRY,"[""Sepette %5 İndirim"",""Kargo Bedava""]",InStock,100 adetten fazla stok sunulmuştur,,,4.3,45,24,,6,372 kişinin sepetinde,"5,8B kişi favoriledi",Son 24 saatte 418 kişi görüntüledi,4999,TRY,0,,1,4,2 saat 53 dakika içinde sipariş verirsen en geç bugün kargoda!,,https://cdn.dsmcdn.com/ty1847/prod/QC_PREP/20260327/18/5e08350f-02bd-33b9-b3ef-c8076c9dc425/1_org_zoom.jpg,"{""Paket İçeriği"":""4'lü"",""Yaş"":""1+ Yaş"",""Piller Kutuya Dahil Mi?"":""Hayır"",""Dil"":""Türkçe"",""Pil ile mi çalışır?"":""Hayır"",""Menşei"":""TR""}",20,4.6,refreshed,"[""daily_top""]",true,2026-08-19T09:00:50+03:00,0,"[""search_result_dom"",""product_detail_jsonld"",""product_detail_dom""]","{""title"":""observed"",""brand"":""observed"",""seller_name"":""observed"",""seller_score"":""observed"",""price"":""observed"",""original_price"":""observed"",""campaigns"":""observed"",""stock_status"":""observed"",""stock_signal"":""observed"",""rating"":""observed"",""rating_count"":""observed"",""review_count"":""observed"",""question_count"":""observed"",""delivery_summary"":""observed"",""shipping_cost"":""observed"",""properties"":""observed""}",true,
2026-08-19,2026-08-19T09:00:50+03:00,çocuk,BEST_SELLER,cocuk-oyuncak,çocuk oyuncak,111,6,135,135,,34,46.6,3.4,639245193,1127325,"Circle Toys Su Oyun Matı , Tummy Time (TEST RAPORLU)",Circle Toys,Bebek & Aktivite Oyuncakları,https://www.trendyol.com/circle-toys/su-oyun-mati-tummy-time-test-raporlu-p-639245193?boutiqueId=61&merchantId=1127325,Circle Toys,,499.9,624.88,20,0,TRY,"[""Sepette %20 İndirim"",""50 TL Kupon"",""Kargo Bedava"",""Süper Fırsat Ürünü"",""Trendyol Plus'a Özel""]",InStock,100 adetten fazla stok sunulmuştur,,,4.5,4031,2111,0,484,976 kişinin sepetinde,"98,8B kişi favoriledi",Son 24 saatte 531 kişi görüntüledi,4999,TRY,0,,1,4,1 saat 53 dakika içinde sipariş verirsen en geç bugün kargoda!,En Çok Favorilenen 2. Ürün,https://cdn.dsmcdn.com/ty1614/prod/QC/20241219/19/a1c5fed7-36c2-343a-b3c7-623eda2a6ddc/1_org_zoom.jpg,"{""Paket İçeriği"":""1'li"",""Yükseklik"":""51 cm"",""Genişlik"":""66 cm"",""Derinlik"":""10 cm"",""Yaş"":""1+ Yaş"",""Dil"":""Evrensel Dil"",""Pil ile mi çalışır?"":""Hayır"",""Piller Kutuya Dahil Mi?"":""Hayır"",""Diğer Özellikler"":""Su oyun matı"",""Menşei"":""TR"",""Ürün Uyarıları (Oyuncak)"":""Çevre Dostu Üretim: Sağlığa zararlı maddeler içermez, çocuklar için güvenlidir."",""Materyal Bileşeni"":""NaN% undefined"",""Özellik"":""Suya Dayanıklı""}",20,5,refreshed,"[""daily_top""]",true,2026-08-19T09:00:50+03:00,0,"[""search_result_dom"",""product_detail_jsonld"",""product_detail_dom""]","{""title"":""observed"",""brand"":""observed"",""seller_name"":""observed"",""seller_score"":""unavailable"",""price"":""observed"",""original_price"":""observed"",""campaigns"":""observed"",""stock_status"":""observed"",""stock_signal"":""observed"",""rating"":""observed"",""rating_count"":""observed"",""review_count"":""observed"",""question_count"":""observed"",""delivery_summary"":""observed"",""shipping_cost"":""observed"",""properties"":""observed""}",true,
2026-08-19,2026-08-19T09:00:50+03:00,çocuk,BEST_SELLER,cocuk-oyuncak,çocuk oyuncak,112,6,136,136,,63,27.8,4.7,46456965,685806,Genel Markalar Ahşap Ksilofon 8 Nota 8 Ton 25 Cm 8 Tuşlu Sesli Selefon Oyuncak,Genel Markalar,Eğitici Oyuncak,https://www.trendyol.com/genel-markalar/ahsap-ksilofon-8-nota-8-ton-25-cm-8-tuslu-sesli-selefon-oyuncak-p-46456965?boutiqueId=61&merchantId=685806,İndirimSevinci,89,194,199,2.5,0,TRY,"[""Son 10 Günün En Düşük Fiyatı"",""Kargo Bedava"",""Son 10 günün en düşük fiyatı""]",InStock,100 adetten fazla stok sunulmuştur,,,4.4,2516,1447,2,137,,50B kişi favoriledi,,4999,TRY,0,1,1,4,2 saat 53 dakika içinde sipariş verirsen en geç bugün kargoda!,,https://cdn.dsmcdn.com/ty1612/prod/QC/20241214/15/4cfebcff-f71c-3fef-8967-d37cbe05515f/1_org_zoom.jpg,"{""Paket İçeriği"":""8'li"",""Yaş"":""1 - 2 Yaş"",""Piller Kutuya Dahil Mi?"":""Hayır"",""Dil"":""Evrensel Dil"",""Pil ile mi çalışır?"":""Hayır"",""Menşei"":""TR"",""Ürün Uyarıları (Oyuncak)"":""3 yaş üzeri"",""Batarya Türü"":""Lityum-iyon"",""Özellik"":""Diğer""}",20,5,refreshed,"[""daily_top"",""hot_change""]",true,2026-08-19T09:00:50+03:00,0,"[""search_result_dom"",""product_detail_jsonld"",""product_detail_dom""]","{""title"":""observed"",""brand"":""observed"",""seller_name"":""observed"",""seller_score"":""observed"",""price"":""observed"",""original_price"":""observed"",""campaigns"":""observed"",""stock_status"":""observed"",""stock_signal"":""observed"",""rating"":""observed"",""rating_count"":""observed"",""review_count"":""observed"",""question_count"":""observed"",""delivery_summary"":""observed"",""shipping_cost"":""observed"",""properties"":""observed""}",true,
2026-08-19,2026-08-19T09:00:50+03:00,çocuk,BEST_SELLER,cocuk-oyuncak,çocuk oyuncak,113,6,137,137,,21,12.1,17.9,973525082,744768,Nandy Home Kuzu Model Karakter Figürü 3D Yapı Oyuncakları,Nandy Home,Yapı Oyuncakları,https://www.trendyol.com/nandy-home/kuzu-model-karakter-figuru-3d-yapi-oyuncaklari-p-973525082?boutiqueId=61&merchantId=744768,Nandy Kids,96,149.9,,,0,TRY,"[""Kargo Bedava"",""Trendyol Plus'a Özel""]",InStock,100 adetten fazla stok sunulmuştur,,,4.5,73,32,1,4,754 kişinin sepetinde,"6,2B kişi favoriledi",,4999,TRY,0,,1,4,5 saat 53 dakika içinde sipariş verirsen en geç bugün kargoda!,,https://cdn.dsmcdn.com/ty1943/prod/QC_ENRICHMENT/20260522/10/7dab74c5-0c82-3b55-930d-6a755e34ab5e/1_org_zoom.jpg,"{""Seri"":""Mini Figürler"",""Parça Sayısı"":""101-500"",""Yaş"":""6+ Yaş"",""Diğer Özellikler"":""."",""Menşei"":""CN"",""Ürün Uyarıları (Oyuncak)"":""Küçük parçalar içerir. 3 yaş altı çocuklar için uygun değildir."",""Batarya Türü"":""Diğer"",""Özellik"":""Standart""}",20,5,refreshed,"[""daily_top""]",true,2026-08-19T09:00:50+03:00,0,"[""search_result_dom"",""product_detail_jsonld"",""product_detail_dom""]","{""title"":""observed"",""brand"":""observed"",""seller_name"":""observed"",""seller_score"":""observed"",""price"":""observed"",""original_price"":""unavailable"",""campaigns"":""observed"",""stock_status"":""observed"",""stock_signal"":""observed"",""rating"":""observed"",""rating_count"":""observed"",""review_count"":""observed"",""question_count"":""observed"",""delivery_summary"":""observed"",""shipping_cost"":""observed"",""properties"":""observed""}",true,
2026-08-19,2026-08-19T09:00:50+03:00,çocuk,BEST_SELLER,cocuk-oyuncak,çocuk oyuncak,114,6,138,138,,-4,12,18,1165737012,586061,yücel bijuteri Gizemli Paket Renkli Mantı Squishy - Gizemli renk KARIŞIK,yücel bijuteri,Eğitici Oyuncak,https://www.trendyol.com/yucel-bijuteri/gizemli-paket-renkli-manti-squishy-gizemli-renk-karisik-p-1165737012?boutiqueId=61&merchantId=586061,,,300,,,-3.4,TRY,"[""30 TL Kupon"",""Kargo Bedava""]",InStock,,,,2.2,50,31,1,47,"2,4B kişinin sepetinde","4,5B kişi favoriledi","Son 24 saatte 1,7B kişi görüntüledi",4999,TRY,0,1,1,4,14 saat 53 dakika içinde sipariş verirsen en geç yarın kargoda!,,https://cdn.dsmcdn.com/ty1926/prod/QC_PREP/20260707/17/e3e9d247-c925-3008-b916-97e0072fd635/1_org_zoom.jpg,"{""Paket İçeriği"":""1'li"",""Yaş"":""3+ Yaş"",""Piller Kutuya Dahil Mi?"":""Hayır"",""Dil"":""Evrensel Dil"",""Pil ile mi çalışır?"":""Hayır"",""Menşei"":""CN""}",20,2.2,refreshed,"[""daily_top""]",true,2026-08-19T09:00:50+03:00,0,"[""search_result_dom"",""product_detail_jsonld"",""product_detail_dom""]","{""title"":""observed"",""brand"":""observed"",""seller_name"":""unavailable"",""seller_score"":""unavailable"",""price"":""observed"",""original_price"":""unavailable"",""campaigns"":""observed"",""stock_status"":""observed"",""stock_signal"":""unavailable"",""rating"":""observed"",""rating_count"":""observed"",""review_count"":""observed"",""question_count"":""observed"",""delivery_summary"":""observed"",""shipping_cost"":""observed"",""properties"":""observed""}",true,
2026-08-19,2026-08-19T09:00:50+03:00,çocuk,BEST_SELLER,cocuk-oyuncak,çocuk oyuncak,115,6,139,139,,,7.8,23.2,1123317212,769726,OYUNKAFASI 20 Adet Suda Büyüyen Dinazor Yumurtası – 3 cm Çatlayan Sürpriz Dinazor Yumurta Hediyelik Oyuncak,OYUNKAFASI,Kutu Oyunu,https://www.trendyol.com/oyunkafasi/20-adet-suda-buyuyen-dinazor-yumurtasi-3-cm-catlayan-surpriz-dinazor-yumurta-hediyelik-oyuncak-p-1123317212?boutiqueId=61&merchantId=769726,OYUNKAFASI,91,376.19,379.99,1,,TRY,"[""Sepette %1 İndirim"",""Kargo Bedava""]",InStock,100 adetten fazla stok sunulmuştur,,,4,9,6,,2,,"1,3B kişi favoriledi",Son 24 saatte 436 kişi görüntüledi,4999,TRY,0,,1,4,1 saat 53 dakika içinde sipariş verirsen en geç bugün kargoda!,,https://cdn.dsmcdn.com/ty1843/prod/QC_PREP/20260325/00/8ad88e66-05a4-3273-b9f7-e68edcc3cc66/1_org_zoom.jpg,"{""Yaş"":""3+ Yaş"",""Dil"":""Türkçe"",""Menşei"":""TR"",""Özellik"":""Katı""}",6,3.5,refreshed,"[""daily_top""]",true,2026-08-19T09:00:50+03:00,0,"[""search_result_dom"",""product_detail_jsonld"",""product_detail_dom""]","{""title"":""observed"",""brand"":""observed"",""seller_name"":""observed"",""seller_score"":""observed"",""price"":""observed"",""original_price"":""observed"",""campaigns"":""observed"",""stock_status"":""observed"",""stock_signal"":""observed"",""rating"":""observed"",""rating_count"":""observed"",""review_count"":""observed"",""question_count"":""observed"",""delivery_summary"":""observed"",""shipping_cost"":""observed"",""properties"":""observed""}",true,
2026-08-19,2026-08-19T09:00:50+03:00,çocuk,BEST_SELLER,cocuk-oyuncak,çocuk oyuncak,116,6,140,140,,,15,15,1073249098,133925,LEGO ® Speed Champions Ferrari SF90 XX Stradale Spor Araba 77254 - 9+ Oyuncak Yapım seti (339 Parça),LEGO,Yapı Oyuncakları,https://www.trendyol.com/lego/speed-champions-ferrari-sf90-xx-stradale-spor-araba-77254-9-oyuncak-yapim-seti-339-parca-p-1073249098?boutiqueId=61&merchantId=133925,EMC BİLİŞİM TEKN,92,1441.02,,,,TRY,"[""14 TL Kupon"",""Kargo Bedava"",""Peşin Fiyatına 3 Taksit""]",InStock,10 adetten fazla stok sunulmuştur,,,4.5,209,75,,21,875 kişinin sepetinde,"33,5B kişi favoriledi",Son 24 saatte 766 kişi görüntüledi,4999,TRY,0,2,1,6,14 saat 53 dakika içinde sipariş verirsen en geç yarın kargoda!,,https://cdn.dsmcdn.com/ty1808/prod/QC_PREP/20251231/01/8404930f-2db8-3de0-99c8-a635a767bcf0/1_org_zoom.jpg,"{""Seri"":""Speed Champions"",""Parça Sayısı"":""101-500"",""Yaş"":""9+ Yaş"",""Diğer Özellikler"":""-"",""Menşei"":""CH"",""Ürün Uyarıları (Oyuncak)"":""9+ yaş çocuklar için uygundur"",""Özellik"":""Diğer""}",20,5,refreshed,"[""daily_top""]",true,2026-08-19T09:00:50+03:00,0,"[""search_result_dom"",""product_detail_jsonld"",""product_detail_dom""]","{""title"":""observed"",""brand"":""observed"",""seller_name"":""observed"",""seller_score"":""observed"",""price"":""observed"",""original_price"":""unavailable"",""campaigns"":""observed"",""stock_status"":""observed"",""stock_signal"":""observed"",""rating"":""observed"",""rating_count"":""observed"",""review_count"":""observed"",""question_count"":""observed"",""delivery_summary"":""observed"",""shipping_cost"":""observed"",""properties"":""observed""}",true,
2026-08-19,2026-08-19T09:00:50+03:00,çocuk,BEST_SELLER,cocuk-oyuncak,çocuk oyuncak,117,6,141,141,,,54.4,5.6,660744067,357212,Go Toys Wall Game Duvar Denge Oyunu Egitici Kutu Oyunu,Go Toys,Kutu Oyunu,https://www.trendyol.com/go-toys/wall-game-duvar-denge-oyunu-egitici-kutu-oyunu-p-660744067?boutiqueId=61&merchantId=357212,Shopist,91,137.2,196,30,,TRY,"[""Sepette %30 İndirim"",""Süper Fırsat Ürünü"",""Kargo Bedava""]",InStock,100 adetten fazla stok sunulmuştur,,,4.3,2089,1117,,27,500 kişinin sepetinde,"59,1B kişi favoriledi",Son 24 saatte 317 kişi görüntüledi,4999,TRY,0,2,1,6,1 saat 53 dakika içinde sipariş verirsen en geç bugün kargoda!,,https://cdn.dsmcdn.com/ty1525/product/media/images/prod/QC/20240820/10/6cf12d90-483c-3213-b3a1-14873e54cca3/1_org_zoom.jpg,"{""Oyuncu Sayısı"":""2-4 Kişi"",""Yaş"":""3+ Yaş"",""Dil"":""Evrensel Dil"",""Diğer Özellikler"":""Eğitici"",""Menşei"":""TR"",""Ürün Uyarıları (Oyuncak)"":""Masa oyunu"",""Özellik"":""Kare""}",20,5,refreshed,"[""daily_top""]",true,2026-08-19T09:00:50+03:00,0,"[""search_result_dom"",""product_detail_jsonld"",""product_detail_dom""]","{""title"":""observed"",""brand"":""observed"",""seller_name"":""observed"",""seller_score"":""observed"",""price"":""observed"",""original_price"":""observed"",""campaigns"":""observed"",""stock_status"":""observed"",""stock_signal"":""observed"",""rating"":""observed"",""rating_count"":""observed"",""review_count"":""observed"",""question_count"":""observed"",""delivery_summary"":""observed"",""shipping_cost"":""observed"",""properties"":""observed""}",true,
2026-08-19,2026-08-19T09:00:50+03:00,çocuk,BEST_SELLER,cocuk-oyuncak,çocuk oyuncak,118,6,142,142,,,13.4,16.6,973555864,744768,Nandy Home Panda 2 Model Karakter Figürü 3D Yapı Oyuncakları,Nandy Home,Yapı Oyuncakları,https://www.trendyol.com/nandy-home/panda-2-model-karakter-figuru-3d-yapi-oyuncaklari-p-973555864?boutiqueId=61&merchantId=744768,Nandy Kids,96,140.06,,,,TRY,"[""Kargo Bedava""]",InStock,100 adetten fazla stok sunulmuştur,,,4.5,90,46,,10,577 kişinin sepetinde,"8,2B kişi favoriledi",,4999,TRY,0,,1,4,5 saat 53 dakika içinde sipariş verirsen en geç bugün kargoda!,,https://cdn.dsmcdn.com/ty1893/prod/QC_ENRICHMENT/20260522/10/81b2e7d2-0487-3d5d-a0dd-1945b5715a63/1_org_zoom.jpg,"{""Seri"":""Classic"",""Parça Sayısı"":""179"",""Yaş"":""6+ Yaş"",""Diğer Özellikler"":""."",""Menşei"":""CN"",""Ürün Uyarıları (Oyuncak)"":""Boğulma Tehlikesi Uyarısı: Bu oyuncak, küçük parçalar içerdiğinden 3 yaşından küçük çocuklar için uygun değildir. Yutulması durumunda boğulmaya neden olabilir. Lütfen yetişkin gözetiminde kullanın."",""Batarya Türü"":""Diğer"",""Özellik"":""Standart""}",20,5,refreshed,"[""daily_top""]",true,2026-08-19T09:00:50+03:00,0,"[""search_result_dom"",""product_detail_jsonld"",""product_detail_dom""]","{""title"":""observed"",""brand"":""observed"",""seller_name"":""observed"",""seller_score"":""observed"",""price"":""observed"",""original_price"":""unavailable"",""campaigns"":""observed"",""stock_status"":""observed"",""stock_signal"":""observed"",""rating"":""observed"",""rating_count"":""observed"",""review_count"":""observed"",""question_count"":""observed"",""delivery_summary"":""observed"",""shipping_cost"":""observed"",""properties"":""observed""}",true,
2026-08-19,2026-08-19T09:00:50+03:00,çocuk,BEST_SELLER,cocuk-oyuncak,çocuk oyuncak,119,6,143,143,,,7.2,22.8,1144879174,968,LEGO ® Botanicals Kozmos Çiçekleri 11514 - 9 Yaş Üzeri Çocuklar için Oyuncak Yapım Seti (171 Parça),LEGO,Diğer Oyun Takımları,https://www.trendyol.com/lego/botanicals-kozmos-cicekleri-11514-9-yas-uzeri-cocuklar-icin-oyuncak-yapim-seti-171-parca-p-1144879174?boutiqueId=690823&merchantId=968,Trendyol,,812.59,,,,TRY,"[""Kargo Bedava""]",InStock,100 adetten fazla stok sunulmuştur,,,4.8,26,7,,1,"1,2B kişinin sepetinde","17,4B kişi favoriledi","Son 24 saatte 1,2B kişi görüntüledi",4999,TRY,0,1,1,4,5 saat 53 dakika içinde sipariş verirsen en geç bugün kargoda!,En Çok Ziyaret Edilen 7. Ürün,https://cdn.dsmcdn.com/ty1000403/product/media/images/prod/PIM/20260604/14/bcfca675-5b90-4cb1-a92f-b2501f6eb570/1_org_zoom.jpg,"{""Parça Sayısı"":""171"",""Yaş"":""7+ Yaş"",""Diğer Özellikler"":""Standart"",""Menşei"":""CZ"",""Ürün Uyarıları (Oyuncak)"":""Standart"",""Batarya Türü"":""Diğer"",""Özellik"":""Gece Ekstra""}",7,5,refreshed,"[""daily_top""]",true,2026-08-19T09:00:50+03:00,0,"[""search_result_dom"",""product_detail_jsonld"",""product_detail_dom""]","{""title"":""observed"",""brand"":""observed"",""seller_name"":""observed"",""seller_score"":""unavailable"",""price"":""observed"",""original_price"":""unavailable"",""campaigns"":""observed"",""stock_status"":""observed"",""stock_signal"":""observed"",""rating"":""observed"",""rating_count"":""observed"",""review_count"":""observed"",""question_count"":""observed"",""delivery_summary"":""observed"",""shipping_cost"":""observed"",""properties"":""observed""}",true,
2026-08-19,2026-08-19T09:00:50+03:00,çocuk,BEST_SELLER,cocuk-oyuncak,çocuk oyuncak,120,6,144,144,,,40.1,9.9,34391466,1127325,Circle Toys Kayıp Çoraplar Eşleştirme Beceri Zeka Geliştirme Oyunu,Circle Toys,Eğitici Oyuncak,https://www.trendyol.com/circle-toys/kayip-coraplar-eslestirme-beceri-zeka-gelistirme-oyunu-p-34391466?boutiqueId=61&merchantId=1127325,Circle Toys,,326.3,407.88,20,,TRY,"[""Sepette %20 İndirim"",""Kargo Bedava"",""Trendyol Plus'a Özel""]",InStock,100 adetten fazla stok sunulmuştur,,,4.8,619,326,,18,742 kişinin sepetinde,"34,5B kişi favoriledi",Son 24 saatte 636 kişi görüntüledi,4999,TRY,0,,1,4,1 saat 53 dakika içinde sipariş verirsen en geç bugün kargoda!,,https://cdn.dsmcdn.com/ty1591/prod/QC/20241023/01/d76e46fc-9070-3a39-801a-0e778aa69d21/1_org_zoom.jpg,"{""Paket İçeriği"":""1+"",""Yaş"":""3+ Yaş"",""Piller Kutuya Dahil Mi?"":""Hayır"",""Dil"":""Türkçe"",""Pil ile mi çalışır?"":""Hayır"",""Menşei"":""TR"",""Özellik"":""Uzun""}",20,5,refreshed,"[""daily_top""]",true,2026-08-19T09:00:50+03:00,0,"[""search_result_dom"",""product_detail_jsonld"",""product_detail_dom""]","{""title"":""observed"",""brand"":""observed"",""seller_name"":""observed"",""seller_score"":""unavailable"",""price"":""observed"",""original_price"":""observed"",""campaigns"":""observed"",""stock_status"":""observed"",""stock_signal"":""observed"",""rating"":""observed"",""rating_count"":""observed"",""review_count"":""observed"",""question_count"":""observed"",""delivery_summary"":""observed"",""shipping_cost"":""observed"",""properties"":""observed""}",true,
2026-08-19,2026-08-19T09:00:50+03:00,çocuk,BEST_SELLER,cocuk-oyuncak,çocuk oyuncak,121,6,145,145,,,17.2,16.9,932800756,246399,"keyfisepet en keyifli sepet LCD Yazı ve Çizim Tableti 8,5 inç - Çocuklar İçin Silinebilir Elektronik Not Defteri + Kalem",keyfisepet en keyifli sepet,Eğitici Oyuncak,https://www.trendyol.com/keyfisepet-en-keyifli-sepet/lcd-yazi-ve-cizim-tableti-8-5-inc-cocuklar-icin-silinebilir-elektronik-not-defteri-kalem-p-932800756?boutiqueId=61&merchantId=246399,Koza Gift,88,70,73,4.1,,TRY,"[""Kargo Bedava""]",InStock,100 adetten fazla stok sunulmuştur,,,3.9,82,43,,28,,"1,5B kişi favoriledi",,4999,TRY,0,,1,4,2 saat 53 dakika içinde sipariş verirsen en geç bugün kargoda!,,https://cdn.dsmcdn.com/ty1671/prod/QC/20250505/22/33757868-cee7-3d91-95b7-56b098968e7c/1_org_zoom.jpg,"{""Paket İçeriği"":""1'li"",""Yaş"":""2+ Yaş"",""Piller Kutuya Dahil Mi?"":""Evet"",""Dil"":""Türkçe"",""Pil ile mi çalışır?"":""Evet"",""Menşei"":""CN""}",20,5,refreshed,"[""daily_top""]",true,2026-08-19T09:00:50+03:00,0,"[""search_result_dom"",""product_detail_jsonld"",""product_detail_dom""]","{""title"":""observed"",""brand"":""observed"",""seller_name"":""observed"",""seller_score"":""observed"",""price"":""observed"",""original_price"":""observed"",""campaigns"":""observed"",""stock_status"":""observed"",""stock_signal"":""observed"",""rating"":""observed"",""rating_count"":""observed"",""review_count"":""observed"",""question_count"":""observed"",""delivery_summary"":""observed"",""shipping_cost"":""observed"",""properties"":""observed""}",true,
2026-08-19,2026-08-19T09:00:50+03:00,çocuk,BEST_SELLER,cocuk-oyuncak,çocuk oyuncak,122,6,146,146,,,9.6,20.4,1160950139,1257762,bmd Sek Sek Halka Oyunu | 10 Renkli Halka Birleştirmeli Parkur Oyuncağı | Denge ve Koordinasyon Eğitici Oyuncak,bmd,Eğitici Oyuncak,https://www.trendyol.com/bmd/sek-sek-halka-oyunu-10-renkli-halka-birlestirmeli-parkur-oyuncagi-denge-ve-koordinasyon-egitici-oyuncak-p-1160950139?boutiqueId=61&merchantId=1257762,Joo Toys,94,199.99,,,,TRY,"[""Kargo Bedava""]",InStock,100 adetten fazla stok sunulmuştur,,,4.6,25,15,,6,878 kişinin sepetinde,"4,7B kişi favoriledi",Son 24 saatte 461 kişi görüntüledi,4999,TRY,0,1,1,4,14 saat 53 dakika içinde sipariş verirsen en geç yarın kargoda!,,https://cdn.dsmcdn.com/ty1891/prod/QC_PREP/20260625/22/1bb17574-a559-3f0e-90e6-9455ec0b66f0/1_org_zoom.jpg,"{""Paket İçeriği"":""20'li"",""Yaş"":""3+ Yaş"",""Piller Kutuya Dahil Mi?"":""Belirtilmemiş"",""Dil"":""Evrensel Dil"",""Pil ile mi çalışır?"":""Hayır"",""Menşei"":""TR"",""Özellik"":""Uzun""}",15,4.53,refreshed,"[""daily_top""]",true,2026-08-19T09:00:50+03:00,0,"[""search_result_dom"",""product_detail_jsonld"",""product_detail_dom""]","{""title"":""observed"",""brand"":""observed"",""seller_name"":""observed"",""seller_score"":""observed"",""price"":""observed"",""original_price"":""unavailable"",""campaigns"":""observed"",""stock_status"":""observed"",""stock_signal"":""observed"",""rating"":""observed"",""rating_count"":""observed"",""review_count"":""observed"",""question_count"":""observed"",""delivery_summary"":""observed"",""shipping_cost"":""observed"",""properties"":""observed""}",true,
2026-08-19,2026-08-19T09:00:50+03:00,çocuk,BEST_SELLER,cocuk-oyuncak,çocuk oyuncak,123,6,147,147,,-11,10.4,19.6,1134495813,1219946,ORVİCA Çocuklar Için Atlama Zıplama Oyuncağı Boy Uzatıcı Eğitici Fiziksel Ve Zihinsel Geliştirici Spor Oyun,ORVİCA,Eğitici Oyuncak,https://www.trendyol.com/orvica/cocuklar-icin-atlama-ziplama-oyuncagi-boy-uzatici-egitici-fiziksel-ve-zihinsel-gelistirici-spor-oyun-p-1134495813?boutiqueId=61&merchantId=1219946,ORVİCA TR,86,189,,,0,TRY,"[""Kargo Bedava""]",InStock,100 adetten fazla stok sunulmuştur,,,4.2,32,19,2,18,489 kişinin sepetinde,"2,1B kişi favoriledi",,4999,TRY,0,,1,4,3 saat 53 dakika içinde sipariş verirsen en geç bugün kargoda!,,https://cdn.dsmcdn.com/ty1854/prod/QC_PREP/20260417/17/9ae035bc-9809-3a36-87d7-e159013142e0/1_org_zoom.jpg,"{""Paket İçeriği"":""1+"",""Yaş"":""5+ Yaş"",""Piller Kutuya Dahil Mi?"":""Hayır"",""Dil"":""Türkçe"",""Pil ile mi çalışır?"":""Hayır"",""Menşei"":""CN"",""Özellik"":""Ayarlanabilir""}",19,4.37,refreshed,"[""daily_top""]",true,2026-08-19T09:00:50+03:00,0,"[""search_result_dom"",""product_detail_jsonld"",""product_detail_dom""]","{""title"":""observed"",""brand"":""observed"",""seller_name"":""observed"",""seller_score"":""observed"",""price"":""observed"",""original_price"":""unavailable"",""campaigns"":""observed"",""stock_status"":""observed"",""stock_signal"":""observed"",""rating"":""observed"",""rating_count"":""observed"",""review_count"":""observed"",""question_count"":""observed"",""delivery_summary"":""observed"",""shipping_cost"":""observed"",""properties"":""observed""}",true,
2026-08-19,2026-08-19T09:00:50+03:00,çocuk,BEST_SELLER,cocuk-oyuncak,çocuk oyuncak,124,6,148,148,4,22,27.7,2.3,129482966,109486,Furkan Toys Cool Wheels Twist Led Işıklı 3 Tekerlekli Yükseklik Ayarlı SARI Scooter,Furkan Toys,,https://www.trendyol.com/furkan-toys/cool-wheels-twist-led-isikli-3-tekerlekli-yukseklik-ayarli-sari-scooter-p-129482966?boutiqueId=61&merchantId=109486,Oyuncak Paketim,92,944.99,,,2,TRY,"[""Kargo Bedava""]",InStock,50 adetten fazla stok sunulmuştur,,,4.6,2890,,0,672,408 kişinin sepetinde,"27,4B kişi favoriledi",Son 24 saatte 446 kişi görüntüledi,,,0,,,,1 saat 53 dakika içinde sipariş verirsen en geç bugün kargoda!,,,{},0,,refreshed,"[""daily_top""]",true,2026-08-19T09:00:50+03:00,0,"[""search_result_dom"",""product_detail_jsonld"",""product_detail_dom""]","{""title"":""observed"",""brand"":""observed"",""seller_name"":""observed"",""seller_score"":""observed"",""price"":""observed"",""original_price"":""unavailable"",""campaigns"":""observed"",""stock_status"":""observed"",""stock_signal"":""observed"",""rating"":""observed"",""rating_count"":""observed"",""review_count"":""unavailable"",""question_count"":""observed"",""delivery_summary"":""observed"",""shipping_cost"":""unavailable"",""properties"":""observed""}",true,
2026-08-19,2026-08-19T09:00:50+03:00,çocuk,BEST_SELLER,cocuk-oyuncak,çocuk oyuncak,125,6,149,149,,-20,10.4,19.6,1154779990,744768,Nandy Home Siyah Beyaz Kedi Model Karakter Figürü 3D Yapı Oyuncakları - 205 Parça,Nandy Home,Yapı Oyuncakları,https://www.trendyol.com/nandy-home/siyah-beyaz-kedi-model-karakter-figuru-3d-yapi-oyuncaklari-205-parca-p-1154779990?boutiqueId=61&merchantId=744768,Nandy Kids,96,135.63,,,-3.9,TRY,"[""Kargo Bedava""]",InStock,100 adetten fazla stok sunulmuştur,,,4.7,49,19,0,5,551 kişinin sepetinde,"5,9B kişi favoriledi",,4999,TRY,0,,1,4,5 saat 53 dakika içinde sipariş verirsen en geç bugün kargoda!,,https://cdn.dsmcdn.com/ty1897/prod/QC_PREP/20260609/17/b810ee0c-ca5b-3a09-867c-a6efffb1b5a0/1_org_zoom.jpg,"{""Parça Sayısı"":""205"",""Yaş"":""6+ Yaş"",""Diğer Özellikler"":""Küçük parçalar içermektedir."",""Menşei"":""CN"",""Ürün Uyarıları (Oyuncak)"":""Küçük parçalar içermektedir."",""Batarya Türü"":""Diğer"",""Özellik"":""Standart""}",19,4.42,refreshed,"[""daily_top""]",true,2026-08-19T09:00:50+03:00,0,"[""search_result_dom"",""product_detail_jsonld"",""product_detail_dom""]","{""title"":""observed"",""brand"":""observed"",""seller_name"":""observed"",""seller_score"":""observed"",""price"":""observed"",""original_price"":""unavailable"",""campaigns"":""observed"",""stock_status"":""observed"",""stock_signal"":""observed"",""rating"":""observed"",""rating_count"":""observed"",""review_count"":""observed"",""question_count"":""observed"",""delivery_summary"":""observed"",""shipping_cost"":""observed"",""properties"":""observed""}",true,
2026-08-19,2026-08-19T09:00:50+03:00,çocuk,BEST_SELLER,cocuk-oyuncak,çocuk oyuncak,126,7,150,150,,-41,23.7,9.3,659040084,1272744,HOT WHEELS Sürpriz Arabalar 3 Adet Sürpriz Araba,HOT WHEELS,Diğer Oyuncaklar,https://www.trendyol.com/hot-wheels/surpriz-arabalar-3-adet-surpriz-araba-p-659040084?boutiqueId=61&merchantId=1272744,Batu Hobi,97,307.48,316.99,3,0.6,TRY,"[""Sepette %3 İndirim"",""Kargo Bedava""]",InStock,,,,4.5,684,385,2,575,556 kişinin sepetinde,33B kişi favoriledi,"Son 24 saatte 1,3B kişi görüntüledi",4999,TRY,0,,1,4,14 saat 53 dakika içinde sipariş verirsen en geç yarın kargoda!,En Çok Ziyaret Edilen 2. Ürün,https://cdn.dsmcdn.com/ty1858/prod/QC_ENRICHMENT/20260418/00/f31e6748-c15f-3082-88f2-13389fba04de/1_org_zoom.jpg,"{""Paket İçeriği"":""3'lü"",""Yaş"":""3+ Yaş"",""Piller Kutuya Dahil Mi?"":""Hayır"",""Pil ile mi çalışır?"":""Hayır"",""Menşei"":""MY"",""Ürün Uyarıları (Oyuncak)"":""Uyarı 36 Ayın altındaki çocuklar için uygun değildir""}",20,5,refreshed,"[""daily_top""]",true,2026-08-19T09:00:50+03:00,0,"[""search_result_dom"",""product_detail_jsonld"",""product_detail_dom""]","{""title"":""observed"",""brand"":""observed"",""seller_name"":""observed"",""seller_score"":""observed"",""price"":""observed"",""original_price"":""observed"",""campaigns"":""observed"",""stock_status"":""observed"",""stock_signal"":""unavailable"",""rating"":""observed"",""rating_count"":""observed"",""review_count"":""observed"",""question_count"":""observed"",""delivery_summary"":""observed"",""shipping_cost"":""observed"",""properties"":""observed""}",true,
2026-08-19,2026-08-19T09:00:50+03:00,çocuk,BEST_SELLER,cocuk-oyuncak,çocuk oyuncak,127,7,151,151,,44,22.5,7.5,2838118,104968,Dolu Nuve Eğitici Lazımlık 7051,Dolu,Eğitici Oyuncak,https://www.trendyol.com/dolu/nuve-egitici-lazimlik-7051-p-2838118?boutiqueId=61&merchantId=104968,Happy Center,93,709,,,-0.1,TRY,"[""28 TL Kupon"",""Kargo Bedava""]",InStock,100 adetten fazla stok sunulmuştur,,,4.7,1295,652,2,237,541 kişinin sepetinde,"26,4B kişi favoriledi",,4999,TRY,0,,1,4,5 saat 53 dakika içinde sipariş verirsen en geç bugün kargoda!,,https://cdn.dsmcdn.com/ty1000327/product/media/images/prod/PIM/20260216/06/9662db56-ccc4-4c34-809f-7fb1a740baf7/1_org_zoom.jpg,"{""Paket İçeriği"":""Belirtilmemiş"",""Yaş"":""7 - 8 Yaş"",""Piller Kutuya Dahil Mi?"":""Belirtilmemiş"",""Dil"":""Almanca"",""Pil ile mi çalışır?"":""Hayır"",""Menşei"":""KZ"",""Batarya Türü"":""Alkalin"",""Batarya Boyutu"":""Uygulanabilir Değil"",""Özellik"":""Yıkanabilir""}",20,5,refreshed,"[""daily_top""]",true,2026-08-19T09:00:50+03:00,0,"[""search_result_dom"",""product_detail_jsonld"",""product_detail_dom""]","{""title"":""observed"",""brand"":""observed"",""seller_name"":""observed"",""seller_score"":""observed"",""price"":""observed"",""original_price"":""unavailable"",""campaigns"":""observed"",""stock_status"":""observed"",""stock_signal"":""observed"",""rating"":""observed"",""rating_count"":""observed"",""review_count"":""observed"",""question_count"":""observed"",""delivery_summary"":""observed"",""shipping_cost"":""observed"",""properties"":""observed""}",true,
2026-08-19,2026-08-19T09:00:50+03:00,çocuk,BEST_SELLER,cocuk-oyuncak,çocuk oyuncak,128,7,152,152,,,13.2,16.8,1071656941,1179378,LEGO ® Speed Champions | Şimşek McQueen 77255 – 9+ Yaratıcı Oyuncak Yapım Seti (270 Parça),LEGO,Yapı Oyuncakları,https://www.trendyol.com/lego/speed-champions-simsek-mcqueen-77255-9-yaratici-oyuncak-yapim-seti-270-parca-p-1071656941?boutiqueId=61&merchantId=1179378,Koleksiyon Fırsatı,94,1408,,,,TRY,"[""Kargo Bedava"",""Peşin Fiyatına 3 Taksit""]",InStock,Son 1 Ürün,,,4.7,145,44,,17,"1,5B kişinin sepetinde","35,1B kişi favoriledi",Son 24 saatte 976 kişi görüntüledi,4999,TRY,0,1,1,4,14 saat 53 dakika içinde sipariş verirsen en geç yarın kargoda!,,https://cdn.dsmcdn.com/ty1806/prod/QC_PREP/20260103/23/65f4afec-8887-396f-8d97-f9759eabbcb1/1_org_zoom.jpg,"{""Seri"":""Speed Champions"",""Parça Sayısı"":""270"",""Yaş"":""9+ Yaş"",""Menşei"":""CH"",""Ürün Uyarıları (Oyuncak)"":""Küçük parçalar içerdiğinden 3 yaş altı çocuklar için uygun değildir; ürünün yetişkin gözetiminde, kullanım talimatına uygun şekilde kullanılması önerilir."",""Özellik"":""Diğer""}",20,5,refreshed,"[""daily_top""]",true,2026-08-19T09:00:50+03:00,0,"[""search_result_dom"",""product_detail_jsonld"",""product_detail_dom""]","{""title"":""observed"",""brand"":""observed"",""seller_name"":""observed"",""seller_score"":""observed"",""price"":""observed"",""original_price"":""unavailable"",""campaigns"":""observed"",""stock_status"":""observed"",""stock_signal"":""observed"",""rating"":""observed"",""rating_count"":""observed"",""review_count"":""observed"",""question_count"":""observed"",""delivery_summary"":""observed"",""shipping_cost"":""observed"",""properties"":""observed""}",true,
2026-08-19,2026-08-19T09:00:50+03:00,çocuk,BEST_SELLER,cocuk-oyuncak,çocuk oyuncak,129,7,153,153,,-16,23.9,6.1,873653473,1258151,M&H Heroes Buz Kırma Oyunu Buz Küpü Poşetli %100 Orijinal - Eğitici Öğretici Eğlenceli Çocuk Oyuncak,M&H,Kutu Oyunu,https://www.trendyol.com/m-h/heroes-buz-kirma-oyunu-buz-kupu-posetli-100-orijinal-egitici-ogretici-eglenceli-cocuk-oyuncak-p-873653473?boutiqueId=61&merchantId=1258151,Mind Toys,95,129,,,0,TRY,"[""Kargo Bedava""]",InStock,100 adetten fazla stok sunulmuştur,,,4.3,2066,981,1,119,824 kişinin sepetinde,"45,4B kişi favoriledi",Son 24 saatte 370 kişi görüntüledi,4999,TRY,0,,1,4,5 saat 53 dakika içinde sipariş verirsen en geç bugün kargoda!,,https://cdn.dsmcdn.com/ty1937/prod/QC_ENRICHMENT/20260622/10/9f8f0d71-07d6-324d-89f1-5c4e3a5a9813/1_org_zoom.jpg,"{""Oyuncu Sayısı"":""2 Kişi"",""Yaş"":""3+ Yaş"",""Dil"":""Evrensel Dil"",""Menşei"":""TR""}",20,5,refreshed,"[""daily_top""]",true,2026-08-19T09:00:50+03:00,0,"[""search_result_dom"",""product_detail_jsonld"",""product_detail_dom""]","{""title"":""observed"",""brand"":""observed"",""seller_name"":""observed"",""seller_score"":""observed"",""price"":""observed"",""original_price"":""unavailable"",""campaigns"":""observed"",""stock_status"":""observed"",""stock_signal"":""observed"",""rating"":""observed"",""rating_count"":""observed"",""review_count"":""observed"",""question_count"":""observed"",""delivery_summary"":""observed"",""shipping_cost"":""observed"",""properties"":""observed""}",true,
2026-08-19,2026-08-19T09:00:50+03:00,çocuk,BEST_SELLER,cocuk-oyuncak,çocuk oyuncak,130,7,154,154,4,7,14,16,1156645756,1138729,aydogdushopping Nefes alan stitch uyku arkadaşı stitch peluş sevimli stitch (Pilli Gönderilmektedir),aydogdushopping,,https://www.trendyol.com/aydogdushopping/nefes-alan-stitch-uyku-arkadasi-stitch-pelus-sevimli-stitch-pilli-gonderilmektedir-p-1156645756?boutiqueId=61&merchantId=1138729,Aydoğdu shopping,87,699,,,0,TRY,"[""Kargo Bedava""]",InStock,100 adetten fazla stok sunulmuştur,,,3.4,55,,0,51,"2,1B kişinin sepetinde","17,7B kişi favoriledi",Son 24 saatte 786 kişi görüntüledi,,,0,,,,14 saat 53 dakika içinde sipariş verirsen en geç yarın kargoda!,En Çok Satan 4. Ürün,,{},0,,refreshed,"[""daily_top""]",true,2026-08-19T09:00:50+03:00,0,"[""search_result_dom"",""product_detail_jsonld"",""product_detail_dom""]","{""title"":""observed"",""brand"":""observed"",""seller_name"":""observed"",""seller_score"":""observed"",""price"":""observed"",""original_price"":""unavailable"",""campaigns"":""observed"",""stock_status"":""observed"",""stock_signal"":""observed"",""rating"":""observed"",""rating_count"":""observed"",""review_count"":""unavailable"",""question_count"":""observed"",""delivery_summary"":""observed"",""shipping_cost"":""unavailable"",""properties"":""observed""}",true,
2026-08-19,2026-08-19T09:00:50+03:00,çocuk,BEST_SELLER,cocuk-oyuncak,çocuk oyuncak,131,7,155,155,7,-30,15,15,43304618,397045,Genel Markalar Havuz Ve Deniz Makarnası,Genel Markalar,Deniz Malzemesi,https://www.trendyol.com/genel-markalar/havuz-ve-deniz-makarnasi-p-43304618?boutiqueId=61&merchantId=397045,jetlegelsin,89,74.99,,,-36.3,TRY,"[""Sepette %1 İndirim"",""Kargo Bedava""]",InStock,100 adetten fazla stok sunulmuştur,,,4.3,147,75,0,65,644 kişinin sepetinde,"3,7B kişi favoriledi",,4999,TRY,0,1,1,4,5 saat 53 dakika içinde sipariş verirsen en geç bugün kargoda!,En Çok Satan 7. Ürün,https://cdn.dsmcdn.com/ty990/product/media/images/prod/SPM/PIM/20230826/00/90ed44d3-b738-3a88-9f6e-d0663be36792/1_org_zoom.jpg,"{""Renk"":""Turuncu"",""Yaş"":""4+ Yaş"",""Menşei"":""TR""}",20,5,refreshed,"[""daily_top""]",true,2026-08-19T09:00:50+03:00,0,"[""search_result_dom"",""product_detail_jsonld"",""product_detail_dom""]","{""title"":""observed"",""brand"":""observed"",""seller_name"":""observed"",""seller_score"":""observed"",""price"":""observed"",""original_price"":""unavailable"",""campaigns"":""observed"",""stock_status"":""observed"",""stock_signal"":""observed"",""rating"":""observed"",""rating_count"":""observed"",""review_count"":""observed"",""question_count"":""observed"",""delivery_summary"":""observed"",""shipping_cost"":""observed"",""properties"":""observed""}",true,
2026-08-19,2026-08-19T09:00:50+03:00,çocuk,BEST_SELLER,cocuk-oyuncak,çocuk oyuncak,132,7,156,156,3,42,25.1,4.9,192311818,752303,Spiderman Çocuk Spiderman Figürlü Projeksiyonlu Dijital Kol Saati,Spiderman,Diğer Figür Oyuncaklar,https://www.trendyol.com/spiderman/cocuk-spiderman-figurlu-projeksiyonlu-dijital-kol-saati-p-192311818?boutiqueId=61&merchantId=752303,KİNKU,94,199,,,0,TRY,"[""Kargo Bedava""]",InStock,100 adetten fazla stok sunulmuştur,,,4.4,2555,1363,1,231,445 kişinin sepetinde,"39,3B kişi favoriledi",Son 24 saatte 380 kişi görüntüledi,4999,TRY,0,,1,4,5 saat 53 dakika içinde sipariş verirsen en geç bugün kargoda!,En Çok Satan 3. Ürün,https://cdn.dsmcdn.com/ty246/product/media/images/20211116/22/181587539/316467982/1/1_org_zoom.jpg,"{""Paket İçeriği"":""1'li"",""Yaş"":""3+ Yaş"",""Menşei"":""CN""}",20,5,refreshed,"[""daily_top""]",true,2026-08-19T09:00:50+03:00,0,"[""search_result_dom"",""product_detail_jsonld"",""product_detail_dom""]","{""title"":""observed"",""brand"":""observed"",""seller_name"":""observed"",""seller_score"":""observed"",""price"":""observed"",""original_price"":""unavailable"",""campaigns"":""observed"",""stock_status"":""observed"",""stock_signal"":""observed"",""rating"":""observed"",""rating_count"":""observed"",""review_count"":""observed"",""question_count"":""observed"",""delivery_summary"":""observed"",""shipping_cost"":""observed"",""properties"":""observed""}",true,
2026-08-19,2026-08-19T09:00:50+03:00,çocuk,BEST_SELLER,cocuk-oyuncak,çocuk oyuncak,133,7,157,157,,,9.2,20.8,1157273060,1240595,SheMask Takma Tırnak Çocuk Kız Çocuk Oyuncak Kendinden Yapışkanlı Takma Tırnak Seti Çocuklar İçin Takma Tırnak Protez Tırnak Seti Tırnak Süsü Takma Tırnak Aksesuarı Renkli Tırnaklar Takma Tırnak Aksesuarı,SheMask,Diğer Figür Oyuncaklar,https://www.trendyol.com/shemask/takma-tirnak-cocuk-kiz-cocuk-oyuncak-kendinden-yapiskanli-takma-tirnak-seti-cocuklar-icin-takma-tirnak-protez-tirnak-seti-tirnak-susu-takma-tirnak-aksesuari-renkli-tirnaklar-takma-tirnak-aksesuari-p-1157273060?boutiqueId=61&merchantId=1240595,SHEMASKTR,9,44.99,,,,TRY,"[""Kargo Bedava""]",InStock,100 adetten fazla stok sunulmuştur,,,4.8,25,13,,12,,"1,6B kişi favoriledi",,4999,TRY,0,1,1,4,4 saat 53 dakika içinde sipariş verirsen en geç bugün kargoda!,,https://cdn.dsmcdn.com/ty1930/prod/QC_PREP/20260616/23/ca08b00b-e6de-317f-8c9d-0c543f422a86/1_org_zoom.jpg,"{""Paket İçeriği"":""12'li"",""Yaş"":""3+ Yaş"",""Menşei"":""CN"",""Özellik"":""Diğer""}",13,4.62,refreshed,"[""daily_top""]",true,2026-08-19T09:00:50+03:00,0,"[""search_result_dom"",""product_detail_jsonld"",""product_detail_dom""]","{""title"":""observed"",""brand"":""observed"",""seller_name"":""observed"",""seller_score"":""observed"",""price"":""observed"",""original_price"":""unavailable"",""campaigns"":""observed"",""stock_status"":""observed"",""stock_signal"":""observed"",""rating"":""observed"",""rating_count"":""observed"",""review_count"":""observed"",""question_count"":""observed"",""delivery_summary"":""observed"",""shipping_cost"":""observed"",""properties"":""observed""}",true,
2026-08-19,2026-08-19T09:00:50+03:00,çocuk,BEST_SELLER,cocuk-oyuncak,çocuk oyuncak,134,7,158,158,5,,12.4,27.6,1172528608,109643,HOBİ Moj moj Mini Sukuşi New Trend Squishy Dumpling Sürpriz Renklerde Rainbow Mystery Squishy Bun,HOBİ,Diğer Figür Oyuncaklar,https://www.trendyol.com/hobi/moj-moj-mini-sukusi-new-trend-squishy-dumpling-surpriz-renklerde-rainbow-mystery-squishy-bun-p-1172528608?boutiqueId=61&merchantId=109643,Rüya Gezegeni,89,174.6,194,10,,TRY,"[""Sepette %10 İndirim"",""Kargo Bedava"",""Trendyol Plus'a Özel""]",InStock,50 adetten fazla stok sunulmuştur,,,3,2,1,,10,575 kişinin sepetinde,1B kişi favoriledi,Son 24 saatte 1B kişi görüntüledi,4999,TRY,0,1,1,4,14 saat 52 dakika içinde sipariş verirsen en geç yarın kargoda!,En Çok Satan 5. Ürün,https://cdn.dsmcdn.com/ty1900/prod/QC_PREP/20260717/13/9b59649c-3478-3216-b5ee-7d31801dbc0e/1_org_zoom.jpg,"{""Paket İçeriği"":""1'li"",""Yaş"":""3+ Yaş"",""Menşei"":""TR""}",1,1,refreshed,"[""daily_top""]",true,2026-08-19T09:00:50+03:00,0,"[""search_result_dom"",""product_detail_jsonld"",""product_detail_dom""]","{""title"":""observed"",""brand"":""observed"",""seller_name"":""observed"",""seller_score"":""observed"",""price"":""observed"",""original_price"":""observed"",""campaigns"":""observed"",""stock_status"":""observed"",""stock_signal"":""observed"",""rating"":""observed"",""rating_count"":""observed"",""review_count"":""observed"",""question_count"":""observed"",""delivery_summary"":""observed"",""shipping_cost"":""observed"",""properties"":""observed""}",true,
2026-08-19,2026-08-19T09:00:50+03:00,çocuk,BEST_SELLER,cocuk-oyuncak,çocuk oyuncak,135,7,159,159,,-29,19,11,1088623810,756582,"Erbek Puzzle City 3D Yapı Ve Tasarım Blokları 132 Parça Eğitici, Zeka Geliştirici Oyuncak Lego",Erbek,Eğitici Oyuncak,https://www.trendyol.com/erbek/puzzle-city-3d-yapi-ve-tasarim-bloklari-132-parca-egitici-zeka-gelistirici-oyuncak-lego-p-1088623810?boutiqueId=61&merchantId=756582,DELVOS,9,199.9,,,0,TRY,"[""Kargo Bedava""]",InStock,100 adetten fazla stok sunulmuştur,,,4.2,438,238,3,37,1B kişinin sepetinde,20B kişi favoriledi,Son 24 saatte 635 kişi görüntüledi,4999,TRY,0,,1,4,4 saat 52 dakika içinde sipariş verirsen en geç bugün kargoda!,,https://cdn.dsmcdn.com/ty1927/prod/QC_ENRICHMENT/20260629/15/4f2cd619-6b52-3601-930a-73299b0947f9/1_org_zoom.jpg,"{""Paket İçeriği"":""Belirtilmemiş"",""Yaş"":""3+ Yaş"",""Piller Kutuya Dahil Mi?"":""Hayır"",""Dil"":""Evrensel Dil"",""Pil ile mi çalışır?"":""Hayır"",""Menşei"":""TR""}",20,5,refreshed,"[""daily_top""]",true,2026-08-19T09:00:50+03:00,0,"[""search_result_dom"",""product_detail_jsonld"",""product_detail_dom""]","{""title"":""observed"",""brand"":""observed"",""seller_name"":""observed"",""seller_score"":""observed"",""price"":""observed"",""original_price"":""unavailable"",""campaigns"":""observed"",""stock_status"":""observed"",""stock_signal"":""observed"",""rating"":""observed"",""rating_count"":""observed"",""review_count"":""observed"",""question_count"":""observed"",""delivery_summary"":""observed"",""shipping_cost"":""observed"",""properties"":""observed""}",true,
2026-08-19,2026-08-19T09:00:50+03:00,çocuk,BEST_SELLER,cocuk-oyuncak,çocuk oyuncak,136,7,160,160,9,15,21,9,290283627,190370,Brother Toys 8 Adet Mini Metal Yarış Arabaları Oyuncak Araba Set,Brother Toys,Diğer Oyuncaklar,https://www.trendyol.com/brother-toys/8-adet-mini-metal-yaris-arabalari-oyuncak-araba-set-p-290283627?boutiqueId=61&merchantId=190370,BROTHERTOYS,91,269.9,,,0,TRY,"[""Kargo Bedava""]",InStock,100 adetten fazla stok sunulmuştur,,,3.5,775,424,0,62,776 kişinin sepetinde,"22,6B kişi favoriledi",Son 24 saatte 510 kişi görüntüledi,4999,TRY,0,,1,4,4 saat 52 dakika içinde sipariş verirsen en geç bugün kargoda!,En Çok Satan 9. Ürün,https://cdn.dsmcdn.com/ty1802/prod/QC_ENRICHMENT/20251220/10/655ce10e-5df9-35fe-8094-bc0530d8ceae/1_org_zoom.jpg,"{""Paket İçeriği"":""8'li"",""Yaş"":""1+ Yaş"",""Piller Kutuya Dahil Mi?"":""Hayır"",""Pil ile mi çalışır?"":""Hayır"",""Diğer Özellikler"":""Üst Kısmı Metal Malzeme"",""Menşei"":""CN"",""Ürün Uyarıları (Oyuncak)"":""Uyarı. 3 Yaşından Küçük Çocuklar İçin Uygun Değildir."",""Batarya Türü"":""Diğer"",""Batarya Boyutu"":""Uygulanabilir Değil"",""Özellik"":""Uzun""}",20,5,refreshed,"[""daily_top""]",true,2026-08-19T09:00:50+03:00,0,"[""search_result_dom"",""product_detail_jsonld"",""product_detail_dom""]","{""title"":""observed"",""brand"":""observed"",""seller_name"":""observed"",""seller_score"":""observed"",""price"":""observed"",""original_price"":""unavailable"",""campaigns"":""observed"",""stock_status"":""observed"",""stock_signal"":""observed"",""rating"":""observed"",""rating_count"":""observed"",""review_count"":""observed"",""question_count"":""observed"",""delivery_summary"":""observed"",""shipping_cost"":""observed"",""properties"":""observed""}",true,
2026-08-19,2026-08-19T09:00:50+03:00,çocuk,BEST_SELLER,cocuk-oyuncak,çocuk oyuncak,137,7,161,161,6,15,12.4,17.6,1155549368,752303,KİNKU Örümcek Adam Projeksiyonlu Saat 24 Farklı Karakteri Duvara Yansıtır,KİNKU,Diğer Figür Oyuncaklar,https://www.trendyol.com/kinku/orumcek-adam-projeksiyonlu-saat-24-farkli-karakteri-duvara-yansitir-p-1155549368?boutiqueId=61&merchantId=752303,KİNKU,94,199.9,,,0,TRY,"[""Kargo Bedava""]",InStock,100 adetten fazla stok sunulmuştur,,,4.5,54,34,1,7,582 kişinin sepetinde,"1,9B kişi favoriledi",Son 24 saatte 359 kişi görüntüledi,4999,TRY,0,,1,4,5 saat 52 dakika içinde sipariş verirsen en geç bugün kargoda!,En Çok Satan 6. Ürün,https://cdn.dsmcdn.com/ty1935/prod/QC_PREP/20260612/01/6488e9f4-c210-38e8-be3f-8f0205f14400/1_org_zoom.jpg,"{""Paket İçeriği"":""2'li"",""Yaş"":""1+ Yaş"",""Diğer Özellikler"":""1yaş için uygundur"",""Menşei"":""TR"",""Ürün Uyarıları (Oyuncak)"":""1yaş için uygundur"",""Özellik"":""Diğer""}",20,5,refreshed,"[""daily_top""]",true,2026-08-19T09:00:50+03:00,0,"[""search_result_dom"",""product_detail_jsonld"",""product_detail_dom""]","{""title"":""observed"",""brand"":""observed"",""seller_name"":""observed"",""seller_score"":""observed"",""price"":""observed"",""original_price"":""unavailable"",""campaigns"":""observed"",""stock_status"":""observed"",""stock_signal"":""observed"",""rating"":""observed"",""rating_count"":""observed"",""review_count"":""observed"",""question_count"":""observed"",""delivery_summary"":""observed"",""shipping_cost"":""observed"",""properties"":""observed""}",true,
2026-08-19,2026-08-19T09:00:50+03:00,çocuk,BEST_SELLER,cocuk-oyuncak,çocuk oyuncak,138,7,162,162,8,34,21.5,9.5,39449150,131104,Genel Markalar Oyuncak Otomatik Robota Dönüşen Araba,Genel Markalar,Diğer Oyuncaklar,https://www.trendyol.com/genel-markalar/oyuncak-otomatik-robota-donusen-araba-p-39449150?boutiqueId=61&merchantId=131104,TURKAFONE,93,191.07,193,1,2.7,TRY,"[""Sepette %1 İndirim"",""Kargo Bedava""]",InStock,100 adetten fazla stok sunulmuştur,,,4,757,364,1,284,582 kişinin sepetinde,"17,8B kişi favoriledi",Son 24 saatte 365 kişi görüntüledi,4999,TRY,0,,1,4,3 saat 52 dakika içinde sipariş verirsen en geç bugün kargoda!,En Çok Satan 8. Ürün,https://cdn.dsmcdn.com/ty1603/prod/QC/20241121/09/ef43fea5-a1dc-3964-9187-8d966f1df6cf/1_org_zoom.jpg,"{""Yaş"":""3+ Yaş"",""Piller Kutuya Dahil Mi?"":""Hayır"",""Pil ile mi çalışır?"":""Hayır"",""Menşei"":""CN"",""Özellik"":""Robot"",""Renk"":""Beyaz""}",20,5,refreshed,"[""daily_top""]",true,2026-08-19T09:00:50+03:00,0,"[""search_result_dom"",""product_detail_jsonld"",""product_detail_dom""]","{""title"":""observed"",""brand"":""observed"",""seller_name"":""observed"",""seller_score"":""observed"",""price"":""observed"",""original_price"":""observed"",""campaigns"":""observed"",""stock_status"":""observed"",""stock_signal"":""observed"",""rating"":""observed"",""rating_count"":""observed"",""review_count"":""observed"",""question_count"":""observed"",""delivery_summary"":""observed"",""shipping_cost"":""observed"",""properties"":""observed""}",true,
2026-08-19,2026-08-19T09:00:50+03:00,çocuk,BEST_SELLER,cocuk-oyuncak,çocuk oyuncak,139,7,163,163,,,13.1,16.9,58890643,4651,Genel Markalar Taşıt Desenli Bebek Flötoru - 59586 Karışık,Genel Markalar,Deniz Malzemesi,https://www.trendyol.com/genel-markalar/tasit-desenli-bebek-flotoru-59586-karisik-p-58890643?boutiqueId=61&merchantId=4651,WEXTA,88,349,,,,TRY,"[""Kargo Bedava""]",InStock,100 adetten fazla stok sunulmuştur,,,4.5,74,43,,45,481 kişinin sepetinde,"5,6B kişi favoriledi",Son 24 saatte 720 kişi görüntüledi,4999,TRY,0,,1,4,2 saat 52 dakika içinde sipariş verirsen en geç bugün kargoda!,En Çok Ziyaret Edilen 3. Ürün,https://cdn.dsmcdn.com/ty1919/prod/QC_ENRICHMENT/20260603/09/4c97a765-bb66-3500-88c3-338eb2165020/1_org_zoom.jpg,"{""Renk"":""Beyaz"",""Yaş"":""5+ Yaş"",""Menşei"":""CN""}",20,5,refreshed,"[""daily_top""]",true,2026-08-19T09:00:50+03:00,0,"[""search_result_dom"",""product_detail_jsonld"",""product_detail_dom""]","{""title"":""observed"",""brand"":""observed"",""seller_name"":""observed"",""seller_score"":""observed"",""price"":""observed"",""original_price"":""unavailable"",""campaigns"":""observed"",""stock_status"":""observed"",""stock_signal"":""observed"",""rating"":""observed"",""rating_count"":""observed"",""review_count"":""observed"",""question_count"":""observed"",""delivery_summary"":""observed"",""shipping_cost"":""observed"",""properties"":""observed""}",true,
2026-08-19,2026-08-19T09:00:50+03:00,çocuk,BEST_SELLER,cocuk-oyuncak,çocuk oyuncak,140,7,164,164,,36,19.3,10.7,846412036,968,LEGO ® Botanicals Erik Çiçeği 10369 – Yetişkinler için Dekoratif Çiçek Modeli Yapım Seti (327 Parça),LEGO,Yapı Oyuncakları,https://www.trendyol.com/lego/botanicals-erik-cicegi-10369-yetiskinler-icin-dekoratif-cicek-modeli-yapim-seti-327-parca-p-846412036?boutiqueId=690823&merchantId=968,Trendyol,,1293.41,,,-0.2,TRY,"[""Kargo Bedava"",""Peşin Fiyatına 3 Taksit""]",InStock,100 adetten fazla stok sunulmuştur,,,4.8,767,254,0,24,708 kişinin sepetinde,"85,8B kişi favoriledi",Son 24 saatte 674 kişi görüntüledi,4999,TRY,0,1,1,4,5 saat 52 dakika içinde sipariş verirsen en geç bugün kargoda!,,https://cdn.dsmcdn.com/ty1000318/product/media/images/prod/PIM/20260221/09/7eb58941-c970-4352-9c4b-a916c44b9cfe/1_org_zoom.jpg,"{""Seri"":""Icons"",""Parça Sayısı"":""101-500"",""Yaş"":""Diğer"",""Diğer Özellikler"":""Diğer"",""Menşei"":""DK"",""Ürün Uyarıları (Oyuncak)"":""Boğulma Tehlikesi - Küçük Parçalar"",""Batarya Türü"":""Diğer"",""Özellik"":""Gece Ekstra""}",20,5,refreshed,"[""daily_top""]",true,2026-08-19T09:00:50+03:00,0,"[""search_result_dom"",""product_detail_jsonld"",""product_detail_dom""]","{""title"":""observed"",""brand"":""observed"",""seller_name"":""observed"",""seller_score"":""unavailable"",""price"":""observed"",""original_price"":""unavailable"",""campaigns"":""observed"",""stock_status"":""observed"",""stock_signal"":""observed"",""rating"":""observed"",""rating_count"":""observed"",""review_count"":""observed"",""question_count"":""observed"",""delivery_summary"":""observed"",""shipping_cost"":""observed"",""properties"":""observed""}",true,
2026-08-19,2026-08-19T09:00:50+03:00,çocuk,BEST_SELLER,cocuk-oyuncak,çocuk oyuncak,141,7,165,165,,,6.8,23.2,1071656947,968,LEGO ® ǀ Marvel Örümcek Adam vs. Ghost Rider Motosikleti 76335 - 6+ Yaratıcı Oyuncak Yapım Seti (72P),LEGO,Diğer Oyun Takımları,https://www.trendyol.com/lego/marvel-orumcek-adam-vs-ghost-rider-motosikleti-76335-6-yaratici-oyuncak-yapim-seti-72p-p-1071656947?boutiqueId=690823&merchantId=968,Trendyol,,600.28,,,,TRY,"[""Kargo Bedava""]",InStock,50 adetten fazla stok sunulmuştur,,,4.9,31,6,,4,"1,1B kişinin sepetinde","6,9B kişi favoriledi",Son 24 saatte 1B kişi görüntüledi,4999,TRY,0,1,1,4,5 saat 52 dakika içinde sipariş verirsen en geç bugün kargoda!,En Çok Ziyaret Edilen 8. Ürün,https://cdn.dsmcdn.com/ty1000420/product/media/images/prod/PIM/20260717/12/ce56a733-51a7-491a-bdbc-50c5fe405d29/1_org_zoom.jpg,"{""Seri"":""Super Heroes"",""Parça Sayısı"":""72"",""Yaş"":""6+ Yaş"",""Menşei"":""CH"",""Ürün Uyarıları (Oyuncak)"":""Küçük parçalar içerdiğinden 3 yaş altı çocuklar için uygun değildir; ürünün yetişkin gözetiminde, kullanım talimatına uygun şekilde kullanılması önerilir."",""Özellik"":""Diğer""}",6,5,refreshed,"[""daily_top""]",true,2026-08-19T09:00:50+03:00,0,"[""search_result_dom"",""product_detail_jsonld"",""product_detail_dom""]","{""title"":""observed"",""brand"":""observed"",""seller_name"":""observed"",""seller_score"":""unavailable"",""price"":""observed"",""original_price"":""unavailable"",""campaigns"":""observed"",""stock_status"":""observed"",""stock_signal"":""observed"",""rating"":""observed"",""rating_count"":""observed"",""review_count"":""observed"",""question_count"":""observed"",""delivery_summary"":""observed"",""shipping_cost"":""observed"",""properties"":""observed""}",true,
2026-08-19,2026-08-19T09:00:50+03:00,çocuk,BEST_SELLER,cocuk-oyuncak,çocuk oyuncak,142,7,166,166,,,35.7,4.1,123832512,126620,yükselen zeka Zeka Kutusu (2-4 Yaş),yükselen zeka,Kutu Oyunu,https://www.trendyol.com/yukselen-zeka/zeka-kutusu-2-4-yas-p-123832512?boutiqueId=61&merchantId=126620,YÜKSELEN ZEKA,93,284.05,314.8,9.8,,TRY,"[""Son 10 Günün En Düşük Fiyatı"",""Kargo Bedava"",""Son 10 günün en düşük fiyatı""]",InStock,100 adetten fazla stok sunulmuştur,,,4.8,3298,1738,,139,366 kişinin sepetinde,"66,2B kişi favoriledi",,4999,TRY,0,,1,4,Tahmini Teslim:,,https://cdn.dsmcdn.com/ty1648/prod/QC/20250311/20/d1bb77f0-2f43-3265-bc61-3f814a30eec3/1_org_zoom.jpg,"{""Oyuncu Sayısı"":""4 Kişi"",""Yaş"":""3 - 6 Yaş"",""Dil"":""Türkçe"",""Menşei"":""TR""}",20,5,refreshed,"[""daily_top""]",true,2026-08-19T09:00:50+03:00,0,"[""search_result_dom"",""product_detail_jsonld"",""product_detail_dom""]","{""title"":""observed"",""brand"":""observed"",""seller_name"":""observed"",""seller_score"":""observed"",""price"":""observed"",""original_price"":""observed"",""campaigns"":""observed"",""stock_status"":""observed"",""stock_signal"":""observed"",""rating"":""observed"",""rating_count"":""observed"",""review_count"":""observed"",""question_count"":""observed"",""delivery_summary"":""observed"",""shipping_cost"":""observed"",""properties"":""observed""}",true,
2026-08-19,2026-08-19T09:00:50+03:00,çocuk,BEST_SELLER,cocuk-oyuncak,çocuk oyuncak,143,7,167,167,9,7,18.2,14.8,830577298,815717,Intex Sarı Bebe Flatörü 70 cm. (6-12Ay),Intex,Deniz Malzemesi,https://www.trendyol.com/intex/sari-bebe-flatoru-70-cm-6-12ay-p-830577298?boutiqueId=61&merchantId=815717,KOLAY TİCARET,89,532.53,549,3,-0.2,TRY,"[""Sepette %3 İndirim"",""Kargo Bedava""]",InStock,5 adetten fazla stok sunulmuştur,,,4.5,159,78,0,46,,"5,2B kişi favoriledi",Son 24 saatte 382 kişi görüntüledi,4999,TRY,0,1,1,4,14 saat 52 dakika içinde sipariş verirsen en geç yarın kargoda!,En Çok Satan 9. Ürün,https://cdn.dsmcdn.com/ty1825/prod/QC_PREP/20260216/14/c927341f-764c-344a-aeb1-06c0c0bd0849/1_org_zoom.jpg,"{""Renk"":""Sarı"",""Yaş"":""0 - 1 Yaş"",""Menşei"":""CN""}",20,5,refreshed,"[""daily_top""]",true,2026-08-19T09:00:50+03:00,0,"[""search_result_dom"",""product_detail_jsonld"",""product_detail_dom""]","{""title"":""observed"",""brand"":""observed"",""seller_name"":""observed"",""seller_score"":""observed"",""price"":""observed"",""original_price"":""observed"",""campaigns"":""observed"",""stock_status"":""observed"",""stock_signal"":""observed"",""rating"":""observed"",""rating_count"":""observed"",""review_count"":""observed"",""question_count"":""observed"",""delivery_summary"":""observed"",""shipping_cost"":""observed"",""properties"":""observed""}",true,
2026-08-19,2026-08-19T09:00:50+03:00,çocuk,BEST_SELLER,cocuk-oyuncak,çocuk oyuncak,144,7,168,168,5,-5,23.6,14.3,1054690806,107220,Volty Beyaz Gürültü Makinesi 21 Farklı Ses Rahatlatıcı Radyasyon İçermeyen Uyku Arkadaşı Şarjlı Işıklı,Volty,Uyku Arkadaşı,https://www.trendyol.com/volty/beyaz-gurultu-makinesi-21-farkli-ses-rahatlatici-radyasyon-icermeyen-uyku-arkadasi-sarjli-isikli-p-1054690806?boutiqueId=61&merchantId=107220,Yakınında,93,2110,2290,7.9,10,TRY,"[""130 TL Kupon"",""Kargo Bedava"",""Peşin Fiyatına 3 Taksit""]",InStock,100 adetten fazla stok sunulmuştur,,,4.5,174,92,3,90,473 kişinin sepetinde,"13,5B kişi favoriledi",Son 24 saatte 411 kişi görüntüledi,4999,TRY,0,,1,4,5 saat 52 dakika içinde sipariş verirsen en geç bugün kargoda!,En Çok Satan 5. Ürün,https://cdn.dsmcdn.com/ty1896/prod/QC_ENRICHMENT/20260814/08/b4a440b7-d502-3604-a3d6-62cdc54d09cf/1_org_zoom.jpg,"{""Renk"":""Beyaz"",""Boyut"":""10 cm"",""Yaş"":""0 - 1 Yaş"",""Dil"":""Türkçe"",""Piller Kutuya Dahil Mi?"":""Belirtilmemiş"",""Pil ile mi çalışır?"":""Hayır"",""Menşei"":""CN"",""Materyal Bileşeni"":""BPA İçermeyen ABS""}",20,5,refreshed,"[""daily_top""]",true,2026-08-19T09:00:50+03:00,0,"[""search_result_dom"",""product_detail_jsonld"",""product_detail_dom""]","{""title"":""observed"",""brand"":""observed"",""seller_name"":""observed"",""seller_score"":""observed"",""price"":""observed"",""original_price"":""observed"",""campaigns"":""observed"",""stock_status"":""observed"",""stock_signal"":""observed"",""rating"":""observed"",""rating_count"":""observed"",""review_count"":""observed"",""question_count"":""observed"",""delivery_summary"":""observed"",""shipping_cost"":""observed"",""properties"":""observed""}",true,
2026-08-19,2026-08-19T09:00:50+03:00,çocuk,BEST_SELLER,cocuk-oyuncak,çocuk oyuncak,145,7,169,169,,,55,5,660577150,357212,Go Toys Tetra Kule Denge Oyuncağı Eğitici Kutu Oyuncak Tetris Kule Tetra Tower,Go Toys,Eğitici Oyuncak,https://www.trendyol.com/go-toys/tetra-kule-denge-oyuncagi-egitici-kutu-oyuncak-tetris-kule-tetra-tower-p-660577150?boutiqueId=61&merchantId=357212,Shopist,91,100.8,144,30,,TRY,"[""Sepette %30 İndirim"",""Süper Fırsat Ürünü"",""Kargo Bedava""]",InStock,100 adetten fazla stok sunulmuştur,,,4.5,2700,1334,,47,,"42,5B kişi favoriledi",,4999,TRY,0,2,1,6,1 saat 52 dakika içinde sipariş verirsen en geç bugün kargoda!,,https://cdn.dsmcdn.com/ty1627/product/media/images/prod/PIM/20250123/10/e703b9a5-51ad-44f9-acb1-d5fe26c88ffc/1_org_zoom.jpg,"{""Paket İçeriği"":""1'li"",""Yaş"":""3+ Yaş"",""Piller Kutuya Dahil Mi?"":""Hayır"",""Dil"":""Evrensel Dil"",""Pil ile mi çalışır?"":""Hayır"",""Menşei"":""TR""}",20,5,refreshed,"[""daily_top""]",true,2026-08-19T09:00:50+03:00,0,"[""search_result_dom"",""product_detail_jsonld"",""product_detail_dom""]","{""title"":""observed"",""brand"":""observed"",""seller_name"":""observed"",""seller_score"":""observed"",""price"":""observed"",""original_price"":""observed"",""campaigns"":""observed"",""stock_status"":""observed"",""stock_signal"":""observed"",""rating"":""observed"",""rating_count"":""observed"",""review_count"":""observed"",""question_count"":""observed"",""delivery_summary"":""observed"",""shipping_cost"":""observed"",""properties"":""observed""}",true,
2026-08-19,2026-08-19T09:00:50+03:00,çocuk,BEST_SELLER,cocuk-oyuncak,çocuk oyuncak,146,7,170,170,,,21.2,8.8,655324356,1202441,LEGO ® Creator Uzay Mekiği 31134 - 6+ Çocuklar için Yaratıcı Oyuncak Yapım Seti (144P),LEGO,Yapı Oyuncakları,https://www.trendyol.com/lego/creator-uzay-mekigi-31134-6-cocuklar-icin-yaratici-oyuncak-yapim-seti-144p-p-655324356?boutiqueId=61&merchantId=1202441,TOYSRUS,88,539,,,,TRY,"[""Kargo Bedava""]",InStock,100 adetten fazla stok sunulmuştur,,,4.8,1089,449,,49,912 kişinin sepetinde,39B kişi favoriledi,Son 24 saatte 540 kişi görüntüledi,4999,TRY,0,2,1,6,Tahmini Teslim:,Fenomen Seçimi,https://cdn.dsmcdn.com/ty1743/product/media/images/prod/PIM/20250919/17/119f62b9-8036-4cc0-a49e-e41674081047/1_org_zoom.jpg,"{""Seri"":""Creator 3'ü 1 Arada"",""Parça Sayısı"":""144"",""Yaş"":""6+ Yaş"",""Diğer Özellikler"":""-"",""Menşei"":""CN"",""Ürün Uyarıları (Oyuncak)"":""Küçük parçalar içerdiğinden 3 yaş altı çocuklar için uygun değildir; ürünün yetişkin gözetiminde, kullanım talimatına uygun şekilde kullanılması önerilir."",""Batarya Türü"":""Diğer"",""Özellik"":""Uzun""}",20,5,refreshed,"[""daily_top""]",true,2026-08-19T09:00:50+03:00,0,"[""search_result_dom"",""product_detail_jsonld"",""product_detail_dom""]","{""title"":""observed"",""brand"":""observed"",""seller_name"":""observed"",""seller_score"":""observed"",""price"":""observed"",""original_price"":""unavailable"",""campaigns"":""observed"",""stock_status"":""observed"",""stock_signal"":""observed"",""rating"":""observed"",""rating_count"":""observed"",""review_count"":""observed"",""question_count"":""observed"",""delivery_summary"":""observed"",""shipping_cost"":""observed"",""properties"":""observed""}",true,
2026-08-19,2026-08-19T09:00:50+03:00,çocuk,BEST_SELLER,cocuk-oyuncak,çocuk oyuncak,147,7,171,171,,9,14.6,15.4,1088710797,744768,Nandy Home Tilki Model Karakter Figürü 3D Yapı Oyuncakları,Nandy Home,Yapı Oyuncakları,https://www.trendyol.com/nandy-home/tilki-model-karakter-figuru-3d-yapi-oyuncaklari-p-1088710797?boutiqueId=61&merchantId=744768,Nandy Kids,96,134.54,,,-4.1,TRY,"[""Kargo Bedava""]",InStock,100 adetten fazla stok sunulmuştur,,,4.6,165,66,0,7,521 kişinin sepetinde,"12,2B kişi favoriledi",,4999,TRY,0,,1,4,5 saat 52 dakika içinde sipariş verirsen en geç bugün kargoda!,,https://cdn.dsmcdn.com/ty1934/prod/QC_ENRICHMENT/20260522/11/ab457a45-6342-3ef0-841a-fe1e7789953b/1_org_zoom.jpg,"{""Parça Sayısı"":""195"",""Yaş"":""5+ Yaş"",""Diğer Özellikler"":""Küçük parçalar içermektedir."",""Menşei"":""CN"",""Ürün Uyarıları (Oyuncak)"":""Küçük parçalar içermektedir."",""Batarya Türü"":""Diğer"",""Özellik"":""Standart""}",20,5,refreshed,"[""daily_top""]",true,2026-08-19T09:00:50+03:00,0,"[""search_result_dom"",""product_detail_jsonld"",""product_detail_dom""]","{""title"":""observed"",""brand"":""observed"",""seller_name"":""observed"",""seller_score"":""observed"",""price"":""observed"",""original_price"":""unavailable"",""campaigns"":""observed"",""stock_status"":""observed"",""stock_signal"":""observed"",""rating"":""observed"",""rating_count"":""observed"",""review_count"":""observed"",""question_count"":""observed"",""delivery_summary"":""observed"",""shipping_cost"":""observed"",""properties"":""observed""}",true,
2026-08-19,2026-08-19T09:00:50+03:00,çocuk,BEST_SELLER,cocuk-oyuncak,çocuk oyuncak,148,7,172,172,,-34,29.1,10.9,993610751,190370,Brother Toys Yürüyen Yengeç Oyuncak İpli Işıklı Müzikli Emeklemeye ve Yürümeye Yardımcı Pilli,Brother Toys,Eğitici Oyuncak,https://www.trendyol.com/brother-toys/yuruyen-yengec-oyuncak-ipli-isikli-muzikli-emeklemeye-ve-yurumeye-yardimci-pilli-p-993610751?boutiqueId=61&merchantId=190370,BROTHERTOYS,91,359.12,399.02,10,-16.5,TRY,"[""Kargo Bedava""]",InStock,100 adetten fazla stok sunulmuştur,,,3.8,391,244,2,39,595 kişinin sepetinde,20B kişi favoriledi,Son 24 saatte 579 kişi görüntüledi,4999,TRY,0,,1,4,4 saat 52 dakika içinde sipariş verirsen en geç bugün kargoda!,,https://cdn.dsmcdn.com/ty1764/prod/QC_PREP/20250927/14/f27d07b4-0930-3ad8-8bb9-12310f2a28ba/1_org_zoom.jpg,"{""Paket İçeriği"":""2'li"",""Yaş"":""1+ Yaş"",""Piller Kutuya Dahil Mi?"":""Hayır"",""Dil"":""Evrensel Dil"",""Pil ile mi çalışır?"":""Evet"",""Diğer Özellikler"":""Kaliteli Malzeme"",""Menşei"":""CN"",""Ürün Uyarıları (Oyuncak)"":""çocuk"",""Batarya Türü"":""Nikel-kadmiyum"",""Batarya Boyutu"":""AA"",""Özellik"":""Belirtilmemiş""}",20,5,refreshed,"[""daily_top""]",true,2026-08-19T09:00:50+03:00,0,"[""search_result_dom"",""product_detail_jsonld"",""product_detail_dom""]","{""title"":""observed"",""brand"":""observed"",""seller_name"":""observed"",""seller_score"":""observed"",""price"":""observed"",""original_price"":""observed"",""campaigns"":""observed"",""stock_status"":""observed"",""stock_signal"":""observed"",""rating"":""observed"",""rating_count"":""observed"",""review_count"":""observed"",""question_count"":""observed"",""delivery_summary"":""observed"",""shipping_cost"":""observed"",""properties"":""observed""}",true,
2026-08-19,2026-08-19T09:00:50+03:00,çocuk,BEST_SELLER,cocuk-oyuncak,çocuk oyuncak,149,7,173,173,7,17,12.5,17.5,899647373,288437,WOODROFFE Avokado - Katil Civciv Uyku Arkadaşı ve Peluş Yastık 35 cm 2 li Peluş Oyuncak Yastık Hediye Paketi,WOODROFFE,Peluş Oyuncak,https://www.trendyol.com/woodroffe/avokado-katil-civciv-uyku-arkadasi-ve-pelus-yastik-35-cm-2-li-pelus-oyuncak-yastik-hediye-paketi-p-899647373?boutiqueId=61&merchantId=288437,VAGON TOYS,95,289,,,8.6,TRY,"[""Kargo Bedava""]",InStock,100 adetten fazla stok sunulmuştur,,,4.4,83,36,0,17,922 kişinin sepetinde,"8,9B kişi favoriledi",Son 24 saatte 678 kişi görüntüledi,4999,TRY,0,,1,4,2 saat 52 dakika içinde sipariş verirsen en geç bugün kargoda!,En Çok Satan 7. Ürün,https://cdn.dsmcdn.com/ty1808/prod/QC_ENRICHMENT/20260106/23/a1b77027-d01c-358f-9397-ddd046b07d5b/1_org_zoom.jpg,"{""Renk"":""Yeşil"",""Boyut"":""35 cm"",""Yaş"":""1+ Yaş"",""Dil"":""Türkçe"",""Pil ile mi çalışır?"":""Hayır"",""Piller Kutuya Dahil Mi?"":""Hayır"",""Menşei"":""TR"",""Batarya Türü"":""Diğer"",""Özellik"":""Enerji Tasarrufu""}",20,5,refreshed,"[""daily_top""]",true,2026-08-19T09:00:50+03:00,0,"[""search_result_dom"",""product_detail_jsonld"",""product_detail_dom""]","{""title"":""observed"",""brand"":""observed"",""seller_name"":""observed"",""seller_score"":""observed"",""price"":""observed"",""original_price"":""unavailable"",""campaigns"":""observed"",""stock_status"":""observed"",""stock_signal"":""observed"",""rating"":""observed"",""rating_count"":""observed"",""review_count"":""observed"",""question_count"":""observed"",""delivery_summary"":""observed"",""shipping_cost"":""observed"",""properties"":""observed""}",true,
2026-08-19,2026-08-19T09:00:50+03:00,çocuk,BEST_SELLER,cocuk-oyuncak,çocuk oyuncak,150,8,174,174,3,,18.5,11.5,921219595,752303,KİNKU Cars Şimşek Mcqueen Uzaktan Kumandalı Full Fonksiyon Araba,KİNKU,Kumandalı Oyuncak,https://www.trendyol.com/kinku/cars-simsek-mcqueen-uzaktan-kumandali-full-fonksiyon-araba-p-921219595?boutiqueId=61&merchantId=752303,KİNKU,94,349.95,,,,TRY,"[""Kargo Bedava""]",InStock,100 adetten fazla stok sunulmuştur,,,3.9,429,207,,97,840 kişinin sepetinde,"15,5B kişi favoriledi",Son 24 saatte 511 kişi görüntüledi,4999,TRY,0,,1,4,5 saat 52 dakika içinde sipariş verirsen en geç bugün kargoda!,En Çok Satan 3. Ürün,https://cdn.dsmcdn.com/ty1830/prod/QC_ENRICHMENT/20260301/15/befbd142-1904-3728-81d2-20bd5615e8f1/1_org_zoom.jpg,"{""Renk"":""Kırmızı"",""Paket İçeriği"":""8'li"",""Yaş"":""3+ Yaş"",""Pil ile mi çalışır?"":""Evet"",""Piller Kutuya Dahil Mi?"":""Hayır"",""Menşei"":""TR"",""Tamir Edilebilirlik"":""Tamir Edilmez."",""Ürün Uyarıları (Oyuncak)"":""kumandalıaraba"",""Özellik"":""Kumandalı"",""Ürün Güvenliği Bilgisi"":""Tehlikeli Değil""}",20,5,refreshed,"[""daily_top""]",true,2026-08-19T09:00:50+03:00,0,"[""search_result_dom"",""product_detail_jsonld"",""product_detail_dom""]","{""title"":""observed"",""brand"":""observed"",""seller_name"":""observed"",""seller_score"":""observed"",""price"":""observed"",""original_price"":""unavailable"",""campaigns"":""observed"",""stock_status"":""observed"",""stock_signal"":""observed"",""rating"":""observed"",""rating_count"":""observed"",""review_count"":""observed"",""question_count"":""observed"",""delivery_summary"":""observed"",""shipping_cost"":""observed"",""properties"":""observed""}",true,
2026-08-19,2026-08-19T09:00:50+03:00,çocuk,BEST_SELLER,cocuk-oyuncak,çocuk oyuncak,151,8,175,175,,9,13.1,16.9,1089464520,744768,Nandy Home Kamelya Çiçek Model Karakter Figürü 3D Yapı Oyuncakları,Nandy Home,Yapı Oyuncakları,https://www.trendyol.com/nandy-home/kamelya-cicek-model-karakter-figuru-3d-yapi-oyuncaklari-p-1089464520?boutiqueId=61&merchantId=744768,Nandy Kids,96,138.17,,,5.2,TRY,"[""Kargo Bedava""]",InStock,100 adetten fazla stok sunulmuştur,,,4.4,90,43,3,10,671 kişinin sepetinde,"15,7B kişi favoriledi",,4999,TRY,0,,1,4,5 saat 52 dakika içinde sipariş verirsen en geç bugün kargoda!,,https://cdn.dsmcdn.com/ty1905/prod/QC_ENRICHMENT/20260522/11/647f6974-f71a-3241-ba52-8a535d4157d9/1_org_zoom.jpg,"{""Parça Sayısı"":""99"",""Yaş"":""5+ Yaş"",""Diğer Özellikler"":""Küçük parçalar içermektedir."",""Menşei"":""CN"",""Ürün Uyarıları (Oyuncak)"":""Küçük parçalar içermektedir."",""Batarya Türü"":""Diğer"",""Özellik"":""Standart""}",20,5,refreshed,"[""daily_top""]",true,2026-08-19T09:00:50+03:00,0,"[""search_result_dom"",""product_detail_jsonld"",""product_detail_dom""]","{""title"":""observed"",""brand"":""observed"",""seller_name"":""observed"",""seller_score"":""observed"",""price"":""observed"",""original_price"":""unavailable"",""campaigns"":""observed"",""stock_status"":""observed"",""stock_signal"":""observed"",""rating"":""observed"",""rating_count"":""observed"",""review_count"":""observed"",""question_count"":""observed"",""delivery_summary"":""observed"",""shipping_cost"":""observed"",""properties"":""observed""}",true,
2026-08-19,2026-08-19T09:00:50+03:00,çocuk,BEST_SELLER,cocuk-oyuncak,çocuk oyuncak,152,8,176,176,6,,13.5,16.5,472969643,116499,Genel Markalar Elleri Yapışan Oyun Ve Uyku Arkadaşı Peluş Maymun Oyuncak Sarılan Maymun,Genel Markalar,,https://www.trendyol.com/genel-markalar/elleri-yapisan-oyun-ve-uyku-arkadasi-pelus-maymun-oyuncak-sarilan-maymun-p-472969643?boutiqueId=61&merchantId=116499,KOZART,86,159.99,,,,TRY,"[""Kargo Bedava""]",InStock,100 adetten fazla stok sunulmuştur,,,4.1,48,,,83,471 kişinin sepetinde,"1,2B kişi favoriledi",Son 24 saatte 508 kişi görüntüledi,,,0,,,,14 saat 52 dakika içinde sipariş verirsen en geç yarın kargoda!,En Çok Satan 6. Ürün,,{},0,,refreshed,"[""daily_top""]",true,2026-08-19T09:00:50+03:00,0,"[""search_result_dom"",""product_detail_jsonld"",""product_detail_dom""]","{""title"":""observed"",""brand"":""observed"",""seller_name"":""observed"",""seller_score"":""observed"",""price"":""observed"",""original_price"":""unavailable"",""campaigns"":""observed"",""stock_status"":""observed"",""stock_signal"":""observed"",""rating"":""observed"",""rating_count"":""observed"",""review_count"":""unavailable"",""question_count"":""observed"",""delivery_summary"":""observed"",""shipping_cost"":""unavailable"",""properties"":""observed""}",true,
2026-08-19,2026-08-19T09:00:50+03:00,çocuk,BEST_SELLER,cocuk-oyuncak,çocuk oyuncak,153,8,177,177,10,,12.4,27.6,1176666459,397045,HAK İŞ OYUNCAK 72 Parça Manyetik Yapı Blokları | Eğitici Mıknatıslı İnşa Oyuncağı | 3+ Yaş Çocuk Gelişim Oyuncağı,HAK İŞ OYUNCAK,Eğitici Oyuncak,https://www.trendyol.com/hak-is-oyuncak/72-parca-manyetik-yapi-bloklari-egitici-miknatisli-insa-oyuncagi-3-yas-cocuk-gelisim-oyuncagi-p-1176666459?boutiqueId=61&merchantId=397045,jetlegelsin,89,1296,1440,10,,TRY,"[""25 TL Kupon"",""Kargo Bedava"",""Peşin Fiyatına 3 Taksit""]",InStock,100 adetten fazla stok sunulmuştur,,,5,1,1,,4,,815 kişi favoriledi,Son 24 saatte 552 kişi görüntüledi,4999,TRY,0,1,1,4,14 saat 52 dakika içinde sipariş verirsen en geç yarın kargoda!,,https://cdn.dsmcdn.com/ty1903/prod/QC_PREP/20260728/11/a58900bb-c894-3863-ba2b-c3d4b111e1f3/1_org_zoom.jpg,"{""Paket İçeriği"":""72'li"",""Yaş"":""3+ Yaş"",""Piller Kutuya Dahil Mi?"":""Hayır"",""Dil"":""Türkçe"",""Pil ile mi çalışır?"":""Hayır"",""Menşei"":""CN""}",1,5,refreshed,"[""daily_top""]",true,2026-08-19T09:00:50+03:00,0,"[""search_result_dom"",""product_detail_jsonld"",""product_detail_dom""]","{""title"":""observed"",""brand"":""observed"",""seller_name"":""observed"",""seller_score"":""observed"",""price"":""observed"",""original_price"":""observed"",""campaigns"":""observed"",""stock_status"":""observed"",""stock_signal"":""observed"",""rating"":""observed"",""rating_count"":""observed"",""review_count"":""observed"",""question_count"":""observed"",""delivery_summary"":""observed"",""shipping_cost"":""observed"",""properties"":""observed""}",true,
2026-08-19,2026-08-19T09:00:50+03:00,çocuk,BEST_SELLER,cocuk-oyuncak,çocuk oyuncak,154,8,178,178,,,14.4,15.6,1081274133,126620,yükselen zeka Keçemino Etkinlik Halısı - Deniz Dünyası,yükselen zeka,Bebek & Aktivite Oyuncakları,https://www.trendyol.com/yukselen-zeka/kecemino-etkinlik-halisi-deniz-dunyasi-p-1081274133?boutiqueId=61&merchantId=126620,YÜKSELEN ZEKA,93,348.15,,,,TRY,"[""Kargo Bedava""]",InStock,100 adetten fazla stok sunulmuştur,,,4.7,146,63,,15,456 kişinin sepetinde,"8,3B kişi favoriledi",,4999,TRY,0,,1,4,Tahmini Teslim:,,https://cdn.dsmcdn.com/ty1807/prod/QC_PREP/20260107/18/46814bdf-931e-353c-8bd4-0f2290e1a124/1_org_zoom.jpg,"{""Paket İçeriği"":""Belirtilmemiş"",""Yaş"":""5+ Yaş"",""Dil"":""Türkçe"",""Pil ile mi çalışır?"":""Hayır"",""Piller Kutuya Dahil Mi?"":""Hayır"",""Menşei"":""TR""}",20,5,refreshed,"[""daily_top""]",true,2026-08-19T09:00:50+03:00,0,"[""search_result_dom"",""product_detail_jsonld"",""product_detail_dom""]","{""title"":""observed"",""brand"":""observed"",""seller_name"":""observed"",""seller_score"":""observed"",""price"":""observed"",""original_price"":""unavailable"",""campaigns"":""observed"",""stock_status"":""observed"",""stock_signal"":""observed"",""rating"":""observed"",""rating_count"":""observed"",""review_count"":""observed"",""question_count"":""observed"",""delivery_summary"":""observed"",""shipping_cost"":""observed"",""properties"":""observed""}",true,
2026-08-19,2026-08-19T09:00:50+03:00,çocuk,BEST_SELLER,cocuk-oyuncak,çocuk oyuncak,155,8,179,179,,,28.3,8.5,2139992,111781,Fisher Price Eğitici Hikaye Kitabı Türkçe Frc73,Fisher Price,Bebek & Aktivite Oyuncakları,https://www.trendyol.com/fisher-price/egitici-hikaye-kitabi-turkce-frc73-p-2139992?boutiqueId=61&merchantId=111781,Toyzz Shop,83,783.95,840.76,6.8,,TRY,"[""Kargo Bedava"",""Son 10 Günün En Düşük Fiyatı"",""Son 10 günün en düşük fiyatı""]",InStock,100 adetten fazla stok sunulmuştur,,,4.7,895,481,,83,,"45,9B kişi favoriledi",Son 24 saatte 526 kişi görüntüledi,4999,TRY,0,,1,4,Tahmini Teslim:,,https://cdn.dsmcdn.com/ty1139/product/media/images/prod/SPM/PIM/20240117/12/d450e527-548f-3de5-b9db-abf5e8ff3f5c/1_org_zoom.jpg,"{""Paket İçeriği"":""Belirtilmemiş"",""Yükseklik"":""28 cm"",""Genişlik"":""28 cm"",""Derinlik"":""28 cm"",""Yaş"":""1+ Yaş"",""Dil"":""Türkçe"",""Pil ile mi çalışır?"":""Evet"",""Piller Kutuya Dahil Mi?"":""Evet"",""Menşei"":""CN""}",20,5,refreshed,"[""daily_top""]",true,2026-08-19T09:00:50+03:00,0,"[""search_result_dom"",""product_detail_jsonld"",""product_detail_dom""]","{""title"":""observed"",""brand"":""observed"",""seller_name"":""observed"",""seller_score"":""observed"",""price"":""observed"",""original_price"":""observed"",""campaigns"":""observed"",""stock_status"":""observed"",""stock_signal"":""observed"",""rating"":""observed"",""rating_count"":""observed"",""review_count"":""observed"",""question_count"":""observed"",""delivery_summary"":""observed"",""shipping_cost"":""observed"",""properties"":""observed""}",true,
2026-08-19,2026-08-19T09:00:50+03:00,çocuk,BEST_SELLER,cocuk-oyuncak,çocuk oyuncak,156,8,180,180,7,-105,30.3,0.7,772521620,464137,Pandamkee Özgüneroyuncak.KK 50 Cm Çilek Çantalı Tavşan Sevgiliye Özel,Pandamkee,,https://www.trendyol.com/pandamkee/ozguneroyuncak-kk-50-cm-cilek-cantali-tavsan-sevgiliye-ozel-p-772521620?boutiqueId=61&merchantId=464137,Pandamkee Oyuncak,92,395.01,399,1,0,TRY,"[""Sepette %1 İndirim"",""3 TL Kupon"",""Kargo Bedava"",""Trendyol Plus'a Özel""]",InStock,100 adetten fazla stok sunulmuştur,,,4.2,4568,,0,632,,,,,,0,,,,4 saat 52 dakika içinde sipariş verirsen en geç bugün kargoda!,,,{},0,,refreshed,"[""daily_top"",""hot_change""]",true,2026-08-19T09:00:50+03:00,0,"[""search_result_dom"",""product_detail_jsonld"",""product_detail_dom""]","{""title"":""observed"",""brand"":""observed"",""seller_name"":""observed"",""seller_score"":""observed"",""price"":""observed"",""original_price"":""observed"",""campaigns"":""observed"",""stock_status"":""observed"",""stock_signal"":""observed"",""rating"":""observed"",""rating_count"":""observed"",""review_count"":""unavailable"",""question_count"":""observed"",""delivery_summary"":""observed"",""shipping_cost"":""unavailable"",""properties"":""observed""}",true,
2026-08-19,2026-08-19T09:00:50+03:00,çocuk,BEST_SELLER,cocuk-oyuncak,çocuk oyuncak,157,8,181,181,,6,12.1,17.9,936885100,968,LEGO ® City Polis Teknesi Takibi 60456 - 6+ Çocuklar için Yaratıcı Oyuncak Yapım Seti (264 P),LEGO,Yapı Oyuncakları,https://www.trendyol.com/lego/city-polis-teknesi-takibi-60456-6-cocuklar-icin-yaratici-oyuncak-yapim-seti-264-p-p-936885100?boutiqueId=690823&merchantId=968,Trendyol,,1506.75,,,6.9,TRY,"[""Kargo Bedava"",""Peşin Fiyatına 3 Taksit"",""Son 10 Günün En Düşük Fiyatı""]",InStock,100 adetten fazla stok sunulmuştur,,,4.7,98,32,0,6,897 kişinin sepetinde,"15,5B kişi favoriledi",Son 24 saatte 768 kişi görüntüledi,4999,TRY,0,2,1,6,5 saat 52 dakika içinde sipariş verirsen en geç bugün kargoda!,,https://cdn.dsmcdn.com/ty1743/product/media/images/prod/PIM/20250919/17/c641585c-f139-44f7-8901-4e0d60f645c5/1_org_zoom.jpg,"{""Seri"":""City"",""Parça Sayısı"":""101-500"",""Yaş"":""6+ Yaş"",""Diğer Özellikler"":""6+"",""Menşei"":""UM"",""Ürün Uyarıları (Oyuncak)"":""Küçük parçalar içerdiğinden 3 yaş altı çocuklar için uygun değildir; ürünün yetişkin gözetiminde, kullanım talimatına uygun şekilde kullanılması önerilir."",""Batarya Türü"":""Diğer"",""Özellik"":""Diğer""}",20,5,refreshed,"[""daily_top""]",true,2026-08-19T09:00:50+03:00,0,"[""search_result_dom"",""product_detail_jsonld"",""product_detail_dom""]","{""title"":""observed"",""brand"":""observed"",""seller_name"":""observed"",""seller_score"":""unavailable"",""price"":""observed"",""original_price"":""unavailable"",""campaigns"":""observed"",""stock_status"":""observed"",""stock_signal"":""observed"",""rating"":""observed"",""rating_count"":""observed"",""review_count"":""observed"",""question_count"":""observed"",""delivery_summary"":""observed"",""shipping_cost"":""observed"",""properties"":""observed""}",true,
2026-08-19,2026-08-19T09:00:50+03:00,çocuk,BEST_SELLER,cocuk-oyuncak,çocuk oyuncak,158,8,182,182,,,24.3,5.7,1798000,968,LEGO ® Classic Büyük Boy Yaratıcı Parçalar Yapım Kutusu 10698 - Çocuklar için Oyuncak Seti (790 Parça),LEGO,Yapı Oyuncakları,https://www.trendyol.com/lego/classic-buyuk-boy-yaratici-parcalar-yapim-kutusu-10698-cocuklar-icin-oyuncak-seti-790-parca-p-1798000?boutiqueId=690823&merchantId=968,Trendyol,,2505.02,,,,TRY,"[""Kargo Bedava"",""Peşin Fiyatına 3 Taksit""]",InStock,100 adetten fazla stok sunulmuştur,,,4.9,2308,1098,,212,717 kişinin sepetinde,"60,8B kişi favoriledi",Son 24 saatte 659 kişi görüntüledi,4999,TRY,0,,1,4,5 saat 52 dakika içinde sipariş verirsen en geç bugün kargoda!,,https://cdn.dsmcdn.com/ty1000321/product/media/images/prod/PIM/20260203/22/4e148cc1-1c23-4a90-97eb-df65a7d09e57/1_org_zoom.jpg,"{""Seri"":""Classic"",""Parça Sayısı"":""1 Parça"",""Yaş"":""3+ Yaş"",""Menşei"":""DM"",""Ürün Uyarıları (Oyuncak)"":""Küçük parçalar içerdiğinden 3 yaş altı çocuklar için uygun değildir; ürünün yetişkin gözetiminde, kullanım talimatına uygun şekilde kullanılması önerilir."",""Batarya Türü"":""Diğer"",""Özellik"":""Diğer"",""Renk"":""Altın""}",20,5,refreshed,"[""daily_top""]",true,2026-08-19T09:00:50+03:00,0,"[""search_result_dom"",""product_detail_jsonld"",""product_detail_dom""]","{""title"":""observed"",""brand"":""observed"",""seller_name"":""observed"",""seller_score"":""unavailable"",""price"":""observed"",""original_price"":""unavailable"",""campaigns"":""observed"",""stock_status"":""observed"",""stock_signal"":""observed"",""rating"":""observed"",""rating_count"":""observed"",""review_count"":""observed"",""question_count"":""observed"",""delivery_summary"":""observed"",""shipping_cost"":""observed"",""properties"":""observed""}",true,
2026-08-19,2026-08-19T09:00:50+03:00,çocuk,BEST_SELLER,cocuk-oyuncak,çocuk oyuncak,159,8,183,183,,5,14.8,15.2,1158621099,1027595,KİDOSE Çocuklar İçin Punch Dikiş Etkinlik Seti | Tavşan Panda Kaplan Kurbağa Civciv,KİDOSE,Eğitici Oyuncak,https://www.trendyol.com/kidose/cocuklar-icin-punch-dikis-etkinlik-seti-tavsan-panda-kaplan-kurbaga-civciv-p-1158621099?boutiqueId=61&merchantId=1027595,KiDoSe,96,349.9,,,0,TRY,"[""Kargo Bedava"",""Trendyol Plus'a Özel""]",InStock,100 adetten fazla stok sunulmuştur,,,4.7,88,70,2,12,724 kişinin sepetinde,"4,7B kişi favoriledi",Son 24 saatte 364 kişi görüntüledi,4999,TRY,0,1,1,4,14 saat 52 dakika içinde sipariş verirsen en geç yarın kargoda!,,https://cdn.dsmcdn.com/ty1936/prod/QC_PREP/20260620/13/e18010fa-14fc-387c-abe9-ab91f80c6af3/1_org_zoom.jpg,"{""Paket İçeriği"":""5'li"",""Yaş"":""3+ Yaş"",""Piller Kutuya Dahil Mi?"":""Hayır"",""Dil"":""Evrensel Dil"",""Pil ile mi çalışır?"":""Hayır"",""Menşei"":""TR"",""Batarya Boyutu"":""Uygulanabilir Değil"",""Özellik"":""Katı""}",20,5,refreshed,"[""daily_top""]",true,2026-08-19T09:00:50+03:00,0,"[""search_result_dom"",""product_detail_jsonld"",""product_detail_dom""]","{""title"":""observed"",""brand"":""observed"",""seller_name"":""observed"",""seller_score"":""observed"",""price"":""observed"",""original_price"":""unavailable"",""campaigns"":""observed"",""stock_status"":""observed"",""stock_signal"":""observed"",""rating"":""observed"",""rating_count"":""observed"",""review_count"":""observed"",""question_count"":""observed"",""delivery_summary"":""observed"",""shipping_cost"":""observed"",""properties"":""observed""}",true,
2026-08-19,2026-08-19T09:00:50+03:00,çocuk,BEST_SELLER,cocuk-oyuncak,çocuk oyuncak,160,8,184,184,5,,20.6,9.4,994709860,109643,Genel Markalar Stıtch Blind Box Dünyası,Genel Markalar,Peluş Oyuncak,https://www.trendyol.com/genel-markalar/stitch-blind-box-dunyasi-p-994709860?boutiqueId=61&merchantId=109643,Rüya Gezegeni,89,266,,,,TRY,"[""Kargo Bedava""]",InStock,100 adetten fazla stok sunulmuştur,,,3.8,653,377,,195,478 kişinin sepetinde,"11,1B kişi favoriledi",Son 24 saatte 605 kişi görüntüledi,4999,TRY,0,1,1,4,14 saat 52 dakika içinde sipariş verirsen en geç yarın kargoda!,En Çok Satan 5. Ürün,https://cdn.dsmcdn.com/ty1931/prod/QC_ENRICHMENT/20260514/11/5bf7240b-9c55-31e3-b0ef-d94a20820d18/1_org_zoom.jpg,"{""Renk"":""Çok Renkli"",""Boyut"":""15 cm"",""Yaş"":""3+ Yaş"",""Dil"":""Türkçe"",""Pil ile mi çalışır?"":""Hayır"",""Piller Kutuya Dahil Mi?"":""Hayır"",""Menşei"":""TR""}",20,5,refreshed,"[""daily_top""]",true,2026-08-19T09:00:50+03:00,0,"[""search_result_dom"",""product_detail_jsonld"",""product_detail_dom""]","{""title"":""observed"",""brand"":""observed"",""seller_name"":""observed"",""seller_score"":""observed"",""price"":""observed"",""original_price"":""unavailable"",""campaigns"":""observed"",""stock_status"":""observed"",""stock_signal"":""observed"",""rating"":""observed"",""rating_count"":""observed"",""review_count"":""observed"",""question_count"":""observed"",""delivery_summary"":""observed"",""shipping_cost"":""observed"",""properties"":""observed""}",true,
2026-08-19,2026-08-19T09:00:50+03:00,çocuk,BEST_SELLER,cocuk-oyuncak,çocuk oyuncak,161,8,185,185,,,12.5,17.5,1090343235,346724,Cadence Kooky Aqua Slime Neon Renkler Seti Sihirli Su Oyunu 5X90ML,Cadence,Eğitici Oyuncak,https://www.trendyol.com/cadence/kooky-aqua-slime-neon-renkler-seti-sihirli-su-oyunu-5x90ml-p-1090343235?boutiqueId=61&merchantId=346724,Evimde Hobi,99,570,,,,TRY,"[""Kargo Bedava""]",InStock,100 adetten fazla stok sunulmuştur,,,4.5,71,36,,35,,"5,6B kişi favoriledi",,4999,TRY,0,,1,4,3 saat 52 dakika içinde sipariş verirsen en geç bugün kargoda!,,https://cdn.dsmcdn.com/ty1812/prod/QC_PREP/20260122/17/8dfcfd36-1539-3b64-985a-254f9bca67ce/1_org_zoom.jpg,"{""Paket İçeriği"":""1+"",""Yaş"":""1+ Yaş"",""Piller Kutuya Dahil Mi?"":""Hayır"",""Dil"":""Türkçe"",""Pil ile mi çalışır?"":""Hayır"",""Menşei"":""TR""}",20,5,refreshed,"[""daily_top""]",true,2026-08-19T09:00:50+03:00,0,"[""search_result_dom"",""product_detail_jsonld"",""product_detail_dom""]","{""title"":""observed"",""brand"":""observed"",""seller_name"":""observed"",""seller_score"":""observed"",""price"":""observed"",""original_price"":""unavailable"",""campaigns"":""observed"",""stock_status"":""observed"",""stock_signal"":""observed"",""rating"":""observed"",""rating_count"":""observed"",""review_count"":""observed"",""question_count"":""observed"",""delivery_summary"":""observed"",""shipping_cost"":""observed"",""properties"":""observed""}",true,
2026-08-19,2026-08-19T09:00:50+03:00,çocuk,BEST_SELLER,cocuk-oyuncak,çocuk oyuncak,162,8,186,186,,-94,18.1,11.9,1139242439,1230100,PAKİTO Manyetik 72 Parça Yapı Blokları Original -Mıknatıslı Manyetik Bloklar,PAKİTO,Eğitici Oyuncak,https://www.trendyol.com/pakito/manyetik-72-parca-yapi-bloklari-original-miknatisli-manyetik-bloklar-p-1139242439?boutiqueId=61&merchantId=1230100,LUMO STORE,92,1615.23,,,-53.8,TRY,"[""Kargo Bedava"",""Peşin Fiyatına 3 Taksit""]",InStock,100 adetten fazla stok sunulmuştur,,,4.6,281,182,5,49,"2,3B kişinin sepetinde","28,6B kişi favoriledi",Son 24 saatte 775 kişi görüntüledi,4999,TRY,0,,1,4,4 saat 52 dakika içinde sipariş verirsen en geç bugün kargoda!,,https://cdn.dsmcdn.com/ty1928/prod/QC_ENRICHMENT/20260519/11/93f4c100-f2d6-3100-ae6c-a313e0a06e74/1_org_zoom.jpg,"{""Paket İçeriği"":""72'li"",""Yaş"":""3+ Yaş"",""Piller Kutuya Dahil Mi?"":""Hayır"",""Dil"":""Türkçe"",""Pil ile mi çalışır?"":""Hayır"",""Diğer Özellikler"":""Çocukların kendi yapılarını ve modellerini oluşturmasına yardımcı olur. Hayal gücünü ve yaratıcı düşünmeyi desteklemeye yardımcı oyun yapısı sunar. Şekil ve renklerin tanınmasına katkı sağlar. El-göz koordinasyonu ve ince motor becerilerinin çalıştırılmasına yardımcı olur. Farklı parçaların nasıl birleştirileceğini keşfetmeye dayalı oyun imkânı sunar. Bireysel veya birlikte oynanabilecek farklı oyun senaryolarına uygundur. Taşıma çantası sayesinde parçaların düzenli şekilde muhafaza edilmesini kolaylaştırır. Taşıma çantasıyla farklı yerlere götürülebilir."",""Menşei"":""TR"",""Ürün Uyarıları (Oyuncak)"":""Dikkat Edilmesi Gerekenler Ürün küçük parçalar içerdiğinden 3 yaşından küçük çocuklar için uygun değildir. Ürün kutusunu referans olarak saklayınız. Lütfen uyarıları dikkatlice okuyunuz. Bu ürün zararlı kimyasallar içermez. Toksik olmayan, gıda sınıfı boyalar kullanılarak renklendirilmiştir. Kırılmış, açılmış veya mıknatısı dışarı çıkmış parçaları kullanmayınız. Mıknatısların yutulması veya solunması ciddi sağlık sorunlarına neden olabilir. Mıknatısın yutulduğundan veya solunduğundan şüphelenilmesi hâlinde derhal tıbbi yardım alınmalıdır. Parçaları ağıza sokmayınız. Ürün yetişkin gözetiminde kullanılmalıdır. Tüm ambalaj malzemelerini çıkarmadan ürünü çocuğa vermeyiniz. Ürünü ateşten ve yüksek sıcaklıktan uzak tutunuz."",""Batarya Türü"":""Diğer"",""Batarya Boyutu"":""Uygulanabilir Değil"",""Özellik"":""Mıknatıslı""}",20,5,refreshed,"[""daily_top"",""hot_change""]",true,2026-08-19T09:00:50+03:00,0,"[""search_result_dom"",""product_detail_jsonld"",""product_detail_dom""]","{""title"":""observed"",""brand"":""observed"",""seller_name"":""observed"",""seller_score"":""observed"",""price"":""observed"",""original_price"":""unavailable"",""campaigns"":""observed"",""stock_status"":""observed"",""stock_signal"":""observed"",""rating"":""observed"",""rating_count"":""observed"",""review_count"":""observed"",""question_count"":""observed"",""delivery_summary"":""observed"",""shipping_cost"":""observed"",""properties"":""observed""}",true,
2026-08-19,2026-08-19T09:00:50+03:00,çocuk,BEST_SELLER,cocuk-oyuncak,çocuk oyuncak,163,8,187,187,,,48.7,11.3,948755526,358282,Genel Markalar 52 Parça Montessori Gömlek Düğme İpe Dizme Eğitici Oyuncağı Anaokulu Okul Öncesi Zeka Seti,Genel Markalar,Eğitici Oyuncak,https://www.trendyol.com/genel-markalar/52-parca-montessori-gomlek-dugme-ipe-dizme-egitici-oyuncagi-anaokulu-okul-oncesi-zeka-seti-p-948755526?boutiqueId=61&merchantId=358282,kidva,93,179.9,257,30,,TRY,"[""Sepette %30 İndirim"",""Kargo Bedava""]",InStock,100 adetten fazla stok sunulmuştur,,,4.7,461,219,,37,712 kişinin sepetinde,"25,9B kişi favoriledi",Son 24 saatte 372 kişi görüntüledi,4999,TRY,0,1,1,4,14 saat 52 dakika içinde sipariş verirsen en geç yarın kargoda!,,https://cdn.dsmcdn.com/ty1914/prod/QC_ENRICHMENT/20260514/12/58dccbfc-2154-3582-ac4c-05052688877c/1_org_zoom.jpg,"{""Paket İçeriği"":""1+"",""Yaş"":""3+ Yaş"",""Piller Kutuya Dahil Mi?"":""Hayır"",""Dil"":""Türkçe"",""Pil ile mi çalışır?"":""Hayır"",""Diğer Özellikler"":""Çocukların el becerisini, dikkat ve odaklanmasını geliştiren Montessori eğitici set. 4 renkte gömlek formundaki tabla, 36 düğme, 8 çift yönlü oyun kartı ve 4 ip bağcık gelir; rakip 24 düğmeye karşı 36 düğme fazla oyun çeşitliliği sunar. İp 70 cm gömlek delikleri için yeterlidir. Mıknatıs ve kalem gerektirmeyen ipe dizme mekaniği Montessori serbest oyun sunar, kayıp parça riski yoktur. Sağlam plastik yapı sınıf ve uzun ev kullanımı için dayanıklıdır. 4 yaş üzeri kız ve erkek çocuklar için ebeveyn kontrolünde uygundur; ekransız oyun telefon ve tablet alternatifi olarak önerilir. El-göz koordinasyonu, ince motor beceri, mantık yürütme, algı, renk algısı ve sabır becerilerini destekler; okul öncesi, anaokulu, kreş ve özel eğitime uygundur. 1 kutu 2 kişiye önerilir; 16-20 kişilik sınıfa 4-5 paket yeterlidir, öğretmenler sınıf etkinliği için tercih eder. Bireysel ve grup oyununa uygun yapı paylaşımı destekler."",""Menşei"":""TR"",""Ürün Uyarıları (Oyuncak)"":""Bu eğitici set 4 yaş ve üzeri çocuklar için tasarlanmıştır. Küçük düğme parçaları içerdiğinden 3 yaş altı çocuklara verilmemelidir, yutma riski vardır. Yetişkin gözetiminde kullanılması önerilir. Düğmeleri ağıza götürmeyiniz, küçük parça yutulması ciddi sağlık riski oluşturur. İp bağcıkları çocuğun boynuna dolanmasına izin vermeyin; oyun sonrası ipleri toplayıp yetişkin saklamasında tutun. Ürünü doğrudan güneş ışığında ve nemli ortamlarda saklamayınız. Sert darbelerden koruyunuz. Renk tonlarında üretim partileri arasında küçük farklılıklar oluşabilir. Kalite kontrol sürecimiz ile her sete tüm parçalar tam yerleştirilir; teslim sırasında eksiklik fark ederseniz tarafımızla iletişime geçebilirsiniz. Kullanım sonrası tüm parçaları toplayıp düzenli yerleştiriniz, kayıp parça riski olmasın. Üretici firma kullanım hatalarından kaynaklanan zararlardan sorumlu değildir."",""Batarya Türü"":""Diğer"",""Batarya Boyutu"":""Uygulanabilir Değil"",""Özellik"":""Diğer""}",20,5,refreshed,"[""daily_top""]",true,2026-08-19T09:00:50+03:00,0,"[""search_result_dom"",""product_detail_jsonld"",""product_detail_dom""]","{""title"":""observed"",""brand"":""observed"",""seller_name"":""observed"",""seller_score"":""observed"",""price"":""observed"",""original_price"":""observed"",""campaigns"":""observed"",""stock_status"":""observed"",""stock_signal"":""observed"",""rating"":""observed"",""rating_count"":""observed"",""review_count"":""observed"",""question_count"":""observed"",""delivery_summary"":""observed"",""shipping_cost"":""observed"",""properties"":""observed""}",true,
2026-08-19,2026-08-19T09:00:50+03:00,çocuk,BEST_SELLER,cocuk-oyuncak,çocuk oyuncak,164,8,188,188,,,7.2,22.8,1172720548,137889,robokids Montessori Dinozor Renk Eşleştirme Duyu Oyuncağı,robokids,Eğitici Oyuncak,https://www.trendyol.com/robokids/montessori-dinozor-renk-eslestirme-duyu-oyuncagi-p-1172720548?boutiqueId=61&merchantId=137889,Robokids,95,349,,,,TRY,"[""Kargo Bedava""]",InStock,100 adetten fazla stok sunulmuştur,,,4.9,11,7,,2,473 kişinin sepetinde,"2,2B kişi favoriledi",Son 24 saatte 547 kişi görüntüledi,4999,TRY,0,1,1,4,14 saat 52 dakika içinde sipariş verirsen en geç yarın kargoda!,,https://cdn.dsmcdn.com/ty1905/prod/QC_ENRICHMENT/20260811/16/00dcc0e5-2411-33ba-813b-49ced5dfd279/1_org_zoom.jpg,"{""Paket İçeriği"":""1'li"",""Yaş"":""1 - 2 Yaş"",""Piller Kutuya Dahil Mi?"":""Hayır"",""Dil"":""Evrensel Dil"",""Pil ile mi çalışır?"":""Hayır"",""Menşei"":""CH""}",7,4.86,refreshed,"[""daily_top""]",true,2026-08-19T09:00:50+03:00,0,"[""search_result_dom"",""product_detail_jsonld"",""product_detail_dom""]","{""title"":""observed"",""brand"":""observed"",""seller_name"":""observed"",""seller_score"":""observed"",""price"":""observed"",""original_price"":""unavailable"",""campaigns"":""observed"",""stock_status"":""observed"",""stock_signal"":""observed"",""rating"":""observed"",""rating_count"":""observed"",""review_count"":""observed"",""question_count"":""observed"",""delivery_summary"":""observed"",""shipping_cost"":""observed"",""properties"":""observed""}",true,
2026-08-19,2026-08-19T09:00:50+03:00,çocuk,BEST_SELLER,cocuk-oyuncak,çocuk oyuncak,165,8,189,189,,,32.6,12.4,1039450514,1179105,Lemut Blockland 400 Parça ( KUTUSUZ ) pixel Yaratıcı tasarım yapı inşaa eğitici Oyuncak minecraft,Lemut,Yapı Oyuncakları,https://www.trendyol.com/lemut/blockland-400-parca-kutusuz-pixel-yaratici-tasarim-yapi-insaa-egitici-oyuncak-minecraft-p-1039450514?boutiqueId=61&merchantId=1179105,Nevline,95,121.6,143.06,15,,TRY,"[""Sepette %15 İndirim"",""Kargo Bedava""]",InStock,100 adetten fazla stok sunulmuştur,,,4.6,266,157,,39,,"4,9B kişi favoriledi",,4999,TRY,0,,1,4,3 saat 52 dakika içinde sipariş verirsen en geç bugün kargoda!,,https://cdn.dsmcdn.com/ty1905/prod/QC_ENRICHMENT/20260717/16/1dd00395-8976-312c-801f-165e599e99c2/1_org_zoom.jpg,"{""Parça Sayısı"":""400"",""Yaş"":""3+ Yaş"",""Menşei"":""TR""}",20,5,refreshed,"[""daily_top""]",true,2026-08-19T09:00:50+03:00,0,"[""search_result_dom"",""product_detail_jsonld"",""product_detail_dom""]","{""title"":""observed"",""brand"":""observed"",""seller_name"":""observed"",""seller_score"":""observed"",""price"":""observed"",""original_price"":""observed"",""campaigns"":""observed"",""stock_status"":""observed"",""stock_signal"":""observed"",""rating"":""observed"",""rating_count"":""observed"",""review_count"":""observed"",""question_count"":""observed"",""delivery_summary"":""observed"",""shipping_cost"":""observed"",""properties"":""observed""}",true,
2026-08-19,2026-08-19T09:00:50+03:00,çocuk,BEST_SELLER,cocuk-oyuncak,çocuk oyuncak,166,8,190,190,,,16,14,973604479,744768,Nandy Home Gözlüklü Civciv Model Karakter Figürü 3D Yapı Oyuncakları,Nandy Home,Yapı Oyuncakları,https://www.trendyol.com/nandy-home/gozluklu-civciv-model-karakter-figuru-3d-yapi-oyuncaklari-p-973604479?boutiqueId=61&merchantId=744768,Nandy Kids,96,136.62,,,,TRY,"[""Kargo Bedava""]",InStock,100 adetten fazla stok sunulmuştur,,,4.7,229,99,,14,466 kişinin sepetinde,"15,5B kişi favoriledi",,4999,TRY,0,,1,4,5 saat 52 dakika içinde sipariş verirsen en geç bugün kargoda!,,https://cdn.dsmcdn.com/ty1927/prod/QC_ENRICHMENT/20260522/10/453f1153-5ea3-301c-8159-a99d65ab157c/1_org_zoom.jpg,"{""Seri"":""Mini Figürler"",""Parça Sayısı"":""51-100"",""Yaş"":""6+ Yaş"",""Diğer Özellikler"":""."",""Menşei"":""CN"",""Ürün Uyarıları (Oyuncak)"":""Küçük parçalar içerir. 3 yaş altı çocuklar için uygun değildir."",""Batarya Türü"":""Diğer"",""Özellik"":""Standart""}",20,5,refreshed,"[""daily_top""]",true,2026-08-19T09:00:50+03:00,0,"[""search_result_dom"",""product_detail_jsonld"",""product_detail_dom""]","{""title"":""observed"",""brand"":""observed"",""seller_name"":""observed"",""seller_score"":""observed"",""price"":""observed"",""original_price"":""unavailable"",""campaigns"":""observed"",""stock_status"":""observed"",""stock_signal"":""observed"",""rating"":""observed"",""rating_count"":""observed"",""review_count"":""observed"",""question_count"":""observed"",""delivery_summary"":""observed"",""shipping_cost"":""observed"",""properties"":""observed""}",true,
2026-08-19,2026-08-19T09:00:50+03:00,çocuk,BEST_SELLER,cocuk-oyuncak,çocuk oyuncak,167,8,191,191,,7,11.2,18.8,1142827589,306081,"Fisher Price Bebek Aktivite Kitabı Aynalı – Tummy Time Oyuncağı, Montesorri Duyusal ve Görsel Gelişim 0-3 Yaş",Fisher Price,Bebek & Aktivite Oyuncakları,https://www.trendyol.com/fisher-price/bebek-aktivite-kitabi-aynali-tummy-time-oyuncagi-montesorri-duyusal-ve-gorsel-gelisim-0-3-yas-p-1142827589?boutiqueId=61&merchantId=306081,TabaGrup,93,449,,,0,TRY,"[""Kargo Bedava""]",InStock,100 adetten fazla stok sunulmuştur,,,4.7,38,24,0,4,323 kişinin sepetinde,"5,1B kişi favoriledi",Son 24 saatte 341 kişi görüntüledi,4999,TRY,0,,1,4,1 saat 52 dakika içinde sipariş verirsen en geç bugün kargoda!,,https://cdn.dsmcdn.com/ty1895/prod/QC_PREP/20260505/16/fabc016c-1ea1-3924-a121-d96be823f37e/1_org_zoom.jpg,"{""Paket İçeriği"":""1'li"",""Yaş"":""1 - 2 Yaş"",""Dil"":""Türkçe"",""Pil ile mi çalışır?"":""Hayır"",""Piller Kutuya Dahil Mi?"":""Hayır"",""Menşei"":""TR"",""Ürün Uyarıları (Oyuncak)"":""montesorri aynalı""}",20,5,refreshed,"[""daily_top""]",true,2026-08-19T09:00:50+03:00,0,"[""search_result_dom"",""product_detail_jsonld"",""product_detail_dom""]","{""title"":""observed"",""brand"":""observed"",""seller_name"":""observed"",""seller_score"":""observed"",""price"":""observed"",""original_price"":""unavailable"",""campaigns"":""observed"",""stock_status"":""observed"",""stock_signal"":""observed"",""rating"":""observed"",""rating_count"":""observed"",""review_count"":""observed"",""question_count"":""observed"",""delivery_summary"":""observed"",""shipping_cost"":""observed"",""properties"":""observed""}",true,
2026-08-19,2026-08-19T09:00:50+03:00,çocuk,BEST_SELLER,cocuk-oyuncak,çocuk oyuncak,168,8,192,192,,,22.4,7.6,303017450,200893,LEGO ® Botanicals Orkide 10311 – Yetişkinler için Dekoratif Yapay Bitki Modeli Yapım Seti (608 Parça),LEGO,Diğer Oyun Takımları,https://www.trendyol.com/lego/botanicals-orkide-10311-yetiskinler-icin-dekoratif-yapay-bitki-modeli-yapim-seti-608-parca-p-303017450?boutiqueId=61&merchantId=200893,ALDIMGİTTİ,94,2269,,,,TRY,"[""Kargo Bedava"",""Peşin Fiyatına 3 Taksit"",""Son 10 Günün En Düşük Fiyatı""]",InStock,100 adetten fazla stok sunulmuştur,,,4.7,1441,634,,98,"1,2B kişinin sepetinde","169,9B kişi favoriledi",Son 24 saatte 854 kişi görüntüledi,4999,TRY,0,1,1,4,14 saat 52 dakika içinde sipariş verirsen en geç yarın kargoda!,En Çok Favorilenen 4. Ürün,https://cdn.dsmcdn.com/ty1744/product/media/images/prod/PIM/20250919/17/bc1a36b1-ee9b-482c-a73d-c596c74fb815/1_org_zoom.jpg,"{""Seri"":""Botanicals"",""Parça Sayısı"":""501-1000"",""Yaş"":""13+ Yaş"",""Diğer Özellikler"":""Standart"",""Menşei"":""CH"",""Ürün Uyarıları (Oyuncak)"":""Küçük parçalar içerdiğinden 3 yaş altı çocuklar için uygun değildir; ürünün yetişkin gözetiminde, kullanım talimatına uygun şekilde kullanılması önerilir."",""Özellik"":""Gece Ekstra""}",20,5,refreshed,"[""daily_top""]",true,2026-08-19T09:00:50+03:00,0,"[""search_result_dom"",""product_detail_jsonld"",""product_detail_dom""]","{""title"":""observed"",""brand"":""observed"",""seller_name"":""observed"",""seller_score"":""observed"",""price"":""observed"",""original_price"":""unavailable"",""campaigns"":""observed"",""stock_status"":""observed"",""stock_signal"":""observed"",""rating"":""observed"",""rating_count"":""observed"",""review_count"":""observed"",""question_count"":""observed"",""delivery_summary"":""observed"",""shipping_cost"":""observed"",""properties"":""observed""}",true,
2026-08-19,2026-08-19T09:00:50+03:00,çocuk,BEST_SELLER,cocuk-oyuncak,çocuk oyuncak,169,8,193,193,,,13.6,16.4,1071656852,835085,LEGO ® Botanicals Papatyalar 11508 - 9+ Yaratıcı Oyuncak Yapım Seti (133 Parça),LEGO,Yapı Oyuncakları,https://www.trendyol.com/lego/botanicals-papatyalar-11508-9-yaratici-oyuncak-yapim-seti-133-parca-p-1071656852?boutiqueId=61&merchantId=835085,tekbutik,95,804,,,,TRY,"[""40 TL Kupon"",""Kargo Bedava"",""Son 10 Günün En Düşük Fiyatı""]",InStock,10 adetten fazla stok sunulmuştur,,,4.6,171,49,,6,885 kişinin sepetinde,"37,3B kişi favoriledi",Son 24 saatte 561 kişi görüntüledi,4999,TRY,0,1,1,4,3 saat 52 dakika içinde sipariş verirsen en geç bugün kargoda!,,https://cdn.dsmcdn.com/ty1000324/product/media/images/prod/PIM/20260130/14/5f67c1bf-5551-4fda-9f9c-6e2a26c41e47/1_org_zoom.jpg,"{""Seri"":""Icons"",""Parça Sayısı"":""133"",""Yaş"":""9+ Yaş"",""Diğer Özellikler"":""-"",""Menşei"":""CH"",""Ürün Uyarıları (Oyuncak)"":""Küçük parçalar içerdiğinden 3 yaş altı çocuklar için uygun değildir; ürünün yetişkin gözetiminde, kullanım talimatına uygun şekilde kullanılması önerilir."",""Özellik"":""Diğer""}",20,5,refreshed,"[""daily_top""]",true,2026-08-19T09:00:50+03:00,0,"[""search_result_dom"",""product_detail_jsonld"",""product_detail_dom""]","{""title"":""observed"",""brand"":""observed"",""seller_name"":""observed"",""seller_score"":""observed"",""price"":""observed"",""original_price"":""unavailable"",""campaigns"":""observed"",""stock_status"":""observed"",""stock_signal"":""observed"",""rating"":""observed"",""rating_count"":""observed"",""review_count"":""observed"",""question_count"":""observed"",""delivery_summary"":""observed"",""shipping_cost"":""observed"",""properties"":""observed""}",true,
2026-08-19,2026-08-19T09:00:50+03:00,çocuk,BEST_SELLER,cocuk-oyuncak,çocuk oyuncak,170,8,194,194,,,18.7,11.3,891374467,1210458,"Genel Markalar Small Duck Oyuncak, Işıklı Sesli Kaykay Ördek Müzikli Dön Dolaş Ördek Oyunu",Genel Markalar,Bebek & Aktivite Oyuncakları,https://www.trendyol.com/genel-markalar/small-duck-oyuncak-isikli-sesli-kaykay-ordek-muzikli-don-dolas-ordek-oyunu-p-891374467?boutiqueId=61&merchantId=1210458,MERDO SHOPİNG,83,428,,,,TRY,"[""Kargo Bedava"",""Trendyol Plus'a Özel""]",InStock,10 adetten fazla stok sunulmuştur,,,3.9,457,214,,172,,24B kişi favoriledi,Son 24 saatte 480 kişi görüntüledi,4999,TRY,0,1,1,4,3 saat 52 dakika içinde sipariş verirsen en geç bugün kargoda!,,https://cdn.dsmcdn.com/ty1625/prod/QC/20250113/12/f0fbb264-62c4-3b79-97f3-724e4e5d7160/1_org_zoom.jpg,"{""Paket İçeriği"":""Belirtilmemiş"",""Yaş"":""3+ Yaş"",""Dil"":""İngilizce"",""Pil ile mi çalışır?"":""Evet"",""Piller Kutuya Dahil Mi?"":""Hayır"",""Menşei"":""CN"",""Özellik"":""Uzun""}",20,5,refreshed,"[""daily_top""]",true,2026-08-19T09:00:50+03:00,0,"[""search_result_dom"",""product_detail_jsonld"",""product_detail_dom""]","{""title"":""observed"",""brand"":""observed"",""seller_name"":""observed"",""seller_score"":""observed"",""price"":""observed"",""original_price"":""unavailable"",""campaigns"":""observed"",""stock_status"":""observed"",""stock_signal"":""observed"",""rating"":""observed"",""rating_count"":""observed"",""review_count"":""observed"",""question_count"":""observed"",""delivery_summary"":""observed"",""shipping_cost"":""observed"",""properties"":""observed""}",true,
2026-08-19,2026-08-19T09:00:50+03:00,çocuk,BEST_SELLER,cocuk-oyuncak,çocuk oyuncak,171,8,195,195,,-40,21.8,11.2,743685603,111745,Intex Renkli Şişme Taban 3 Bölmeli Havuz 114X25 Cm,Intex,Deniz Malzemesi,https://www.trendyol.com/intex/renkli-sisme-taban-3-bolmeli-havuz-114x25-cm-p-743685603?boutiqueId=61&merchantId=111745,Onetick Outdoor,92,484.03,499,3,1,TRY,"[""Sepette %3 İndirim"",""Kargo Bedava""]",InStock,100 adetten fazla stok sunulmuştur,,,4.4,491,223,1,134,"1,4B kişinin sepetinde","24,6B kişi favoriledi",Son 24 saatte 425 kişi görüntüledi,4999,TRY,0,1,1,4,3 saat 52 dakika içinde sipariş verirsen en geç bugün kargoda!,En Çok Favorilenen 1. Ürün,https://cdn.dsmcdn.com/ty966/product/media/images/20230715/5/393893837/978591614/1/1_org_zoom.jpg,"{""Renk"":""Beyaz"",""Yaş"":""1+ Yaş"",""Menşei"":""TR""}",20,5,refreshed,"[""daily_top""]",true,2026-08-19T09:00:50+03:00,0,"[""search_result_dom"",""product_detail_jsonld"",""product_detail_dom""]","{""title"":""observed"",""brand"":""observed"",""seller_name"":""observed"",""seller_score"":""observed"",""price"":""observed"",""original_price"":""observed"",""campaigns"":""observed"",""stock_status"":""observed"",""stock_signal"":""observed"",""rating"":""observed"",""rating_count"":""observed"",""review_count"":""observed"",""question_count"":""observed"",""delivery_summary"":""observed"",""shipping_cost"":""observed"",""properties"":""observed""}",true,
2026-08-19,2026-08-19T09:00:50+03:00,çocuk,BEST_SELLER,cocuk-oyuncak,çocuk oyuncak,172,8,196,196,,,21.9,8.1,146732123,231173,metafortoys Eğitici Ahşap Geometrik Şekiller Bultak,metafortoys,Eğitici Oyuncak,https://www.trendyol.com/metafortoys/egitici-ahsap-geometrik-sekiller-bultak-p-146732123?boutiqueId=61&merchantId=231173,metafortoys,,159.9,,,,TRY,"[""Kargo Bedava""]",InStock,100 adetten fazla stok sunulmuştur,,,4.5,1239,541,,47,824 kişinin sepetinde,"54,8B kişi favoriledi",,4999,TRY,0,,1,4,2 saat 52 dakika içinde sipariş verirsen en geç bugün kargoda!,,https://cdn.dsmcdn.com/ty178/product/media/images/20210920/3/133567921/246279395/0/0_org_zoom.jpg,"{""Paket İçeriği"":""13'lü"",""Yaş"":""2+ Yaş"",""Piller Kutuya Dahil Mi?"":""Hayır"",""Dil"":""Türkçe"",""Pil ile mi çalışır?"":""Hayır"",""Özellik"":""Uzun""}",20,5,refreshed,"[""daily_top""]",true,2026-08-19T09:00:50+03:00,0,"[""search_result_dom"",""product_detail_jsonld"",""product_detail_dom""]","{""title"":""observed"",""brand"":""observed"",""seller_name"":""observed"",""seller_score"":""unavailable"",""price"":""observed"",""original_price"":""unavailable"",""campaigns"":""observed"",""stock_status"":""observed"",""stock_signal"":""observed"",""rating"":""observed"",""rating_count"":""observed"",""review_count"":""observed"",""question_count"":""observed"",""delivery_summary"":""observed"",""shipping_cost"":""observed"",""properties"":""observed""}",true,
2026-08-19,2026-08-19T09:00:50+03:00,çocuk,BEST_SELLER,cocuk-oyuncak,çocuk oyuncak,173,8,197,197,,,19.6,11.7,156159165,119177,let's be child Lc Eğitici Geometrik Şekiller,let's be child,Eğitici Oyuncak,https://www.trendyol.com/let-s-be-child/lc-egitici-geometrik-sekiller-p-156159165?boutiqueId=61&merchantId=119177,Tıfıl Toys,88,383.9,388.99,1.3,,TRY,"[""Kargo Bedava"",""Son 10 Günün En Düşük Fiyatı"",""Son 10 günün en düşük fiyatı""]",InStock,100 adetten fazla stok sunulmuştur,,,4.8,340,195,,28,529 kişinin sepetinde,"22,6B kişi favoriledi",Son 24 saatte 322 kişi görüntüledi,4999,TRY,0,,1,4,4 saat 52 dakika içinde sipariş verirsen en geç bugün kargoda!,,https://cdn.dsmcdn.com/ty1738/prod/QC_ENRICHMENT/20250826/14/37b41348-5356-3aa9-aaa0-dbc3803073ba/1_org_zoom.jpg,"{""Paket İçeriği"":""1+"",""Yaş"":""3+ Yaş"",""Piller Kutuya Dahil Mi?"":""Hayır"",""Dil"":""Türkçe"",""Pil ile mi çalışır?"":""Hayır"",""Menşei"":""TR""}",20,5,refreshed,"[""daily_top""]",true,2026-08-19T09:00:50+03:00,0,"[""search_result_dom"",""product_detail_jsonld"",""product_detail_dom""]","{""title"":""observed"",""brand"":""observed"",""seller_name"":""observed"",""seller_score"":""observed"",""price"":""observed"",""original_price"":""observed"",""campaigns"":""observed"",""stock_status"":""observed"",""stock_signal"":""observed"",""rating"":""observed"",""rating_count"":""observed"",""review_count"":""observed"",""question_count"":""observed"",""delivery_summary"":""observed"",""shipping_cost"":""observed"",""properties"":""observed""}",true,
2026-08-19,2026-08-19T09:00:50+03:00,çocuk,BEST_SELLER,cocuk-oyuncak,çocuk oyuncak,174,9,198,198,,,9.8,20.2,1154927737,744768,Nandy Home Ortanca Çiçek Model Karakter Figürü 3D Yapı Oyuncakları - 130 Parça,Nandy Home,Yapı Oyuncakları,https://www.trendyol.com/nandy-home/ortanca-cicek-model-karakter-figuru-3d-yapi-oyuncaklari-130-parca-p-1154927737?boutiqueId=61&merchantId=744768,Nandy Kids,96,143.9,,,,TRY,"[""Kargo Bedava""]",InStock,100 adetten fazla stok sunulmuştur,,,4.4,32,16,,1,569 kişinin sepetinde,"7,7B kişi favoriledi",,4999,TRY,0,,1,4,5 saat 52 dakika içinde sipariş verirsen en geç bugün kargoda!,,https://cdn.dsmcdn.com/ty1941/prod/QC_PREP/20260610/10/57257630-8898-3d6d-9550-c51a861080fa/1_org_zoom.jpg,"{""Parça Sayısı"":""130"",""Yaş"":""6+ Yaş"",""Diğer Özellikler"":""Küçük parçalar içermektedir."",""Menşei"":""CN"",""Ürün Uyarıları (Oyuncak)"":""Küçük parçalar içermektedir."",""Batarya Türü"":""Diğer"",""Özellik"":""Standart""}",16,4,refreshed,"[""daily_top""]",true,2026-08-19T09:00:50+03:00,0,"[""search_result_dom"",""product_detail_jsonld"",""product_detail_dom""]","{""title"":""observed"",""brand"":""observed"",""seller_name"":""observed"",""seller_score"":""observed"",""price"":""observed"",""original_price"":""unavailable"",""campaigns"":""observed"",""stock_status"":""observed"",""stock_signal"":""observed"",""rating"":""observed"",""rating_count"":""observed"",""review_count"":""observed"",""question_count"":""observed"",""delivery_summary"":""observed"",""shipping_cost"":""observed"",""properties"":""observed""}",true,
2026-08-19,2026-08-19T09:00:50+03:00,çocuk,BEST_SELLER,cocuk-oyuncak,çocuk oyuncak,175,9,199,199,9,,15.6,14.4,899648398,288437,WOODROFFE Avokado Peluş Uyku Arkadaşı Yastık - Kalpli Avakado Peluş Oyuncak Yastık Hediyelik - 2 li Set,WOODROFFE,Peluş Oyuncak,https://www.trendyol.com/woodroffe/avokado-pelus-uyku-arkadasi-yastik-kalpli-avakado-pelus-oyuncak-yastik-hediyelik-2-li-set-p-899648398?boutiqueId=61&merchantId=288437,VAGON TOYS,95,273.41,,,,TRY,"[""Kargo Bedava""]",InStock,100 adetten fazla stok sunulmuştur,,,4.3,189,88,,36,700 kişinin sepetinde,"12,6B kişi favoriledi",Son 24 saatte 450 kişi görüntüledi,4999,TRY,0,,1,4,2 saat 51 dakika içinde sipariş verirsen en geç bugün kargoda!,En Çok Satan 9. Ürün,https://cdn.dsmcdn.com/ty1808/prod/QC_ENRICHMENT/20260106/23/fb69bdad-ccb5-351a-83bd-5305fa94dd19/1_org_zoom.jpg,"{""Renk"":""Yeşil"",""Boyut"":""45 cm"",""Yaş"":""1+ Yaş"",""Dil"":""Türkçe"",""Pil ile mi çalışır?"":""Hayır"",""Piller Kutuya Dahil Mi?"":""Hayır"",""Menşei"":""TR""}",20,5,refreshed,"[""daily_top""]",true,2026-08-19T09:00:50+03:00,0,"[""search_result_dom"",""product_detail_jsonld"",""product_detail_dom""]","{""title"":""observed"",""brand"":""observed"",""seller_name"":""observed"",""seller_score"":""observed"",""price"":""observed"",""original_price"":""unavailable"",""campaigns"":""observed"",""stock_status"":""observed"",""stock_signal"":""observed"",""rating"":""observed"",""rating_count"":""observed"",""review_count"":""observed"",""question_count"":""observed"",""delivery_summary"":""observed"",""shipping_cost"":""observed"",""properties"":""observed""}",true,
2026-08-19,2026-08-19T09:00:50+03:00,çocuk,BEST_SELLER,cocuk-oyuncak,çocuk oyuncak,176,9,200,200,,,53.9,6.1,803890711,357212,Go Toys Mind Chess Hafıza Oyunu Renklerle Hafıza Ve Zihin Geliştirme Satrancı Memory,Go Toys,Eğitici Oyuncak,https://www.trendyol.com/go-toys/mind-chess-hafiza-oyunu-renklerle-hafiza-ve-zihin-gelistirme-satranci-memory-p-803890711?boutiqueId=61&merchantId=357212,Shopist,91,132.3,189,30,,TRY,"[""Sepette %30 İndirim"",""Süper Fırsat Ürünü"",""Kargo Bedava""]",InStock,100 adetten fazla stok sunulmuştur,,,4.6,1839,960,,33,613 kişinin sepetinde,"28,8B kişi favoriledi",,4999,TRY,0,1,1,4,14 saat 51 dakika içinde sipariş verirsen en geç yarın kargoda!,,https://cdn.dsmcdn.com/ty1527/product/media/images/prod/QC/20240904/06/fb589d60-0c90-3500-a8ee-d5cf0698a03e/1_org_zoom.jpg,"{""Paket İçeriği"":""1'li"",""Yaş"":""3+ Yaş"",""Piller Kutuya Dahil Mi?"":""Hayır"",""Dil"":""Evrensel Dil"",""Pil ile mi çalışır?"":""Hayır"",""Menşei"":""TR""}",20,5,refreshed,"[""daily_top""]",true,2026-08-19T09:00:50+03:00,0,"[""search_result_dom"",""product_detail_jsonld"",""product_detail_dom""]","{""title"":""observed"",""brand"":""observed"",""seller_name"":""observed"",""seller_score"":""observed"",""price"":""observed"",""original_price"":""observed"",""campaigns"":""observed"",""stock_status"":""observed"",""stock_signal"":""observed"",""rating"":""observed"",""rating_count"":""observed"",""review_count"":""observed"",""question_count"":""observed"",""delivery_summary"":""observed"",""shipping_cost"":""observed"",""properties"":""observed""}",true,
