date,captured_at,query,sort,source_segment,source_query,segment_position,source_page,search_position,bestseller_rank,category_rank,rank_scope,rank_scope_position,rank_delta,trend_score,niche_score,product_id,merchant_id,offer_key,title,brand,category,url,seller_name,seller_score,price,original_price,discount_percent,price_delta_percent,currency,campaigns,stock_status,stock_signal,sales_signal,sales_signal_days,sales_signal_min,sales_signal_daily_min,rating,rating_count,review_count,review_delta,question_count,basket_signal,favorite_signal,view_signal,shipping_cost,shipping_currency,handling_days_min,handling_days_max,transit_days_min,transit_days_max,delivery_summary,badge,image_url,properties,sample_review_count,sample_review_avg,detail_status,detail_selection,detail_attempted,detail_refreshed_at,detail_age_days,data_sources,field_availability,detail_ok,detail_error
2026-08-21,2026-08-21T09:00:50+03:00,çocuk,BEST_SELLER,genel-cocuk,çocuk,1,1,1,1,10,cocuk:genel-cocuk,1,0,173.3,74.5,876839630,1047741,876839630:1047741,Magly Manyetik Yapı Blokları – Çocuklar İçin Renkli 3 Boyutlu 72 Parça Manyetik Karo Oyun Seti,Magly,Eğitici Oyuncak,https://www.trendyol.com/magly/manyetik-yapi-bloklari-cocuklar-icin-renkli-3-boyutlu-72-parca-manyetik-karo-oyun-seti-p-876839630?boutiqueId=61&merchantId=1047741,Magly,,1784.25,2745,35,0,TRY,"[""Sepette %35 İndirim"",""Kargo Bedava"",""Peşin Fiyatına 3 Taksit""]",InStock,100 adetten fazla stok sunulmuştur,Son 3 günde 10B+ ürün satıldı!,3,10000,3333.3,4.7,11056,6063,46,843,"36,7B kişinin sepetinde","454,4B kişi favoriledi",Son 24 saatte 31B kişi görüntüledi,4999,TRY,0,1,1,4,14 saat 56 dakika içinde sipariş verirsen en geç yarın kargoda!,,https://cdn.dsmcdn.com/ty1602/prod/QC/20241118/16/18962b5a-dc5e-3472-b1bb-56962270878a/1_org_zoom.jpg,"{""Paket İçeriği"":""72'li"",""Yaş"":""3+ Yaş"",""Piller Kutuya Dahil Mi?"":""Hayır"",""Dil"":""Evrensel Dil"",""Pil ile mi çalışır?"":""Hayır"",""Diğer Özellikler"":""manyetik bloklar"",""Menşei"":""TR"",""Ürün Uyarıları (Oyuncak)"":""3 yaş üstü"",""Batarya Türü"":""Diğer"",""Batarya Boyutu"":""Uygulanabilir Değil"",""Özellik"":""Diğer""}",20,5,refreshed,"[""daily_top""]",true,2026-08-21T09:00:50+03:00,0,"[""search_result_dom"",""product_detail_jsonld"",""product_detail_dom""]","{""title"":""observed"",""brand"":""observed"",""seller_name"":""observed"",""seller_score"":""unavailable"",""price"":""observed"",""original_price"":""observed"",""campaigns"":""observed"",""stock_status"":""observed"",""stock_signal"":""observed"",""rating"":""observed"",""rating_count"":""observed"",""review_count"":""observed"",""question_count"":""observed"",""delivery_summary"":""observed"",""shipping_cost"":""observed"",""properties"":""observed""}",true,
2026-08-21,2026-08-21T09:00:50+03:00,çocuk,BEST_SELLER,genel-cocuk,çocuk,2,1,2,2,10,cocuk:genel-cocuk,2,0,165.4,74.6,959516754,357212,959516754:357212,Go Toys Go Magnetic Series 72 Parça Manyetik Yapı Blokları Original - Mıknatıslı Manyetik Bloklar,Go Toys,Eğitici Oyuncak,https://www.trendyol.com/go-toys/go-magnetic-series-72-parca-manyetik-yapi-bloklari-original-miknatisli-manyetik-bloklar-p-959516754?boutiqueId=61&merchantId=357212,Shopist,91,1498,2140,30,0,TRY,"[""Sepette %30 İndirim"",""Kargo Bedava"",""Peşin Fiyatına 3 Taksit""]",InStock,100 adetten fazla stok sunulmuştur,Son 3 günde 2B+ ürün satıldı!,3,2000,666.7,4.2,11528,4758,25,611,"32,3B kişinin sepetinde","447,8B kişi favoriledi",Son 24 saatte 20B kişi görüntüledi,4999,TRY,0,1,1,4,14 saat 56 dakika içinde sipariş verirsen en geç yarın kargoda!,,https://cdn.dsmcdn.com/ty1000388/product/media/images/prod/PIM/20260417/06/199e148e-a776-48e6-963e-bef3603d28f4/1_org_zoom.jpg,"{""Paket İçeriği"":""72'li"",""Yaş"":""3+ Yaş"",""Piller Kutuya Dahil Mi?"":""Hayır"",""Dil"":""Evrensel Dil"",""Pil ile mi çalışır?"":""Hayır"",""Menşei"":""TR"",""Özellik"":""Mıknatıslı""}",20,5,refreshed,"[""daily_top""]",true,2026-08-21T09:00:50+03:00,0,"[""search_result_dom"",""product_detail_jsonld"",""product_detail_dom""]","{""title"":""observed"",""brand"":""observed"",""seller_name"":""observed"",""seller_score"":""observed"",""price"":""observed"",""original_price"":""observed"",""campaigns"":""observed"",""stock_status"":""observed"",""stock_signal"":""observed"",""rating"":""observed"",""rating_count"":""observed"",""review_count"":""observed"",""question_count"":""observed"",""delivery_summary"":""observed"",""shipping_cost"":""observed"",""properties"":""observed""}",true,
2026-08-21,2026-08-21T09:00:50+03:00,çocuk,BEST_SELLER,genel-cocuk,çocuk,3,1,3,3,10,cocuk:genel-cocuk,3,0,159.1,83.4,1133862156,1047741,1133862156:1047741,Magly Magnetic Cars Manyetik Araç Oyun Seti - Manyetik Yapı Blokları Araba Eklentisi,Magly,Araç Seti,https://www.trendyol.com/magly/magnetic-cars-manyetik-arac-oyun-seti-manyetik-yapi-bloklari-araba-eklentisi-p-1133862156?boutiqueId=61&merchantId=1047741,Magly,,354.25,545,35,0,TRY,"[""Sepette %35 İndirim"",""Kargo Bedava""]",InStock,100 adetten fazla stok sunulmuştur,Son 3 günde 2B+ ürün satıldı!,3,2000,666.7,4.8,566,320,8,28,"5,4B kişinin sepetinde","25,4B kişi favoriledi","Son 24 saatte 6,1B kişi görüntüledi",4999,TRY,0,1,1,4,14 saat 56 dakika içinde sipariş verirsen en geç yarın kargoda!,,https://cdn.dsmcdn.com/ty1940/prod/QC_ENRICHMENT/20260801/17/0fa1db89-f864-3b00-a028-5417c839a8ed/1_org_zoom.jpg,"{""Paket İçeriği"":""2'li"",""Yaş"":""3+ Yaş"",""Pil ile mi çalışır?"":""Hayır"",""Piller Kutuya Dahil Mi?"":""Hayır"",""Menşei"":""TR"",""Ürün Uyarıları (Oyuncak)"":""Küçük parçalar içerir. 3 yaşından küçük çocuklar için uygun değildir. Ürün özellikleri, renk ve içerik ambalajdaki görsellerden farklılık gösterebilir."",""Özellik"":""Mıknatıslı""}",20,5,refreshed,"[""daily_top""]",true,2026-08-21T09:00:50+03:00,0,"[""search_result_dom"",""product_detail_jsonld"",""product_detail_dom""]","{""title"":""observed"",""brand"":""observed"",""seller_name"":""observed"",""seller_score"":""unavailable"",""price"":""observed"",""original_price"":""observed"",""campaigns"":""observed"",""stock_status"":""observed"",""stock_signal"":""observed"",""rating"":""observed"",""rating_count"":""observed"",""review_count"":""observed"",""question_count"":""observed"",""delivery_summary"":""observed"",""shipping_cost"":""observed"",""properties"":""observed""}",true,
2026-08-21,2026-08-21T09:00:50+03:00,çocuk,BEST_SELLER,genel-cocuk,çocuk,4,1,4,4,10,cocuk:genel-cocuk,4,0,158.5,81.5,1043614871,1047741,1043614871:1047741,Magly Ball Run Parkur Oyunu – Çocuklar İçin Renkli 3 Boyutlu 101 Parça Yapı Seti - Manyetikler ve Yollar,Magly,Eğitici Oyuncak,https://www.trendyol.com/magly/ball-run-parkur-oyunu-cocuklar-icin-renkli-3-boyutlu-101-parca-yapi-seti-manyetikler-ve-yollar-p-1043614871?boutiqueId=61&merchantId=1047741,Magly,,1914.25,2945,35,0,TRY,"[""Sepette %35 İndirim"",""Kargo Bedava"",""Peşin Fiyatına 3 Taksit""]",InStock,100 adetten fazla stok sunulmuştur,Son 3 günde 2B+ ürün satıldı!,3,2000,666.7,4.6,1342,489,5,398,5B kişinin sepetinde,131B kişi favoriledi,"Son 24 saatte 8,2B kişi görüntüledi",4999,TRY,0,1,1,4,14 saat 56 dakika içinde sipariş verirsen en geç yarın kargoda!,,https://cdn.dsmcdn.com/ty1927/prod/QC_ENRICHMENT/20260721/09/acdc0338-2d13-3c1b-a642-49ecc363c67d/1_org_zoom.jpg,"{""Paket İçeriği"":""100'lü"",""Yaş"":""3+ Yaş"",""Piller Kutuya Dahil Mi?"":""Hayır"",""Dil"":""Evrensel Dil"",""Pil ile mi çalışır?"":""Hayır"",""Menşei"":""TR"",""Ürün Uyarıları (Oyuncak)"":""Küçük parçalar içerir.; 3 yaşından küçük çocuklar için uygun değildir.; Ürün özellikleri, renk ve içerik ambalajdaki görsellerden farklılık gösterebilir."",""Özellik"":""Mıknatıslı""}",20,5,refreshed,"[""daily_top""]",true,2026-08-21T09:00:50+03:00,0,"[""search_result_dom"",""product_detail_jsonld"",""product_detail_dom""]","{""title"":""observed"",""brand"":""observed"",""seller_name"":""observed"",""seller_score"":""unavailable"",""price"":""observed"",""original_price"":""observed"",""campaigns"":""observed"",""stock_status"":""observed"",""stock_signal"":""observed"",""rating"":""observed"",""rating_count"":""observed"",""review_count"":""observed"",""question_count"":""observed"",""delivery_summary"":""observed"",""shipping_cost"":""observed"",""properties"":""observed""}",true,
2026-08-21,2026-08-21T09:00:50+03:00,çocuk,BEST_SELLER,genel-cocuk,çocuk,5,1,5,5,4,cocuk:genel-cocuk,5,0,111.7,70.5,1081617521,1218056,1081617521:1218056,Mino Makers 78 Parça Manyetik Yapı Blokları - Çocuklar İçin 3 Boyutlu Renkli Mıknatıslı 78 Parça Manyetik Blok Oyun Seti,Mino Makers,Eğitici Oyuncak,https://www.trendyol.com/mino-makers/78-parca-manyetik-yapi-bloklari-cocuklar-icin-3-boyutlu-renkli-miknatisli-78-parca-manyetik-blok-oyun-seti-p-1081617521?boutiqueId=61&merchantId=1218056,Mino Makers,95,1452,1472.4,1.4,-0.4,TRY,"[""Son 10 Günün En Düşük Fiyatı"",""Peşin Fiyatına 3 Taksit"",""Son 10 günün en düşük fiyatı""]",InStock,100 adetten fazla stok sunulmuştur,Son 3 günde 1B+ ürün satıldı!,3,1000,333.3,4.4,1640,899,6,218,"6,6B kişinin sepetinde","77,2B kişi favoriledi","Son 24 saatte 6,1B kişi görüntüledi",4999,TRY,0,1,1,4,2 saat 56 dakika içinde sipariş verirsen en geç bugün kargoda!,En Çok Satan 4. Ürün,https://cdn.dsmcdn.com/ty1913/prod/QC_ENRICHMENT/20260604/14/9b97664c-feae-338d-92d9-c3d381847600/1_org_zoom.jpg,"{""Paket İçeriği"":""50 -100"",""Yaş"":""3+ Yaş"",""Piller Kutuya Dahil Mi?"":""Hayır"",""Dil"":""Evrensel Dil"",""Pil ile mi çalışır?"":""Hayır"",""Menşei"":""TR"",""Özellik"":""Mıknatıslı""}",20,5,refreshed,"[""daily_top""]",true,2026-08-21T09:00:50+03:00,0,"[""search_result_dom"",""product_detail_jsonld"",""product_detail_dom""]","{""title"":""observed"",""brand"":""observed"",""seller_name"":""observed"",""seller_score"":""observed"",""price"":""observed"",""original_price"":""observed"",""campaigns"":""observed"",""stock_status"":""observed"",""stock_signal"":""observed"",""rating"":""observed"",""rating_count"":""observed"",""review_count"":""observed"",""question_count"":""observed"",""delivery_summary"":""observed"",""shipping_cost"":""observed"",""properties"":""observed""}",true,
2026-08-21,2026-08-21T09:00:50+03:00,çocuk,BEST_SELLER,genel-cocuk,çocuk,6,1,6,6,10,cocuk:genel-cocuk,6,2,129.9,54.3,1124966835,1047741,1124966835:1047741,Magly Soft Bricks Yumuşak Yapı Blokları - Çocuklar İçin Renkli Esnek 42 Parça Yapı Blok Seti,Magly,Diğer Oyun Takımları,https://www.trendyol.com/magly/soft-bricks-yumusak-yapi-bloklari-cocuklar-icin-renkli-esnek-42-parca-yapi-blok-seti-p-1124966835?boutiqueId=61&merchantId=1047741,Magly,,614.25,945,35,0,TRY,"[""Sepette %35 İndirim"",""Kargo Bedava""]",InStock,100 adetten fazla stok sunulmuştur,Son 3 günde 500+ ürün satıldı!,3,500,166.7,4.8,271,206,1,19,"2,2B kişinin sepetinde","24,1B kişi favoriledi","Son 24 saatte 4,2B kişi görüntüledi",4999,TRY,0,1,1,4,14 saat 56 dakika içinde sipariş verirsen en geç yarın kargoda!,,https://cdn.dsmcdn.com/ty1929/prod/QC_ENRICHMENT/20260801/17/9cf2203b-7f5d-36bd-bf48-bf2a44663416/1_org_zoom.jpg,"{""Parça Sayısı"":""42"",""Yaş"":""1+ Yaş"",""Menşei"":""TR"",""Ürün Uyarıları (Oyuncak)"":""Küçük parçalar içerir.; 1 yaşından küçük çocuklar için uygun değildir.; Ürün özellikleri, renk ve içerik ambalajdaki görsellerden farklılık gösterebilir."",""Özellik"":""BPA Free""}",20,5,refreshed,"[""daily_top""]",true,2026-08-21T09:00:50+03:00,0,"[""search_result_dom"",""product_detail_jsonld"",""product_detail_dom""]","{""title"":""observed"",""brand"":""observed"",""seller_name"":""observed"",""seller_score"":""unavailable"",""price"":""observed"",""original_price"":""observed"",""campaigns"":""observed"",""stock_status"":""observed"",""stock_signal"":""observed"",""rating"":""observed"",""rating_count"":""observed"",""review_count"":""observed"",""question_count"":""observed"",""delivery_summary"":""observed"",""shipping_cost"":""observed"",""properties"":""observed""}",true,
2026-08-21,2026-08-21T09:00:50+03:00,çocuk,BEST_SELLER,genel-cocuk,çocuk,7,1,7,7,5,cocuk:genel-cocuk,7,5,92.8,53.8,1164531939,517848,1164531939:517848,FBZhome 72 Parça Manyetik Yapı Blokları - Çocuklar için Renkli 3 Boyutlu Karo Oyun Seti Oyuncak Yap-Boz,FBZhome,Eğitici Oyuncak,https://www.trendyol.com/fbzhome/72-parca-manyetik-yapi-bloklari-cocuklar-icin-renkli-3-boyutlu-karo-oyun-seti-oyuncak-yap-boz-p-1164531939?boutiqueId=61&merchantId=517848,FBZHOME,92,1199.9,,,0,TRY,"[""Kargo Bedava"",""Peşin Fiyatına 3 Taksit""]",InStock,100 adetten fazla stok sunulmuştur,Son 3 günde 500+ ürün satıldı!,3,500,166.7,4.7,269,204,19,65,"4,9B kişinin sepetinde","15,6B kişi favoriledi","Son 24 saatte 5,4B kişi görüntüledi",4999,TRY,0,,1,4,2 saat 56 dakika içinde sipariş verirsen en geç bugün kargoda!,En Çok Satan 5. Ürün,https://cdn.dsmcdn.com/ty1930/prod/QC_ENRICHMENT/20260717/11/b1cae3a6-3aff-35af-9567-d612ab4b08ee/1_org_zoom.jpg,"{""Paket İçeriği"":""72'li"",""Yaş"":""3+ Yaş"",""Piller Kutuya Dahil Mi?"":""Hayır"",""Dil"":""Evrensel Dil"",""Pil ile mi çalışır?"":""Hayır"",""Diğer Özellikler"":""manyetik mıknatıslı bloklar"",""Menşei"":""TR"",""Ürün Uyarıları (Oyuncak)"":""3 Yaş Üstü"",""Batarya Türü"":""Diğer"",""Batarya Boyutu"":""Uygulanabilir Değil"",""Özellik"":""Diğer""}",20,5,refreshed,"[""daily_top""]",true,2026-08-21T09:00:50+03:00,0,"[""search_result_dom"",""product_detail_jsonld"",""product_detail_dom""]","{""title"":""observed"",""brand"":""observed"",""seller_name"":""observed"",""seller_score"":""observed"",""price"":""observed"",""original_price"":""unavailable"",""campaigns"":""observed"",""stock_status"":""observed"",""stock_signal"":""observed"",""rating"":""observed"",""rating_count"":""observed"",""review_count"":""observed"",""question_count"":""observed"",""delivery_summary"":""observed"",""shipping_cost"":""observed"",""properties"":""observed""}",true,
2026-08-21,2026-08-21T09:00:50+03:00,çocuk,BEST_SELLER,genel-cocuk,çocuk,8,1,8,8,10,cocuk:genel-cocuk,8,2,131.2,47.9,875717599,1047741,875717599:1047741,Magly Manyetik Yapı Blokları – Çocuklar Için Renkli 3 Boyutlu 36 Parça Manyetik Karo Oyun Seti,Magly,Eğitici Oyuncak,https://www.trendyol.com/magly/manyetik-yapi-bloklari-cocuklar-icin-renkli-3-boyutlu-36-parca-manyetik-karo-oyun-seti-p-875717599?boutiqueId=61&merchantId=1047741,Magly,,1004.25,1545,35,0,TRY,"[""Sepette %35 İndirim"",""Kargo Bedava"",""Peşin Fiyatına 3 Taksit"",""Son 10 Günün En Düşük Fiyatı""]",InStock,100 adetten fazla stok sunulmuştur,Son 3 günde 500+ ürün satıldı!,3,500,166.7,4.7,1887,968,3,264,"3,7B kişinin sepetinde","178,8B kişi favoriledi","Son 24 saatte 5,8B kişi görüntüledi",4999,TRY,0,1,1,4,14 saat 56 dakika içinde sipariş verirsen en geç yarın kargoda!,,https://cdn.dsmcdn.com/ty1603/prod/QC/20241118/16/5a5a1ad9-65ef-318e-8e92-98a887cd504d/1_org_zoom.jpg,"{""Paket İçeriği"":""36'lı"",""Yaş"":""3+ Yaş"",""Piller Kutuya Dahil Mi?"":""Hayır"",""Dil"":""Evrensel Dil"",""Pil ile mi çalışır?"":""Hayır"",""Menşei"":""TR"",""Ürün Uyarıları (Oyuncak)"":""LEGO"",""Batarya Türü"":""Diğer"",""Özellik"":""Diğer""}",20,5,refreshed,"[""daily_top""]",true,2026-08-21T09:00:50+03:00,0,"[""search_result_dom"",""product_detail_jsonld"",""product_detail_dom""]","{""title"":""observed"",""brand"":""observed"",""seller_name"":""observed"",""seller_score"":""unavailable"",""price"":""observed"",""original_price"":""observed"",""campaigns"":""observed"",""stock_status"":""observed"",""stock_signal"":""observed"",""rating"":""observed"",""rating_count"":""observed"",""review_count"":""observed"",""question_count"":""observed"",""delivery_summary"":""observed"",""shipping_cost"":""observed"",""properties"":""observed""}",true,
2026-08-21,2026-08-21T09:00:50+03:00,çocuk,BEST_SELLER,genel-cocuk,çocuk,9,1,9,9,10,cocuk:genel-cocuk,9,-2,125.3,46.4,1010359257,357212,1010359257:357212,Go Toys Go Magnetic Series 2 Adet Araba Eklentisi Manyetik Oyuncak - Mıknatıslı Manyetik Bloklar,Go Toys,Eğitici Oyuncak,https://www.trendyol.com/go-toys/go-magnetic-series-2-adet-araba-eklentisi-manyetik-oyuncak-miknatisli-manyetik-bloklar-p-1010359257?boutiqueId=61&merchantId=357212,Shopist,91,269.85,385.5,30,0,TRY,"[""Sepette %30 İndirim"",""Kargo Bedava""]",InStock,100 adetten fazla stok sunulmuştur,Son 3 günde 500+ ürün satıldı!,3,500,166.7,4.3,2789,1326,6,167,"2,9B kişinin sepetinde","98,8B kişi favoriledi","Son 24 saatte 2,1B kişi görüntüledi",4999,TRY,0,1,1,4,14 saat 56 dakika içinde sipariş verirsen en geç yarın kargoda!,,https://cdn.dsmcdn.com/ty1000389/product/media/images/prod/PIM/20260417/06/10a07daf-0d4b-4394-9e25-5c4287910c1a/1_org_zoom.jpg,"{""Paket İçeriği"":""2'li"",""Yaş"":""3+ Yaş"",""Piller Kutuya Dahil Mi?"":""Hayır"",""Dil"":""Evrensel Dil"",""Pil ile mi çalışır?"":""Hayır"",""Menşei"":""TR""}",20,5,refreshed,"[""daily_top""]",true,2026-08-21T09:00:50+03:00,0,"[""search_result_dom"",""product_detail_jsonld"",""product_detail_dom""]","{""title"":""observed"",""brand"":""observed"",""seller_name"":""observed"",""seller_score"":""observed"",""price"":""observed"",""original_price"":""observed"",""campaigns"":""observed"",""stock_status"":""observed"",""stock_signal"":""observed"",""rating"":""observed"",""rating_count"":""observed"",""review_count"":""observed"",""question_count"":""observed"",""delivery_summary"":""observed"",""shipping_cost"":""observed"",""properties"":""observed""}",true,
2026-08-21,2026-08-21T09:00:50+03:00,çocuk,BEST_SELLER,genel-cocuk,çocuk,10,1,10,10,,cocuk:genel-cocuk,10,-4,96.3,42.9,955779223,947235,955779223:947235,ankahometoys Puzzle City 3D Yapı Blokları - 128 Parça Eğitici Şehir Kurma ve Tasarım Seti,ankahometoys,Eğitici Oyuncak,https://www.trendyol.com/ankahometoys/puzzle-city-3d-yapi-bloklari-128-parca-egitici-sehir-kurma-ve-tasarim-seti-p-955779223?boutiqueId=61&merchantId=947235,Kangamom,95,133.45,,,,TRY,"[""Kargo Bedava""]",InStock,100 adetten fazla stok sunulmuştur,Son 3 günde 500+ ürün satıldı!,3,500,166.7,4.4,6178,3141,7,279,7B kişinin sepetinde,"144,8B kişi favoriledi","Son 24 saatte 3,1B kişi görüntüledi",4999,TRY,0,,1,4,6 saat 56 dakika içinde sipariş verirsen en geç bugün kargoda!,En Çok Favorilenen 5. Ürün,https://cdn.dsmcdn.com/ty1859/prod/QC_ENRICHMENT/20260422/10/5c3c7aa8-5b58-3be6-8d39-27b0e52b1234/1_org_zoom.jpg,"{""Paket İçeriği"":""120'li"",""Yaş"":""3+ Yaş"",""Piller Kutuya Dahil Mi?"":""Hayır"",""Dil"":""Evrensel Dil"",""Pil ile mi çalışır?"":""Hayır"",""Menşei"":""TR"",""Ürün Uyarıları (Oyuncak)"":""3 yaş ve üzeri çocuklar için uygundur"",""Özellik"":""Enerji Tasarrufu""}",20,5,refreshed,"[""daily_top""]",true,2026-08-21T09:00:50+03:00,0,"[""search_result_dom"",""product_detail_jsonld"",""product_detail_dom""]","{""title"":""observed"",""brand"":""observed"",""seller_name"":""observed"",""seller_score"":""observed"",""price"":""observed"",""original_price"":""unavailable"",""campaigns"":""observed"",""stock_status"":""observed"",""stock_signal"":""observed"",""rating"":""observed"",""rating_count"":""observed"",""review_count"":""observed"",""question_count"":""observed"",""delivery_summary"":""observed"",""shipping_cost"":""observed"",""properties"":""observed""}",true,
2026-08-21,2026-08-21T09:00:50+03:00,çocuk,BEST_SELLER,genel-cocuk,çocuk,11,1,11,11,,cocuk:genel-cocuk,11,2,93.9,43.8,894860281,126620,894860281:126620,yükselen zeka İlk Pofidik Magnet Puzzle - Çiftlik Hayvanları,yükselen zeka,Bebek & Aktivite Oyuncakları,https://www.trendyol.com/yukselen-zeka/ilk-pofidik-magnet-puzzle-ciftlik-hayvanlari-p-894860281?boutiqueId=61&merchantId=126620,YÜKSELEN ZEKA,93,268.42,271.13,1,0,TRY,"[""Son 10 Günün En Düşük Fiyatı"",""Sepette %2 İndirim"",""Kargo Bedava"",""Son 10 günün en düşük fiyatı""]",InStock,100 adetten fazla stok sunulmuştur,Son 3 günde 500+ ürün satıldı!,3,500,166.7,4.7,3441,2070,6,114,3B kişinin sepetinde,"90,4B kişi favoriledi",Son 24 saatte 863 kişi görüntüledi,4999,TRY,0,3,1,6,Tahmini Teslim:,,https://cdn.dsmcdn.com/ty1631/prod/QC/20250124/17/e4e835b7-931f-36c9-b687-0ca9d05023a3/1_org_zoom.jpg,"{""Paket İçeriği"":""Belirtilmemiş"",""Yaş"":""0 - 1 Yaş"",""Dil"":""Türkçe"",""Pil ile mi çalışır?"":""Hayır"",""Piller Kutuya Dahil Mi?"":""Hayır"",""Menşei"":""TR""}",20,5,refreshed,"[""daily_top""]",true,2026-08-21T09:00:50+03:00,0,"[""search_result_dom"",""product_detail_jsonld"",""product_detail_dom""]","{""title"":""observed"",""brand"":""observed"",""seller_name"":""observed"",""seller_score"":""observed"",""price"":""observed"",""original_price"":""observed"",""campaigns"":""observed"",""stock_status"":""observed"",""stock_signal"":""observed"",""rating"":""observed"",""rating_count"":""observed"",""review_count"":""observed"",""question_count"":""observed"",""delivery_summary"":""observed"",""shipping_cost"":""observed"",""properties"":""observed""}",true,
2026-08-21,2026-08-21T09:00:50+03:00,çocuk,BEST_SELLER,genel-cocuk,çocuk,12,1,12,12,1,cocuk:genel-cocuk,12,-1,117.2,46.9,1107131330,357212,1107131330:357212,Go Toys Go Track Mavi Renk Esnek Yarış-Aksiyon Pisti 4.5 Mt - Flex track,Go Toys,Diğer Oyuncaklar,https://www.trendyol.com/go-toys/go-track-mavi-renk-esnek-yaris-aksiyon-pisti-4-5-mt-flex-track-p-1107131330?boutiqueId=61&merchantId=357212,Shopist,91,279.3,399,30,0,TRY,"[""Sepette %30 İndirim"",""Kargo Bedava""]",InStock,100 adetten fazla stok sunulmuştur,Son 3 günde 500+ ürün satıldı!,3,500,166.7,4.3,1842,728,6,147,"4,8B kişinin sepetinde","152,5B kişi favoriledi","Son 24 saatte 2,3B kişi görüntüledi",4999,TRY,0,1,1,4,14 saat 56 dakika içinde sipariş verirsen en geç yarın kargoda!,En Çok Satan 1. Ürün,https://cdn.dsmcdn.com/ty1829/prod/QC_PREP/20260219/22/7a0577d0-2537-3975-86db-ae4fc92191dc/1_org_zoom.jpg,"{""Paket İçeriği"":""1+"",""Yaş"":""1+ Yaş"",""Piller Kutuya Dahil Mi?"":""Hayır"",""Pil ile mi çalışır?"":""Hayır"",""Menşei"":""TR""}",20,5,refreshed,"[""daily_top""]",true,2026-08-21T09:00:50+03:00,0,"[""search_result_dom"",""product_detail_jsonld"",""product_detail_dom""]","{""title"":""observed"",""brand"":""observed"",""seller_name"":""observed"",""seller_score"":""observed"",""price"":""observed"",""original_price"":""observed"",""campaigns"":""observed"",""stock_status"":""observed"",""stock_signal"":""observed"",""rating"":""observed"",""rating_count"":""observed"",""review_count"":""observed"",""question_count"":""observed"",""delivery_summary"":""observed"",""shipping_cost"":""observed"",""properties"":""observed""}",true,
2026-08-21,2026-08-21T09:00:50+03:00,çocuk,BEST_SELLER,genel-cocuk,çocuk,13,1,13,13,9,cocuk:genel-cocuk,13,-4,117.3,49.4,987253589,1164978,987253589:1164978,"Genel Markalar 3'lü Bebek Vakumlu Döner Topaç: Duyu Gelişimi Destekli, Serbest Kombinasyonlu ABS Hayvan Oyuncağı",Genel Markalar,Eğitici Oyuncak,https://www.trendyol.com/genel-markalar/3-lu-bebek-vakumlu-doner-topac-duyu-gelisimi-destekli-serbest-kombinasyonlu-abs-hayvan-oyuncagi-p-987253589?boutiqueId=61&merchantId=1164978,BBSKY,96,599,921.54,35,0,TRY,"[""Sepette %35 İndirim"",""100 TL Kupon"",""Kargo Bedava"",""Sepette %20 İndirim""]",InStock,100 adetten fazla stok sunulmuştur,Son 3 günde 500+ ürün satıldı!,3,500,166.7,4.5,500,309,5,28,"2,6B kişinin sepetinde","37,9B kişi favoriledi","Son 24 saatte 1,7B kişi görüntüledi",4999,TRY,0,1,1,4,14 saat 56 dakika içinde sipariş verirsen en geç yarın kargoda!,En Çok Satan 9. Ürün,https://cdn.dsmcdn.com/ty1931/prod/QC_ENRICHMENT/20260802/22/a159a028-5cc9-37ec-9d3a-a1c6edfe06ac/1_org_zoom.jpg,"{""Paket İçeriği"":""3'lü"",""Yaş"":""1+ Yaş"",""Piller Kutuya Dahil Mi?"":""Hayır"",""Dil"":""Evrensel Dil"",""Pil ile mi çalışır?"":""Hayır"",""Diğer Özellikler"":""Çocukların el-göz becerilerini destekler"",""Menşei"":""CN"",""Ürün Uyarıları (Oyuncak)"":""1,10 ay ve üzeri bebekler için uygundur.2,Yalnızca yetişkin gözetiminde kullanılmalıdır.3,Ambalaj malzemelerini çocuklardan uzak tutunuz, boğulma tehlikesi vardır.4,Oyuncağı düzenli olarak kontrol edin, hasarlı parçaları kullanmayınız."",""Özellik"":""Vakumlu""}",20,5,refreshed,"[""daily_top""]",true,2026-08-21T09:00:50+03:00,0,"[""search_result_dom"",""product_detail_jsonld"",""product_detail_dom""]","{""title"":""observed"",""brand"":""observed"",""seller_name"":""observed"",""seller_score"":""observed"",""price"":""observed"",""original_price"":""observed"",""campaigns"":""observed"",""stock_status"":""observed"",""stock_signal"":""observed"",""rating"":""observed"",""rating_count"":""observed"",""review_count"":""observed"",""question_count"":""observed"",""delivery_summary"":""observed"",""shipping_cost"":""observed"",""properties"":""observed""}",true,
2026-08-21,2026-08-21T09:00:50+03:00,çocuk,BEST_SELLER,genel-cocuk,çocuk,14,1,14,14,,cocuk:genel-cocuk,14,0,81.7,47.5,887625564,496056,887625564:496056,Monalisa Çocuk Renkli Ponpon Toka 10’Lu,Monalisa,Toka,https://www.trendyol.com/monalisa/cocuk-renkli-ponpon-toka-10-lu-p-887625564?boutiqueId=61&merchantId=496056,Monalisa Toka,,20.99,,,0,TRY,"[""Sepette %10 İndirim"",""Sepette %1 İndirim"",""24,99 TL Kupon"",""Kargo Bedava"",""Son 10 Günün En Düşük Fiyatı"",""Trendyol Plus'a Özel""]",InStock,100 adetten fazla stok sunulmuştur,Son 3 günde 500+ ürün satıldı!,3,500,166.7,3.5,832,468,3,46,"1,7B kişinin sepetinde","29,8B kişi favoriledi",Son 24 saatte 710 kişi görüntüledi,4999,TRY,0,,1,4,5 saat 56 dakika içinde sipariş verirsen en geç bugün kargoda!,,https://cdn.dsmcdn.com/ty1618/prod/QC/20241228/00/c41205e3-a9f5-3702-9b76-f9d169b1362b/1_org_zoom.jpg,"{""Desen"":""Renkli"",""Materyal Bileşeni"":""kaplama"",""Materyal"":""Polyester"",""Renk"":""Çok Renkli"",""Menşei"":""TR""}",20,5,refreshed,"[""daily_top""]",true,2026-08-21T09:00:50+03:00,0,"[""search_result_dom"",""product_detail_jsonld"",""product_detail_dom""]","{""title"":""observed"",""brand"":""observed"",""seller_name"":""observed"",""seller_score"":""unavailable"",""price"":""observed"",""original_price"":""unavailable"",""campaigns"":""observed"",""stock_status"":""observed"",""stock_signal"":""observed"",""rating"":""observed"",""rating_count"":""observed"",""review_count"":""observed"",""question_count"":""observed"",""delivery_summary"":""observed"",""shipping_cost"":""observed"",""properties"":""observed""}",true,
2026-08-21,2026-08-21T09:00:50+03:00,çocuk,BEST_SELLER,genel-cocuk,çocuk,15,1,15,15,,cocuk:genel-cocuk,15,0,98.6,58.1,1183064934,357212,1183064934:357212,Go Toys Kinetik Top Duyusal Oyuncak - SpinnBall Stret Oyuncak 1 Adet,Go Toys,Eğitici Oyuncak,https://www.trendyol.com/go-toys/kinetik-top-duyusal-oyuncak-spinnball-stret-oyuncak-1-adet-p-1183064934?boutiqueId=61&merchantId=357212,Shopist,91,199.5,285,30,0,TRY,"[""Sepette %30 İndirim"",""Kargo Bedava""]",InStock,100 adetten fazla stok sunulmuştur,Son 3 günde 500+ ürün satıldı!,3,500,166.7,4,27,18,4,7,"6,5B kişinin sepetinde",16B kişi favoriledi,"Son 24 saatte 3,3B kişi görüntüledi",4999,TRY,0,1,1,4,14 saat 56 dakika içinde sipariş verirsen en geç yarın kargoda!,En Çok Ziyaret Edilen 9. Ürün,https://cdn.dsmcdn.com/ty1901/prod/QC_PREP/20260810/10/3e22a150-35e2-3887-b3ac-21a1aaf8afb2/1_org_zoom.jpg,"{""Paket İçeriği"":""1'li"",""Yaş"":""3+ Yaş"",""Piller Kutuya Dahil Mi?"":""Hayır"",""Dil"":""Evrensel Dil"",""Pil ile mi çalışır?"":""Hayır"",""Menşei"":""TR""}",18,3.83,refreshed,"[""daily_top""]",true,2026-08-21T09:00:50+03:00,0,"[""search_result_dom"",""product_detail_jsonld"",""product_detail_dom""]","{""title"":""observed"",""brand"":""observed"",""seller_name"":""observed"",""seller_score"":""observed"",""price"":""observed"",""original_price"":""observed"",""campaigns"":""observed"",""stock_status"":""observed"",""stock_signal"":""observed"",""rating"":""observed"",""rating_count"":""observed"",""review_count"":""observed"",""question_count"":""observed"",""delivery_summary"":""observed"",""shipping_cost"":""observed"",""properties"":""observed""}",true,
2026-08-21,2026-08-21T09:00:50+03:00,çocuk,BEST_SELLER,genel-cocuk,çocuk,16,1,16,16,10,cocuk:genel-cocuk,16,0,115.6,38.6,316612628,357212,316612628:357212,Go Toys Vakum Molekül 25 Parça Yapı Taşları Fidget Duyusal Eğitici Oyuncak Squigz,Go Toys,Eğitici Oyuncak,https://www.trendyol.com/go-toys/vakum-molekul-25-parca-yapi-taslari-fidget-duyusal-egitici-oyuncak-squigz-p-316612628?boutiqueId=61&merchantId=357212,Shopist,91,139.3,199,30,0,TRY,"[""Sepette %30 İndirim"",""Kargo Bedava""]",InStock,100 adetten fazla stok sunulmuştur,Son 3 günde 500+ ürün satıldı!,3,500,166.7,4.5,8899,4550,2,252,"2,6B kişinin sepetinde","133,4B kişi favoriledi","Son 24 saatte 1,3B kişi görüntüledi",4999,TRY,0,1,1,4,14 saat 56 dakika içinde sipariş verirsen en geç yarın kargoda!,,https://cdn.dsmcdn.com/ty1630/product/media/images/prod/PIM/20250130/16/56ab8680-a0e1-4ae0-b7d7-a6f77aa24d42/1_org_zoom.jpg,"{""Paket İçeriği"":""20 - 25"",""Yaş"":""1+ Yaş"",""Piller Kutuya Dahil Mi?"":""Hayır"",""Dil"":""Evrensel Dil"",""Pil ile mi çalışır?"":""Hayır"",""Diğer Özellikler"":""tr"",""Menşei"":""TR"",""Ürün Uyarıları (Oyuncak)"":""tr"",""Özellik"":""Vakumlu""}",20,5,refreshed,"[""daily_top""]",true,2026-08-21T09:00:50+03:00,0,"[""search_result_dom"",""product_detail_jsonld"",""product_detail_dom""]","{""title"":""observed"",""brand"":""observed"",""seller_name"":""observed"",""seller_score"":""observed"",""price"":""observed"",""original_price"":""observed"",""campaigns"":""observed"",""stock_status"":""observed"",""stock_signal"":""observed"",""rating"":""observed"",""rating_count"":""observed"",""review_count"":""observed"",""question_count"":""observed"",""delivery_summary"":""observed"",""shipping_cost"":""observed"",""properties"":""observed""}",true,
2026-08-21,2026-08-21T09:00:50+03:00,çocuk,BEST_SELLER,genel-cocuk,çocuk,17,1,17,17,1,cocuk:genel-cocuk,17,0,84,37.6,118658789,892989,118658789:892989,Dragora Ribana Bel Canvas Okul Pantolonu (BİR BÜYÜK BEDEN ALINMASI TAVSİYE EDİLİR),Dragora,,https://www.trendyol.com/dragora/ribana-bel-canvas-okul-pantolonu-bir-buyuk-beden-alinmasi-tavsiye-edilir-p-118658789?boutiqueId=61&merchantId=892989,YHM SALES,89,300,,,0,TRY,"[""Sepette %10 İndirim"",""Kargo Bedava"",""Trendyol Plus'a Özel""]",InStock,10 adetten fazla stok sunulmuştur,Son 3 günde 500+ ürün satıldı!,3,500,166.7,4.3,5167,,0,1237,"1,2B kişinin sepetinde","33,5B kişi favoriledi","Son 24 saatte 1,1B kişi görüntüledi",,,0,,,,14 saat 56 dakika içinde sipariş verirsen en geç yarın kargoda!,En Çok Satan 1. Ürün,,{},0,,refreshed,"[""daily_top""]",true,2026-08-21T09:00:50+03:00,0,"[""search_result_dom"",""product_detail_jsonld"",""product_detail_dom""]","{""title"":""observed"",""brand"":""observed"",""seller_name"":""observed"",""seller_score"":""observed"",""price"":""observed"",""original_price"":""unavailable"",""campaigns"":""observed"",""stock_status"":""observed"",""stock_signal"":""observed"",""rating"":""observed"",""rating_count"":""observed"",""review_count"":""unavailable"",""question_count"":""observed"",""delivery_summary"":""observed"",""shipping_cost"":""unavailable"",""properties"":""observed""}",true,
2026-08-21,2026-08-21T09:00:50+03:00,çocuk,BEST_SELLER,genel-cocuk,çocuk,18,1,18,18,10,cocuk:genel-cocuk,18,2,95.5,39.1,1134330771,357212,1134330771:357212,Go Toys Go Magnetic Series 26 Parça Yapı Tasarım Eklentisi - Mıknatıslı Manyetik Bloklar,Go Toys,Eğitici Oyuncak,https://www.trendyol.com/go-toys/go-magnetic-series-26-parca-yapi-tasarim-eklentisi-miknatisli-manyetik-bloklar-p-1134330771?boutiqueId=61&merchantId=357212,Shopist,91,696.5,995,30,0,TRY,"[""Sepette %30 İndirim"",""Kargo Bedava""]",InStock,100 adetten fazla stok sunulmuştur,Son 3 günde 250+ ürün satıldı!,3,250,83.3,4.1,261,144,1,30,"2,5B kişinin sepetinde","39,4B kişi favoriledi",Son 24 saatte 3B kişi görüntüledi,4999,TRY,0,1,1,4,14 saat 56 dakika içinde sipariş verirsen en geç yarın kargoda!,,https://cdn.dsmcdn.com/ty1856/prod/QC_PREP/20260417/10/080cdf77-a292-3644-b455-f3a138ee5502/1_org_zoom.jpg,"{""Paket İçeriği"":""Belirtilmemiş"",""Yaş"":""3+ Yaş"",""Piller Kutuya Dahil Mi?"":""Hayır"",""Dil"":""Evrensel Dil"",""Pil ile mi çalışır?"":""Hayır"",""Menşei"":""TR""}",20,5,refreshed,"[""daily_top""]",true,2026-08-21T09:00:50+03:00,0,"[""search_result_dom"",""product_detail_jsonld"",""product_detail_dom""]","{""title"":""observed"",""brand"":""observed"",""seller_name"":""observed"",""seller_score"":""observed"",""price"":""observed"",""original_price"":""observed"",""campaigns"":""observed"",""stock_status"":""observed"",""stock_signal"":""observed"",""rating"":""observed"",""rating_count"":""observed"",""review_count"":""observed"",""question_count"":""observed"",""delivery_summary"":""observed"",""shipping_cost"":""observed"",""properties"":""observed""}",true,
2026-08-21,2026-08-21T09:00:50+03:00,çocuk,BEST_SELLER,genel-cocuk,çocuk,19,1,19,19,1,cocuk:genel-cocuk,19,0,74,28.1,365516522,124095,365516522:124095,Mamma Smile Cotton Sallanır Üç Kademeli Ana Kucağı ( Oyuncak Aparatı Ve Seyahat Çantası ),Mamma,,https://www.trendyol.com/mamma/smile-cotton-sallanir-uc-kademeli-ana-kucagi-oyuncak-aparati-ve-seyahat-cantasi-p-365516522?boutiqueId=61&merchantId=124095,Mymama,96,1799,,,0,TRY,"[""Kargo Bedava"",""Peşin Fiyatına 3 Taksit""]",InStock,100 adetten fazla stok sunulmuştur,Son 3 günde 250+ ürün satıldı!,3,250,83.3,4.7,2997,,0,990,"2,4B kişinin sepetinde","66,6B kişi favoriledi","Son 24 saatte 2,8B kişi görüntüledi",,,0,,,,3 saat 56 dakika içinde sipariş verirsen en geç bugün kargoda!,En Çok Satan 1. Ürün,,{},0,,refreshed,"[""daily_top""]",true,2026-08-21T09:00:50+03:00,0,"[""search_result_dom"",""product_detail_jsonld"",""product_detail_dom""]","{""title"":""observed"",""brand"":""observed"",""seller_name"":""observed"",""seller_score"":""observed"",""price"":""observed"",""original_price"":""unavailable"",""campaigns"":""observed"",""stock_status"":""observed"",""stock_signal"":""observed"",""rating"":""observed"",""rating_count"":""observed"",""review_count"":""unavailable"",""question_count"":""observed"",""delivery_summary"":""observed"",""shipping_cost"":""unavailable"",""properties"":""observed""}",true,
2026-08-21,2026-08-21T09:00:50+03:00,çocuk,BEST_SELLER,genel-cocuk,çocuk,20,1,20,20,1,cocuk:genel-cocuk,20,-2,56.5,43.1,1165761655,252109,1165761655:252109,mucciden Pufix Dökülmeyen Baloncuk Oyuncağı | Sızdırmaz Baloncuk Şişesi | Çocuk Baloncuk Oyuncağı | Meyve Figürlü,mucciden,Bahçe Oyuncakları,https://www.trendyol.com/mucciden/pufix-dokulmeyen-baloncuk-oyuncagi-sizdirmaz-baloncuk-sisesi-cocuk-baloncuk-oyuncagi-meyve-figurlu-p-1165761655?boutiqueId=61&merchantId=252109,Miniko Kids,93,160,,,0.3,TRY,"[""Kargo Bedava""]",InStock,100 adetten fazla stok sunulmuştur,Son 3 günde 250+ ürün satıldı!,3,250,83.3,3.4,47,34,4,27,"4,2B kişinin sepetinde","16,2B kişi favoriledi","Son 24 saatte 1,3B kişi görüntüledi",4999,TRY,0,1,1,4,14 saat 56 dakika içinde sipariş verirsen en geç yarın kargoda!,En Çok Satan 1. Ürün,https://cdn.dsmcdn.com/ty1939/prod/QC_PREP/20260707/20/65b49733-1756-3901-ac23-d5a27ddcb6de/1_org_zoom.jpg,"{""Yaş"":""3+ Yaş"",""Menşei"":""TR""}",20,4.75,refreshed,"[""daily_top""]",true,2026-08-21T09:00:50+03:00,0,"[""search_result_dom"",""product_detail_jsonld"",""product_detail_dom""]","{""title"":""observed"",""brand"":""observed"",""seller_name"":""observed"",""seller_score"":""observed"",""price"":""observed"",""original_price"":""unavailable"",""campaigns"":""observed"",""stock_status"":""observed"",""stock_signal"":""observed"",""rating"":""observed"",""rating_count"":""observed"",""review_count"":""observed"",""question_count"":""observed"",""delivery_summary"":""observed"",""shipping_cost"":""observed"",""properties"":""observed""}",true,
2026-08-21,2026-08-21T09:00:50+03:00,çocuk,BEST_SELLER,genel-cocuk,çocuk,21,1,21,21,1,cocuk:genel-cocuk,21,3,60.1,37,1146152778,104936,1146152778:104936,Dark Seer DS Speedy Beyaz Mor Tekerlekli Işıklı Paten Çocuk Ayakkabı Sneaker,Dark Seer,,https://www.trendyol.com/dark-seer/ds-speedy-beyaz-mor-tekerlekli-isikli-paten-cocuk-ayakkabi-sneaker-p-1146152778?boutiqueId=61&merchantId=104936,Dark Seer,,1799.9,,,9.8,TRY,"[""Kargo Bedava"",""Peşin Fiyatına 3 Taksit""]",InStock,10 adetten fazla stok sunulmuştur,Son 3 günde 250+ ürün satıldı!,3,250,83.3,4.4,173,,0,90,"3,1B kişinin sepetinde","16,7B kişi favoriledi","Son 24 saatte 4,1B kişi görüntüledi",,,0,,,,Tahmini Teslim:,En Çok Satan 1. Ürün,,{},0,,refreshed,"[""daily_top""]",true,2026-08-21T09:00:50+03:00,0,"[""search_result_dom"",""product_detail_jsonld"",""product_detail_dom""]","{""title"":""observed"",""brand"":""observed"",""seller_name"":""observed"",""seller_score"":""unavailable"",""price"":""observed"",""original_price"":""unavailable"",""campaigns"":""observed"",""stock_status"":""observed"",""stock_signal"":""observed"",""rating"":""observed"",""rating_count"":""observed"",""review_count"":""unavailable"",""question_count"":""observed"",""delivery_summary"":""observed"",""shipping_cost"":""unavailable"",""properties"":""observed""}",true,
2026-08-21,2026-08-21T09:00:50+03:00,çocuk,BEST_SELLER,genel-cocuk,çocuk,22,1,22,22,2,cocuk:genel-cocuk,22,1,53.5,41.1,1166210359,1282015,1166210359:1282015,FunkyCraft Mini Canavar Araba Oyuncak Büyük Tekerlekli Arazi Arabası Erkek Çocuk Oyuncağı Eğlenceli Araba Koleksiyonu,FunkyCraft,Diğer Oyuncaklar,https://www.trendyol.com/funkycraft/mini-canavar-araba-oyuncak-buyuk-tekerlekli-arazi-arabasi-erkek-cocuk-oyuncagi-eglenceli-araba-koleksiyonu-p-1166210359?boutiqueId=61&merchantId=1282015,FunkyCraft,95,24.99,,,0,TRY,"[""Kargo Bedava""]",InStock,100 adetten fazla stok sunulmuştur,Son 3 günde 250+ ürün satıldı!,3,250,83.3,4.8,66,45,0,18,795 kişinin sepetinde,"2,3B kişi favoriledi",Son 24 saatte 434 kişi görüntüledi,4999,TRY,0,,1,4,2 saat 56 dakika içinde sipariş verirsen en geç bugün kargoda!,En Çok Satan 2. Ürün,https://cdn.dsmcdn.com/ty1909/prod/QC_PREP/20260708/18/124fa7b3-e366-3405-a5a1-9ad2f982bd7c/1_org_zoom.jpg,"{""Paket İçeriği"":""1+"",""Yaş"":""3+ Yaş"",""Piller Kutuya Dahil Mi?"":""Hayır"",""Pil ile mi çalışır?"":""Hayır"",""Menşei"":""TR"",""Batarya Boyutu"":""Uygulanabilir Değil""}",20,5,refreshed,"[""daily_top""]",true,2026-08-21T09:00:50+03:00,0,"[""search_result_dom"",""product_detail_jsonld"",""product_detail_dom""]","{""title"":""observed"",""brand"":""observed"",""seller_name"":""observed"",""seller_score"":""observed"",""price"":""observed"",""original_price"":""unavailable"",""campaigns"":""observed"",""stock_status"":""observed"",""stock_signal"":""observed"",""rating"":""observed"",""rating_count"":""observed"",""review_count"":""observed"",""question_count"":""observed"",""delivery_summary"":""observed"",""shipping_cost"":""observed"",""properties"":""observed""}",true,
2026-08-21,2026-08-21T09:00:50+03:00,çocuk,BEST_SELLER,genel-cocuk,çocuk,23,1,23,23,,cocuk:genel-cocuk,23,-1,58.5,33.5,1030904645,358282,1030904645:358282,BubbyPlay Çantalı Çiçek Bahçesi 52 Parça Yapım Seti Tak Çıkar Blok Montessori Eğitici Oyuncak Çocuk Gelişim 3 Yaş,BubbyPlay,Eğitici Oyuncak,https://www.trendyol.com/bubbyplay/cantali-cicek-bahcesi-52-parca-yapim-seti-tak-cikar-blok-montessori-egitici-oyuncak-cocuk-gelisim-3-yas-p-1030904645?boutiqueId=61&merchantId=358282,kidva,93,129.9,,,0,TRY,"[""Kargo Bedava""]",InStock,100 adetten fazla stok sunulmuştur,Son 3 günde 250+ ürün satıldı!,3,250,83.3,4.8,622,351,1,56,"1,1B kişinin sepetinde","6,1B kişi favoriledi",Son 24 saatte 903 kişi görüntüledi,4999,TRY,0,,1,4,14 saat 56 dakika içinde sipariş verirsen en geç yarın kargoda!,,https://cdn.dsmcdn.com/ty1909/prod/QC_ENRICHMENT/20260504/13/ad0d7bb3-62f8-3aae-98d5-f36cde82f6a5/1_org_zoom.jpg,"{""Paket İçeriği"":""50'li"",""Yaş"":""3+ Yaş"",""Piller Kutuya Dahil Mi?"":""Hayır"",""Dil"":""Türkçe"",""Pil ile mi çalışır?"":""Hayır"",""Diğer Özellikler"":""52 parça çiçek bahçesi yapım seti tak çıkar blok montessori eğitici oyuncak çocuk gelişim destekli ince motor beceri el göz koordinasyon renk algısı geliştirici 3 yaş ve üzeri kız ve erkek çocuk için uygun dayanıklı plastik anaokulu kreş malzemesi yaratıcı düşünme okul öncesi zeka geliştirici hayal gücü destekleyen pedagojik aktivite seti"",""Menşei"":""TR"",""Ürün Uyarıları (Oyuncak)"":""Ürün küçük parçalar içermektedir 0-3 yaş çocuklar için boğulma tehlikesi nedeniyle uygun değildir 3 yaş ve üzeri çocukların ebeveyn gözetiminde oynaması gerekmektedir 8 yaş altındaki çocuklar için yetişkin denetimi tavsiye edilir parçaları ağıza almayınız hasarlı veya kırık parçaları kullanmayınız çocuğun gözüne ve ağzına yaklaştırmayınız oyun sonrası mutlaka ellerin yıkanması önerilir"",""Batarya Türü"":""Diğer"",""Batarya Boyutu"":""Uygulanabilir Değil"",""Özellik"":""BPA Free""}",20,5,refreshed,"[""daily_top""]",true,2026-08-21T09:00:50+03:00,0,"[""search_result_dom"",""product_detail_jsonld"",""product_detail_dom""]","{""title"":""observed"",""brand"":""observed"",""seller_name"":""observed"",""seller_score"":""observed"",""price"":""observed"",""original_price"":""unavailable"",""campaigns"":""observed"",""stock_status"":""observed"",""stock_signal"":""observed"",""rating"":""observed"",""rating_count"":""observed"",""review_count"":""observed"",""question_count"":""observed"",""delivery_summary"":""observed"",""shipping_cost"":""observed"",""properties"":""observed""}",true,
2026-08-21,2026-08-21T09:00:50+03:00,çocuk,BEST_SELLER,genel-cocuk,çocuk,24,1,24,24,1,cocuk:genel-cocuk,24,-3,66.2,25.3,127941079,916075,127941079:916075,Tutku Renkli Erkek Çocuk Boxer 6 Lı Paket,Tutku,,https://www.trendyol.com/tutku/renkli-erkek-cocuk-boxer-6-li-paket-p-127941079?boutiqueId=61&merchantId=916075,TUTKU ELİT,92,357,364,1.9,,TRY,"[""Kargo Bedava"",""Son 10 Günün En Düşük Fiyatı"",""Son 10 günün en düşük fiyatı""]",InStock,100 adetten fazla stok sunulmuştur,Son 3 günde 250+ ürün satıldı!,3,250,83.3,4.5,3285,,0,518,"2,3B kişinin sepetinde","24,7B kişi favoriledi",Son 24 saatte 1B kişi görüntüledi,,,0,,,,14 saat 56 dakika içinde sipariş verirsen en geç yarın kargoda!,En Çok Satan 1. Ürün,,{},0,,refreshed,"[""daily_top""]",true,2026-08-21T09:00:50+03:00,0,"[""search_result_dom"",""product_detail_jsonld"",""product_detail_dom""]","{""title"":""observed"",""brand"":""observed"",""seller_name"":""observed"",""seller_score"":""observed"",""price"":""observed"",""original_price"":""observed"",""campaigns"":""observed"",""stock_status"":""observed"",""stock_signal"":""observed"",""rating"":""observed"",""rating_count"":""observed"",""review_count"":""unavailable"",""question_count"":""observed"",""delivery_summary"":""observed"",""shipping_cost"":""unavailable"",""properties"":""observed""}",true,
2026-08-21,2026-08-21T09:00:50+03:00,çocuk,BEST_SELLER,genel-cocuk,çocuk,25,2,25,25,1,cocuk:genel-cocuk,25,14,58,29.1,982881458,152772,982881458:152772,Serstil 6 Parça Anne Bebek Doğum ve Hastane Çıkış Çantası Seti - Pembe Puantiyeli,Serstil,,https://www.trendyol.com/serstil/6-parca-anne-bebek-dogum-ve-hastane-cikis-cantasi-seti-pembe-puantiyeli-p-982881458?boutiqueId=61&merchantId=152772,ESTİ,9,165.9,,,-17,TRY,"[""Kargo Bedava""]",InStock,100 adetten fazla stok sunulmuştur,Son 3 günde 250+ ürün satıldı!,3,250,83.3,4.7,940,,0,31,"1,9B kişinin sepetinde","41,7B kişi favoriledi","Son 24 saatte 1,5B kişi görüntüledi",,,0,,,,4 saat 56 dakika içinde sipariş verirsen en geç bugün kargoda!,En Çok Satan 1. Ürün,,{},0,,refreshed,"[""daily_top""]",true,2026-08-21T09:00:50+03:00,0,"[""search_result_dom"",""product_detail_jsonld"",""product_detail_dom""]","{""title"":""observed"",""brand"":""observed"",""seller_name"":""observed"",""seller_score"":""observed"",""price"":""observed"",""original_price"":""unavailable"",""campaigns"":""observed"",""stock_status"":""observed"",""stock_signal"":""observed"",""rating"":""observed"",""rating_count"":""observed"",""review_count"":""unavailable"",""question_count"":""observed"",""delivery_summary"":""observed"",""shipping_cost"":""unavailable"",""properties"":""observed""}",true,
2026-08-21,2026-08-21T09:00:50+03:00,çocuk,BEST_SELLER,genel-cocuk,çocuk,26,2,26,26,,cocuk:genel-cocuk,26,,67.2,,1185681169,1047741,1185681169:1047741,Magly Ball Pack Top Seti – Ball Run ile Uyumlu Top Eklentisi - Çocuklar için 12 Adet Renkli Ahşap Top,Magly,Eğitici Oyuncak,https://www.trendyol.com/magly/ball-pack-top-seti-ball-run-ile-uyumlu-top-eklentisi-cocuklar-icin-12-adet-renkli-ahsap-top-p-1185681169?boutiqueId=61&merchantId=1047741,Magly,,325,500,35,0,TRY,"[""Sepette %35 İndirim"",""Kargo Bedava""]",InStock,100 adetten fazla stok sunulmuştur,Son 3 günde 250+ ürün satıldı!,3,250,83.3,,,,0,2,474 kişinin sepetinde,"1,2B kişi favoriledi","Son 24 saatte 1,5B kişi görüntüledi",4999,TRY,0,1,1,4,14 saat 56 dakika içinde sipariş verirsen en geç yarın kargoda!,,https://cdn.dsmcdn.com/ty1922/prod/QC_PREP/20260814/15/7f7fb0b3-b331-342d-9c08-87756187d934/1_org_zoom.jpg,"{""Paket İçeriği"":""12'li"",""Yaş"":""3+ Yaş"",""Piller Kutuya Dahil Mi?"":""Hayır"",""Dil"":""Evrensel Dil"",""Pil ile mi çalışır?"":""Hayır"",""Menşei"":""TR"",""Ürün Uyarıları (Oyuncak)"":""Küçük parçalar içerir. 3 yaşından küçük çocuklar için uygun değildir. Ürün özellikleri, renk ve içerik ambalajdaki görsellerden farklılık gösterebilir.""}",0,,refreshed,"[""daily_top""]",true,2026-08-21T09:00:50+03:00,0,"[""search_result_dom"",""product_detail_jsonld"",""product_detail_dom""]","{""title"":""observed"",""brand"":""observed"",""seller_name"":""observed"",""seller_score"":""unavailable"",""price"":""observed"",""original_price"":""observed"",""campaigns"":""observed"",""stock_status"":""observed"",""stock_signal"":""observed"",""rating"":""unavailable"",""rating_count"":""unavailable"",""review_count"":""unavailable"",""question_count"":""observed"",""delivery_summary"":""observed"",""shipping_cost"":""observed"",""properties"":""observed""}",true,
2026-08-21,2026-08-21T09:00:50+03:00,çocuk,BEST_SELLER,genel-cocuk,çocuk,27,2,27,27,1,cocuk:genel-cocuk,27,101,61.9,21.9,110574796,290479,110574796:290479,Mai Perla Unisex Bebek Sarı Arılı 3 Lü Zıbın Takımı,Mai Perla,,https://www.trendyol.com/mai-perla/unisex-bebek-sari-arili-3-lu-zibin-takimi-p-110574796?boutiqueId=61&merchantId=290479,Mai Perla,,299.9,,,61.8,TRY,"[""Kargo Bedava""]",InStock,100 adetten fazla stok sunulmuştur,Son 3 günde 250+ ürün satıldı!,3,250,83.3,4.2,9331,,0,165,"2,3B kişinin sepetinde","137,6B kişi favoriledi","Son 24 saatte 1,6B kişi görüntüledi",,,0,,,,5 saat 56 dakika içinde sipariş verirsen en geç bugün kargoda!,En Çok Satan 1. Ürün,,{},0,,refreshed,"[""daily_top"",""hot_change""]",true,2026-08-21T09:00:50+03:00,0,"[""search_result_dom"",""product_detail_jsonld"",""product_detail_dom""]","{""title"":""observed"",""brand"":""observed"",""seller_name"":""observed"",""seller_score"":""unavailable"",""price"":""observed"",""original_price"":""unavailable"",""campaigns"":""observed"",""stock_status"":""observed"",""stock_signal"":""observed"",""rating"":""observed"",""rating_count"":""observed"",""review_count"":""unavailable"",""question_count"":""observed"",""delivery_summary"":""observed"",""shipping_cost"":""unavailable"",""properties"":""observed""}",true,
2026-08-21,2026-08-21T09:00:50+03:00,çocuk,BEST_SELLER,genel-cocuk,çocuk,28,2,28,28,1,cocuk:genel-cocuk,28,5,52.9,12.1,803899053,1188755,803899053:1188755,ENCİVA İsimli Özel Doğal Bebek Tarak Ve Ahşap Anı Küpü Seti Bebek Hediyelik Bakım Fotoğraf Yeni Doğan,ENCİVA,Bebek Hediyelik,https://www.trendyol.com/enciva/isimli-ozel-dogal-bebek-tarak-ve-ahsap-ani-kupu-seti-bebek-hediyelik-bakim-fotograf-yeni-dogan-p-803899053?boutiqueId=61&merchantId=1188755,ENCİVAN,8,349.95,,,4.9,TRY,"[""Kargo Bedava"",""Trendyol Plus'a Özel""]",InStock,100 adetten fazla stok sunulmuştur,,,,,4,6117,4127,18,25687,"1,9B kişinin sepetinde","160,4B kişi favoriledi","Son 24 saatte 1,1B kişi görüntüledi",4999,TRY,0,3,1,6,Tahmini Teslim:,En Çok Satan 1. Ürün,https://cdn.dsmcdn.com/ty1900/prod/QC_ENRICHMENT/20260721/20/75bc025c-13cc-3d6a-befc-664d3c5da703/1_org_zoom.jpg,"{""Renk"":""Bej"",""Menşei"":""TR""}",20,5,refreshed,"[""daily_top""]",true,2026-08-21T09:00:50+03:00,0,"[""search_result_dom"",""product_detail_jsonld"",""product_detail_dom""]","{""title"":""observed"",""brand"":""observed"",""seller_name"":""observed"",""seller_score"":""observed"",""price"":""observed"",""original_price"":""unavailable"",""campaigns"":""observed"",""stock_status"":""observed"",""stock_signal"":""observed"",""rating"":""observed"",""rating_count"":""observed"",""review_count"":""observed"",""question_count"":""observed"",""delivery_summary"":""observed"",""shipping_cost"":""observed"",""properties"":""observed""}",true,
2026-08-21,2026-08-21T09:00:50+03:00,çocuk,BEST_SELLER,genel-cocuk,çocuk,29,2,29,29,1,cocuk:genel-cocuk,29,24,47.5,15,87502008,207099,87502008:207099,Genel Markalar Bit Spreyi Ve Şampuan Tarak Set,Genel Markalar,Şampuan,https://www.trendyol.com/genel-markalar/bit-spreyi-ve-sampuan-tarak-set-p-87502008?boutiqueId=61&merchantId=207099,PİGMENT KOZMETİK LTD. ŞTİ.,93,178,,,,TRY,"[""Kargo Bedava"",""Son 10 Günün En Düşük Fiyatı""]",InStock,100 adetten fazla stok sunulmuştur,,,,,4.4,3390,1550,4,911,501 kişinin sepetinde,"14,8B kişi favoriledi",Son 24 saatte 350 kişi görüntüledi,4999,TRY,0,,1,4,3 saat 56 dakika içinde sipariş verirsen en geç bugün kargoda!,En Çok Satan 1. Ürün,https://cdn.dsmcdn.com/ty1552/product/media/images/ty1553/prod/QC/20240917/15/9b5a1302-bd50-30a0-a2ac-0a8c9aeebcc6/1_org_zoom.jpg,"{""Etki"":""Onarıcı"",""Hacim"":""1000 ml ve üzeri"",""Saç Tipi"":""Tüm Saç Tipleri"",""Menşei"":""TR"",""Ürün Güvenliği Bilgisi"":""Tehlikeli Değil"",""Refill"":""Hayır""}",20,5,refreshed,"[""daily_top""]",true,2026-08-21T09:00:50+03:00,0,"[""search_result_dom"",""product_detail_jsonld"",""product_detail_dom""]","{""title"":""observed"",""brand"":""observed"",""seller_name"":""observed"",""seller_score"":""observed"",""price"":""observed"",""original_price"":""unavailable"",""campaigns"":""observed"",""stock_status"":""observed"",""stock_signal"":""observed"",""rating"":""observed"",""rating_count"":""observed"",""review_count"":""observed"",""question_count"":""observed"",""delivery_summary"":""observed"",""shipping_cost"":""observed"",""properties"":""observed""}",true,
2026-08-21,2026-08-21T09:00:50+03:00,çocuk,BEST_SELLER,genel-cocuk,çocuk,30,2,30,30,10,cocuk:genel-cocuk,30,52,81.8,10,756100197,357212,756100197:357212,Go Toys Kurbağa Denge Ebeveyn Çocuk Etkileşimi Oyunu Eğitici Oyuncak Kutu Oyunu,Go Toys,Eğitici Oyuncak,https://www.trendyol.com/go-toys/kurbaga-denge-ebeveyn-cocuk-etkilesimi-oyunu-egitici-oyuncak-kutu-oyunu-p-756100197?boutiqueId=61&merchantId=357212,Shopist,91,111.3,159,30,0,TRY,"[""Sepette %30 İndirim"",""Kargo Bedava""]",InStock,100 adetten fazla stok sunulmuştur,,,,,4.6,18660,9485,1,254,"1,6B kişinin sepetinde","253,7B kişi favoriledi",Son 24 saatte 928 kişi görüntüledi,4999,TRY,0,3,1,6,14 saat 56 dakika içinde sipariş verirsen en geç yarın kargoda!,,https://cdn.dsmcdn.com/ty1624/product/media/images/prod/PIM/20250115/10/5d9c4506-058d-4c57-92e4-bc1db1ae5409/1_org_zoom.jpg,"{""Paket İçeriği"":""50'li"",""Yaş"":""3+ Yaş"",""Piller Kutuya Dahil Mi?"":""Hayır"",""Dil"":""Evrensel Dil"",""Pil ile mi çalışır?"":""Hayır"",""Menşei"":""TR"",""Ürün Uyarıları (Oyuncak)"":""3 yaş üzeri"",""Batarya Türü"":""Lityum-iyon"",""Özellik"":""Normal""}",20,5,refreshed,"[""daily_top""]",true,2026-08-21T09:00:50+03:00,0,"[""search_result_dom"",""product_detail_jsonld"",""product_detail_dom""]","{""title"":""observed"",""brand"":""observed"",""seller_name"":""observed"",""seller_score"":""observed"",""price"":""observed"",""original_price"":""observed"",""campaigns"":""observed"",""stock_status"":""observed"",""stock_signal"":""observed"",""rating"":""observed"",""rating_count"":""observed"",""review_count"":""observed"",""question_count"":""observed"",""delivery_summary"":""observed"",""shipping_cost"":""observed"",""properties"":""observed""}",true,
2026-08-21,2026-08-21T09:00:50+03:00,çocuk,BEST_SELLER,genel-cocuk,çocuk,31,2,31,31,2,cocuk:genel-cocuk,31,-1,45.4,12.1,118635846,357082,118635846:357082,Genel Markalar Ribana Bel Canvas Okul Pantolonu (BİR BÜYÜK BEDEN ALINMASI TAVSİYE EDİLİR),Genel Markalar,,https://www.trendyol.com/genel-markalar/ribana-bel-canvas-okul-pantolonu-bir-buyuk-beden-alinmasi-tavsiye-edilir-p-118635846?boutiqueId=61&merchantId=357082,ŞEKER COCUK,87,293,,,,TRY,"[""Kargo Bedava"",""Trendyol Plus'a Özel""]",InStock,50 adetten fazla stok sunulmuştur,,,,,4.2,2693,,0,675,715 kişinin sepetinde,"16,3B kişi favoriledi",Son 24 saatte 434 kişi görüntüledi,,,0,,,,14 saat 56 dakika içinde sipariş verirsen en geç yarın kargoda!,En Çok Satan 2. Ürün,,{},0,,refreshed,"[""daily_top""]",true,2026-08-21T09:00:50+03:00,0,"[""search_result_dom"",""product_detail_jsonld"",""product_detail_dom""]","{""title"":""observed"",""brand"":""observed"",""seller_name"":""observed"",""seller_score"":""observed"",""price"":""observed"",""original_price"":""unavailable"",""campaigns"":""observed"",""stock_status"":""observed"",""stock_signal"":""observed"",""rating"":""observed"",""rating_count"":""observed"",""review_count"":""unavailable"",""question_count"":""observed"",""delivery_summary"":""observed"",""shipping_cost"":""unavailable"",""properties"":""observed""}",true,
2026-08-21,2026-08-21T09:00:50+03:00,çocuk,BEST_SELLER,genel-cocuk,çocuk,32,2,32,32,10,cocuk:genel-cocuk,32,,58.9,26.1,1158160067,357212,1158160067:357212,Go Toys Yumuşak Yapı Blokları 48 Prc - Bublox Soft Bricks - Yumuşak Yapı Blokları,Go Toys,Diğer Oyun Takımları,https://www.trendyol.com/go-toys/yumusak-yapi-bloklari-48-prc-bublox-soft-bricks-yumusak-yapi-bloklari-p-1158160067?boutiqueId=61&merchantId=357212,Shopist,91,433.3,619,30,0,TRY,"[""Sepette %30 İndirim"",""Kargo Bedava""]",InStock,100 adetten fazla stok sunulmuştur,,,,,4.3,69,40,1,23,"2,4B kişinin sepetinde","32,1B kişi favoriledi","Son 24 saatte 2,1B kişi görüntüledi",4999,TRY,0,1,1,4,14 saat 55 dakika içinde sipariş verirsen en geç yarın kargoda!,,https://cdn.dsmcdn.com/ty1914/prod/QC_PREP/20260619/11/0a79a7b9-8f20-3d54-89d6-cf75f29ff67b/1_org_zoom.jpg,"{""Parça Sayısı"":""48"",""Yaş"":""1+ Yaş"",""Menşei"":""TR""}",20,5,refreshed,"[""daily_top""]",true,2026-08-21T09:00:50+03:00,0,"[""search_result_dom"",""product_detail_jsonld"",""product_detail_dom""]","{""title"":""observed"",""brand"":""observed"",""seller_name"":""observed"",""seller_score"":""observed"",""price"":""observed"",""original_price"":""observed"",""campaigns"":""observed"",""stock_status"":""observed"",""stock_signal"":""observed"",""rating"":""observed"",""rating_count"":""observed"",""review_count"":""observed"",""question_count"":""observed"",""delivery_summary"":""observed"",""shipping_cost"":""observed"",""properties"":""observed""}",true,
2026-08-21,2026-08-21T09:00:50+03:00,çocuk,BEST_SELLER,genel-cocuk,çocuk,33,2,33,33,1,cocuk:genel-cocuk,33,-14,41.3,11.2,804930315,1188,804930315:1188,Defacto Kız Çocuk 2'li 40 Denye Külotlu Okul Çorabı C5310A8NS,Defacto,,https://www.trendyol.com/defacto/kiz-cocuk-2-li-40-denye-kulotlu-okul-corabi-c5310a8ns-p-804930315?boutiqueId=61&merchantId=1188,DeFacto,87,99.99,,,0,TRY,[],InStock,100 adetten fazla stok sunulmuştur,,,,,4.6,2610,,0,61,"1,1B kişinin sepetinde","15,7B kişi favoriledi",,,,0,,,,Tahmini Teslim:,En Çok Satan 1. Ürün,,{},0,,refreshed,"[""daily_top""]",true,2026-08-21T09:00:50+03:00,0,"[""search_result_dom"",""product_detail_jsonld"",""product_detail_dom""]","{""title"":""observed"",""brand"":""observed"",""seller_name"":""observed"",""seller_score"":""observed"",""price"":""observed"",""original_price"":""unavailable"",""campaigns"":""unavailable"",""stock_status"":""observed"",""stock_signal"":""observed"",""rating"":""observed"",""rating_count"":""observed"",""review_count"":""unavailable"",""question_count"":""observed"",""delivery_summary"":""observed"",""shipping_cost"":""unavailable"",""properties"":""observed""}",true,
2026-08-21,2026-08-21T09:00:50+03:00,çocuk,BEST_SELLER,genel-cocuk,çocuk,34,2,34,34,,cocuk:genel-cocuk,34,2,34.5,15.5,860347310,931256,860347310:931256,tutobaby Montessori 6'sı 1 arada Eğitici ve Öğretici Duyusal Gelişim Oyuncağı,tutobaby,Eğitici Oyuncak,https://www.trendyol.com/tutobaby/montessori-6-si-1-arada-egitici-ve-ogretici-duyusal-gelisim-oyuncagi-p-860347310?boutiqueId=61&merchantId=931256,TuTobaby,98,349.99,,,0,TRY,"[""Kargo Bedava""]",InStock,100 adetten fazla stok sunulmuştur,,,,,4.6,1054,640,3,58,"2,1B kişinin sepetinde","57,4B kişi favoriledi","Son 24 saatte 1,6B kişi görüntüledi",4999,TRY,0,,1,4,4 saat 55 dakika içinde sipariş verirsen en geç bugün kargoda!,,https://cdn.dsmcdn.com/ty1609/prod/QC/20241204/15/019817e1-1ab7-341b-8730-7fd8237269fa/1_org_zoom.jpg,"{""Paket İçeriği"":""1+"",""Yaş"":""1+ Yaş"",""Piller Kutuya Dahil Mi?"":""Hayır"",""Dil"":""Türkçe"",""Pil ile mi çalışır?"":""Hayır"",""Menşei"":""CN"",""Özellik"":""BPA Free""}",20,5,refreshed,"[""daily_top""]",true,2026-08-21T09:00:50+03:00,0,"[""search_result_dom"",""product_detail_jsonld"",""product_detail_dom""]","{""title"":""observed"",""brand"":""observed"",""seller_name"":""observed"",""seller_score"":""observed"",""price"":""observed"",""original_price"":""unavailable"",""campaigns"":""observed"",""stock_status"":""observed"",""stock_signal"":""observed"",""rating"":""observed"",""rating_count"":""observed"",""review_count"":""observed"",""question_count"":""observed"",""delivery_summary"":""observed"",""shipping_cost"":""observed"",""properties"":""observed""}",true,
2026-08-21,2026-08-21T09:00:50+03:00,çocuk,BEST_SELLER,genel-cocuk,çocuk,35,2,35,35,1,cocuk:genel-cocuk,35,-14,43.3,7.5,114296689,979395,114296689:979395,Genel Markalar 5 Li Beyaz Hobistan Bebek Atlet Body Ribana Beyaz Modaicon,Genel Markalar,,https://www.trendyol.com/genel-markalar/5-li-beyaz-hobistan-bebek-atlet-body-ribana-beyaz-modaicon-p-114296689?boutiqueId=61&merchantId=979395,SPARKLY BABY,86,199.99,,,,TRY,"[""Kargo Bedava"",""Trendyol Plus'a Özel""]",InStock,10 adetten fazla stok sunulmuştur,,,,,4,14619,,0,1526,"3,4B kişinin sepetinde","152,7B kişi favoriledi","Son 24 saatte 1,3B kişi görüntüledi",,,0,,,,1 saat 55 dakika içinde sipariş verirsen en geç bugün kargoda!,En Çok Satan 1. Ürün,,{},0,,refreshed,"[""daily_top""]",true,2026-08-21T09:00:50+03:00,0,"[""search_result_dom"",""product_detail_jsonld"",""product_detail_dom""]","{""title"":""observed"",""brand"":""observed"",""seller_name"":""observed"",""seller_score"":""observed"",""price"":""observed"",""original_price"":""unavailable"",""campaigns"":""observed"",""stock_status"":""observed"",""stock_signal"":""observed"",""rating"":""observed"",""rating_count"":""observed"",""review_count"":""unavailable"",""question_count"":""observed"",""delivery_summary"":""observed"",""shipping_cost"":""unavailable"",""properties"":""observed""}",true,
2026-08-21,2026-08-21T09:00:50+03:00,çocuk,BEST_SELLER,genel-cocuk,çocuk,36,2,36,36,,cocuk:genel-cocuk,36,2,25.8,19.2,1103532328,137544,1103532328:137544,Kitchen Beauty Çocuklar İçin Silinebilir Çizim Defteri 6 Adet Kalem Hediyeli - Bebekler İçin Aktivite Oyuncak Seti,Kitchen Beauty,Eğitici Oyuncak,https://www.trendyol.com/kitchen-beauty/cocuklar-icin-silinebilir-cizim-defteri-6-adet-kalem-hediyeli-bebekler-icin-aktivite-oyuncak-seti-p-1103532328?boutiqueId=61&merchantId=137544,Eymen Ticaret,89,199.99,,,0,TRY,"[""Kargo Bedava""]",InStock,100 adetten fazla stok sunulmuştur,,,,,4.1,349,165,2,63,"2,8B kişinin sepetinde","54,4B kişi favoriledi","Son 24 saatte 1,8B kişi görüntüledi",4999,TRY,0,,1,4,3 saat 55 dakika içinde sipariş verirsen en geç bugün kargoda!,,https://cdn.dsmcdn.com/ty1825/prod/QC_PREP/20260213/17/fe778827-1156-32b2-843c-131e63009e09/1_org_zoom.jpg,"{""Paket İçeriği"":""Belirtilmemiş"",""Yaş"":""2+ Yaş"",""Piller Kutuya Dahil Mi?"":""Hayır"",""Dil"":""Türkçe"",""Pil ile mi çalışır?"":""Hayır"",""Menşei"":""CN""}",20,5,refreshed,"[""daily_top""]",true,2026-08-21T09:00:50+03:00,0,"[""search_result_dom"",""product_detail_jsonld"",""product_detail_dom""]","{""title"":""observed"",""brand"":""observed"",""seller_name"":""observed"",""seller_score"":""observed"",""price"":""observed"",""original_price"":""unavailable"",""campaigns"":""observed"",""stock_status"":""observed"",""stock_signal"":""observed"",""rating"":""observed"",""rating_count"":""observed"",""review_count"":""observed"",""question_count"":""observed"",""delivery_summary"":""observed"",""shipping_cost"":""observed"",""properties"":""observed""}",true,
2026-08-21,2026-08-21T09:00:50+03:00,çocuk,BEST_SELLER,genel-cocuk,çocuk,37,2,37,37,,cocuk:genel-cocuk,37,-8,16.6,25.9,1157437173,109643,1157437173:109643,"Rüya Gezegeni 1 Adet Mini Taş - Kağıt - Makas Oyunu Anahtarlık , Parmak Oyuncağı , Parti Hediye , Stres Giderici Hediye",Rüya Gezegeni,Eğitici Oyuncak,https://www.trendyol.com/ruya-gezegeni/1-adet-mini-tas-kagit-makas-oyunu-anahtarlik-parmak-oyuncagi-parti-hediye-stres-giderici-hediye-p-1157437173?boutiqueId=61&merchantId=109643,Rüya Gezegeni,89,24.99,,,0,TRY,"[""10 TL Kupon"",""Kargo Bedava"",""Trendyol Plus'a Özel""]",InStock,100 adetten fazla stok sunulmuştur,,,,,4.1,39,20,0,21,786 kişinin sepetinde,"4,4B kişi favoriledi",Son 24 saatte 572 kişi görüntüledi,4999,TRY,0,,1,4,1 saat 55 dakika içinde sipariş verirsen en geç bugün kargoda!,,https://cdn.dsmcdn.com/ty1896/prod/QC_PREP/20260617/14/347a899a-5305-3228-8903-50cbe492cc33/1_org_zoom.jpg,"{""Paket İçeriği"":""1+"",""Yaş"":""5+ Yaş"",""Piller Kutuya Dahil Mi?"":""Hayır"",""Dil"":""Türkçe"",""Pil ile mi çalışır?"":""Hayır"",""Menşei"":""TR""}",20,4.05,refreshed,"[""daily_top""]",true,2026-08-21T09:00:50+03:00,0,"[""search_result_dom"",""product_detail_jsonld"",""product_detail_dom""]","{""title"":""observed"",""brand"":""observed"",""seller_name"":""observed"",""seller_score"":""observed"",""price"":""observed"",""original_price"":""unavailable"",""campaigns"":""observed"",""stock_status"":""observed"",""stock_signal"":""observed"",""rating"":""observed"",""rating_count"":""observed"",""review_count"":""observed"",""question_count"":""observed"",""delivery_summary"":""observed"",""shipping_cost"":""observed"",""properties"":""observed""}",true,
2026-08-21,2026-08-21T09:00:50+03:00,çocuk,BEST_SELLER,genel-cocuk,çocuk,38,2,38,38,2,cocuk:genel-cocuk,38,9,32.3,12.3,860656615,977401,860656615:977401,pixelogart Kişiye Özel İsimli Doğal Ahşap Yenidoğan Bebek Türkçe Anı Küpü Çocuk Anne,pixelogart,Bebek Hediyelik,https://www.trendyol.com/pixelogart/kisiye-ozel-isimli-dogal-ahsap-yenidogan-bebek-turkce-ani-kupu-cocuk-anne-p-860656615?boutiqueId=61&merchantId=977401,Pixelogart,94,187.33,196.44,4.6,-6.3,TRY,"[""Son 10 Günün En Düşük Fiyatı"",""Kargo Bedava"",""Son 10 günün en düşük fiyatı""]",InStock,100 adetten fazla stok sunulmuştur,,,,,4.7,1496,929,18,318,"1,6B kişinin sepetinde","29,9B kişi favoriledi",Son 24 saatte 1B kişi görüntüledi,4999,TRY,0,1,1,4,14 saat 55 dakika içinde sipariş verirsen en geç yarın kargoda!,En Çok Satan 2. Ürün,https://cdn.dsmcdn.com/ty1936/prod/QC_ENRICHMENT/20260608/14/a994e478-2fd1-314f-959b-fc457aaf8d3c/1_org_zoom.jpg,"{""Renk"":""Siyah"",""Menşei"":""TR""}",20,5,refreshed,"[""daily_top""]",true,2026-08-21T09:00:50+03:00,0,"[""search_result_dom"",""product_detail_jsonld"",""product_detail_dom""]","{""title"":""observed"",""brand"":""observed"",""seller_name"":""observed"",""seller_score"":""observed"",""price"":""observed"",""original_price"":""observed"",""campaigns"":""observed"",""stock_status"":""observed"",""stock_signal"":""observed"",""rating"":""observed"",""rating_count"":""observed"",""review_count"":""observed"",""question_count"":""observed"",""delivery_summary"":""observed"",""shipping_cost"":""observed"",""properties"":""observed""}",true,
2026-08-21,2026-08-21T09:00:50+03:00,çocuk,BEST_SELLER,genel-cocuk,çocuk,39,2,39,39,2,cocuk:genel-cocuk,39,-19,34.3,5.5,741425668,1220966,741425668:1220966,"mordesign Çok Amaçlı Kalın Keçe Anne Bebek Bakım Çantası, Dolap İçi Organizer, Scotch Serisi",mordesign,,https://www.trendyol.com/mordesign/cok-amacli-kalin-kece-anne-bebek-bakim-cantasi-dolap-ici-organizer-scotch-serisi-p-741425668?boutiqueId=61&merchantId=1220966,mordesign,,247.25,252.47,2.1,-17.3,TRY,"[""Son 10 Günün En Düşük Fiyatı"",""Kargo Bedava"",""Son 10 günün en düşük fiyatı""]",InStock,100 adetten fazla stok sunulmuştur,,,,,4.7,5975,,0,89,"1,7B kişinin sepetinde","132,9B kişi favoriledi","Son 24 saatte 1,4B kişi görüntüledi",,,0,,,,14 saat 55 dakika içinde sipariş verirsen en geç yarın kargoda!,En Çok Favorilenen 1. Ürün,,{},0,,refreshed,"[""daily_top""]",true,2026-08-21T09:00:50+03:00,0,"[""search_result_dom"",""product_detail_jsonld"",""product_detail_dom""]","{""title"":""observed"",""brand"":""observed"",""seller_name"":""observed"",""seller_score"":""unavailable"",""price"":""observed"",""original_price"":""observed"",""campaigns"":""observed"",""stock_status"":""observed"",""stock_signal"":""observed"",""rating"":""observed"",""rating_count"":""observed"",""review_count"":""unavailable"",""question_count"":""observed"",""delivery_summary"":""observed"",""shipping_cost"":""unavailable"",""properties"":""observed""}",true,
2026-08-21,2026-08-21T09:00:50+03:00,çocuk,BEST_SELLER,genel-cocuk,çocuk,40,2,40,40,2,cocuk:genel-cocuk,40,-16,22.6,12.4,37828416,207099,37828416:207099,Bitex Set Şampuan 200Ml + Sprey 100Ml,Bitex,Şampuan,https://www.trendyol.com/bitex/set-sampuan-200ml-sprey-100ml-p-37828416?boutiqueId=61&merchantId=207099,PİGMENT KOZMETİK LTD. ŞTİ.,93,175,,,12.2,TRY,"[""Kargo Bedava"",""Son 10 Günün En Düşük Fiyatı""]",InStock,100 adetten fazla stok sunulmuştur,,,,,4.4,1371,659,-1,378,434 kişinin sepetinde,"4,6B kişi favoriledi",,4999,TRY,0,1,1,4,3 saat 55 dakika içinde sipariş verirsen en geç bugün kargoda!,En Çok Satan 2. Ürün,https://cdn.dsmcdn.com/ty1805/prod/QC_ENRICHMENT/20251225/15/d486e29e-3817-3dda-a43a-53b55de2ba97/1_org_zoom.jpg,"{""Etki"":""Nemlendirici"",""Hacim"":""10 ml"",""Saç Tipi"":""Tüm Saç Tipleri"",""Menşei"":""TR"",""Refill"":""Evet""}",20,5,refreshed,"[""daily_top""]",true,2026-08-21T09:00:50+03:00,0,"[""search_result_dom"",""product_detail_jsonld"",""product_detail_dom""]","{""title"":""observed"",""brand"":""observed"",""seller_name"":""observed"",""seller_score"":""observed"",""price"":""observed"",""original_price"":""unavailable"",""campaigns"":""observed"",""stock_status"":""observed"",""stock_signal"":""observed"",""rating"":""observed"",""rating_count"":""observed"",""review_count"":""observed"",""question_count"":""observed"",""delivery_summary"":""observed"",""shipping_cost"":""observed"",""properties"":""observed""}",true,
2026-08-21,2026-08-21T09:00:50+03:00,çocuk,BEST_SELLER,genel-cocuk,çocuk,41,2,41,41,1,cocuk:genel-cocuk,41,105,24.1,10.4,123276089,224156,123276089:224156,Genel Markalar Erkek Çocuk Polo Yaka Kısa Kol Okul T-shirt Beyaz,Genel Markalar,,https://www.trendyol.com/genel-markalar/erkek-cocuk-polo-yaka-kisa-kol-okul-t-shirt-beyaz-p-123276089?boutiqueId=61&merchantId=224156,kinderos,92,199,,,,TRY,"[""Kargo Bedava"",""Trendyol Plus'a Özel""]",InStock,100 adetten fazla stok sunulmuştur,,,,,4.1,1023,,0,119,,"5,6B kişi favoriledi",Son 24 saatte 323 kişi görüntüledi,,,0,,,,14 saat 55 dakika içinde sipariş verirsen en geç yarın kargoda!,En Çok Satan 1. Ürün,,{},0,,refreshed,"[""daily_top"",""hot_change""]",true,2026-08-21T09:00:50+03:00,0,"[""search_result_dom"",""product_detail_jsonld"",""product_detail_dom""]","{""title"":""observed"",""brand"":""observed"",""seller_name"":""observed"",""seller_score"":""observed"",""price"":""observed"",""original_price"":""unavailable"",""campaigns"":""observed"",""stock_status"":""observed"",""stock_signal"":""observed"",""rating"":""observed"",""rating_count"":""observed"",""review_count"":""unavailable"",""question_count"":""observed"",""delivery_summary"":""observed"",""shipping_cost"":""unavailable"",""properties"":""observed""}",true,
2026-08-21,2026-08-21T09:00:50+03:00,çocuk,BEST_SELLER,genel-cocuk,çocuk,42,2,42,42,2,cocuk:genel-cocuk,42,-1,25.2,8.8,37738604,109643,37738604:109643,UNO Kartlar W2087,UNO,Kutu Oyunu,https://www.trendyol.com/uno/kartlar-w2087-p-37738604?boutiqueId=61&merchantId=109643,Rüya Gezegeni,89,60,,,0,TRY,"[""Sepette %2 İndirim"",""Kargo Bedava"",""Son 10 Günün En Düşük Fiyatı"",""Trendyol Plus'a Özel""]",InStock,100 adetten fazla stok sunulmuştur,,,,,3.4,2485,1413,-2,226,"1,7B kişinin sepetinde","48,6B kişi favoriledi",Son 24 saatte 604 kişi görüntüledi,4999,TRY,0,,1,4,1 saat 55 dakika içinde sipariş verirsen en geç bugün kargoda!,En Çok Satan 2. Ürün,https://cdn.dsmcdn.com/ty1629/prod/QC/20250130/02/b85d34e7-271a-3675-9005-0a7d753ea871/1_org_zoom.jpg,"{""Oyuncu Sayısı"":""1-3 Kişi"",""Yaş"":""9+ Yaş"",""Dil"":""Türkçe"",""Menşei"":""TR"",""Özellik"":""Belirtilmemiş""}",20,5,refreshed,"[""daily_top""]",true,2026-08-21T09:00:50+03:00,0,"[""search_result_dom"",""product_detail_jsonld"",""product_detail_dom""]","{""title"":""observed"",""brand"":""observed"",""seller_name"":""observed"",""seller_score"":""observed"",""price"":""observed"",""original_price"":""unavailable"",""campaigns"":""observed"",""stock_status"":""observed"",""stock_signal"":""observed"",""rating"":""observed"",""rating_count"":""observed"",""review_count"":""observed"",""question_count"":""observed"",""delivery_summary"":""observed"",""shipping_cost"":""observed"",""properties"":""observed""}",true,
2026-08-21,2026-08-21T09:00:50+03:00,çocuk,BEST_SELLER,genel-cocuk,çocuk,43,2,43,43,2,cocuk:genel-cocuk,43,-15,29.7,3.8,333202282,662772,333202282:662772,merfbaby Cotton Oyuncaklı Ana Kucağı - Gri,merfbaby,,https://www.trendyol.com/merfbaby/cotton-oyuncakli-ana-kucagi-gri-p-333202282?boutiqueId=61&merchantId=662772,MerfBaby,93,1699,,,0,TRY,"[""Kargo Bedava"",""Peşin Fiyatına 3 Taksit""]",InStock,100 adetten fazla stok sunulmuştur,,,,,4.8,5097,,0,993,"1,4B kişinin sepetinde","87,7B kişi favoriledi","Son 24 saatte 1,6B kişi görüntüledi",,,0,,,,Tahmini Teslim:,En Çok Satan 2. Ürün,,{},0,,refreshed,"[""daily_top""]",true,2026-08-21T09:00:50+03:00,0,"[""search_result_dom"",""product_detail_jsonld"",""product_detail_dom""]","{""title"":""observed"",""brand"":""observed"",""seller_name"":""observed"",""seller_score"":""observed"",""price"":""observed"",""original_price"":""unavailable"",""campaigns"":""observed"",""stock_status"":""observed"",""stock_signal"":""observed"",""rating"":""observed"",""rating_count"":""observed"",""review_count"":""unavailable"",""question_count"":""observed"",""delivery_summary"":""observed"",""shipping_cost"":""unavailable"",""properties"":""observed""}",true,
2026-08-21,2026-08-21T09:00:50+03:00,çocuk,BEST_SELLER,genel-cocuk,çocuk,44,2,44,44,,cocuk:genel-cocuk,44,-24,14.8,18.2,1142311061,1048417,1142311061:1048417,ADİL OYUNCAK 72 Parça Manyetik Yapı Blokları | Montessori Eğitici Oyuncak | 3D Mıknatıslı Blok Seti,ADİL OYUNCAK,Eğitici Oyuncak,https://www.trendyol.com/adil-oyuncak/72-parca-manyetik-yapi-bloklari-montessori-egitici-oyuncak-3d-miknatisli-blok-seti-p-1142311061?boutiqueId=61&merchantId=1048417,KÜRE EKSPRES,83,1199,,,-5.5,TRY,"[""Sepette %5 İndirim"",""Kargo Bedava"",""Peşin Fiyatına 3 Taksit"",""Trendyol Plus'a Özel""]",InStock,100 adetten fazla stok sunulmuştur,,,,,4,100,70,5,36,4B kişinin sepetinde,"15,1B kişi favoriledi","Son 24 saatte 6,1B kişi görüntüledi",4999,TRY,0,1,1,4,14 saat 55 dakika içinde sipariş verirsen en geç yarın kargoda!,En Çok Ziyaret Edilen 6. Ürün,https://cdn.dsmcdn.com/ty1891/prod/QC_ENRICHMENT/20260725/18/ebc78074-63f3-3935-8d2f-a3e9efd28808/1_org_zoom.jpg,"{""Paket İçeriği"":""72'li"",""Yaş"":""2+ Yaş"",""Piller Kutuya Dahil Mi?"":""Hayır"",""Dil"":""Evrensel Dil"",""Pil ile mi çalışır?"":""Hayır"",""Menşei"":""TR""}",20,5,refreshed,"[""daily_top""]",true,2026-08-21T09:00:50+03:00,0,"[""search_result_dom"",""product_detail_jsonld"",""product_detail_dom""]","{""title"":""observed"",""brand"":""observed"",""seller_name"":""observed"",""seller_score"":""observed"",""price"":""observed"",""original_price"":""unavailable"",""campaigns"":""observed"",""stock_status"":""observed"",""stock_signal"":""observed"",""rating"":""observed"",""rating_count"":""observed"",""review_count"":""observed"",""question_count"":""observed"",""delivery_summary"":""observed"",""shipping_cost"":""observed"",""properties"":""observed""}",true,
2026-08-21,2026-08-21T09:00:50+03:00,çocuk,BEST_SELLER,genel-cocuk,çocuk,45,2,45,45,1,cocuk:genel-cocuk,45,-16,18.2,14.3,1086149880,893539,1086149880:893539,"MİNNOŞŞ pelüş,welsoft tulum bebe",MİNNOŞŞ,Tulum,https://www.trendyol.com/minnoss/pelus-welsoft-tulum-bebe-p-1086149880?boutiqueId=61&merchantId=893539,FEYZA,89,199.99,,,0,TRY,"[""Kargo Bedava"",""Trendyol Plus'a Özel""]",InStock,10 adetten fazla stok sunulmuştur,,,,,4.5,375,185,5,109,2B kişinin sepetinde,"18,5B kişi favoriledi","Son 24 saatte 2,1B kişi görüntüledi",4999,TRY,0,,1,4,14 saat 55 dakika içinde sipariş verirsen en geç yarın kargoda!,En Çok Satan 1. Ürün,https://cdn.dsmcdn.com/ty1810/prod/QC_ENRICHMENT/20260116/09/40d28829-99a9-3d63-abdc-3f28e78d0ca9/1_org_zoom.jpg,"{""Kol Tipi"":""Uzun Kol"",""Kalıp"":""Regular"",""Kumaş Tipi"":""Örme"",""Renk"":""Ekru"",""Materyal"":""Peluş"",""Yaka Tipi"":""Dik Yaka"",""Cep"":""Cepsiz"",""Desen"":""Baskılı"",""Kol Boyu"":""Uzun"",""Ürün Tipi"":""Düz"",""Kemer/Kuşak Durumu"":""Kemersiz"",""Ortam"":""Günlük"",""Sürdürülebilirlik Detayı"":""Hayır"",""Boy"":""Normal Boy"",""Yıkama Talimatı"":""T44"",""Paça Tipi"":""Manşetli Paça"",""Siluet"":""Uzun"",""Menşei"":""TR"",""Kutu Durumu"":""Kutu yok""}",20,5,refreshed,"[""daily_top""]",true,2026-08-21T09:00:50+03:00,0,"[""search_result_dom"",""product_detail_jsonld"",""product_detail_dom""]","{""title"":""observed"",""brand"":""observed"",""seller_name"":""observed"",""seller_score"":""observed"",""price"":""observed"",""original_price"":""unavailable"",""campaigns"":""observed"",""stock_status"":""observed"",""stock_signal"":""observed"",""rating"":""observed"",""rating_count"":""observed"",""review_count"":""observed"",""question_count"":""observed"",""delivery_summary"":""observed"",""shipping_cost"":""observed"",""properties"":""observed""}",true,
2026-08-21,2026-08-21T09:00:50+03:00,çocuk,BEST_SELLER,genel-cocuk,çocuk,46,2,46,46,,cocuk:genel-cocuk,46,-19,18.3,13.7,1040762882,931256,1040762882:931256,tutobaby Sevimli Mıknatıslı Kurmalı Civcivler,tutobaby,Eğitici Oyuncak,https://www.trendyol.com/tutobaby/sevimli-miknatisli-kurmali-civcivler-p-1040762882?boutiqueId=61&merchantId=931256,TuTobaby,98,199.99,,,0,TRY,"[""Kargo Bedava""]",InStock,100 adetten fazla stok sunulmuştur,,,,,4.5,309,193,6,24,,,,4999,TRY,0,,1,4,4 saat 55 dakika içinde sipariş verirsen en geç bugün kargoda!,,https://cdn.dsmcdn.com/ty1780/prod/QC_PREP/20251026/23/46fdc52a-f704-312c-aa1a-dc832e5c7a9b/1_org_zoom.jpg,"{""Paket İçeriği"":""4'lü"",""Yaş"":""1+ Yaş"",""Piller Kutuya Dahil Mi?"":""Hayır"",""Dil"":""Türkçe"",""Pil ile mi çalışır?"":""Hayır"",""Menşei"":""CN"",""Özellik"":""BPA Free""}",20,5,refreshed,"[""daily_top""]",true,2026-08-21T09:00:50+03:00,0,"[""search_result_dom"",""product_detail_jsonld"",""product_detail_dom""]","{""title"":""observed"",""brand"":""observed"",""seller_name"":""observed"",""seller_score"":""observed"",""price"":""observed"",""original_price"":""unavailable"",""campaigns"":""observed"",""stock_status"":""observed"",""stock_signal"":""observed"",""rating"":""observed"",""rating_count"":""observed"",""review_count"":""observed"",""question_count"":""observed"",""delivery_summary"":""observed"",""shipping_cost"":""observed"",""properties"":""observed""}",true,
2026-08-21,2026-08-21T09:00:50+03:00,çocuk,BEST_SELLER,genel-cocuk,çocuk,47,2,47,47,8,cocuk:genel-cocuk,47,,39.1,1.5,89369937,306407,89369937:306407,HAMUR Anne Bebek Bakım Çantası Yenidoğan Alt Açma Değiştirme Düzenleyici Çantası Organizer Melis,HAMUR,,https://www.trendyol.com/hamur/anne-bebek-bakim-cantasi-yenidogan-alt-acma-degistirme-duzenleyici-cantasi-organizer-melis-p-89369937?boutiqueId=61&merchantId=306407,HAMUR,,346.33,378.9,8.6,,TRY,"[""Kargo Bedava""]",InStock,100 adetten fazla stok sunulmuştur,,,,,4.9,6504,,,209,,,,,,0,,,,14 saat 55 dakika içinde sipariş verirsen en geç yarın kargoda!,En Çok Favorilenen 2. Ürün,,{},0,,refreshed,"[""daily_top""]",true,2026-08-21T09:00:50+03:00,0,"[""search_result_dom"",""product_detail_jsonld"",""product_detail_dom""]","{""title"":""observed"",""brand"":""observed"",""seller_name"":""observed"",""seller_score"":""unavailable"",""price"":""observed"",""original_price"":""observed"",""campaigns"":""observed"",""stock_status"":""observed"",""stock_signal"":""observed"",""rating"":""observed"",""rating_count"":""observed"",""review_count"":""unavailable"",""question_count"":""observed"",""delivery_summary"":""observed"",""shipping_cost"":""unavailable"",""properties"":""observed""}",true,
2026-08-21,2026-08-21T09:00:50+03:00,çocuk,BEST_SELLER,genel-cocuk,çocuk,48,2,48,48,10,cocuk:genel-cocuk,48,-2,50.6,10.4,928301266,357212,928301266:357212,Go Toys Pag Tag Bultak Geometrik Şekiller Motor Beceri Geliştirici Eğitici Oyuncak Bebek Aktivite Oyuncağı,Go Toys,Eğitici Oyuncak,https://www.trendyol.com/go-toys/pag-tag-bultak-geometrik-sekiller-motor-beceri-gelistirici-egitici-oyuncak-bebek-aktivite-oyuncagi-p-928301266?boutiqueId=61&merchantId=357212,,,104.65,149.5,30,0,TRY,"[""Sepette %30 İndirim"",""Kargo Bedava""]",InStock,,,,,,4.6,700,372,2,19,,,,4999,TRY,0,,1,4,1 saat 55 dakika içinde sipariş verirsen en geç bugün kargoda!,,https://cdn.dsmcdn.com/ty1665/prod/QC/20250418/13/60784edd-bda7-31a5-8ac4-cd25f15587ed/1_org_zoom.jpg,"{""Paket İçeriği"":""Belirtilmemiş"",""Yaş"":""1+ Yaş"",""Piller Kutuya Dahil Mi?"":""Hayır"",""Dil"":""Evrensel Dil"",""Pil ile mi çalışır?"":""Hayır"",""Menşei"":""TR""}",20,5,refreshed,"[""daily_top""]",true,2026-08-21T09:00:50+03:00,0,"[""search_result_dom"",""product_detail_jsonld"",""product_detail_dom""]","{""title"":""observed"",""brand"":""observed"",""seller_name"":""unavailable"",""seller_score"":""unavailable"",""price"":""observed"",""original_price"":""observed"",""campaigns"":""observed"",""stock_status"":""observed"",""stock_signal"":""unavailable"",""rating"":""observed"",""rating_count"":""observed"",""review_count"":""observed"",""question_count"":""observed"",""delivery_summary"":""observed"",""shipping_cost"":""observed"",""properties"":""observed""}",true,
2026-08-21,2026-08-21T09:00:50+03:00,çocuk,BEST_SELLER,genel-cocuk,çocuk,49,4,49,49,10,cocuk:genel-cocuk,49,111,56.7,3.8,687705772,357212,687705772:357212,Go Toys Otobant Eğitici Ve Eğlenceli Yol Yapım Bandı - Çocuk Trafik Bantı - Road Tape Oyun Bandı,Go Toys,Eğitici Oyuncak,https://www.trendyol.com/go-toys/otobant-egitici-ve-eglenceli-yol-yapim-bandi-cocuk-trafik-banti-road-tape-oyun-bandi-p-687705772?boutiqueId=61&merchantId=357212,Shopist,91,97.3,139,30,0,TRY,"[""Sepette %30 İndirim"",""Kargo Bedava""]",InStock,100 adetten fazla stok sunulmuştur,,,,,4.4,4067,2174,-8,168,800 kişinin sepetinde,"76,1B kişi favoriledi",Son 24 saatte 520 kişi görüntüledi,4999,TRY,0,3,1,6,1 saat 55 dakika içinde sipariş verirsen en geç bugün kargoda!,,https://cdn.dsmcdn.com/ty1530/product/media/images/prod/QC/20240819/09/e7b92f4b-048a-35e9-9a50-3b6b079b674e/1_org_zoom.jpg,"{""Paket İçeriği"":""1'li"",""Yaş"":""1+ Yaş"",""Piller Kutuya Dahil Mi?"":""Hayır"",""Dil"":""Evrensel Dil"",""Pil ile mi çalışır?"":""Hayır"",""Diğer Özellikler"":""İstenilen ölçüde keserek farklı şekilde yollar yapabilirsiniz"",""Menşei"":""KZ"",""Ürün Uyarıları (Oyuncak)"":""3 Yaş ve Üzeri İçin Uygundur"",""Özellik"":""Uzun""}",20,5,refreshed,"[""daily_top""]",true,2026-08-21T09:00:50+03:00,0,"[""search_result_dom"",""product_detail_jsonld"",""product_detail_dom""]","{""title"":""observed"",""brand"":""observed"",""seller_name"":""observed"",""seller_score"":""observed"",""price"":""observed"",""original_price"":""observed"",""campaigns"":""observed"",""stock_status"":""observed"",""stock_signal"":""observed"",""rating"":""observed"",""rating_count"":""observed"",""review_count"":""observed"",""question_count"":""observed"",""delivery_summary"":""observed"",""shipping_cost"":""observed"",""properties"":""observed""}",true,
2026-08-21,2026-08-21T09:00:50+03:00,çocuk,BEST_SELLER,genel-cocuk,çocuk,50,4,50,50,1,cocuk:genel-cocuk,50,,20.9,9.1,711778349,985476,711778349:985476,devtoptan Ahşap Mızıka Nefes Egzersizi Çocuk Müzik Aleti,devtoptan,Müzik Oyuncakları,https://www.trendyol.com/devtoptan/ahsap-mizika-nefes-egzersizi-cocuk-muzik-aleti-p-711778349?boutiqueId=61&merchantId=985476,babynow,91,44,,,0,TRY,"[""Kargo Bedava"",""Trendyol Plus'a Özel""]",InStock,100 adetten fazla stok sunulmuştur,,,,,4.2,821,414,1,428,,"31,2B kişi favoriledi",,4999,TRY,0,,1,4,14 saat 55 dakika içinde sipariş verirsen en geç yarın kargoda!,En Çok Satan 1. Ürün,https://cdn.dsmcdn.com/ty887/product/media/images/20230516/22/350468726/939583384/1/1_org_zoom.jpg,"{""Yaş"":""2+ Yaş"",""Piller Kutuya Dahil Mi?"":""Hayır"",""Pil ile mi çalışır?"":""Hayır"",""Menşei"":""TR""}",20,5,refreshed,"[""daily_top""]",true,2026-08-21T09:00:50+03:00,0,"[""search_result_dom"",""product_detail_jsonld"",""product_detail_dom""]","{""title"":""observed"",""brand"":""observed"",""seller_name"":""observed"",""seller_score"":""observed"",""price"":""observed"",""original_price"":""unavailable"",""campaigns"":""observed"",""stock_status"":""observed"",""stock_signal"":""observed"",""rating"":""observed"",""rating_count"":""observed"",""review_count"":""observed"",""question_count"":""observed"",""delivery_summary"":""observed"",""shipping_cost"":""observed"",""properties"":""observed""}",true,
2026-08-21,2026-08-21T09:00:50+03:00,çocuk,BEST_SELLER,genel-cocuk,çocuk,51,4,51,51,3,cocuk:genel-cocuk,51,-6,19.6,10.4,973845507,744768,973845507:744768,Nandy Home Tavşan Model Karakter Figürü 3D Yapı Oyuncakları,Nandy Home,Diğer Oyun Takımları,https://www.trendyol.com/nandy-home/tavsan-model-karakter-figuru-3d-yapi-oyuncaklari-p-973845507?boutiqueId=61&merchantId=744768,Nandy Kids,96,146.92,,,0,TRY,"[""Kargo Bedava""]",InStock,100 adetten fazla stok sunulmuştur,,,,,4.6,630,282,0,53,"1,8B kişinin sepetinde","65,4B kişi favoriledi",Son 24 saatte 604 kişi görüntüledi,4999,TRY,0,,1,4,2 saat 55 dakika içinde sipariş verirsen en geç bugün kargoda!,En Çok Satan 3. Ürün,https://cdn.dsmcdn.com/ty1918/prod/QC_ENRICHMENT/20260522/10/2cd95bf3-6f2c-3e98-8d6b-35852492ba0e/1_org_zoom.jpg,"{""Seri"":""Mini Figürler"",""Parça Sayısı"":""51-100"",""Yaş"":""6+ Yaş"",""Diğer Özellikler"":""."",""Menşei"":""CN"",""Ürün Uyarıları (Oyuncak)"":""Küçük parçalar içerir. 3 yaş altı çocuklar için uygun değildir."",""Batarya Türü"":""Diğer"",""Özellik"":""Standart""}",20,5,refreshed,"[""daily_top""]",true,2026-08-21T09:00:50+03:00,0,"[""search_result_dom"",""product_detail_jsonld"",""product_detail_dom""]","{""title"":""observed"",""brand"":""observed"",""seller_name"":""observed"",""seller_score"":""observed"",""price"":""observed"",""original_price"":""unavailable"",""campaigns"":""observed"",""stock_status"":""observed"",""stock_signal"":""observed"",""rating"":""observed"",""rating_count"":""observed"",""review_count"":""observed"",""question_count"":""observed"",""delivery_summary"":""observed"",""shipping_cost"":""observed"",""properties"":""observed""}",true,
2026-08-21,2026-08-21T09:00:50+03:00,çocuk,BEST_SELLER,genel-cocuk,çocuk,52,4,52,52,3,cocuk:genel-cocuk,52,,75.6,2.5,118475282,183483,118475282:183483,Dragora Erkek Ribana Bel Canvas Okul Pantolonu SİYAH (BİR BÜYÜK BEDEN ALINMASI TAVSİYE EDİLİR),Dragora,,https://www.trendyol.com/dragora/erkek-ribana-bel-canvas-okul-pantolonu-siyah-bir-buyuk-beden-alinmasi-tavsiye-edilir-p-118475282?boutiqueId=61&merchantId=183483,NACAR ÇARŞI,87,311.02,599,48.1,,TRY,"[""30 TL Kupon"",""Son 10 Günün En Düşük Fiyatı"",""Süper Fırsat Ürünü"",""Kargo Bedava""]",InStock,100 adetten fazla stok sunulmuştur,,,,,4.4,2739,,,786,580 kişinin sepetinde,"19,7B kişi favoriledi",Son 24 saatte 335 kişi görüntüledi,,,0,,,,14 saat 55 dakika içinde sipariş verirsen en geç yarın kargoda!,En Çok Satan 3. Ürün,,{},0,,refreshed,"[""daily_top""]",true,2026-08-21T09:00:50+03:00,0,"[""search_result_dom"",""product_detail_jsonld"",""product_detail_dom""]","{""title"":""observed"",""brand"":""observed"",""seller_name"":""observed"",""seller_score"":""observed"",""price"":""observed"",""original_price"":""observed"",""campaigns"":""observed"",""stock_status"":""observed"",""stock_signal"":""observed"",""rating"":""observed"",""rating_count"":""observed"",""review_count"":""unavailable"",""question_count"":""observed"",""delivery_summary"":""observed"",""shipping_cost"":""unavailable"",""properties"":""observed""}",true,
2026-08-21,2026-08-21T09:00:50+03:00,çocuk,BEST_SELLER,genel-cocuk,çocuk,53,4,53,53,4,cocuk:genel-cocuk,53,-11,31,0,6877587,109486,6877587:109486,Furkan Toys Cool Wheels Led Işıklı 3 Tekerlekli Yükseklik Ayarlı Twist Scooter,Furkan Toys,,https://www.trendyol.com/furkan-toys/cool-wheels-led-isikli-3-tekerlekli-yukseklik-ayarli-twist-scooter-p-6877587?boutiqueId=61&merchantId=109486,Oyuncak Paketim,92,999,,,0,TRY,"[""Kargo Bedava""]",InStock,10 adetten fazla stok sunulmuştur,,,,,4.6,7402,,0,1718,"1,2B kişinin sepetinde","83,3B kişi favoriledi","Son 24 saatte 1,9B kişi görüntüledi",,,0,,,,1 saat 55 dakika içinde sipariş verirsen en geç bugün kargoda!,En Çok Favorilenen 1. Ürün,,{},0,,refreshed,"[""daily_top""]",true,2026-08-21T09:00:50+03:00,0,"[""search_result_dom"",""product_detail_jsonld"",""product_detail_dom""]","{""title"":""observed"",""brand"":""observed"",""seller_name"":""observed"",""seller_score"":""observed"",""price"":""observed"",""original_price"":""unavailable"",""campaigns"":""observed"",""stock_status"":""observed"",""stock_signal"":""observed"",""rating"":""observed"",""rating_count"":""observed"",""review_count"":""unavailable"",""question_count"":""observed"",""delivery_summary"":""observed"",""shipping_cost"":""unavailable"",""properties"":""observed""}",true,
2026-08-21,2026-08-21T09:00:50+03:00,çocuk,BEST_SELLER,genel-cocuk,çocuk,54,4,54,54,6,cocuk:genel-cocuk,54,11,28.4,1.6,794279138,655506,794279138:655506,Lui Baby Anne Bebek Bakım Sırt Çantası Termal Biberonluk Ve Bebek Arabası Askı Aparatı Hediye,Lui Baby,,https://www.trendyol.com/lui-baby/anne-bebek-bakim-sirt-cantasi-termal-biberonluk-ve-bebek-arabasi-aski-aparati-hediye-p-794279138?boutiqueId=61&merchantId=655506,Lui Baby,,1199.9,,,66.9,TRY,"[""Sepette %1 İndirim"",""400 TL Kupon"",""Kargo Bedava"",""Peşin Fiyatına 3 Taksit"",""Trendyol Plus'a Özel""]",InStock,100 adetten fazla stok sunulmuştur,,,,,4.5,3547,,0,286,"1,3B kişinin sepetinde","87,9B kişi favoriledi","Son 24 saatte 1,7B kişi görüntüledi",,,0,,,,4 saat 55 dakika içinde sipariş verirsen en geç bugün kargoda!,En Çok Ziyaret Edilen 1. Ürün,,{},0,,refreshed,"[""daily_top""]",true,2026-08-21T09:00:50+03:00,0,"[""search_result_dom"",""product_detail_jsonld"",""product_detail_dom""]","{""title"":""observed"",""brand"":""observed"",""seller_name"":""observed"",""seller_score"":""unavailable"",""price"":""observed"",""original_price"":""unavailable"",""campaigns"":""observed"",""stock_status"":""observed"",""stock_signal"":""observed"",""rating"":""observed"",""rating_count"":""observed"",""review_count"":""unavailable"",""question_count"":""observed"",""delivery_summary"":""observed"",""shipping_cost"":""unavailable"",""properties"":""observed""}",true,
2026-08-21,2026-08-21T09:00:50+03:00,çocuk,BEST_SELLER,genel-cocuk,çocuk,55,4,55,55,1,cocuk:genel-cocuk,55,4,8.6,21.4,1088677164,982060,1088677164:982060,H&M Muflon Ceket,H&M,Ceket,https://www.trendyol.com/h-m/muflon-ceket-p-1088677164?boutiqueId=61&merchantId=982060,H&M,,479.99,,,0,TRY,"[""Kargo Bedava""]",InStock,50 adetten fazla stok sunulmuştur,,,,,4.6,24,11,2,2,"1,6B kişinin sepetinde","11,5B kişi favoriledi","Son 24 saatte 2,8B kişi görüntüledi",4999,TRY,0,3,1,6,Tahmini Teslim:,En Çok Satan 1. Ürün,https://cdn.dsmcdn.com/ty1813/prod/QC_PREP/20260120/17/8611c46b-df33-3478-858d-db9f53104ce0/1_org_zoom.jpg,"{""Kol Tipi"":""Uzun Kol"",""Desen"":""Çiçekli"",""Kalıp"":""Regular"",""Yaka Tipi"":""Bisiklet Yaka"",""Materyal"":""Polyester"",""Kumaş Tipi"":""Belirtilmemiş"",""Renk"":""Lacivert"",""Cep"":""Cepsiz"",""Kol Boyu"":""Uzun"",""Astar Durumu"":""Astarsız"",""Boy"":""Belirtilmemiş"",""Siluet"":""Basic"",""Ortam"":""Casual/Günlük"",""Sürdürülebilirlik Detayı"":""Hayır"",""Kemer/Kuşak Durumu"":""Kemersiz"",""Ürün Tipi"":""Baskılı"",""Yıkama Talimatı"":""Type 2"",""Menşei"":""KH""}",11,4.18,refreshed,"[""daily_top""]",true,2026-08-21T09:00:50+03:00,0,"[""search_result_dom"",""product_detail_jsonld"",""product_detail_dom""]","{""title"":""observed"",""brand"":""observed"",""seller_name"":""observed"",""seller_score"":""unavailable"",""price"":""observed"",""original_price"":""unavailable"",""campaigns"":""observed"",""stock_status"":""observed"",""stock_signal"":""observed"",""rating"":""observed"",""rating_count"":""observed"",""review_count"":""observed"",""question_count"":""observed"",""delivery_summary"":""observed"",""shipping_cost"":""observed"",""properties"":""observed""}",true,
2026-08-21,2026-08-21T09:00:50+03:00,çocuk,BEST_SELLER,genel-cocuk,çocuk,56,4,56,56,,cocuk:genel-cocuk,56,-20,22.8,7.2,65003847,916075,65003847:916075,Tutku Erkek Çocuk Penye Pamuklu 6lı Atlet Beyaz,Tutku,Atlet,https://www.trendyol.com/tutku/erkek-cocuk-penye-pamuklu-6li-atlet-beyaz-p-65003847?boutiqueId=61&merchantId=916075,TUTKU ELİT,92,379.78,,,,TRY,"[""Kargo Bedava""]",InStock,50 adetten fazla stok sunulmuştur,,,,,4.5,1382,701,2,350,712 kişinin sepetinde,"8,3B kişi favoriledi",Son 24 saatte 392 kişi görüntüledi,4999,TRY,0,,1,4,2 saat 55 dakika içinde sipariş verirsen en geç bugün kargoda!,,https://cdn.dsmcdn.com/ty1737/prod/QC_ENRICHMENT/20250829/13/9911cea8-5e59-3653-8b01-0718f37469d1/1_org_zoom.jpg,"{""Sezon"":""Yaz"",""Kol Tipi"":""Askılı"",""Yaka Tipi"":""Bisiklet Yaka"",""Materyal"":""Pamuklu"",""Renk"":""Beyaz"",""Paket İçeriği"":""6'lı"",""Desen"":""Düz"",""Ürün Tipi"":""Düz"",""Kalıp"":""Regular"",""Kol Boyu"":""Askılı"",""Koleksiyon"":""İç Giyim"",""Kumaş Tipi"":""Dokuma"",""Ek Özellik"":""Ek Özellik Mevcut Değil"",""Siluet"":""Regular"",""Baskı/Nakış Tekniği"":""Baskısız"",""Ortam"":""Lounge/Home"",""Sürdürülebilirlik Detayı"":""Hayır"",""Boy"":""Regular"",""Materyal Bileşeni"":""100% Pamuk"",""Yıkama Talimatı"":""Type 1"",""Menşei"":""TR""}",20,5,refreshed,"[""daily_top""]",true,2026-08-21T09:00:50+03:00,0,"[""search_result_dom"",""product_detail_jsonld"",""product_detail_dom""]","{""title"":""observed"",""brand"":""observed"",""seller_name"":""observed"",""seller_score"":""observed"",""price"":""observed"",""original_price"":""unavailable"",""campaigns"":""observed"",""stock_status"":""observed"",""stock_signal"":""observed"",""rating"":""observed"",""rating_count"":""observed"",""review_count"":""observed"",""question_count"":""observed"",""delivery_summary"":""observed"",""shipping_cost"":""observed"",""properties"":""observed""}",true,
2026-08-21,2026-08-21T09:00:50+03:00,çocuk,BEST_SELLER,genel-cocuk,çocuk,57,4,57,57,2,cocuk:genel-cocuk,57,,14.5,16.5,1143352144,1084907,1143352144:1084907,ModaRESSO 3 Farklı Renk Mini Havlu Çantalı Lastik Toka Toplam 24 Adet Çap 2 Cm (8'er Adet - Toplam Adetler Her Renk Tek Pakette),ModaRESSO,,https://www.trendyol.com/modaresso/3-farkli-renk-mini-havlu-cantali-lastik-toka-toplam-24-adet-cap-2-cm-8-er-adet-toplam-adetler-her-renk-tek-pakette-p-1143352144?boutiqueId=61&merchantId=1084907,ModaRESSO,94,24.74,24.99,1,,TRY,"[""Sepette %1 İndirim"",""Kargo Bedava""]",InStock,100 adetten fazla stok sunulmuştur,,,,,4.4,48,,,12,358 kişinin sepetinde,"1,8B kişi favoriledi",,,,0,,,,1 saat 55 dakika içinde sipariş verirsen en geç bugün kargoda!,,,{},0,,refreshed,"[""daily_top""]",true,2026-08-21T09:00:50+03:00,0,"[""search_result_dom"",""product_detail_jsonld"",""product_detail_dom""]","{""title"":""observed"",""brand"":""observed"",""seller_name"":""observed"",""seller_score"":""observed"",""price"":""observed"",""original_price"":""observed"",""campaigns"":""observed"",""stock_status"":""observed"",""stock_signal"":""observed"",""rating"":""observed"",""rating_count"":""observed"",""review_count"":""unavailable"",""question_count"":""observed"",""delivery_summary"":""observed"",""shipping_cost"":""unavailable"",""properties"":""observed""}",true,
2026-08-21,2026-08-21T09:00:50+03:00,çocuk,BEST_SELLER,genel-cocuk,çocuk,58,4,58,58,2,cocuk:genel-cocuk,58,,12.9,17.1,226121368,290479,226121368:290479,Mai Perla Mandalina Baskılı Sarı Kız Bebek Takım,Mai Perla,,https://www.trendyol.com/mai-perla/mandalina-baskili-sari-kiz-bebek-takim-p-226121368?boutiqueId=61&merchantId=290479,Mai Perla,,184.14,,,,TRY,"[""Kargo Bedava"",""Trendyol Plus'a Özel""]",InStock,100 adetten fazla stok sunulmuştur,,,,,4.3,40,,,6,538 kişinin sepetinde,"2,8B kişi favoriledi","Son 24 saatte 1,2B kişi görüntüledi",,,0,,,,14 saat 55 dakika içinde sipariş verirsen en geç yarın kargoda!,En Çok Satan 2. Ürün,,{},0,,refreshed,"[""daily_top""]",true,2026-08-21T09:00:50+03:00,0,"[""search_result_dom"",""product_detail_jsonld"",""product_detail_dom""]","{""title"":""observed"",""brand"":""observed"",""seller_name"":""observed"",""seller_score"":""unavailable"",""price"":""observed"",""original_price"":""unavailable"",""campaigns"":""observed"",""stock_status"":""observed"",""stock_signal"":""observed"",""rating"":""observed"",""rating_count"":""observed"",""review_count"":""unavailable"",""question_count"":""observed"",""delivery_summary"":""observed"",""shipping_cost"":""unavailable"",""properties"":""observed""}",true,
2026-08-21,2026-08-21T09:00:50+03:00,çocuk,BEST_SELLER,genel-cocuk,çocuk,59,4,59,59,1,cocuk:genel-cocuk,59,,0,,1185735192,982060,1185735192:982060,H&M Aplikeli Pofuduk Ceket,H&M,,https://www.trendyol.com/h-m/aplikeli-pofuduk-ceket-p-1185735192?boutiqueId=61&merchantId=982060,H&M,,1599,,,,TRY,"[""Kargo Bedava"",""Peşin Fiyatına 3 Taksit""]",InStock,5 adetten fazla stok sunulmuştur,,,,,,,,,3,666 kişinin sepetinde,4B kişi favoriledi,"Son 24 saatte 4,5B kişi görüntüledi",,,0,,,,Tahmini Teslim:,En Çok Satan 1. Ürün,,{},0,,refreshed,"[""daily_top""]",true,2026-08-21T09:00:50+03:00,0,"[""search_result_dom"",""product_detail_jsonld"",""product_detail_dom""]","{""title"":""observed"",""brand"":""observed"",""seller_name"":""observed"",""seller_score"":""unavailable"",""price"":""observed"",""original_price"":""unavailable"",""campaigns"":""observed"",""stock_status"":""observed"",""stock_signal"":""observed"",""rating"":""unavailable"",""rating_count"":""unavailable"",""review_count"":""unavailable"",""question_count"":""observed"",""delivery_summary"":""observed"",""shipping_cost"":""unavailable"",""properties"":""observed""}",true,
2026-08-21,2026-08-21T09:00:50+03:00,çocuk,BEST_SELLER,genel-cocuk,çocuk,60,4,60,60,2,cocuk:genel-cocuk,60,,3.8,26.2,1185820067,343193,1185820067:343193,Cigit Oversize Mevsimlik Geniş Kesim Pantolon Takım 2-10 Fuşya Çizgili,Cigit,Alt - Üst Takım,https://www.trendyol.com/cigit/oversize-mevsimlik-genis-kesim-pantolon-takim-2-10-fusya-cizgili-p-1185820067?boutiqueId=61&merchantId=343193,CİGİT CONCEPT,9,655,,,,TRY,"[""Kargo Bedava""]",InStock,10 adetten fazla stok sunulmuştur,,,,,5,2,,,10,993 kişinin sepetinde,"3,3B kişi favoriledi","Son 24 saatte 3,1B kişi görüntüledi",4999,TRY,0,1,1,4,14 saat 55 dakika içinde sipariş verirsen en geç yarın kargoda!,En Çok Satan 2. Ürün,https://cdn.dsmcdn.com/ty1912/prod/QC_PREP/20260814/23/512113e0-29cb-3179-a1eb-99ca70d7ec6c/1_org_zoom.jpg,"{""Kumaş Tipi"":""Örme"",""Materyal"":""Belirtilmemiş"",""Desen"":""Düz"",""Kalıp"":""Regular"",""Renk"":""Pembe"",""Kol Boyu"":""Uzun"",""Kol Tipi"":""Düşük Kol"",""Paça Tipi"":""Geniş Paça"",""Siluet"":""Oversize"",""Ortam"":""Casual/Günlük"",""Boy"":""Uzun"",""Parça Sayısı"":""2"",""Menşei"":""TR""}",0,,refreshed,"[""daily_top""]",true,2026-08-21T09:00:50+03:00,0,"[""search_result_dom"",""product_detail_jsonld"",""product_detail_dom""]","{""title"":""observed"",""brand"":""observed"",""seller_name"":""observed"",""seller_score"":""observed"",""price"":""observed"",""original_price"":""unavailable"",""campaigns"":""observed"",""stock_status"":""observed"",""stock_signal"":""observed"",""rating"":""observed"",""rating_count"":""observed"",""review_count"":""unavailable"",""question_count"":""observed"",""delivery_summary"":""observed"",""shipping_cost"":""observed"",""properties"":""observed""}",true,
2026-08-21,2026-08-21T09:00:50+03:00,çocuk,BEST_SELLER,genel-cocuk,çocuk,61,4,61,61,1,cocuk:genel-cocuk,61,-23,21.5,8.5,893313026,624822,893313026:624822,My Kids Wear Dalgıç Kumaş Gizli Fermuarlı Boneli Karakter Desenli Kız Çocuk Mayo,My Kids Wear,,https://www.trendyol.com/my-kids-wear/dalgic-kumas-gizli-fermuarli-boneli-karakter-desenli-kiz-cocuk-mayo-p-893313026?boutiqueId=61&merchantId=624822,My Kids Wear,,359,,,0,TRY,"[""Kargo Bedava""]",InStock,100 adetten fazla stok sunulmuştur,,,,,4.6,480,,0,52,2B kişinin sepetinde,"16,5B kişi favoriledi",Son 24 saatte 725 kişi görüntüledi,,,0,,,,14 saat 55 dakika içinde sipariş verirsen en geç yarın kargoda!,En Çok Satan 1. Ürün,,{},0,,refreshed,"[""daily_top""]",true,2026-08-21T09:00:50+03:00,0,"[""search_result_dom"",""product_detail_jsonld"",""product_detail_dom""]","{""title"":""observed"",""brand"":""observed"",""seller_name"":""observed"",""seller_score"":""unavailable"",""price"":""observed"",""original_price"":""unavailable"",""campaigns"":""observed"",""stock_status"":""observed"",""stock_signal"":""observed"",""rating"":""observed"",""rating_count"":""observed"",""review_count"":""unavailable"",""question_count"":""observed"",""delivery_summary"":""observed"",""shipping_cost"":""unavailable"",""properties"":""observed""}",true,
2026-08-21,2026-08-21T09:00:50+03:00,çocuk,BEST_SELLER,genel-cocuk,çocuk,62,4,62,62,,cocuk:genel-cocuk,62,-44,27.9,12.1,1163407346,758938,1163407346:758938,HaLVeY Gizemli Paket Renkli Çin Mantısı 1 Adet Sürpriz renk & Ürün İle Birlikte Çocuklar İçin Hediye Oyuncak Anahtarlık Gönderilecektir,HaLVeY,Sürpriz Oyuncak Figürü,https://www.trendyol.com/halvey/gizemli-paket-renkli-cin-mantisi-1-adet-surpriz-renk-urun-ile-birlikte-cocuklar-icin-hediye-oyuncak-anahtarlik-gonderilecektir-p-1163407346?boutiqueId=61&merchantId=758938,HaLVeY Kozmetik,9,625.5,695,10,0,TRY,"[""Sepette %10 İndirim"",""Kargo Bedava""]",InStock,100 adetten fazla stok sunulmuştur,,,,,4,229,174,4,35,"5,4B kişinin sepetinde","13,4B kişi favoriledi","Son 24 saatte 1,8B kişi görüntüledi",4999,TRY,0,,1,4,2 saat 55 dakika içinde sipariş verirsen en geç bugün kargoda!,En Çok Ziyaret Edilen 3. Ürün,https://cdn.dsmcdn.com/ty1910/prod/QC_PREP/20260701/17/f10b04b1-5f27-3bbb-ae04-17b722f4082c/1_org_zoom.jpg,"{""Yaş"":""3+ Yaş"",""Menşei"":""CN""}",20,5,refreshed,"[""daily_top""]",true,2026-08-21T09:00:50+03:00,0,"[""search_result_dom"",""product_detail_jsonld"",""product_detail_dom""]","{""title"":""observed"",""brand"":""observed"",""seller_name"":""observed"",""seller_score"":""observed"",""price"":""observed"",""original_price"":""observed"",""campaigns"":""observed"",""stock_status"":""observed"",""stock_signal"":""observed"",""rating"":""observed"",""rating_count"":""observed"",""review_count"":""observed"",""question_count"":""observed"",""delivery_summary"":""observed"",""shipping_cost"":""observed"",""properties"":""observed""}",true,
2026-08-21,2026-08-21T09:00:50+03:00,çocuk,BEST_SELLER,genel-cocuk,çocuk,63,4,63,63,1,cocuk:genel-cocuk,63,,25.3,4.7,762229547,811610,762229547:811610,Erdenay Tekstil Karışık Renkli Kız Çocuk Külot 6'lı Sevimli Kediler,Erdenay Tekstil,Külot,https://www.trendyol.com/erdenay-tekstil/karisik-renkli-kiz-cocuk-kulot-6-li-sevimli-kediler-p-762229547?boutiqueId=61&merchantId=811610,ERDENAY,92,199.99,,,,TRY,"[""Kargo Bedava""]",InStock,100 adetten fazla stok sunulmuştur,,,,,4.5,2624,1442,,208,694 kişinin sepetinde,"13,9B kişi favoriledi",,4999,TRY,0,1,1,4,14 saat 55 dakika içinde sipariş verirsen en geç yarın kargoda!,En Çok Satan 1. Ürün,https://cdn.dsmcdn.com/ty1688/prod/QC_ENRICHMENT/20250603/18/99002aca-24dc-3d34-bc97-0cae3f1b8aa9/1_org_zoom.jpg,"{""Sürdürülebilirlik Detayı"":""Hayır"",""Materyal"":""Pamuk - Elastan"",""Renk"":""Çok Renkli"",""Paket İçeriği"":""6'lı"",""Desen"":""Baskılı"",""Ürün Tipi"":""Baskılı"",""Koleksiyon"":""İç Giyim"",""Kumaş Tipi"":""Örme"",""Persona"":""Cool & Comfort"",""Bel"":""Normal Bel"",""Ek Özellik"":""Yıkamalı"",""Materyal Bileşeni"":""95% Pamuk, 5% Elastan"",""Ortam"":""Lounge/Home"",""Yıkama Talimatı"":""Type 1"",""Boy"":""Standart"",""Kutu Durumu"":""Kutu yok"",""Parça Sayısı"":""6 Parça""}",20,5,refreshed,"[""daily_top""]",true,2026-08-21T09:00:50+03:00,0,"[""search_result_dom"",""product_detail_jsonld"",""product_detail_dom""]","{""title"":""observed"",""brand"":""observed"",""seller_name"":""observed"",""seller_score"":""observed"",""price"":""observed"",""original_price"":""unavailable"",""campaigns"":""observed"",""stock_status"":""observed"",""stock_signal"":""observed"",""rating"":""observed"",""rating_count"":""observed"",""review_count"":""observed"",""question_count"":""observed"",""delivery_summary"":""observed"",""shipping_cost"":""observed"",""properties"":""observed""}",true,
2026-08-21,2026-08-21T09:00:50+03:00,çocuk,BEST_SELLER,genel-cocuk,çocuk,64,4,64,64,,cocuk:genel-cocuk,64,4,32.8,1.6,790178927,126620,790178927:126620,yükselen zeka İlk Magnet Puzzle Bebek (12-36 Ay),yükselen zeka,Bebek & Aktivite Oyuncakları,https://www.trendyol.com/yukselen-zeka/ilk-magnet-puzzle-bebek-12-36-ay-p-790178927?boutiqueId=61&merchantId=126620,YÜKSELEN ZEKA,93,228.67,239.1,4.4,0,TRY,"[""Son 10 Günün En Düşük Fiyatı"",""Kargo Bedava"",""Son 10 günün en düşük fiyatı""]",InStock,100 adetten fazla stok sunulmuştur,,,,,4.7,6244,3550,1,241,1B kişinin sepetinde,"102,2B kişi favoriledi",Son 24 saatte 398 kişi görüntüledi,4999,TRY,0,,1,4,Tahmini Teslim:,,https://cdn.dsmcdn.com/ty1658/prod/QC/20250403/12/3a275795-9e90-34af-9894-e51aa08b95af/1_org_zoom.jpg,"{""Paket İçeriği"":""Belirtilmemiş"",""Yaş"":""1+ Yaş"",""Dil"":""Türkçe"",""Pil ile mi çalışır?"":""Hayır"",""Piller Kutuya Dahil Mi?"":""Hayır"",""Menşei"":""TR""}",20,5,refreshed,"[""daily_top""]",true,2026-08-21T09:00:50+03:00,0,"[""search_result_dom"",""product_detail_jsonld"",""product_detail_dom""]","{""title"":""observed"",""brand"":""observed"",""seller_name"":""observed"",""seller_score"":""observed"",""price"":""observed"",""original_price"":""observed"",""campaigns"":""observed"",""stock_status"":""observed"",""stock_signal"":""observed"",""rating"":""observed"",""rating_count"":""observed"",""review_count"":""observed"",""question_count"":""observed"",""delivery_summary"":""observed"",""shipping_cost"":""observed"",""properties"":""observed""}",true,
2026-08-21,2026-08-21T09:00:50+03:00,çocuk,BEST_SELLER,genel-cocuk,çocuk,65,4,65,65,10,cocuk:genel-cocuk,65,,52.7,7.3,959514969,357212,959514969:357212,Go Toys Go Magnetic Series 36 Parça Manyetik Yapı Blokları Original - Mıknatıslı Manyetik Bloklar,Go Toys,Eğitici Oyuncak,https://www.trendyol.com/go-toys/go-magnetic-series-36-parca-manyetik-yapi-bloklari-original-miknatisli-manyetik-bloklar-p-959514969?boutiqueId=61&merchantId=357212,Shopist,91,871.5,1245,30,0,TRY,"[""Sepette %30 İndirim"",""Kargo Bedava""]",InStock,100 adetten fazla stok sunulmuştur,,,,,4.2,1342,680,1,116,"1,9B kişinin sepetinde","109,3B kişi favoriledi",Son 24 saatte 998 kişi görüntüledi,4999,TRY,0,1,1,4,14 saat 55 dakika içinde sipariş verirsen en geç yarın kargoda!,,https://cdn.dsmcdn.com/ty1000388/product/media/images/prod/PIM/20260417/06/2d59353f-a99f-4514-b5a3-4451763458f7/1_org_zoom.jpg,"{""Paket İçeriği"":""36'lı"",""Yaş"":""3+ Yaş"",""Piller Kutuya Dahil Mi?"":""Hayır"",""Dil"":""Evrensel Dil"",""Pil ile mi çalışır?"":""Hayır"",""Menşei"":""TR"",""Özellik"":""Mıknatıslı""}",20,5,refreshed,"[""daily_top""]",true,2026-08-21T09:00:50+03:00,0,"[""search_result_dom"",""product_detail_jsonld"",""product_detail_dom""]","{""title"":""observed"",""brand"":""observed"",""seller_name"":""observed"",""seller_score"":""observed"",""price"":""observed"",""original_price"":""observed"",""campaigns"":""observed"",""stock_status"":""observed"",""stock_signal"":""observed"",""rating"":""observed"",""rating_count"":""observed"",""review_count"":""observed"",""question_count"":""observed"",""delivery_summary"":""observed"",""shipping_cost"":""observed"",""properties"":""observed""}",true,
2026-08-21,2026-08-21T09:00:50+03:00,çocuk,BEST_SELLER,genel-cocuk,çocuk,66,4,66,66,4,cocuk:genel-cocuk,66,,0,,1178567564,4227,1178567564:4227,Katia & Bony Çocuk Sevimli Panda Desenli Pamuklu Soket Çorap Koyu Gri,Katia & Bony,Çorap,https://www.trendyol.com/katia-bony/cocuk-sevimli-panda-desenli-pamuklu-soket-corap-koyu-gri-p-1178567564?boutiqueId=61&merchantId=4227,Katia and Bony,93,109.94,,,,TRY,"[""Sepette %2 İndirim"",""15 TL Kupon"",""Kargo Bedava"",""Trendyol Plus'a Özel""]",InStock,100 adetten fazla stok sunulmuştur,,,,,,,,,,,,,4999,TRY,0,,1,4,2 saat 55 dakika içinde sipariş verirsen en geç bugün kargoda!,En Çok Satan 4. Ürün,https://cdn.dsmcdn.com/ty1927/prod/QC_PREP/20260731/16/de7ddfd5-fc59-380e-825a-b1ee49dfc7c9/1_org_zoom.jpg,"{""Tip"":""Soket çorap"",""Renk"":""Çok Renkli"",""Desen"":""Desenli"",""Kumaş Tipi"":""Örme"",""Ortam"":""Casual/Günlük"",""Menşei"":""TR""}",0,,refreshed,"[""daily_top""]",true,2026-08-21T09:00:50+03:00,0,"[""search_result_dom"",""product_detail_jsonld"",""product_detail_dom""]","{""title"":""observed"",""brand"":""observed"",""seller_name"":""observed"",""seller_score"":""observed"",""price"":""observed"",""original_price"":""unavailable"",""campaigns"":""observed"",""stock_status"":""observed"",""stock_signal"":""observed"",""rating"":""unavailable"",""rating_count"":""unavailable"",""review_count"":""unavailable"",""question_count"":""unavailable"",""delivery_summary"":""observed"",""shipping_cost"":""observed"",""properties"":""observed""}",true,
2026-08-21,2026-08-21T09:00:50+03:00,çocuk,BEST_SELLER,genel-cocuk,çocuk,67,4,67,67,4,cocuk:genel-cocuk,67,-36,23.9,6.1,130249587,892989,130249587:892989,Dragora Ribanalı Okul Pantolonu (BİR BÜYÜK BEDEN ALINMASI TAVSİYE EDİLİR),Dragora,Pantolon,https://www.trendyol.com/dragora/ribanali-okul-pantolonu-bir-buyuk-beden-alinmasi-tavsiye-edilir-p-130249587?boutiqueId=61&merchantId=892989,YHM SALES,89,243.2,,,0,TRY,"[""Kargo Bedava"",""Trendyol Plus'a Özel""]",InStock,10 adetten fazla stok sunulmuştur,,,,,4.2,1932,982,2,599,584 kişinin sepetinde,"11,1B kişi favoriledi",Son 24 saatte 389 kişi görüntüledi,4999,TRY,0,1,1,4,14 saat 55 dakika içinde sipariş verirsen en geç yarın kargoda!,En Çok Satan 4. Ürün,https://cdn.dsmcdn.com/ty1550/product/media/images/ty1542/prod/QC/20240914/18/dacaa23a-4995-38f2-a444-400ff06ec1ce/1_org_zoom.jpg,"{""Materyal"":""Pamuklu"",""Kumaş Tipi"":""Dokuma"",""Paça Tipi"":""Boru Paça"",""Bel"":""Normal Bel"",""Desen"":""Düz"",""Renk"":""Lacivert"",""Cep"":""4 Cep"",""Ürün Detayı"":""Cep Detaylı"",""Koleksiyon"":""Young"",""Kalınlık"":""Orta"",""Astar Durumu"":""Astarsız"",""Boy"":""Regular"",""Siluet"":""Straight"",""Ortam"":""Şık"",""Kalıp"":""Beli Lastikli"",""Ek Özellik"":""Esnek"",""Dokuma Tipi"":""Deri"",""Persona"":""Fashion Forward"",""Baskı/Nakış Tekniği"":""Baskısız"",""Kemer/Kuşak Durumu"":""Bağcıklı"",""Sürdürülebilirlik Detayı"":""Hayır"",""Materyal Bileşeni"":""%100 Tekstil"",""Yıkama Talimatı"":""type1"",""Sezon"":""Tüm Sezonlar"",""Menşei"":""TR""}",20,5,refreshed,"[""daily_top""]",true,2026-08-21T09:00:50+03:00,0,"[""search_result_dom"",""product_detail_jsonld"",""product_detail_dom""]","{""title"":""observed"",""brand"":""observed"",""seller_name"":""observed"",""seller_score"":""observed"",""price"":""observed"",""original_price"":""unavailable"",""campaigns"":""observed"",""stock_status"":""observed"",""stock_signal"":""observed"",""rating"":""observed"",""rating_count"":""observed"",""review_count"":""observed"",""question_count"":""observed"",""delivery_summary"":""observed"",""shipping_cost"":""observed"",""properties"":""observed""}",true,
2026-08-21,2026-08-21T09:00:50+03:00,çocuk,BEST_SELLER,genel-cocuk,çocuk,68,4,68,68,2,cocuk:genel-cocuk,68,10,21.9,8.1,834350115,2844,834350115:2844,Galatasaray Galatasaray Çocuk 24 Şampiyonluk T-Shirt C241367,Galatasaray,T-Shirt,https://www.trendyol.com/galatasaray/galatasaray-cocuk-24-sampiyonluk-t-shirt-c241367-p-834350115?boutiqueId=61&merchantId=2844,GSStore,87,119.99,,,0,TRY,"[""Kargo Bedava""]",InStock,100 adetten fazla stok sunulmuştur,,,,,4.8,1179,541,2,118,654 kişinin sepetinde,11B kişi favoriledi,Son 24 saatte 756 kişi görüntüledi,4999,TRY,0,1,1,4,14 saat 55 dakika içinde sipariş verirsen en geç yarın kargoda!,En Çok Satan 2. Ürün,https://cdn.dsmcdn.com/ty1617/prod/QC/20241228/18/c9f4eb7f-2ac2-37cf-a313-41fe90c954d2/1_org_zoom.jpg,"{""Desen"":""Düz"",""Yıkama Talimatı"":""T01"",""Kalıp"":""Regular"",""Yaka Tipi"":""Bisiklet Yaka"",""Materyal"":""Pamuklu"",""Renk"":""Siyah"",""Kumaş Tipi"":""Dokuma"",""Kol Tipi"":""Kısa Kol"",""Paket İçeriği"":""Tekli"",""Teknik"":""Yok"",""Cep"":""Cepsiz"",""Kol Boyu"":""Kısa"",""Boy"":""Standart"",""Ortam"":""Casual/Günlük"",""Baskı/Nakış Tekniği"":""Baskısız"",""Sürdürülebilirlik Detayı"":""Hayır"",""Dokuma Tipi"":""30/1 penye süprem"",""Siluet"":""Regular"",""Menşei"":""TR"",""Kutu Durumu"":""Kutu yok""}",20,5,refreshed,"[""daily_top""]",true,2026-08-21T09:00:50+03:00,0,"[""search_result_dom"",""product_detail_jsonld"",""product_detail_dom""]","{""title"":""observed"",""brand"":""observed"",""seller_name"":""observed"",""seller_score"":""observed"",""price"":""observed"",""original_price"":""unavailable"",""campaigns"":""observed"",""stock_status"":""observed"",""stock_signal"":""observed"",""rating"":""observed"",""rating_count"":""observed"",""review_count"":""observed"",""question_count"":""observed"",""delivery_summary"":""observed"",""shipping_cost"":""observed"",""properties"":""observed""}",true,
2026-08-21,2026-08-21T09:00:50+03:00,çocuk,BEST_SELLER,genel-cocuk,çocuk,69,4,69,69,5,cocuk:genel-cocuk,69,83,15.4,16.6,963473309,131861,963473309:131861,"Çantaland 3’Lü İlkokul Labubu Baskılı Lila, Kız Çocuk Beslenmeli Ve Kalemlikli Okul Çantası",Çantaland,,https://www.trendyol.com/cantaland/3-lu-ilkokul-labubu-baskili-lila-kiz-cocuk-beslenmeli-ve-kalemlikli-okul-cantasi-p-963473309?boutiqueId=61&merchantId=131861,Çantaland,95,881.9,899.9,2,57.9,TRY,"[""Sepette %2 İndirim"",""Kargo Bedava""]",InStock,100 adetten fazla stok sunulmuştur,,,,,4.9,47,,0,19,894 kişinin sepetinde,"3,2B kişi favoriledi",Son 24 saatte 912 kişi görüntüledi,,,0,,,,4 saat 55 dakika içinde sipariş verirsen en geç bugün kargoda!,En Çok Satan 5. Ürün,,{},0,,refreshed,"[""daily_top"",""hot_change""]",true,2026-08-21T09:00:50+03:00,0,"[""search_result_dom"",""product_detail_jsonld"",""product_detail_dom""]","{""title"":""observed"",""brand"":""observed"",""seller_name"":""observed"",""seller_score"":""observed"",""price"":""observed"",""original_price"":""observed"",""campaigns"":""observed"",""stock_status"":""observed"",""stock_signal"":""observed"",""rating"":""observed"",""rating_count"":""observed"",""review_count"":""unavailable"",""question_count"":""observed"",""delivery_summary"":""observed"",""shipping_cost"":""unavailable"",""properties"":""observed""}",true,
2026-08-21,2026-08-21T09:00:50+03:00,çocuk,BEST_SELLER,genel-cocuk,çocuk,70,4,70,70,1,cocuk:genel-cocuk,70,,17.9,13.1,801228842,1164569,801228842:1164569,Genel Markalar Pilli Zıplayan Tavşan Oyuncak | Sevimli Peluş Hareketli Tavşan,Genel Markalar,Hayvan Figür Oyuncak,https://www.trendyol.com/genel-markalar/pilli-ziplayan-tavsan-oyuncak-sevimli-pelus-hareketli-tavsan-p-801228842?boutiqueId=61&merchantId=1164569,BTA OYUN ALETLERİ,87,252.45,255,1,,TRY,"[""Sepette %1 İndirim"",""Kargo Bedava""]",InStock,50 adetten fazla stok sunulmuştur,,,,,4.1,227,130,1,232,508 kişinin sepetinde,"9,5B kişi favoriledi",Son 24 saatte 720 kişi görüntüledi,4999,TRY,0,1,1,4,14 saat 55 dakika içinde sipariş verirsen en geç yarın kargoda!,En Çok Satan 1. Ürün,https://cdn.dsmcdn.com/ty1941/prod/QC_ENRICHMENT/20260428/13/c715c608-5bab-392b-b643-8f049663f636/1_org_zoom.jpg,"{""Yaş"":""3+ Yaş"",""Pil ile mi çalışır?"":""Evet"",""Piller Kutuya Dahil Mi?"":""Hayır"",""Menşei"":""TR"",""Özellik"":""Zıplayan""}",20,5,refreshed,"[""daily_top""]",true,2026-08-21T09:00:50+03:00,0,"[""search_result_dom"",""product_detail_jsonld"",""product_detail_dom""]","{""title"":""observed"",""brand"":""observed"",""seller_name"":""observed"",""seller_score"":""observed"",""price"":""observed"",""original_price"":""observed"",""campaigns"":""observed"",""stock_status"":""observed"",""stock_signal"":""observed"",""rating"":""observed"",""rating_count"":""observed"",""review_count"":""observed"",""question_count"":""observed"",""delivery_summary"":""observed"",""shipping_cost"":""observed"",""properties"":""observed""}",true,
2026-08-21,2026-08-21T09:00:50+03:00,çocuk,BEST_SELLER,genel-cocuk,çocuk,71,4,71,71,10,cocuk:genel-cocuk,71,103,53.3,6.7,883281509,357212,883281509:357212,Go Toys Go Blocks 80 Parça Yapı Blok Seti Multi Blok Saklama Çantalı Shopist,Go Toys,Diğer Oyun Takımları,https://www.trendyol.com/go-toys/go-blocks-80-parca-yapi-blok-seti-multi-blok-saklama-cantali-shopist-p-883281509?boutiqueId=61&merchantId=357212,Shopist,,209.3,299,30,0,TRY,"[""Sepette %30 İndirim"",""Kargo Bedava""]",InStock,100 adetten fazla stok sunulmuştur,,,,,4.1,1535,824,0,102,807 kişinin sepetinde,"47,3B kişi favoriledi",Son 24 saatte 916 kişi görüntüledi,4999,TRY,0,,1,4,1 saat 55 dakika içinde sipariş verirsen en geç bugün kargoda!,,https://cdn.dsmcdn.com/ty1611/prod/QC/20241210/21/71a86367-6e31-3b9e-9689-bf4925e62654/1_org_zoom.jpg,"{""Parça Sayısı"":""80"",""Yaş"":""3+ Yaş"",""Menşei"":""TR""}",20,5,refreshed,"[""daily_top""]",true,2026-08-21T09:00:50+03:00,0,"[""search_result_dom"",""product_detail_jsonld"",""product_detail_dom""]","{""title"":""observed"",""brand"":""observed"",""seller_name"":""observed"",""seller_score"":""unavailable"",""price"":""observed"",""original_price"":""observed"",""campaigns"":""observed"",""stock_status"":""observed"",""stock_signal"":""observed"",""rating"":""observed"",""rating_count"":""observed"",""review_count"":""observed"",""question_count"":""observed"",""delivery_summary"":""observed"",""shipping_cost"":""observed"",""properties"":""observed""}",true,
2026-08-21,2026-08-21T09:00:50+03:00,çocuk,BEST_SELLER,genel-cocuk,çocuk,72,4,72,72,,cocuk:genel-cocuk,72,-12,27.1,7.6,827089760,931256,827089760:931256,tutobaby Ördek Şekilli Montessori Duyusal Gözlem Beceri Geliştirme Ve Diş Kaşıyıcı Oyuncağı,tutobaby,Eğitici Oyuncak,https://www.trendyol.com/tutobaby/ordek-sekilli-montessori-duyusal-gozlem-beceri-gelistirme-ve-dis-kasiyici-oyuncagi-p-827089760?boutiqueId=61&merchantId=931256,TuTobaby,98,390.78,410,4.7,0,TRY,"[""Kargo Bedava""]",InStock,100 adetten fazla stok sunulmuştur,,,,,4.8,921,638,2,46,727 kişinin sepetinde,"34,6B kişi favoriledi",Son 24 saatte 896 kişi görüntüledi,4999,TRY,0,,1,4,4 saat 55 dakika içinde sipariş verirsen en geç bugün kargoda!,,https://cdn.dsmcdn.com/ty1387/product/media/images/prod/QC/20240628/14/269200f6-bf1e-3ffb-a296-36f2abf045b5/1_org_zoom.jpg,"{""Paket İçeriği"":""1'li"",""Yaş"":""1+ Yaş"",""Piller Kutuya Dahil Mi?"":""Hayır"",""Dil"":""Türkçe"",""Pil ile mi çalışır?"":""Hayır"",""Menşei"":""CN""}",20,5,refreshed,"[""daily_top""]",true,2026-08-21T09:00:50+03:00,0,"[""search_result_dom"",""product_detail_jsonld"",""product_detail_dom""]","{""title"":""observed"",""brand"":""observed"",""seller_name"":""observed"",""seller_score"":""observed"",""price"":""observed"",""original_price"":""observed"",""campaigns"":""observed"",""stock_status"":""observed"",""stock_signal"":""observed"",""rating"":""observed"",""rating_count"":""observed"",""review_count"":""observed"",""question_count"":""observed"",""delivery_summary"":""observed"",""shipping_cost"":""observed"",""properties"":""observed""}",true,
2026-08-21,2026-08-21T09:00:50+03:00,çocuk,BEST_SELLER,genel-cocuk,çocuk,73,6,73,73,4,cocuk:genel-cocuk,73,-8,31.1,0,6877586,109486,6877586:109486,Furkan Toys Cool Wheels Twist Led Işıklı 3 Tekerlekli Yükseklik Ayarlı PEMBE Scooter,Furkan Toys,,https://www.trendyol.com/furkan-toys/cool-wheels-twist-led-isikli-3-tekerlekli-yukseklik-ayarli-pembe-scooter-p-6877586?boutiqueId=61&merchantId=109486,Oyuncak Paketim,92,966.34,,,0,TRY,"[""Kargo Bedava"",""Son 10 Günün En Düşük Fiyatı""]",InStock,50 adetten fazla stok sunulmuştur,,,,,4.6,7669,,0,1730,957 kişinin sepetinde,"67,7B kişi favoriledi",Son 24 saatte 717 kişi görüntüledi,,,0,,,,1 saat 54 dakika içinde sipariş verirsen en geç bugün kargoda!,,,{},0,,refreshed,"[""daily_top""]",true,2026-08-21T09:00:50+03:00,0,"[""search_result_dom"",""product_detail_jsonld"",""product_detail_dom""]","{""title"":""observed"",""brand"":""observed"",""seller_name"":""observed"",""seller_score"":""observed"",""price"":""observed"",""original_price"":""unavailable"",""campaigns"":""observed"",""stock_status"":""observed"",""stock_signal"":""observed"",""rating"":""observed"",""rating_count"":""observed"",""review_count"":""unavailable"",""question_count"":""observed"",""delivery_summary"":""observed"",""shipping_cost"":""unavailable"",""properties"":""observed""}",true,
2026-08-21,2026-08-21T09:00:50+03:00,çocuk,BEST_SELLER,genel-cocuk,çocuk,74,6,74,74,4,cocuk:genel-cocuk,74,12,27.9,2.1,91830883,916075,91830883:916075,Tutku Kız Çocuk Ip Askılı Düz Atlet 6lı Pamuklu,Tutku,,https://www.trendyol.com/tutku/kiz-cocuk-ip-askili-duz-atlet-6li-pamuklu-p-91830883?boutiqueId=61&merchantId=916075,TUTKU ELİT,92,424,,,0,TRY,"[""Kargo Bedava"",""Sepette %7 İndirim""]",InStock,50 adetten fazla stok sunulmuştur,,,,,4.4,3088,,0,636,910 kişinin sepetinde,"20,7B kişi favoriledi",Son 24 saatte 352 kişi görüntüledi,,,0,,,,14 saat 54 dakika içinde sipariş verirsen en geç yarın kargoda!,,,{},0,,refreshed,"[""daily_top""]",true,2026-08-21T09:00:50+03:00,0,"[""search_result_dom"",""product_detail_jsonld"",""product_detail_dom""]","{""title"":""observed"",""brand"":""observed"",""seller_name"":""observed"",""seller_score"":""observed"",""price"":""observed"",""original_price"":""unavailable"",""campaigns"":""observed"",""stock_status"":""observed"",""stock_signal"":""observed"",""rating"":""observed"",""rating_count"":""observed"",""review_count"":""unavailable"",""question_count"":""observed"",""delivery_summary"":""observed"",""shipping_cost"":""unavailable"",""properties"":""observed""}",true,
2026-08-21,2026-08-21T09:00:50+03:00,çocuk,BEST_SELLER,genel-cocuk,çocuk,75,6,75,75,3,cocuk:genel-cocuk,75,,0,,1183418271,982060,1183418271:982060,H&M 5'li Pamuklu Boxer Şort,H&M,,https://www.trendyol.com/h-m/5-li-pamuklu-boxer-sort-p-1183418271?boutiqueId=61&merchantId=982060,H&M,5,549.99,,,,TRY,"[""Kargo Bedava""]",InStock,10 adetten fazla stok sunulmuştur,,,,,,,,,1,543 kişinin sepetinde,929 kişi favoriledi,Son 24 saatte 1B kişi görüntüledi,,,0,,,,Tahmini Teslim:,En Çok Ziyaret Edilen 1. Ürün,,{},0,,refreshed,"[""daily_top""]",true,2026-08-21T09:00:50+03:00,0,"[""search_result_dom"",""product_detail_jsonld"",""product_detail_dom""]","{""title"":""observed"",""brand"":""observed"",""seller_name"":""observed"",""seller_score"":""observed"",""price"":""observed"",""original_price"":""unavailable"",""campaigns"":""observed"",""stock_status"":""observed"",""stock_signal"":""observed"",""rating"":""unavailable"",""rating_count"":""unavailable"",""review_count"":""unavailable"",""question_count"":""observed"",""delivery_summary"":""observed"",""shipping_cost"":""unavailable"",""properties"":""observed""}",true,
2026-08-21,2026-08-21T09:00:50+03:00,çocuk,BEST_SELLER,genel-cocuk,çocuk,76,6,76,76,1,cocuk:genel-cocuk,76,92,37.8,7,786143904,1287416,786143904:1287416,Genel Markalar Yenidoğan Kundak (kundağın amacı dar olmasıdır),Genel Markalar,,https://www.trendyol.com/genel-markalar/yenidogan-kundak-kundagin-amaci-dar-olmasidir-p-786143904?boutiqueId=61&merchantId=1287416,ATLI KİDS,85,929.99,1091.29,14.8,,TRY,"[""Kargo Bedava"",""Son 10 Günün En Düşük Fiyatı"",""Son 10 günün en düşük fiyatı""]",InStock,100 adetten fazla stok sunulmuştur,,,,,4.5,750,,0,223,640 kişinin sepetinde,"42,3B kişi favoriledi","Son 24 saatte 1,7B kişi görüntüledi",,,0,,,,Tahmini Teslim:,En Çok Satan 1. Ürün,,{},0,,refreshed,"[""daily_top"",""hot_change""]",true,2026-08-21T09:00:50+03:00,0,"[""search_result_dom"",""product_detail_jsonld"",""product_detail_dom""]","{""title"":""observed"",""brand"":""observed"",""seller_name"":""observed"",""seller_score"":""observed"",""price"":""observed"",""original_price"":""observed"",""campaigns"":""observed"",""stock_status"":""observed"",""stock_signal"":""observed"",""rating"":""observed"",""rating_count"":""observed"",""review_count"":""unavailable"",""question_count"":""observed"",""delivery_summary"":""observed"",""shipping_cost"":""unavailable"",""properties"":""observed""}",true,
2026-08-21,2026-08-21T09:00:50+03:00,çocuk,BEST_SELLER,genel-cocuk,çocuk,77,6,77,77,,cocuk:genel-cocuk,77,-16,26.9,3.1,803414049,203783,803414049:203783,BGK 5 Çift Surat İfade Desenli Çocuk Çorap,BGK,Çorap,https://www.trendyol.com/bgk/5-cift-surat-ifade-desenli-cocuk-corap-p-803414049?boutiqueId=61&merchantId=203783,BGK,5,151.99,,,-20,TRY,"[""Kargo Bedava"",""Trendyol Plus'a Özel""]",InStock,100 adetten fazla stok sunulmuştur,,,,,4.3,5387,2309,2,162,952 kişinin sepetinde,"52,7B kişi favoriledi",Son 24 saatte 418 kişi görüntüledi,4999,TRY,0,1,1,4,1 saat 54 dakika içinde sipariş verirsen en geç bugün kargoda!,,https://cdn.dsmcdn.com/ty1798/prod/QC_ENRICHMENT/20251209/00/ec9015ca-9d85-3989-94c8-bffd3a29706c/1_org_zoom.jpg,"{""Materyal"":""Pamuk - Elastan"",""Sürdürülebilirlik Detayı"":""Hayır"",""Tip"":""Soket çorap"",""Renk"":""Çok Renkli"",""Paket İçeriği"":""5'li"",""Desen"":""Desenli"",""Teknik"":""Yok"",""Ürün Tipi"":""Düz"",""Kumaş Tipi"":""Örme"",""Siluet"":""Uzun"",""Ortam"":""Casual/Günlük"",""Yıkama Talimatı"":""T02"",""Ek Özellik"":""Desenli"",""Boy"":""Regular"",""Menşei"":""TR""}",20,5,refreshed,"[""daily_top""]",true,2026-08-21T09:00:50+03:00,0,"[""search_result_dom"",""product_detail_jsonld"",""product_detail_dom""]","{""title"":""observed"",""brand"":""observed"",""seller_name"":""observed"",""seller_score"":""observed"",""price"":""observed"",""original_price"":""unavailable"",""campaigns"":""observed"",""stock_status"":""observed"",""stock_signal"":""observed"",""rating"":""observed"",""rating_count"":""observed"",""review_count"":""observed"",""question_count"":""observed"",""delivery_summary"":""observed"",""shipping_cost"":""observed"",""properties"":""observed""}",true,
2026-08-21,2026-08-21T09:00:50+03:00,çocuk,BEST_SELLER,genel-cocuk,çocuk,78,6,78,78,10,cocuk:genel-cocuk,78,115,33.7,6.3,125884323,153297,125884323:153297,Molmini Plus Bel & Sırt Destekli Ergonomik Kanguru 4-12 KG Çok Yönlü Ayarlanabilir Siyah,Molmini,Portbebe Kanguru Sling,https://www.trendyol.com/molmini/plus-bel-sirt-destekli-ergonomik-kanguru-4-12-kg-cok-yonlu-ayarlanabilir-siyah-p-125884323?boutiqueId=61&merchantId=153297,Opera Bebek,92,657.98,731.09,10,-29.9,TRY,"[""Kargo Bedava""]",InStock,100 adetten fazla stok sunulmuştur,,,,,4.4,1677,918,1,449,477 kişinin sepetinde,"28,4B kişi favoriledi",Son 24 saatte 552 kişi görüntüledi,4999,TRY,0,,1,4,2 saat 54 dakika içinde sipariş verirsen en geç bugün kargoda!,,https://cdn.dsmcdn.com/ty1830/prod/QC_ENRICHMENT/20260227/19/936e59e7-a139-3b0e-ac66-df0c17d665d3/1_org_zoom.jpg,"{""Ayarlanabilir Baş Desteği"":""Yok"",""Renk"":""Siyah"",""Taşıma Kapasitesi"":""0-12 Kg"",""Garanti Süresi"":""2 Yıl"",""Menşei"":""TR"",""Yıkama Talimatı"":""* Taşıyıcıyı makinaya atarken tüm plastik kilitleri kapatmayı unutmayın. * 30 Derecede sadece deterjan kullanarak yıkayın. * 400 Devir sıkma uygulanabilir. * Kurutma makinası veya güneşte kurutmayın. *Ütü yapmayın. *Çok sık yıkamayın."",""Özellik"":""Ayarlanabilir""}",20,5,refreshed,"[""daily_top"",""hot_change""]",true,2026-08-21T09:00:50+03:00,0,"[""search_result_dom"",""product_detail_jsonld"",""product_detail_dom""]","{""title"":""observed"",""brand"":""observed"",""seller_name"":""observed"",""seller_score"":""observed"",""price"":""observed"",""original_price"":""observed"",""campaigns"":""observed"",""stock_status"":""observed"",""stock_signal"":""observed"",""rating"":""observed"",""rating_count"":""observed"",""review_count"":""observed"",""question_count"":""observed"",""delivery_summary"":""observed"",""shipping_cost"":""observed"",""properties"":""observed""}",true,
2026-08-21,2026-08-21T09:00:50+03:00,çocuk,BEST_SELLER,genel-cocuk,çocuk,79,6,79,79,7,cocuk:genel-cocuk,79,-26,21.7,8.3,863331605,4227,863331605:4227,Katia & Bony Çocuk 7'li Paket Step Çorap,Katia & Bony,Çorap,https://www.trendyol.com/katia-bony/cocuk-7-li-paket-step-corap-p-863331605?boutiqueId=61&merchantId=4227,Katia and Bony,93,186.1,,,-53.1,TRY,"[""Sepette %2 İndirim"",""20 TL Kupon"",""Kargo Bedava"",""Trendyol Plus'a Özel""]",InStock,100 adetten fazla stok sunulmuştur,,,,,4.6,1045,519,3,49,"1,1B kişinin sepetinde","14,2B kişi favoriledi",Son 24 saatte 319 kişi görüntüledi,4999,TRY,0,,1,4,2 saat 54 dakika içinde sipariş verirsen en geç bugün kargoda!,En Çok Satan 7. Ürün,https://cdn.dsmcdn.com/ty1900/prod/QC_ENRICHMENT/20260605/17/1fffcb71-99e6-3765-8bf7-2493f9b83587/1_org_zoom.jpg,"{""Materyal"":""Pamuklu"",""Sürdürülebilirlik Detayı"":""Hayır"",""Tip"":""Patik çorap"",""Renk"":""Yeşil"",""Paket İçeriği"":""7'li"",""Desen"":""Düz"",""Teknik"":""Yok"",""Ürün Detayı"":""Mevcut Değil"",""Ürün Tipi"":""Düz"",""Koleksiyon"":""Basic"",""Kumaş Tipi"":""Örme"",""Siluet"":""Kısa"",""Persona"":""Young"",""Materyal Bileşeni"":""%72 Pamuk, %26 Poliamid, %2 Elastan"",""Ortam"":""Casual/Günlük"",""Dokuma Tipi"":""Jakar"",""Yıkama Talimatı"":""T08"",""Ek Özellik"":""Esnek"",""Boy"":""Regular"",""Menşei"":""TR"",""Sezon"":""Tüm Sezonlar""}",20,5,refreshed,"[""daily_top""]",true,2026-08-21T09:00:50+03:00,0,"[""search_result_dom"",""product_detail_jsonld"",""product_detail_dom""]","{""title"":""observed"",""brand"":""observed"",""seller_name"":""observed"",""seller_score"":""observed"",""price"":""observed"",""original_price"":""unavailable"",""campaigns"":""observed"",""stock_status"":""observed"",""stock_signal"":""observed"",""rating"":""observed"",""rating_count"":""observed"",""review_count"":""observed"",""question_count"":""observed"",""delivery_summary"":""observed"",""shipping_cost"":""observed"",""properties"":""observed""}",true,
2026-08-21,2026-08-21T09:00:50+03:00,çocuk,BEST_SELLER,genel-cocuk,çocuk,80,6,80,80,,cocuk:genel-cocuk,80,58,29.2,10.8,993610751,190370,993610751:190370,Brother Toys Yürüyen Yengeç Oyuncak İpli Işıklı Müzikli Emeklemeye ve Yürümeye Yardımcı Pilli,Brother Toys,Eğitici Oyuncak,https://www.trendyol.com/brother-toys/yuruyen-yengec-oyuncak-ipli-isikli-muzikli-emeklemeye-ve-yurumeye-yardimci-pilli-p-993610751?boutiqueId=61&merchantId=190370,BROTHERTOYS,91,359.12,399.02,10,0,TRY,"[""Kargo Bedava""]",InStock,100 adetten fazla stok sunulmuştur,,,,,3.8,399,248,1,41,617 kişinin sepetinde,"20,3B kişi favoriledi",Son 24 saatte 652 kişi görüntüledi,4999,TRY,0,,1,4,4 saat 54 dakika içinde sipariş verirsen en geç bugün kargoda!,,https://cdn.dsmcdn.com/ty1764/prod/QC_PREP/20250927/14/f27d07b4-0930-3ad8-8bb9-12310f2a28ba/1_org_zoom.jpg,"{""Paket İçeriği"":""2'li"",""Yaş"":""1+ Yaş"",""Piller Kutuya Dahil Mi?"":""Hayır"",""Dil"":""Evrensel Dil"",""Pil ile mi çalışır?"":""Evet"",""Diğer Özellikler"":""Kaliteli Malzeme"",""Menşei"":""CN"",""Ürün Uyarıları (Oyuncak)"":""çocuk"",""Batarya Türü"":""Nikel-kadmiyum"",""Batarya Boyutu"":""AA"",""Özellik"":""Belirtilmemiş""}",20,5,refreshed,"[""daily_top""]",true,2026-08-21T09:00:50+03:00,0,"[""search_result_dom"",""product_detail_jsonld"",""product_detail_dom""]","{""title"":""observed"",""brand"":""observed"",""seller_name"":""observed"",""seller_score"":""observed"",""price"":""observed"",""original_price"":""observed"",""campaigns"":""observed"",""stock_status"":""observed"",""stock_signal"":""observed"",""rating"":""observed"",""rating_count"":""observed"",""review_count"":""observed"",""question_count"":""observed"",""delivery_summary"":""observed"",""shipping_cost"":""observed"",""properties"":""observed""}",true,
2026-08-21,2026-08-21T09:00:50+03:00,çocuk,BEST_SELLER,genel-cocuk,çocuk,81,6,81,81,2,cocuk:genel-cocuk,81,35,24.8,5.2,951130258,1109378,951130258:1109378,vieso 5'li Pamuklu Çıtçıtlı Bebek Body Zıbın Atlet Ekonomik kız erkek,vieso,,https://www.trendyol.com/vieso/5-li-pamuklu-citcitli-bebek-body-zibin-atlet-ekonomik-kiz-erkek-p-951130258?boutiqueId=61&merchantId=1109378,VİESO BABY,93,355,,,0,TRY,"[""Sepette %1 İndirim"",""Kargo Bedava"",""Trendyol Plus'a Özel""]",InStock,100 adetten fazla stok sunulmuştur,,,,,4.2,1268,,0,116,"1,5B kişinin sepetinde","23,3B kişi favoriledi",Son 24 saatte 352 kişi görüntüledi,,,0,,,,1 saat 54 dakika içinde sipariş verirsen en geç bugün kargoda!,En Çok Satan 2. Ürün,,{},0,,refreshed,"[""daily_top""]",true,2026-08-21T09:00:50+03:00,0,"[""search_result_dom"",""product_detail_jsonld"",""product_detail_dom""]","{""title"":""observed"",""brand"":""observed"",""seller_name"":""observed"",""seller_score"":""observed"",""price"":""observed"",""original_price"":""unavailable"",""campaigns"":""observed"",""stock_status"":""observed"",""stock_signal"":""observed"",""rating"":""observed"",""rating_count"":""observed"",""review_count"":""unavailable"",""question_count"":""observed"",""delivery_summary"":""observed"",""shipping_cost"":""unavailable"",""properties"":""observed""}",true,
2026-08-21,2026-08-21T09:00:50+03:00,çocuk,BEST_SELLER,genel-cocuk,çocuk,82,6,82,82,2,cocuk:genel-cocuk,82,,37.1,2.9,822162171,464137,822162171:464137,Özgüner Oyuncak Dev Büyük Peluş Ayıcık 140170 Hediyelik Ayı (%100 YERLİ),Özgüner Oyuncak,,https://www.trendyol.com/ozguner-oyuncak/dev-buyuk-pelus-ayicik-140170-hediyelik-ayi-100-yerli-p-822162171?boutiqueId=61&merchantId=464137,Pandamkee Oyuncak,92,816.17,906.86,10,0,TRY,"[""Kargo Bedava"",""Trendyol Plus'a Özel""]",InStock,100 adetten fazla stok sunulmuştur,,,,,4.1,2456,,0,636,823 kişinin sepetinde,"56,8B kişi favoriledi","Son 24 saatte 1,1B kişi görüntüledi",,,0,,,,4 saat 54 dakika içinde sipariş verirsen en geç bugün kargoda!,En Çok Satan 2. Ürün,,{},0,,refreshed,"[""daily_top""]",true,2026-08-21T09:00:50+03:00,0,"[""search_result_dom"",""product_detail_jsonld"",""product_detail_dom""]","{""title"":""observed"",""brand"":""observed"",""seller_name"":""observed"",""seller_score"":""observed"",""price"":""observed"",""original_price"":""observed"",""campaigns"":""observed"",""stock_status"":""observed"",""stock_signal"":""observed"",""rating"":""observed"",""rating_count"":""observed"",""review_count"":""unavailable"",""question_count"":""observed"",""delivery_summary"":""observed"",""shipping_cost"":""unavailable"",""properties"":""observed""}",true,
2026-08-21,2026-08-21T09:00:50+03:00,çocuk,BEST_SELLER,genel-cocuk,çocuk,83,6,83,83,3,cocuk:genel-cocuk,83,-57,27,3,691009501,819535,691009501:819535,Pufu Toys Zürafa Peluş Oyuncak (1 METRE) Yastık,Pufu Toys,Peluş Oyuncak,https://www.trendyol.com/pufu-toys/zurafa-pelus-oyuncak-1-metre-yastik-p-691009501?boutiqueId=61&merchantId=819535,PufuToys,95,614.64,,,0,TRY,"[""Kargo Bedava"",""Trendyol Plus'a Özel""]",InStock,100 adetten fazla stok sunulmuştur,,,,,4.8,3986,2365,0,366,1B kişinin sepetinde,"112,8B kişi favoriledi",Son 24 saatte 1B kişi görüntüledi,4999,TRY,0,1,1,4,3 saat 54 dakika içinde sipariş verirsen en geç bugün kargoda!,En Çok Satan 3. Ürün,https://cdn.dsmcdn.com/ty1610/prod/QC/20241203/23/80d98c71-e147-30fb-8bab-214ff5f38e25/1_org_zoom.jpg,"{""Renk"":""Çok Renkli"",""Boyut"":""100 cm"",""Yaş"":""1+ Yaş"",""Dil"":""Türkçe"",""Pil ile mi çalışır?"":""Hayır"",""Piller Kutuya Dahil Mi?"":""Hayır"",""Menşei"":""TR""}",20,5,refreshed,"[""daily_top""]",true,2026-08-21T09:00:50+03:00,0,"[""search_result_dom"",""product_detail_jsonld"",""product_detail_dom""]","{""title"":""observed"",""brand"":""observed"",""seller_name"":""observed"",""seller_score"":""observed"",""price"":""observed"",""original_price"":""unavailable"",""campaigns"":""observed"",""stock_status"":""observed"",""stock_signal"":""observed"",""rating"":""observed"",""rating_count"":""observed"",""review_count"":""observed"",""question_count"":""observed"",""delivery_summary"":""observed"",""shipping_cost"":""observed"",""properties"":""observed""}",true,
2026-08-21,2026-08-21T09:00:50+03:00,çocuk,BEST_SELLER,genel-cocuk,çocuk,84,6,84,84,9,cocuk:genel-cocuk,84,,24.2,5.8,3129037,4227,3129037:4227,Katia & Bony Kız Çocuk Family Kurdeleli Beyaz Basic Dizaltı Okul Çorabı,Katia &,,https://www.trendyol.com/katia-bony/kiz-cocuk-family-kurdeleli-beyaz-basic-dizalti-okul-corabi-p-3129037?boutiqueId=61&merchantId=4227,Katia and Bony,93,269.9,,,,TRY,"[""Sepette %2 İndirim"",""25 TL Kupon"",""Kargo Bedava"",""Trendyol Plus'a Özel""]",InStock,100 adetten fazla stok sunulmuştur,,,,,4.7,1070,,,39,568 kişinin sepetinde,"26,3B kişi favoriledi",Son 24 saatte 308 kişi görüntüledi,,,0,,,,2 saat 54 dakika içinde sipariş verirsen en geç bugün kargoda!,En Çok Satan 9. Ürün,,{},0,,refreshed,"[""daily_top""]",true,2026-08-21T09:00:50+03:00,0,"[""search_result_dom"",""product_detail_jsonld"",""product_detail_dom""]","{""title"":""observed"",""brand"":""observed"",""seller_name"":""observed"",""seller_score"":""observed"",""price"":""observed"",""original_price"":""unavailable"",""campaigns"":""observed"",""stock_status"":""observed"",""stock_signal"":""observed"",""rating"":""observed"",""rating_count"":""observed"",""review_count"":""unavailable"",""question_count"":""observed"",""delivery_summary"":""observed"",""shipping_cost"":""unavailable"",""properties"":""observed""}",true,
2026-08-21,2026-08-21T09:00:50+03:00,çocuk,BEST_SELLER,genel-cocuk,çocuk,85,6,85,85,1,cocuk:genel-cocuk,85,25,17.9,12.1,1073912061,707705,1073912061:707705,OMY 5'Lİ HASTANE ÇIKIŞI % 100 PAMUKLU SET FİTİLLİ DESENLİ MOM&DAD YENİDOĞAN EXTRA KONFOR,OMY,Hastane Çıkışı,https://www.trendyol.com/omy/5-li-hastane-cikisi-100-pamuklu-set-fitilli-desenli-mom-dad-yenidogan-extra-konfor-p-1073912061?boutiqueId=61&merchantId=707705,OMY,5,289.9,,,0,TRY,"[""Kargo Bedava""]",InStock,100 adetten fazla stok sunulmuştur,,,,,4.4,425,170,1,68,"1,7B kişinin sepetinde","30,4B kişi favoriledi","Son 24 saatte 1,5B kişi görüntüledi",4999,TRY,0,,1,4,1 saat 54 dakika içinde sipariş verirsen en geç bugün kargoda!,En Çok Satan 1. Ürün,https://cdn.dsmcdn.com/ty1851/prod/QC_ENRICHMENT/20260408/17/0a0d4d06-cbb7-349e-9461-cdfb30301c8a/1_org_zoom.jpg,"{""Desen"":""Baskılı"",""Materyal"":""Pamuk"",""Renk"":""Beyaz"",""Yıkama Talimatı"":""T44"",""Kumaş Tipi"":""Dokuma"",""Sürdürülebilirlik Detayı"":""Hayır"",""Menşei"":""TR""}",20,5,refreshed,"[""daily_top""]",true,2026-08-21T09:00:50+03:00,0,"[""search_result_dom"",""product_detail_jsonld"",""product_detail_dom""]","{""title"":""observed"",""brand"":""observed"",""seller_name"":""observed"",""seller_score"":""observed"",""price"":""observed"",""original_price"":""unavailable"",""campaigns"":""observed"",""stock_status"":""observed"",""stock_signal"":""observed"",""rating"":""observed"",""rating_count"":""observed"",""review_count"":""observed"",""question_count"":""observed"",""delivery_summary"":""observed"",""shipping_cost"":""observed"",""properties"":""observed""}",true,
2026-08-21,2026-08-21T09:00:50+03:00,çocuk,BEST_SELLER,genel-cocuk,çocuk,86,6,86,86,10,cocuk:genel-cocuk,86,7,42.4,27.6,1153362862,392,1153362862:392,ebebek Hello Baby HelloBaby Erkek Bebek Body Araba Baskılı Çıtçıtlı Bisiklet Yaka Atlet,ebebek Hello Baby,Bebek Body Zıbın,https://www.trendyol.com/ebebek-hello-baby/hellobaby-erkek-bebek-body-araba-baskili-citcitli-bisiklet-yaka-atlet-p-1153362862?boutiqueId=61&merchantId=392,ebebek,,96.29,160.49,40,0,TRY,"[""Sepette %40 İndirim"",""Kargo Bedava""]",InStock,10 adetten fazla stok sunulmuştur,,,,,4,4,1,0,2,,623 kişi favoriledi,Son 24 saatte 437 kişi görüntüledi,4999,TRY,0,3,1,6,Tahmini Teslim:,,https://cdn.dsmcdn.com/ty1905/prod/QC_PREP/20260605/14/9f4675a1-cd74-354c-9194-bccb5208dc2e/1_org_zoom.jpg,"{""Desen"":""Araba"",""Ortam"":""Günlük"",""Yaka Tipi"":""Bisiklet Yaka"",""Materyal"":""Pamuk"",""Kol Tipi"":""Kolsuz"",""Renk"":""Ekru"",""Kumaş Tipi"":""Dokuma"",""Boy"":""Standart"",""Kalıp"":""Relaxed"",""Kol Boyu"":""Kolsuz"",""Menşei"":""TR""}",1,5,refreshed,"[""daily_top""]",true,2026-08-21T09:00:50+03:00,0,"[""search_result_dom"",""product_detail_jsonld"",""product_detail_dom""]","{""title"":""observed"",""brand"":""observed"",""seller_name"":""observed"",""seller_score"":""unavailable"",""price"":""observed"",""original_price"":""observed"",""campaigns"":""observed"",""stock_status"":""observed"",""stock_signal"":""observed"",""rating"":""observed"",""rating_count"":""observed"",""review_count"":""observed"",""question_count"":""observed"",""delivery_summary"":""observed"",""shipping_cost"":""observed"",""properties"":""observed""}",true,
2026-08-21,2026-08-21T09:00:50+03:00,çocuk,BEST_SELLER,genel-cocuk,çocuk,87,6,87,87,1,cocuk:genel-cocuk,87,-30,26.5,3.5,743190984,832367,743190984:832367,HİKKO KİDS çocuk smokin takım elbise,HİKKO KİDS,,https://www.trendyol.com/hikko-kids/cocuk-smokin-takim-elbise-p-743190984?boutiqueId=61&merchantId=832367,YALI&CO,89,475,,,0,TRY,"[""Kargo Bedava""]",InStock,10 adetten fazla stok sunulmuştur,,,,,4.5,2040,,0,767,457 kişinin sepetinde,"10,9B kişi favoriledi",Son 24 saatte 557 kişi görüntüledi,,,0,,,,4 saat 54 dakika içinde sipariş verirsen en geç bugün kargoda!,En Çok Satan 1. Ürün,,{},0,,refreshed,"[""daily_top""]",true,2026-08-21T09:00:50+03:00,0,"[""search_result_dom"",""product_detail_jsonld"",""product_detail_dom""]","{""title"":""observed"",""brand"":""observed"",""seller_name"":""observed"",""seller_score"":""observed"",""price"":""observed"",""original_price"":""unavailable"",""campaigns"":""observed"",""stock_status"":""observed"",""stock_signal"":""observed"",""rating"":""observed"",""rating_count"":""observed"",""review_count"":""unavailable"",""question_count"":""observed"",""delivery_summary"":""observed"",""shipping_cost"":""unavailable"",""properties"":""observed""}",true,
2026-08-21,2026-08-21T09:00:50+03:00,çocuk,BEST_SELLER,genel-cocuk,çocuk,88,6,88,88,,cocuk:genel-cocuk,88,-26,11.9,18.1,926925903,635989,926925903:635989,Genel Markalar 5 Çift Aksesuar Fiyonklu Kız Bebek Çorabı Kutusu 0-6 Ay,Genel Markalar,Çorap,https://www.trendyol.com/genel-markalar/5-cift-aksesuar-fiyonklu-kiz-bebek-corabi-kutusu-0-6-ay-p-926925903?boutiqueId=61&merchantId=635989,Baby Socks & Aksesuar,94,199.9,,,1,TRY,"[""Kargo Bedava""]",InStock,100 adetten fazla stok sunulmuştur,,,,,4.3,82,30,4,17,,,,4999,TRY,0,1,1,4,5 saat 54 dakika içinde sipariş verirsen en geç bugün kargoda!,En Çok Ziyaret Edilen 1. Ürün,https://cdn.dsmcdn.com/ty1894/prod/QC_ENRICHMENT/20260710/22/38808e25-fb8d-34f7-875e-b5b69ed55276/1_org_zoom.jpg,"{""Materyal"":""Pamuklu"",""Sürdürülebilirlik Detayı"":""Hayır"",""Tip"":""Patik çorap"",""Renk"":""Krem"",""Paket İçeriği"":""5'li"",""Desen"":""Düz"",""Teknik"":""Yıkamalı"",""Ürün Tipi"":""Düz"",""Koleksiyon"":""Basic"",""Kumaş Tipi"":""Dokuma"",""Siluet"":""Orta"",""Persona"":""Cool & Comfort"",""Ortam"":""Casual/Günlük"",""Dokuma Tipi"":""Jakar"",""Yıkama Talimatı"":""Type 1"",""Ek Özellik"":""Organik"",""Boy"":""Uzun"",""Menşei"":""TR"",""Sezon"":""Tüm Sezonlar""}",20,5,refreshed,"[""daily_top""]",true,2026-08-21T09:00:50+03:00,0,"[""search_result_dom"",""product_detail_jsonld"",""product_detail_dom""]","{""title"":""observed"",""brand"":""observed"",""seller_name"":""observed"",""seller_score"":""observed"",""price"":""observed"",""original_price"":""unavailable"",""campaigns"":""observed"",""stock_status"":""observed"",""stock_signal"":""observed"",""rating"":""observed"",""rating_count"":""observed"",""review_count"":""observed"",""question_count"":""observed"",""delivery_summary"":""observed"",""shipping_cost"":""observed"",""properties"":""observed""}",true,
2026-08-21,2026-08-21T09:00:50+03:00,çocuk,BEST_SELLER,genel-cocuk,çocuk,89,6,89,89,,cocuk:genel-cocuk,89,-18,26.3,3.7,865309703,673595,865309703:673595,HAPPENS Puzzle City 3d Yapı Ve Tasarım Blokları 64 Parça Eğitici Oyuncak,HAPPENS,Eğitici Oyuncak,https://www.trendyol.com/happens/puzzle-city-3d-yapi-ve-tasarim-bloklari-64-parca-egitici-oyuncak-p-865309703?boutiqueId=61&merchantId=673595,HAPPENS,92,73.99,,,3.9,TRY,"[""Kargo Bedava""]",InStock,100 adetten fazla stok sunulmuştur,,,,,4.3,3716,1934,0,125,393 kişinin sepetinde,"79,9B kişi favoriledi",Son 24 saatte 373 kişi görüntüledi,4999,TRY,0,,1,4,4 saat 54 dakika içinde sipariş verirsen en geç bugün kargoda!,,https://cdn.dsmcdn.com/ty1622/prod/QC/20250106/02/48649a14-9862-3318-aff1-8f9b36035397/1_org_zoom.jpg,"{""Paket İçeriği"":""60+"",""Yaş"":""3+ Yaş"",""Piller Kutuya Dahil Mi?"":""Hayır"",""Dil"":""Evrensel Dil"",""Pil ile mi çalışır?"":""Hayır"",""Diğer Özellikler"":""EĞİTİCİ OYUNCAK"",""Menşei"":""TR"",""Ürün Uyarıları (Oyuncak)"":""3 yaş ve Üzeri için uygundur. Yetişkin Gözetiminde kullanılmalıdır.""}",20,5,refreshed,"[""daily_top""]",true,2026-08-21T09:00:50+03:00,0,"[""search_result_dom"",""product_detail_jsonld"",""product_detail_dom""]","{""title"":""observed"",""brand"":""observed"",""seller_name"":""observed"",""seller_score"":""observed"",""price"":""observed"",""original_price"":""unavailable"",""campaigns"":""observed"",""stock_status"":""observed"",""stock_signal"":""observed"",""rating"":""observed"",""rating_count"":""observed"",""review_count"":""observed"",""question_count"":""observed"",""delivery_summary"":""observed"",""shipping_cost"":""observed"",""properties"":""observed""}",true,
2026-08-21,2026-08-21T09:00:50+03:00,çocuk,BEST_SELLER,genel-cocuk,çocuk,90,6,90,90,5,cocuk:genel-cocuk,90,,7.2,22.8,1104986086,507408,1104986086:507408,EANDCOATELİER Pamuklu Çocuk Tişört,EANDCOATELİER,,https://www.trendyol.com/eandcoatelier/pamuklu-cocuk-tisort-p-1104986086?boutiqueId=61&merchantId=507408,ŞEHRAZAT Handmade Tasarım,87,130,,,,TRY,"[""Kargo Bedava"",""Trendyol Plus'a Özel""]",InStock,50 adetten fazla stok sunulmuştur,,,,,3.9,7,,,,,,,,,0,,,,14 saat 54 dakika içinde sipariş verirsen en geç yarın kargoda!,En Çok Satan 5. Ürün,,{},0,,refreshed,"[""daily_top""]",true,2026-08-21T09:00:50+03:00,0,"[""search_result_dom"",""product_detail_jsonld"",""product_detail_dom""]","{""title"":""observed"",""brand"":""observed"",""seller_name"":""observed"",""seller_score"":""observed"",""price"":""observed"",""original_price"":""unavailable"",""campaigns"":""observed"",""stock_status"":""observed"",""stock_signal"":""observed"",""rating"":""observed"",""rating_count"":""observed"",""review_count"":""unavailable"",""question_count"":""unavailable"",""delivery_summary"":""observed"",""shipping_cost"":""unavailable"",""properties"":""observed""}",true,
2026-08-21,2026-08-21T09:00:50+03:00,çocuk,BEST_SELLER,genel-cocuk,çocuk,91,6,91,91,6,cocuk:genel-cocuk,91,-36,33.7,4.1,741425596,1220966,741425596:1220966,"mordesign Çok Amaçlı Kalın Keçe Anne Bebek Bakım Çantası, Dolap İçi Organizer, Scotch Serisi",mordesign,,https://www.trendyol.com/mordesign/cok-amacli-kalin-kece-anne-bebek-bakim-cantasi-dolap-ici-organizer-scotch-serisi-p-741425596?boutiqueId=61&merchantId=1220966,mordesign,,199,215.94,7.8,-9.7,TRY,"[""Son 10 Günün En Düşük Fiyatı"",""Kargo Bedava"",""Son 10 günün en düşük fiyatı""]",InStock,100 adetten fazla stok sunulmuştur,,,,,4.7,1731,,0,26,403 kişinin sepetinde,"23,6B kişi favoriledi",Son 24 saatte 446 kişi görüntüledi,,,0,,,,14 saat 54 dakika içinde sipariş verirsen en geç yarın kargoda!,En Çok Satan 6. Ürün,,{},0,,refreshed,"[""daily_top""]",true,2026-08-21T09:00:50+03:00,0,"[""search_result_dom"",""product_detail_jsonld"",""product_detail_dom""]","{""title"":""observed"",""brand"":""observed"",""seller_name"":""observed"",""seller_score"":""unavailable"",""price"":""observed"",""original_price"":""observed"",""campaigns"":""observed"",""stock_status"":""observed"",""stock_signal"":""observed"",""rating"":""observed"",""rating_count"":""observed"",""review_count"":""unavailable"",""question_count"":""observed"",""delivery_summary"":""observed"",""shipping_cost"":""unavailable"",""properties"":""observed""}",true,
2026-08-21,2026-08-21T09:00:50+03:00,çocuk,BEST_SELLER,genel-cocuk,çocuk,92,6,92,92,9,cocuk:genel-cocuk,92,,25.6,4.4,72392826,1312738,72392826:1312738,Genel Markalar Ahşap Kızma Birader Kutu Oyunu,Genel Markalar,Kutu Oyunu,https://www.trendyol.com/genel-markalar/ahsap-kizma-birader-kutu-oyunu-p-72392826?boutiqueId=61&merchantId=1312738,,,114,,,0,TRY,"[""Sepette %1 İndirim"",""20 TL Kupon"",""Kargo Bedava"",""Son 10 Günün En Düşük Fiyatı"",""Trendyol Plus'a Özel""]",InStock,,,,,,4.4,3018,1573,1,249,853 kişinin sepetinde,"73,8B kişi favoriledi",Son 24 saatte 333 kişi görüntüledi,4999,TRY,0,,1,4,Tahmini Teslim:,En Çok Satan 9. Ürün,https://cdn.dsmcdn.com/ty1555/product/media/images/ty1555/prod/QC/20240918/09/f2024af7-0b17-3e8c-9a02-729b7e3e7fc7/1_org_zoom.jpg,"{""Oyuncu Sayısı"":""2-4 Kişi"",""Yaş"":""1+ Yaş"",""Dil"":""Türkçe"",""Diğer Özellikler"":""Plastik"",""Menşei"":""UM"",""Ürün Uyarıları (Oyuncak)"":""1 Yaş Altı Çocuklar İçin Uygun Değildir"",""Özellik"":""Uzun""}",20,5,refreshed,"[""daily_top""]",true,2026-08-21T09:00:50+03:00,0,"[""search_result_dom"",""product_detail_jsonld"",""product_detail_dom""]","{""title"":""observed"",""brand"":""observed"",""seller_name"":""unavailable"",""seller_score"":""unavailable"",""price"":""observed"",""original_price"":""unavailable"",""campaigns"":""observed"",""stock_status"":""observed"",""stock_signal"":""unavailable"",""rating"":""observed"",""rating_count"":""observed"",""review_count"":""observed"",""question_count"":""observed"",""delivery_summary"":""observed"",""shipping_cost"":""observed"",""properties"":""observed""}",true,
2026-08-21,2026-08-21T09:00:50+03:00,çocuk,BEST_SELLER,genel-cocuk,çocuk,93,6,93,93,10,cocuk:genel-cocuk,93,72,57.4,2.6,759755770,357212,759755770:357212,Go Toys Bionic Man Eğitici Aktivite Oyuncağı,Go Toys,Eğitici Oyuncak,https://www.trendyol.com/go-toys/bionic-man-egitici-aktivite-oyuncagi-p-759755770?boutiqueId=61&merchantId=357212,Shopist,91,103.6,148,30,0,TRY,"[""Sepette %30 İndirim"",""Kargo Bedava""]",InStock,100 adetten fazla stok sunulmuştur,,,,,4.6,5146,2685,2,123,633 kişinin sepetinde,"94,6B kişi favoriledi",Son 24 saatte 310 kişi görüntüledi,4999,TRY,0,,1,4,1 saat 54 dakika içinde sipariş verirsen en geç bugün kargoda!,,https://cdn.dsmcdn.com/ty1160/product/media/images/prod/SPM/PIM/20240131/09/6470d1e3-0f56-313f-a45b-332c9de5b502/1_org_zoom.jpg,"{""Paket İçeriği"":""1'li"",""Yaş"":""1+ Yaş"",""Piller Kutuya Dahil Mi?"":""Hayır"",""Dil"":""Evrensel Dil"",""Pil ile mi çalışır?"":""Hayır"",""Menşei"":""TR""}",20,5,refreshed,"[""daily_top""]",true,2026-08-21T09:00:50+03:00,0,"[""search_result_dom"",""product_detail_jsonld"",""product_detail_dom""]","{""title"":""observed"",""brand"":""observed"",""seller_name"":""observed"",""seller_score"":""observed"",""price"":""observed"",""original_price"":""observed"",""campaigns"":""observed"",""stock_status"":""observed"",""stock_signal"":""observed"",""rating"":""observed"",""rating_count"":""observed"",""review_count"":""observed"",""question_count"":""observed"",""delivery_summary"":""observed"",""shipping_cost"":""observed"",""properties"":""observed""}",true,
2026-08-21,2026-08-21T09:00:50+03:00,çocuk,BEST_SELLER,genel-cocuk,çocuk,94,6,94,94,7,cocuk:genel-cocuk,94,55,15.2,14.8,1131337232,953413,1131337232:953413,Royal Glow Kore Tarzı Ayıcıklı Aksesuarlı Kız Çocuk İlkokul Çantası Termal Beslenme Çantası ve Kalemlik 3lü Set,Royal Glow,,https://www.trendyol.com/royal-glow/kore-tarzi-ayicikli-aksesuarli-kiz-cocuk-ilkokul-cantasi-termal-beslenme-cantasi-ve-kalemlik-3lu-set-p-1131337232?boutiqueId=61&merchantId=953413,Royal Glow,95,1295.9,,,8.4,TRY,"[""Kargo Bedava"",""Peşin Fiyatına 3 Taksit"",""Trendyol Plus'a Özel""]",InStock,100 adetten fazla stok sunulmuştur,,,,,4.7,79,,0,35,"2,3B kişinin sepetinde","12,3B kişi favoriledi","Son 24 saatte 2,4B kişi görüntüledi",,,0,,,,2 saat 54 dakika içinde sipariş verirsen en geç bugün kargoda!,En Çok Satan 7. Ürün,,{},0,,refreshed,"[""daily_top"",""hot_change""]",true,2026-08-21T09:00:50+03:00,0,"[""search_result_dom"",""product_detail_jsonld"",""product_detail_dom""]","{""title"":""observed"",""brand"":""observed"",""seller_name"":""observed"",""seller_score"":""observed"",""price"":""observed"",""original_price"":""unavailable"",""campaigns"":""observed"",""stock_status"":""observed"",""stock_signal"":""observed"",""rating"":""observed"",""rating_count"":""observed"",""review_count"":""unavailable"",""question_count"":""observed"",""delivery_summary"":""observed"",""shipping_cost"":""unavailable"",""properties"":""observed""}",true,
2026-08-21,2026-08-21T09:00:50+03:00,çocuk,BEST_SELLER,genel-cocuk,çocuk,95,6,95,95,2,cocuk:genel-cocuk,95,,31.8,8.2,929849957,190370,929849957:190370,Brother Toys Uzaktan Kumandalı 30 Fonksiyon Akıllı Interaktif Öğretici Robot Oyuncak Kedi,Brother Toys,,https://www.trendyol.com/brother-toys/uzaktan-kumandali-30-fonksiyon-akilli-interaktif-ogretici-robot-oyuncak-kedi-p-929849957?boutiqueId=61&merchantId=190370,BROTHERTOYS,91,1278.58,1420.64,10,0,TRY,"[""Kargo Bedava"",""Peşin Fiyatına 3 Taksit""]",InStock,100 adetten fazla stok sunulmuştur,,,,,4.7,533,,0,146,734 kişinin sepetinde,"13,7B kişi favoriledi",Son 24 saatte 751 kişi görüntüledi,,,0,,,,4 saat 54 dakika içinde sipariş verirsen en geç bugün kargoda!,En Çok Satan 2. Ürün,,{},0,,refreshed,"[""daily_top""]",true,2026-08-21T09:00:50+03:00,0,"[""search_result_dom"",""product_detail_jsonld"",""product_detail_dom""]","{""title"":""observed"",""brand"":""observed"",""seller_name"":""observed"",""seller_score"":""observed"",""price"":""observed"",""original_price"":""observed"",""campaigns"":""observed"",""stock_status"":""observed"",""stock_signal"":""observed"",""rating"":""observed"",""rating_count"":""observed"",""review_count"":""unavailable"",""question_count"":""observed"",""delivery_summary"":""observed"",""shipping_cost"":""unavailable"",""properties"":""observed""}",true,
2026-08-21,2026-08-21T09:00:50+03:00,çocuk,BEST_SELLER,genel-cocuk,çocuk,96,6,96,96,1,cocuk:genel-cocuk,96,2,36.1,6.2,769204089,412414,769204089:412414,"Budizzz Beyaz Gürültü Cihazı | 33 Sesli, Pışpışlı ve Ninnili | Radyasyon İçermeyen Bebek Uyku Arkadaşı",Budizzz,,https://www.trendyol.com/budizzz/beyaz-gurultu-cihazi-33-sesli-pispisli-ve-ninnili-radyasyon-icermeyen-bebek-uyku-arkadasi-p-769204089?boutiqueId=61&merchantId=412414,BUDİZZZ,95,2850,3250,12.3,0,TRY,"[""200 TL Kupon"",""Kargo Bedava"",""Süper Fırsat Ürünü"",""Peşin Fiyatına 3 Taksit""]",InStock,100 adetten fazla stok sunulmuştur,,,,,4.7,936,,0,257,1B kişinin sepetinde,"62,3B kişi favoriledi","Son 24 saatte 1,3B kişi görüntüledi",,,0,,,,5 saat 54 dakika içinde sipariş verirsen en geç bugün kargoda!,En Çok Satan 1. Ürün,,{},0,,refreshed,"[""daily_top""]",true,2026-08-21T09:00:50+03:00,0,"[""search_result_dom"",""product_detail_jsonld"",""product_detail_dom""]","{""title"":""observed"",""brand"":""observed"",""seller_name"":""observed"",""seller_score"":""observed"",""price"":""observed"",""original_price"":""observed"",""campaigns"":""observed"",""stock_status"":""observed"",""stock_signal"":""observed"",""rating"":""observed"",""rating_count"":""observed"",""review_count"":""unavailable"",""question_count"":""observed"",""delivery_summary"":""observed"",""shipping_cost"":""unavailable"",""properties"":""observed""}",true,
2026-08-21,2026-08-21T09:00:50+03:00,çocuk,BEST_SELLER,genel-cocuk,çocuk,97,9,97,97,6,cocuk:genel-cocuk,97,-23,23.8,6.2,991500434,158005,991500434:158005,yükselen zeka Keçemino Etkinlik Halısı - Çiftlik,yükselen zeka,Bebek & Aktivite Oyuncakları,https://www.trendyol.com/yukselen-zeka/kecemino-etkinlik-halisi-ciftlik-p-991500434?boutiqueId=61&merchantId=158005,COŞKUN AVM,93,458,,,0,TRY,"[""Kargo Bedava"",""Sepette %2 İndirim""]",InStock,100 adetten fazla stok sunulmuştur,,,,,4.6,1808,934,0,98,942 kişinin sepetinde,"69,6B kişi favoriledi",Son 24 saatte 422 kişi görüntüledi,4999,TRY,0,,1,4,5 saat 54 dakika içinde sipariş verirsen en geç bugün kargoda!,En Çok Satan 6. Ürün,https://cdn.dsmcdn.com/ty1768/prod/QC_ENRICHMENT/20251009/21/b6ec36d0-b499-3d2a-add5-356da94ab205/1_org_zoom.jpg,"{""Dil"":""Türkçe"",""Menşei"":""TR""}",20,5,refreshed,"[""daily_top""]",true,2026-08-21T09:00:50+03:00,0,"[""search_result_dom"",""product_detail_jsonld"",""product_detail_dom""]","{""title"":""observed"",""brand"":""observed"",""seller_name"":""observed"",""seller_score"":""observed"",""price"":""observed"",""original_price"":""unavailable"",""campaigns"":""observed"",""stock_status"":""observed"",""stock_signal"":""observed"",""rating"":""observed"",""rating_count"":""observed"",""review_count"":""observed"",""question_count"":""observed"",""delivery_summary"":""observed"",""shipping_cost"":""observed"",""properties"":""observed""}",true,
2026-08-21,2026-08-21T09:00:50+03:00,çocuk,BEST_SELLER,genel-cocuk,çocuk,98,9,98,98,,cocuk:genel-cocuk,98,,15.1,14.9,1108810016,1230100,1108810016:1230100,PAKİTO Blok Boru Puzzle Renkli Eğitici Birleştirme Oyuncak Seti 72 Parça,PAKİTO,Eğitici Oyuncak,https://www.trendyol.com/pakito/blok-boru-puzzle-renkli-egitici-birlestirme-oyuncak-seti-72-parca-p-1108810016?boutiqueId=61&merchantId=1230100,LUMO STORE,92,199.95,,,0,TRY,"[""Kargo Bedava""]",InStock,100 adetten fazla stok sunulmuştur,,,,,4.7,135,77,0,10,577 kişinin sepetinde,"7,1B kişi favoriledi",Son 24 saatte 409 kişi görüntüledi,4999,TRY,0,,1,4,4 saat 54 dakika içinde sipariş verirsen en geç bugün kargoda!,,https://cdn.dsmcdn.com/ty1830/prod/QC_ENRICHMENT/20260301/01/9b07535f-e8b5-32a1-8472-a365ebfa1859/1_org_zoom.jpg,"{""Paket İçeriği"":""72'li"",""Yaş"":""3+ Yaş"",""Piller Kutuya Dahil Mi?"":""Hayır"",""Dil"":""Türkçe"",""Pil ile mi çalışır?"":""Hayır"",""Diğer Özellikler"":""72 parçalı geniş bir yapı setidir. Farklı bağlantı şekilleri sayesinde çok sayıda model oluşturulabilir. Araç, robot, hayvan, kule ve geometrik yapılar tasarlanabilir. Tekerlekli parçalar sayesinde hareketli araç modelleri hazırlanabilir. Parçaların birbirine nasıl bağlandığını keşfetmeye dayalı oyun imkânı sunar. El-göz koordinasyonu ve ince motor becerilerinin çalıştırılmasına yardımcı olur. Problem çözme ve yaratıcı düşünmeyi desteklemeye yardımcı oyun yapısına sahiptir. Tek başına veya birden fazla çocukla birlikte kullanılabilir. Pil gerektirmeyen pratik kullanım sunar."",""Menşei"":""TR"",""Ürün Uyarıları (Oyuncak)"":""Ürün küçük parçalar içerdiğinden 36 aydan küçük çocuklar için uygun değildir. Küçük parçalar boğulma tehlikesi oluşturabilir. Parçaları ağıza sokmayınız. Kırılmış, çatlamış veya sivri kenar oluşmuş parçaları kullanmayınız. Bağlantı parçalarını aşırı kuvvet uygulayarak zorlamayınız. Ürünü ateşten, sudan ve yüksek sıcaklıktan uzak tutunuz. Kullanımdan önce tüm ambalaj malzemelerini çıkarınız. Ürün renkleri stok durumuna göre farklılık gösterebilir; renk seçimi yapılamaz."",""Batarya Türü"":""Diğer"",""Batarya Boyutu"":""Uygulanabilir Değil"",""Özellik"":""Manuel""}",20,5,refreshed,"[""daily_top""]",true,2026-08-21T09:00:50+03:00,0,"[""search_result_dom"",""product_detail_jsonld"",""product_detail_dom""]","{""title"":""observed"",""brand"":""observed"",""seller_name"":""observed"",""seller_score"":""observed"",""price"":""observed"",""original_price"":""unavailable"",""campaigns"":""observed"",""stock_status"":""observed"",""stock_signal"":""observed"",""rating"":""observed"",""rating_count"":""observed"",""review_count"":""observed"",""question_count"":""observed"",""delivery_summary"":""observed"",""shipping_cost"":""observed"",""properties"":""observed""}",true,
2026-08-21,2026-08-21T09:00:50+03:00,çocuk,BEST_SELLER,genel-cocuk,çocuk,99,9,99,99,1,cocuk:genel-cocuk,99,7,23.2,6.8,951295135,110147,951295135:110147,Fenerbahçe Çubuklu Forma 25/26 Erkek İç Saha Forması SARI-LACİVERT,Fenerbahçe,,https://www.trendyol.com/fenerbahce/cubuklu-forma-25-26-erkek-ic-saha-formasi-sari-lacivert-p-951295135?boutiqueId=61&merchantId=110147,Taraftar Store,94,2475,,,2.5,TRY,"[""Kargo Bedava"",""Peşin Fiyatına 3 Taksit"",""Son 10 Günün En Düşük Fiyatı""]",InStock,Son 3 Ürün,,,,,4.8,788,,0,544,1B kişinin sepetinde,"24,8B kişi favoriledi",Son 24 saatte 926 kişi görüntüledi,,,0,,,,5 saat 54 dakika içinde sipariş verirsen en geç bugün kargoda!,En Çok Satan 1. Ürün,,{},0,,refreshed,"[""daily_top""]",true,2026-08-21T09:00:50+03:00,0,"[""search_result_dom"",""product_detail_jsonld"",""product_detail_dom""]","{""title"":""observed"",""brand"":""observed"",""seller_name"":""observed"",""seller_score"":""observed"",""price"":""observed"",""original_price"":""unavailable"",""campaigns"":""observed"",""stock_status"":""observed"",""stock_signal"":""observed"",""rating"":""observed"",""rating_count"":""observed"",""review_count"":""unavailable"",""question_count"":""observed"",""delivery_summary"":""observed"",""shipping_cost"":""unavailable"",""properties"":""observed""}",true,
2026-08-21,2026-08-21T09:00:50+03:00,çocuk,BEST_SELLER,genel-cocuk,çocuk,100,9,100,100,,cocuk:genel-cocuk,100,,19.8,10.2,968596595,4227,968596595:4227,Katia & Bony Çocuk 10'lu Karışık Sürpriz Paket Step Çorap,Katia & Bony,Çorap,https://www.trendyol.com/katia-bony/cocuk-10-lu-karisik-surpriz-paket-step-corap-p-968596595?boutiqueId=61&merchantId=4227,,,167.48,,,,TRY,"[""Sepette %2 İndirim"",""20 TL Kupon"",""Kargo Bedava"",""Trendyol Plus'a Özel""]",InStock,,,,,,3.8,459,297,,,,,,4999,TRY,0,,1,4,Tahmini Teslim:,,https://cdn.dsmcdn.com/ty1904/prod/QC_ENRICHMENT/20260723/17/bc6a3c69-3a73-395b-aaed-9f2e1d834c50/1_org_zoom.jpg,"{""Materyal"":""Pamuklu"",""Sürdürülebilirlik Detayı"":""Hayır"",""Tip"":""Patik çorap"",""Renk"":""Yeşil"",""Paket İçeriği"":""10'lu"",""Desen"":""Düz"",""Ürün Tipi"":""Düz"",""Kumaş Tipi"":""Örme"",""Siluet"":""Kısa"",""Ortam"":""Casual/Günlük"",""Dokuma Tipi"":""Jakar"",""Yıkama Talimatı"":""Type 1"",""Menşei"":""TR""}",20,5,refreshed,"[""daily_top""]",true,2026-08-21T09:00:50+03:00,0,"[""search_result_dom"",""product_detail_jsonld"",""product_detail_dom""]","{""title"":""observed"",""brand"":""observed"",""seller_name"":""unavailable"",""seller_score"":""unavailable"",""price"":""observed"",""original_price"":""unavailable"",""campaigns"":""observed"",""stock_status"":""observed"",""stock_signal"":""unavailable"",""rating"":""observed"",""rating_count"":""observed"",""review_count"":""observed"",""question_count"":""unavailable"",""delivery_summary"":""observed"",""shipping_cost"":""observed"",""properties"":""observed""}",true,
2026-08-21,2026-08-21T09:00:50+03:00,çocuk,BEST_SELLER,genel-cocuk,çocuk,101,9,101,101,10,cocuk:genel-cocuk,101,,55.6,4.4,841228487,357212,841228487:357212,Go Toys Match Pairs Hafıza Eşleştirme Oyunu Eğitici Oyuncak,Go Toys,Eğitici Oyuncak,https://www.trendyol.com/go-toys/match-pairs-hafiza-eslestirme-oyunu-egitici-oyuncak-p-841228487?boutiqueId=61&merchantId=357212,,,146.3,209,30,0,TRY,"[""Sepette %30 İndirim"",""Kargo Bedava""]",InStock,,,,,,4.7,3278,1569,0,,,,,4999,TRY,0,3,1,6,Tahmini Teslim:,,https://cdn.dsmcdn.com/ty1623/product/media/images/prod/PIM/20250115/12/d263b4fc-bc6e-4aab-9bbb-27b8e768392b/1_org_zoom.jpg,"{""Paket İçeriği"":""1+"",""Yaş"":""3+ Yaş"",""Piller Kutuya Dahil Mi?"":""Hayır"",""Dil"":""Evrensel Dil"",""Pil ile mi çalışır?"":""Hayır"",""Menşei"":""TR""}",20,5,refreshed,"[""daily_top""]",true,2026-08-21T09:00:50+03:00,0,"[""search_result_dom"",""product_detail_jsonld"",""product_detail_dom""]","{""title"":""observed"",""brand"":""observed"",""seller_name"":""unavailable"",""seller_score"":""unavailable"",""price"":""observed"",""original_price"":""observed"",""campaigns"":""observed"",""stock_status"":""observed"",""stock_signal"":""unavailable"",""rating"":""observed"",""rating_count"":""observed"",""review_count"":""observed"",""question_count"":""unavailable"",""delivery_summary"":""observed"",""shipping_cost"":""observed"",""properties"":""observed""}",true,
2026-08-21,2026-08-21T09:00:50+03:00,çocuk,BEST_SELLER,genel-cocuk,çocuk,102,9,102,102,2,cocuk:genel-cocuk,102,,0,,1144395555,982060,1144395555:982060,H&M 2’li Polo Okul Tişörtü,H&M,,https://www.trendyol.com/h-m/2-li-polo-okul-tisortu-p-1144395555?boutiqueId=61&merchantId=982060,,,799.99,,,,TRY,"[""Kargo Bedava""]",InStock,Son 3 Ürün,,,,,,,,,,,,,,,0,,,,Tahmini Teslim:,En Çok Ziyaret Edilen 2. Ürün,,{},0,,refreshed,"[""daily_top""]",true,2026-08-21T09:00:50+03:00,0,"[""search_result_dom"",""product_detail_jsonld"",""product_detail_dom""]","{""title"":""observed"",""brand"":""observed"",""seller_name"":""unavailable"",""seller_score"":""unavailable"",""price"":""observed"",""original_price"":""unavailable"",""campaigns"":""observed"",""stock_status"":""observed"",""stock_signal"":""observed"",""rating"":""unavailable"",""rating_count"":""unavailable"",""review_count"":""unavailable"",""question_count"":""unavailable"",""delivery_summary"":""observed"",""shipping_cost"":""unavailable"",""properties"":""observed""}",true,
2026-08-21,2026-08-21T09:00:50+03:00,çocuk,BEST_SELLER,genel-cocuk,çocuk,103,9,103,103,,cocuk:genel-cocuk,103,,44.8,9.7,869836803,1106046,869836803:1106046,BUUFUU Bebek Yenidogan Çocuk Kiz Erkek Pamuklu Oyali Pijama Takımı Hediyelik,BUUFUU,,https://www.trendyol.com/buufuu/bebek-yenidogan-cocuk-kiz-erkek-pamuklu-oyali-pijama-takimi-hediyelik-p-869836803?boutiqueId=61&merchantId=1106046,BUUFUU GİYİM,93,199.98,264.83,24.5,,TRY,"[""Son 10 Günün En Düşük Fiyatı"",""Süper Fırsat Ürünü"",""Kargo Bedava"",""Son 10 günün en düşük fiyatı""]",InStock,100 adetten fazla stok sunulmuştur,,,,,4.2,341,,,58,500 kişinin sepetinde,"26,8B kişi favoriledi",Son 24 saatte 608 kişi görüntüledi,,,0,,,,1 saat 54 dakika içinde sipariş verirsen en geç bugün kargoda!,,,{},0,,refreshed,"[""daily_top""]",true,2026-08-21T09:00:50+03:00,0,"[""search_result_dom"",""product_detail_jsonld"",""product_detail_dom""]","{""title"":""observed"",""brand"":""observed"",""seller_name"":""observed"",""seller_score"":""observed"",""price"":""observed"",""original_price"":""observed"",""campaigns"":""observed"",""stock_status"":""observed"",""stock_signal"":""observed"",""rating"":""observed"",""rating_count"":""observed"",""review_count"":""unavailable"",""question_count"":""observed"",""delivery_summary"":""observed"",""shipping_cost"":""unavailable"",""properties"":""observed""}",true,
2026-08-21,2026-08-21T09:00:50+03:00,çocuk,BEST_SELLER,genel-cocuk,çocuk,104,9,104,104,2,cocuk:genel-cocuk,104,,0,,1153743654,827790,1153743654:827790,Meyzz Ultra Rahat %100 Pamuklu Fitilli Kız Çocuk Külot 12 Adet,Meyzz,,https://www.trendyol.com/meyzz/ultra-rahat-100-pamuklu-fitilli-kiz-cocuk-kulot-12-adet-p-1153743654?boutiqueId=61&merchantId=827790,,,590.99,,,,TRY,"[""Kargo Bedava""]",InStock,,,,,,,,,,,492 kişinin sepetinde,"2,1B kişi favoriledi",Son 24 saatte 397 kişi görüntüledi,,,0,,,,4 saat 54 dakika içinde sipariş verirsen en geç bugün kargoda!,En Çok Satan 2. Ürün,,{},0,,refreshed,"[""daily_top""]",true,2026-08-21T09:00:50+03:00,0,"[""search_result_dom"",""product_detail_jsonld"",""product_detail_dom""]","{""title"":""observed"",""brand"":""observed"",""seller_name"":""unavailable"",""seller_score"":""unavailable"",""price"":""observed"",""original_price"":""unavailable"",""campaigns"":""observed"",""stock_status"":""observed"",""stock_signal"":""unavailable"",""rating"":""unavailable"",""rating_count"":""unavailable"",""review_count"":""unavailable"",""question_count"":""unavailable"",""delivery_summary"":""observed"",""shipping_cost"":""unavailable"",""properties"":""observed""}",true,
2026-08-21,2026-08-21T09:00:50+03:00,çocuk,BEST_SELLER,genel-cocuk,çocuk,105,9,105,105,2,cocuk:genel-cocuk,105,,28.4,6.5,322435793,624822,322435793:624822,My Kids Wear Kız Çocuk Deniz Kızı Kostüm Alt Ve Kuyruk 3'lü Takım,My Kids Wear,,https://www.trendyol.com/my-kids-wear/kiz-cocuk-deniz-kizi-kostum-alt-ve-kuyruk-3-lu-takim-p-322435793?boutiqueId=61&merchantId=624822,,,665.07,699,4.9,,TRY,"[""Kargo Bedava"",""Son 10 Günün En Düşük Fiyatı"",""Son 10 günün en düşük fiyatı""]",InStock,,,,,,4.7,865,,,101,639 kişinin sepetinde,"21,5B kişi favoriledi",Son 24 saatte 447 kişi görüntüledi,,,0,,,,Tahmini Teslim:,En Çok Ziyaret Edilen 2. Ürün,,{},0,,refreshed,"[""daily_top""]",true,2026-08-21T09:00:50+03:00,0,"[""search_result_dom"",""product_detail_jsonld"",""product_detail_dom""]","{""title"":""observed"",""brand"":""observed"",""seller_name"":""unavailable"",""seller_score"":""unavailable"",""price"":""observed"",""original_price"":""observed"",""campaigns"":""observed"",""stock_status"":""observed"",""stock_signal"":""unavailable"",""rating"":""observed"",""rating_count"":""observed"",""review_count"":""unavailable"",""question_count"":""observed"",""delivery_summary"":""observed"",""shipping_cost"":""unavailable"",""properties"":""observed""}",true,
2026-08-21,2026-08-21T09:00:50+03:00,çocuk,BEST_SELLER,genel-cocuk,çocuk,106,9,106,106,,cocuk:genel-cocuk,106,-24,28.6,1.4,800178433,203783,800178433:203783,BGK 5 Çift Karekter Desen Çocuk Çorabı,BGK,Çorap,https://www.trendyol.com/bgk/5-cift-karekter-desen-cocuk-corabi-p-800178433?boutiqueId=61&merchantId=203783,BGK,5,151.99,,,-20,TRY,"[""Kargo Bedava"",""Trendyol Plus'a Özel""]",InStock,100 adetten fazla stok sunulmuştur,,,,,4.1,8255,3743,1,312,650 kişinin sepetinde,76B kişi favoriledi,Son 24 saatte 360 kişi görüntüledi,4999,TRY,0,,1,4,1 saat 54 dakika içinde sipariş verirsen en geç bugün kargoda!,,https://cdn.dsmcdn.com/ty1799/prod/QC_ENRICHMENT/20251209/00/9b6897a6-3c93-3a3d-bcbb-34544c919209/1_org_zoom.jpg,"{""Sürdürülebilirlik Detayı"":""Hayır"",""Materyal"":""Pamuk - Elastan"",""Tip"":""Soket çorap"",""Renk"":""Çok Renkli"",""Paket İçeriği"":""5'li"",""Desen"":""Desenli"",""Teknik"":""Yok"",""Ürün Tipi"":""Düz"",""Koleksiyon"":""Basic"",""Kumaş Tipi"":""Örme"",""Siluet"":""Orta"",""Persona"":""Cool & Comfort"",""Ortam"":""Casual/Günlük"",""Yıkama Talimatı"":""T08"",""Ek Özellik"":""Esnek"",""Boy"":""Regular"",""Menşei"":""TR"",""Parça Sayısı"":""5""}",20,5,refreshed,"[""daily_top""]",true,2026-08-21T09:00:50+03:00,0,"[""search_result_dom"",""product_detail_jsonld"",""product_detail_dom""]","{""title"":""observed"",""brand"":""observed"",""seller_name"":""observed"",""seller_score"":""observed"",""price"":""observed"",""original_price"":""unavailable"",""campaigns"":""observed"",""stock_status"":""observed"",""stock_signal"":""observed"",""rating"":""observed"",""rating_count"":""observed"",""review_count"":""observed"",""question_count"":""observed"",""delivery_summary"":""observed"",""shipping_cost"":""observed"",""properties"":""observed""}",true,
2026-08-21,2026-08-21T09:00:50+03:00,çocuk,BEST_SELLER,genel-cocuk,çocuk,107,9,107,107,3,cocuk:genel-cocuk,107,-45,19.6,10.4,937482226,159186,937482226:159186,Tutku 0853 Kız Çocuk Fitilli Şort 6'lı Paket Kombin,Tutku,,https://www.trendyol.com/tutku/0853-kiz-cocuk-fitilli-sort-6-li-paket-kombin-p-937482226?boutiqueId=61&merchantId=159186,USLUBEY,94,316.33,,,-1.7,TRY,"[""Sepette %7 İndirim"",""Kargo Bedava""]",InStock,10 adetten fazla stok sunulmuştur,,,,,4.1,278,,0,45,670 kişinin sepetinde,"6,4B kişi favoriledi",Son 24 saatte 343 kişi görüntüledi,,,0,,,,4 saat 54 dakika içinde sipariş verirsen en geç bugün kargoda!,En Çok Satan 3. Ürün,,{},0,,refreshed,"[""daily_top""]",true,2026-08-21T09:00:50+03:00,0,"[""search_result_dom"",""product_detail_jsonld"",""product_detail_dom""]","{""title"":""observed"",""brand"":""observed"",""seller_name"":""observed"",""seller_score"":""observed"",""price"":""observed"",""original_price"":""unavailable"",""campaigns"":""observed"",""stock_status"":""observed"",""stock_signal"":""observed"",""rating"":""observed"",""rating_count"":""observed"",""review_count"":""unavailable"",""question_count"":""observed"",""delivery_summary"":""observed"",""shipping_cost"":""unavailable"",""properties"":""observed""}",true,
2026-08-21,2026-08-21T09:00:50+03:00,çocuk,BEST_SELLER,genel-cocuk,çocuk,108,9,108,108,6,cocuk:genel-cocuk,108,-25,0,,1130964289,768467,1130964289:768467,Organic Product DimpleBaby Pamuklu Bebek Takımı Figürlü 2’li Set 0-24 Ay Unisex,Organic Product DimpleBaby,,https://www.trendyol.com/organic-product-dimplebaby/pamuklu-bebek-takimi-figurlu-2-li-set-0-24-ay-unisex-p-1130964289?boutiqueId=61&merchantId=768467,,,199.99,,,0,TRY,[],InStock,,,,,,,,,0,,867 kişinin sepetinde,"5,4B kişi favoriledi",Son 24 saatte 929 kişi görüntüledi,,,0,,,,Tahmini Teslim:,En Çok Satan 6. Ürün,,{},0,,refreshed,"[""daily_top""]",true,2026-08-21T09:00:50+03:00,0,"[""search_result_dom"",""product_detail_jsonld"",""product_detail_dom""]","{""title"":""observed"",""brand"":""observed"",""seller_name"":""unavailable"",""seller_score"":""unavailable"",""price"":""observed"",""original_price"":""unavailable"",""campaigns"":""unavailable"",""stock_status"":""observed"",""stock_signal"":""unavailable"",""rating"":""unavailable"",""rating_count"":""unavailable"",""review_count"":""unavailable"",""question_count"":""unavailable"",""delivery_summary"":""observed"",""shipping_cost"":""unavailable"",""properties"":""observed""}",true,
2026-08-21,2026-08-21T09:00:50+03:00,çocuk,BEST_SELLER,genel-cocuk,çocuk,109,9,109,109,,cocuk:genel-cocuk,109,4,38,12,972632523,1127325,972632523:1127325,Circle Toys UFO Eğitici Duyusal Aktivite Oyuncağı - 1-3 Yaş Yürümeye Başlayan Çocuklar Için Montessori Seti,Circle Toys,Eğitici Oyuncak,https://www.trendyol.com/circle-toys/ufo-egitici-duyusal-aktivite-oyuncagi-1-3-yas-yurumeye-baslayan-cocuklar-icin-montessori-seti-p-972632523?boutiqueId=61&merchantId=1127325,Circle Toys,,599.9,749.87,20,0,TRY,"[""Sepette %20 İndirim"",""Kargo Bedava"",""Trendyol Plus'a Özel""]",InStock,100 adetten fazla stok sunulmuştur,,,,,4.6,355,178,0,23,"1,3B kişinin sepetinde","37,9B kişi favoriledi",Son 24 saatte 595 kişi görüntüledi,4999,TRY,0,1,1,4,1 saat 54 dakika içinde sipariş verirsen en geç bugün kargoda!,,https://cdn.dsmcdn.com/ty1891/prod/QC_ENRICHMENT/20260703/01/ec3dab2c-d2e3-3daf-b348-9e8c06ea02fd/1_org_zoom.jpg,"{""Paket İçeriği"":""1'li"",""Yaş"":""1+ Yaş"",""Piller Kutuya Dahil Mi?"":""Hayır"",""Dil"":""Evrensel Dil"",""Pil ile mi çalışır?"":""Hayır"",""Diğer Özellikler"":""Bebekler için ip çekme oyuncağı, Kayan Top, Popit patlatma"",""Menşei"":""CN"",""Ürün Uyarıları (Oyuncak)"":""Bu oyuncak 12 aydan küçük çocuklar için uygun değildir. Gerekli durumlarda oyuncağı nemli bez ile silerek temizleyiniz.""}",20,5,refreshed,"[""daily_top""]",true,2026-08-21T09:00:50+03:00,0,"[""search_result_dom"",""product_detail_jsonld"",""product_detail_dom""]","{""title"":""observed"",""brand"":""observed"",""seller_name"":""observed"",""seller_score"":""unavailable"",""price"":""observed"",""original_price"":""observed"",""campaigns"":""observed"",""stock_status"":""observed"",""stock_signal"":""observed"",""rating"":""observed"",""rating_count"":""observed"",""review_count"":""observed"",""question_count"":""observed"",""delivery_summary"":""observed"",""shipping_cost"":""observed"",""properties"":""observed""}",true,
2026-08-21,2026-08-21T09:00:50+03:00,çocuk,BEST_SELLER,genel-cocuk,çocuk,110,9,110,110,7,cocuk:genel-cocuk,110,,21.6,8.4,963288062,719604,963288062:719604,Kiko Kids Rida Günlük Bağcıklı Kız Çocuk Spor Ayakkabı,Kiko Kids,,https://www.trendyol.com/kiko-kids/rida-gunluk-bagcikli-kiz-cocuk-spor-ayakkabi-p-963288062?boutiqueId=61&merchantId=719604,Kiko Kids,,612.59,,,,TRY,"[""Sepette %2 İndirim"",""20 TL Kupon"",""Kargo Bedava"",""Sepette %5 İndirim"",""Trendyol Plus'a Özel""]",InStock,100 adetten fazla stok sunulmuştur,,,,,4.4,501,,,57,566 kişinin sepetinde,"25,2B kişi favoriledi",Son 24 saatte 894 kişi görüntüledi,,,0,,,,5 saat 54 dakika içinde sipariş verirsen en geç bugün kargoda!,,,{},0,,refreshed,"[""daily_top""]",true,2026-08-21T09:00:50+03:00,0,"[""search_result_dom"",""product_detail_jsonld"",""product_detail_dom""]","{""title"":""observed"",""brand"":""observed"",""seller_name"":""observed"",""seller_score"":""unavailable"",""price"":""observed"",""original_price"":""unavailable"",""campaigns"":""observed"",""stock_status"":""observed"",""stock_signal"":""observed"",""rating"":""observed"",""rating_count"":""observed"",""review_count"":""unavailable"",""question_count"":""observed"",""delivery_summary"":""observed"",""shipping_cost"":""unavailable"",""properties"":""observed""}",true,
2026-08-21,2026-08-21T09:00:50+03:00,çocuk,BEST_SELLER,genel-cocuk,çocuk,111,9,111,111,13,cocuk:genel-cocuk,111,,19.8,10.2,964722958,131547,964722958:131547,Roxbros Kelebek Anaokulu Çantası - Kreş ve Okul Öncesi Sırt Çantası Kız Çocuk & Erkek Çocuk Okul Çantası,Roxbros,,https://www.trendyol.com/roxbros/kelebek-anaokulu-cantasi-kres-ve-okul-oncesi-sirt-cantasi-kiz-cocuk-erkek-cocuk-okul-cantasi-p-964722958?boutiqueId=61&merchantId=131547,Kahrıman Çanta,95,1199,,,,TRY,"[""Kargo Bedava"",""Peşin Fiyatına 3 Taksit""]",InStock,100 adetten fazla stok sunulmuştur,,,,,4.9,298,,,32,1B kişinin sepetinde,"29,3B kişi favoriledi","Son 24 saatte 1,9B kişi görüntüledi",,,0,,,,2 saat 54 dakika içinde sipariş verirsen en geç bugün kargoda!,En Çok Favorilenen 8. Ürün,,{},0,,refreshed,"[""daily_top""]",true,2026-08-21T09:00:50+03:00,0,"[""search_result_dom"",""product_detail_jsonld"",""product_detail_dom""]","{""title"":""observed"",""brand"":""observed"",""seller_name"":""observed"",""seller_score"":""observed"",""price"":""observed"",""original_price"":""unavailable"",""campaigns"":""observed"",""stock_status"":""observed"",""stock_signal"":""observed"",""rating"":""observed"",""rating_count"":""observed"",""review_count"":""unavailable"",""question_count"":""observed"",""delivery_summary"":""observed"",""shipping_cost"":""unavailable"",""properties"":""observed""}",true,
2026-08-21,2026-08-21T09:00:50+03:00,çocuk,BEST_SELLER,genel-cocuk,çocuk,112,9,112,112,4,cocuk:genel-cocuk,112,,13.7,16.3,1134261405,768467,1134261405:768467,Organic Product DimpleBaby One Way Premium Çizgili Erkek Bebek Alt Üst Takım (0-24 Ay),Organic Product DimpleBaby,,https://www.trendyol.com/organic-product-dimplebaby/one-way-premium-cizgili-erkek-bebek-alt-ust-takim-0-24-ay-p-1134261405?boutiqueId=61&merchantId=768467,Organic product DimpleBaby,92,275,,,,TRY,"[""Kargo Bedava""]",InStock,100 adetten fazla stok sunulmuştur,,,,,4.2,50,,,22,"1,2B kişinin sepetinde","6,2B kişi favoriledi",Son 24 saatte 998 kişi görüntüledi,,,0,,,,4 saat 53 dakika içinde sipariş verirsen en geç bugün kargoda!,En Çok Satan 4. Ürün,,{},0,,refreshed,"[""daily_top""]",true,2026-08-21T09:00:50+03:00,0,"[""search_result_dom"",""product_detail_jsonld"",""product_detail_dom""]","{""title"":""observed"",""brand"":""observed"",""seller_name"":""observed"",""seller_score"":""observed"",""price"":""observed"",""original_price"":""unavailable"",""campaigns"":""observed"",""stock_status"":""observed"",""stock_signal"":""observed"",""rating"":""observed"",""rating_count"":""observed"",""review_count"":""unavailable"",""question_count"":""observed"",""delivery_summary"":""observed"",""shipping_cost"":""unavailable"",""properties"":""observed""}",true,
2026-08-21,2026-08-21T09:00:50+03:00,çocuk,BEST_SELLER,genel-cocuk,çocuk,113,9,113,113,5,cocuk:genel-cocuk,113,-54,12.6,17.4,1151771237,768467,1151771237:768467,DimpleBaby Winnie The Pooh Bebek Takımı 0-24 Ay,DimpleBaby,Bebek Takımı,https://www.trendyol.com/dimplebaby/winnie-the-pooh-bebek-takimi-0-24-ay-p-1151771237?boutiqueId=61&merchantId=768467,Organic product DimpleBaby,92,298,,,10,TRY,"[""Kargo Bedava""]",InStock,100 adetten fazla stok sunulmuştur,,,,,4.2,81,37,4,8,"1,3B kişinin sepetinde","6,9B kişi favoriledi",Son 24 saatte 1B kişi görüntüledi,4999,TRY,0,,1,4,4 saat 53 dakika içinde sipariş verirsen en geç bugün kargoda!,En Çok Satan 5. Ürün,https://cdn.dsmcdn.com/ty1934/prod/QC_PREP/20260602/00/3bb9f2cf-d166-3cce-b273-6b0857897096/1_org_zoom.jpg,"{""Materyal"":""Pamuk"",""Desen"":""Baskılı"",""Renk"":""Sarı"",""Yaka Tipi"":""Bisiklet Yaka"",""Materyal Bileşeni"":""Pamuklu"",""Yıkama Talimatı"":""Maksimum 30 °C sıcaklıkta yıkayınız. Ağartıcı kullanmayınız. Tamburlu kurutma yapmayınız. Orta sıcaklıkta ütüleyiniz. Kuru temizleme yapılamaz"",""Kumaş Tipi"":""Örme"",""Boy"":""Uzun"",""Kalıp"":""Regular"",""Paça Tipi"":""Regular"",""Kol Boyu"":""Uzun"",""Kol Tipi"":""Uzun Kol"",""Sürdürülebilirlik Detayı"":""Evet"",""Paket İçeriği"":""2'li"",""Ortam"":""Günlük"",""Menşei"":""TR""}",20,5,refreshed,"[""daily_top"",""hot_change""]",true,2026-08-21T09:00:50+03:00,0,"[""search_result_dom"",""product_detail_jsonld"",""product_detail_dom""]","{""title"":""observed"",""brand"":""observed"",""seller_name"":""observed"",""seller_score"":""observed"",""price"":""observed"",""original_price"":""unavailable"",""campaigns"":""observed"",""stock_status"":""observed"",""stock_signal"":""observed"",""rating"":""observed"",""rating_count"":""observed"",""review_count"":""observed"",""question_count"":""observed"",""delivery_summary"":""observed"",""shipping_cost"":""observed"",""properties"":""observed""}",true,
2026-08-21,2026-08-21T09:00:50+03:00,çocuk,BEST_SELLER,genel-cocuk,çocuk,114,9,114,114,3,cocuk:genel-cocuk,114,,27.7,2.3,40214427,422170,40214427:422170,Tutku Erkek Çocuk Baskılı 6'lı Paket Pamuklu Boxer,Tutku,,https://www.trendyol.com/tutku/erkek-cocuk-baskili-6-li-paket-pamuklu-boxer-p-40214427?boutiqueId=61&merchantId=422170,BEYAZ TOPTAN TEKSTİL,91,340,,,,TRY,"[""Kargo Bedava""]",InStock,50 adetten fazla stok sunulmuştur,,,,,4.6,2918,,,583,429 kişinin sepetinde,"15,2B kişi favoriledi",,,,0,,,,2 saat 53 dakika içinde sipariş verirsen en geç bugün kargoda!,,,{},0,,refreshed,"[""daily_top""]",true,2026-08-21T09:00:50+03:00,0,"[""search_result_dom"",""product_detail_jsonld"",""product_detail_dom""]","{""title"":""observed"",""brand"":""observed"",""seller_name"":""observed"",""seller_score"":""observed"",""price"":""observed"",""original_price"":""unavailable"",""campaigns"":""observed"",""stock_status"":""observed"",""stock_signal"":""observed"",""rating"":""observed"",""rating_count"":""observed"",""review_count"":""unavailable"",""question_count"":""observed"",""delivery_summary"":""observed"",""shipping_cost"":""unavailable"",""properties"":""observed""}",true,
2026-08-21,2026-08-21T09:00:50+03:00,çocuk,BEST_SELLER,genel-cocuk,çocuk,115,9,115,115,1,cocuk:genel-cocuk,115,,26.9,8.7,960631420,1149044,960631420:1149044,"Uniqlion 2'si 1 Arada Yürüme Yardımcısı İlk Adım Arabası ve Şekil Eşleştirme Oyuncağı , 10 Ay+",Uniqlion,,https://www.trendyol.com/uniqlion/2-si-1-arada-yurume-yardimcisi-ilk-adim-arabasi-ve-sekil-eslestirme-oyuncagi-10-ay-p-960631420?boutiqueId=61&merchantId=1149044,Uniqlion,88,849.99,899.99,5.6,,TRY,"[""Kargo Bedava""]",InStock,100 adetten fazla stok sunulmuştur,,,,,4.3,458,,,87,724 kişinin sepetinde,25B kişi favoriledi,Son 24 saatte 961 kişi görüntüledi,,,0,,,,14 saat 53 dakika içinde sipariş verirsen en geç yarın kargoda!,En Çok Satan 1. Ürün,,{},0,,refreshed,"[""daily_top""]",true,2026-08-21T09:00:50+03:00,0,"[""search_result_dom"",""product_detail_jsonld"",""product_detail_dom""]","{""title"":""observed"",""brand"":""observed"",""seller_name"":""observed"",""seller_score"":""observed"",""price"":""observed"",""original_price"":""observed"",""campaigns"":""observed"",""stock_status"":""observed"",""stock_signal"":""observed"",""rating"":""observed"",""rating_count"":""observed"",""review_count"":""unavailable"",""question_count"":""observed"",""delivery_summary"":""observed"",""shipping_cost"":""unavailable"",""properties"":""observed""}",true,
2026-08-21,2026-08-21T09:00:50+03:00,çocuk,BEST_SELLER,genel-cocuk,çocuk,116,9,116,116,4,cocuk:genel-cocuk,116,,12.5,18.5,1134243699,1194935,1134243699:1194935,LUCEVERA Unisex Çocuk Beyaz Polo Yaka Okul Tişört %100 Pamuk,LUCEVERA,,https://www.trendyol.com/lucevera/unisex-cocuk-beyaz-polo-yaka-okul-tisort-100-pamuk-p-1134243699?boutiqueId=61&merchantId=1194935,LUCEVERA,95,280.75,283.59,1,,TRY,"[""Sepette %1 İndirim"",""Kargo Bedava""]",InStock,100 adetten fazla stok sunulmuştur,,,,,4.7,26,,,4,405 kişinin sepetinde,553 kişi favoriledi,Son 24 saatte 326 kişi görüntüledi,,,0,,,,2 saat 53 dakika içinde sipariş verirsen en geç bugün kargoda!,,,{},0,,refreshed,"[""daily_top""]",true,2026-08-21T09:00:50+03:00,0,"[""search_result_dom"",""product_detail_jsonld"",""product_detail_dom""]","{""title"":""observed"",""brand"":""observed"",""seller_name"":""observed"",""seller_score"":""observed"",""price"":""observed"",""original_price"":""observed"",""campaigns"":""observed"",""stock_status"":""observed"",""stock_signal"":""observed"",""rating"":""observed"",""rating_count"":""observed"",""review_count"":""unavailable"",""question_count"":""observed"",""delivery_summary"":""observed"",""shipping_cost"":""unavailable"",""properties"":""observed""}",true,
2026-08-21,2026-08-21T09:00:50+03:00,çocuk,BEST_SELLER,genel-cocuk,çocuk,117,9,117,117,1,cocuk:genel-cocuk,117,,26,4,127135779,109326,127135779:109326,Wellgro Pretty 3 in1 Çalışma Masalı ve Minderli Mama Sandalyesi Gri,Wellgro,Mama Sandalyesi,https://www.trendyol.com/wellgro/pretty-3-in1-calisma-masali-ve-minderli-mama-sandalyesi-gri-p-127135779?boutiqueId=61&merchantId=109326,WELLGRO,88,1599,,,,TRY,"[""Peşin Fiyatına 3 Taksit""]",InStock,100 adetten fazla stok sunulmuştur,,,,,4.1,3113,1777,,701,574 kişinin sepetinde,"86,1B kişi favoriledi","Son 24 saatte 1,3B kişi görüntüledi",4999,TRY,0,1,1,4,14 saat 53 dakika içinde sipariş verirsen en geç yarın kargoda!,En Çok Satan 1. Ürün,https://cdn.dsmcdn.com/ty1000075/product/media/images/prod/PIM/20260122/17/29afda51-f3c0-41f2-9edd-fcad44946ba0/1_org_zoom.jpg,"{""Ayarlanabilir Sırt Bölümü"":""Yok"",""Model"":""Çok Amaçlı"",""Renk"":""Gri"",""Garanti Süresi"":""2 Yıl"",""Taşıma Kapasitesi"":""0 - 20 kg"",""Yükseklik Ayarı"":""Yok"",""Tekerlek"":""Yok"",""Katlanabilme"":""yok"",""Çıkarılabilen Tepsi"":""Evet"",""Menşei"":""TR""}",20,5,refreshed,"[""daily_top""]",true,2026-08-21T09:00:50+03:00,0,"[""search_result_dom"",""product_detail_jsonld"",""product_detail_dom""]","{""title"":""observed"",""brand"":""observed"",""seller_name"":""observed"",""seller_score"":""observed"",""price"":""observed"",""original_price"":""unavailable"",""campaigns"":""observed"",""stock_status"":""observed"",""stock_signal"":""observed"",""rating"":""observed"",""rating_count"":""observed"",""review_count"":""observed"",""question_count"":""observed"",""delivery_summary"":""observed"",""shipping_cost"":""observed"",""properties"":""observed""}",true,
2026-08-21,2026-08-21T09:00:50+03:00,çocuk,BEST_SELLER,genel-cocuk,çocuk,118,9,118,118,6,cocuk:genel-cocuk,118,,22.3,7.7,841105695,979395,841105695:979395,SPARKLY BABY %100 Organik Pamuk 5li Beyaz Kısa Kollu Bebek Body,SPARKLY BABY,Bebek Body Zıbın,https://www.trendyol.com/sparkly-baby/100-organik-pamuk-5li-beyaz-kisa-kollu-bebek-body-p-841105695?boutiqueId=61&merchantId=979395,SPARKLY BABY,86,309.99,,,,TRY,"[""15 TL Kupon"",""Kargo Bedava"",""Trendyol Plus'a Özel""]",InStock,100 adetten fazla stok sunulmuştur,,,,,4.1,1169,604,,101,417 kişinin sepetinde,"21,9B kişi favoriledi",Son 24 saatte 364 kişi görüntüledi,4999,TRY,0,,1,4,1 saat 53 dakika içinde sipariş verirsen en geç bugün kargoda!,En Çok Satan 6. Ürün,https://cdn.dsmcdn.com/ty1820/prod/QC_ENRICHMENT/20260131/15/ec613384-2548-3c42-a056-f451330d45bd/1_org_zoom.jpg,"{""Desen"":""Düz"",""Ortam"":""Casual/Günlük"",""Yaka Tipi"":""Bisiklet Yaka"",""Materyal"":""Pamuk"",""Kol Tipi"":""Kısa Kol"",""Renk"":""Beyaz"",""Materyal Bileşeni"":""100% Pamuk"",""Yıkama Talimatı"":""Type 1"",""Kumaş Tipi"":""Örme"",""Boy"":""Standart"",""Siluet"":""Basic"",""Kalıp"":""Klasik"",""Kol Boyu"":""Kısa"",""Sürdürülebilirlik Detayı"":""Organik"",""Paket İçeriği"":""5'li"",""Menşei"":""TR""}",20,5,refreshed,"[""daily_top""]",true,2026-08-21T09:00:50+03:00,0,"[""search_result_dom"",""product_detail_jsonld"",""product_detail_dom""]","{""title"":""observed"",""brand"":""observed"",""seller_name"":""observed"",""seller_score"":""observed"",""price"":""observed"",""original_price"":""unavailable"",""campaigns"":""observed"",""stock_status"":""observed"",""stock_signal"":""observed"",""rating"":""observed"",""rating_count"":""observed"",""review_count"":""observed"",""question_count"":""observed"",""delivery_summary"":""observed"",""shipping_cost"":""observed"",""properties"":""observed""}",true,
2026-08-21,2026-08-21T09:00:50+03:00,çocuk,BEST_SELLER,genel-cocuk,çocuk,119,9,119,119,3,cocuk:genel-cocuk,119,68,16.8,13.2,1117576645,707705,1117576645:707705,OMY %100 PAMUK 3-6-9 AY BANDANALI OMZU FIRFIRLI LEOPAR DESENLİ TULUM TAKIM 2'Lİ SET BEBEK&ÇOCUK TAKIM,OMY,Tulum,https://www.trendyol.com/omy/100-pamuk-3-6-9-ay-bandanali-omzu-firfirli-leopar-desenli-tulum-takim-2-li-set-bebek-cocuk-takim-p-1117576645?boutiqueId=61&merchantId=707705,OMY,,279.9,,,0,TRY,"[""Kargo Bedava""]",InStock,100 adetten fazla stok sunulmuştur,,,,,4.1,314,125,3,22,"1,5B kişinin sepetinde","22,4B kişi favoriledi",Son 24 saatte 1B kişi görüntüledi,4999,TRY,0,1,1,4,14 saat 53 dakika içinde sipariş verirsen en geç yarın kargoda!,En Çok Satan 3. Ürün,https://cdn.dsmcdn.com/ty1853/prod/QC_ENRICHMENT/20260410/10/6fd47e46-abe1-365f-8f10-3a5c9ac7176d/1_org_zoom.jpg,"{""Kol Tipi"":""Uzun Kol"",""Kalıp"":""Comfort"",""Kumaş Tipi"":""Örme"",""Renk"":""Çok Renkli"",""Materyal"":""Pamuk"",""Yaka Tipi"":""Bisiklet Yaka"",""Cep"":""Cepsiz"",""Desen"":""Animal"",""Kol Boyu"":""Kısa"",""Dokuma Tipi"":""Düz Dokuma"",""Kemer/Kuşak Durumu"":""Kemersiz"",""Ortam"":""Party"",""Sürdürülebilirlik Detayı"":""Hayır"",""Paça Tipi"":""Lastikli Paça"",""Siluet"":""Basic"",""Menşei"":""TR"",""Kutu Durumu"":""Kutu yok""}",20,5,refreshed,"[""daily_top"",""hot_change""]",true,2026-08-21T09:00:50+03:00,0,"[""search_result_dom"",""product_detail_jsonld"",""product_detail_dom""]","{""title"":""observed"",""brand"":""observed"",""seller_name"":""observed"",""seller_score"":""unavailable"",""price"":""observed"",""original_price"":""unavailable"",""campaigns"":""observed"",""stock_status"":""observed"",""stock_signal"":""observed"",""rating"":""observed"",""rating_count"":""observed"",""review_count"":""observed"",""question_count"":""observed"",""delivery_summary"":""observed"",""shipping_cost"":""observed"",""properties"":""observed""}",true,
2026-08-21,2026-08-21T09:00:50+03:00,çocuk,BEST_SELLER,genel-cocuk,çocuk,120,9,120,120,4,cocuk:genel-cocuk,120,,19.4,10.6,939262590,892206,939262590:892206,Cinderella 2'li 3D Boyutlu Pembe Sarı Ponponlu Pullu Çiçekli Yeşil Yapraklı Sallanan Pens Toka Seti Saç Tokası,Cinderella,,https://www.trendyol.com/cinderella/2-li-3d-boyutlu-pembe-sari-ponponlu-pullu-cicekli-yesil-yaprakli-sallanan-pens-toka-seti-sac-tokasi-p-939262590?boutiqueId=61&merchantId=892206,Cinderella Accessories,89,197.99,,,,TRY,"[""Kargo Bedava"",""Trendyol Plus'a Özel""]",InStock,100 adetten fazla stok sunulmuştur,,,,,4.8,262,,,13,340 kişinin sepetinde,33B kişi favoriledi,Son 24 saatte 363 kişi görüntüledi,,,0,,,,1 saat 53 dakika içinde sipariş verirsen en geç bugün kargoda!,,,{},0,,refreshed,"[""daily_top""]",true,2026-08-21T09:00:50+03:00,0,"[""search_result_dom"",""product_detail_jsonld"",""product_detail_dom""]","{""title"":""observed"",""brand"":""observed"",""seller_name"":""observed"",""seller_score"":""observed"",""price"":""observed"",""original_price"":""unavailable"",""campaigns"":""observed"",""stock_status"":""observed"",""stock_signal"":""observed"",""rating"":""observed"",""rating_count"":""observed"",""review_count"":""unavailable"",""question_count"":""observed"",""delivery_summary"":""observed"",""shipping_cost"":""unavailable"",""properties"":""observed""}",true,
2026-08-21,2026-08-21T09:00:50+03:00,çocuk,BEST_SELLER,genel-cocuk,çocuk,121,10,121,121,,cocuk:genel-cocuk,121,13,18.7,18,1165737012,586061,1165737012:586061,yücel bijuteri Gizemli Paket Renkli Mantı Squishy - Gizemli renk KARIŞIK,yücel bijuteri,Eğitici Oyuncak,https://www.trendyol.com/yucel-bijuteri/gizemli-paket-renkli-manti-squishy-gizemli-renk-karisik-p-1165737012?boutiqueId=61&merchantId=586061,Trend Farma,79,279.9,300,6.7,-6.7,TRY,"[""30 TL Kupon"",""Son 10 Günün En Düşük Fiyatı"",""Kargo Bedava"",""Son 10 günün en düşük fiyatı""]",InStock,10 adetten fazla stok sunulmuştur,,,,,2.2,51,31,0,47,"2,5B kişinin sepetinde","4,6B kişi favoriledi","Son 24 saatte 1,6B kişi görüntüledi",4999,TRY,0,1,1,4,14 saat 53 dakika içinde sipariş verirsen en geç yarın kargoda!,,https://cdn.dsmcdn.com/ty1926/prod/QC_PREP/20260707/17/e3e9d247-c925-3008-b916-97e0072fd635/1_org_zoom.jpg,"{""Paket İçeriği"":""1'li"",""Yaş"":""3+ Yaş"",""Piller Kutuya Dahil Mi?"":""Hayır"",""Dil"":""Evrensel Dil"",""Pil ile mi çalışır?"":""Hayır"",""Menşei"":""CN""}",20,2.2,refreshed,"[""daily_top""]",true,2026-08-21T09:00:50+03:00,0,"[""search_result_dom"",""product_detail_jsonld"",""product_detail_dom""]","{""title"":""observed"",""brand"":""observed"",""seller_name"":""observed"",""seller_score"":""observed"",""price"":""observed"",""original_price"":""observed"",""campaigns"":""observed"",""stock_status"":""observed"",""stock_signal"":""observed"",""rating"":""observed"",""rating_count"":""observed"",""review_count"":""observed"",""question_count"":""observed"",""delivery_summary"":""observed"",""shipping_cost"":""observed"",""properties"":""observed""}",true,
2026-08-21,2026-08-21T09:00:50+03:00,çocuk,BEST_SELLER,genel-cocuk,çocuk,122,10,122,122,10,cocuk:genel-cocuk,122,,42.4,27.6,1154709987,392,1154709987:392,ebebek Hello Baby HelloBaby Kız Bebek Body Çiçek Baskılı Çıtçıtlı Bisiklet Yaka Atlet,ebebek Hello Baby,Bebek Body Zıbın,https://www.trendyol.com/ebebek-hello-baby/hellobaby-kiz-bebek-body-cicek-baskili-citcitli-bisiklet-yaka-atlet-p-1154709987?boutiqueId=61&merchantId=392,ebebek,,96.29,160.49,40,,TRY,"[""Sepette %40 İndirim"",""Kargo Bedava""]",InStock,100 adetten fazla stok sunulmuştur,,,,,5,3,1,,,,470 kişi favoriledi,Son 24 saatte 328 kişi görüntüledi,4999,TRY,0,3,1,6,Tahmini Teslim:,,https://cdn.dsmcdn.com/ty1891/prod/QC_PREP/20260609/14/4ec0b0f7-bb65-3660-a92a-e072a57c0f4f/1_org_zoom.jpg,"{""Desen"":""Baskılı"",""Ortam"":""Günlük"",""Yaka Tipi"":""Bisiklet Yaka"",""Materyal"":""Pamuk"",""Kol Tipi"":""Kolsuz"",""Renk"":""Ekru"",""Kumaş Tipi"":""Dokuma"",""Boy"":""Standart"",""Kalıp"":""Relaxed"",""Kol Boyu"":""Kolsuz"",""Menşei"":""TR""}",1,5,refreshed,"[""daily_top""]",true,2026-08-21T09:00:50+03:00,0,"[""search_result_dom"",""product_detail_jsonld"",""product_detail_dom""]","{""title"":""observed"",""brand"":""observed"",""seller_name"":""observed"",""seller_score"":""unavailable"",""price"":""observed"",""original_price"":""observed"",""campaigns"":""observed"",""stock_status"":""observed"",""stock_signal"":""observed"",""rating"":""observed"",""rating_count"":""observed"",""review_count"":""observed"",""question_count"":""unavailable"",""delivery_summary"":""observed"",""shipping_cost"":""observed"",""properties"":""observed""}",true,
2026-08-21,2026-08-21T09:00:50+03:00,çocuk,BEST_SELLER,genel-cocuk,çocuk,123,10,123,123,,cocuk:genel-cocuk,123,,16.3,13.7,1104445382,145854,1104445382:145854,Balkan Room Bej Keçe Anne Bebek Bakım Çantası Yenidoğan İçin Organizer Taşınabilir Düzenleyici,Balkan Room,Bebek Bakım Çantası,https://www.trendyol.com/balkan-room/bej-kece-anne-bebek-bakim-cantasi-yenidogan-icin-organizer-tasinabilir-duzenleyici-p-1104445382?boutiqueId=61&merchantId=145854,Balkan E-Ticaret Limited Şirketi,95,169.9,,,,TRY,"[""Kargo Bedava""]",InStock,100 adetten fazla stok sunulmuştur,,,,,4.2,348,108,,11,"1,3B kişinin sepetinde","31,6B kişi favoriledi",Son 24 saatte 1B kişi görüntüledi,4999,TRY,0,,1,4,7 saat 53 dakika içinde sipariş verirsen en geç bugün kargoda!,En Çok Ziyaret Edilen 6. Ürün,https://cdn.dsmcdn.com/ty1826/prod/QC_PREP/20260215/12/01ed2133-7a29-3383-8bdd-312eb01705b5/1_org_zoom.jpg,"{""Materyal"":""Tekstil"",""Model"":""Omuz Çantası"",""Renk"":""Bej"",""Tip"":""Omuz Çantası"",""Menşei"":""TR""}",20,5,refreshed,"[""daily_top""]",true,2026-08-21T09:00:50+03:00,0,"[""search_result_dom"",""product_detail_jsonld"",""product_detail_dom""]","{""title"":""observed"",""brand"":""observed"",""seller_name"":""observed"",""seller_score"":""observed"",""price"":""observed"",""original_price"":""unavailable"",""campaigns"":""observed"",""stock_status"":""observed"",""stock_signal"":""observed"",""rating"":""observed"",""rating_count"":""observed"",""review_count"":""observed"",""question_count"":""observed"",""delivery_summary"":""observed"",""shipping_cost"":""observed"",""properties"":""observed""}",true,
2026-08-21,2026-08-21T09:00:50+03:00,çocuk,BEST_SELLER,genel-cocuk,çocuk,124,10,124,124,2,cocuk:genel-cocuk,124,55,17.9,12.1,1030668964,527139,1030668964:527139,ENİA BABY Erkek Bebek 2'li %100 Pamuklu Patikli Desenli Yenidoğan Tulum Seti 0-3 Ay,ENİA BABY,Hastane Çıkışı,https://www.trendyol.com/enia-baby/erkek-bebek-2-li-100-pamuklu-patikli-desenli-yenidogan-tulum-seti-0-3-ay-p-1030668964?boutiqueId=61&merchantId=527139,ENİA BABY,95,391.9,,,0,TRY,"[""Kargo Bedava"",""Son 10 Günün En Düşük Fiyatı"",""Trendyol Plus'a Özel""]",InStock,100 adetten fazla stok sunulmuştur,,,,,4.5,595,171,1,31,"2,2B kişinin sepetinde","41,7B kişi favoriledi","Son 24 saatte 1,1B kişi görüntüledi",4999,TRY,0,1,1,4,3 saat 53 dakika içinde sipariş verirsen en geç bugün kargoda!,En Çok Satan 2. Ürün,https://cdn.dsmcdn.com/ty1776/prod/QC_PREP/20251020/10/8d802221-42ba-3ed8-9044-d7450b7f8d94/1_org_zoom.jpg,"{""Desen"":""Baskılı"",""Materyal"":""Pamuk"",""Renk"":""Bej"",""Yıkama Talimatı"":""Type 1"",""Ortam"":""Casual"",""Kumaş Tipi"":""Örme"",""Koleksiyon"":""Basic"",""Paket İçeriği"":""2'li"",""Sürdürülebilirlik Detayı"":""Evet"",""Menşei"":""TR""}",20,5,refreshed,"[""daily_top"",""hot_change""]",true,2026-08-21T09:00:50+03:00,0,"[""search_result_dom"",""product_detail_jsonld"",""product_detail_dom""]","{""title"":""observed"",""brand"":""observed"",""seller_name"":""observed"",""seller_score"":""observed"",""price"":""observed"",""original_price"":""unavailable"",""campaigns"":""observed"",""stock_status"":""observed"",""stock_signal"":""observed"",""rating"":""observed"",""rating_count"":""observed"",""review_count"":""observed"",""question_count"":""observed"",""delivery_summary"":""observed"",""shipping_cost"":""observed"",""properties"":""observed""}",true,
2026-08-21,2026-08-21T09:00:50+03:00,çocuk,BEST_SELLER,genel-cocuk,çocuk,125,10,125,125,17,cocuk:genel-cocuk,125,38,21.6,11.6,941592695,371498,941592695:371498,ROCKY Çocuk Patenli Işıklı Spor Ayakkabı & Yürüyüş Ayakkabısı & Sneakers,ROCKY,,https://www.trendyol.com/rocky/cocuk-patenli-isikli-spor-ayakkabi-yuruyus-ayakkabisi-sneakers-p-941592695?boutiqueId=61&merchantId=371498,ROCKY,92,1693.23,1750.02,3.2,-7,TRY,"[""Son 10 Günün En Düşük Fiyatı"",""Peşin Fiyatına 3 Taksit"",""Son 10 günün en düşük fiyatı""]",InStock,100 adetten fazla stok sunulmuştur,,,,,4.7,198,,0,79,1B kişinin sepetinde,"7,7B kişi favoriledi",Son 24 saatte 828 kişi görüntüledi,,,0,,,,4 saat 53 dakika içinde sipariş verirsen en geç bugün kargoda!,,,{},0,,refreshed,"[""daily_top""]",true,2026-08-21T09:00:50+03:00,0,"[""search_result_dom"",""product_detail_jsonld"",""product_detail_dom""]","{""title"":""observed"",""brand"":""observed"",""seller_name"":""observed"",""seller_score"":""observed"",""price"":""observed"",""original_price"":""observed"",""campaigns"":""observed"",""stock_status"":""observed"",""stock_signal"":""observed"",""rating"":""observed"",""rating_count"":""observed"",""review_count"":""unavailable"",""question_count"":""observed"",""delivery_summary"":""observed"",""shipping_cost"":""unavailable"",""properties"":""observed""}",true,
2026-08-21,2026-08-21T09:00:50+03:00,çocuk,BEST_SELLER,genel-cocuk,çocuk,126,10,126,126,1,cocuk:genel-cocuk,126,,2.4,27.6,1183418443,982060,1183418443:982060,H&M 2 Parçalı Baskılı Sweatshirt Set,H&M,Sweatshirt,https://www.trendyol.com/h-m/2-parcali-baskili-sweatshirt-set-p-1183418443?boutiqueId=61&merchantId=982060,H&M,2,849.99,,,,TRY,"[""Kargo Bedava""]",InStock,,,,,,5,1,,,,807 kişinin sepetinde,"3,2B kişi favoriledi","Son 24 saatte 1,7B kişi görüntüledi",4999,TRY,0,3,1,6,Tahmini Teslim:,En Çok Satan 1. Ürün,https://cdn.dsmcdn.com/ty1924/prod/QC_PREP/20260810/18/53ba314d-d941-3fbc-8c3e-c72fed35921e/1_org_zoom.jpg,"{""Kol Tipi"":""Standart Kol"",""Desen"":""Baskılı"",""Kalıp"":""Belirtilmemiş"",""Yaka Tipi"":""Bisiklet Yaka"",""Kumaş Tipi"":""Belirtilmemiş"",""Renk"":""Lacivert"",""Kol Boyu"":""Uzun"",""Boy"":""Belirtilmemiş"",""Siluet"":""Jogger"",""Menşei"":""BD""}",0,,refreshed,"[""daily_top""]",true,2026-08-21T09:00:50+03:00,0,"[""search_result_dom"",""product_detail_jsonld"",""product_detail_dom""]","{""title"":""observed"",""brand"":""observed"",""seller_name"":""observed"",""seller_score"":""observed"",""price"":""observed"",""original_price"":""unavailable"",""campaigns"":""observed"",""stock_status"":""observed"",""stock_signal"":""unavailable"",""rating"":""observed"",""rating_count"":""observed"",""review_count"":""unavailable"",""question_count"":""unavailable"",""delivery_summary"":""observed"",""shipping_cost"":""observed"",""properties"":""observed""}",true,
2026-08-21,2026-08-21T09:00:50+03:00,çocuk,BEST_SELLER,genel-cocuk,çocuk,127,10,127,127,,cocuk:genel-cocuk,127,-61,24.2,5.8,85637037,916075,85637037:916075,Tutku 6'lı Çocuk Penye Atlet,Tutku,Atlet,https://www.trendyol.com/tutku/6-li-cocuk-penye-atlet-p-85637037?boutiqueId=61&merchantId=916075,TUTKU ELİT,92,394.17,,,0,TRY,"[""Kargo Bedava"",""Son 10 Günün En Düşük Fiyatı""]",InStock,50 adetten fazla stok sunulmuştur,,,,,4.5,2471,1053,3,529,792 kişinin sepetinde,"21,3B kişi favoriledi",Son 24 saatte 307 kişi görüntüledi,4999,TRY,0,1,1,4,14 saat 53 dakika içinde sipariş verirsen en geç yarın kargoda!,,https://cdn.dsmcdn.com/ty1329/product/media/images/prod/QC/20240520/09/42690edd-f8a4-3f39-9862-de609695f9e9/1_org_zoom.jpg,"{""Sezon"":""Yaz"",""Kol Tipi"":""Askılı"",""Yaka Tipi"":""Bisiklet Yaka"",""Materyal"":""Pamuk"",""Renk"":""Beyaz"",""Paket İçeriği"":""6'lı"",""Desen"":""Düz"",""Ürün Detayı"":""Biyeli"",""Ürün Tipi"":""Düz"",""Kalıp"":""Straight"",""Kol Boyu"":""Askılı"",""Koleksiyon"":""İç Giyim"",""Kumaş Tipi"":""Dokuma"",""Ek Özellik"":""Ek Özellik Mevcut Değil"",""Dokuma Tipi"":""2 İplik"",""Siluet"":""Straight"",""Persona"":""Fashion Forward"",""Baskı/Nakış Tekniği"":""Baskısız"",""Ortam"":""Lounge/Home"",""Sürdürülebilirlik Detayı"":""Hayır"",""Boy"":""Regular"",""Materyal Bileşeni"":""100% Pamuk"",""Yıkama Talimatı"":""Type 1"",""Menşei"":""TR""}",20,5,refreshed,"[""daily_top"",""hot_change""]",true,2026-08-21T09:00:50+03:00,0,"[""search_result_dom"",""product_detail_jsonld"",""product_detail_dom""]","{""title"":""observed"",""brand"":""observed"",""seller_name"":""observed"",""seller_score"":""observed"",""price"":""observed"",""original_price"":""unavailable"",""campaigns"":""observed"",""stock_status"":""observed"",""stock_signal"":""observed"",""rating"":""observed"",""rating_count"":""observed"",""review_count"":""observed"",""question_count"":""observed"",""delivery_summary"":""observed"",""shipping_cost"":""observed"",""properties"":""observed""}",true,
2026-08-21,2026-08-21T09:00:50+03:00,çocuk,BEST_SELLER,genel-cocuk,çocuk,128,10,128,128,,cocuk:genel-cocuk,128,-37,23.4,6.6,137975483,104968,137975483:104968,Dolu Su Ve Kum Aktivite Masası Kırmızı 3070,Dolu,Plaj Oyuncakları,https://www.trendyol.com/dolu/su-ve-kum-aktivite-masasi-kirmizi-3070-p-137975483?boutiqueId=61&merchantId=104968,Happy Center,93,1676.99,,,0,TRY,"[""50 TL Kupon"",""Kargo Bedava"",""Peşin Fiyatına 3 Taksit""]",InStock,100 adetten fazla stok sunulmuştur,,,,,4.7,1628,840,0,414,"1,6B kişinin sepetinde","76,6B kişi favoriledi",Son 24 saatte 678 kişi görüntüledi,4999,TRY,0,1,1,4,5 saat 53 dakika içinde sipariş verirsen en geç bugün kargoda!,En Çok Ziyaret Edilen 1. Ürün,https://cdn.dsmcdn.com/ty170/product/media/images/20210901/18/124687722/235702026/1/1_org_zoom.jpg,"{""Renk"":""Mavi"",""Paket İçeriği"":""1'li"",""Yaş"":""3 - 4 Yaş"",""Menşei"":""TR"",""Özellik"":""Suya Dayanıklı""}",20,5,refreshed,"[""daily_top""]",true,2026-08-21T09:00:50+03:00,0,"[""search_result_dom"",""product_detail_jsonld"",""product_detail_dom""]","{""title"":""observed"",""brand"":""observed"",""seller_name"":""observed"",""seller_score"":""observed"",""price"":""observed"",""original_price"":""unavailable"",""campaigns"":""observed"",""stock_status"":""observed"",""stock_signal"":""observed"",""rating"":""observed"",""rating_count"":""observed"",""review_count"":""observed"",""question_count"":""observed"",""delivery_summary"":""observed"",""shipping_cost"":""observed"",""properties"":""observed""}",true,
2026-08-21,2026-08-21T09:00:50+03:00,çocuk,BEST_SELLER,genel-cocuk,çocuk,129,10,129,129,,cocuk:genel-cocuk,129,,18.8,11.2,946040335,931256,946040335:931256,tutobaby Devrilmeyen Sevimli Geyik Oyuncağı (Bebeğinizin Oyun Arkadaşı),tutobaby,Eğitici Oyuncak,https://www.trendyol.com/tutobaby/devrilmeyen-sevimli-geyik-oyuncagi-bebeginizin-oyun-arkadasi-p-946040335?boutiqueId=61&merchantId=931256,TuTobaby,98,280,,,0,TRY,"[""Kargo Bedava""]",InStock,100 adetten fazla stok sunulmuştur,,,,,4.6,375,222,5,32,790 kişinin sepetinde,"17,3B kişi favoriledi",Son 24 saatte 559 kişi görüntüledi,4999,TRY,0,,1,4,4 saat 53 dakika içinde sipariş verirsen en geç bugün kargoda!,,https://cdn.dsmcdn.com/ty1697/prod/QC_PREP/20250618/01/1feff991-59c2-3371-8e85-228e6a068dcf/1_org_zoom.jpg,"{""Paket İçeriği"":""1'li"",""Yaş"":""1+ Yaş"",""Piller Kutuya Dahil Mi?"":""Hayır"",""Dil"":""Türkçe"",""Pil ile mi çalışır?"":""Hayır"",""Menşei"":""CN""}",20,5,refreshed,"[""daily_top""]",true,2026-08-21T09:00:50+03:00,0,"[""search_result_dom"",""product_detail_jsonld"",""product_detail_dom""]","{""title"":""observed"",""brand"":""observed"",""seller_name"":""observed"",""seller_score"":""observed"",""price"":""observed"",""original_price"":""unavailable"",""campaigns"":""observed"",""stock_status"":""observed"",""stock_signal"":""observed"",""rating"":""observed"",""rating_count"":""observed"",""review_count"":""observed"",""question_count"":""observed"",""delivery_summary"":""observed"",""shipping_cost"":""observed"",""properties"":""observed""}",true,
2026-08-21,2026-08-21T09:00:50+03:00,çocuk,BEST_SELLER,genel-cocuk,çocuk,130,10,130,130,4,cocuk:genel-cocuk,130,,14.1,15.9,1131337225,953413,1131337225:953413,Royal Glow Kore Tarzı Ayıcıklı Aksesuarlı Kız Çocuk İlkokul Çantası Termal Beslenme Çantası ve Kalemlik 3lü Set,Royal Glow,,https://www.trendyol.com/royal-glow/kore-tarzi-ayicikli-aksesuarli-kiz-cocuk-ilkokul-cantasi-termal-beslenme-cantasi-ve-kalemlik-3lu-set-p-1131337225?boutiqueId=61&merchantId=953413,Royal Glow,95,1259.9,,,,TRY,"[""Kargo Bedava"",""Peşin Fiyatına 3 Taksit"",""Trendyol Plus'a Özel""]",InStock,100 adetten fazla stok sunulmuştur,,,,,4.8,57,,,24,"1,2B kişinin sepetinde","4,9B kişi favoriledi","Son 24 saatte 1,2B kişi görüntüledi",,,0,,,,2 saat 53 dakika içinde sipariş verirsen en geç bugün kargoda!,,,{},0,,refreshed,"[""daily_top""]",true,2026-08-21T09:00:50+03:00,0,"[""search_result_dom"",""product_detail_jsonld"",""product_detail_dom""]","{""title"":""observed"",""brand"":""observed"",""seller_name"":""observed"",""seller_score"":""observed"",""price"":""observed"",""original_price"":""unavailable"",""campaigns"":""observed"",""stock_status"":""observed"",""stock_signal"":""observed"",""rating"":""observed"",""rating_count"":""observed"",""review_count"":""unavailable"",""question_count"":""observed"",""delivery_summary"":""observed"",""shipping_cost"":""unavailable"",""properties"":""observed""}",true,
2026-08-21,2026-08-21T09:00:50+03:00,çocuk,BEST_SELLER,genel-cocuk,çocuk,131,10,131,131,4,cocuk:genel-cocuk,131,,20.6,9.4,994709860,109643,994709860:109643,Genel Markalar Stıtch Blind Box Dünyası,Genel Markalar,Peluş Oyuncak,https://www.trendyol.com/genel-markalar/stitch-blind-box-dunyasi-p-994709860?boutiqueId=61&merchantId=109643,Rüya Gezegeni,89,266,,,0,TRY,"[""Kargo Bedava"",""Son 10 Günün En Düşük Fiyatı""]",InStock,100 adetten fazla stok sunulmuştur,,,,,3.8,656,377,0,197,628 kişinin sepetinde,"11,4B kişi favoriledi",Son 24 saatte 697 kişi görüntüledi,4999,TRY,0,1,1,4,14 saat 53 dakika içinde sipariş verirsen en geç yarın kargoda!,En Çok Satan 4. Ürün,https://cdn.dsmcdn.com/ty1931/prod/QC_ENRICHMENT/20260514/11/5bf7240b-9c55-31e3-b0ef-d94a20820d18/1_org_zoom.jpg,"{""Renk"":""Çok Renkli"",""Boyut"":""15 cm"",""Yaş"":""3+ Yaş"",""Dil"":""Türkçe"",""Pil ile mi çalışır?"":""Hayır"",""Piller Kutuya Dahil Mi?"":""Hayır"",""Menşei"":""TR""}",20,5,refreshed,"[""daily_top""]",true,2026-08-21T09:00:50+03:00,0,"[""search_result_dom"",""product_detail_jsonld"",""product_detail_dom""]","{""title"":""observed"",""brand"":""observed"",""seller_name"":""observed"",""seller_score"":""observed"",""price"":""observed"",""original_price"":""unavailable"",""campaigns"":""observed"",""stock_status"":""observed"",""stock_signal"":""observed"",""rating"":""observed"",""rating_count"":""observed"",""review_count"":""observed"",""question_count"":""observed"",""delivery_summary"":""observed"",""shipping_cost"":""observed"",""properties"":""observed""}",true,
2026-08-21,2026-08-21T09:00:50+03:00,çocuk,BEST_SELLER,genel-cocuk,çocuk,132,10,132,132,2,cocuk:genel-cocuk,132,23,21.7,8.3,960631521,1149044,960631521:1149044,"Uniqlion 2'si 1 Arada Yürüme Yardımcısı İlk Adım Arabası ve Şekil Eşleştirme Oyuncağı , 10 Ay+",Uniqlion,,https://www.trendyol.com/uniqlion/2-si-1-arada-yurume-yardimcisi-ilk-adim-arabasi-ve-sekil-eslestirme-oyuncagi-10-ay-p-960631521?boutiqueId=61&merchantId=1149044,Uniqlion,88,849.99,,,0,TRY,"[""Kargo Bedava""]",InStock,100 adetten fazla stok sunulmuştur,,,,,4.3,519,,0,64,541 kişinin sepetinde,"28,1B kişi favoriledi",Son 24 saatte 742 kişi görüntüledi,,,0,,,,14 saat 53 dakika içinde sipariş verirsen en geç yarın kargoda!,En Çok Satan 2. Ürün,,{},0,,refreshed,"[""daily_top""]",true,2026-08-21T09:00:50+03:00,0,"[""search_result_dom"",""product_detail_jsonld"",""product_detail_dom""]","{""title"":""observed"",""brand"":""observed"",""seller_name"":""observed"",""seller_score"":""observed"",""price"":""observed"",""original_price"":""unavailable"",""campaigns"":""observed"",""stock_status"":""observed"",""stock_signal"":""observed"",""rating"":""observed"",""rating_count"":""observed"",""review_count"":""unavailable"",""question_count"":""observed"",""delivery_summary"":""observed"",""shipping_cost"":""unavailable"",""properties"":""observed""}",true,
2026-08-21,2026-08-21T09:00:50+03:00,çocuk,BEST_SELLER,genel-cocuk,çocuk,133,10,133,133,10,cocuk:genel-cocuk,133,15,23.7,11.1,1094590398,624822,1094590398:624822,My Kids Wear Kız Çocuk Garson Mayo Elbiseli Şortlu 2’li Takım 12417,My Kids Wear,,https://www.trendyol.com/my-kids-wear/kiz-cocuk-garson-mayo-elbiseli-sortlu-2-li-takim-12417-p-1094590398?boutiqueId=61&merchantId=624822,My Kids Wear,,475.05,499,4.8,-4.8,TRY,"[""Kargo Bedava"",""Son 10 Günün En Düşük Fiyatı"",""Son 10 günün en düşük fiyatı""]",InStock,50 adetten fazla stok sunulmuştur,,,,,4.5,228,,0,71,"1,6B kişinin sepetinde","20,5B kişi favoriledi",Son 24 saatte 821 kişi görüntüledi,,,0,,,,14 saat 53 dakika içinde sipariş verirsen en geç yarın kargoda!,En Çok Ziyaret Edilen 1. Ürün,,{},0,,refreshed,"[""daily_top""]",true,2026-08-21T09:00:50+03:00,0,"[""search_result_dom"",""product_detail_jsonld"",""product_detail_dom""]","{""title"":""observed"",""brand"":""observed"",""seller_name"":""observed"",""seller_score"":""unavailable"",""price"":""observed"",""original_price"":""observed"",""campaigns"":""observed"",""stock_status"":""observed"",""stock_signal"":""observed"",""rating"":""observed"",""rating_count"":""observed"",""review_count"":""unavailable"",""question_count"":""observed"",""delivery_summary"":""observed"",""shipping_cost"":""unavailable"",""properties"":""observed""}",true,
2026-08-21,2026-08-21T09:00:50+03:00,çocuk,BEST_SELLER,genel-cocuk,çocuk,134,10,134,134,,cocuk:genel-cocuk,134,-27,26.8,3.2,785367849,707705,785367849:707705,OMY 5'li 0-6 Yaş Bisiklet Yaka Çıtçıtlı Body Zıbın Atlet Yenidoğan Hastane Çıkışı Kız Erkek Bebek Çocuk,OMY,Bebek Body Zıbın,https://www.trendyol.com/omy/5-li-0-6-yas-bisiklet-yaka-citcitli-body-zibin-atlet-yenidogan-hastane-cikisi-kiz-erkek-bebek-cocuk-p-785367849?boutiqueId=61&merchantId=707705,OMY,5,341.9,,,0,TRY,"[""Kargo Bedava""]",InStock,100 adetten fazla stok sunulmuştur,,,,,4.1,4196,2216,2,447,,,,4999,TRY,0,,1,4,1 saat 53 dakika içinde sipariş verirsen en geç bugün kargoda!,,https://cdn.dsmcdn.com/ty1825/prod/QC_ENRICHMENT/20260214/01/62272b20-aa23-3432-87dc-5d51f76f493d/1_org_zoom.jpg,"{""Desen"":""Düz"",""Ortam"":""Casual/Günlük"",""Yaka Tipi"":""Bisiklet Yaka"",""Materyal"":""Pamuklu"",""Kol Tipi"":""Askılı"",""Renk"":""Beyaz"",""Yıkama Talimatı"":""Type 1"",""Kumaş Tipi"":""Örme"",""Boy"":""Standart"",""Siluet"":""Regular"",""Kalıp"":""Regular"",""Kol Boyu"":""Askılı"",""Koleksiyon"":""Basic"",""Sürdürülebilirlik Detayı"":""Hayır"",""Paket İçeriği"":""5'li"",""Menşei"":""TR""}",20,5,refreshed,"[""daily_top""]",true,2026-08-21T09:00:50+03:00,0,"[""search_result_dom"",""product_detail_jsonld"",""product_detail_dom""]","{""title"":""observed"",""brand"":""observed"",""seller_name"":""observed"",""seller_score"":""observed"",""price"":""observed"",""original_price"":""unavailable"",""campaigns"":""observed"",""stock_status"":""observed"",""stock_signal"":""observed"",""rating"":""observed"",""rating_count"":""observed"",""review_count"":""observed"",""question_count"":""observed"",""delivery_summary"":""observed"",""shipping_cost"":""observed"",""properties"":""observed""}",true,
2026-08-21,2026-08-21T09:00:50+03:00,çocuk,BEST_SELLER,genel-cocuk,çocuk,135,10,135,135,4,cocuk:genel-cocuk,135,2,22.1,7.9,672023503,1163586,672023503:1163586,Scooter Magic Wheels Işıklı 3 Tekerlekli Twist Çocuk,Scooter,,https://www.trendyol.com/scooter/magic-wheels-isikli-3-tekerlekli-twist-cocuk-p-672023503?boutiqueId=61&merchantId=1163586,TOYZİTOYS OYUNCAK,86,889,,,0,TRY,"[""Kargo Bedava""]",InStock,100 adetten fazla stok sunulmuştur,,,,,3.6,571,,0,171,948 kişinin sepetinde,"14,3B kişi favoriledi",Son 24 saatte 680 kişi görüntüledi,,,0,,,,14 saat 53 dakika içinde sipariş verirsen en geç yarın kargoda!,En Çok Satan 4. Ürün,,{},0,,refreshed,"[""daily_top""]",true,2026-08-21T09:00:50+03:00,0,"[""search_result_dom"",""product_detail_jsonld"",""product_detail_dom""]","{""title"":""observed"",""brand"":""observed"",""seller_name"":""observed"",""seller_score"":""observed"",""price"":""observed"",""original_price"":""unavailable"",""campaigns"":""observed"",""stock_status"":""observed"",""stock_signal"":""observed"",""rating"":""observed"",""rating_count"":""observed"",""review_count"":""unavailable"",""question_count"":""observed"",""delivery_summary"":""observed"",""shipping_cost"":""unavailable"",""properties"":""observed""}",true,
2026-08-21,2026-08-21T09:00:50+03:00,çocuk,BEST_SELLER,genel-cocuk,çocuk,136,10,136,136,3,cocuk:genel-cocuk,136,,25.6,4.4,743131194,832367,743131194:832367,HİKKO KİDS ÇOCUK TAKIM ELBİSE,HİKKO KİDS,,https://www.trendyol.com/hikko-kids/cocuk-takim-elbise-p-743131194?boutiqueId=61&merchantId=832367,YALI&CO,89,1150,,,,TRY,"[""Kargo Bedava"",""Peşin Fiyatına 3 Taksit""]",InStock,5 adetten fazla stok sunulmuştur,,,,,4.4,1600,,,1042,480 kişinin sepetinde,"14,7B kişi favoriledi",Son 24 saatte 348 kişi görüntüledi,,,0,,,,4 saat 53 dakika içinde sipariş verirsen en geç bugün kargoda!,En Çok Satan 3. Ürün,,{},0,,refreshed,"[""daily_top""]",true,2026-08-21T09:00:50+03:00,0,"[""search_result_dom"",""product_detail_jsonld"",""product_detail_dom""]","{""title"":""observed"",""brand"":""observed"",""seller_name"":""observed"",""seller_score"":""observed"",""price"":""observed"",""original_price"":""unavailable"",""campaigns"":""observed"",""stock_status"":""observed"",""stock_signal"":""observed"",""rating"":""observed"",""rating_count"":""observed"",""review_count"":""unavailable"",""question_count"":""observed"",""delivery_summary"":""observed"",""shipping_cost"":""unavailable"",""properties"":""observed""}",true,
2026-08-21,2026-08-21T09:00:50+03:00,çocuk,BEST_SELLER,genel-cocuk,çocuk,137,10,137,137,3,cocuk:genel-cocuk,137,-85,0,,177023193,916075,177023193:916075,Tutku 6lı Erkek Çocuk Renkli Atlet Pamuklu Askılı Empirme Elastan,Tutku,,https://www.trendyol.com/tutku/6li-erkek-cocuk-renkli-atlet-pamuklu-askili-empirme-elastan-p-177023193?boutiqueId=61&merchantId=916075,TUTKU ELİT,92,385,,,-0.5,TRY,"[""Kargo Bedava""]",InStock,100 adetten fazla stok sunulmuştur,,,,,,,,0,,,,,,,0,,,,2 saat 53 dakika içinde sipariş verirsen en geç bugün kargoda!,,,{},0,,refreshed,"[""daily_top"",""hot_change""]",true,2026-08-21T09:00:50+03:00,0,"[""search_result_dom"",""product_detail_jsonld"",""product_detail_dom""]","{""title"":""observed"",""brand"":""observed"",""seller_name"":""observed"",""seller_score"":""observed"",""price"":""observed"",""original_price"":""unavailable"",""campaigns"":""observed"",""stock_status"":""observed"",""stock_signal"":""observed"",""rating"":""unavailable"",""rating_count"":""unavailable"",""review_count"":""unavailable"",""question_count"":""unavailable"",""delivery_summary"":""observed"",""shipping_cost"":""unavailable"",""properties"":""observed""}",true,
2026-08-21,2026-08-21T09:00:50+03:00,çocuk,BEST_SELLER,genel-cocuk,çocuk,138,10,138,138,,cocuk:genel-cocuk,138,,21.5,8.5,2139992,111781,2139992:111781,Fisher Price Eğitici Hikaye Kitabı Türkçe Frc73,Fisher Price,Bebek & Aktivite Oyuncakları,https://www.trendyol.com/fisher-price/egitici-hikaye-kitabi-turkce-frc73-p-2139992?boutiqueId=61&merchantId=111781,Toyzz Shop,83,879,,,12.1,TRY,"[""Kargo Bedava""]",InStock,100 adetten fazla stok sunulmuştur,,,,,4.7,896,482,3,83,385 kişinin sepetinde,"46,2B kişi favoriledi",Son 24 saatte 726 kişi görüntüledi,4999,TRY,0,1,1,4,Tahmini Teslim:,En Çok Ziyaret Edilen 4. Ürün,https://cdn.dsmcdn.com/ty1139/product/media/images/prod/SPM/PIM/20240117/12/d450e527-548f-3de5-b9db-abf5e8ff3f5c/1_org_zoom.jpg,"{""Paket İçeriği"":""Belirtilmemiş"",""Yükseklik"":""28 cm"",""Genişlik"":""28 cm"",""Derinlik"":""28 cm"",""Yaş"":""1+ Yaş"",""Dil"":""Türkçe"",""Pil ile mi çalışır?"":""Evet"",""Piller Kutuya Dahil Mi?"":""Evet"",""Menşei"":""CN""}",20,5,refreshed,"[""daily_top""]",true,2026-08-21T09:00:50+03:00,0,"[""search_result_dom"",""product_detail_jsonld"",""product_detail_dom""]","{""title"":""observed"",""brand"":""observed"",""seller_name"":""observed"",""seller_score"":""observed"",""price"":""observed"",""original_price"":""unavailable"",""campaigns"":""observed"",""stock_status"":""observed"",""stock_signal"":""observed"",""rating"":""observed"",""rating_count"":""observed"",""review_count"":""observed"",""question_count"":""observed"",""delivery_summary"":""observed"",""shipping_cost"":""observed"",""properties"":""observed""}",true,
2026-08-21,2026-08-21T09:00:50+03:00,çocuk,BEST_SELLER,genel-cocuk,çocuk,139,10,139,139,5,cocuk:genel-cocuk,139,,25.8,9.7,471735660,624822,471735660:624822,My Kids Wear Çizgi Film Desenli Fermuarlı Boneli Erkek Çocuk Mayo Takımı,My Kids Wear,Mayo,https://www.trendyol.com/my-kids-wear/cizgi-film-desenli-fermuarli-boneli-erkek-cocuk-mayo-takimi-p-471735660?boutiqueId=61&merchantId=624822,My Kids Wear,,311,329,5.5,,TRY,"[""Son 10 Günün En Düşük Fiyatı"",""Kargo Bedava"",""Son 10 günün en düşük fiyatı""]",InStock,50 adetten fazla stok sunulmuştur,,,,,4.5,637,346,,55,537 kişinin sepetinde,"11,8B kişi favoriledi",,4999,TRY,0,1,1,4,14 saat 53 dakika içinde sipariş verirsen en geç yarın kargoda!,En Çok Satan 5. Ürün,https://cdn.dsmcdn.com/ty1715/prod/QC_ENRICHMENT/20250719/09/f62895ac-6b10-3c6e-a100-323fb4b86b06/1_org_zoom.jpg,"{""Materyal"":""Polyester Karışımlı"",""Kutu Durumu"":""Kutu yok"",""Sürdürülebilirlik Detayı"":""Hayır"",""Kalıp"":""Slim"",""Desen"":""Baskılı"",""Renk"":""Turuncu"",""Ürün Detayı"":""Fermuar"",""Ürün Tipi"":""Baskılı"",""Koleksiyon"":""Plaj Tekstil"",""Kap"":""Kapsız"",""Kumaş Tipi"":""Dokuma"",""Kol Boyu"":""Kısa"",""Siluet"":""Slim"",""Persona"":""Cool & Comfort"",""Dokuma Tipi"":""Dalgıç/Scuba"",""Materyal Bileşeni"":""90% Polyester, 10% Likralı"",""Alt Siluet"":""Slip"",""Ortam"":""Beachwear"",""Yıkama Talimatı"":""Type 1"",""Üst Siluet"":""Yuvarlak"",""Menşei"":""TR"",""Sezon"":""Yaz""}",20,5,refreshed,"[""daily_top""]",true,2026-08-21T09:00:50+03:00,0,"[""search_result_dom"",""product_detail_jsonld"",""product_detail_dom""]","{""title"":""observed"",""brand"":""observed"",""seller_name"":""observed"",""seller_score"":""unavailable"",""price"":""observed"",""original_price"":""observed"",""campaigns"":""observed"",""stock_status"":""observed"",""stock_signal"":""observed"",""rating"":""observed"",""rating_count"":""observed"",""review_count"":""observed"",""question_count"":""observed"",""delivery_summary"":""observed"",""shipping_cost"":""observed"",""properties"":""observed""}",true,
2026-08-21,2026-08-21T09:00:50+03:00,çocuk,BEST_SELLER,genel-cocuk,çocuk,140,10,140,140,7,cocuk:genel-cocuk,140,,8,22,1176548345,290479,1176548345:290479,Mai Perla Erkek Bebek Gökkuşağı Desenli 6 Parça 3 Set Fitilli Body Patikli Alt Takım 0-9 Ay,Mai Perla,,https://www.trendyol.com/mai-perla/erkek-bebek-gokkusagi-desenli-6-parca-3-set-fitilli-body-patikli-alt-takim-0-9-ay-p-1176548345?boutiqueId=61&merchantId=290479,Mai Perla,,517.5,,,,TRY,[],InStock,100 adetten fazla stok sunulmuştur,,,,,4.2,9,,,3,646 kişinin sepetinde,"1,8B kişi favoriledi","Son 24 saatte 1,1B kişi görüntüledi",,,0,,,,14 saat 53 dakika içinde sipariş verirsen en geç yarın kargoda!,En Çok Satan 7. Ürün,,{},0,,refreshed,"[""daily_top""]",true,2026-08-21T09:00:50+03:00,0,"[""search_result_dom"",""product_detail_jsonld"",""product_detail_dom""]","{""title"":""observed"",""brand"":""observed"",""seller_name"":""observed"",""seller_score"":""unavailable"",""price"":""observed"",""original_price"":""unavailable"",""campaigns"":""unavailable"",""stock_status"":""observed"",""stock_signal"":""observed"",""rating"":""observed"",""rating_count"":""observed"",""review_count"":""unavailable"",""question_count"":""observed"",""delivery_summary"":""observed"",""shipping_cost"":""unavailable"",""properties"":""observed""}",true,
2026-08-21,2026-08-21T09:00:50+03:00,çocuk,BEST_SELLER,genel-cocuk,çocuk,141,10,141,141,32,cocuk:genel-cocuk,141,,27.7,2.3,807302502,655506,807302502:655506,Lui Baby Anne Bebek Bakım Sırt Çantası Askı Aparatlı Ve Mommy Bag Omuz Çantası Anahtarlık Hediyeli 2'li Set,Lui Baby,,https://www.trendyol.com/lui-baby/anne-bebek-bakim-sirt-cantasi-aski-aparatli-ve-mommy-bag-omuz-cantasi-anahtarlik-hediyeli-2-li-set-p-807302502?boutiqueId=61&merchantId=655506,Lui Baby,,1176.02,,,,TRY,"[""Peşin Fiyatına 3 Taksit"",""Trendyol Plus'a Özel""]",InStock,100 adetten fazla stok sunulmuştur,,,,,4.6,2875,,,254,757 kişinin sepetinde,"62,7B kişi favoriledi",Son 24 saatte 795 kişi görüntüledi,,,0,,,,4 saat 53 dakika içinde sipariş verirsen en geç bugün kargoda!,,,{},0,,refreshed,"[""daily_top""]",true,2026-08-21T09:00:50+03:00,0,"[""search_result_dom"",""product_detail_jsonld"",""product_detail_dom""]","{""title"":""observed"",""brand"":""observed"",""seller_name"":""observed"",""seller_score"":""unavailable"",""price"":""observed"",""original_price"":""unavailable"",""campaigns"":""observed"",""stock_status"":""observed"",""stock_signal"":""observed"",""rating"":""observed"",""rating_count"":""observed"",""review_count"":""unavailable"",""question_count"":""observed"",""delivery_summary"":""observed"",""shipping_cost"":""unavailable"",""properties"":""observed""}",true,
2026-08-21,2026-08-21T09:00:50+03:00,çocuk,BEST_SELLER,genel-cocuk,çocuk,142,10,142,142,12,cocuk:genel-cocuk,142,-81,14.7,17.3,1140997213,131861,1140997213:131861,"Çantaland Kore Model 3’lü İlkokul Çanta Seti, Sırt Çantası + Beslenme Çantası + Kalemlik",Çantaland,,https://www.trendyol.com/cantaland/kore-model-3-lu-ilkokul-canta-seti-sirt-cantasi-beslenme-cantasi-kalemlik-p-1140997213?boutiqueId=61&merchantId=131861,Çantaland,95,1273.9,1299.9,2,-2,TRY,"[""Sepette %2 İndirim"",""Kargo Bedava"",""Peşin Fiyatına 3 Taksit"",""Trendyol Plus'a Özel""]",InStock,100 adetten fazla stok sunulmuştur,,,,,4.7,38,,0,22,"1,1B kişinin sepetinde","6,1B kişi favoriledi","Son 24 saatte 1,7B kişi görüntüledi",,,0,,,,4 saat 53 dakika içinde sipariş verirsen en geç bugün kargoda!,,,{},0,,refreshed,"[""daily_top"",""hot_change""]",true,2026-08-21T09:00:50+03:00,0,"[""search_result_dom"",""product_detail_jsonld"",""product_detail_dom""]","{""title"":""observed"",""brand"":""observed"",""seller_name"":""observed"",""seller_score"":""observed"",""price"":""observed"",""original_price"":""observed"",""campaigns"":""observed"",""stock_status"":""observed"",""stock_signal"":""observed"",""rating"":""observed"",""rating_count"":""observed"",""review_count"":""unavailable"",""question_count"":""observed"",""delivery_summary"":""observed"",""shipping_cost"":""unavailable"",""properties"":""observed""}",true,
2026-08-21,2026-08-21T09:00:50+03:00,çocuk,BEST_SELLER,genel-cocuk,çocuk,143,10,143,143,2,cocuk:genel-cocuk,143,39,18.7,11.3,826256271,109643,826256271:109643,Happy Toys MyClean DİNAZOR SUDA BÜYÜYEN 8 ADET DİNAZOR YUMURTASI,Happy Toys,Hayvan Figür Oyuncak,https://www.trendyol.com/happy-toys/myclean-dinazor-suda-buyuyen-8-adet-dinazor-yumurtasi-p-826256271?boutiqueId=61&merchantId=109643,Rüya Gezegeni,89,146.5,,,,TRY,"[""10 TL Kupon"",""Sepette %1 İndirim"",""Kargo Bedava"",""Son 10 Günün En Düşük Fiyatı""]",InStock,100 adetten fazla stok sunulmuştur,,,,,4.1,368,216,1,101,,,,4999,TRY,0,,1,4,14 saat 53 dakika içinde sipariş verirsen en geç yarın kargoda!,En Çok Satan 2. Ürün,https://cdn.dsmcdn.com/ty1739/prod/QC_ENRICHMENT/20250825/08/54906321-74d7-3d4f-979c-0f19f5a03851/1_org_zoom.jpg,"{""Paket İçeriği"":""8'li"",""Yaş"":""2+ Yaş"",""Pil ile mi çalışır?"":""Hayır"",""Piller Kutuya Dahil Mi?"":""Hayır"",""Menşei"":""TR""}",20,5,refreshed,"[""daily_top""]",true,2026-08-21T09:00:50+03:00,0,"[""search_result_dom"",""product_detail_jsonld"",""product_detail_dom""]","{""title"":""observed"",""brand"":""observed"",""seller_name"":""observed"",""seller_score"":""observed"",""price"":""observed"",""original_price"":""unavailable"",""campaigns"":""observed"",""stock_status"":""observed"",""stock_signal"":""observed"",""rating"":""observed"",""rating_count"":""observed"",""review_count"":""observed"",""question_count"":""observed"",""delivery_summary"":""observed"",""shipping_cost"":""observed"",""properties"":""observed""}",true,
2026-08-21,2026-08-21T09:00:50+03:00,çocuk,BEST_SELLER,genel-cocuk,çocuk,144,10,144,144,,cocuk:genel-cocuk,144,9,25.3,7.6,4713220,565865,4713220:565865,Agarta Doğal Erkek Bebek/çocuklarına Özel Şampuan 400 ml,Agarta,Şampuan,https://www.trendyol.com/agarta/dogal-erkek-bebek-cocuklarina-ozel-sampuan-400-ml-p-4713220?boutiqueId=61&merchantId=565865,AGARTA BİTKİSEL KOZMETİK,94,165,170,2.9,-2.9,TRY,"[""Son 10 Günün En Düşük Fiyatı"",""Sepette %1 İndirim"",""Kargo Bedava"",""Son 10 günün en düşük fiyatı""]",InStock,100 adetten fazla stok sunulmuştur,,,,,4.6,1149,626,2,,,,,4999,TRY,0,,1,4,1 saat 53 dakika içinde sipariş verirsen en geç bugün kargoda!,En Çok Favorilenen 2. Ürün,https://cdn.dsmcdn.com/ty1607/prod/QC/20241126/15/d6598261-6fc0-3454-9bbd-756668998d63/1_org_zoom.jpg,"{""Etki"":""Besleyici / Onarıcı"",""Hacim"":""400 ml"",""Saç Tipi"":""Tüm Saç Tipleri"",""Menşei"":""TR"",""Refill"":""Hayır""}",20,5,refreshed,"[""daily_top""]",true,2026-08-21T09:00:50+03:00,0,"[""search_result_dom"",""product_detail_jsonld"",""product_detail_dom""]","{""title"":""observed"",""brand"":""observed"",""seller_name"":""observed"",""seller_score"":""observed"",""price"":""observed"",""original_price"":""observed"",""campaigns"":""observed"",""stock_status"":""observed"",""stock_signal"":""observed"",""rating"":""observed"",""rating_count"":""observed"",""review_count"":""observed"",""question_count"":""unavailable"",""delivery_summary"":""observed"",""shipping_cost"":""observed"",""properties"":""observed""}",true,
2026-08-21,2026-08-21T09:00:50+03:00,çocuk,BEST_SELLER,genel-cocuk,çocuk,145,11,145,145,1,cocuk:genel-cocuk,145,-13,24.5,8.5,4128440,815717,4128440:815717,Intex 3 Boğumlu Sunset Bebek Havuz 86*25cm 58924,Intex,Şişme Çocuk Havuzu & Aksesuarı,https://www.trendyol.com/intex/3-bogumlu-sunset-bebek-havuz-86-25cm-58924-p-4128440?boutiqueId=61&merchantId=815717,KOLAY TİCARET,89,314.28,324,3,,TRY,"[""Sepette %3 İndirim"",""Kargo Bedava""]",InStock,Son 3 Ürün,,,,,4.6,1007,487,0,168,"1,3B kişinin sepetinde","30,1B kişi favoriledi",Son 24 saatte 612 kişi görüntüledi,4999,TRY,0,1,1,4,14 saat 53 dakika içinde sipariş verirsen en geç yarın kargoda!,En Çok Satan 1. Ürün,https://cdn.dsmcdn.com/ty1639/prod/QC/20250219/09/2bb19103-5a67-344c-96bb-75f59b2908bc/1_org_zoom.jpg,"{""Genişlik"":""86 cm"",""Derinlik"":""86 cm"",""Yükseklik"":""86 cm"",""Paket İçeriği"":""1'li"",""Pompa Durumu"":""Pompa dahil değildir"",""Yaş"":""1+ Yaş"",""Menşei"":""TR"",""Renk"":""Beyaz""}",20,5,refreshed,"[""daily_top""]",true,2026-08-21T09:00:50+03:00,0,"[""search_result_dom"",""product_detail_jsonld"",""product_detail_dom""]","{""title"":""observed"",""brand"":""observed"",""seller_name"":""observed"",""seller_score"":""observed"",""price"":""observed"",""original_price"":""observed"",""campaigns"":""observed"",""stock_status"":""observed"",""stock_signal"":""observed"",""rating"":""observed"",""rating_count"":""observed"",""review_count"":""observed"",""question_count"":""observed"",""delivery_summary"":""observed"",""shipping_cost"":""observed"",""properties"":""observed""}",true,
2026-08-21,2026-08-21T09:00:50+03:00,çocuk,BEST_SELLER,genel-cocuk,çocuk,146,11,146,146,5,cocuk:genel-cocuk,146,-35,22.9,7.1,672028176,1163586,672028176:1163586,Scooter Magic Wheels Işıklı 3 Tekerlekli Twist Çocuk,Scooter,,https://www.trendyol.com/scooter/magic-wheels-isikli-3-tekerlekli-twist-cocuk-p-672028176?boutiqueId=61&merchantId=1163586,TOYZİTOYS OYUNCAK,86,889,,,0,TRY,"[""Kargo Bedava""]",InStock,100 adetten fazla stok sunulmuştur,,,,,3.9,724,,0,281,1B kişinin sepetinde,"18,3B kişi favoriledi",Son 24 saatte 703 kişi görüntüledi,,,0,,,,14 saat 53 dakika içinde sipariş verirsen en geç yarın kargoda!,En Çok Satan 5. Ürün,,{},0,,refreshed,"[""daily_top""]",true,2026-08-21T09:00:50+03:00,0,"[""search_result_dom"",""product_detail_jsonld"",""product_detail_dom""]","{""title"":""observed"",""brand"":""observed"",""seller_name"":""observed"",""seller_score"":""observed"",""price"":""observed"",""original_price"":""unavailable"",""campaigns"":""observed"",""stock_status"":""observed"",""stock_signal"":""observed"",""rating"":""observed"",""rating_count"":""observed"",""review_count"":""unavailable"",""question_count"":""observed"",""delivery_summary"":""observed"",""shipping_cost"":""unavailable"",""properties"":""observed""}",true,
2026-08-21,2026-08-21T09:00:50+03:00,çocuk,BEST_SELLER,genel-cocuk,çocuk,147,11,147,147,4,cocuk:genel-cocuk,147,-27,26,4,651690043,789312,651690043:789312,"kubbe Anakucağı Cepli Bebek Taşıma Şalı, Bebek Askısı Sling",kubbe,,https://www.trendyol.com/kubbe/anakucagi-cepli-bebek-tasima-sali-bebek-askisi-sling-p-651690043?boutiqueId=61&merchantId=789312,kubbe,,599.9,,,0,TRY,"[""Kargo Bedava"",""Trendyol Plus'a Özel""]",InStock,100 adetten fazla stok sunulmuştur,,,,,4.3,1780,,0,239,711 kişinin sepetinde,"60,3B kişi favoriledi","Son 24 saatte 1,2B kişi görüntüledi",,,0,,,,3 saat 53 dakika içinde sipariş verirsen en geç bugün kargoda!,En Çok Ziyaret Edilen 2. Ürün,,{},0,,refreshed,"[""daily_top""]",true,2026-08-21T09:00:50+03:00,0,"[""search_result_dom"",""product_detail_jsonld"",""product_detail_dom""]","{""title"":""observed"",""brand"":""observed"",""seller_name"":""observed"",""seller_score"":""unavailable"",""price"":""observed"",""original_price"":""unavailable"",""campaigns"":""observed"",""stock_status"":""observed"",""stock_signal"":""observed"",""rating"":""observed"",""rating_count"":""observed"",""review_count"":""unavailable"",""question_count"":""observed"",""delivery_summary"":""observed"",""shipping_cost"":""unavailable"",""properties"":""observed""}",true,
2026-08-21,2026-08-21T09:00:50+03:00,çocuk,BEST_SELLER,genel-cocuk,çocuk,148,11,148,148,,cocuk:genel-cocuk,148,,11.8,18.2,1018268065,107400,1018268065:107400,Wia Game Erkek Çocuk Çanta Seti SW029,Wia,Okul Çantası,https://www.trendyol.com/wia/game-erkek-cocuk-canta-seti-sw029-p-1018268065?boutiqueId=61&merchantId=107400,CambridgePoloClub,9,1589.32,,,,TRY,"[""Kargo Bedava"",""Peşin Fiyatına 3 Taksit"",""Trendyol Plus'a Özel""]",InStock,100 adetten fazla stok sunulmuştur,,,,,4.7,65,29,,4,901 kişinin sepetinde,"5,4B kişi favoriledi","Son 24 saatte 3,9B kişi görüntüledi",4999,TRY,0,1,1,4,14 saat 52 dakika içinde sipariş verirsen en geç yarın kargoda!,,https://cdn.dsmcdn.com/ty1768/prod/QC_PREP/20251008/20/bdc6c17f-5ef4-36d0-a921-d5553317108f/1_org_zoom.jpg,"{""Materyal"":""Kumaş"",""Tip"":""Sırt Çantası"",""Renk"":""Siyah"",""Materyal Bileşeni"":""Tekstil"",""Yıkama Talimatı"":""T31"",""Desen"":""Renkli"",""Deri Kalitesi"":""Parça Mevcut Değil"",""Kumaş Tipi"":""Belirtilmemiş"",""Koleksiyon"":""Old Skool"",""Sürdürülebilirlik Detayı"":""Hayır"",""Kapasite"":""0,30 L"",""Ortam"":""Back to School"",""Menşei"":""TR""}",20,5,refreshed,"[""daily_top""]",true,2026-08-21T09:00:50+03:00,0,"[""search_result_dom"",""product_detail_jsonld"",""product_detail_dom""]","{""title"":""observed"",""brand"":""observed"",""seller_name"":""observed"",""seller_score"":""observed"",""price"":""observed"",""original_price"":""unavailable"",""campaigns"":""observed"",""stock_status"":""observed"",""stock_signal"":""observed"",""rating"":""observed"",""rating_count"":""observed"",""review_count"":""observed"",""question_count"":""observed"",""delivery_summary"":""observed"",""shipping_cost"":""observed"",""properties"":""observed""}",true,
2026-08-21,2026-08-21T09:00:50+03:00,çocuk,BEST_SELLER,genel-cocuk,çocuk,149,11,149,149,,cocuk:genel-cocuk,149,-19,56.5,13.5,814515794,1188,814515794:1188,Defacto %100 Pamuk Beli Lastikli Kargo Cepli Şort Erkek Çocuk B5868A824HS,Defacto,,https://www.trendyol.com/defacto/100-pamuk-beli-lastikli-kargo-cepli-sort-erkek-cocuk-b5868a824hs-p-814515794?boutiqueId=61&merchantId=1188,DeFacto,87,299.99,499.99,40,0,TRY,"[""Sepette %40 İndirim"",""Süper Fırsat Ürünü"",""Kargo Bedava""]",InStock,100 adetten fazla stok sunulmuştur,,,,,4.7,113,,0,3,434 kişinin sepetinde,"1,8B kişi favoriledi",,,,0,,,,Tahmini Teslim:,,,{},0,,refreshed,"[""daily_top""]",true,2026-08-21T09:00:50+03:00,0,"[""search_result_dom"",""product_detail_jsonld"",""product_detail_dom""]","{""title"":""observed"",""brand"":""observed"",""seller_name"":""observed"",""seller_score"":""observed"",""price"":""observed"",""original_price"":""observed"",""campaigns"":""observed"",""stock_status"":""observed"",""stock_signal"":""observed"",""rating"":""observed"",""rating_count"":""observed"",""review_count"":""unavailable"",""question_count"":""observed"",""delivery_summary"":""observed"",""shipping_cost"":""unavailable"",""properties"":""observed""}",true,
2026-08-21,2026-08-21T09:00:50+03:00,çocuk,BEST_SELLER,genel-cocuk,çocuk,150,11,150,150,,cocuk:genel-cocuk,150,,14.2,20.8,1157415951,1048417,1157415951:1048417,ADİL OYUNCAK 2 Adet Araba Eklentisi Manyetik Oyuncak - Mıknatıslı Manyetik Bloklar,ADİL OYUNCAK,Eğitici Oyuncak,https://www.trendyol.com/adil-oyuncak/2-adet-araba-eklentisi-manyetik-oyuncak-miknatisli-manyetik-bloklar-p-1157415951?boutiqueId=61&merchantId=1048417,KÜRE EKSPRES,83,274.55,289,5,7.7,TRY,"[""Sepette %5 İndirim"",""Kargo Bedava""]",InStock,100 adetten fazla stok sunulmuştur,,,,,4.6,23,13,1,3,515 kişinin sepetinde,871 kişi favoriledi,Son 24 saatte 427 kişi görüntüledi,4999,TRY,0,1,1,4,14 saat 52 dakika içinde sipariş verirsen en geç yarın kargoda!,,https://cdn.dsmcdn.com/ty1895/prod/QC_PREP/20260617/13/8aef0c54-f58f-315c-b22d-023807cc4f47/1_org_zoom.jpg,"{""Paket İçeriği"":""2'li"",""Yaş"":""3+ Yaş"",""Piller Kutuya Dahil Mi?"":""Hayır"",""Dil"":""Evrensel Dil"",""Pil ile mi çalışır?"":""Hayır"",""Menşei"":""TR""}",13,4.31,refreshed,"[""daily_top"",""hot_change""]",true,2026-08-21T09:00:50+03:00,0,"[""search_result_dom"",""product_detail_jsonld"",""product_detail_dom""]","{""title"":""observed"",""brand"":""observed"",""seller_name"":""observed"",""seller_score"":""observed"",""price"":""observed"",""original_price"":""observed"",""campaigns"":""observed"",""stock_status"":""observed"",""stock_signal"":""observed"",""rating"":""observed"",""rating_count"":""observed"",""review_count"":""observed"",""question_count"":""observed"",""delivery_summary"":""observed"",""shipping_cost"":""observed"",""properties"":""observed""}",true,
2026-08-21,2026-08-21T09:00:50+03:00,çocuk,BEST_SELLER,genel-cocuk,çocuk,151,11,151,151,3,cocuk:genel-cocuk,151,26,25,5,967196661,164806,967196661:164806,Livenzi Movibaby Hareket Sensörlü Otomatik Ana Kucağı-Grey,Livenzi,,https://www.trendyol.com/livenzi/movibaby-hareket-sensorlu-otomatik-ana-kucagi-grey-p-967196661?boutiqueId=61&merchantId=164806,indirgetir,94,2599,,,0,TRY,"[""Kargo Bedava"",""Peşin Fiyatına 3 Taksit""]",InStock,100 adetten fazla stok sunulmuştur,,,,,4.6,1348,,0,353,"1,7B kişinin sepetinde","31,3B kişi favoriledi","Son 24 saatte 1,5B kişi görüntüledi",,,0,,,,5 saat 52 dakika içinde sipariş verirsen en geç bugün kargoda!,En Çok Satan 3. Ürün,,{},0,,refreshed,"[""daily_top""]",true,2026-08-21T09:00:50+03:00,0,"[""search_result_dom"",""product_detail_jsonld"",""product_detail_dom""]","{""title"":""observed"",""brand"":""observed"",""seller_name"":""observed"",""seller_score"":""observed"",""price"":""observed"",""original_price"":""unavailable"",""campaigns"":""observed"",""stock_status"":""observed"",""stock_signal"":""observed"",""rating"":""observed"",""rating_count"":""observed"",""review_count"":""unavailable"",""question_count"":""observed"",""delivery_summary"":""observed"",""shipping_cost"":""unavailable"",""properties"":""observed""}",true,
2026-08-21,2026-08-21T09:00:50+03:00,çocuk,BEST_SELLER,genel-cocuk,çocuk,152,11,152,152,10,cocuk:genel-cocuk,152,,32.1,7.9,111713550,153297,111713550:153297,Molmini Plus Bel & Sırt Destekli 4-12 KG Ergonomik Kanguru Çok Yönlü Ayarlanabilir GRİ,Molmini,Portbebe Kanguru Sling,https://www.trendyol.com/molmini/plus-bel-sirt-destekli-4-12-kg-ergonomik-kanguru-cok-yonlu-ayarlanabilir-gri-p-111713550?boutiqueId=61&merchantId=153297,Opera Bebek,92,664.25,738.05,10,,TRY,"[""Kargo Bedava""]",InStock,100 adetten fazla stok sunulmuştur,,,,,4.4,1064,576,,267,556 kişinin sepetinde,"18,3B kişi favoriledi",Son 24 saatte 518 kişi görüntüledi,4999,TRY,0,,1,4,2 saat 52 dakika içinde sipariş verirsen en geç bugün kargoda!,,https://cdn.dsmcdn.com/ty1838/prod/QC_ENRICHMENT/20260312/10/e22dca1c-333e-37ba-aa30-b121aa0350d8/1_org_zoom.jpg,"{""Ayarlanabilir Baş Desteği"":""Var"",""Renk"":""Gri"",""Taşıma Kapasitesi"":""0-12 Kg"",""Garanti Süresi"":""2 Yıl"",""Menşei"":""TR"",""Yıkama Talimatı"":""* Taşıyıcıyı makinaya atarken tüm plastik kilitleri kapatmayı unutmayın. * 30 Derecede sadece deterjan kullanarak yıkayın. * 400 Devir sıkma uygulanabilir. * Kurutma makinası veya güneşte kurutmayın. *Ütü yapmayın. *Çok sık yıkamayın."",""Özellik"":""Ayarlanabilir""}",20,5,refreshed,"[""daily_top""]",true,2026-08-21T09:00:50+03:00,0,"[""search_result_dom"",""product_detail_jsonld"",""product_detail_dom""]","{""title"":""observed"",""brand"":""observed"",""seller_name"":""observed"",""seller_score"":""observed"",""price"":""observed"",""original_price"":""observed"",""campaigns"":""observed"",""stock_status"":""observed"",""stock_signal"":""observed"",""rating"":""observed"",""rating_count"":""observed"",""review_count"":""observed"",""question_count"":""observed"",""delivery_summary"":""observed"",""shipping_cost"":""observed"",""properties"":""observed""}",true,
2026-08-21,2026-08-21T09:00:50+03:00,çocuk,BEST_SELLER,genel-cocuk,çocuk,153,11,153,153,,cocuk:genel-cocuk,153,45,11,19,1141368445,1056547,1141368445:1056547,papermoods Eğlenceli ve Eğitici Tuvalet Eğitimi Sticker Panosu - Sevimli Sticker,papermoods,Eğitici Oyuncak,https://www.trendyol.com/papermoods/eglenceli-ve-egitici-tuvalet-egitimi-sticker-panosu-sevimli-sticker-p-1141368445?boutiqueId=61&merchantId=1056547,papermoods,96,169.9,,,0,TRY,"[""Kargo Bedava""]",InStock,100 adetten fazla stok sunulmuştur,,,,,4.5,50,23,0,5,542 kişinin sepetinde,"6,8B kişi favoriledi",Son 24 saatte 330 kişi görüntüledi,4999,TRY,0,1,1,4,14 saat 52 dakika içinde sipariş verirsen en geç yarın kargoda!,,https://cdn.dsmcdn.com/ty1895/prod/QC_ENRICHMENT/20260609/19/c3cf5177-f2e5-3333-8204-7677cb5c5169/1_org_zoom.jpg,"{""Paket İçeriği"":""72'li"",""Yaş"":""2+ Yaş"",""Piller Kutuya Dahil Mi?"":""Hayır"",""Dil"":""Evrensel Dil"",""Pil ile mi çalışır?"":""Hayır"",""Menşei"":""TR""}",20,4.8,refreshed,"[""daily_top""]",true,2026-08-21T09:00:50+03:00,0,"[""search_result_dom"",""product_detail_jsonld"",""product_detail_dom""]","{""title"":""observed"",""brand"":""observed"",""seller_name"":""observed"",""seller_score"":""observed"",""price"":""observed"",""original_price"":""unavailable"",""campaigns"":""observed"",""stock_status"":""observed"",""stock_signal"":""observed"",""rating"":""observed"",""rating_count"":""observed"",""review_count"":""observed"",""question_count"":""observed"",""delivery_summary"":""observed"",""shipping_cost"":""observed"",""properties"":""observed""}",true,
2026-08-21,2026-08-21T09:00:50+03:00,çocuk,BEST_SELLER,genel-cocuk,çocuk,154,11,154,154,5,cocuk:genel-cocuk,154,34,16.4,13.6,988493414,109032,988493414:109032,balody Fanuslu Çiçek Serisi – Hibiskus Yapı Bloğu Seti (543 Parça),balody,Yapı Oyuncakları,https://www.trendyol.com/balody/fanuslu-cicek-serisi-hibiskus-yapi-blogu-seti-543-parca-p-988493414?boutiqueId=61&merchantId=109032,Touchie Co.,95,649,,,0,TRY,"[""Kargo Bedava""]",InStock,100 adetten fazla stok sunulmuştur,,,,,4.8,244,112,0,19,1B kişinin sepetinde,"24,2B kişi favoriledi",Son 24 saatte 907 kişi görüntüledi,4999,TRY,0,,1,4,4 saat 52 dakika içinde sipariş verirsen en geç bugün kargoda!,En Çok Satan 5. Ürün,https://cdn.dsmcdn.com/ty1757/prod/QC_ENRICHMENT/20250918/10/b8cabc5b-fd6e-38be-ae5f-40102ede093c/1_org_zoom.jpg,"{""Parça Sayısı"":""543"",""Yaş"":""12+ Yaş"",""Menşei"":""CN"",""Ürün Uyarıları (Oyuncak)"":""3 Yaşından küçük çocuklar için uygun değildir. Boğulma tehlikesi!""}",20,5,refreshed,"[""daily_top"",""hot_change""]",true,2026-08-21T09:00:50+03:00,0,"[""search_result_dom"",""product_detail_jsonld"",""product_detail_dom""]","{""title"":""observed"",""brand"":""observed"",""seller_name"":""observed"",""seller_score"":""observed"",""price"":""observed"",""original_price"":""unavailable"",""campaigns"":""observed"",""stock_status"":""observed"",""stock_signal"":""observed"",""rating"":""observed"",""rating_count"":""observed"",""review_count"":""observed"",""question_count"":""observed"",""delivery_summary"":""observed"",""shipping_cost"":""observed"",""properties"":""observed""}",true,
2026-08-21,2026-08-21T09:00:50+03:00,çocuk,BEST_SELLER,genel-cocuk,çocuk,155,11,155,155,4,cocuk:genel-cocuk,155,,16.6,13.4,888377199,343193,888377199:343193,Cigit Baskılı Tulum 0-3 Yaş Antrasit,Cigit,Tulum,https://www.trendyol.com/cigit/baskili-tulum-0-3-yas-antrasit-p-888377199?boutiqueId=61&merchantId=343193,CİGİT CONCEPT,9,474.05,,,,TRY,"[""Kargo Bedava"",""Trendyol Plus'a Özel""]",InStock,10 adetten fazla stok sunulmuştur,,,,,4.8,282,118,,27,,,,4999,TRY,0,1,1,4,14 saat 52 dakika içinde sipariş verirsen en geç yarın kargoda!,En Çok Satan 4. Ürün,https://cdn.dsmcdn.com/ty1834/prod/QC_ENRICHMENT/20260306/10/da38b9fb-95b7-302d-aa98-8380f25bdef9/1_org_zoom.jpg,"{""Kol Tipi"":""Uzun Kol"",""Kalıp"":""Regular"",""Kumaş Tipi"":""Dokuma"",""Renk"":""Gri"",""Materyal"":""Pamuklu"",""Yaka Tipi"":""Bisiklet Yaka"",""Desen"":""Baskılı"",""Kol Boyu"":""Uzun"",""Ürün Tipi"":""Baskılı"",""Boy"":""Standart"",""Yıkama Talimatı"":""Type 1"",""Menşei"":""TR""}",20,5,refreshed,"[""daily_top""]",true,2026-08-21T09:00:50+03:00,0,"[""search_result_dom"",""product_detail_jsonld"",""product_detail_dom""]","{""title"":""observed"",""brand"":""observed"",""seller_name"":""observed"",""seller_score"":""observed"",""price"":""observed"",""original_price"":""unavailable"",""campaigns"":""observed"",""stock_status"":""observed"",""stock_signal"":""observed"",""rating"":""observed"",""rating_count"":""observed"",""review_count"":""observed"",""question_count"":""observed"",""delivery_summary"":""observed"",""shipping_cost"":""observed"",""properties"":""observed""}",true,
2026-08-21,2026-08-21T09:00:50+03:00,çocuk,BEST_SELLER,genel-cocuk,çocuk,156,11,156,156,,cocuk:genel-cocuk,156,,14.8,25.2,1176666459,397045,1176666459:397045,HAK İŞ OYUNCAK 72 Parça Manyetik Yapı Blokları | Eğitici Mıknatıslı İnşa Oyuncağı | 3+ Yaş Çocuk Gelişim Oyuncağı,HAK İŞ OYUNCAK,Eğitici Oyuncak,https://www.trendyol.com/hak-is-oyuncak/72-parca-manyetik-yapi-bloklari-egitici-miknatisli-insa-oyuncagi-3-yas-cocuk-gelisim-oyuncagi-p-1176666459?boutiqueId=61&merchantId=397045,jetlegelsin,89,1296,1440,10,0,TRY,"[""25 TL Kupon"",""Kargo Bedava"",""Peşin Fiyatına 3 Taksit""]",InStock,100 adetten fazla stok sunulmuştur,,,,,5,4,3,1,7,300 kişinin sepetinde,1B kişi favoriledi,Son 24 saatte 503 kişi görüntüledi,4999,TRY,0,1,1,4,14 saat 52 dakika içinde sipariş verirsen en geç yarın kargoda!,,https://cdn.dsmcdn.com/ty1903/prod/QC_PREP/20260728/11/a58900bb-c894-3863-ba2b-c3d4b111e1f3/1_org_zoom.jpg,"{""Paket İçeriği"":""72'li"",""Yaş"":""3+ Yaş"",""Piller Kutuya Dahil Mi?"":""Hayır"",""Dil"":""Türkçe"",""Pil ile mi çalışır?"":""Hayır"",""Menşei"":""CN""}",3,5,refreshed,"[""daily_top""]",true,2026-08-21T09:00:50+03:00,0,"[""search_result_dom"",""product_detail_jsonld"",""product_detail_dom""]","{""title"":""observed"",""brand"":""observed"",""seller_name"":""observed"",""seller_score"":""observed"",""price"":""observed"",""original_price"":""observed"",""campaigns"":""observed"",""stock_status"":""observed"",""stock_signal"":""observed"",""rating"":""observed"",""rating_count"":""observed"",""review_count"":""observed"",""question_count"":""observed"",""delivery_summary"":""observed"",""shipping_cost"":""observed"",""properties"":""observed""}",true,
2026-08-21,2026-08-21T09:00:50+03:00,çocuk,BEST_SELLER,genel-cocuk,çocuk,157,11,157,157,1,cocuk:genel-cocuk,157,,6.2,23.8,961083172,1188,961083172:1188,Defacto %100 Pamuk Esnek Belli Gabardin Şort Etek Kız Çocuk A1927A825AU,Defacto,Etek,https://www.trendyol.com/defacto/100-pamuk-esnek-belli-gabardin-sort-etek-kiz-cocuk-a1927a825au-p-961083172?boutiqueId=61&merchantId=1188,DeFacto,87,599.99,,,,TRY,[],InStock,10 adetten fazla stok sunulmuştur,,,,,4.6,33,5,,13,539 kişinin sepetinde,"1,4B kişi favoriledi",Son 24 saatte 340 kişi görüntüledi,4999,TRY,0,4,1,7,Tahmini Teslim:,En Çok Satan 1. Ürün,https://cdn.dsmcdn.com/ty1838/prod/QC_ENRICHMENT/20260312/01/377363ec-92d6-3ec7-af1c-f17220f1b860/1_org_zoom.jpg,"{""Materyal"":""Pamuk"",""Kutu Durumu"":""Kutu yok"",""Kumaş Tipi"":""Dokuma"",""Desen"":""Düz"",""Renk"":""Lacivert"",""Ürün Tipi"":""Düz"",""Cep"":""Cepsiz"",""Astar Durumu"":""Astarsız"",""Boy"":""Normal Boy"",""Siluet"":""A-line"",""Ortam"":""Back to School"",""Kalıp"":""Regular"",""Dokuma Tipi"":""Gabardin"",""Sürdürülebilirlik Detayı"":""Hayır"",""Kemer/Kuşak Durumu"":""Kemersiz"",""Bel"":""Normal Bel"",""Yıkama Talimatı"":""Type 1"",""Menşei"":""BD""}",5,4,refreshed,"[""daily_top""]",true,2026-08-21T09:00:50+03:00,0,"[""search_result_dom"",""product_detail_jsonld"",""product_detail_dom""]","{""title"":""observed"",""brand"":""observed"",""seller_name"":""observed"",""seller_score"":""observed"",""price"":""observed"",""original_price"":""unavailable"",""campaigns"":""unavailable"",""stock_status"":""observed"",""stock_signal"":""observed"",""rating"":""observed"",""rating_count"":""observed"",""review_count"":""observed"",""question_count"":""observed"",""delivery_summary"":""observed"",""shipping_cost"":""observed"",""properties"":""observed""}",true,
2026-08-21,2026-08-21T09:00:50+03:00,çocuk,BEST_SELLER,genel-cocuk,çocuk,158,11,158,158,1,cocuk:genel-cocuk,158,-56,19.1,10.9,1109598552,1049125,1109598552:1049125,Şenay KIZ ÇOCUK BASKILI ATLET BOXER TAKIM 5 li EKONOMİK PAKET %100 PAMUK,Şenay,,https://www.trendyol.com/senay/kiz-cocuk-baskili-atlet-boxer-takim-5-li-ekonomik-paket-100-pamuk-p-1109598552?boutiqueId=61&merchantId=1049125,ŞENAY UNDERWEAR,89,599,,,1,TRY,"[""Sepette %1 İndirim"",""Kargo Bedava"",""Trendyol Plus'a Özel""]",InStock,100 adetten fazla stok sunulmuştur,,,,,4.5,240,,0,37,912 kişinin sepetinde,"4,3B kişi favoriledi",Son 24 saatte 382 kişi görüntüledi,,,0,,,,1 saat 52 dakika içinde sipariş verirsen en geç bugün kargoda!,En Çok Satan 1. Ürün,,{},0,,refreshed,"[""daily_top"",""hot_change""]",true,2026-08-21T09:00:50+03:00,0,"[""search_result_dom"",""product_detail_jsonld"",""product_detail_dom""]","{""title"":""observed"",""brand"":""observed"",""seller_name"":""observed"",""seller_score"":""observed"",""price"":""observed"",""original_price"":""unavailable"",""campaigns"":""observed"",""stock_status"":""observed"",""stock_signal"":""observed"",""rating"":""observed"",""rating_count"":""observed"",""review_count"":""unavailable"",""question_count"":""observed"",""delivery_summary"":""observed"",""shipping_cost"":""unavailable"",""properties"":""observed""}",true,
2026-08-21,2026-08-21T09:00:50+03:00,çocuk,BEST_SELLER,genel-cocuk,çocuk,159,11,159,159,3,cocuk:genel-cocuk,159,-41,21.7,8.3,309485054,415082,309485054:415082,MutluBiDünya Lily Kalın Ipli Saç Süsleme Ipi Saç Ipi 8 Adet,MutluBiDünya,,https://www.trendyol.com/mutlubidunya/lily-kalin-ipli-sac-susleme-ipi-sac-ipi-8-adet-p-309485054?boutiqueId=61&merchantId=415082,MutluBiDünya,,67.63,,,-9.8,TRY,"[""Kargo Bedava""]",InStock,100 adetten fazla stok sunulmuştur,,,,,4.6,519,,0,38,475 kişinin sepetinde,"18,8B kişi favoriledi",Son 24 saatte 313 kişi görüntüledi,,,0,,,,14 saat 52 dakika içinde sipariş verirsen en geç yarın kargoda!,,,{},0,,refreshed,"[""daily_top""]",true,2026-08-21T09:00:50+03:00,0,"[""search_result_dom"",""product_detail_jsonld"",""product_detail_dom""]","{""title"":""observed"",""brand"":""observed"",""seller_name"":""observed"",""seller_score"":""unavailable"",""price"":""observed"",""original_price"":""unavailable"",""campaigns"":""observed"",""stock_status"":""observed"",""stock_signal"":""observed"",""rating"":""observed"",""rating_count"":""observed"",""review_count"":""unavailable"",""question_count"":""observed"",""delivery_summary"":""observed"",""shipping_cost"":""unavailable"",""properties"":""observed""}",true,
2026-08-21,2026-08-21T09:00:50+03:00,çocuk,BEST_SELLER,genel-cocuk,çocuk,160,11,160,160,,cocuk:genel-cocuk,160,,37.3,8.8,454579333,117754,454579333:117754,Tutku Kız Çocuk Beyaz Ip Askılı Işlemeli Atlet 6'lı,Tutku,Atlet,https://www.trendyol.com/tutku/kiz-cocuk-beyaz-ip-askili-islemeli-atlet-6-li-p-454579333?boutiqueId=61&merchantId=117754,Westicgiyim,89,249.9,298,16.1,,TRY,"[""Son 10 Günün En Düşük Fiyatı"",""Süper Fırsat Ürünü"",""Sepette %10 İndirim"",""Kargo Bedava"",""Son 10 günün en düşük fiyatı""]",InStock,100 adetten fazla stok sunulmuştur,,,,,4.4,971,451,,171,613 kişinin sepetinde,"8,4B kişi favoriledi",Son 24 saatte 380 kişi görüntüledi,4999,TRY,0,,1,4,14 saat 52 dakika içinde sipariş verirsen en geç yarın kargoda!,,https://cdn.dsmcdn.com/ty1486/product/media/images/prod/QC/20240818/13/884fbf7c-cdb8-3e2b-b8e0-099f58615296/1_org_zoom.jpg,"{""Sezon"":""Tüm Sezonlar"",""Kol Tipi"":""Askılı"",""Yaka Tipi"":""Bisiklet Yaka"",""Materyal"":""%100 Pamuk"",""Renk"":""Beyaz"",""Paket İçeriği"":""6'lı"",""Desen"":""Düz"",""Ürün Detayı"":""Karyoka Dikişi"",""Ürün Tipi"":""Düz"",""Kalıp"":""Regular"",""Kol Boyu"":""Askılı"",""Koleksiyon"":""Lisanslı"",""Kumaş Tipi"":""Dokuma"",""Ek Özellik"":""Yıkamalı"",""Dokuma Tipi"":""Ribana/Kaşkorse"",""Siluet"":""Basic"",""Persona"":""Fashion Forward"",""Baskı/Nakış Tekniği"":""Nakış"",""Ortam"":""Homewear"",""Sürdürülebilirlik Detayı"":""Hayır"",""Boy"":""Regular"",""Materyal Bileşeni"":""100% Pamuk"",""Yıkama Talimatı"":""T100"",""Menşei"":""TR""}",20,5,refreshed,"[""daily_top""]",true,2026-08-21T09:00:50+03:00,0,"[""search_result_dom"",""product_detail_jsonld"",""product_detail_dom""]","{""title"":""observed"",""brand"":""observed"",""seller_name"":""observed"",""seller_score"":""observed"",""price"":""observed"",""original_price"":""observed"",""campaigns"":""observed"",""stock_status"":""observed"",""stock_signal"":""observed"",""rating"":""observed"",""rating_count"":""observed"",""review_count"":""observed"",""question_count"":""observed"",""delivery_summary"":""observed"",""shipping_cost"":""observed"",""properties"":""observed""}",true,
2026-08-21,2026-08-21T09:00:50+03:00,çocuk,BEST_SELLER,genel-cocuk,çocuk,161,11,161,161,,cocuk:genel-cocuk,161,8,46.6,3.4,639245193,1127325,639245193:1127325,"Circle Toys Su Oyun Matı , Tummy Time (TEST RAPORLU)",Circle Toys,Bebek & Aktivite Oyuncakları,https://www.trendyol.com/circle-toys/su-oyun-mati-tummy-time-test-raporlu-p-639245193?boutiqueId=61&merchantId=1127325,Circle Toys,,499.9,624.88,20,0,TRY,"[""Sepette %20 İndirim"",""Kargo Bedava"",""Trendyol Plus'a Özel""]",InStock,100 adetten fazla stok sunulmuştur,,,,,4.5,4031,2111,0,484,977 kişinin sepetinde,"98,8B kişi favoriledi",Son 24 saatte 513 kişi görüntüledi,4999,TRY,0,3,1,6,1 saat 52 dakika içinde sipariş verirsen en geç bugün kargoda!,En Çok Favorilenen 2. Ürün,https://cdn.dsmcdn.com/ty1614/prod/QC/20241219/19/a1c5fed7-36c2-343a-b3c7-623eda2a6ddc/1_org_zoom.jpg,"{""Paket İçeriği"":""1'li"",""Yükseklik"":""51 cm"",""Genişlik"":""66 cm"",""Derinlik"":""10 cm"",""Yaş"":""1+ Yaş"",""Dil"":""Evrensel Dil"",""Pil ile mi çalışır?"":""Hayır"",""Piller Kutuya Dahil Mi?"":""Hayır"",""Diğer Özellikler"":""Su oyun matı"",""Menşei"":""TR"",""Ürün Uyarıları (Oyuncak)"":""Çevre Dostu Üretim: Sağlığa zararlı maddeler içermez, çocuklar için güvenlidir."",""Materyal Bileşeni"":""NaN% undefined"",""Özellik"":""Suya Dayanıklı""}",20,5,refreshed,"[""daily_top""]",true,2026-08-21T09:00:50+03:00,0,"[""search_result_dom"",""product_detail_jsonld"",""product_detail_dom""]","{""title"":""observed"",""brand"":""observed"",""seller_name"":""observed"",""seller_score"":""unavailable"",""price"":""observed"",""original_price"":""observed"",""campaigns"":""observed"",""stock_status"":""observed"",""stock_signal"":""observed"",""rating"":""observed"",""rating_count"":""observed"",""review_count"":""observed"",""question_count"":""observed"",""delivery_summary"":""observed"",""shipping_cost"":""observed"",""properties"":""observed""}",true,
2026-08-21,2026-08-21T09:00:50+03:00,çocuk,BEST_SELLER,genel-cocuk,çocuk,162,11,162,162,,cocuk:genel-cocuk,162,,24.9,5.1,2018923,200893,2018923:200893,LEGO ® Classic Orta Boy Yaratıcı Parçalar Yapım Kutusu 10696 - 4+ Yaratıcı Oyuncak Yapım Seti (484 Parça),LEGO,Diğer Oyun Takımları,https://www.trendyol.com/lego/classic-orta-boy-yaratici-parcalar-yapim-kutusu-10696-4-yaratici-oyuncak-yapim-seti-484-parca-p-2018923?boutiqueId=61&merchantId=200893,ALDIMGİTTİ,94,1328,,,0.2,TRY,"[""Kargo Bedava"",""Peşin Fiyatına 3 Taksit""]",InStock,100 adetten fazla stok sunulmuştur,,,,,4.8,2941,1304,1,273,"1,6B kişinin sepetinde","90,6B kişi favoriledi","Son 24 saatte 1,1B kişi görüntüledi",4999,TRY,0,1,1,4,5 saat 52 dakika içinde sipariş verirsen en geç bugün kargoda!,,https://cdn.dsmcdn.com/ty1743/product/media/images/prod/PIM/20250923/12/d5d68ece-161f-4936-9605-18e1a3d802df/1_org_zoom.jpg,"{""Seri"":""Classic"",""Parça Sayısı"":""1 Parça"",""Yaş"":""Belirtilmemiş"",""Diğer Özellikler"":""-"",""Menşei"":""UM"",""Ürün Uyarıları (Oyuncak)"":""Küçük parçalar içerdiğinden 3 yaş altı çocuklar için uygun değildir; ürünün yetişkin gözetiminde, kullanım talimatına uygun şekilde kullanılması önerilir."",""Batarya Türü"":""Diğer"",""Özellik"":""Diğer"",""Renk"":""Beyaz""}",20,5,refreshed,"[""daily_top""]",true,2026-08-21T09:00:50+03:00,0,"[""search_result_dom"",""product_detail_jsonld"",""product_detail_dom""]","{""title"":""observed"",""brand"":""observed"",""seller_name"":""observed"",""seller_score"":""observed"",""price"":""observed"",""original_price"":""unavailable"",""campaigns"":""observed"",""stock_status"":""observed"",""stock_signal"":""observed"",""rating"":""observed"",""rating_count"":""observed"",""review_count"":""observed"",""question_count"":""observed"",""delivery_summary"":""observed"",""shipping_cost"":""observed"",""properties"":""observed""}",true,
2026-08-21,2026-08-21T09:00:50+03:00,çocuk,BEST_SELLER,genel-cocuk,çocuk,163,11,163,163,,cocuk:genel-cocuk,163,-88,14.2,15.8,1042673989,183393,1042673989:183393,BAYKAR Kız Çocuk Pamuklu İnce İp Askılı Düz Klasik Atlet 2'li Paket 4200 Beyaz,BAYKAR,Atlet,https://www.trendyol.com/baykar/kiz-cocuk-pamuklu-ince-ip-askili-duz-klasik-atlet-2-li-paket-4200-beyaz-p-1042673989?boutiqueId=61&merchantId=183393,,,304.66,,,-10.4,TRY,[],InStock,,,,,,4.7,121,58,0,13,,,,4999,TRY,0,3,1,6,Tahmini Teslim:,,https://cdn.dsmcdn.com/ty1895/prod/QC_ENRICHMENT/20260624/14/b2bba82c-5ad8-3fc6-9612-58e8c96c4045/1_org_zoom.jpg,"{""Kol Tipi"":""Askılı"",""Sezon"":""Tüm Sezonlar"",""Materyal"":""Pamuk"",""Renk"":""Beyaz"",""Paket İçeriği"":""2'li"",""Desen"":""Düz"",""Ürün Tipi"":""Düz"",""Kalıp"":""Slim"",""Kol Boyu"":""Kolsuz"",""Koleksiyon"":""Casual / Günlük"",""Kumaş Tipi"":""Örme"",""Ek Özellik"":""Ek Özellik Mevcut Değil"",""Dokuma Tipi"":""Likralı Penye Süprem"",""Siluet"":""Basic"",""Persona"":""Childish"",""Baskı/Nakış Tekniği"":""Pigment/Su Bazlı"",""Ortam"":""Back to School"",""Sürdürülebilirlik Detayı"":""Evet"",""Boy"":""Normal Boy"",""Materyal Bileşeni"":""pamuklu"",""Yıkama Talimatı"":""30derece"",""Menşei"":""TR""}",20,5,refreshed,"[""daily_top"",""hot_change""]",true,2026-08-21T09:00:50+03:00,0,"[""search_result_dom"",""product_detail_jsonld"",""product_detail_dom""]","{""title"":""observed"",""brand"":""observed"",""seller_name"":""unavailable"",""seller_score"":""unavailable"",""price"":""observed"",""original_price"":""unavailable"",""campaigns"":""unavailable"",""stock_status"":""observed"",""stock_signal"":""unavailable"",""rating"":""observed"",""rating_count"":""observed"",""review_count"":""observed"",""question_count"":""observed"",""delivery_summary"":""observed"",""shipping_cost"":""observed"",""properties"":""observed""}",true,
2026-08-21,2026-08-21T09:00:50+03:00,çocuk,BEST_SELLER,genel-cocuk,çocuk,164,11,164,164,3,cocuk:genel-cocuk,164,,18.6,11.4,921219595,752303,921219595:752303,KİNKU Cars Şimşek Mcqueen Uzaktan Kumandalı Full Fonksiyon Araba,KİNKU,Kumandalı Oyuncak,https://www.trendyol.com/kinku/cars-simsek-mcqueen-uzaktan-kumandali-full-fonksiyon-araba-p-921219595?boutiqueId=61&merchantId=752303,KİNKU,94,349.95,,,0,TRY,"[""Kargo Bedava""]",InStock,100 adetten fazla stok sunulmuştur,,,,,3.9,432,208,1,,,,,4999,TRY,0,,1,4,5 saat 52 dakika içinde sipariş verirsen en geç bugün kargoda!,En Çok Satan 3. Ürün,https://cdn.dsmcdn.com/ty1830/prod/QC_ENRICHMENT/20260301/15/befbd142-1904-3728-81d2-20bd5615e8f1/1_org_zoom.jpg,"{""Renk"":""Kırmızı"",""Paket İçeriği"":""8'li"",""Yaş"":""3+ Yaş"",""Pil ile mi çalışır?"":""Evet"",""Piller Kutuya Dahil Mi?"":""Hayır"",""Menşei"":""TR"",""Tamir Edilebilirlik"":""Tamir Edilmez."",""Ürün Uyarıları (Oyuncak)"":""kumandalıaraba"",""Özellik"":""Kumandalı"",""Ürün Güvenliği Bilgisi"":""Tehlikeli Değil""}",20,5,refreshed,"[""daily_top""]",true,2026-08-21T09:00:50+03:00,0,"[""search_result_dom"",""product_detail_jsonld"",""product_detail_dom""]","{""title"":""observed"",""brand"":""observed"",""seller_name"":""observed"",""seller_score"":""observed"",""price"":""observed"",""original_price"":""unavailable"",""campaigns"":""observed"",""stock_status"":""observed"",""stock_signal"":""observed"",""rating"":""observed"",""rating_count"":""observed"",""review_count"":""observed"",""question_count"":""unavailable"",""delivery_summary"":""observed"",""shipping_cost"":""observed"",""properties"":""observed""}",true,
2026-08-21,2026-08-21T09:00:50+03:00,çocuk,BEST_SELLER,genel-cocuk,çocuk,165,11,165,165,6,cocuk:genel-cocuk,165,,57.4,2.6,888587588,4354,888587588:4354,Triathlon T212-M Katlanabilir LED Işıklı Scooter | Ayarlanabilir Yükseklik | Arka Fren | 3 Tekerlek | 3+ Yaş,Triathlon,,https://www.trendyol.com/triathlon/t212-m-katlanabilir-led-isikli-scooter-ayarlanabilir-yukseklik-arka-fren-3-tekerlek-3-yas-p-888587588?boutiqueId=61&merchantId=4354,Piranha Store,87,895.3,1279,30,0,TRY,"[""Sepette %30 İndirim"",""Kargo Bedava""]",InStock,50 adetten fazla stok sunulmuştur,,,,,3.9,2675,,0,427,327 kişinin sepetinde,"34,1B kişi favoriledi",Son 24 saatte 526 kişi görüntüledi,,,0,,,,Tahmini Teslim:,En Çok Satan 6. Ürün,,{},0,,refreshed,"[""daily_top"",""hot_change""]",true,2026-08-21T09:00:50+03:00,0,"[""search_result_dom"",""product_detail_jsonld"",""product_detail_dom""]","{""title"":""observed"",""brand"":""observed"",""seller_name"":""observed"",""seller_score"":""observed"",""price"":""observed"",""original_price"":""observed"",""campaigns"":""observed"",""stock_status"":""observed"",""stock_signal"":""observed"",""rating"":""observed"",""rating_count"":""observed"",""review_count"":""unavailable"",""question_count"":""observed"",""delivery_summary"":""observed"",""shipping_cost"":""unavailable"",""properties"":""observed""}",true,
2026-08-21,2026-08-21T09:00:50+03:00,çocuk,BEST_SELLER,genel-cocuk,çocuk,166,11,166,166,1,cocuk:genel-cocuk,166,-52,21,9,931987649,1072118,931987649:1072118,Ervalina Çelik Charm Bileklik İtalyan Gümüş,Ervalina,Çelik Bileklik,https://www.trendyol.com/ervalina/celik-charm-bileklik-italyan-gumus-p-931987649?boutiqueId=61&merchantId=1072118,DGN TAKIKOZMETİK,85,133,,,9,TRY,"[""Kargo Bedava""]",InStock,100 adetten fazla stok sunulmuştur,,,,,4.4,868,420,4,582,1B kişinin sepetinde,18B kişi favoriledi,Son 24 saatte 379 kişi görüntüledi,4999,TRY,0,1,1,4,5 saat 52 dakika içinde sipariş verirsen en geç bugün kargoda!,En Çok Satan 1. Ürün,https://cdn.dsmcdn.com/ty1671/prod/QC/20250502/20/a9ce8354-3f05-3d4e-a03a-adf0068b9828/1_org_zoom.jpg,"{""Taş Cinsi"":""Yok"",""Renk"":""Gri"",""Materyal"":""Çelik"",""Materyal Bileşeni"":""ÇELİK"",""Garanti Süresi"":""2 Yıl"",""Menşei"":""CN"",""Bakım Talimatları (Genel)"":""Nemli bir bezle silin."",""Özellik"":""Sürdürülebilir""}",20,5,refreshed,"[""daily_top"",""hot_change""]",true,2026-08-21T09:00:50+03:00,0,"[""search_result_dom"",""product_detail_jsonld"",""product_detail_dom""]","{""title"":""observed"",""brand"":""observed"",""seller_name"":""observed"",""seller_score"":""observed"",""price"":""observed"",""original_price"":""unavailable"",""campaigns"":""observed"",""stock_status"":""observed"",""stock_signal"":""observed"",""rating"":""observed"",""rating_count"":""observed"",""review_count"":""observed"",""question_count"":""observed"",""delivery_summary"":""observed"",""shipping_cost"":""observed"",""properties"":""observed""}",true,
2026-08-21,2026-08-21T09:00:50+03:00,çocuk,BEST_SELLER,genel-cocuk,çocuk,167,11,167,167,,cocuk:genel-cocuk,167,-28,17.7,17.3,1150847146,590132,1150847146:590132,babysch Toys Neşeli Halkalar ve Yağmur Damlası - Çıngıraklı Top Oyunu ikili set Eğitici Oyuncak Seti,babysch,Bebek & Aktivite Oyuncakları,https://www.trendyol.com/babysch/toys-neseli-halkalar-ve-yagmur-damlasi-cingirakli-top-oyunu-ikili-set-egitici-oyuncak-seti-p-1150847146?boutiqueId=61&merchantId=590132,Babysch,9,474.05,499,5,16.2,TRY,"[""Sepette %5 İndirim"",""Kargo Bedava""]",InStock,100 adetten fazla stok sunulmuştur,,,,,4.3,68,38,2,10,628 kişinin sepetinde,"5,2B kişi favoriledi",Son 24 saatte 615 kişi görüntüledi,4999,TRY,0,,1,4,2 saat 52 dakika içinde sipariş verirsen en geç bugün kargoda!,En Çok Ziyaret Edilen 7. Ürün,https://cdn.dsmcdn.com/ty1914/prod/QC_ENRICHMENT/20260728/01/ac03a611-bee2-3444-8211-74aaa52bc73c/1_org_zoom.jpg,"{""Paket İçeriği"":""2+"",""Yükseklik"":""11 cm"",""Genişlik"":""27 cm"",""Derinlik"":""11 cm"",""Yaş"":""0 - 1 Yaş"",""Dil"":""Türkçe"",""Pil ile mi çalışır?"":""Hayır"",""Piller Kutuya Dahil Mi?"":""Hayır"",""Menşei"":""TR"",""Batarya Türü"":""Diğer"",""Özellik"":""Enerji Tasarrufu""}",20,5,refreshed,"[""daily_top"",""hot_change""]",true,2026-08-21T09:00:50+03:00,0,"[""search_result_dom"",""product_detail_jsonld"",""product_detail_dom""]","{""title"":""observed"",""brand"":""observed"",""seller_name"":""observed"",""seller_score"":""observed"",""price"":""observed"",""original_price"":""observed"",""campaigns"":""observed"",""stock_status"":""observed"",""stock_signal"":""observed"",""rating"":""observed"",""rating_count"":""observed"",""review_count"":""observed"",""question_count"":""observed"",""delivery_summary"":""observed"",""shipping_cost"":""observed"",""properties"":""observed""}",true,
2026-08-21,2026-08-21T09:00:50+03:00,çocuk,BEST_SELLER,genel-cocuk,çocuk,168,11,168,168,5,cocuk:genel-cocuk,168,,18.9,11.1,313739653,343193,313739653:343193,Cigit Müslin Pantolon 1-7 Yaş Çift Çizgili,Cigit,,https://www.trendyol.com/cigit/muslin-pantolon-1-7-yas-cift-cizgili-p-313739653?boutiqueId=61&merchantId=343193,,,395,,,,TRY,"[""Kargo Bedava"",""Trendyol Plus'a Özel""]",InStock,,,,,,4.6,231,,,53,585 kişinin sepetinde,"12,1B kişi favoriledi",Son 24 saatte 401 kişi görüntüledi,,,0,,,,14 saat 52 dakika içinde sipariş verirsen en geç yarın kargoda!,En Çok Satan 5. Ürün,,{},0,,refreshed,"[""daily_top""]",true,2026-08-21T09:00:50+03:00,0,"[""search_result_dom"",""product_detail_jsonld"",""product_detail_dom""]","{""title"":""observed"",""brand"":""observed"",""seller_name"":""unavailable"",""seller_score"":""unavailable"",""price"":""observed"",""original_price"":""unavailable"",""campaigns"":""observed"",""stock_status"":""observed"",""stock_signal"":""unavailable"",""rating"":""observed"",""rating_count"":""observed"",""review_count"":""unavailable"",""question_count"":""observed"",""delivery_summary"":""observed"",""shipping_cost"":""unavailable"",""properties"":""observed""}",true,
2026-08-21,2026-08-21T09:00:50+03:00,çocuk,BEST_SELLER,genel-cocuk,çocuk,169,13,169,169,,cocuk:genel-cocuk,169,-52,22.4,7.6,53036058,190370,53036058:190370,Brother Toys Transformer Robot Çek Bırak Kendinden Robota Dönüşen 1:32 Bugatti Oyuncak Araba,Brother Toys,Araç Seti,https://www.trendyol.com/brother-toys/transformer-robot-cek-birak-kendinden-robota-donusen-1-32-bugatti-oyuncak-araba-p-53036058?boutiqueId=61&merchantId=190370,BROTHERTOYS,91,199.9,,,0,TRY,"[""Kargo Bedava""]",InStock,100 adetten fazla stok sunulmuştur,,,,,4,1214,624,0,100,"1,3B kişinin sepetinde","34,3B kişi favoriledi",Son 24 saatte 661 kişi görüntüledi,4999,TRY,0,,1,4,4 saat 52 dakika içinde sipariş verirsen en geç bugün kargoda!,En Çok Favorilenen 4. Ürün,https://cdn.dsmcdn.com/ty1739/prod/QC_ENRICHMENT/20250827/15/d6f3e408-5ec8-383c-bef4-7f0d24e3281a/1_org_zoom.jpg,"{""Paket İçeriği"":""1'li"",""Yaş"":""1+ Yaş"",""Piller Kutuya Dahil Mi?"":""Hayır"",""Pil ile mi çalışır?"":""Hayır"",""Diğer Özellikler"":""Kaliteli Dayanıklı Malzeme"",""Menşei"":""CN"",""Batarya Türü"":""Diğer"",""Batarya Boyutu"":""Uygulanabilir Değil"",""Özellik"":""Robot"",""Renk"":""Turuncu""}",20,5,refreshed,"[""daily_top"",""hot_change""]",true,2026-08-21T09:00:50+03:00,0,"[""search_result_dom"",""product_detail_jsonld"",""product_detail_dom""]","{""title"":""observed"",""brand"":""observed"",""seller_name"":""observed"",""seller_score"":""observed"",""price"":""observed"",""original_price"":""unavailable"",""campaigns"":""observed"",""stock_status"":""observed"",""stock_signal"":""observed"",""rating"":""observed"",""rating_count"":""observed"",""review_count"":""observed"",""question_count"":""observed"",""delivery_summary"":""observed"",""shipping_cost"":""observed"",""properties"":""observed""}",true,
2026-08-21,2026-08-21T09:00:50+03:00,çocuk,BEST_SELLER,genel-cocuk,çocuk,170,13,170,170,,cocuk:genel-cocuk,170,,22.7,7.3,36887207,126035,36887207:126035,Jenga Denge Oyunu Eğitici Zeka Oyunu - Ailece Oynanır - Çocuklar İçin Kutu Oyunu,Jenga,Kutu Oyunu,https://www.trendyol.com/jenga/denge-oyunu-egitici-zeka-oyunu-ailece-oynanir-cocuklar-icin-kutu-oyunu-p-36887207?boutiqueId=61&merchantId=126035,Bundera - Karan Ticaret Online Alışveriş,94,199.9,,,,TRY,"[""Kargo Bedava""]",InStock,100 adetten fazla stok sunulmuştur,,,,,3.7,1240,678,0,147,,"24,7B kişi favoriledi",,4999,TRY,0,3,1,6,1 saat 52 dakika içinde sipariş verirsen en geç bugün kargoda!,,https://cdn.dsmcdn.com/ty1624/prod/QC/20250113/15/7048401a-d421-3266-9f22-382682058b89/1_org_zoom.jpg,"{""Oyuncu Sayısı"":""1-4 Kişi"",""Yaş"":""3+ Yaş"",""Dil"":""Evrensel Dil"",""Menşei"":""TR"",""Özellik"":""Enerji Tasarrufu""}",20,5,refreshed,"[""daily_top""]",true,2026-08-21T09:00:50+03:00,0,"[""search_result_dom"",""product_detail_jsonld"",""product_detail_dom""]","{""title"":""observed"",""brand"":""observed"",""seller_name"":""observed"",""seller_score"":""observed"",""price"":""observed"",""original_price"":""unavailable"",""campaigns"":""observed"",""stock_status"":""observed"",""stock_signal"":""observed"",""rating"":""observed"",""rating_count"":""observed"",""review_count"":""observed"",""question_count"":""observed"",""delivery_summary"":""observed"",""shipping_cost"":""observed"",""properties"":""observed""}",true,
2026-08-21,2026-08-21T09:00:50+03:00,çocuk,BEST_SELLER,genel-cocuk,çocuk,171,13,171,171,14,cocuk:genel-cocuk,171,,7.8,23.2,1098057797,1223922,1098057797:1223922,ozbaby.com Kız Bebek 3’lü Mevsimlik Sweatshirt Seti 2-6 Yaş | %100 Pamuklu Tek Üst Günlük Rahat,ozbaby.com,Bebek Takımı,https://www.trendyol.com/ozbaby-com/kiz-bebek-3-lu-mevsimlik-sweatshirt-seti-2-6-yas-100-pamuklu-tek-ust-gunluk-rahat-p-1098057797?boutiqueId=61&merchantId=1223922,OZ BABY,91,395.99,399.99,1,,TRY,"[""Sepette %1 İndirim"",""Kargo Bedava""]",InStock,100 adetten fazla stok sunulmuştur,,,,,3.9,11,6,,11,401 kişinin sepetinde,"1,1B kişi favoriledi",Son 24 saatte 640 kişi görüntüledi,4999,TRY,0,1,1,4,14 saat 52 dakika içinde sipariş verirsen en geç yarın kargoda!,,https://cdn.dsmcdn.com/ty1823/prod/QC_PREP/20260206/15/b2baffed-f5c1-3661-8463-63371cc0d644/1_org_zoom.jpg,"{""Materyal"":""Pamuk"",""Desen"":""Düz"",""Renk"":""Çok Renkli"",""Yaka Tipi"":""Bisiklet Yaka"",""Materyal Bileşeni"":""pamuk"",""Yıkama Talimatı"":""max 30 derece ters yıkama"",""Kumaş Tipi"":""Örme"",""Boy"":""Uzun"",""Kalıp"":""Klasik"",""Paça Tipi"":""Paçasız"",""Kol Boyu"":""Uzun"",""Kol Tipi"":""Uzun Kol"",""Koleksiyon"":""Homewear"",""Sürdürülebilirlik Detayı"":""Hayır"",""Paket İçeriği"":""3'lü"",""Ortam"":""Günlük"",""Menşei"":""TR""}",6,4,refreshed,"[""daily_top""]",true,2026-08-21T09:00:50+03:00,0,"[""search_result_dom"",""product_detail_jsonld"",""product_detail_dom""]","{""title"":""observed"",""brand"":""observed"",""seller_name"":""observed"",""seller_score"":""observed"",""price"":""observed"",""original_price"":""observed"",""campaigns"":""observed"",""stock_status"":""observed"",""stock_signal"":""observed"",""rating"":""observed"",""rating_count"":""observed"",""review_count"":""observed"",""question_count"":""observed"",""delivery_summary"":""observed"",""shipping_cost"":""observed"",""properties"":""observed""}",true,
2026-08-21,2026-08-21T09:00:50+03:00,çocuk,BEST_SELLER,genel-cocuk,çocuk,172,13,172,172,,cocuk:genel-cocuk,172,,20.9,16.5,1157318599,1271116,1157318599:1271116,MİNİKOM`S Minikom Toplu 16`lı Set | 16 adet Hareketli Eğitici Set,MİNİKOM`S,Eğitici Oyuncak,https://www.trendyol.com/minikom-s/minikom-toplu-16-li-set-16-adet-hareketli-egitici-set-p-1157318599?boutiqueId=61&merchantId=1271116,Minikom Oyuncak Dünyası,98,170.12,183.63,7.4,-46.7,TRY,"[""Son 10 Günün En Düşük Fiyatı"",""Kargo Bedava"",""Son 10 günün en düşük fiyatı""]",InStock,100 adetten fazla stok sunulmuştur,,,,,4.8,58,48,6,25,320 kişinin sepetinde,"1,2B kişi favoriledi",,4999,TRY,0,1,1,4,14 saat 52 dakika içinde sipariş verirsen en geç yarın kargoda!,,https://cdn.dsmcdn.com/ty1914/prod/QC_PREP/20260617/08/dc653332-2ad3-3005-9e2a-a9deeaa20763/1_org_zoom.jpg,"{""Paket İçeriği"":""16'lı"",""Yaş"":""3+ Yaş"",""Piller Kutuya Dahil Mi?"":""Hayır"",""Dil"":""Türkçe"",""Pil ile mi çalışır?"":""Hayır"",""Diğer Özellikler"":""YOK"",""Menşei"":""TR"",""Ürün Uyarıları (Oyuncak)"":""YOK"",""Batarya Türü"":""Diğer"",""Batarya Boyutu"":""Uygulanabilir Değil"",""Özellik"":""Katı""}",20,5,refreshed,"[""daily_top"",""hot_change""]",true,2026-08-21T09:00:50+03:00,0,"[""search_result_dom"",""product_detail_jsonld"",""product_detail_dom""]","{""title"":""observed"",""brand"":""observed"",""seller_name"":""observed"",""seller_score"":""observed"",""price"":""observed"",""original_price"":""observed"",""campaigns"":""observed"",""stock_status"":""observed"",""stock_signal"":""observed"",""rating"":""observed"",""rating_count"":""observed"",""review_count"":""observed"",""question_count"":""observed"",""delivery_summary"":""observed"",""shipping_cost"":""observed"",""properties"":""observed""}",true,
2026-08-21,2026-08-21T09:00:50+03:00,çocuk,BEST_SELLER,genel-cocuk,çocuk,173,13,173,173,1,cocuk:genel-cocuk,173,,22.6,7.4,45297437,107400,45297437:107400,Cambridge Polo Club Wia Beslenme Çantası Siyah,Cambridge Polo Club,Beslenme Çantası,https://www.trendyol.com/cambridge-polo-club/wia-beslenme-cantasi-siyah-p-45297437?boutiqueId=61&merchantId=107400,CambridgePoloClub,9,199,,,,TRY,"[""10 TL Kupon"",""Sepette %8 İndirim"",""Kargo Bedava""]",InStock,100 adetten fazla stok sunulmuştur,,,,,4.6,1292,677,,114,,"13,8B kişi favoriledi",Son 24 saatte 349 kişi görüntüledi,4999,TRY,0,1,1,4,14 saat 52 dakika içinde sipariş verirsen en geç yarın kargoda!,En Çok Satan 1. Ürün,https://cdn.dsmcdn.com/ty1805/prod/QC_PREP/20251225/11/469f22a1-e26a-3445-ac08-684e61f8425b/1_org_zoom.jpg,"{""Kumaş Tipi"":""Dokuma"",""Renk"":""Bej"",""Materyal Bileşeni"":""Tekstil"",""Yıkama Talimatı"":""Nemli bezle silin"",""Desen"":""Düz"",""Deri Kalitesi"":""Parça Mevcut Değil"",""Koleksiyon"":""Basic"",""Sürdürülebilirlik Detayı"":""Hayır"",""Kapasite"":""0-2 L"",""Ortam"":""Back to School"",""Menşei"":""TR""}",20,5,refreshed,"[""daily_top""]",true,2026-08-21T09:00:50+03:00,0,"[""search_result_dom"",""product_detail_jsonld"",""product_detail_dom""]","{""title"":""observed"",""brand"":""observed"",""seller_name"":""observed"",""seller_score"":""observed"",""price"":""observed"",""original_price"":""unavailable"",""campaigns"":""observed"",""stock_status"":""observed"",""stock_signal"":""observed"",""rating"":""observed"",""rating_count"":""observed"",""review_count"":""observed"",""question_count"":""observed"",""delivery_summary"":""observed"",""shipping_cost"":""observed"",""properties"":""observed""}",true,
2026-08-21,2026-08-21T09:00:50+03:00,çocuk,BEST_SELLER,genel-cocuk,çocuk,174,13,174,174,1,cocuk:genel-cocuk,174,,68.6,21.4,906524605,392,906524605:392,ebebek Hello Baby HelloBaby Kız Bebek Eşofman Alt Fitilli Kadife Örme Kumaş Lastikli Paça,ebebek Hello Baby,Eşofman Altı,https://www.trendyol.com/ebebek-hello-baby/hellobaby-kiz-bebek-esofman-alt-fitilli-kadife-orme-kumas-lastikli-paca-p-906524605?boutiqueId=61&merchantId=392,ebebek,,81.32,203.29,60,,TRY,"[""Sepette %60 İndirim"",""Kargo Bedava""]",InStock,100 adetten fazla stok sunulmuştur,,,,,4.8,21,11,,5,361 kişinin sepetinde,639 kişi favoriledi,,4999,TRY,0,3,1,6,Tahmini Teslim:,En Çok Satan 1. Ürün,https://cdn.dsmcdn.com/ty1648/prod/QC/20250312/15/5f5b5fff-2238-367b-b47e-cb5876c7c46e/1_org_zoom.jpg,"{""Paça Tipi"":""Lastikli Paça"",""Paça Boyu"":""Uzun"",""Materyal"":""Kadife"",""Renk"":""Mor"",""Bel"":""Normal Bel"",""Desen"":""Dokulu"",""Ürün Tipi"":""Düz"",""Boy"":""Uzun"",""Ortam"":""Günlük"",""Kumaş Tipi"":""Belirtilmemiş"",""Ek Özellik"":""Beli lastikli"",""Dokuma Tipi"":""Kadife"",""Sürdürülebilirlik Detayı"":""Hayır"",""Yıkama Talimatı"":""Type 1"",""Menşei"":""TR"",""Kutu Durumu"":""Kutu yok""}",11,4.64,refreshed,"[""daily_top""]",true,2026-08-21T09:00:50+03:00,0,"[""search_result_dom"",""product_detail_jsonld"",""product_detail_dom""]","{""title"":""observed"",""brand"":""observed"",""seller_name"":""observed"",""seller_score"":""unavailable"",""price"":""observed"",""original_price"":""observed"",""campaigns"":""observed"",""stock_status"":""observed"",""stock_signal"":""observed"",""rating"":""observed"",""rating_count"":""observed"",""review_count"":""observed"",""question_count"":""observed"",""delivery_summary"":""observed"",""shipping_cost"":""observed"",""properties"":""observed""}",true,
2026-08-21,2026-08-21T09:00:50+03:00,çocuk,BEST_SELLER,genel-cocuk,çocuk,175,13,175,175,10,cocuk:genel-cocuk,175,,24.5,5.5,854421560,290479,854421560:290479,Mai Perla Pamuklu Waffle Kumaş Cep Detaylı Yazlık 2'li Takım,Mai Perla,,https://www.trendyol.com/mai-perla/pamuklu-waffle-kumas-cep-detayli-yazlik-2-li-takim-p-854421560?boutiqueId=61&merchantId=290479,Mai Perla,,194.41,,,,TRY,"[""Kargo Bedava"",""Trendyol Plus'a Özel""]",InStock,100 adetten fazla stok sunulmuştur,,,,,4.1,1165,,,21,542 kişinin sepetinde,"18,7B kişi favoriledi",Son 24 saatte 373 kişi görüntüledi,,,0,,,,5 saat 52 dakika içinde sipariş verirsen en geç bugün kargoda!,En Çok Satan 10. Ürün,,{},0,,refreshed,"[""daily_top""]",true,2026-08-21T09:00:50+03:00,0,"[""search_result_dom"",""product_detail_jsonld"",""product_detail_dom""]","{""title"":""observed"",""brand"":""observed"",""seller_name"":""observed"",""seller_score"":""unavailable"",""price"":""observed"",""original_price"":""unavailable"",""campaigns"":""observed"",""stock_status"":""observed"",""stock_signal"":""observed"",""rating"":""observed"",""rating_count"":""observed"",""review_count"":""unavailable"",""question_count"":""observed"",""delivery_summary"":""observed"",""shipping_cost"":""unavailable"",""properties"":""observed""}",true,
2026-08-21,2026-08-21T09:00:50+03:00,çocuk,BEST_SELLER,genel-cocuk,çocuk,176,13,176,176,7,cocuk:genel-cocuk,176,,22.3,7.7,268600376,327579,268600376:327579,Pijamayo Kısa Kollu Tam Vücut Kız Çocuk Ve Bebek Mayo Bone Takımı - Plaj Deniz Kıyafeti,Pijamayo,,https://www.trendyol.com/pijamayo/kisa-kollu-tam-vucut-kiz-cocuk-ve-bebek-mayo-bone-takimi-plaj-deniz-kiyafeti-p-268600376?boutiqueId=61&merchantId=327579,PijaMayo,95,299,,,,TRY,[],InStock,10 adetten fazla stok sunulmuştur,,,,,4.6,607,,,100,475 kişinin sepetinde,"18,1B kişi favoriledi",Son 24 saatte 353 kişi görüntüledi,,,0,,,,14 saat 52 dakika içinde sipariş verirsen en geç yarın kargoda!,En Çok Satan 7. Ürün,,{},0,,refreshed,"[""daily_top""]",true,2026-08-21T09:00:50+03:00,0,"[""search_result_dom"",""product_detail_jsonld"",""product_detail_dom""]","{""title"":""observed"",""brand"":""observed"",""seller_name"":""observed"",""seller_score"":""observed"",""price"":""observed"",""original_price"":""unavailable"",""campaigns"":""unavailable"",""stock_status"":""observed"",""stock_signal"":""observed"",""rating"":""observed"",""rating_count"":""observed"",""review_count"":""unavailable"",""question_count"":""observed"",""delivery_summary"":""observed"",""shipping_cost"":""unavailable"",""properties"":""observed""}",true,
2026-08-21,2026-08-21T09:00:50+03:00,çocuk,BEST_SELLER,genel-cocuk,çocuk,177,13,177,177,3,cocuk:genel-cocuk,177,,24.9,5.1,320268481,624822,320268481:624822,My Kids Wear Kız Çocuk Tam Vücut Sırt Fermuarlı Mayo Sevimli Desen Baskılı Boneli Takım,My Kids Wear,,https://www.trendyol.com/my-kids-wear/kiz-cocuk-tam-vucut-sirt-fermuarli-mayo-sevimli-desen-baskili-boneli-takim-p-320268481?boutiqueId=61&merchantId=624822,My Kids Wear,,348,,,,TRY,"[""Kargo Bedava""]",InStock,100 adetten fazla stok sunulmuştur,,,,,4.6,1278,,,117,977 kişinin sepetinde,"33,5B kişi favoriledi",Son 24 saatte 595 kişi görüntüledi,,,0,,,,1 saat 52 dakika içinde sipariş verirsen en geç bugün kargoda!,En Çok Favorilenen 1. Ürün,,{},0,,refreshed,"[""daily_top""]",true,2026-08-21T09:00:50+03:00,0,"[""search_result_dom"",""product_detail_jsonld"",""product_detail_dom""]","{""title"":""observed"",""brand"":""observed"",""seller_name"":""observed"",""seller_score"":""unavailable"",""price"":""observed"",""original_price"":""unavailable"",""campaigns"":""observed"",""stock_status"":""observed"",""stock_signal"":""observed"",""rating"":""observed"",""rating_count"":""observed"",""review_count"":""unavailable"",""question_count"":""observed"",""delivery_summary"":""observed"",""shipping_cost"":""unavailable"",""properties"":""observed""}",true,
2026-08-21,2026-08-21T09:00:50+03:00,çocuk,BEST_SELLER,genel-cocuk,çocuk,178,13,178,178,2,cocuk:genel-cocuk,178,,22.7,7.3,231042600,165954,231042600:165954,Bebeck Çalışma Masalı Tabureli Pedli 3in1 Mama Sandalyesi (METAL AYAKLI),Bebeck,,https://www.trendyol.com/bebeck/calisma-masali-tabureli-pedli-3in1-mama-sandalyesi-metal-ayakli-p-231042600?boutiqueId=61&merchantId=165954,BEBEYATMAZ,9,1398,,,,TRY,"[""Kargo Bedava"",""Peşin Fiyatına 3 Taksit""]",InStock,100 adetten fazla stok sunulmuştur,,,,,4,688,,,217,527 kişinin sepetinde,"17,3B kişi favoriledi",Son 24 saatte 551 kişi görüntüledi,,,0,,,,1 saat 52 dakika içinde sipariş verirsen en geç bugün kargoda!,En Çok Satan 2. Ürün,,{},0,,refreshed,"[""daily_top""]",true,2026-08-21T09:00:50+03:00,0,"[""search_result_dom"",""product_detail_jsonld"",""product_detail_dom""]","{""title"":""observed"",""brand"":""observed"",""seller_name"":""observed"",""seller_score"":""observed"",""price"":""observed"",""original_price"":""unavailable"",""campaigns"":""observed"",""stock_status"":""observed"",""stock_signal"":""observed"",""rating"":""observed"",""rating_count"":""observed"",""review_count"":""unavailable"",""question_count"":""observed"",""delivery_summary"":""observed"",""shipping_cost"":""unavailable"",""properties"":""observed""}",true,
2026-08-21,2026-08-21T09:00:50+03:00,çocuk,BEST_SELLER,genel-cocuk,çocuk,179,13,179,179,,cocuk:genel-cocuk,179,14,30.5,9.3,659040084,1126057,659040084:1126057,HOT WHEELS Sürpriz Arabalar 3 Adet Sürpriz Araba,HOT WHEELS,Diğer Oyuncaklar,https://www.trendyol.com/hot-wheels/surpriz-arabalar-3-adet-surpriz-araba-p-659040084?boutiqueId=61&merchantId=1126057,Safran Kırtasiye,94,284.16,315,9.8,0,TRY,"[""Sepette %7 İndirim"",""Sepette %3 İndirim"",""Kargo Bedava""]",InStock,,,,,,4.5,687,387,1,580,542 kişinin sepetinde,"33,1B kişi favoriledi","Son 24 saatte 1,9B kişi görüntüledi",4999,TRY,0,1,1,4,2 saat 52 dakika içinde sipariş verirsen en geç bugün kargoda!,En Çok Ziyaret Edilen 2. Ürün,https://cdn.dsmcdn.com/ty1858/prod/QC_ENRICHMENT/20260418/00/f31e6748-c15f-3082-88f2-13389fba04de/1_org_zoom.jpg,"{""Paket İçeriği"":""3'lü"",""Yaş"":""3+ Yaş"",""Piller Kutuya Dahil Mi?"":""Hayır"",""Pil ile mi çalışır?"":""Hayır"",""Menşei"":""MY"",""Ürün Uyarıları (Oyuncak)"":""Uyarı 36 Ayın altındaki çocuklar için uygun değildir""}",20,5,refreshed,"[""daily_top""]",true,2026-08-21T09:00:50+03:00,0,"[""search_result_dom"",""product_detail_jsonld"",""product_detail_dom""]","{""title"":""observed"",""brand"":""observed"",""seller_name"":""observed"",""seller_score"":""observed"",""price"":""observed"",""original_price"":""observed"",""campaigns"":""observed"",""stock_status"":""observed"",""stock_signal"":""unavailable"",""rating"":""observed"",""rating_count"":""observed"",""review_count"":""observed"",""question_count"":""observed"",""delivery_summary"":""observed"",""shipping_cost"":""observed"",""properties"":""observed""}",true,
2026-08-21,2026-08-21T09:00:50+03:00,çocuk,BEST_SELLER,genel-cocuk,çocuk,180,13,180,180,,cocuk:genel-cocuk,180,-10,15.1,19.4,1146329954,109643,1146329954:109643,Koz SÜPRİZ SQUİSHY ÇİN MANTISI KÜÇÜK,Koz,Diğer Figür Oyuncaklar,https://www.trendyol.com/koz/supriz-squishy-cin-mantisi-kucuk-p-1146329954?boutiqueId=61&merchantId=109643,Rüya Gezegeni,89,190.9,199.9,4.5,0,TRY,"[""Son 10 Günün En Düşük Fiyatı"",""Kargo Bedava"",""Son 10 günün en düşük fiyatı""]",InStock,100 adetten fazla stok sunulmuştur,,,,,2.1,32,20,0,34,"1,3B kişinin sepetinde","3,6B kişi favoriledi","Son 24 saatte 1,3B kişi görüntüledi",4999,TRY,0,3,1,6,14 saat 52 dakika içinde sipariş verirsen en geç yarın kargoda!,En Çok Ziyaret Edilen 2. Ürün,https://cdn.dsmcdn.com/ty1902/prod/QC_PREP/20260516/00/8cffa91f-1014-36f6-a355-816abf367152/1_org_zoom.jpg,"{""Paket İçeriği"":""8'li"",""Yaş"":""2+ Yaş"",""Menşei"":""CN""}",20,1.65,refreshed,"[""daily_top"",""hot_change""]",true,2026-08-21T09:00:50+03:00,0,"[""search_result_dom"",""product_detail_jsonld"",""product_detail_dom""]","{""title"":""observed"",""brand"":""observed"",""seller_name"":""observed"",""seller_score"":""observed"",""price"":""observed"",""original_price"":""observed"",""campaigns"":""observed"",""stock_status"":""observed"",""stock_signal"":""observed"",""rating"":""observed"",""rating_count"":""observed"",""review_count"":""observed"",""question_count"":""observed"",""delivery_summary"":""observed"",""shipping_cost"":""observed"",""properties"":""observed""}",true,
2026-08-21,2026-08-21T09:00:50+03:00,çocuk,BEST_SELLER,genel-cocuk,çocuk,181,13,181,181,9,cocuk:genel-cocuk,181,,13.8,16.2,1089461375,744768,1089461375:744768,Nandy Home Şakayık Çiçek Model Karakter Figürü 3D Yapı Oyuncakları,Nandy Home,Diğer Oyun Takımları,https://www.trendyol.com/nandy-home/sakayik-cicek-model-karakter-figuru-3d-yapi-oyuncaklari-p-1089461375?boutiqueId=61&merchantId=744768,Nandy Kids,96,138.53,,,0,TRY,"[""Kargo Bedava""]",InStock,100 adetten fazla stok sunulmuştur,,,,,4.3,125,52,0,9,"1,1B kişinin sepetinde","24,2B kişi favoriledi",Son 24 saatte 560 kişi görüntüledi,4999,TRY,0,,1,4,2 saat 52 dakika içinde sipariş verirsen en geç bugün kargoda!,En Çok Satan 9. Ürün,https://cdn.dsmcdn.com/ty1942/prod/QC_ENRICHMENT/20260522/10/59302400-aa49-35bf-a0af-98b588306f7e/1_org_zoom.jpg,"{""Parça Sayısı"":""108"",""Yaş"":""5+ Yaş"",""Diğer Özellikler"":""Küçük parçalar içermektedir."",""Menşei"":""CN"",""Ürün Uyarıları (Oyuncak)"":""Küçük parçalar içermektedir."",""Batarya Türü"":""Diğer"",""Özellik"":""Standart""}",20,5,refreshed,"[""daily_top"",""hot_change""]",true,2026-08-21T09:00:50+03:00,0,"[""search_result_dom"",""product_detail_jsonld"",""product_detail_dom""]","{""title"":""observed"",""brand"":""observed"",""seller_name"":""observed"",""seller_score"":""observed"",""price"":""observed"",""original_price"":""unavailable"",""campaigns"":""observed"",""stock_status"":""observed"",""stock_signal"":""observed"",""rating"":""observed"",""rating_count"":""observed"",""review_count"":""observed"",""question_count"":""observed"",""delivery_summary"":""observed"",""shipping_cost"":""observed"",""properties"":""observed""}",true,
2026-08-21,2026-08-21T09:00:50+03:00,çocuk,BEST_SELLER,genel-cocuk,çocuk,182,13,182,182,,cocuk:genel-cocuk,182,,28,2,800440450,203783,800440450:203783,BGK 5 Çift Zürafa Desenli Çocuk Çorap,BGK,Çorap,https://www.trendyol.com/bgk/5-cift-zurafa-desenli-cocuk-corap-p-800440450?boutiqueId=61&merchantId=203783,BGK,5,151.99,,,,TRY,"[""Kargo Bedava"",""Trendyol Plus'a Özel""]",InStock,100 adetten fazla stok sunulmuştur,,,,,4.1,6677,3171,,197,500 kişinin sepetinde,"57,9B kişi favoriledi",,4999,TRY,0,1,1,4,1 saat 52 dakika içinde sipariş verirsen en geç bugün kargoda!,,https://cdn.dsmcdn.com/ty1799/prod/QC_ENRICHMENT/20251209/00/0ea82c57-9a57-3795-8be0-ee98ebdf7450/1_org_zoom.jpg,"{""Materyal"":""Pamuk - Elastan"",""Sürdürülebilirlik Detayı"":""Hayır"",""Tip"":""Soket çorap"",""Renk"":""Çok Renkli"",""Paket İçeriği"":""5'li"",""Desen"":""Desenli"",""Teknik"":""Yok"",""Ürün Tipi"":""Baskılı"",""Koleksiyon"":""Basic"",""Kumaş Tipi"":""Örme"",""Siluet"":""Kısa"",""Persona"":""Cool & Comfort"",""Ortam"":""Casual/Günlük"",""Yıkama Talimatı"":""T08"",""Ek Özellik"":""Desenli"",""Boy"":""Regular"",""Menşei"":""TR""}",20,5,refreshed,"[""daily_top""]",true,2026-08-21T09:00:50+03:00,0,"[""search_result_dom"",""product_detail_jsonld"",""product_detail_dom""]","{""title"":""observed"",""brand"":""observed"",""seller_name"":""observed"",""seller_score"":""observed"",""price"":""observed"",""original_price"":""unavailable"",""campaigns"":""observed"",""stock_status"":""observed"",""stock_signal"":""observed"",""rating"":""observed"",""rating_count"":""observed"",""review_count"":""observed"",""question_count"":""observed"",""delivery_summary"":""observed"",""shipping_cost"":""observed"",""properties"":""observed""}",true,
2026-08-21,2026-08-21T09:00:50+03:00,çocuk,BEST_SELLER,genel-cocuk,çocuk,183,13,183,183,10,cocuk:genel-cocuk,183,,18.9,14.1,1124860214,523360,1124860214:523360,VESTIR BIEN Yıldız Baskılı Çocuk Gri Siyah Crop Gri Alt Yazlık Detaylı Alt-Üst Takım Pamuklu,VESTIR BIEN,Alt - Üst Takım,https://www.trendyol.com/vestir-bien/yildiz-baskili-cocuk-gri-siyah-crop-gri-alt-yazlik-detayli-alt-ust-takim-pamuklu-p-1124860214?boutiqueId=61&merchantId=523360,VESTIR BIEN,84,387.03,399,3,,TRY,"[""Sepette %3 İndirim"",""Kargo Bedava""]",InStock,100 adetten fazla stok sunulmuştur,,,,,3.3,154,96,,132,"3,7B kişinin sepetinde","23,5B kişi favoriledi","Son 24 saatte 1,2B kişi görüntüledi",4999,TRY,0,3,1,6,Tahmini Teslim:,,https://cdn.dsmcdn.com/ty1846/prod/QC_PREP/20260328/01/2bd7ec89-4c0d-3ff9-8877-3e19728a4cb0/1_org_zoom.jpg,"{""Kumaş Tipi"":""Dokuma"",""Materyal"":""Pamuklu"",""Desen"":""Baskılı"",""Kalıp"":""Regular"",""Yaka Tipi"":""Bisiklet Yaka"",""Renk"":""Gri"",""Cep"":""Cepsiz"",""Ürün Tipi"":""Baskılı"",""Kol Boyu"":""Kısa"",""Kol Tipi"":""Standart Kol"",""Bel"":""Normal Bel"",""Paça Tipi"":""Geniş Paça"",""Ortam"":""Casual/Günlük"",""Boy"":""Normal Boy"",""Alt-Üst Takım"":""T-shirt-Şort"",""Dokuma Tipi"":""Yumoş"",""Kemer/Kuşak Durumu"":""Kemersiz"",""Parça Sayısı"":""2"",""Astar Durumu"":""Astarsız"",""Sürdürülebilirlik Detayı"":""Hayır"",""Materyal Bileşeni"":""70% Pamuk, 30% Polyester"",""Yıkama Talimatı"":""T44"",""Menşei"":""TR"",""Kutu Durumu"":""Kutu yok""}",20,5,refreshed,"[""daily_top""]",true,2026-08-21T09:00:50+03:00,0,"[""search_result_dom"",""product_detail_jsonld"",""product_detail_dom""]","{""title"":""observed"",""brand"":""observed"",""seller_name"":""observed"",""seller_score"":""observed"",""price"":""observed"",""original_price"":""observed"",""campaigns"":""observed"",""stock_status"":""observed"",""stock_signal"":""observed"",""rating"":""observed"",""rating_count"":""observed"",""review_count"":""observed"",""question_count"":""observed"",""delivery_summary"":""observed"",""shipping_cost"":""observed"",""properties"":""observed""}",true,
2026-08-21,2026-08-21T09:00:50+03:00,çocuk,BEST_SELLER,genel-cocuk,çocuk,184,13,184,184,3,cocuk:genel-cocuk,184,,9,22,1166621162,315047,1166621162:315047,yukobaby bebeğiniz için en doğalı Bebek Minik Palamutlar %100 Pamuk 5'li Yenidoğan Hastane Çıkışı Set yk13332,yukobaby bebeğiniz için en doğalı,Hastane Çıkışı,https://www.trendyol.com/yukobaby-bebeginiz-icin-en-dogali/bebek-minik-palamutlar-100-pamuk-5-li-yenidogan-hastane-cikisi-set-yk13332-p-1166621162?boutiqueId=61&merchantId=315047,YUKOBABY,95,296.8,299.8,1,,TRY,"[""Kargo Bedava""]",InStock,100 adetten fazla stok sunulmuştur,,,,,4.8,14,9,,2,481 kişinin sepetinde,"3,5B kişi favoriledi","Son 24 saatte 1,1B kişi görüntüledi",4999,TRY,0,1,1,4,14 saat 52 dakika içinde sipariş verirsen en geç yarın kargoda!,En Çok Satan 3. Ürün,https://cdn.dsmcdn.com/ty1935/prod/QC_PREP/20260709/13/75222f00-6704-3a8b-9d63-497a06bf7c62/1_org_zoom.jpg,"{""Desen"":""Tropikal"",""Materyal"":""Pamuklu"",""Renk"":""Bej"",""Materyal Bileşeni"":""%100 PAMUKLU"",""Yıkama Talimatı"":""T44"",""Ortam"":""Casual/Günlük"",""Kumaş Tipi"":""Belirtilmemiş"",""Koleksiyon"":""Design"",""Paket İçeriği"":""5'li"",""Sürdürülebilirlik Detayı"":""Hayır"",""Menşei"":""TR""}",9,4.89,refreshed,"[""daily_top""]",true,2026-08-21T09:00:50+03:00,0,"[""search_result_dom"",""product_detail_jsonld"",""product_detail_dom""]","{""title"":""observed"",""brand"":""observed"",""seller_name"":""observed"",""seller_score"":""observed"",""price"":""observed"",""original_price"":""observed"",""campaigns"":""observed"",""stock_status"":""observed"",""stock_signal"":""observed"",""rating"":""observed"",""rating_count"":""observed"",""review_count"":""observed"",""question_count"":""observed"",""delivery_summary"":""observed"",""shipping_cost"":""observed"",""properties"":""observed""}",true,
2026-08-21,2026-08-21T09:00:50+03:00,çocuk,BEST_SELLER,genel-cocuk,çocuk,185,13,185,185,,cocuk:genel-cocuk,185,,17.2,16.9,932800756,246399,932800756:246399,"keyfisepet en keyifli sepet LCD Yazı ve Çizim Tableti 8,5 inç - Çocuklar İçin Silinebilir Elektronik Not Defteri + Kalem",keyfisepet en keyifli sepet,Eğitici Oyuncak,https://www.trendyol.com/keyfisepet-en-keyifli-sepet/lcd-yazi-ve-cizim-tableti-8-5-inc-cocuklar-icin-silinebilir-elektronik-not-defteri-kalem-p-932800756?boutiqueId=61&merchantId=246399,Koza Gift,88,70,73,4.1,0,TRY,"[""Kargo Bedava""]",InStock,100 adetten fazla stok sunulmuştur,,,,,3.9,83,43,0,28,,"1,6B kişi favoriledi",,4999,TRY,0,,1,4,2 saat 51 dakika içinde sipariş verirsen en geç bugün kargoda!,,https://cdn.dsmcdn.com/ty1671/prod/QC/20250505/22/33757868-cee7-3d91-95b7-56b098968e7c/1_org_zoom.jpg,"{""Paket İçeriği"":""1'li"",""Yaş"":""2+ Yaş"",""Piller Kutuya Dahil Mi?"":""Evet"",""Dil"":""Türkçe"",""Pil ile mi çalışır?"":""Evet"",""Menşei"":""CN""}",20,5,refreshed,"[""daily_top""]",true,2026-08-21T09:00:50+03:00,0,"[""search_result_dom"",""product_detail_jsonld"",""product_detail_dom""]","{""title"":""observed"",""brand"":""observed"",""seller_name"":""observed"",""seller_score"":""observed"",""price"":""observed"",""original_price"":""observed"",""campaigns"":""observed"",""stock_status"":""observed"",""stock_signal"":""observed"",""rating"":""observed"",""rating_count"":""observed"",""review_count"":""observed"",""question_count"":""observed"",""delivery_summary"":""observed"",""shipping_cost"":""observed"",""properties"":""observed""}",true,
2026-08-21,2026-08-21T09:00:50+03:00,çocuk,BEST_SELLER,genel-cocuk,çocuk,186,13,186,186,2,cocuk:genel-cocuk,186,,25.1,4.9,271593465,343193,271593465:343193,Cigit Fitilli Tayt 0-5 Yaş Kahve,Cigit,,https://www.trendyol.com/cigit/fitilli-tayt-0-5-yas-kahve-p-271593465?boutiqueId=61&merchantId=343193,CİGİT CONCEPT,9,174,,,,TRY,"[""Kargo Bedava"",""Trendyol Plus'a Özel""]",InStock,50 adetten fazla stok sunulmuştur,,,,,4.7,1374,,,97,353 kişinin sepetinde,"16,7B kişi favoriledi",,,,0,,,,14 saat 51 dakika içinde sipariş verirsen en geç yarın kargoda!,En Çok Satan 2. Ürün,,{},0,,refreshed,"[""daily_top""]",true,2026-08-21T09:00:50+03:00,0,"[""search_result_dom"",""product_detail_jsonld"",""product_detail_dom""]","{""title"":""observed"",""brand"":""observed"",""seller_name"":""observed"",""seller_score"":""observed"",""price"":""observed"",""original_price"":""unavailable"",""campaigns"":""observed"",""stock_status"":""observed"",""stock_signal"":""observed"",""rating"":""observed"",""rating_count"":""observed"",""review_count"":""unavailable"",""question_count"":""observed"",""delivery_summary"":""observed"",""shipping_cost"":""unavailable"",""properties"":""observed""}",true,
2026-08-21,2026-08-21T09:00:50+03:00,çocuk,BEST_SELLER,genel-cocuk,çocuk,187,13,187,187,9,cocuk:genel-cocuk,187,,11.6,18.4,898804638,927119,898804638:927119,Puma Caven 2.0 Block AC+ Inf,Puma,,https://www.trendyol.com/puma/caven-2-0-block-ac-inf-p-898804638?boutiqueId=61&merchantId=927119,Tnj Outdoor,8,1015.27,,,,TRY,"[""Kargo Bedava"",""Peşin Fiyatına 3 Taksit"",""Trendyol Plus'a Özel""]",InStock,5 adetten fazla stok sunulmuştur,,,,,4.8,27,,,14,,"1,9B kişi favoriledi",Son 24 saatte 833 kişi görüntüledi,,,0,,,,Tahmini Teslim:,En Çok Satan 9. Ürün,,{},0,,refreshed,"[""daily_top""]",true,2026-08-21T09:00:50+03:00,0,"[""search_result_dom"",""product_detail_jsonld"",""product_detail_dom""]","{""title"":""observed"",""brand"":""observed"",""seller_name"":""observed"",""seller_score"":""observed"",""price"":""observed"",""original_price"":""unavailable"",""campaigns"":""observed"",""stock_status"":""observed"",""stock_signal"":""observed"",""rating"":""observed"",""rating_count"":""observed"",""review_count"":""unavailable"",""question_count"":""observed"",""delivery_summary"":""observed"",""shipping_cost"":""unavailable"",""properties"":""observed""}",true,
2026-08-21,2026-08-21T09:00:50+03:00,çocuk,BEST_SELLER,genel-cocuk,çocuk,188,13,188,188,8,cocuk:genel-cocuk,188,-72,17.5,12.5,1137366190,318098,1137366190:318098,N'drops Ortopedik Çocuk Işıklı Tekerlekli Sneaker,N'drops Ortopedik,,https://www.trendyol.com/n-drops/ortopedik-cocuk-isikli-tekerlekli-sneaker-p-1137366190?boutiqueId=61&merchantId=318098,Bİ AYAKKABI& TERLİK,9,1680,,,,TRY,"[""Kargo Bedava"",""Peşin Fiyatına 3 Taksit""]",InStock,Son 1 Ürün,,,,,4.2,152,,0,59,452 kişinin sepetinde,"8,4B kişi favoriledi",Son 24 saatte 696 kişi görüntüledi,,,0,,,,14 saat 51 dakika içinde sipariş verirsen en geç yarın kargoda!,En Çok Satan 8. Ürün,,{},0,,refreshed,"[""daily_top"",""hot_change""]",true,2026-08-21T09:00:50+03:00,0,"[""search_result_dom"",""product_detail_jsonld"",""product_detail_dom""]","{""title"":""observed"",""brand"":""observed"",""seller_name"":""observed"",""seller_score"":""observed"",""price"":""observed"",""original_price"":""unavailable"",""campaigns"":""observed"",""stock_status"":""observed"",""stock_signal"":""observed"",""rating"":""observed"",""rating_count"":""observed"",""review_count"":""unavailable"",""question_count"":""observed"",""delivery_summary"":""observed"",""shipping_cost"":""unavailable"",""properties"":""observed""}",true,
2026-08-21,2026-08-21T09:00:50+03:00,çocuk,BEST_SELLER,genel-cocuk,çocuk,189,13,189,189,5,cocuk:genel-cocuk,189,,21.7,8.3,1096906137,707705,1096906137:707705,OMY 3-6-9 AY BANDANALI OMZU FIRFIRLI RENKLİ TULUM TAKIM 2'Lİ SET BEBEK&ÇOCUK TAKIM,OMY,,https://www.trendyol.com/omy/3-6-9-ay-bandanali-omzu-firfirli-renkli-tulum-takim-2-li-set-bebek-cocuk-takim-p-1096906137?boutiqueId=61&merchantId=707705,OMY,3,279.9,,,,TRY,"[""Kargo Bedava""]",InStock,100 adetten fazla stok sunulmuştur,,,,,4.3,513,,,48,,,,,,0,,,,14 saat 51 dakika içinde sipariş verirsen en geç yarın kargoda!,En Çok Satan 5. Ürün,,{},0,,refreshed,"[""daily_top""]",true,2026-08-21T09:00:50+03:00,0,"[""search_result_dom"",""product_detail_jsonld"",""product_detail_dom""]","{""title"":""observed"",""brand"":""observed"",""seller_name"":""observed"",""seller_score"":""observed"",""price"":""observed"",""original_price"":""unavailable"",""campaigns"":""observed"",""stock_status"":""observed"",""stock_signal"":""observed"",""rating"":""observed"",""rating_count"":""observed"",""review_count"":""unavailable"",""question_count"":""observed"",""delivery_summary"":""observed"",""shipping_cost"":""unavailable"",""properties"":""observed""}",true,
2026-08-21,2026-08-21T09:00:50+03:00,çocuk,BEST_SELLER,genel-cocuk,çocuk,190,13,190,190,3,cocuk:genel-cocuk,190,,0,,1146936151,1309280,1146936151:1309280,RAMEH Yuvarlak Pembe Oyuncaklı Gölgelikli Tenteli Çocuk Deniz Simiti Baby Float Bebek Deniz Simiti 0-3 Yaş Bebek Botu Pembe,RAMEH,,https://www.trendyol.com/rameh/yuvarlak-pembe-oyuncakli-golgelikli-tenteli-cocuk-deniz-simiti-baby-float-bebek-deniz-simiti-0-3-yas-bebek-botu-pembe-p-1146936151?boutiqueId=61&merchantId=1309280,,,575.9,,,-14,TRY,"[""Kargo Bedava"",""Sepette %2 İndirim""]",InStock,,,,,,,,,0,,,,,,,0,,,,Tahmini Teslim:,En Çok Satan 3. Ürün,,{},0,,refreshed,"[""daily_top"",""hot_change""]",true,2026-08-21T09:00:50+03:00,0,"[""search_result_dom"",""product_detail_jsonld"",""product_detail_dom""]","{""title"":""observed"",""brand"":""observed"",""seller_name"":""unavailable"",""seller_score"":""unavailable"",""price"":""observed"",""original_price"":""unavailable"",""campaigns"":""observed"",""stock_status"":""observed"",""stock_signal"":""unavailable"",""rating"":""unavailable"",""rating_count"":""unavailable"",""review_count"":""unavailable"",""question_count"":""unavailable"",""delivery_summary"":""observed"",""shipping_cost"":""unavailable"",""properties"":""observed""}",true,
2026-08-21,2026-08-21T09:00:50+03:00,çocuk,BEST_SELLER,genel-cocuk,çocuk,191,13,191,191,10,cocuk:genel-cocuk,191,-13,24.8,8.2,925702671,523360,925702671:523360,VESTIR BIEN 92 Baskılı %100 Pamuk Çocuk Alt-Üst Takım,VESTIR BIEN,Alt - Üst Takım,https://www.trendyol.com/vestir-bien/92-baskili-100-pamuk-cocuk-alt-ust-takim-p-925702671?boutiqueId=61&merchantId=523360,,,326.6,336.7,3,-18.1,TRY,"[""Sepette %3 İndirim"",""20 TL Kupon"",""Kargo Bedava"",""Son 10 Günün En Düşük Fiyatı"",""Trendyol Plus'a Özel""]",InStock,,,,,,3,990,528,8,,"3,4B kişinin sepetinde","91,7B kişi favoriledi",Son 24 saatte 495 kişi görüntüledi,4999,TRY,0,3,1,6,Tahmini Teslim:,,https://cdn.dsmcdn.com/ty1693/prod/QC_ENRICHMENT/20250612/12/9fe5fa14-9acd-3bac-bd2f-a3430fe4704a/1_org_zoom.jpg,"{""Kumaş Tipi"":""Örme"",""Materyal"":""Pamuklu"",""Desen"":""Baskılı"",""Kalıp"":""Regular"",""Yaka Tipi"":""Askılı Yaka"",""Renk"":""Gri"",""Cep"":""Cepsiz"",""Ürün Tipi"":""Baskılı"",""Kol Boyu"":""Kısa"",""Kol Tipi"":""Standart Kol"",""Bel"":""Normal Bel"",""Siluet"":""Regular"",""Ortam"":""Casual/Günlük"",""Boy"":""Regular"",""Alt-Üst Takım"":""T-shirt-Eşofman"",""Dokuma Tipi"":""Örgü"",""Kemer/Kuşak Durumu"":""Kemersiz"",""Astar Durumu"":""Astarsız"",""Sürdürülebilirlik Detayı"":""Hayır"",""Materyal Bileşeni"":""100% Pamuk"",""Yıkama Talimatı"":""Type 1"",""Menşei"":""TR"",""Kutu Durumu"":""Kutu yok""}",20,5,refreshed,"[""daily_top""]",true,2026-08-21T09:00:50+03:00,0,"[""search_result_dom"",""product_detail_jsonld"",""product_detail_dom""]","{""title"":""observed"",""brand"":""observed"",""seller_name"":""unavailable"",""seller_score"":""unavailable"",""price"":""observed"",""original_price"":""observed"",""campaigns"":""observed"",""stock_status"":""observed"",""stock_signal"":""unavailable"",""rating"":""observed"",""rating_count"":""observed"",""review_count"":""observed"",""question_count"":""unavailable"",""delivery_summary"":""observed"",""shipping_cost"":""observed"",""properties"":""observed""}",true,
2026-08-21,2026-08-21T09:00:50+03:00,çocuk,BEST_SELLER,genel-cocuk,çocuk,192,13,192,192,2,cocuk:genel-cocuk,192,,0,,928635013,768467,928635013:768467,Pırlanta baby 2li Mini Ayıcık Takımı,Pırlanta baby,,https://www.trendyol.com/pirlanta-baby/2li-mini-ayicik-takimi-p-928635013?boutiqueId=61&merchantId=768467,,,299.99,,,,TRY,"[""Kargo Bedava""]",InStock,,,,,,,,,,,,,,,,0,,,,Tahmini Teslim:,,,{},0,,refreshed,"[""daily_top""]",true,2026-08-21T09:00:50+03:00,0,"[""search_result_dom"",""product_detail_jsonld"",""product_detail_dom""]","{""title"":""observed"",""brand"":""observed"",""seller_name"":""unavailable"",""seller_score"":""unavailable"",""price"":""observed"",""original_price"":""unavailable"",""campaigns"":""observed"",""stock_status"":""observed"",""stock_signal"":""unavailable"",""rating"":""unavailable"",""rating_count"":""unavailable"",""review_count"":""unavailable"",""question_count"":""unavailable"",""delivery_summary"":""observed"",""shipping_cost"":""unavailable"",""properties"":""observed""}",true,
2026-08-21,2026-08-21T09:00:50+03:00,çocuk,BEST_SELLER,genel-cocuk,çocuk,193,15,193,193,,cocuk:genel-cocuk,193,,19,11,1088623810,756582,1088623810:756582,"Erbek Puzzle City 3D Yapı Ve Tasarım Blokları 132 Parça Eğitici, Zeka Geliştirici Oyuncak Lego",Erbek,Eğitici Oyuncak,https://www.trendyol.com/erbek/puzzle-city-3d-yapi-ve-tasarim-bloklari-132-parca-egitici-zeka-gelistirici-oyuncak-lego-p-1088623810?boutiqueId=61&merchantId=756582,DELVOS,9,199.9,,,0,TRY,"[""Kargo Bedava""]",InStock,100 adetten fazla stok sunulmuştur,,,,,4.2,442,239,0,37,"1,1B kişinin sepetinde","20,1B kişi favoriledi",Son 24 saatte 595 kişi görüntüledi,4999,TRY,0,,1,4,4 saat 51 dakika içinde sipariş verirsen en geç bugün kargoda!,,https://cdn.dsmcdn.com/ty1927/prod/QC_ENRICHMENT/20260629/15/4f2cd619-6b52-3601-930a-73299b0947f9/1_org_zoom.jpg,"{""Paket İçeriği"":""Belirtilmemiş"",""Yaş"":""3+ Yaş"",""Piller Kutuya Dahil Mi?"":""Hayır"",""Dil"":""Evrensel Dil"",""Pil ile mi çalışır?"":""Hayır"",""Menşei"":""TR""}",20,5,refreshed,"[""daily_top""]",true,2026-08-21T09:00:50+03:00,0,"[""search_result_dom"",""product_detail_jsonld"",""product_detail_dom""]","{""title"":""observed"",""brand"":""observed"",""seller_name"":""observed"",""seller_score"":""observed"",""price"":""observed"",""original_price"":""unavailable"",""campaigns"":""observed"",""stock_status"":""observed"",""stock_signal"":""observed"",""rating"":""observed"",""rating_count"":""observed"",""review_count"":""observed"",""question_count"":""observed"",""delivery_summary"":""observed"",""shipping_cost"":""observed"",""properties"":""observed""}",true,
2026-08-21,2026-08-21T09:00:50+03:00,çocuk,BEST_SELLER,genel-cocuk,çocuk,194,15,194,194,4,cocuk:genel-cocuk,194,,25.2,4.8,208064670,428635,208064670:428635,Genel Markalar Bear Minimal Taş 5'li Yenidoğan Hastane Çıkışı Seti,Genel Markalar,,https://www.trendyol.com/genel-markalar/bear-minimal-tas-5-li-yenidogan-hastane-cikisi-seti-p-208064670?boutiqueId=61&merchantId=428635,TİNY GOLDEN,95,264.9,,,,TRY,"[""Son 10 Günün En Düşük Fiyatı"",""Sepette %1 İndirim"",""Kargo Bedava"",""Trendyol Plus'a Özel""]",InStock,100 adetten fazla stok sunulmuştur,,,,,4.5,1411,,,74,"1,2B kişinin sepetinde","74,9B kişi favoriledi",Son 24 saatte 957 kişi görüntüledi,,,0,,,,2 saat 51 dakika içinde sipariş verirsen en geç bugün kargoda!,En Çok Satan 4. Ürün,,{},0,,refreshed,"[""daily_top""]",true,2026-08-21T09:00:50+03:00,0,"[""search_result_dom"",""product_detail_jsonld"",""product_detail_dom""]","{""title"":""observed"",""brand"":""observed"",""seller_name"":""observed"",""seller_score"":""observed"",""price"":""observed"",""original_price"":""unavailable"",""campaigns"":""observed"",""stock_status"":""observed"",""stock_signal"":""observed"",""rating"":""observed"",""rating_count"":""observed"",""review_count"":""unavailable"",""question_count"":""observed"",""delivery_summary"":""observed"",""shipping_cost"":""unavailable"",""properties"":""observed""}",true,
2026-08-21,2026-08-21T09:00:50+03:00,çocuk,BEST_SELLER,genel-cocuk,çocuk,195,15,195,195,,cocuk:genel-cocuk,195,,19.2,10.8,132263105,306081,132263105:306081,Diytoy Denge Kulesi Oyunu 0-3 Yaş Eğitici Oyuncak Montesorri Oyuncak,Diytoy,Bebek & Aktivite Oyuncakları,https://www.trendyol.com/diytoy/denge-kulesi-oyunu-0-3-yas-egitici-oyuncak-montesorri-oyuncak-p-132263105?boutiqueId=61&merchantId=306081,TabaGrup,93,350.13,,,-11.6,TRY,"[""Kargo Bedava"",""Sepette %1 İndirim""]",InStock,100 adetten fazla stok sunulmuştur,,,,,4.5,485,253,-1,16,,"14,7B kişi favoriledi",Son 24 saatte 357 kişi görüntüledi,4999,TRY,0,,1,4,Tahmini Teslim:,,https://cdn.dsmcdn.com/ty157/product/media/images/20210814/11/118461320/226874987/0/0_org_zoom.jpg,"{""Paket İçeriği"":""8'li"",""Yükseklik"":""35 - 50 cm"",""Genişlik"":""10 cm"",""Derinlik"":""13 cm"",""Yaş"":""2+ Yaş"",""Dil"":""Türkçe"",""Pil ile mi çalışır?"":""Hayır"",""Piller Kutuya Dahil Mi?"":""Hayır"",""Menşei"":""TR"",""Batarya Türü"":""Diğer"",""Batarya Boyutu"":""Uygulanabilir Değil"",""Özellik"":""Uzun""}",20,5,refreshed,"[""daily_top""]",true,2026-08-21T09:00:50+03:00,0,"[""search_result_dom"",""product_detail_jsonld"",""product_detail_dom""]","{""title"":""observed"",""brand"":""observed"",""seller_name"":""observed"",""seller_score"":""observed"",""price"":""observed"",""original_price"":""unavailable"",""campaigns"":""observed"",""stock_status"":""observed"",""stock_signal"":""observed"",""rating"":""observed"",""rating_count"":""observed"",""review_count"":""observed"",""question_count"":""observed"",""delivery_summary"":""observed"",""shipping_cost"":""observed"",""properties"":""observed""}",true,
2026-08-21,2026-08-21T09:00:50+03:00,çocuk,BEST_SELLER,genel-cocuk,çocuk,196,15,196,196,3,cocuk:genel-cocuk,196,,23.6,6.4,271588584,343193,271588584:343193,Cigit Fitilli Tayt 0-5 Yaş Pudra Pembe,Cigit,,https://www.trendyol.com/cigit/fitilli-tayt-0-5-yas-pudra-pembe-p-271588584?boutiqueId=61&merchantId=343193,CİGİT CONCEPT,9,174,,,,TRY,"[""Kargo Bedava"",""Trendyol Plus'a Özel""]",InStock,50 adetten fazla stok sunulmuştur,,,,,4.6,888,,,106,321 kişinin sepetinde,"13,9B kişi favoriledi",,,,0,,,,14 saat 51 dakika içinde sipariş verirsen en geç yarın kargoda!,En Çok Satan 3. Ürün,,{},0,,refreshed,"[""daily_top""]",true,2026-08-21T09:00:50+03:00,0,"[""search_result_dom"",""product_detail_jsonld"",""product_detail_dom""]","{""title"":""observed"",""brand"":""observed"",""seller_name"":""observed"",""seller_score"":""observed"",""price"":""observed"",""original_price"":""unavailable"",""campaigns"":""observed"",""stock_status"":""observed"",""stock_signal"":""observed"",""rating"":""observed"",""rating_count"":""observed"",""review_count"":""unavailable"",""question_count"":""observed"",""delivery_summary"":""observed"",""shipping_cost"":""unavailable"",""properties"":""observed""}",true,
2026-08-21,2026-08-21T09:00:50+03:00,çocuk,BEST_SELLER,genel-cocuk,çocuk,197,15,197,197,2,cocuk:genel-cocuk,197,,20.3,9.7,732084097,626096,732084097:626096,BAHNUR Sarı Bebek Çocuk Fitilli Ribana Crop Takım Alt-üst Yazlık Şort Takım,BAHNUR,,https://www.trendyol.com/bahnur/sari-bebek-cocuk-fitilli-ribana-crop-takim-alt-ust-yazlik-sort-takim-p-732084097?boutiqueId=61&merchantId=626096,BAHNUR,91,165.74,,,,TRY,"[""Sepette %1 İndirim"",""Kargo Bedava"",""Trendyol Plus'a Özel""]",InStock,100 adetten fazla stok sunulmuştur,,,,,4.4,342,,,38,1B kişinin sepetinde,"9,1B kişi favoriledi",Son 24 saatte 425 kişi görüntüledi,,,0,,,,1 saat 51 dakika içinde sipariş verirsen en geç bugün kargoda!,,,{},0,,refreshed,"[""daily_top""]",true,2026-08-21T09:00:50+03:00,0,"[""search_result_dom"",""product_detail_jsonld"",""product_detail_dom""]","{""title"":""observed"",""brand"":""observed"",""seller_name"":""observed"",""seller_score"":""observed"",""price"":""observed"",""original_price"":""unavailable"",""campaigns"":""observed"",""stock_status"":""observed"",""stock_signal"":""observed"",""rating"":""observed"",""rating_count"":""observed"",""review_count"":""unavailable"",""question_count"":""observed"",""delivery_summary"":""observed"",""shipping_cost"":""unavailable"",""properties"":""observed""}",true,
2026-08-21,2026-08-21T09:00:50+03:00,çocuk,BEST_SELLER,genel-cocuk,çocuk,198,15,198,198,9,cocuk:genel-cocuk,198,,68.9,21.1,917286254,392,917286254:392,ebebek Hello Baby HelloBaby Basic Erkek Yaz Köpek Balığı Baskılı T-Shirt Erkek Bebek,ebebek Hello Baby,T-Shirt,https://www.trendyol.com/ebebek-hello-baby/hellobaby-basic-erkek-yaz-kopek-baligi-baskili-t-shirt-erkek-bebek-p-917286254?boutiqueId=61&merchantId=392,ebebek,,85.6,213.99,60,,TRY,"[""Sepette %60 İndirim"",""Kargo Bedava""]",InStock,100 adetten fazla stok sunulmuştur,,,,,4.4,31,12,,4,356 kişinin sepetinde,911 kişi favoriledi,,4999,TRY,0,3,1,6,Tahmini Teslim:,En Çok Satan 9. Ürün,https://cdn.dsmcdn.com/ty1647/prod/QC/20250312/17/ffee1c70-492c-33ea-9fc2-2550d6bf042e/1_org_zoom.jpg,"{""Desen"":""Baskılı"",""Yıkama Talimatı"":""Type 1"",""Kalıp"":""Regular"",""Yaka Tipi"":""Bisiklet Yaka"",""Materyal"":""Pamuk"",""Renk"":""Sarı"",""Kumaş Tipi"":""Belirtilmemiş"",""Kol Tipi"":""Kısa Kol"",""Kol Boyu"":""Kısa"",""Boy"":""Regular"",""Ortam"":""Günlük"",""Siluet"":""Basic"",""Materyal Bileşeni"":""100% Pamuk"",""Menşei"":""TR"",""Kutu Durumu"":""Kutu yok""}",12,4.5,refreshed,"[""daily_top""]",true,2026-08-21T09:00:50+03:00,0,"[""search_result_dom"",""product_detail_jsonld"",""product_detail_dom""]","{""title"":""observed"",""brand"":""observed"",""seller_name"":""observed"",""seller_score"":""unavailable"",""price"":""observed"",""original_price"":""observed"",""campaigns"":""observed"",""stock_status"":""observed"",""stock_signal"":""observed"",""rating"":""observed"",""rating_count"":""observed"",""review_count"":""observed"",""question_count"":""observed"",""delivery_summary"":""observed"",""shipping_cost"":""observed"",""properties"":""observed""}",true,
2026-08-21,2026-08-21T09:00:50+03:00,çocuk,BEST_SELLER,genel-cocuk,çocuk,199,15,199,199,9,cocuk:genel-cocuk,199,,21.1,8.9,1041598074,117697,1041598074:117697,YUNUSOĞLU HOME Anne Bebek Keçe Bakım Çantası Yenidoğan İçin Organizer Düzenleyici Çok Amaçlı,YUNUSOĞLU HOME,,https://www.trendyol.com/yunusoglu-home/anne-bebek-kece-bakim-cantasi-yenidogan-icin-organizer-duzenleyici-cok-amacli-p-1041598074?boutiqueId=61&merchantId=117697,YUNUSOĞLU HOME,,199,,,,TRY,"[""Kargo Bedava""]",InStock,100 adetten fazla stok sunulmuştur,,,,,4.3,431,,,9,364 kişinin sepetinde,"14,1B kişi favoriledi",Son 24 saatte 394 kişi görüntüledi,,,0,,,,1 saat 51 dakika içinde sipariş verirsen en geç bugün kargoda!,,,{},0,,refreshed,"[""daily_top""]",true,2026-08-21T09:00:50+03:00,0,"[""search_result_dom"",""product_detail_jsonld"",""product_detail_dom""]","{""title"":""observed"",""brand"":""observed"",""seller_name"":""observed"",""seller_score"":""unavailable"",""price"":""observed"",""original_price"":""unavailable"",""campaigns"":""observed"",""stock_status"":""observed"",""stock_signal"":""observed"",""rating"":""observed"",""rating_count"":""observed"",""review_count"":""unavailable"",""question_count"":""observed"",""delivery_summary"":""observed"",""shipping_cost"":""unavailable"",""properties"":""observed""}",true,
2026-08-21,2026-08-21T09:00:50+03:00,çocuk,BEST_SELLER,genel-cocuk,çocuk,200,15,200,200,,cocuk:genel-cocuk,200,,10,20,1174371197,1260549,1174371197:1260549,artiki 2li Çay Toka,artiki,Toka,https://www.trendyol.com/artiki/2li-cay-toka-p-1174371197?boutiqueId=61&merchantId=1260549,Artiki Tasarım,93,260,,,,TRY,"[""Kargo Bedava""]",InStock,10 adetten fazla stok sunulmuştur,,,,,4.7,28,17,,5,472 kişinin sepetinde,"5,6B kişi favoriledi",Son 24 saatte 529 kişi görüntüledi,4999,TRY,0,3,1,6,Tahmini Teslim:,,https://cdn.dsmcdn.com/ty1922/prod/QC_PREP/20260721/19/6eac6386-5cf3-3608-98e0-28bb64005e26/1_org_zoom.jpg,"{""Desen"":""Düz"",""Renk"":""Kırmızı"",""Menşei"":""TR""}",17,4.65,refreshed,"[""daily_top""]",true,2026-08-21T09:00:50+03:00,0,"[""search_result_dom"",""product_detail_jsonld"",""product_detail_dom""]","{""title"":""observed"",""brand"":""observed"",""seller_name"":""observed"",""seller_score"":""observed"",""price"":""observed"",""original_price"":""unavailable"",""campaigns"":""observed"",""stock_status"":""observed"",""stock_signal"":""observed"",""rating"":""observed"",""rating_count"":""observed"",""review_count"":""observed"",""question_count"":""observed"",""delivery_summary"":""observed"",""shipping_cost"":""observed"",""properties"":""observed""}",true,
