rank_scope,rank_scope_position,bestseller_rank,rank_delta,trend_score,niche_score,product_id,merchant_id,offer_key,title,brand,seller_name,price,original_price,price_delta_percent,stock_status,sales_signal,sales_signal_days,sales_signal_min,sales_signal_daily_min,rating,review_count,review_delta,question_count,campaigns,delivery_summary,detail_status,detail_age_days,url
otomobil-motosiklet:otomobil-motosiklet-cok-satanlar,15,15,-4,126.3,39.7,876956722,,876956722:unknown,3M Size Özel Kişiye Özel Ad Soyad Imza Sticker 1 Adet / Etiket / Araç Sticker / Araba Sticker,3M,levvas,23,49.89,17.9,InStock,3 günde 250+ ürün satıldı!,3,250,83.3,3.9,188,1,3091,"[""Son 10 Günün En Düşük Fiyatı"",""Sepette %1 İndirim"",""Kargo Bedava"",""Son 10 günün en düşük fiyatı""]",10 saat 28 dakika içinde sipariş verirsen en geç yarın kargoda!,refreshed,0,https://www.trendyol.com/3m/size-ozel-kisiye-ozel-ad-soyad-imza-sticker-1-adet-etiket-arac-sticker-araba-sticker-p-876956722
otomobil-motosiklet:otomobil-motosiklet-cok-satanlar,1,1,0,120.6,70.3,939791424,,939791424:unknown,CLNK Araba Güneş Gölge Koruyucu Yenilenmiş Yansıtma Teknoloji Şemsiye Oto Ön Cam Güneşlik Araç Şemsiyesi,CLNK,CLNK TECH,199,,-30.2,InStock,3 günde 1B+ ürün satıldı!,3,1000,333.3,4.1,1722,6,1442,"[""Kargo Bedava""]",Tahmini Teslim:,refreshed,0,https://www.trendyol.com/clnk/araba-gunes-golge-koruyucu-yenilenmis-yansitma-teknoloji-semsiye-oto-on-cam-guneslik-arac-semsiyesi-p-939791424
otomobil-motosiklet:otomobil-motosiklet-cok-satanlar,5,5,3,115,46.7,378946840,,378946840:unknown,Fine Clean ( 90x60 Cm ) Maxi Boy Mikrofiber Oto Yıkama Ve Araba Kurulama Bezi Ekstra Su Emici,Fine Clean,Fine Clean,179.91,199.9,0,InStock,3 günde 500+ ürün satıldı!,3,500,166.7,4.3,2136,2,247,"[""Trendyol Plus'a Özel"",""Kargo Bedava""]",Tahmini Teslim:,refreshed,0,https://www.trendyol.com/fine-clean/90x60-cm-maxi-boy-mikrofiber-oto-yikama-ve-araba-kurulama-bezi-ekstra-su-emici-p-378946840
otomobil-motosiklet:otomobil-motosiklet-cok-satanlar,2,2,0,114.2,44.9,955288272,,955288272:unknown,auhma AHV-02 Kablosuz Araç İçi Süpürge Mor | 21000PA Güçlü Vakum | Fırçasız Motor | Üfleme & Vakum Ö,auhma,7GO,1279,,0,InStock,3 günde 500+ ürün satıldı!,3,500,166.7,4.4,5461,14,2152,"[""Kargo Bedava"",""Peşin Fiyatına 3 Taksit""]",Tahmini Teslim:,refreshed,0,https://www.trendyol.com/auhma/ahv-02-kablosuz-arac-ici-supurge-mor-21000pa-guclu-vakum-fircasiz-motor-ufleme-vakum-o-p-955288272
otomobil-motosiklet:otomobil-motosiklet-cok-satanlar,4,4,3,109.5,44.7,737181074,,737181074:unknown,Universal Araç Ön Cam Güneşliği Katlanabilir Şemsiye Oto Güneşlik UV Korumalı Gölgelik Araba Oto Şemsiyesi,Universal,Eymen Ticaret,298,,10.1,InStock,3 günde 500+ ürün satıldı!,3,500,166.7,4.1,4445,0,2977,"[""Sepette %5 İndirim"",""Kargo Bedava"",""Trendyol Plus'a Özel""]",Tahmini Teslim:,refreshed,0,https://www.trendyol.com/universal/arac-on-cam-gunesligi-katlanabilir-semsiye-oto-guneslik-uv-korumali-golgelik-araba-oto-semsiyesi-p-737181074
otomobil-motosiklet:otomobil-motosiklet-cok-satanlar,7,7,3,106.4,44.7,971289078,,971289078:unknown,EVİMA Katlanabilir Oto Güneşlik Şemsiye 75x140 cm UV Korumalı Ön Cam Güneş Koruyucu,EVİMA,EVİMA,248.39,306.66,0,InStock,3 günde 250+ ürün satıldı!,3,250,83.3,4.4,141,4,132,"[""Trendyol Plus'a Özel"",""Kargo Bedava""]",28 dakika 22 saniye içinde sipariş verirsen en geç bugün kargoda!,refreshed,0,https://www.trendyol.com/evima/katlanabilir-oto-guneslik-semsiye-75x140-cm-uv-korumali-on-cam-gunes-koruyucu-p-971289078
otomobil-motosiklet:arac-ici-aksesuar,15,115,72,102.3,25.2,876683092,724455,876683092:724455,UZMANLAR Silikon Vantuzlu Telefon Tutacağı Vantuzlu 1 adet Cep Telefonu Tutucu,UZMANLAR,KOZAOUTLET,21,30,,InStock,,,,,3.7,610,0,977,"[""Son 10 Günün En Düşük Fiyatı"",""Sepette %10 İndirim"",""Kargo Bedava"",""Son 10 günün en düşük fiyatı""]",Tahmini Teslim:,refreshed,0,https://www.trendyol.com/uzmanlar/silikon-vantuzlu-telefon-tutacagi-vantuzlu-1-adet-cep-telefonu-tutucu-p-876683092?boutiqueId=61&merchantId=724455
otomobil-motosiklet:arac-ici-aksesuar,1,101,47,102.2,30.3,130865410,185368,130865410:185368,MeyZone Araç Içi Park Telefon Numarası Fosforlu Numaratör Oto Cam Kartı,MeyZone,MeyZone,87.22,,0,InStock,,,,,4.5,1066,1,108,"[""Sepette %1 İndirim"",""Kargo Bedava"",""Trendyol Plus'a Özel""]",26 dakika içinde sipariş verirsen en geç bugün kargoda!,refreshed,0,https://www.trendyol.com/meyzone/arac-ici-park-telefon-numarasi-fosforlu-numarator-oto-cam-karti-p-130865410?boutiqueId=61&merchantId=185368
otomobil-motosiklet:otomobil-motosiklet-cok-satanlar,8,8,-4,102,32.6,975598255,,975598255:unknown,EZERE TurboVac 20000pa Güçlü Dijital Göstergeli Vakumlu Kablosuz Üflemeli Mini Araç Süpürgesi,EZERE,Akıllıphone,1139.05,1199,0,InStock,3 günde 250+ ürün satıldı!,3,250,83.3,4.5,3982,8,857,"[""Trendyol Plus'a Özel"",""Kargo Bedava"",""Peşin Fiyatına 3 Taksit""]",2 saat 28 dakika içinde sipariş verirsen en geç bugün kargoda!,refreshed,0,https://www.trendyol.com/ezere/turbovac-20000pa-guclu-dijital-gostergeli-vakumlu-kablosuz-uflemeli-mini-arac-supurgesi-p-975598255
otomobil-motosiklet:arac-ici-aksesuar,4,104,45,100.1,24.9,49085647,449633,49085647:449633,batcell Araba Araç içi Cep Telefonu Tutucu,batcell,MKEY TEKNOLOJİ,151.99,,0,InStock,,,,,3.7,3297,-2,677,"[""Kargo Bedava""]",25 dakika 55 saniye içinde sipariş verirsen en geç bugün kargoda!,refreshed,0,https://www.trendyol.com/batcell/araba-arac-ici-cep-telefonu-tutucu-p-49085647?boutiqueId=61&merchantId=449633
otomobil-motosiklet:arac-ici-aksesuar,2,102,53,99.2,40.8,1062921611,1096859,1062921611:1096859,"SHOWLIGHT Vakumlu Slikon Vantuz Telefon Tutucu, Cep Telefonu İçin Yapışkanlı Kaymaz Tutucu Cama Yapışan",SHOWLIGHT,ARTEBA Global,44,48.89,0,InStock,,,,,3.3,,0,17,"[""Sepette %10 İndirim"",""Kargo Bedava""]",10 saat 25 dakika içinde sipariş verirsen en geç yarın kargoda!,refreshed,0,https://www.trendyol.com/showlight/vakumlu-slikon-vantuz-telefon-tutucu-cep-telefonu-icin-yapiskanli-kaymaz-tutucu-cama-yapisan-p-1062921611?boutiqueId=61&merchantId=1096859
otomobil-motosiklet:otomobil-motosiklet-cok-satanlar,3,3,3,97.7,58.9,1126496613,,1126496613:unknown,SHHOBİ Araba Klima Süsü Papatya Araç İçi Aksesuar Klipsli Takmalı 1 Adet (Klips Sağlamlaştırıldı),SHHOBİ,SHHOBİ LAB,32.98,,0,InStock,3 günde 500+ ürün satıldı!,3,500,166.7,4.2,83,0,20,"[""Kargo Bedava""]",10 saat 28 dakika içinde sipariş verirsen en geç yarın kargoda!,refreshed,0,https://www.trendyol.com/shhobi/araba-klima-susu-papatya-arac-ici-aksesuar-klipsli-takmali-1-adet-klips-saglamlastirildi-p-1126496613
otomobil-motosiklet:otomobil-motosiklet-cok-satanlar,37,37,6,95.4,18.6,888165164,,888165164:unknown,Genel Markalar Silikon Vakumlu Yapışkanlı Kaymaz Vantuz Cep Telefon Tutucu Akrobat Siyah Belirtilmemiş Silikon,Genel Markalar,KarakayaStore,24,70,0,InStock,3 günde 100+ ürün satıldı!,3,100,33.3,3.8,,0,174,"[""Kargo Bedava""]",Tahmini Teslim:,refreshed,0,https://www.trendyol.com/genel-markalar/silikon-vakumlu-yapiskanli-kaymaz-vantuz-cep-telefon-tutucu-akrobat-siyah-belirtilmemis-silikon-p-888165164
otomobil-motosiklet:otomobil-motosiklet-cok-satanlar,9,9,-4,94.3,32.8,849262464,,849262464:unknown,Woyax Kancalı Araç Içi Premium Telefon Tutucu - Araba Telefon Tutacağı Havalandırma Için,Woyax,Woyax Deji,494.8,,0,InStock,3 günde 250+ ürün satıldı!,3,250,83.3,4.7,3286,4,1613,"[""Kargo Bedava""]",28 dakika 22 saniye içinde sipariş verirsen en geç bugün kargoda!,refreshed,0,https://www.trendyol.com/woyax/kancali-arac-ici-premium-telefon-tutucu-araba-telefon-tutacagi-havalandirma-icin-p-849262464
otomobil-motosiklet:otomobil-motosiklet-cok-satanlar,11,11,15,93.4,38.7,1140522243,,1140522243:unknown,auhma AHV-29 Kablosuz Araç Süpürgesi 220W 22000Pa Güçlü Vakum & Üfleme Özellikli Şarjlı Oto Süpürge,auhma,7GO,1637.48,1819.42,0,InStock,3 günde 250+ ürün satıldı!,3,250,83.3,4.5,452,4,339,"[""Kargo Bedava"",""Peşin Fiyatına 3 Taksit""]",Tahmini Teslim:,refreshed,0,https://www.trendyol.com/auhma/ahv-29-kablosuz-arac-supurgesi-220w-22000pa-guclu-vakum-ufleme-ozellikli-sarjli-oto-supurge-p-1140522243
otomobil-motosiklet:arac-ici-aksesuar,5,105,37,93.3,29.2,849111553,120735,849111553:120735,Woyax Güçlü Mıknatıslı Kancalı Araç Içi Telefon Tutucu - Magsafe Iphone Uyumlu Havalandırma Için,Woyax,Woyax Deji,499.8,,0,InStock,,,,,4.7,821,2,375,"[""Kargo Bedava""]",25 dakika 53 saniye içinde sipariş verirsen en geç bugün kargoda!,refreshed,0,https://www.trendyol.com/woyax/guclu-miknatisli-kancali-arac-ici-telefon-tutucu-magsafe-iphone-uyumlu-havalandirma-icin-p-849111553?boutiqueId=61&merchantId=120735
otomobil-motosiklet:arac-ici-aksesuar,6,106,31,92.6,27.4,905058102,193500,905058102:193500,WANNA PROTECT 360 Dönebilen Kancalı Araç İçi Parlak Premium Telefon Tutucu Havalandırma Araba Telefon Tutacağı,WANNA PROTECT,HyperCep,299,,50.3,InStock,,,,,4.3,,0,280,"[""Kargo Bedava""]",Tahmini Teslim:,refreshed,0,https://www.trendyol.com/wanna-protect/360-donebilen-kancali-arac-ici-parlak-premium-telefon-tutucu-havalandirma-araba-telefon-tutacagi-p-905058102?boutiqueId=61&merchantId=193500
otomobil-motosiklet:arac-ici-aksesuar,3,103,32,89.8,37.7,857296077,,857296077:unknown,Apple Yenilenmiş IPHONE 16 PRO MAX 256GB -B Kalite- Siyah Titanyum,Apple,Getmobil,92999,,0,InStock,,,,,4.6,94,0,99,"[""750 TL Kupon"",""Kargo Bedava"",""Peşin Fiyatına 9 Taksit""]",Tahmini Teslim:,refreshed,0,https://www.trendyol.com/apple/iphone-16-pro-max-256gb-siyah-titanyum-p-857296077
otomobil-motosiklet:otomobil-motosiklet-cok-satanlar,6,6,-3,87.6,51,1133197795,,1133197795:unknown,Lionix Silikon Vakumlu Yapışkanlı Kaymaz Vantuz Cep Telefon Tutucu 12 Renk Seçeneği,Lionix,Lionix Store,23.99,24.99,0,InStock,3 günde 250+ ürün satıldı!,3,250,83.3,4,26,0,249,"[""Trendyol Plus'a Özel"",""Kargo Bedava""]",10 saat 28 dakika içinde sipariş verirsen en geç yarın kargoda!,refreshed,0,https://www.trendyol.com/lionix/silikon-vakumlu-yapiskanli-kaymaz-vantuz-cep-telefon-tutucu-12-renk-secenegi-p-1133197795
otomobil-motosiklet:arac-ici-aksesuar,8,108,32,86.2,28.8,888546790,814068,888546790:814068,"papirusart Fotoğraflı Araba Süsü, Kişiye özel Oto süsü, Kokusuzdur, Sevgililer Günü için Hediye Fikri",papirusart,PapirusArt,192.08,,0,InStock,,,,,4.7,595,3,308,"[""Sepette %20 İndirim"",""Kargo Bedava"",""Trendyol Plus'a Özel""]",Tahmini Teslim:,refreshed,0,https://www.trendyol.com/papirusart/fotografli-araba-susu-kisiye-ozel-oto-susu-kokusuzdur-sevgililer-gunu-icin-hediye-fikri-p-888546790?boutiqueId=61&merchantId=814068
otomobil-motosiklet:arac-ici-aksesuar,9,109,30,85.5,27,979239694,1155325,979239694:1155325,Genel Markalar Oto Geçmeli Direksiyon Kılıfı 38cm %100 Yerli Üretim Noktalı Siyah Düz Siyah 1.Kalite Suni Deri,Genel Markalar,Form Oto Aksesuar Sanayi,204,,0,InStock,,,,,4.5,,0,1175,"[""Sepette %1 İndirim"",""Kargo Bedava"",""Trendyol Plus'a Özel""]",10 saat 25 dakika içinde sipariş verirsen en geç yarın kargoda!,refreshed,0,https://www.trendyol.com/genel-markalar/oto-gecmeli-direksiyon-kilifi-38cm-100-yerli-uretim-noktali-siyah-duz-siyah-1-kalite-suni-deri-p-979239694?boutiqueId=61&merchantId=1155325
otomobil-motosiklet:otomobil-motosiklet-cok-satanlar,25,25,3,85.3,41.7,1135506046,,1135506046:unknown,SWOORD Ferrari Logo Sarı (5 x 5 cm) İkili Etiket Sticker,SWOORD,Alapak,17.99,29.98,0,InStock,3 günde 250+ ürün satıldı!,3,250,83.3,3.7,24,0,32,"[""Sepette %40 İndirim"",""660 TL Kupon"",""Kargo Bedava""]",Tahmini Teslim:,refreshed,0,https://www.trendyol.com/swoord/ferrari-logo-sari-5-x-5-cm-ikili-etiket-sticker-p-1135506046
otomobil-motosiklet:otomobil-motosiklet-cok-satanlar,23,23,2,84.6,27.5,920708166,,920708166:unknown,m.tk moveteck 360 Dönebilen Ayarlanabilir Araç Içi Tutucu Kullanılabilen Vakumlu K007 Magsafe Telefon Tutucu,m.tk moveteck,CaseStore,199.92,249.9,0,InStock,3 günde 250+ ürün satıldı!,3,250,83.3,4.1,1999,3,904,"[""Sepette %20 İndirim"",""Kargo Bedava""]",Tahmini Teslim:,refreshed,0,https://www.trendyol.com/m-tk-moveteck/360-donebilen-ayarlanabilir-arac-ici-tutucu-kullanilabilen-vakumlu-k007-magsafe-telefon-tutucu-p-920708166
otomobil-motosiklet:arac-ici-aksesuar,7,107,40,84.3,33.2,809622308,108498,809622308:108498,Ally Z1S Araç İçi Havalandırma Telefon Tutucu SİYAH,Ally,Akıllıphone,178.42,,0,InStock,,,,,4.3,192,1,131,"[""Kargo Bedava"",""Trendyol Plus'a Özel""]",10 saat 25 dakika içinde sipariş verirsen en geç yarın kargoda!,refreshed,0,https://www.trendyol.com/ally/z1s-arac-ici-havalandirma-telefon-tutucu-siyah-p-809622308?boutiqueId=61&merchantId=108498
otomobil-motosiklet:otomobil-motosiklet-cok-satanlar,13,13,-4,82.5,34.5,957235659,,957235659:unknown,Genel Markalar PLEKSİ MARKALAMA ARAÇ PLAKALIĞI 2 ADET,Genel Markalar,Parker Otomotiv A.Ş,199.99,,11.1,InStock,3 günde 250+ ürün satıldı!,3,250,83.3,3.7,1113,4,3364,"[""Sepette %1 İndirim"",""Kargo Bedava""]",Tahmini Teslim:,refreshed,0,https://www.trendyol.com/genel-markalar/pleksi-markalama-arac-plakaligi-2-adet-p-957235659
otomobil-motosiklet:arac-ici-aksesuar,11,111,40,81.6,26.9,53255875,256324,53255875:256324,CMT Oto Araç İçi Mandallı Gözlük Tutucu Tutacağı Gözlük Klipsi TEK,CMT,MorzaPazari,18.31,18.5,,InStock,,,,,3.5,665,0,23,"[""Sepette %1 İndirim"",""10 TL Kupon"",""Kargo Bedava""]",Tahmini Teslim:,refreshed,0,https://www.trendyol.com/cmt/oto-arac-ici-mandalli-gozluk-tutucu-tutacagi-gozluk-klipsi-tek-p-53255875?boutiqueId=61&merchantId=256324
otomobil-motosiklet:arac-ici-aksesuar,10,110,35,81.4,28.6,967000752,108498,967000752:108498,Ally Powerjet Pro 20000pa Güçlü Portatif Tasinabilir Vakumlu Kablosuz Üflemeli Mini Araç Süpürgesi,Ally,Akıllıphone,1139.05,,0,InStock,,,,,4.5,469,1,209,"[""Kargo Bedava"",""Peşin Fiyatına 3 Taksit"",""Trendyol Plus'a Özel""]",2 saat 25 dakika içinde sipariş verirsen en geç bugün kargoda!,refreshed,0,https://www.trendyol.com/ally/powerjet-pro-20000pa-guclu-portatif-tasinabilir-vakumlu-kablosuz-uflemeli-mini-arac-supurgesi-p-967000752?boutiqueId=61&merchantId=108498
otomobil-motosiklet:otomobil-motosiklet-cok-satanlar,12,12,1,81.3,38.3,1095935562,,1095935562:unknown,Q Aksesuar Vakumlu Silikon Vantuzlu Yapışkanlı Telefon Tutucu (1 ADET) Pembe Beyaz,Q Aksesuar,Q Aksesuar,49.9,,0,InStock,3 günde 250+ ürün satıldı!,3,250,83.3,3.9,,0,100,"[""Kargo Bedava""]",10 saat 28 dakika içinde sipariş verirsen en geç yarın kargoda!,refreshed,0,https://www.trendyol.com/q-aksesuar/vakumlu-silikon-vantuzlu-yapiskanli-telefon-tutucu-1-adet-pembe-beyaz-p-1095935562
otomobil-motosiklet:otomobil-motosiklet-cok-satanlar,21,21,-2,79.1,28.9,890369421,,890369421:unknown,MeyZone Metal Kasa Numara Çevirmeli Araç İçi Telefon Numaratör Park Numarası Parkmatik Araba Numaratör,MeyZone,MeyZone,115.74,129.9,0,InStock,3 günde 250+ ürün satıldı!,3,250,83.3,4.2,1793,1,145,"[""Trendyol Plus'a Özel"",""Sepette %1 İndirim"",""Kargo Bedava""]",28 dakika 1 saniye içinde sipariş verirsen en geç bugün kargoda!,refreshed,0,https://www.trendyol.com/meyzone/metal-kasa-numara-cevirmeli-arac-ici-telefon-numarator-park-numarasi-parkmatik-araba-numarator-p-890369421
otomobil-motosiklet:otomobil-motosiklet-cok-satanlar,16,16,8,77.2,32.4,242133102,,242133102:unknown,BYENS Oto Güneşlik Perde Araba Yan Cam Perdesi Güneş Önleyici Araç Içi Güneşliği Için Sinekliği,BYENS,Pratik Center BYENS,168.98,,0,InStock,3 günde 250+ ürün satıldı!,3,250,83.3,4.3,1328,0,1656,"[""Kargo Bedava""]",Tahmini Teslim:,refreshed,0,https://www.trendyol.com/byens/oto-guneslik-perde-araba-yan-cam-perdesi-gunes-onleyici-arac-ici-gunesligi-icin-sinekligi-p-242133102
otomobil-motosiklet:otomobil-motosiklet-cok-satanlar,14,14,3,76.3,38.2,823117877,,823117877:unknown,Genel Markalar Tüm Araçlar Için Araba Ön Cam Güneşlik Katlanabilir Güneşlik Şemsiye Ön Cam Gölgelik Esnek,Genel Markalar,Zue Gift,184.99,,0,InStock,3 günde 250+ ürün satıldı!,3,250,83.3,4.1,332,5,271,"[""Kargo Bedava""]",10 saat 28 dakika içinde sipariş verirsen en geç yarın kargoda!,refreshed,0,https://www.trendyol.com/genel-markalar/tum-araclar-icin-araba-on-cam-guneslik-katlanabilir-guneslik-semsiye-on-cam-golgelik-esnek-p-823117877
otomobil-motosiklet:otomobil-motosiklet-cok-satanlar,17,17,1,75.9,31.2,59388085,,59388085:unknown,Sportlife Şişme Yatak Araba Ve Kamp Yatağı Çanta Elektrikli Pompa Tamir Kiti Ve Yastıklı Yatak Seti,Sportlife,Realx,1199,,0,InStock,3 günde 250+ ürün satıldı!,3,250,83.3,4.3,1651,4,2181,"[""Kargo Bedava"",""Peşin Fiyatına 3 Taksit""]",10 saat 28 dakika içinde sipariş verirsen en geç yarın kargoda!,refreshed,0,https://www.trendyol.com/sportlife/sisme-yatak-araba-ve-kamp-yatagi-canta-elektrikli-pompa-tamir-kiti-ve-yastikli-yatak-seti-p-59388085
otomobil-motosiklet:otomobil-motosiklet-cok-satanlar,19,19,3,75.3,26.8,45721981,,45721981:unknown,FRT Ottoman Ayak Altı Led 12 Ledli Lamba Sese Duyarlı Led Müziğe Duyarlı Led,FRT Ottoman,Mega Oto Market,298.49,,0,InStock,3 günde 250+ ürün satıldı!,3,250,83.3,4.3,4339,-1,3083,"[""Kargo Bedava""]",Tahmini Teslim:,refreshed,0,https://www.trendyol.com/frt-ottoman/ayak-alti-led-12-ledli-lamba-sese-duyarli-led-muzige-duyarli-led-p-45721981
otomobil-motosiklet:arac-ici-aksesuar,12,112,,75.2,30.8,944554981,867640,944554981:867640,Modifiyum Araç Içi Park Telefon Numarası Fosforlu Numaratör Oto Cam Kartı Siyah,Modifiyum,Modifiyum,137.61,139,,InStock,,,,,4.7,187,0,27,"[""Sepette %1 İndirim"",""Kargo Bedava""]",Tahmini Teslim:,refreshed,0,https://www.trendyol.com/modifiyum/arac-ici-park-telefon-numarasi-fosforlu-numarator-oto-cam-karti-siyah-p-944554981?boutiqueId=61&merchantId=867640
otomobil-motosiklet:arac-ici-aksesuar,14,114,30,75.2,24.8,42572747,968792,42572747:968792,CMT Fosforlu Acılır Kapanabilir Numaratör Ön Torpido Üstü Telefon Numarası Göstergesi Araba,CMT,LOVEBELLA,25,,-13.8,InStock,,,,,4.3,795,0,48,"[""15 TL Kupon"",""Sepette %1 İndirim"",""Kargo Bedava""]",1 saat 25 dakika içinde sipariş verirsen en geç bugün kargoda!,refreshed,0,https://www.trendyol.com/cmt/fosforlu-acilir-kapanabilir-numarator-on-torpido-ustu-telefon-numarasi-gostergesi-araba-p-42572747?boutiqueId=61&merchantId=968792
otomobil-motosiklet:otomobil-motosiklet-cok-satanlar,10,10,2,74.5,52.1,1166626657,,1166626657:unknown,SHHOBİ Pembe Kurdele Araba Klima Süsü - Pembe Fiyonk Torpido Süsü Torpido Aksesuar Klipsli 1 Adet,SHHOBİ,SHHOBİ LAB,32.33,32.99,0,InStock,3 günde 250+ ürün satıldı!,3,250,83.3,4.8,10,0,3,"[""Sepette %2 İndirim"",""Kargo Bedava""]",10 saat 28 dakika içinde sipariş verirsen en geç yarın kargoda!,refreshed,0,https://www.trendyol.com/shhobi/pembe-kurdele-araba-klima-susu-pembe-fiyonk-torpido-susu-torpido-aksesuar-klipsli-1-adet-p-1166626657
otomobil-motosiklet:otomobil-motosiklet-cok-satanlar,75,75,,73.2,26.9,1168040419,,1168040419:unknown,Bayırtech YÜKSEK KALİTELİ Araba Bardak Altlığı Silikon Araç İçi Kaymaz Telefon Para Malzeme Tutucu SİYAH Renk 65 mm,Bayırtech,Bayır E-Ticaret,50,140,,InStock,3 günde 100+ ürün satıldı!,3,100,33.3,4.4,7,0,9,"[""Kargo Bedava""]",10 saat 26 dakika içinde sipariş verirsen en geç yarın kargoda!,refreshed,0,https://www.trendyol.com/bayirtech/yuksek-kaliteli-araba-bardak-altligi-silikon-arac-ici-kaymaz-telefon-para-malzeme-tutucu-siyah-renk-65-mm-p-1168040419
otomobil-motosiklet:otomobil-motosiklet-cok-satanlar,22,22,-8,72.5,32.1,756388444,,756388444:unknown,AutoFresh Koku Bombası Klima Fresh Klima Temizleyici Kötü Koku Giderici Sprey Amber Esanslı 150 ML,AutoFresh,AUTOFRESH,134.1,149,0,InStock,3 günde 250+ ürün satıldı!,3,250,83.3,4.4,612,1,106,"[""Trendyol Plus'a Özel"",""Kargo Bedava""]",2 saat 27 dakika içinde sipariş verirsen en geç bugün kargoda!,refreshed,0,https://www.trendyol.com/autofresh/koku-bombasi-klima-fresh-klima-temizleyici-kotu-koku-giderici-sprey-amber-esansli-150-ml-p-756388444
otomobil-motosiklet:arac-ici-aksesuar,16,116,41,72.5,22.5,932877302,110546,932877302:110546,Fibaks 360 Dönebilen Araç İçi Telefon Tutucu Vakumlu Magsafe Destekli Masa Üstü Duvar Halka Telefon Tutucu,Fibaks,Fibaks,199.99,,0,InStock,,,,,3.9,,0,278,"[""Kargo Bedava""]",3 saat 25 dakika içinde sipariş verirsen en geç bugün kargoda!,refreshed,0,https://www.trendyol.com/fibaks/360-donebilen-arac-ici-telefon-tutucu-vakumlu-magsafe-destekli-masa-ustu-duvar-halka-telefon-tutucu-p-932877302?boutiqueId=61&merchantId=110546
otomobil-motosiklet:otomobil-motosiklet-cok-satanlar,18,18,2,68.1,38.6,1040758962,,1040758962:unknown,Genel Markalar Bisiklet Scooter Motosiklet Otomatik Tuşlu Motosiklet Gidon Bağlantılı Telefon Tutucu,Genel Markalar,Ayers Teknoloji,185.93,190,-6.6,InStock,3 günde 250+ ürün satıldı!,3,250,83.3,4.2,168,2,313,"[""Son 10 Günün En Düşük Fiyatı"",""Kargo Bedava"",""Son 10 günün en düşük fiyatı""]",10 saat 28 dakika içinde sipariş verirsen en geç yarın kargoda!,refreshed,0,https://www.trendyol.com/genel-markalar/bisiklet-scooter-motosiklet-otomatik-tuslu-motosiklet-gidon-baglantili-telefon-tutucu-p-1040758962
otomobil-motosiklet:arac-ici-aksesuar,19,119,41,67.2,22.9,971819251,1109461,971819251:1109461,Amentes Tüm Araçlar İçin Araba Ön Cam Güneşlik Uyumlu ESNEK Katlanabilir Güneşlik Şemsiye Ön Cam Gölgelik,Amentes,,190,195,0,InStock,,,,,4,664,1,,"[""Son 10 Günün En Düşük Fiyatı"",""Kargo Bedava"",""Son 10 günün en düşük fiyatı"",""Trendyol Plus'a Özel""]",Tahmini Teslim:,refreshed,0,https://www.trendyol.com/amentes/tum-araclar-icin-araba-on-cam-guneslik-uyumlu-esnek-katlanabilir-guneslik-semsiye-on-cam-golgelik-p-971819251?boutiqueId=61&merchantId=1109461
otomobil-motosiklet:arac-ici-aksesuar,13,113,41,67.1,35.4,1108696361,1236820,1108696361:1236820,EVELLA HOME Oto Bagaj Düzenleyici Organizer Çanta 50x25x15 cm Katlanabilir Araç Bagaj Çantası,EVELLA HOME,Evella Home,155.19,,0,InStock,,,,,4.1,43,2,13,"[""Kargo Bedava""]",1 saat 25 dakika içinde sipariş verirsen en geç bugün kargoda!,refreshed,0,https://www.trendyol.com/evella-home/oto-bagaj-duzenleyici-organizer-canta-50x25x15-cm-katlanabilir-arac-bagaj-cantasi-p-1108696361?boutiqueId=61&merchantId=1236820
otomobil-motosiklet:otomobil-motosiklet-cok-satanlar,63,63,8,66.5,19.3,1075455506,,1075455506:unknown,ozzen Araba Bardak Altlığı Silikon Araç İçi Kaymaz Mat Telefon Para Malzeme Tutucu SİYAH Renk 65 mm 2 ADET,ozzen,ozzen,74.99,149.99,0,InStock,3 günde 100+ ürün satıldı!,3,100,33.3,4.2,71,2,22,"[""Kargo Bedava""]",2 saat 26 dakika içinde sipariş verirsen en geç bugün kargoda!,refreshed,0,https://www.trendyol.com/ozzen/araba-bardak-altligi-silikon-arac-ici-kaymaz-mat-telefon-para-malzeme-tutucu-siyah-renk-65-mm-2-adet-p-1075455506
otomobil-motosiklet:otomobil-motosiklet-cok-satanlar,20,20,-4,64.8,36.8,1056980004,,1056980004:unknown,ReklamX Otomobil Motosiklet sticker seti 1 adet,ReklamX,Özgül Reklam,33.32,34,-2,InStock,3 günde 250+ ürün satıldı!,3,250,83.3,3.8,212,0,135,"[""Sepette %2 İndirim"",""Kargo Bedava"",""Trendyol Plus'a Özel""]",10 saat 28 dakika içinde sipariş verirsen en geç yarın kargoda!,refreshed,0,https://www.trendyol.com/reklamx/otomobil-motosiklet-sticker-seti-1-adet-p-1056980004
otomobil-motosiklet:otomobil-motosiklet-cok-satanlar,24,24,-9,63,31.6,1102463350,,1102463350:unknown,EZERE Vacpro 22000pa Güçlü Dijital Göstergeli Vakumlu Kablosuz Üflemeli Mini Araç Süpürgesi,EZERE,Akıllıphone,1376.55,1449,0,InStock,3 günde 250+ ürün satıldı!,3,250,83.3,4.4,529,529,189,"[""Trendyol Plus'a Özel"",""Kargo Bedava"",""Peşin Fiyatına 3 Taksit""]",2 saat 27 dakika içinde sipariş verirsen en geç bugün kargoda!,refreshed,0,https://www.trendyol.com/ezere/vacpro-22000pa-guclu-dijital-gostergeli-vakumlu-kablosuz-uflemeli-mini-arac-supurgesi-p-1102463350
otomobil-motosiklet:arac-ici-aksesuar,20,120,41,62.9,22.1,848919057,603209,848919057:603209,bilmel I Love You Balon Tutan Çift Minimal Torpido Aksesuarı - Sevgiliye Hediye Romantik Araba Süsü,bilmel,,350,,0,InStock,,,,,4.6,726,0,,"[""20 TL Kupon"",""Kargo Bedava""]",Tahmini Teslim:,refreshed,0,https://www.trendyol.com/bilmel/i-love-you-balon-tutan-cift-minimal-torpido-aksesuari-sevgiliye-hediye-romantik-araba-susu-p-848919057?boutiqueId=61&merchantId=603209
otomobil-motosiklet:otomobil-motosiklet-cok-satanlar,86,86,,62,5.9,785203759,,785203759:unknown,Mega Oto Market Oto Araba Güneşlik Şemsiye Tip Ön Cam Güneş Önleyici Katlanabilir 140cm X 75cm,Mega Oto Market,Mega Oto Market,271.01,399,,InStock,3 günde 100+ ürün satıldı!,3,100,33.3,4.4,3400,,1887,"[""Son 10 Günün En Düşük Fiyatı"",""Son 10 günün en düşük fiyatı""]",Tahmini Teslim:,refreshed,0,https://www.trendyol.com/mega-oto-market/oto-araba-guneslik-semsiye-tip-on-cam-gunes-onleyici-katlanabilir-140cm-x-75cm-p-785203759
otomobil-motosiklet:arac-ici-aksesuar,78,178,,60.1,12.2,955185812,1010350,955185812:1010350,COZLEY Araba Bardak Altlığı Silikon Araç İçi Kaymaz Mat Telefon Para Malzeme Tutucu Siyah Renk 65 mm,COZLEY,,74.99,129.99,,InStock,,,,,4.3,167,,,"[""Süper Fırsat Ürünü"",""Kargo Bedava""]",Tahmini Teslim:,refreshed,0,https://www.trendyol.com/cozley/araba-bardak-altligi-silikon-arac-ici-kaymaz-mat-telefon-para-malzeme-tutucu-siyah-renk-65-mm-p-955185812?boutiqueId=61&merchantId=1010350
otomobil-motosiklet:arac-ici-aksesuar,91,191,,60,24.4,1083419037,471408,1083419037:471408,Menar Tasarım Araç Koltuk Arkası Çok Amaçlı Organizer Oto Koltuk Arkası Askı Telefon Tutucu Araba İçi Düzenleyici,Menar Tasarım,KYC Bebek,74.9,164.29,,InStock,,,,,3.6,4,,,"[""Kargo Bedava""]",10 saat 23 dakika içinde sipariş verirsen en geç yarın kargoda!,refreshed,0,https://www.trendyol.com/menar-tasarim/arac-koltuk-arkasi-cok-amacli-organizer-oto-koltuk-arkasi-aski-telefon-tutucu-araba-ici-duzenleyici-p-1083419037?boutiqueId=61&merchantId=471408
otomobil-motosiklet:arac-ici-aksesuar,18,118,49,59.4,30.6,1117376980,438273,1117376980:438273,Arnee Araç İçi Koltuk Arkası Organizer Koruyucu Kılıf Eşya Düzenleyici Tablet Tutucu Organizer,Arnee,,337.25,,0,InStock,,,,,4,84,3,,"[""Kargo Bedava"",""Trendyol Plus'a Özel""]",Tahmini Teslim:,refreshed,0,https://www.trendyol.com/arnee/arac-ici-koltuk-arkasi-organizer-koruyucu-kilif-esya-duzenleyici-tablet-tutucu-organizer-p-1117376980?boutiqueId=61&merchantId=438273
otomobil-motosiklet:arac-ici-aksesuar,27,127,42,57.4,20.1,94774589,1096859,94774589:1096859,ucuzmi 2adet Telefon Araç Içi Tutucu Stant Metal Plaka Magnetic Mıknatıslı Tutucular Için Metal Saç Seti 3m,ucuzmi,ARTEBA Global,63,70,0,InStock,,,,,4.4,468,-1,198,"[""Sepette %10 İndirim"",""Kargo Bedava""]",Tahmini Teslim:,refreshed,0,https://www.trendyol.com/ucuzmi/2adet-telefon-arac-ici-tutucu-stant-metal-plaka-magnetic-miknatisli-tutucular-icin-metal-sac-seti-3m-p-94774589?boutiqueId=61&merchantId=1096859
otomobil-motosiklet:arac-ici-aksesuar,17,117,45,56,36.5,1160915665,647224,1160915665:647224,Popidima Oto Araç Içi Bardak Tutucu Çok Fonksiyonlu Içecek Tutacağı/bardaklık Car Cup Holder,Popidima,Popidima,74.99,,0,InStock,,,,,4.1,17,1,20,"[""Kargo Bedava""]",10 saat 25 dakika içinde sipariş verirsen en geç yarın kargoda!,refreshed,0,https://www.trendyol.com/popidima/oto-arac-ici-bardak-tutucu-cok-fonksiyonlu-icecek-tutacagi-bardaklik-car-cup-holder-p-1160915665?boutiqueId=61&merchantId=647224
otomobil-motosiklet:otomobil-motosiklet-cok-satanlar,26,26,-3,55.6,28.9,967708759,,967708759:unknown,"clewax 14 Parça Premium Araç, Motorsiklet Yıkama ve Bakım Seti",clewax,Clewax Group,799,,0,InStock,3 günde 250+ ürün satıldı!,3,250,83.3,4.6,860,2,335,"[""Kargo Bedava""]",10 saat 27 dakika içinde sipariş verirsen en geç yarın kargoda!,refreshed,0,https://www.trendyol.com/clewax/14-parca-premium-arac-motorsiklet-yikama-ve-bakim-seti-p-967708759
otomobil-motosiklet:otomobil-motosiklet-cok-satanlar,33,33,-4,54.5,27.6,823652745,,823652745:unknown,TECHNOMEN Kablosuz Motosiklet Kask Kulaklık İNTERCOM,TECHNOMEN,TECHNOMEN,641.75,755,0,InStock,3 günde 250+ ürün satıldı!,3,250,83.3,3.9,462,4,400,"[""Sepette %15 İndirim"",""Kargo Bedava""]",Tahmini Teslim:,refreshed,0,https://www.trendyol.com/technomen/kablosuz-motosiklet-kask-kulaklik-intercom-p-823652745
otomobil-motosiklet:otomobil-motosiklet-cok-satanlar,31,31,-10,53.6,23.5,278114100,,278114100:unknown,Single Çok Fonksiyonlu 2 In 1 Mikrofiber Araba Yıkama Fırçası Teleskopik Uzun Saplı Detay Fırçası Oto Mopu,Single,Single,284.9,299.9,0,InStock,3 günde 250+ ürün satıldı!,3,250,83.3,4.3,1991,3,376,"[""Trendyol Plus'a Özel"",""Kargo Bedava""]",2 saat 27 dakika içinde sipariş verirsen en geç bugün kargoda!,refreshed,0,https://www.trendyol.com/single/cok-fonksiyonlu-2-in-1-mikrofiber-araba-yikama-fircasi-teleskopik-uzun-sapli-detay-fircasi-oto-mopu-p-278114100
otomobil-motosiklet:arac-ici-aksesuar,23,123,40,52.9,25.6,283244067,1269451,283244067:1269451,Apexi Her Araca Uyumlu Araç Içi Ayak Aydınlatma Ambıans 12 Led 8 Renk,Apexi,,321.75,325,,InStock,,,,,4.1,174,0,,"[""Sepette %1 İndirim"",""Kargo Bedava""]",Tahmini Teslim:,refreshed,0,https://www.trendyol.com/apexi/her-araca-uyumlu-arac-ici-ayak-aydinlatma-ambians-12-led-8-renk-p-283244067?boutiqueId=61&merchantId=1269451
otomobil-motosiklet:otomobil-motosiklet-cok-satanlar,29,29,-2,52.5,24.5,815181773,,815181773:unknown,dodopleksi Kişiye Özel Lux Motor Takmatik Plakalık,dodopleksi,Parker Otomotiv A.Ş,69.99,,0,InStock,3 günde 250+ ürün satıldı!,3,250,83.3,3.8,1974,3,6900,"[""Sepette %1 İndirim"",""185 TL Kupon"",""730 TL Kupon"",""20 TL Kupon"",""Kargo Bedava"",""Son 10 Günün En Düşük Fiyatı"",""Trendyol Plus'a Özel""]",Tahmini Teslim:,refreshed,0,https://www.trendyol.com/dodopleksi/kisiye-ozel-lux-motor-takmatik-plakalik-p-815181773
otomobil-motosiklet:otomobil-motosiklet-cok-satanlar,28,28,3,52.3,27.3,783729838,,783729838:unknown,"Bricave Çok Güzelsin Güneşlik Ayna Yazısı Araba-Motosiklet Cam Etiket Sticker 7,2x1,8cm",Bricave,Bricave,24.9,,0,InStock,3 günde 250+ ürün satıldı!,3,250,83.3,4.6,1027,0,233,"[""Kargo Bedava""]",Tahmini Teslim:,refreshed,0,https://www.trendyol.com/bricave/cok-guzelsin-guneslik-ayna-yazisi-araba-motosiklet-cam-etiket-sticker-7-2x1-8cm-p-783729838
otomobil-motosiklet:arac-ici-aksesuar,25,125,21,51.6,20.9,978997861,185368,978997861:185368,MeyZone Fırça Seti Araç Oto Araba Klima Havalandırma Detaylı Temizlik Fırçası Premium Yumuşak Tüylü Fırça,MeyZone,MeyZone,133.56,,0,InStock,,,,,4.4,496,0,39,"[""Sepette %1 İndirim"",""Kargo Bedava"",""Trendyol Plus'a Özel""]",25 dakika 23 saniye içinde sipariş verirsen en geç bugün kargoda!,refreshed,0,https://www.trendyol.com/meyzone/firca-seti-arac-oto-araba-klima-havalandirma-detayli-temizlik-fircasi-premium-yumusak-tuylu-firca-p-978997861?boutiqueId=61&merchantId=185368
otomobil-motosiklet:otomobil-motosiklet-cok-satanlar,27,27,9,51.2,30.9,952402946,,952402946:unknown,Rex Aksesuar Otomobil Klima Süsü Papatya Araç Içi Aksesuar 1 ADET,Rex Aksesuar,Rex Aksesuar,17.49,,17.2,InStock,3 günde 250+ ürün satıldı!,3,250,83.3,4.4,428,2,132,"[""Sepette %2 İndirim"",""Sepette %1 İndirim"",""20 TL Kupon"",""350 TL Kupon"",""Kargo Bedava"",""Trendyol Plus'a Özel""]",27 dakika 52 saniye içinde sipariş verirsen en geç bugün kargoda!,refreshed,0,https://www.trendyol.com/rex-aksesuar/otomobil-klima-susu-papatya-arac-ici-aksesuar-1-adet-p-952402946
otomobil-motosiklet:arac-ici-aksesuar,24,124,34,51,24,888165130,1106529,888165130:1106529,Aksesuar Kasabası Silikon Vakumlu Yapışkanlı Kaymaz Vantuz Cep Telefon Tutucu,Aksesuar Kasabası,,24.78,,0,InStock,,,,,3.9,,0,78,"[""19 TL Kupon"",""199,90 TL Kupon"",""Kargo Bedava"",""Trendyol Plus'a Özel""]",Tahmini Teslim:,refreshed,0,https://www.trendyol.com/aksesuar-kasabasi/silikon-vakumlu-yapiskanli-kaymaz-vantuz-cep-telefon-tutucu-p-888165130?boutiqueId=61&merchantId=1106529
otomobil-motosiklet:arac-ici-aksesuar,21,121,71,49.6,32.9,1156692408,346231,1156692408:346231,mimtec Izgara Telefon Tutucu - 360 Dönebilen Kancalı Tüm Telefonlara Uyumlu Araç İçi Telefon Tutucu,mimtec,,179.9,,0.5,InStock,,,,,4.8,27,0,,"[""Kargo Bedava""]",Tahmini Teslim:,refreshed,0,https://www.trendyol.com/mimtec/izgara-telefon-tutucu-360-donebilen-kancali-tum-telefonlara-uyumlu-arac-ici-telefon-tutucu-p-1156692408?boutiqueId=61&merchantId=346231
otomobil-motosiklet:arac-ici-aksesuar,22,122,42,49.1,30.9,1083616434,635563,1083616434:635563,BEYLİNİ 2 Adet 4 Cepli Araç Koltuk Arkası Koruma Kılıfı Ek Oto Organizer Toz Suya dayanıklı Araba Koltuk Düzenleyici Koltuk Koruyucu,BEYLİNİ,,289.98,,45,InStock,,,,,4.1,43,1,,"[""Kargo Bedava""]",Tahmini Teslim:,refreshed,0,https://www.trendyol.com/beylini/2-adet-4-cepli-arac-koltuk-arkasi-koruma-kilifi-ek-oto-organizer-toz-suya-dayanikli-araba-koltuk-duzenleyici-koltuk-koruyucu-p-1083616434?boutiqueId=61&merchantId=635563
otomobil-motosiklet:otomobil-motosiklet-cok-satanlar,30,30,17,45.6,31,1131552012,,1131552012:unknown,Kitchen Time Araba Güneş Gölge Koruyucu Yenilenmiş Yansıtma Teknoloji Şemsiye Oto Ön Cam Güneşlik Araç Şemsiyesi,Kitchen Time,GLOBAL HOME,244.02,249,31.7,InStock,3 günde 250+ ürün satıldı!,3,250,83.3,4.1,267,1,268,"[""Trendyol Plus'a Özel"",""Kargo Bedava""]",10 saat 27 dakika içinde sipariş verirsen en geç yarın kargoda!,refreshed,0,https://www.trendyol.com/kitchen-time/araba-gunes-golge-koruyucu-yenilenmis-yansitma-teknoloji-semsiye-oto-on-cam-guneslik-arac-semsiyesi-p-1131552012
otomobil-motosiklet:arac-ici-aksesuar,26,126,30,44.5,25.5,333502813,404545,333502813:404545,BYENS Oto Güneşlik Perde Araba Yan Cam Perdesi Önleyici Araç Içi Güneşliği Için Güneş Sinekliği,BYENS,Pratik Center BYENS,179.82,,0,InStock,,,,,4.3,116,0,236,"[""Kargo Bedava""]",Tahmini Teslim:,refreshed,0,https://www.trendyol.com/byens/oto-guneslik-perde-araba-yan-cam-perdesi-onleyici-arac-ici-gunesligi-icin-gunes-sinekligi-p-333502813?boutiqueId=61&merchantId=404545
otomobil-motosiklet:arac-ici-aksesuar,30,130,44,43.6,19.6,1118309213,404545,1118309213:404545,BYENS Araba Ön Cam Güneşlik Şemsiye Araba Cam Güneşliği Otomobil Güneşlikleri Araç Oto İçi Şemsiyesi,BYENS,Pratik Center BYENS,486.87,503.19,0,InStock,,,,,4.6,352,1,203,"[""Kargo Bedava"",""Son 10 Günün En Düşük Fiyatı"",""Son 10 günün en düşük fiyatı""]",Tahmini Teslim:,refreshed,0,https://www.trendyol.com/byens/araba-on-cam-guneslik-semsiye-araba-cam-gunesligi-otomobil-guneslikleri-arac-oto-ici-semsiyesi-p-1118309213?boutiqueId=61&merchantId=404545
otomobil-motosiklet:otomobil-motosiklet-cok-satanlar,32,32,-2,41.6,27.9,823656602,,823656602:unknown,SİLVER HOME Silver Home Süper Emici Araç Kurulama Bezi 50x70 Cm - Mutfak Havlusu & Kurulama Bezi,SİLVER HOME,silverhome,143.33,,0,InStock,3 günde 250+ ürün satıldı!,3,250,83.3,4.5,482,0,68,"[""Kargo Bedava""]",Tahmini Teslim:,refreshed,0,https://www.trendyol.com/silver-home/silver-home-super-emici-arac-kurulama-bezi-50x70-cm-mutfak-havlusu-kurulama-bezi-p-823656602
otomobil-motosiklet:arac-ici-aksesuar,29,129,37,40.5,24,1073308677,1047736,1073308677:1047736,ÖZGÜL REKLAM Tom ve Jerry Gaz Kapağı Sticker Araba sticker / Motor Sticker / Laptop Sticker,ÖZGÜL REKLAM,Özgül Reklam,49,50,-2,InStock,,,,,4.7,115,0,28,"[""Sepette %2 İndirim"",""Kargo Bedava"",""Trendyol Plus'a Özel""]",10 saat 25 dakika içinde sipariş verirsen en geç yarın kargoda!,refreshed,0,https://www.trendyol.com/ozgul-reklam/tom-ve-jerry-gaz-kapagi-sticker-araba-sticker-motor-sticker-laptop-sticker-p-1073308677?boutiqueId=61&merchantId=1047736
otomobil-motosiklet:otomobil-motosiklet-cok-satanlar,54,54,7,39.2,7.5,212128940,,212128940:unknown,MeyZone Araba Bagaj Çantası Oto Halı Bagaj Organizer Alet Eşya Çantası Siyah,MeyZone,MeyZone,178.11,199.9,0,InStock,3 günde 100+ ürün satıldı!,3,100,33.3,4.6,2155,-1,133,"[""Trendyol Plus'a Özel"",""Sepette %1 İndirim"",""Kargo Bedava""]",27 dakika 12 saniye içinde sipariş verirsen en geç bugün kargoda!,refreshed,0,https://www.trendyol.com/meyzone/araba-bagaj-cantasi-oto-hali-bagaj-organizer-alet-esya-cantasi-siyah-p-212128940
otomobil-motosiklet:otomobil-motosiklet-cok-satanlar,34,34,0,39.1,25.5,982829933,,982829933:unknown,İK Kuzey 2 Adet Araba Çöp Kutusu – Araç İçi Taşınabilir İtme Kapaklı Çöp Kovası,İK Kuzey,İK Kuzey,155.9,,0,InStock,3 günde 250+ ürün satıldı!,3,250,83.3,3.9,729,2,90,"[""Kargo Bedava""]",Tahmini Teslim:,refreshed,0,https://www.trendyol.com/ik-kuzey/2-adet-araba-cop-kutusu-arac-ici-tasinabilir-itme-kapakli-cop-kovasi-p-982829933
otomobil-motosiklet:arac-ici-aksesuar,43,143,33,38.1,4.5,306891440,126907,306891440:126907,Cardarb 13 Parça Oto Bakım Seti Araba Yıkama Seti Yıkama Kovalı,Cardarb,Ergüven Kimya,499,549,0,InStock,,,,,4.2,4176,0,1239,"[""Kargo Bedava""]",Tahmini Teslim:,refreshed,0,https://www.trendyol.com/cardarb/13-parca-oto-bakim-seti-araba-yikama-seti-yikama-kovali-p-306891440?boutiqueId=61&merchantId=126907
otomobil-motosiklet:otomobil-motosiklet-cok-satanlar,74,74,,37.5,17.3,939090641,,939090641:unknown,Glanz Araba Ön Cam Güneşlik Katlanabilir Oto Güneşliği Otomobil Güneşlikleri Araç Gölgelik 145- 77cm,Glanz,Glanz,283.49,349.99,,InStock,3 günde 100+ ürün satıldı!,3,100,33.3,4.6,127,,10,"[""Trendyol Plus'a Özel"",""Kargo Bedava""]",10 saat 26 dakika içinde sipariş verirsen en geç yarın kargoda!,refreshed,0,https://www.trendyol.com/glanz/araba-on-cam-guneslik-katlanabilir-oto-gunesligi-otomobil-guneslikleri-arac-golgelik-145-77cm-p-939090641
otomobil-motosiklet:arac-ici-aksesuar,55,155,,37,0.8,786324308,1257985,786324308:1257985,HASUBA Mini Vakumlu Type C Şarjlı Araç Süpürgesi El Süpürgesi Şarjlı Çok Fonksiyonlu 5500 Pa,HASUBA,AEK E-TİCARET,368,399,,InStock,,,,,3.1,4518,,434,"[""Kargo Bedava"",""Son 10 Günün En Düşük Fiyatı"",""Son 10 günün en düşük fiyatı""]",10 saat 24 dakika içinde sipariş verirsen en geç yarın kargoda!,refreshed,0,https://www.trendyol.com/hasuba/mini-vakumlu-type-c-sarjli-arac-supurgesi-el-supurgesi-sarjli-cok-fonksiyonlu-5500-pa-p-786324308?boutiqueId=61&merchantId=1257985
otomobil-motosiklet:otomobil-motosiklet-cok-satanlar,53,53,-4,36.8,9,781953914,,781953914:unknown,AutoFresh Cilalı Oto Şampuanı 5 Kg pH Nötr Yoğun Köpük Parlaklık Veren Araç Araba Yıkama Şampuanı,AutoFresh,AUTOFRESH,441,490,0,InStock,3 günde 100+ ürün satıldı!,3,100,33.3,4.4,1383,2,662,"[""Trendyol Plus'a Özel"",""Kargo Bedava""]",2 saat 27 dakika içinde sipariş verirsen en geç bugün kargoda!,refreshed,0,https://www.trendyol.com/autofresh/cilali-oto-sampuani-5-kg-ph-notr-yogun-kopuk-parlaklik-veren-arac-araba-yikama-sampuani-p-781953914
otomobil-motosiklet:arac-ici-aksesuar,33,133,38,36.8,15.7,777860666,346231,777860666:346231,mimtec Masa Üstü Tablet Ve Telefon Tutucu Stand 2 Kademeli Uzunluk Ayarlı Silikon Pedli Telefonu Tutucusu,mimtec,Mimtec,149.9,,0,InStock,,,,,4.1,704,1,126,"[""Kargo Bedava""]",Tahmini Teslim:,refreshed,0,https://www.trendyol.com/mimtec/masa-ustu-tablet-ve-telefon-tutucu-stand-2-kademeli-uzunluk-ayarli-silikon-pedli-telefonu-tutucusu-p-777860666?boutiqueId=61&merchantId=346231
otomobil-motosiklet:otomobil-motosiklet-cok-satanlar,64,64,-10,34.6,11.2,922389824,,922389824:unknown,Parker Otomotiv Parlak Otomobil Araç Plakalık (2 Adet ) Kişiye Özel Yazılı,Parker Otomotiv,Parker Otomotiv A.Ş,171.89,190.99,0,InStock,3 günde 100+ ürün satıldı!,3,100,33.3,4.3,732,3,799,"[""Trendyol Plus'a Özel"",""Kargo Bedava""]",Tahmini Teslim:,refreshed,0,https://www.trendyol.com/parker-otomotiv/parlak-otomobil-arac-plakalik-2-adet-kisiye-ozel-yazili-p-922389824
otomobil-motosiklet:otomobil-motosiklet-cok-satanlar,48,48,2,34,13.7,346273059,,346273059:unknown,MeyZone 2 Adet Oto Yan Cam Perdesi Araba Arka Güneşlik Araç Anne Bebek Çocuk Perde Arka Koltuk Emzirme Örtü,MeyZone,MeyZone,160.29,179.9,0,InStock,3 günde 100+ ürün satıldı!,3,100,33.3,4.2,475,4,295,"[""Trendyol Plus'a Özel"",""Sepette %1 İndirim"",""Kargo Bedava""]",27 dakika 20 saniye içinde sipariş verirsen en geç bugün kargoda!,refreshed,0,https://www.trendyol.com/meyzone/2-adet-oto-yan-cam-perdesi-araba-arka-guneslik-arac-anne-bebek-cocuk-perde-arka-koltuk-emzirme-ortu-p-346273059
otomobil-motosiklet:otomobil-motosiklet-cok-satanlar,98,98,,33.8,12,741166016,,741166016:unknown,Nasiol Yüksek Su Emici Özellikli Mikrofiber Araç Kurulama Havlusu-Çiziksiz Temizlik-60x90cm-600gsm,Nasiol,Nasiol,668.59,742.88,,InStock,3 günde 100+ ürün satıldı!,3,100,33.3,4.8,580,,108,"[""Sepette %10 İndirim"",""Kargo Bedava""]",Tahmini Teslim:,refreshed,0,https://www.trendyol.com/nasiol/yuksek-su-emici-ozellikli-mikrofiber-arac-kurulama-havlusu-ciziksiz-temizlik-60x90cm-600gsm-p-741166016
otomobil-motosiklet:otomobil-motosiklet-cok-satanlar,79,79,-14,33,12.8,1097952023,,1097952023:unknown,ROBO Süper 4'lü Şarjlı Akü Ateşleyici Lastik şişirici Powebank Led ışık 150Psi Yüksek basınçlı Gri,ROBO,ROBO TÜRKİYE,2145.6,2384,0,InStock,3 günde 100+ ürün satıldı!,3,100,33.3,4.5,464,2,322,"[""Trendyol Plus'a Özel"",""Kargo Bedava"",""Peşin Fiyatına 3 Taksit""]",1 saat 26 dakika içinde sipariş verirsen en geç bugün kargoda!,refreshed,0,https://www.trendyol.com/robo/super-4-lu-sarjli-aku-atesleyici-lastik-sisirici-powebank-led-isik-150psi-yuksek-basincli-gri-p-1097952023
otomobil-motosiklet:otomobil-motosiklet-cok-satanlar,72,72,-13,32.6,13.3,983873045,,983873045:unknown,GERMAN KUPFERMAX 22 Parça CE ve E Belgeli Araç Muayenesine ve Yol Denetimine Uygun İlk Yardım ve Trafik Seti,GERMAN KUPFERMAX,GERMAN KUPFERMAX,1573.9,1748.78,0,InStock,3 günde 100+ ürün satıldı!,3,100,33.3,4.7,408,0,238,"[""Kargo Bedava"",""Peşin Fiyatına 3 Taksit""]",10 saat 26 dakika içinde sipariş verirsen en geç yarın kargoda!,refreshed,0,https://www.trendyol.com/german-kupfermax/22-parca-ce-ve-e-belgeli-arac-muayenesine-ve-yol-denetimine-uygun-ilk-yardim-ve-trafik-seti-p-983873045
otomobil-motosiklet:otomobil-motosiklet-cok-satanlar,36,36,-3,32.1,32.5,1159646607,,1159646607:unknown,Dorimo Şemsiye Tip Araç Güneşliği Ön Cam İçin Katlanabilir UV Korumalı Oto Güneşlik,Dorimo,MONYER,417,439,0,InStock,3 günde 250+ ürün satıldı!,3,250,83.3,4.4,72,2,121,"[""Kargo Bedava"",""Son 10 Günün En Düşük Fiyatı"",""Son 10 günün en düşük fiyatı""]",10 saat 27 dakika içinde sipariş verirsen en geç yarın kargoda!,refreshed,0,https://www.trendyol.com/dorimo/semsiye-tip-arac-gunesligi-on-cam-icin-katlanabilir-uv-korumali-oto-guneslik-p-1159646607
otomobil-motosiklet:arac-ici-aksesuar,31,131,37,31.9,25.6,1062921786,841196,1062921786:841196,"Q Aksesuar Vakumlu Slikon Vantuz Telefon Tutucu, Cep Telefonu İçin Yapışkanlı Kaymaz Tutucu Cama Yapışan vantuz",Q Aksesuar,Q Aksesuar,34.9,,0,InStock,,,,,4.1,,0,17,"[""Kargo Bedava""]",10 saat 25 dakika içinde sipariş verirsen en geç yarın kargoda!,refreshed,0,https://www.trendyol.com/q-aksesuar/vakumlu-slikon-vantuz-telefon-tutucu-cep-telefonu-icin-yapiskanli-kaymaz-tutucu-cama-yapisan-vantuz-p-1062921786?boutiqueId=61&merchantId=841196
otomobil-motosiklet:otomobil-motosiklet-cok-satanlar,35,35,0,31.6,32.4,946142593,,946142593:unknown,CEBECİOTO KUPON HOLOGRAM STİCKER 2 ADET OTO MOTO AKSESUAR,CEBECİOTO,Özgül Reklam,22.54,23,40.9,InStock,3 günde 250+ ürün satıldı!,3,250,83.3,4.2,85,0,56,"[""Sepette %2 İndirim"",""Kargo Bedava"",""Trendyol Plus'a Özel""]",10 saat 27 dakika içinde sipariş verirsen en geç yarın kargoda!,refreshed,0,https://www.trendyol.com/cebecioto/kupon-hologram-sticker-2-adet-oto-moto-aksesuar-p-946142593
otomobil-motosiklet:otomobil-motosiklet-cok-satanlar,41,41,-2,31.5,8.9,137166696,,137166696:unknown,Kraftech Yeni Nesil Premium I Buharlı Araba Far Temizleme Ve Parlatma Seti I - 8 Parça Ürün,Kraftech,KRAFTECH,799.11,,0,InStock,3 günde 100+ ürün satıldı!,3,100,33.3,4.6,5323,-4,2093,"[""Kargo Bedava""]",Tahmini Teslim:,refreshed,0,https://www.trendyol.com/kraftech/yeni-nesil-premium-i-buharli-araba-far-temizleme-ve-parlatma-seti-i-8-parca-urun-p-137166696
otomobil-motosiklet:arac-ici-aksesuar,34,134,41,31.3,18.7,928917519,185368,928917519:185368,MeyZone Gri Metal Kasa Numara Çevirmeli Araç İçi Telefon Numaratör Park Numarası Parkmatik Araba Numaratör,MeyZone,MeyZone,115.74,,0,InStock,,,,,4.2,256,1,36,"[""Sepette %1 İndirim"",""Kargo Bedava"",""Trendyol Plus'a Özel""]",25 dakika 9 saniye içinde sipariş verirsen en geç bugün kargoda!,refreshed,0,https://www.trendyol.com/meyzone/gri-metal-kasa-numara-cevirmeli-arac-ici-telefon-numarator-park-numarasi-parkmatik-araba-numarator-p-928917519?boutiqueId=61&merchantId=185368
otomobil-motosiklet:arac-ici-aksesuar,67,167,47,30.5,9.5,871445225,106994,871445225:106994,Torima Mini Şarjlı Araç Süpürgesi Çok Fonksiyonlu El Süpürgesi LT132 Siyah,Torima,Torima,710.74,789.71,0,InStock,,,,,3.5,363,1,247,"[""Kargo Bedava""]",1 saat 24 dakika içinde sipariş verirsen en geç bugün kargoda!,refreshed,0,https://www.trendyol.com/torima/mini-sarjli-arac-supurgesi-cok-fonksiyonlu-el-supurgesi-lt132-siyah-p-871445225?boutiqueId=61&merchantId=106994
otomobil-motosiklet:arac-ici-aksesuar,35,135,24,30.2,18.3,1146322427,404545,1146322427:404545,BYENS Oto Branda Araba Brandası Çadırı Araç Örtüsü Tentesi Otobranda Araç Güneşlik Ön Cam Perdesi Camı Güneşliği Araç İçi Güneş Önleyici,BYENS,Pratik Center BYENS,759.86,767.54,-9.2,InStock,,,,,4.3,249,1,373,"[""Kargo Bedava"",""Son 10 Günün En Düşük Fiyatı"",""Son 10 günün en düşük fiyatı""]",Tahmini Teslim:,refreshed,0,https://www.trendyol.com/byens/oto-branda-araba-brandasi-cadiri-arac-ortusu-tentesi-otobranda-arac-guneslik-on-cam-perdesi-cami-gunesligi-arac-ici-gunes-onleyici-p-1146322427?boutiqueId=61&merchantId=404545
otomobil-motosiklet:arac-ici-aksesuar,52,152,25,30.2,0,96564079,190134,96564079:190134,AutoFresh 12'li Efsane Set Araç Araba Yıkama Bakım Seti Fırsat Full Oto Bakım Temizlik Seti Kovalı,AutoFresh,AUTOFRESH,711,,0,InStock,,,,,4.4,6025,-1,1919,"[""Kargo Bedava"",""Trendyol Plus'a Özel""]",2 saat 24 dakika içinde sipariş verirsen en geç bugün kargoda!,refreshed,0,https://www.trendyol.com/autofresh/12-li-efsane-set-arac-araba-yikama-bakim-seti-firsat-full-oto-bakim-temizlik-seti-kovali-p-96564079?boutiqueId=61&merchantId=190134
otomobil-motosiklet:arac-ici-aksesuar,89,189,,29.8,10.2,745800862,822244,745800862:822244,CarSense Araç Içi Temizleme Köpüğü 150 ml,CarSense,CarSense,175.41,194.9,,InStock,,,,,4.5,296,,84,"[""Sepette %10 İndirim"",""Kargo Bedava""]",10 saat 23 dakika içinde sipariş verirsen en geç yarın kargoda!,refreshed,0,https://www.trendyol.com/carsense/arac-ici-temizleme-kopugu-150-ml-p-745800862?boutiqueId=61&merchantId=822244
otomobil-motosiklet:otomobil-motosiklet-cok-satanlar,65,65,-7,29.7,9.1,40514024,,40514024:unknown,Selsil Etiket Sökücü 200ml,Selsil,ROTA HIRDAVAT,125.13,129,0,InStock,3 günde 100+ ürün satıldı!,3,100,33.3,4,1361,-1,594,"[""Sepette %3 İndirim"",""Kargo Bedava""]",Tahmini Teslim:,refreshed,0,https://www.trendyol.com/selsil/etiket-sokucu-200ml-p-40514024
otomobil-motosiklet:arac-ici-aksesuar,97,197,,29.6,10.4,745767464,822244,745767464:822244,CarSense Detay Temizleyici Araç Içi Temizleyici 500 ml Detay Fırçası Hediyeli,CarSense,CarSense,229.41,254.9,,InStock,,,,,4.2,277,,90,"[""Sepette %10 İndirim"",""Kargo Bedava""]",10 saat 23 dakika içinde sipariş verirsen en geç yarın kargoda!,refreshed,0,https://www.trendyol.com/carsense/detay-temizleyici-arac-ici-temizleyici-500-ml-detay-fircasi-hediyeli-p-745767464?boutiqueId=61&merchantId=822244
otomobil-motosiklet:arac-ici-aksesuar,36,136,49,29,16,115173716,324866,115173716:324866,Havana Siyah Şişme Araç Içi Araba Ve Kamp Yatağı - Çanta Ve Pompalı Yatak Seti Araba Ve Kamp Yatağı,Havana,Reidan,1140,,0,InStock,,,,,4.3,421,-2,552,"[""Kargo Bedava"",""Peşin Fiyatına 3 Taksit""]",10 saat 25 dakika içinde sipariş verirsen en geç yarın kargoda!,refreshed,0,https://www.trendyol.com/havana/siyah-sisme-arac-ici-araba-ve-kamp-yatagi-canta-ve-pompali-yatak-seti-araba-ve-kamp-yatagi-p-115173716?boutiqueId=61&merchantId=324866
otomobil-motosiklet:arac-ici-aksesuar,63,163,40,28.9,5.9,310572514,346231,310572514:346231,mimtec Araç Içi Uzayan Ayarlanabilir Cam Ve Torpido Için Vantuzlu Oval Telefon Tutucu,mimtec,Mimtec,159.9,167.9,0,InStock,,,,,3.4,1016,1,258,"[""Son 10 Günün En Düşük Fiyatı"",""Kargo Bedava"",""Son 10 günün en düşük fiyatı""]",Tahmini Teslim:,refreshed,0,https://www.trendyol.com/mimtec/arac-ici-uzayan-ayarlanabilir-cam-ve-torpido-icin-vantuzlu-oval-telefon-tutucu-p-310572514?boutiqueId=61&merchantId=346231
otomobil-motosiklet:arac-ici-aksesuar,37,137,53,28.6,13.9,284981608,185368,284981608:185368,MeyZone Araç Içi Gözlük Tutucu Oto Gözlük Tutacağı Klipsli Güneşliğe Takılan Kartvizit Tutucu,MeyZone,MeyZone,87.22,,0,InStock,,,,,3.5,676,0,13,"[""Sepette %1 İndirim"",""Kargo Bedava"",""Trendyol Plus'a Özel""]",25 dakika 4 saniye içinde sipariş verirsen en geç bugün kargoda!,refreshed,0,https://www.trendyol.com/meyzone/arac-ici-gozluk-tutucu-oto-gozluk-tutacagi-klipsli-guneslige-takilan-kartvizit-tutucu-p-284981608?boutiqueId=61&merchantId=185368
otomobil-motosiklet:arac-ici-aksesuar,28,128,51,28.4,38.6,1166649387,919254,1166649387:919254,SHHOBİ Kırmızı Kurdele Araba Klima Süsü - Kırmızı Fiyonk Torpido Süsü Torpido Aksesuar Klipsli 1 Adet,SHHOBİ,SHHOBİ LAB,32.33,32.99,0,InStock,,,,,4.5,1,0,1,"[""Sepette %2 İndirim"",""Kargo Bedava""]",10 saat 25 dakika içinde sipariş verirsen en geç yarın kargoda!,refreshed,0,https://www.trendyol.com/shhobi/kirmizi-kurdele-araba-klima-susu-kirmizi-fiyonk-torpido-susu-torpido-aksesuar-klipsli-1-adet-p-1166649387?boutiqueId=61&merchantId=919254
otomobil-motosiklet:otomobil-motosiklet-cok-satanlar,39,39,2,28.3,17,793191916,,793191916:unknown,Hologram Kart ARABA ARKA CAM YAZILARI 1 adet HOLOGRAMLI YENİ MODEL,Hologram Kart,Özgül Reklam,32.34,33,-7.6,InStock,3 günde 100+ ürün satıldı!,3,100,33.3,4.2,674,2,571,"[""Sepette %2 İndirim"",""Kargo Bedava"",""Trendyol Plus'a Özel""]",10 saat 27 dakika içinde sipariş verirsen en geç yarın kargoda!,refreshed,0,https://www.trendyol.com/hologram-kart/araba-arka-cam-yazilari-1-adet-hologramli-yeni-model-p-793191916
otomobil-motosiklet:otomobil-motosiklet-cok-satanlar,55,55,-3,28.2,12.7,939490836,,939490836:unknown,Genel Markalar Terletmez 3'lü Minder Set Serme Kilim Siyah Beyaz,Genel Markalar,İmalattan Kilim,190,200,0,InStock,3 günde 100+ ürün satıldı!,3,100,33.3,4.6,486,0,123,"[""Kargo Bedava"",""Trendyol Plus'a Özel""]",Tahmini Teslim:,refreshed,0,https://www.trendyol.com/genel-markalar/terletmez-3-lu-minder-set-serme-kilim-siyah-beyaz-p-939490836
otomobil-motosiklet:otomobil-motosiklet-cok-satanlar,60,60,2,27.4,8.4,746641046,,746641046:unknown,Altınoran Altın Oran Titanium Seramik Katkılı Wax Krem Cila 100 + Guard Auto Hızlı Cila 250 ML,Altınoran,EGE ZİRVE PROFESYONEL ÇÖZÜMLER,567,,0,InStock,3 günde 100+ ürün satıldı!,3,100,33.3,3.6,1653,3,1514,"[""Kargo Bedava""]",27 dakika 2 saniye içinde sipariş verirsen en geç bugün kargoda!,refreshed,0,https://www.trendyol.com/altinoran/altin-oran-titanium-seramik-katkili-wax-krem-cila-100-guard-auto-hizli-cila-250-ml-p-746641046
otomobil-motosiklet:otomobil-motosiklet-cok-satanlar,44,44,1,26.9,12.9,45328557,,45328557:unknown,Ebrayn Premium Lastik Parlatıcı Aerosol 500 ml,Ebrayn,ZDA Oto Market,196.02,198,-0.5,InStock,3 günde 100+ ürün satıldı!,3,100,33.3,4.7,1076,4,316,"[""Sepette %1 İndirim"",""Kargo Bedava""]",10 saat 27 dakika içinde sipariş verirsen en geç yarın kargoda!,refreshed,0,https://www.trendyol.com/ebrayn/premium-lastik-parlatici-aerosol-500-ml-p-45328557
otomobil-motosiklet:otomobil-motosiklet-cok-satanlar,43,43,1,26.8,12.5,849112760,,849112760:unknown,Woyax Active 360 Vantuzlu Araç Içi Telefon Tutucu - Vakumlu Akrobat Araba Telefon Tutacağı,Woyax,Woyax Deji,399.8,,0,InStock,3 günde 100+ ürün satıldı!,3,100,33.3,4.5,1400,3,443,"[""Kargo Bedava""]",27 dakika 26 saniye içinde sipariş verirsen en geç bugün kargoda!,refreshed,0,https://www.trendyol.com/woyax/active-360-vantuzlu-arac-ici-telefon-tutucu-vakumlu-akrobat-araba-telefon-tutacagi-p-849112760
otomobil-motosiklet:arac-ici-aksesuar,85,185,,26.8,10.3,920762245,226478,920762245:226478,"Wiimi Araç Içi Şişme Yatak- Iki Hava Yastıklı, Araba Seyahat Ve Kamp Suv Ve Binek Araçlara Uygun",Wiimi,,1299,1399,,InStock,,,,,4.1,291,,,"[""Kargo Bedava""]",Tahmini Teslim:,refreshed,0,https://www.trendyol.com/wiimi/arac-ici-sisme-yatak-iki-hava-yastikli-araba-seyahat-ve-kamp-suv-ve-binek-araclara-uygun-p-920762245?boutiqueId=61&merchantId=226478
otomobil-motosiklet:otomobil-motosiklet-cok-satanlar,62,62,2,26.7,9.2,883925237,,883925237:unknown,RADOON Yeni Tasarım Mini Kablosuz İOS ANDROİD Uyumlu Carplay Usb ve Type-c 2in1 Araç Multimedya Adaptörü,RADOON,RADOON,660,,0,InStock,3 günde 100+ ürün satıldı!,3,100,33.3,4.1,1333,3,2789,"[""Kargo Bedava""]",Tahmini Teslim:,refreshed,0,https://www.trendyol.com/radoon/yeni-tasarim-mini-kablosuz-ios-android-uyumlu-carplay-usb-ve-type-c-2in1-arac-multimedya-adaptoru-p-883925237
otomobil-motosiklet:otomobil-motosiklet-cok-satanlar,50,50,1,26.5,9.4,932635719,,932635719:unknown,Fibaks 360 Dönebilen Araç İçi Telefon Tutucu Vakumlu Magsafe Destekli Masa Üstü Duvar Telefon Tutucu,Fibaks,Fibaks,199.99,,0,InStock,3 günde 100+ ürün satıldı!,3,100,33.3,4.1,,0,291,"[""Kargo Bedava""]",3 saat 27 dakika içinde sipariş verirsen en geç bugün kargoda!,refreshed,0,https://www.trendyol.com/fibaks/360-donebilen-arac-ici-telefon-tutucu-vakumlu-magsafe-destekli-masa-ustu-duvar-telefon-tutucu-p-932635719
otomobil-motosiklet:otomobil-motosiklet-cok-satanlar,56,56,-3,26.5,9.3,738414991,,738414991:unknown,mimtec Araç Içi Uzayan Ayarlanabilir Telefon Tutucu Cam Ve Torpido Için Ücret İade Garantili,mimtec,Mimtec,374.9,,0,InStock,3 günde 100+ ürün satıldı!,3,100,33.3,4.3,1288,4,415,"[""Kargo Bedava""]",Tahmini Teslim:,refreshed,0,https://www.trendyol.com/mimtec/arac-ici-uzayan-ayarlanabilir-telefon-tutucu-cam-ve-torpido-icin-ucret-iade-garantili-p-738414991
otomobil-motosiklet:otomobil-motosiklet-cok-satanlar,78,78,,26.5,14.4,979899669,,979899669:unknown,estölye Siyah Pleksi Ayetel Kürsi Ve Nazar Dualı Araba Süsü Dikiz Aynası Süsü Araba Hediyesi -Çift Taraflı,estölye,essetasarım,123.4,129.9,,InStock,3 günde 100+ ürün satıldı!,3,100,33.3,4.7,298,0,82,"[""Trendyol Plus'a Özel"",""Kargo Bedava""]",Tahmini Teslim:,refreshed,0,https://www.trendyol.com/estolye/siyah-pleksi-ayetel-kursi-ve-nazar-duali-araba-susu-dikiz-aynasi-susu-araba-hediyesi-cift-tarafli-p-979899669
otomobil-motosiklet:arac-ici-aksesuar,39,139,31,25.7,11.8,126847596,555700,126847596:555700,Mbois Kırmızı Ayak Altı Tavan Led Araç Içi Aydınlatma Oto Araba Iç Disko Ayarlanır Usb Lamba Işık,Mbois,GMD TECH,169,,0,InStock,,,,,3.9,918,1,406,"[""Kargo Bedava""]",Tahmini Teslim:,refreshed,0,https://www.trendyol.com/mbois/kirmizi-ayak-alti-tavan-led-arac-ici-aydinlatma-oto-araba-ic-disko-ayarlanir-usb-lamba-isik-p-126847596?boutiqueId=61&merchantId=555700
otomobil-motosiklet:otomobil-motosiklet-cok-satanlar,91,91,,25.5,15.3,955425193,,955425193:unknown,Ally Çift Başlıklı Araç Fanı Oto Fan Vantilatör,Ally,Akıllıphone,563.16,592.8,,InStock,3 günde 100+ ürün satıldı!,3,100,33.3,4.3,228,,234,"[""Trendyol Plus'a Özel"",""Kargo Bedava""]",10 saat 26 dakika içinde sipariş verirsen en geç yarın kargoda!,refreshed,0,https://www.trendyol.com/ally/cift-baslikli-arac-fani-oto-fan-vantilator-p-955425193
otomobil-motosiklet:otomobil-motosiklet-cok-satanlar,71,71,5,25.3,10.5,784222197,,784222197:unknown,Genel Markalar Motor Brandası-Çadırı-Örtüsü Miflonlu 50 Cc Ve 250 Cc Tüm Markalara Uyumlu Motor Brandası A++ Kalite,Genel Markalar,arf ticaret,149.99,,11.1,InStock,3 günde 100+ ürün satıldı!,3,100,33.3,3.4,910,0,606,"[""Kargo Bedava"",""Son 10 Günün En Düşük Fiyatı""]",10 saat 26 dakika içinde sipariş verirsen en geç yarın kargoda!,refreshed,0,https://www.trendyol.com/genel-markalar/motor-brandasi-cadiri-ortusu-miflonlu-50-cc-ve-250-cc-tum-markalara-uyumlu-motor-brandasi-a-kalite-p-784222197
otomobil-motosiklet:otomobil-motosiklet-cok-satanlar,92,92,,25.2,14.5,902387062,,902387062:unknown,Beta GİDON ÜSTÜ H2 KANAT AYNA UNİVERSAL,Beta,dogusmotorr.com,490,510,,InStock,3 günde 100+ ürün satıldı!,3,100,33.3,3.8,286,,1156,"[""Kargo Bedava""]",10 saat 26 dakika içinde sipariş verirsen en geç yarın kargoda!,refreshed,0,https://www.trendyol.com/beta/gidon-ustu-h2-kanat-ayna-universal-p-902387062
otomobil-motosiklet:otomobil-motosiklet-cok-satanlar,69,69,3,25,11.8,828232192,,828232192:unknown,MATECHNO Kasklara Uyumlu Telefon Ve Aksiyon Kamera Tutucu Kask Çene Telefon Kamera Tutacağı,MATECHNO,Asua,196.99,198.98,0,InStock,3 günde 100+ ürün satıldı!,3,100,33.3,4.2,622,1,544,"[""Sepette %1 İndirim"",""Kargo Bedava""]",Tahmini Teslim:,refreshed,0,https://www.trendyol.com/matechno/kasklara-uyumlu-telefon-ve-aksiyon-kamera-tutucu-kask-cene-telefon-kamera-tutacagi-p-828232192
otomobil-motosiklet:otomobil-motosiklet-cok-satanlar,95,95,,25,10.8,329847434,,329847434:unknown,SENDEM 7 Renkli Rgb Led Motosiklet Uyarı Kaza Önleyici Mini Pilli Sinyal Led Drone Led,SENDEM,GMD TECH,179.9,,,InStock,3 günde 100+ ürün satıldı!,3,100,33.3,3.6,836,,1191,"[""Kargo Bedava""]",Tahmini Teslim:,refreshed,0,https://www.trendyol.com/sendem/7-renkli-rgb-led-motosiklet-uyari-kaza-onleyici-mini-pilli-sinyal-led-drone-led-p-329847434
otomobil-motosiklet:otomobil-motosiklet-cok-satanlar,84,84,,24.9,11,830504149,,830504149:unknown,Protonust Ayarlanabilir Bisiklet Scooter Motosiklet Otomatik Tuşlu Motorsiklet Ayna Bağlantılı Telefon Tutucu,Protonust,AsfalAvm,199.94,,,InStock,3 günde 100+ ürün satıldı!,3,100,33.3,3.9,791,,450,"[""Kargo Bedava""]",Tahmini Teslim:,refreshed,0,https://www.trendyol.com/protonust/ayarlanabilir-bisiklet-scooter-motosiklet-otomatik-tuslu-motorsiklet-ayna-baglantili-telefon-tutucu-p-830504149
otomobil-motosiklet:otomobil-motosiklet-cok-satanlar,100,100,,24.9,11,416162846,,416162846:unknown,valkyrie HHOBD OBD2 V2.1 Android Bluetooth Özellikli Araç Arıza Tespit Cihazı,valkyrie,Ragnarok,399.9,,,InStock,3 günde 100+ ürün satıldı!,3,100,33.3,3.9,795,,5087,"[""Kargo Bedava""]",10 saat 26 dakika içinde sipariş verirsen en geç yarın kargoda!,refreshed,0,https://www.trendyol.com/valkyrie/hhobd-obd2-v2-1-android-bluetooth-ozellikli-arac-ariza-tespit-cihazi-p-416162846
otomobil-motosiklet:arac-ici-aksesuar,42,142,51,24.8,10.2,222231247,967510,222231247:967510,Kenpool Araba Ön Cam Güneş Şemsiyesi Araç Içi Cam Vantuzlu Katlanır Güneşlik Koruyucu Perde 130 Cm X 60 Cm,Kenpool,Oto Asya Group,137.61,139,0,InStock,,,,,4.1,947,0,296,"[""Sepette %1 İndirim"",""Kargo Bedava""]",10 saat 24 dakika içinde sipariş verirsen en geç yarın kargoda!,refreshed,0,https://www.trendyol.com/kenpool/araba-on-cam-gunes-semsiyesi-arac-ici-cam-vantuzlu-katlanir-guneslik-koruyucu-perde-130-cm-x-60-cm-p-222231247?boutiqueId=61&merchantId=967510
otomobil-motosiklet:arac-ici-aksesuar,48,148,60,24.6,6.4,942945786,210134,942945786:210134,PSGT Araç içi /Her Yerde Kullanılabilen Magsafe Kilitli Vakum Telefon Tutucu 360° + 2adet Metal Halka,PSGT,,299,,0,InStock,,,,,4.1,,0,321,"[""Kargo Bedava""]",Tahmini Teslim:,refreshed,0,https://www.trendyol.com/psgt/arac-ici-her-yerde-kullanilabilen-magsafe-kilitli-vakum-telefon-tutucu-360-2adet-metal-halka-p-942945786?boutiqueId=61&merchantId=210134
otomobil-motosiklet:arac-ici-aksesuar,90,190,,24.3,5.7,65990427,968792,65990427:968792,CMT Katlanabilir Masaüstü Telefon Tutucu Stand Siyah,CMT,LOVEBELLA,120,,,InStock,,,,,4.1,1080,,295,"[""Kargo Bedava""]",1 saat 23 dakika içinde sipariş verirsen en geç bugün kargoda!,refreshed,0,https://www.trendyol.com/cmt/katlanabilir-masaustu-telefon-tutucu-stand-siyah-p-65990427?boutiqueId=61&merchantId=968792
otomobil-motosiklet:otomobil-motosiklet-cok-satanlar,89,89,,24.2,11.6,58664421,,58664421:unknown,Syrox Type C - Usb 3.0 Otg Usb Flash Dönüştürücü Dt13,Syrox,FATİH İLETİŞİM & AKSESUAR,60,,,InStock,3 günde 100+ ürün satıldı!,3,100,33.3,4.4,654,,1230,"[""Sepette %2 İndirim"",""Kargo Bedava""]",Tahmini Teslim:,refreshed,0,https://www.trendyol.com/syrox/type-c-usb-3-0-otg-usb-flash-donusturucu-dt13-p-58664421
otomobil-motosiklet:otomobil-motosiklet-cok-satanlar,38,38,2,24,21.8,900649755,,900649755:unknown,İŞCAN MOTOR HAHAHA STİCKER HOLOGRAM 13x19cm,İŞCAN MOTOR,Rvell Express,33.5,,0,InStock,3 günde 100+ ürün satıldı!,3,100,33.3,4.2,197,0,107,"[""Sepette %2 İndirim"",""32 TL Kupon"",""35 TL Kupon"",""305 TL Kupon"",""50 TL Kupon"",""Kargo Bedava"",""Son 10 Günün En Düşük Fiyatı"",""Trendyol Plus'a Özel""]",Tahmini Teslim:,refreshed,0,https://www.trendyol.com/iscan-motor/hahaha-sticker-hologram-13x19cm-p-900649755
otomobil-motosiklet:otomobil-motosiklet-cok-satanlar,58,58,5,24,14.8,1033430358,,1033430358:unknown,Banxtre Motor için El Sueno Del Nino Sticker (Bir Çocuğun Rüyası) Sticker Etiket (15CMx2.5CM),Banxtre,Banxtre,24.15,24.9,0,InStock,3 günde 100+ ürün satıldı!,3,100,33.3,4.4,,0,69,"[""Trendyol Plus'a Özel"",""Kargo Bedava""]",10 saat 27 dakika içinde sipariş verirsen en geç yarın kargoda!,refreshed,0,https://www.trendyol.com/banxtre/motor-icin-el-sueno-del-nino-sticker-bir-cocugun-ruyasi-sticker-etiket-15cmx2-5cm-p-1033430358
otomobil-motosiklet:otomobil-motosiklet-cok-satanlar,96,96,,24,21.8,1155067090,,1155067090:unknown,auhma A9922 Taşınabilir Şarjlı Hava Pompası 150 PSI 6000 mAh LCD Göstergeli LED Fenerli Araç Lastik,auhma,7GO,881.44,979.38,,InStock,3 günde 100+ ürün satıldı!,3,100,33.3,4.3,34,,96,"[""Kargo Bedava""]",Tahmini Teslim:,refreshed,0,https://www.trendyol.com/auhma/a9922-tasinabilir-sarjli-hava-pompasi-150-psi-6000-mah-lcd-gostergeli-led-fenerli-arac-lastik-p-1155067090
otomobil-motosiklet:otomobil-motosiklet-cok-satanlar,90,90,-15,23.8,12.1,822695373,,822695373:unknown,babikamium Kumandalı Şarjlı Çift RGB Led Flaşör 2’li Set Araç İçi Ambiyans Pedal Altı Uyarı Lambası,babikamium,Babikamium,660,,0,InStock,3 günde 100+ ürün satıldı!,3,100,33.3,4.1,577,0,852,"[""Kargo Bedava""]",10 saat 26 dakika içinde sipariş verirsen en geç yarın kargoda!,refreshed,0,https://www.trendyol.com/babikamium/kumandali-sarjli-cift-rgb-led-flasor-2-li-set-arac-ici-ambiyans-pedal-alti-uyari-lambasi-p-822695373
otomobil-motosiklet:otomobil-motosiklet-cok-satanlar,40,40,-3,23.7,22.1,69541477,,69541477:unknown,Ally Mobile Ally Temporary Araç Geçici Park Için Telefon Numaratörü-siyah,Ally Mobile,Akıllıphone,132.28,139.24,0,InStock,3 günde 100+ ürün satıldı!,3,100,33.3,3.8,133,3,5,"[""Trendyol Plus'a Özel"",""Kargo Bedava""]",2 saat 27 dakika içinde sipariş verirsen en geç bugün kargoda!,refreshed,0,https://www.trendyol.com/ally-mobile/ally-temporary-arac-gecici-park-icin-telefon-numaratoru-siyah-p-69541477
otomobil-motosiklet:otomobil-motosiklet-cok-satanlar,46,46,2,23.5,14.3,946393403,,946393403:unknown,Guarellos Kanat Figürlü Guardian Bell Motorcu Anahtarlık – Şans ve Koruma Çanı Uğur Tılsımı,Guarellos,Guarellos,350.57,,0,InStock,3 günde 100+ ürün satıldı!,3,100,33.3,4.6,532,2,817,"[""Kargo Bedava""]",10 saat 27 dakika içinde sipariş verirsen en geç yarın kargoda!,refreshed,0,https://www.trendyol.com/guarellos/kanat-figurlu-guardian-bell-motorcu-anahtarlik-sans-ve-koruma-cani-ugur-tilsimi-p-946393403
otomobil-motosiklet:otomobil-motosiklet-cok-satanlar,97,97,,23.5,12.3,942688022,,942688022:unknown,ALFAGİFT Katlanabilir Oto Güneşlik Şemsiye Araç İçi Koruma Perdesi – Numaratör Hediyeli,ALFAGİFT,Saravita,328.13,,,InStock,3 günde 100+ ürün satıldı!,3,100,33.3,4.1,533,1,533,"[""Kargo Bedava""]",26 dakika 5 saniye içinde sipariş verirsen en geç bugün kargoda!,refreshed,0,https://www.trendyol.com/alfagift/katlanabilir-oto-guneslik-semsiye-arac-ici-koruma-perdesi-numarator-hediyeli-p-942688022
otomobil-motosiklet:arac-ici-aksesuar,49,149,40,23.5,7,849110313,120735,849110313:120735,Woyax Güçlü Mıknatıslı Kancalı Araç Içi Telefon Tutucu - Havalandırma Araba Telefon Tutacağı,Woyax,Woyax Deji,464.8,,0,InStock,,,,,4.7,863,3,509,"[""Kargo Bedava""]",24 dakika 45 saniye içinde sipariş verirsen en geç bugün kargoda!,refreshed,0,https://www.trendyol.com/woyax/guclu-miknatisli-kancali-arac-ici-telefon-tutucu-havalandirma-araba-telefon-tutacagi-p-849110313?boutiqueId=61&merchantId=120735
otomobil-motosiklet:arac-ici-aksesuar,56,156,22,23.5,6.5,120513140,185368,120513140:185368,MeyZone Araç Içi Klima Izgara Hava Çıkış Dekoratif Şeritler Klima Şerit Krom Gri,MeyZone,MeyZone,96.92,,0,InStock,,,,,4.4,862,0,535,"[""Sepette %1 İndirim"",""Kargo Bedava"",""Trendyol Plus'a Özel""]",24 dakika 35 saniye içinde sipariş verirsen en geç bugün kargoda!,refreshed,0,https://www.trendyol.com/meyzone/arac-ici-klima-izgara-hava-cikis-dekoratif-seritler-klima-serit-krom-gri-p-120513140?boutiqueId=61&merchantId=185368
otomobil-motosiklet:arac-ici-aksesuar,82,182,,23.5,6.5,764506252,423976,764506252:423976,TASARIM ARABAM ATİKE ELİF AKIN Full Pırlanta Direksiyon Kılıfı-taş Direksiyon,TASARIM ARABAM ATİKE ELİF AKIN,TASARIM ARABAM,699,,,InStock,,,,,4.6,863,,2481,"[""50 TL Kupon"",""Kargo Bedava"",""Trendyol Plus'a Özel""]",Tahmini Teslim:,refreshed,0,https://www.trendyol.com/tasarim-arabam-atike-elif-akin/full-pirlanta-direksiyon-kilifi-tas-direksiyon-p-764506252?boutiqueId=61&merchantId=423976
otomobil-motosiklet:arac-ici-aksesuar,68,168,34,23.4,6.6,311044614,412407,311044614:412407,ELSE NIPPON Oto Araç Içi Bardak Tutucu Çok Fonksiyonlu Içecek Tutacağı/bardaklık,ELSE NIPPON,ELSE NİPPON,154.43,,0,InStock,,,,,4.4,833,-3,429,"[""Son 10 Günün En Düşük Fiyatı"",""Kargo Bedava"",""Trendyol Plus'a Özel""]",Tahmini Teslim:,refreshed,0,https://www.trendyol.com/else-nippon/oto-arac-ici-bardak-tutucu-cok-fonksiyonlu-icecek-tutacagi-bardaklik-p-311044614?boutiqueId=61&merchantId=412407
otomobil-motosiklet:otomobil-motosiklet-cok-satanlar,66,66,3,23.2,12.6,757565802,,757565802:unknown,Mega Oto Market Gözlük Tutucu Araç İçi Klipsli Universal Gözlük Kart Tutucu,Mega Oto Market,Mega Oto Market,34.9,,0,InStock,3 günde 100+ ürün satıldı!,3,100,33.3,4.3,494,0,9,"[""Kargo Bedava""]",Tahmini Teslim:,refreshed,0,https://www.trendyol.com/mega-oto-market/gozluk-tutucu-arac-ici-klipsli-universal-gozluk-kart-tutucu-p-757565802
otomobil-motosiklet:arac-ici-aksesuar,41,141,65,23.2,12.3,32871185,256324,32871185:256324,Genel Markalar Araç Parktel Numaratör Oto Telefon Park Numaratörü Ön Cam Torpido Siyah ......,Genel Markalar,MorzaPazari,20.79,21,0,InStock,,,,,4,593,1,44,"[""Sepette %1 İndirim"",""15 TL Kupon"",""Kargo Bedava""]",Tahmini Teslim:,refreshed,0,https://www.trendyol.com/genel-markalar/arac-parktel-numarator-oto-telefon-park-numaratoru-on-cam-torpido-siyah-p-32871185?boutiqueId=61&merchantId=256324
otomobil-motosiklet:otomobil-motosiklet-cok-satanlar,81,81,-11,23,12.9,213012896,,213012896:unknown,Genel Markalar Araç Yüzey Temizleme Kil Hamuru 100 GRAM,Genel Markalar,MİR OTO,375,,13.6,InStock,3 günde 100+ ürün satıldı!,3,100,33.3,4.2,459,1,177,"[""Kargo Bedava"",""Sepette %1 İndirim""]",10 saat 26 dakika içinde sipariş verirsen en geç yarın kargoda!,refreshed,0,https://www.trendyol.com/genel-markalar/arac-yuzey-temizleme-kil-hamuru-100-gram-p-213012896
otomobil-motosiklet:otomobil-motosiklet-cok-satanlar,77,77,,22.8,13,833453235,,833453235:unknown,bys 3D LÜX Standartlara Uygun Takmatik Pleksi PLAKALIK,bys,BYOTOSTORE,169,,,InStock,3 günde 100+ ürün satıldı!,3,100,33.3,3.5,436,,4316,"[""Kargo Bedava""]",10 saat 26 dakika içinde sipariş verirsen en geç yarın kargoda!,refreshed,0,https://www.trendyol.com/bys/3d-lux-standartlara-uygun-takmatik-pleksi-plakalik-p-833453235
otomobil-motosiklet:otomobil-motosiklet-cok-satanlar,73,73,-5,22.3,13.6,143330883,,143330883:unknown,AutoFresh Demir Tozu Temizleyici Jant Ve Kaporta Ph Nötr 410 ml Sünger Hediyeli Süper Güç Profesyonel,AutoFresh,AUTOFRESH,187.11,,7.3,InStock,3 günde 100+ ürün satıldı!,3,100,33.3,3.9,376,1,199,[],2 saat 26 dakika içinde sipariş verirsen en geç bugün kargoda!,refreshed,0,https://www.trendyol.com/autofresh/demir-tozu-temizleyici-jant-ve-kaporta-ph-notr-410-ml-sunger-hediyeli-super-guc-profesyonel-p-143330883
otomobil-motosiklet:arac-ici-aksesuar,92,192,,22.2,7.8,7014046,1109857,7014046:1109857,Genel Markalar Üniversal Manyetik Mıknatıslı Telefon Tutucu Oto Araç Içi Tutucu,Genel Markalar,KTR TECH,149,,,InStock,,,,,4.1,599,,349,"[""Kargo Bedava""]",10 saat 23 dakika içinde sipariş verirsen en geç yarın kargoda!,refreshed,0,https://www.trendyol.com/genel-markalar/universal-manyetik-miknatisli-telefon-tutucu-oto-arac-ici-tutucu-p-7014046?boutiqueId=61&merchantId=1109857
otomobil-motosiklet:arac-ici-aksesuar,70,170,46,22,8,792283874,386081,792283874:386081,Genel Markalar Alüminyum Kasa Çevirmeli Araç Içi Park Telefon Numaratör Parkmatik (SİYAH) Tüm Araçlara,Genel Markalar,CHN GROUP,70,,-1.4,InStock,,,,,4.1,557,0,71,"[""Kargo Bedava"",""Son 10 Günün En Düşük Fiyatı""]",1 saat 24 dakika içinde sipariş verirsen en geç bugün kargoda!,refreshed,0,https://www.trendyol.com/genel-markalar/aluminyum-kasa-cevirmeli-arac-ici-park-telefon-numarator-parkmatik-siyah-tum-araclara-p-792283874?boutiqueId=61&merchantId=386081
otomobil-motosiklet:arac-ici-aksesuar,38,138,35,21.9,18.1,1079558872,110546,1079558872:110546,Fibaks MagSafe Uyumlu Yapışkanlı Metal Halka 3'lü Paket Tüm Telefonlar Kılıflar İçin Güçlü Manyetik Adaptör,Fibaks,Fibaks,199.99,,0,InStock,,,,,4.4,,0,77,"[""Kargo Bedava""]",3 saat 25 dakika içinde sipariş verirsen en geç bugün kargoda!,refreshed,0,https://www.trendyol.com/fibaks/magsafe-uyumlu-yapiskanli-metal-halka-3-lu-paket-tum-telefonlar-kiliflar-icin-guclu-manyetik-adaptor-p-1079558872?boutiqueId=61&merchantId=110546
otomobil-motosiklet:otomobil-motosiklet-cok-satanlar,45,45,-7,21.7,16.6,992113354,,992113354:unknown,PH Prendi Home Siyah Araba Bagaj Çantası – Oto Bagaj Organizer Kapaklı Cırtlı Düzenleyici 50x25x15,PH Prendi Home,PH PRENDİ HOME,299.9,,0,InStock,3 günde 100+ ürün satıldı!,3,100,33.3,4.3,317,5,50,"[""Kargo Bedava""]",Tahmini Teslim:,refreshed,0,https://www.trendyol.com/ph-prendi-home/siyah-araba-bagaj-cantasi-oto-bagaj-organizer-kapakli-cirtli-duzenleyici-50x25x15-p-992113354
otomobil-motosiklet:arac-ici-aksesuar,77,177,35,21.7,9.3,905394423,867640,905394423:867640,Serzembil Araç İçi Telefon Tutucu Numaratörlü Araba Numaratör Telefon Tutucu 360° Dönen,Serzembil,Modifiyum,157.41,159,0,InStock,,,,,4,391,0,85,"[""Sepette %1 İndirim"",""Kargo Bedava""]",Tahmini Teslim:,refreshed,0,https://www.trendyol.com/serzembil/arac-ici-telefon-tutucu-numaratorlu-araba-numarator-telefon-tutucu-360-donen-p-905394423?boutiqueId=61&merchantId=867640
otomobil-motosiklet:otomobil-motosiklet-cok-satanlar,76,76,-3,21.5,14.3,986700082,,986700082:unknown,AutoFresh 2 ADET ARABA KOLTUK ARKASI KANCA ÇOK FONKSİYONLU TELEFON TUTUCU ARAÇ ÇANTA ASKISI,AutoFresh,AUTOFRESH,99,,48.5,InStock,3 günde 100+ ürün satıldı!,3,100,33.3,4.3,300,2,50,"[""Kargo Bedava""]",2 saat 26 dakika içinde sipariş verirsen en geç bugün kargoda!,refreshed,0,https://www.trendyol.com/autofresh/2-adet-araba-koltuk-arkasi-kanca-cok-fonksiyonlu-telefon-tutucu-arac-canta-askisi-p-986700082
otomobil-motosiklet:arac-ici-aksesuar,93,193,,21.4,8.6,190162311,306623,190162311:306623,Genel Markalar Kraft Araç Araba Oto Paspas Kağıdı Baskılı 50 Adet 35x50 Cm 632KSERI,Genel Markalar,,144.9,,,InStock,,,,,4.6,472,,121,"[""Kargo Bedava"",""Trendyol Plus'a Özel""]",Tahmini Teslim:,refreshed,0,https://www.trendyol.com/genel-markalar/kraft-arac-araba-oto-paspas-kagidi-baskili-50-adet-35x50-cm-632kseri-p-190162311?boutiqueId=61&merchantId=306623
otomobil-motosiklet:otomobil-motosiklet-cok-satanlar,59,59,8,21.2,14.6,334677491,,334677491:unknown,Genel Markalar Aveo 4 Adet Fosforlu Yeşil Pilsiz Araba Motorsiklet Lastik Sibop Kapağı,Genel Markalar,CHN GROUP,35,,9.4,InStock,3 günde 100+ ürün satıldı!,3,100,33.3,3,274,0,220,"[""10 TL Kupon"",""Kargo Bedava"",""Son 10 Günün En Düşük Fiyatı""]",1 saat 27 dakika içinde sipariş verirsen en geç bugün kargoda!,refreshed,0,https://www.trendyol.com/genel-markalar/aveo-4-adet-fosforlu-yesil-pilsiz-araba-motorsiklet-lastik-sibop-kapagi-p-334677491
otomobil-motosiklet:otomobil-motosiklet-cok-satanlar,85,85,-25,21.1,14.7,378080448,,378080448:unknown,Selsil Susuz Motor Temizleme Spreyi 500ML Motor Temizleyici,Selsil,ROSIE,199,,0,InStock,3 günde 100+ ürün satıldı!,3,100,33.3,4.5,268,1,59,"[""Kargo Bedava""]",10 saat 26 dakika içinde sipariş verirsen en geç yarın kargoda!,refreshed,0,https://www.trendyol.com/selsil/susuz-motor-temizleme-spreyi-500ml-motor-temizleyici-p-378080448
otomobil-motosiklet:otomobil-motosiklet-cok-satanlar,47,47,-15,20.8,18.5,937245286,,937245286:unknown,CanCo Store Hello Kitty Set Sticker Su Geçirmez Yüksek Çözünürlüklü Araba Motorsiklet Kask Laptop Duvar Sticker,CanCo Store,Özgül Reklam,18.62,19,-2,InStock,3 günde 100+ ürün satıldı!,3,100,33.3,4.4,137,0,46,"[""Sepette %2 İndirim"",""Kargo Bedava"",""Trendyol Plus'a Özel""]",10 saat 27 dakika içinde sipariş verirsen en geç yarın kargoda!,refreshed,0,https://www.trendyol.com/canco-store/hello-kitty-set-sticker-su-gecirmez-yuksek-cozunurluklu-araba-motorsiklet-kask-laptop-duvar-sticker-p-937245286
otomobil-motosiklet:arac-ici-aksesuar,100,200,,20.7,10.3,34840432,256324,34840432:256324,Genel Markalar Araç Park Numaratör Parkmatik Telefon Numara Yazma Araba Park Içi,Genel Markalar,MorzaPazari,20.79,21,,InStock,,,,,4.1,287,,25,"[""Sepette %1 İndirim"",""15 TL Kupon"",""Kargo Bedava""]",Tahmini Teslim:,refreshed,0,https://www.trendyol.com/genel-markalar/arac-park-numarator-parkmatik-telefon-numara-yazma-araba-park-ici-p-34840432?boutiqueId=61&merchantId=256324
otomobil-motosiklet:otomobil-motosiklet-cok-satanlar,87,87,,20.5,22.2,1157868565,,1157868565:unknown,Venenon Araç İçi Tutucu 360 Dönebilen Ayarlanabilir Vakumlu Magsafe İphone Android Telefon Tutucu K007 Siyah,Venenon,zubizubi,141.91,152.48,,InStock,3 günde 100+ ürün satıldı!,3,100,33.3,4,,0,21,"[""Trendyol Plus'a Özel"",""Kargo Bedava""]",1 saat 26 dakika içinde sipariş verirsen en geç bugün kargoda!,refreshed,0,https://www.trendyol.com/venenon/arac-ici-tutucu-360-donebilen-ayarlanabilir-vakumlu-magsafe-iphone-android-telefon-tutucu-k007-siyah-p-1157868565
otomobil-motosiklet:arac-ici-aksesuar,46,146,49,20.3,11.7,1117590803,404545,1117590803:404545,BYENS Araba Ön Cam Güneşlik Araba Cam Güneşliği Otomobil Güneşlikleri Araç Gölgelik Oto İçi Katlanır Kare,BYENS,Pratik Center BYENS,563.07,,0,InStock,,,,,4.5,347,0,234,"[""Kargo Bedava""]",Tahmini Teslim:,refreshed,0,https://www.trendyol.com/byens/araba-on-cam-guneslik-araba-cam-gunesligi-otomobil-guneslikleri-arac-golgelik-oto-ici-katlanir-kare-p-1117590803?boutiqueId=61&merchantId=404545
otomobil-motosiklet:arac-ici-aksesuar,62,162,10,20.2,9.8,1045716825,117925,1045716825:117925,Teknoloji Gelsin Işıklı Araç Süpürgesi Kablosuz 22.000 Pascal Çekim Gücü Vakum ve Üfleme 2in1 10Başlık Metal Filtreli,Teknoloji Gelsin,Teknoloji Gelsin,1399.99,,0,InStock,,,,,4.2,333,0,61,"[""Kargo Bedava"",""Peşin Fiyatına 3 Taksit""]",1 saat 24 dakika içinde sipariş verirsen en geç bugün kargoda!,refreshed,0,https://www.trendyol.com/teknoloji-gelsin/isikli-arac-supurgesi-kablosuz-22-000-pascal-cekim-gucu-vakum-ve-ufleme-2in1-10baslik-metal-filtreli-p-1045716825?boutiqueId=61&merchantId=117925
otomobil-motosiklet:arac-ici-aksesuar,57,157,8,19.9,10.1,917481790,1100118,917481790:1100118,Arfseb Araç İçi Koltuk Arkası Organizer Şık Tasarım Pratik Depolama - Geniş Hazne Özel Bölmeler,Arfseb,HemenTıklaAl,199,,0,InStock,,,,,4.3,306,0,73,"[""Kargo Bedava""]",24 dakika 33 saniye içinde sipariş verirsen en geç bugün kargoda!,refreshed,0,https://www.trendyol.com/arfseb/arac-ici-koltuk-arkasi-organizer-sik-tasarim-pratik-depolama-genis-hazne-ozel-bolmeler-p-917481790?boutiqueId=61&merchantId=1100118
otomobil-motosiklet:arac-ici-aksesuar,66,166,30,19.8,10.2,984475058,108498,984475058:108498,Ally M2037 6000R Portatif Vakumlu Üflemeli Mini Araç Süpürgesi - Toz ve Kül Temizliği SIYAH,Ally,Akıllıphone,331.55,,0,InStock,,,,,3.3,294,2,123,"[""Kargo Bedava"",""Trendyol Plus'a Özel""]",2 saat 24 dakika içinde sipariş verirsen en geç bugün kargoda!,refreshed,0,https://www.trendyol.com/ally/m2037-6000r-portatif-vakumlu-uflemeli-mini-arac-supurgesi-toz-ve-kul-temizligi-siyah-p-984475058?boutiqueId=61&merchantId=108498
otomobil-motosiklet:otomobil-motosiklet-cok-satanlar,52,52,4,19.7,16.1,1082013459,,1082013459:unknown,BLACK MASTER Cam Filmi Çekme Aparatı ve Küçük Maket Bıçağı,BLACK MASTER,Black Master Cam Filmleri,142,,0,InStock,3 günde 100+ ürün satıldı!,3,100,33.3,3.3,181,0,52,"[""Kargo Bedava""]",10 saat 27 dakika içinde sipariş verirsen en geç yarın kargoda!,refreshed,0,https://www.trendyol.com/black-master/cam-filmi-cekme-aparati-ve-kucuk-maket-bicagi-p-1082013459
otomobil-motosiklet:arac-ici-aksesuar,61,161,30,19.7,10.3,92397097,185368,92397097:185368,MeyZone Araç Koltuk Arası Bardak Tutucu Organizer Koltuk Arası Bardaklık,MeyZone,,142.47,,0,InStock,,,,,3.9,286,0,161,"[""Sepette %1 İndirim"",""Kargo Bedava"",""Trendyol Plus'a Özel""]",Tahmini Teslim:,refreshed,0,https://www.trendyol.com/meyzone/arac-koltuk-arasi-bardak-tutucu-organizer-koltuk-arasi-bardaklik-p-92397097?boutiqueId=61&merchantId=185368
otomobil-motosiklet:arac-ici-aksesuar,98,198,,19.7,10.3,994012965,312319,994012965:312319,Pleksinova Ayetel Kürsi ve Nazar Dualı Araba Süsü Dikiz Aynası Süsü Araba Süsü - Çift Taraflı,Pleksinova,Pleksinova,189.05,,,InStock,,,,,4.9,291,,39,"[""Kargo Bedava"",""Trendyol Plus'a Özel""]",Tahmini Teslim:,refreshed,0,https://www.trendyol.com/pleksinova/ayetel-kursi-ve-nazar-duali-araba-susu-dikiz-aynasi-susu-araba-susu-cift-tarafli-p-994012965?boutiqueId=61&merchantId=312319
otomobil-motosiklet:otomobil-motosiklet-cok-satanlar,80,80,,19.3,18.6,121018143,,121018143:unknown,Beatitude Oto Parkmatik Numaratik Tüm Arabalara Uygun Oto Araç Numaratör Cam Önü Aç Kapa Telefon Numarası,Beatitude,B&M MARKET,73.49,74.99,,InStock,3 günde 100+ ürün satıldı!,3,100,33.3,4,88,,12,"[""Trendyol Plus'a Özel"",""Kargo Bedava""]",1 saat 26 dakika içinde sipariş verirsen en geç bugün kargoda!,refreshed,0,https://www.trendyol.com/beatitude/oto-parkmatik-numaratik-tum-arabalara-uygun-oto-arac-numarator-cam-onu-ac-kapa-telefon-numarasi-p-121018143
otomobil-motosiklet:arac-ici-aksesuar,79,179,,18.7,11.3,892994045,185368,892994045:185368,MeyZone 3 Boy Cırtlı Bagaj Bandı Sabitleyici Ve Düzenleyici Bant Bagaj Lastiği Çantası Sabitleyici Organizer,MeyZone,,142.47,,,InStock,,,,,4.2,215,,,"[""Sepette %1 İndirim"",""Kargo Bedava"",""Trendyol Plus'a Özel""]",Tahmini Teslim:,refreshed,0,https://www.trendyol.com/meyzone/3-boy-cirtli-bagaj-bandi-sabitleyici-ve-duzenleyici-bant-bagaj-lastigi-cantasi-sabitleyici-organizer-p-892994045?boutiqueId=61&merchantId=185368
otomobil-motosiklet:arac-ici-aksesuar,44,144,55,18.3,14.7,979910996,267809,979910996:267809,klovi İthal Çiçekli Araç İçi Telefon Tutucu,klovi,,659.9,,5.2,InStock,,,,,4.4,192,0,,"[""Kargo Bedava"",""Sepette %1 İndirim"",""Sepette %2 İndirim"",""293,90 TL Kupon"",""32,99 TL Kupon"",""Trendyol Plus'a Özel""]",Tahmini Teslim:,refreshed,0,https://www.trendyol.com/klovi/ithal-cicekli-arac-ici-telefon-tutucu-p-979910996?boutiqueId=61&merchantId=267809
otomobil-motosiklet:arac-ici-aksesuar,83,183,24,18.3,12.7,1076490695,867640,1076490695:867640,Modifiyum Araç Içi Renkli Işıklı Küllük Renkli Işıklı Kapaklı Araba Küllüğü Oto Küllük RGB Işıklı,Modifiyum,,325.71,329,0,InStock,,,,,4.5,143,0,44,"[""Sepette %1 İndirim"",""169 TL Kupon"",""349 TL Kupon"",""Kargo Bedava"",""Trendyol Plus'a Özel""]",Tahmini Teslim:,refreshed,0,https://www.trendyol.com/modifiyum/arac-ici-renkli-isikli-kulluk-renkli-isikli-kapakli-araba-kullugu-oto-kulluk-rgb-isikli-p-1076490695?boutiqueId=61&merchantId=867640
otomobil-motosiklet:otomobil-motosiklet-cok-satanlar,42,42,4,18.2,22.6,1183265877,,1183265877:unknown,Pi Dekorasyon KİŞİYE ÖZEL UV BASKILI OTO PLAKALIK 2 ADET,Pi Dekorasyon,Pi Dekorasyon,197.01,199,0,InStock,3 günde 100+ ürün satıldı!,3,100,33.3,4.9,86,2,117,"[""Sepette %1 İndirim"",""Kargo Bedava"",""Trendyol Plus'a Özel""]",10 saat 27 dakika içinde sipariş verirsen en geç yarın kargoda!,refreshed,0,https://www.trendyol.com/pi-dekorasyon/kisiye-ozel-uv-baskili-oto-plakalik-2-adet-p-1183265877
otomobil-motosiklet:arac-ici-aksesuar,64,164,,18.2,11.8,31523735,717018,31523735:717018,Genel Markalar Araç Içi Torpido Ledi - Ip Led - Neon Led - Şerit Led / Mavi,Genel Markalar,OTOACTİON,149,,,InStock,,,,,3.8,186,,622,"[""Kargo Bedava""]",10 saat 24 dakika içinde sipariş verirsen en geç yarın kargoda!,refreshed,0,https://www.trendyol.com/genel-markalar/arac-ici-torpido-ledi-ip-led-neon-led-serit-led-mavi-p-31523735?boutiqueId=61&merchantId=717018
otomobil-motosiklet:otomobil-motosiklet-cok-satanlar,67,67,13,18.1,19,967667389,,967667389:unknown,Popidima Katlanabilir Araba Ön Cam Güneşlik Metalize Isı Yalıtımlı Yazlık Araba Güneşliği - 150x70cm,Popidima,Popidima,74,74.99,0,InStock,3 günde 100+ ürün satıldı!,3,100,33.3,4,78,1,99,"[""Trendyol Plus'a Özel"",""Kargo Bedava""]",10 saat 26 dakika içinde sipariş verirsen en geç yarın kargoda!,refreshed,0,https://www.trendyol.com/popidima/katlanabilir-araba-on-cam-guneslik-metalize-isi-yalitimli-yazlik-araba-gunesligi-150x70cm-p-967667389
otomobil-motosiklet:arac-ici-aksesuar,96,196,,18,12,924555151,597872,924555151:597872,"Balkan Ticaret 2Kg Yangın Tüpü Tozlu Yangın Tüpü - ev, araç ve iş yerleri için ideal",Balkan Ticaret,Balkan Ticaret,707.19,,,InStock,,,,,4.3,178,,158,"[""Kargo Bedava""]",Tahmini Teslim:,refreshed,0,https://www.trendyol.com/balkan-ticaret/2kg-yangin-tupu-tozlu-yangin-tupu-ev-arac-ve-is-yerleri-icin-ideal-p-924555151?boutiqueId=61&merchantId=597872
otomobil-motosiklet:otomobil-motosiklet-cok-satanlar,61,61,-4,17.8,18,981567834,,981567834:unknown,Genel Markalar Silikonlu Vantuz Beyaz ve Pembe Telefon Vantuz Tutucu 2 Adet,Genel Markalar,Parmend Life,49.9,,4,InStock,3 günde 100+ ürün satıldı!,3,100,33.3,4.1,104,1,77,"[""Kargo Bedava""]",10 saat 27 dakika içinde sipariş verirsen en geç yarın kargoda!,refreshed,0,https://www.trendyol.com/genel-markalar/silikonlu-vantuz-beyaz-ve-pembe-telefon-vantuz-tutucu-2-adet-p-981567834
otomobil-motosiklet:otomobil-motosiklet-cok-satanlar,68,68,,17.8,18.1,812483428,,812483428:unknown,"Rex Aksesuar 8 X 1,7 Cm Çok Güzelsin Oto Sticker Araba Cam Sticker",Rex Aksesuar,Rex Aksesuar,14.99,,,InStock,3 günde 100+ ürün satıldı!,3,100,33.3,4.4,102,,21,"[""90 TL Kupon"",""24,90 TL Kupon"",""Kargo Bedava"",""Trendyol Plus'a Özel""]",26 dakika 50 saniye içinde sipariş verirsen en geç bugün kargoda!,refreshed,0,https://www.trendyol.com/rex-aksesuar/8-x-1-7-cm-cok-guzelsin-oto-sticker-araba-cam-sticker-p-812483428
otomobil-motosiklet:otomobil-motosiklet-cok-satanlar,82,82,,17.3,18.6,982830430,,982830430:unknown,İK Kuzey Araba Çöp Kutusu – Araç İçi Kapaklı Taşınabilir Organizer Kova,İK Kuzey,İK Kuzey,74.9,,,InStock,3 günde 100+ ürün satıldı!,3,100,33.3,3.8,88,2,6,"[""Kargo Bedava""]",Tahmini Teslim:,refreshed,0,https://www.trendyol.com/ik-kuzey/araba-cop-kutusu-arac-ici-kapakli-tasinabilir-organizer-kova-p-982830430
otomobil-motosiklet:otomobil-motosiklet-cok-satanlar,99,99,,17.1,18.7,1062672600,,1062672600:unknown,İndirimKap 2 Adet Araba Koltuk Arası Düşme Engelleyici Organizer Araç İçi Telefon Tutucu Siyah Renk,İndirimKap,Eymen Ticaret,199.99,,,InStock,3 günde 100+ ürün satıldı!,3,100,33.3,3.4,84,2,278,"[""Kargo Bedava""]",Tahmini Teslim:,refreshed,0,https://www.trendyol.com/indirimkap/2-adet-araba-koltuk-arasi-dusme-engelleyici-organizer-arac-ici-telefon-tutucu-siyah-renk-p-1062672600
otomobil-motosiklet:otomobil-motosiklet-cok-satanlar,88,88,,17,18.8,1134431293,,1134431293:unknown,SRKOC Standart Beden Dokunmatik Motor Eldiveni,SRKOC,SRKOC,390,,,InStock,3 günde 100+ ürün satıldı!,3,100,33.3,4.1,82,,79,"[""Kargo Bedava""]",1 saat 26 dakika içinde sipariş verirsen en geç bugün kargoda!,refreshed,0,https://www.trendyol.com/srkoc/standart-beden-dokunmatik-motor-eldiveni-p-1134431293
otomobil-motosiklet:arac-ici-aksesuar,76,176,,17,13,839070909,441763,839070909:441763,Moonrider Gri Su Geçirmez Premium Motosiklet Branda 400cc Altı Motorlar Için Alttan Lastikli Motorsiklet Çadır,Moonrider,Moonrider,458.1,,,InStock,,,,,4.5,131,,555,"[""Kargo Bedava"",""Trendyol Plus'a Özel""]",10 saat 24 dakika içinde sipariş verirsen en geç yarın kargoda!,refreshed,0,https://www.trendyol.com/moonrider/gri-su-gecirmez-premium-motosiklet-branda-400cc-alti-motorlar-icin-alttan-lastikli-motorsiklet-cadir-p-839070909?boutiqueId=61&merchantId=441763
otomobil-motosiklet:arac-ici-aksesuar,81,181,29,17,18.8,925428347,4651,925428347:4651,Proseg Portatif Vakumlu Mini Kablolu Araç Süpürgesi - Toz Ve Kül Temizliği El Süpürgesi PR-AS04,Proseg,,374,397,-37.6,InStock,,,,,4.2,24,1,36,"[""Kargo Bedava"",""Son 10 Günün En Düşük Fiyatı"",""Son 10 günün en düşük fiyatı""]",Tahmini Teslim:,refreshed,0,https://www.trendyol.com/proseg/portatif-vakumlu-mini-kablolu-arac-supurgesi-toz-ve-kul-temizligi-el-supurgesi-pr-as04-p-925428347?boutiqueId=61&merchantId=4651
otomobil-motosiklet:otomobil-motosiklet-cok-satanlar,93,93,-14,16.9,18.9,190138290,,190138290:unknown,Genel Markalar By Erek 115gr 35x50cm Baskısız 50 Adet Kraft Kağıt Oto Paspas (1 KG),Genel Markalar,ORCOPY,36.5,,2.8,InStock,3 günde 100+ ürün satıldı!,3,100,33.3,4.2,79,1,23,"[""Kargo Bedava""]",10 saat 26 dakika içinde sipariş verirsen en geç yarın kargoda!,refreshed,0,https://www.trendyol.com/genel-markalar/by-erek-115gr-35x50cm-baskisiz-50-adet-kraft-kagit-oto-paspas-1-kg-p-190138290
otomobil-motosiklet:otomobil-motosiklet-cok-satanlar,49,49,17,16.8,20.5,40782593,,40782593:unknown,Genel Markalar Lastik Yama 24 Lü Iç Lastik Tamir Kiti Şamyel Soğuk Yama Seti,Genel Markalar,urunkolik,47.03,47.51,0,InStock,3 günde 100+ ürün satıldı!,3,100,33.3,4.1,58,0,40,"[""Sepette %1 İndirim"",""Kargo Bedava"",""Trendyol Plus'a Özel""]",2 saat 27 dakika içinde sipariş verirsen en geç bugün kargoda!,refreshed,0,https://www.trendyol.com/genel-markalar/lastik-yama-24-lu-ic-lastik-tamir-kiti-samyel-soguk-yama-seti-p-40782593
otomobil-motosiklet:arac-ici-aksesuar,40,140,42,16.8,18.2,969331139,555700,969331139:555700,"DecoVera 1 Adet Sevimli Mini Beyaz Yatan Kedi Figürü, Araba Süsü, Dekor, Masa Dekoru, Torpido Aksesuarı",DecoVera,GMD TECH,34.9,,0,InStock,,,,,4.2,126,0,29,"[""Kargo Bedava""]",Tahmini Teslim:,refreshed,0,https://www.trendyol.com/decovera/1-adet-sevimli-mini-beyaz-yatan-kedi-figuru-araba-susu-dekor-masa-dekoru-torpido-aksesuari-p-969331139?boutiqueId=61&merchantId=555700
otomobil-motosiklet:arac-ici-aksesuar,47,147,34,16.8,19.7,1133557870,1003631,1133557870:1003631,BEVATİR Civciv Figürlü Araç Klima Aksesuarı-Koku Hazneli-Torpido Aksesuar,BEVATİR,BEVATİR,189,199,0,InStock,,,,,4.5,29,0,15,"[""Son 10 Günün En Düşük Fiyatı"",""Kargo Bedava"",""Son 10 günün en düşük fiyatı""]",10 saat 24 dakika içinde sipariş verirsen en geç yarın kargoda!,refreshed,0,https://www.trendyol.com/bevatir/civciv-figurlu-arac-klima-aksesuari-koku-hazneli-torpido-aksesuar-p-1133557870?boutiqueId=61&merchantId=1003631
otomobil-motosiklet:arac-ici-aksesuar,94,194,,16.5,19.8,1179616748,596513,1179616748:596513,Blessca Araba Ön Cam Güneşlik Güneşliği Otomobil Güneşlikleri Araç Gölgelik Oto İçi Katlanır Kare Gölge Yansıtma Gölgelik Güneş Koruyucu Katlanabilir UV Teknoloji,Blessca,Lidya Life,524.56,559.65,,InStock,,,,,5,18,,2,"[""Son 10 Günün En Düşük Fiyatı"",""Son 10 günün en düşük fiyatı""]",10 saat 23 dakika içinde sipariş verirsen en geç yarın kargoda!,refreshed,0,https://www.trendyol.com/blessca/araba-on-cam-guneslik-gunesligi-otomobil-guneslikleri-arac-golgelik-oto-ici-katlanir-kare-golge-yansitma-golgelik-gunes-koruyucu-katlanabilir-uv-teknoloji-p-1179616748?boutiqueId=61&merchantId=596513
otomobil-motosiklet:arac-ici-aksesuar,45,145,41,16.3,16.2,217366182,576149,217366182:576149,Genel Markalar Telefon Tutacağı Duvara Monte Tv Kumandası Klima Kumandası Asma Aparatı,Genel Markalar,SAVORY HOME,44,,0,InStock,,,,,3.5,108,0,47,"[""Sepette %1 İndirim"",""Kargo Bedava""]",Tahmini Teslim:,refreshed,0,https://www.trendyol.com/genel-markalar/telefon-tutacagi-duvara-monte-tv-kumandasi-klima-kumandasi-asma-aparati-p-217366182?boutiqueId=61&merchantId=576149
otomobil-motosiklet:arac-ici-aksesuar,58,158,51,16.3,13.7,822483662,453256,822483662:453256,Genel Markalar Yumuşak Kıllı Araç İçi Detay Toz Temizleme Fırçası KORUMA KAPLI,Genel Markalar,MUCİT HOME,34.29,,0,InStock,,,,,4.1,109,0,15,"[""Son 10 Günün En Düşük Fiyatı"",""Süper Fırsat Ürünü"",""Kargo Bedava"",""Trendyol Plus'a Özel""]",Tahmini Teslim:,refreshed,0,https://www.trendyol.com/genel-markalar/yumusak-killi-arac-ici-detay-toz-temizleme-fircasi-koruma-kapli-p-822483662?boutiqueId=61&merchantId=453256
otomobil-motosiklet:arac-ici-aksesuar,32,132,62,16,,980144619,841196,980144619:841196,"Q Aksesuar Vakumlu Telefon Tutucu 2’li Set – Vantuzlu Kaymaz Telefon Sabitleyici, Silikon Yapışkanlı Tutucu",Q Aksesuar,Q Aksesuar,49.9,,0,InStock,,,,,,,0,,"[""Kargo Bedava""]",10 saat 25 dakika içinde sipariş verirsen en geç yarın kargoda!,refreshed,0,https://www.trendyol.com/q-aksesuar/vakumlu-telefon-tutucu-2-li-set-vantuzlu-kaymaz-telefon-sabitleyici-silikon-yapiskanli-tutucu-p-980144619?boutiqueId=61&merchantId=841196
otomobil-motosiklet:arac-ici-aksesuar,65,165,,16,14,948587927,815171,948587927:815171,Genel Markalar Kırmızı Fiyonk Torpido Süsü Araba Süsü - Araç İçi Aksesuar Dekoratif Fiyonk - Oto Aksesuarı,Genel Markalar,3D SerArt,20,,,InStock,,,,,4.1,100,,32,"[""Kargo Bedava""]",10 saat 24 dakika içinde sipariş verirsen en geç yarın kargoda!,refreshed,0,https://www.trendyol.com/genel-markalar/kirmizi-fiyonk-torpido-susu-araba-susu-arac-ici-aksesuar-dekoratif-fiyonk-oto-aksesuari-p-948587927?boutiqueId=61&merchantId=815171
otomobil-motosiklet:otomobil-motosiklet-cok-satanlar,51,51,-9,15.7,20.1,1066224920,,1066224920:unknown,"OVERMAX Tatlı Tavşan Çift Sert Plastik Araba Süsü, Çift Hediye, Minik Süs, Tavşan Çift",OVERMAX,Past Store,19.9,,0,InStock,3 günde 100+ ürün satıldı!,3,100,33.3,4.3,56,0,22,"[""Kargo Bedava""]",3 saat 27 dakika içinde sipariş verirsen en geç bugün kargoda!,refreshed,0,https://www.trendyol.com/overmax/tatli-tavsan-cift-sert-plastik-araba-susu-cift-hediye-minik-sus-tavsan-cift-p-1066224920
otomobil-motosiklet:arac-ici-aksesuar,86,186,,15.5,14.5,848613983,1176771,848613983:1176771,Genel Markalar Dekoratif Hologramlı Hahaha Sticker Motor-araba-kask Için Etiket 15cmx20cm (1 ADET),Genel Markalar,,25,,,InStock,,,,,4.1,85,,,"[""Sepette %2 İndirim"",""Sepette %1 İndirim"",""Kargo Bedava""]",Tahmini Teslim:,refreshed,0,https://www.trendyol.com/genel-markalar/dekoratif-hologramli-hahaha-sticker-motor-araba-kask-icin-etiket-15cmx20cm-1-adet-p-848613983?boutiqueId=61&merchantId=1176771
otomobil-motosiklet:arac-ici-aksesuar,71,171,13,15.4,14.6,1033430361,620946,1033430361:620946,Banxtre Motor için El Sueno Del Nino Sticker (Bir Çocuğun Rüyası) Sticker Etiket (15CMx2.5CM),Banxtre,Banxtre,24.9,,0,InStock,,,,,3.9,,0,31,"[""Kargo Bedava"",""Trendyol Plus'a Özel""]",10 saat 24 dakika içinde sipariş verirsen en geç yarın kargoda!,refreshed,0,https://www.trendyol.com/banxtre/motor-icin-el-sueno-del-nino-sticker-bir-cocugun-ruyasi-sticker-etiket-15cmx2-5cm-p-1033430361?boutiqueId=61&merchantId=620946
otomobil-motosiklet:otomobil-motosiklet-cok-satanlar,57,57,-2,14.8,21,1066222778,,1066222778:unknown,"OVERMAX Mini Panda Araç İçi Aksesuar, Araba Dekoru, Klima Süsü, Panda Dekor, Masa Dekoru 1 Adet",OVERMAX,Past Store,19.99,,26.7,InStock,3 günde 100+ ürün satıldı!,3,100,33.3,4.3,43,0,16,"[""Kargo Bedava""]",3 saat 27 dakika içinde sipariş verirsen en geç bugün kargoda!,refreshed,0,https://www.trendyol.com/overmax/mini-panda-arac-ici-aksesuar-araba-dekoru-klima-susu-panda-dekor-masa-dekoru-1-adet-p-1066222778
otomobil-motosiklet:arac-ici-aksesuar,59,159,24,14.8,15.2,938862717,620946,938862717:620946,Banxtre Motor için Roll Yazılı Beyaz Renk Sticker Etiket (8CMx1CM),Banxtre,Banxtre,24.15,,0,InStock,,,,,4.2,70,0,24,"[""Kargo Bedava"",""Trendyol Plus'a Özel""]",10 saat 24 dakika içinde sipariş verirsen en geç yarın kargoda!,refreshed,0,https://www.trendyol.com/banxtre/motor-icin-roll-yazili-beyaz-renk-sticker-etiket-8cmx1cm-p-938862717?boutiqueId=61&merchantId=620946
otomobil-motosiklet:arac-ici-aksesuar,50,150,69,14.7,15.3,239886972,968792,239886972:968792,Jetcom Masa Üstü Telefon Standı Masa Üstü Tablet Standı Kademeli Yükseklik Ayarlı Siyah,Jetcom,LOVEBELLA,70,,0,InStock,,,,,3.7,67,0,25,"[""Kargo Bedava""]",1 saat 24 dakika içinde sipariş verirsen en geç bugün kargoda!,refreshed,0,https://www.trendyol.com/jetcom/masa-ustu-telefon-standi-masa-ustu-tablet-standi-kademeli-yukseklik-ayarli-siyah-p-239886972?boutiqueId=61&merchantId=968792
otomobil-motosiklet:arac-ici-aksesuar,54,154,44,14.6,15.4,1132178096,688974,1132178096:688974,LELVANİ Araba Çöp Kutusu 2’li Set Araç İçi Kapaklı Çöp Kovası Taşınabilir Oto Organizer Siyah,LELVANİ,İK Kuzey,154.9,,0,InStock,,,,,4.1,66,1,15,"[""Kargo Bedava""]",Tahmini Teslim:,refreshed,0,https://www.trendyol.com/lelvani/araba-cop-kutusu-2-li-set-arac-ici-kapakli-cop-kovasi-tasinabilir-oto-organizer-siyah-p-1132178096?boutiqueId=61&merchantId=688974
otomobil-motosiklet:arac-ici-aksesuar,73,173,27,14.4,15.6,945131580,111284,945131580:111284,Azrua Yaldızlı Açık Mavi Turkuaz Kaplumbağa Nazar Boncuklu Araba Ayna Süsü Araba Nazarlık Nazar Koruması,Azrua,AZRUA,175,,0,InStock,,,,,4.6,62,1,10,"[""Kargo Bedava""]",10 saat 24 dakika içinde sipariş verirsen en geç yarın kargoda!,refreshed,0,https://www.trendyol.com/azrua/yaldizli-acik-mavi-turkuaz-kaplumbaga-nazar-boncuklu-araba-ayna-susu-araba-nazarlik-nazar-korumasi-p-945131580?boutiqueId=61&merchantId=111284
otomobil-motosiklet:arac-ici-aksesuar,51,151,29,13.8,16.2,888165117,1195705,888165117:1195705,Aksesuar Kasabası Silikon Vakumlu Yapışkanlı Kaymaz Vantuz Cep Telefon Tutucu,Aksesuar Kasabası,Trend Pazarlama ve Toptan Satış,26,,0,InStock,,,,,3.9,,0,29,"[""Kargo Bedava"",""Son 10 Günün En Düşük Fiyatı""]",Tahmini Teslim:,refreshed,0,https://www.trendyol.com/aksesuar-kasabasi/silikon-vakumlu-yapiskanli-kaymaz-vantuz-cep-telefon-tutucu-p-888165117?boutiqueId=61&merchantId=1195705
otomobil-motosiklet:arac-ici-aksesuar,87,187,,13.6,16.4,928555467,620946,928555467:620946,Banxtre Motor ve Kask için Mat Gold AEA Altın Elbiseli Adam Sticker Etiket (10CM),Banxtre,Banxtre,24.15,,,InStock,,,,,4.3,49,,4,"[""Kargo Bedava"",""Trendyol Plus'a Özel""]",10 saat 23 dakika içinde sipariş verirsen en geç yarın kargoda!,refreshed,0,https://www.trendyol.com/banxtre/motor-ve-kask-icin-mat-gold-aea-altin-elbiseli-adam-sticker-etiket-10cm-p-928555467?boutiqueId=61&merchantId=620946
otomobil-motosiklet:otomobil-motosiklet-cok-satanlar,70,70,4,13.2,22.6,1177750491,,1177750491:unknown,DetailX 23 Parça Ultra Premium Oto Bakım ve Motorsiklet Yıkama Seti Dolu Dolu Tek Set,DetailX,DetailX,849,,0,InStock,3 günde 100+ ürün satıldı!,3,100,33.3,4.6,27,2,23,"[""Kargo Bedava""]",10 saat 26 dakika içinde sipariş verirsen en geç yarın kargoda!,refreshed,0,https://www.trendyol.com/detailx/23-parca-ultra-premium-oto-bakim-ve-motorsiklet-yikama-seti-dolu-dolu-tek-set-p-1177750491
otomobil-motosiklet:arac-ici-aksesuar,74,174,,12.7,17.3,1097489684,675708,1097489684:675708,"OVERMAX Mini Süpriz Araç Içi Süsü, Masa Dekoru, Tatlı Dekor, Klima Süsü, Minik Dekor",OVERMAX,Past Store,19.99,,,InStock,,,,,4.3,38,,19,"[""Kargo Bedava""]",3 saat 24 dakika içinde sipariş verirsen en geç bugün kargoda!,refreshed,0,https://www.trendyol.com/overmax/mini-supriz-arac-ici-susu-masa-dekoru-tatli-dekor-klima-susu-minik-dekor-p-1097489684?boutiqueId=61&merchantId=675708
otomobil-motosiklet:arac-ici-aksesuar,69,169,,12.3,17.7,939102473,620946,939102473:620946,Banxtre Motor ve Kask için Hologramlı Punisher Sticker Etiket (12CMx6CM),Banxtre,Banxtre,48.4,,,InStock,,,,,4.4,33,,11,"[""Kargo Bedava"",""Trendyol Plus'a Özel""]",10 saat 24 dakika içinde sipariş verirsen en geç yarın kargoda!,refreshed,0,https://www.trendyol.com/banxtre/motor-ve-kask-icin-hologramli-punisher-sticker-etiket-12cmx6cm-p-939102473?boutiqueId=61&merchantId=620946
otomobil-motosiklet:arac-ici-aksesuar,80,180,,12.1,17.9,1131147160,814068,1131147160:814068,"papirusart Fotoğraflı Araba Süsü, Kişiye özel Oto süsü, Kokusuzdur, Sevgililer Günü için Hediye Fikri",papirusart,,178.75,,,InStock,,,,,4.6,32,,,"[""Sepette %20 İndirim"",""Kargo Bedava"",""Trendyol Plus'a Özel""]",Tahmini Teslim:,refreshed,0,https://www.trendyol.com/papirusart/fotografli-araba-susu-kisiye-ozel-oto-susu-kokusuzdur-sevgililer-gunu-icin-hediye-fikri-p-1131147160?boutiqueId=61&merchantId=814068
otomobil-motosiklet:otomobil-motosiklet-cok-satanlar,94,94,,11.9,23.9,1051779246,,1051779246:unknown,STİLİX GARAGE Bmw Uyumlu Anahtar Amblemi Logo 1 Adet 11 MM Damla Etiket A KALİTE,STİLİX GARAGE,İMZA DİREKSİYON KILIFI,16.46,,,InStock,3 günde 100+ ürün satıldı!,3,100,33.3,4.7,18,,16,"[""Kargo Bedava""]",Tahmini Teslim:,refreshed,0,https://www.trendyol.com/stilix-garage/bmw-uyumlu-anahtar-amblemi-logo-1-adet-11-mm-damla-etiket-a-kalite-p-1051779246
otomobil-motosiklet:arac-ici-aksesuar,53,153,48,11.8,18.2,1161153204,108627,1161153204:108627,Dust Araba Bagaj Çantası – 60x30x30cm Oto Bagaj Organizer Kapaklı Cırtlı Düzenleyici,Dust,ByLizard,692.37,,0,InStock,,,,,4.3,29,1,10,"[""Kargo Bedava""]",Tahmini Teslim:,refreshed,0,https://www.trendyol.com/dust/araba-bagaj-cantasi-60x30x30cm-oto-bagaj-organizer-kapakli-cirtli-duzenleyici-p-1161153204?boutiqueId=61&merchantId=108627
otomobil-motosiklet:arac-ici-aksesuar,88,188,,11.8,18.2,1166695369,215882,1166695369:215882,bgvibe Araba İçi Tablet Tutucu Koltuk Arkası Organizer Araç Oto Çocuk Çok Bölmeli Organizer Cepli Eşya Düzenleyici,bgvibe,BG-TİCARET,198.9,,,InStock,,,,,4.8,29,,31,"[""Son 10 Günün En Düşük Fiyatı"",""Süper Fırsat Ürünü"",""Trendyol Plus'a Özel""]",2 saat 23 dakika içinde sipariş verirsen en geç bugün kargoda!,refreshed,0,https://www.trendyol.com/bgvibe/araba-ici-tablet-tutucu-koltuk-arkasi-organizer-arac-oto-cocuk-cok-bolmeli-organizer-cepli-esya-duzenleyici-p-1166695369?boutiqueId=61&merchantId=215882
otomobil-motosiklet:arac-ici-aksesuar,75,175,29,10.4,19.6,1128519919,673550,1128519919:673550,Bundeba Fiyonk Pembe Oto Boyun Yastığı 2x Adet Welsoft Peluş Ortopedik Araç Destek Boyun Yastığı Yastık,Bundeba,Bundeba,379.05,,0,InStock,,,,,4.8,19,2,3,"[""Kargo Bedava"",""Trendyol Plus'a Özel""]",10 saat 24 dakika içinde sipariş verirsen en geç yarın kargoda!,refreshed,0,https://www.trendyol.com/bundeba/fiyonk-pembe-oto-boyun-yastigi-2x-adet-welsoft-pelus-ortopedik-arac-destek-boyun-yastigi-yastik-p-1128519919?boutiqueId=61&merchantId=673550
otomobil-motosiklet:arac-ici-aksesuar,99,199,,9.6,20.4,1154790642,320329,1154790642:320329,"Emsal Grup 2'li Set Plastik - Araç İçi Koltuk Arkası Çanta, Tablet, Telefon ve Eşya Askısı, Araç Düzenleyici",Emsal Grup,EMSAL GRUP,150,,,InStock,,,,,4.5,15,,5,"[""Kargo Bedava""]",Tahmini Teslim:,refreshed,0,https://www.trendyol.com/emsal-grup/2-li-set-plastik-arac-ici-koltuk-arkasi-canta-tablet-telefon-ve-esya-askisi-arac-duzenleyici-p-1154790642?boutiqueId=61&merchantId=320329
otomobil-motosiklet:otomobil-motosiklet-cok-satanlar,83,83,,8.2,27.9,1172417505,,1172417505:unknown,mimtec RGB Işıklı Bluetooth 5.3 Interkom - Su Geçirmez Kask İçi Motosiklet Kulaklık Intercom,mimtec,Mimtec,697.9,699.9,,InStock,3 günde 100+ ürün satıldı!,3,100,33.3,4.8,5,,9,"[""Trendyol Plus'a Özel"",""Kargo Bedava""]",Tahmini Teslim:,refreshed,0,https://www.trendyol.com/mimtec/rgb-isikli-bluetooth-5-3-interkom-su-gecirmez-kask-ici-motosiklet-kulaklik-intercom-p-1172417505
otomobil-motosiklet:arac-ici-aksesuar,72,172,46,8,22,1155468723,990872,1155468723:990872,"Genel Markalar Araç İçi Koltuk Arkası Düzenleyici, Oto Koltuk Arkası Organizer ve Koruyucu, Tablet Bölmeli, Çok Amaçlı Organizer",Genel Markalar,ALİTA TEXTILE,341.05,,12.7,InStock,,,,,4.7,9,0,7,"[""15 TL Kupon"",""Kargo Bedava"",""Trendyol Plus'a Özel""]",Tahmini Teslim:,refreshed,0,https://www.trendyol.com/genel-markalar/arac-ici-koltuk-arkasi-duzenleyici-oto-koltuk-arkasi-organizer-ve-koruyucu-tablet-bolmeli-cok-amacli-organizer-p-1155468723?boutiqueId=61&merchantId=990872
otomobil-motosiklet:arac-ici-aksesuar,60,160,,5.6,24.4,1161122534,1072750,1161122534:1072750,auhma AHV-29 Uyumlu Yedek HEPA Filtre Tekli | Yıkanabilir Araç Süpürgesi Filtresi | %99.97 Filtrasyo,auhma,,224.1,,,InStock,,,,,4.3,4,,11,"[""Kargo Bedava"",""Trendyol Plus'a Özel""]",Tahmini Teslim:,refreshed,0,https://www.trendyol.com/auhma/ahv-29-uyumlu-yedek-hepa-filtre-tekli-yikanabilir-arac-supurgesi-filtresi-99-97-filtrasyo-p-1161122534?boutiqueId=61&merchantId=1072750
otomobil-motosiklet:arac-ici-aksesuar,95,195,,2.4,27.6,1179334300,1190069,1179334300:1190069,ENNAR LED Kızgın Göz Efektli Titreşim Sensörlü Şarjlı Araç Camı Dekor Işığı Güneş Enerjisi ve Type-C ile Şarj Edilebilir,ENNAR,OzzyCase,549.9,,,InStock,,,,,5,1,,20,"[""Kargo Bedava""]",10 saat 23 dakika içinde sipariş verirsen en geç yarın kargoda!,refreshed,0,https://www.trendyol.com/ennar/led-kizgin-goz-efektli-titresim-sensorlu-sarjli-arac-cami-dekor-isigi-gunes-enerjisi-ve-type-c-ile-sarj-edilebilir-p-1179334300?boutiqueId=61&merchantId=1190069
otomobil-motosiklet:arac-ici-aksesuar,84,184,36,0,,980144490,841196,980144490:841196,"Q Aksesuar Silikon Vakumlu Telefon Tutucu, Cep Telefonu için Silikon Yapışkanlı, Kaymaz Vantuz Telefon Tutucu",Q Aksesuar,,49.9,,0,InStock,,,,,,,0,,"[""Sepette %1 İndirim"",""15 TL Kupon"",""399,90 TL Kupon"",""19 TL Kupon"",""Kargo Bedava"",""Trendyol Plus'a Özel""]",Tahmini Teslim:,refreshed,0,https://www.trendyol.com/q-aksesuar/silikon-vakumlu-telefon-tutucu-cep-telefonu-icin-silikon-yapiskanli-kaymaz-vantuz-telefon-tutucu-p-980144490?boutiqueId=61&merchantId=841196
