date,captured_at,query,sort,source_segment,source_query,segment_position,source_page,search_position,bestseller_rank,category_rank,rank_scope,rank_scope_position,rank_delta,trend_score,niche_score,product_id,merchant_id,offer_key,title,brand,category,url,seller_name,seller_score,price,original_price,discount_percent,price_delta_percent,currency,campaigns,stock_status,stock_signal,sales_signal,sales_signal_days,sales_signal_min,sales_signal_daily_min,rating,rating_count,review_count,review_delta,question_count,basket_signal,favorite_signal,view_signal,shipping_cost,shipping_currency,handling_days_min,handling_days_max,transit_days_min,transit_days_max,delivery_summary,badge,image_url,properties,sample_review_count,sample_review_avg,detail_status,detail_selection,detail_attempted,detail_refreshed_at,detail_age_days,data_sources,field_availability,detail_ok,detail_error
2026-08-21,2026-08-21T12:30:04+03:00,elektronik,BEST_SELLER,elektronik-vitrini,Trendyol Elektronik / En Çok Satan,1,1,1,1,1,elektronik:elektronik-vitrini,1,2,132.8,66.2,382995037,820695,382995037:820695,comedones Dijital Baskül Yağ Su Kas Vücut Kitle Endeksi Kilo Ölçer Tartı,comedones,,https://www.trendyol.com/comedones/dijital-baskul-yag-su-kas-vucut-kitle-endeksi-kilo-olcer-tarti-p-382995037?boutiqueId=61&merchantId=820695,Vimi,93,438.8,,,0,TRY,"[""Kargo Bedava"",""Trendyol Plus'a Özel""]",InStock,100 adetten fazla stok sunulmuştur,Son 3 günde 1B+ ürün satıldı!,3,1000,333.3,4.4,58754,,0,5192,"5,2B kişinin sepetinde","375,7B kişi favoriledi",Son 24 saatte 3B kişi görüntüledi,,,0,,,,1 saat 28 dakika içinde sipariş verirsen en geç bugün kargoda!,En Çok Satan 1. Ürün,,{},0,,refreshed,"[""daily_top""]",true,2026-08-21T12:30:04+03:00,0,"[""search_result_dom"",""product_detail_jsonld"",""product_detail_dom""]","{""title"":""observed"",""brand"":""observed"",""seller_name"":""observed"",""seller_score"":""observed"",""price"":""observed"",""original_price"":""unavailable"",""campaigns"":""observed"",""stock_status"":""observed"",""stock_signal"":""observed"",""rating"":""observed"",""rating_count"":""observed"",""review_count"":""unavailable"",""question_count"":""observed"",""delivery_summary"":""observed"",""shipping_cost"":""unavailable"",""properties"":""observed""}",true,
2026-08-21,2026-08-21T12:30:04+03:00,elektronik,BEST_SELLER,elektronik-vitrini,Trendyol Elektronik / En Çok Satan,2,1,2,2,1,elektronik:elektronik-vitrini,2,-1,124.5,65.7,1167324802,968,1167324802:968,"Braun FS1000 Mini Yüz Tüy Alma Makinesi Pil Ve Temizleme Fırçası, Seyahat Boy, Kablosuz Kullanım",Braun,Epilatör,https://www.trendyol.com/braun/fs1000-mini-yuz-tuy-alma-makinesi-pil-ve-temizleme-fircasi-seyahat-boy-kablosuz-kullanim-p-1167324802?boutiqueId=689770&merchantId=968,Trendyol,,1349,,,3.8,TRY,"[""Kargo Bedava"",""Peşin Fiyatına 3 Taksit""]",InStock,100 adetten fazla stok sunulmuştur,Son 3 günde 1B+ ürün satıldı!,3,1000,333.3,4.5,17633,9409,-1,2983,"2,5B kişinin sepetinde","44,6B kişi favoriledi","Son 24 saatte 4,3B kişi görüntüledi",4999,TRY,0,1,1,4,2 saat 28 dakika içinde sipariş verirsen en geç bugün kargoda!,En Çok Satan 1. Ürün,https://cdn.dsmcdn.com/ty1919/prod/QC_PREP/20260710/11/365c0c30-5cf6-3076-9899-555faaf5f738/1_org_zoom.jpg,"{""Frekans"":""50 Hz / 60 Hz"",""Garanti Tipi"":""Resmi Distribütör Garantili"",""Kullanım"":""Kuru"",""Tip"":""Kablosuz"",""Garanti Süresi"":""2 Yıl"",""Voltaj"":""Belirtilmemiş"",""Menşei"":""CN"",""Tamir Edilebilirlik"":""Yetkili Servis ile Tamiri Gerekir."",""Özellik"":""Buklet""}",20,5,refreshed,"[""daily_top""]",true,2026-08-21T12:30:04+03:00,0,"[""search_result_dom"",""product_detail_jsonld"",""product_detail_dom""]","{""title"":""observed"",""brand"":""observed"",""seller_name"":""observed"",""seller_score"":""unavailable"",""price"":""observed"",""original_price"":""unavailable"",""campaigns"":""observed"",""stock_status"":""observed"",""stock_signal"":""observed"",""rating"":""observed"",""rating_count"":""observed"",""review_count"":""observed"",""question_count"":""observed"",""delivery_summary"":""observed"",""shipping_cost"":""observed"",""properties"":""observed""}",true,
2026-08-21,2026-08-21T12:30:04+03:00,elektronik,BEST_SELLER,elektronik-vitrini,Trendyol Elektronik / En Çok Satan,3,1,3,3,1,elektronik:elektronik-vitrini,3,-1,124.8,65.2,855229295,624588,855229295:624588,Xiaomi Redmi Buds 6 Play Siyah Kulakiçi Kulaklık-Gürültü Önleme BT5.4 IOS&Android (Xiaomi TR Garantili),Xiaomi,,https://www.trendyol.com/xiaomi/redmi-buds-6-play-siyah-kulakici-kulaklik-gurultu-onleme-bt5-4-ios-android-xiaomi-tr-garantili-p-855229295?boutiqueId=61&merchantId=624588,VATAN BİLGİSAYAR,89,749,,,0,TRY,"[""Kargo Bedava""]",InStock,100 adetten fazla stok sunulmuştur,Son 3 günde 1B+ ürün satıldı!,3,1000,333.3,4.4,18627,,0,5745,"6,7B kişinin sepetinde","238,5B kişi favoriledi","Son 24 saatte 4,3B kişi görüntüledi",,,0,,,,Tahmini Teslim:,En Çok Satan 1. Ürün,,{},0,,refreshed,"[""daily_top""]",true,2026-08-21T12:30:04+03:00,0,"[""search_result_dom"",""product_detail_jsonld"",""product_detail_dom""]","{""title"":""observed"",""brand"":""observed"",""seller_name"":""observed"",""seller_score"":""observed"",""price"":""observed"",""original_price"":""unavailable"",""campaigns"":""observed"",""stock_status"":""observed"",""stock_signal"":""observed"",""rating"":""observed"",""rating_count"":""observed"",""review_count"":""unavailable"",""question_count"":""observed"",""delivery_summary"":""observed"",""shipping_cost"":""unavailable"",""properties"":""observed""}",true,
2026-08-21,2026-08-21T12:30:04+03:00,elektronik,BEST_SELLER,elektronik-vitrini,Trendyol Elektronik / En Çok Satan,4,1,4,4,,elektronik:elektronik-vitrini,4,0,121.2,43.8,819066262,953397,819066262:953397,TARÇIN Air Pro 2 Anc Gürültü Engelleyici Bluetooth Kulaklık IOS Android Tüm Telefonlar ile Uyumlu Kulaklık,TARÇIN,Kulak İçi Bluetooth Kulaklık,https://www.trendyol.com/tarcin/air-pro-2-anc-gurultu-engelleyici-bluetooth-kulaklik-ios-android-tum-telefonlar-ile-uyumlu-kulaklik-p-819066262?boutiqueId=61&merchantId=953397,Technoverse,88,798.3,887,10,0,TRY,"[""7 TL Kupon"",""Kargo Bedava""]",InStock,100 adetten fazla stok sunulmuştur,Son 3 günde 500+ ürün satıldı!,3,500,166.7,4.4,10469,7305,41,6300,"7,3B kişinin sepetinde","135,8B kişi favoriledi","Son 24 saatte 4,2B kişi görüntüledi",4999,TRY,0,,1,4,1 saat 28 dakika içinde sipariş verirsen en geç bugün kargoda!,En Çok Ziyaret Edilen 1. Ürün,https://cdn.dsmcdn.com/ty1576/prod/QC/20241003/09/fdecdf1b-686c-3039-94c9-9f0b0d3dfc06/1_org_zoom.jpg,"{""Aktif Gürültü Önleme (ANC)"":""Var"",""Dokunmatik Kontrol"":""Var"",""Garanti Tipi"":""İthalatçı Garantili"",""Renk"":""Beyaz"",""Suya/Tere Dayanıklılık"":""Var"",""Mikrofon"":""Var"",""Bluetooth Versiyon"":""5.0"",""Garanti Süresi"":""2 Yıl"",""Çift Telefon Desteği"":""Yok"",""Menşei"":""CN""}",20,5,refreshed,"[""daily_top""]",true,2026-08-21T12:30:04+03:00,0,"[""search_result_dom"",""product_detail_jsonld"",""product_detail_dom""]","{""title"":""observed"",""brand"":""observed"",""seller_name"":""observed"",""seller_score"":""observed"",""price"":""observed"",""original_price"":""observed"",""campaigns"":""observed"",""stock_status"":""observed"",""stock_signal"":""observed"",""rating"":""observed"",""rating_count"":""observed"",""review_count"":""observed"",""question_count"":""observed"",""delivery_summary"":""observed"",""shipping_cost"":""observed"",""properties"":""observed""}",true,
2026-08-21,2026-08-21T12:30:04+03:00,elektronik,BEST_SELLER,elektronik-vitrini,Trendyol Elektronik / En Çok Satan,5,1,5,5,1,elektronik:elektronik-vitrini,5,0,106.1,45.6,443337407,935053,443337407:935053,kar-bul Profesyönel Sakal Ense Çizim Makinesi Vucüt Kılı Saç Ense Sakal Çizim Lazer Epilasyon Öncesi,kar-bul,Tıraş Makinesi,https://www.trendyol.com/kar-bul/profesyonel-sakal-ense-cizim-makinesi-vucut-kili-sac-ense-sakal-cizim-lazer-epilasyon-oncesi-p-443337407?boutiqueId=61&merchantId=935053,GOLD STORY,83,194.41,,,0,TRY,"[""Kargo Bedava""]",InStock,100 adetten fazla stok sunulmuştur,Son 3 günde 500+ ürün satıldı!,3,500,166.7,3.7,5870,2937,7,1271,"4,4B kişinin sepetinde","42,1B kişi favoriledi","Son 24 saatte 2,2B kişi görüntüledi",4999,TRY,0,,1,4,1 saat 28 dakika içinde sipariş verirsen en geç bugün kargoda!,En Çok Satan 1. Ürün,https://cdn.dsmcdn.com/ty1693/prod/QC_ENRICHMENT/20250612/21/42469f34-7190-36cd-b419-a7196edb477a/1_org_zoom.jpg,"{""Tip"":""Şarjlı"",""Tıraş Bölgesi"":""Saç-Sakal-Vücut"",""Renk"":""Çok Renkli"",""Garanti Tipi"":""İthalatçı Garantili"",""Kullanım"":""Kuru"",""Otomatik Kapanma"":""Yok"",""Şarjlı Kullanım Süresi"":""1-2 Saat"",""Garanti Süresi"":""2 Yıl"",""Başlık Sayısı"":""3 - 5"",""Burun ve Kulak Temizleme Başlığı"":""Yok"",""Frekans"":""50 Hz / 60 Hz"",""Voltaj"":""Belirtilmemiş"",""Menşei"":""TR"",""Özellik"":""Şarj edilebilir""}",20,5,refreshed,"[""daily_top""]",true,2026-08-21T12:30:04+03:00,0,"[""search_result_dom"",""product_detail_jsonld"",""product_detail_dom""]","{""title"":""observed"",""brand"":""observed"",""seller_name"":""observed"",""seller_score"":""observed"",""price"":""observed"",""original_price"":""unavailable"",""campaigns"":""observed"",""stock_status"":""observed"",""stock_signal"":""observed"",""rating"":""observed"",""rating_count"":""observed"",""review_count"":""observed"",""question_count"":""observed"",""delivery_summary"":""observed"",""shipping_cost"":""observed"",""properties"":""observed""}",true,
2026-08-21,2026-08-21T12:30:04+03:00,elektronik,BEST_SELLER,elektronik-vitrini,Trendyol Elektronik / En Çok Satan,6,1,6,6,1,elektronik:elektronik-vitrini,6,1,113.1,42.8,35509789,110463,35509789:110463,FANTOM Pratıc-S P1200 Toz Torbasız Dikey Süpürge Antrasit,FANTOM,,https://www.trendyol.com/fantom/pratic-s-p1200-toz-torbasiz-dikey-supurge-antrasit-p-35509789?boutiqueId=61&merchantId=110463,BULUTTABUL,92,2410,,,2.9,TRY,"[""Kargo Bedava"",""Peşin Fiyatına 3 Taksit""]",InStock,100 adetten fazla stok sunulmuştur,Son 3 günde 500+ ürün satıldı!,3,500,166.7,4.6,39252,,0,8379,6B kişinin sepetinde,402B kişi favoriledi,"Son 24 saatte 4,8B kişi görüntüledi",,,0,,,,1 saat 28 dakika içinde sipariş verirsen en geç bugün kargoda!,En Çok Satan 1. Ürün,,{},0,,refreshed,"[""daily_top""]",true,2026-08-21T12:30:04+03:00,0,"[""search_result_dom"",""product_detail_jsonld"",""product_detail_dom""]","{""title"":""observed"",""brand"":""observed"",""seller_name"":""observed"",""seller_score"":""observed"",""price"":""observed"",""original_price"":""unavailable"",""campaigns"":""observed"",""stock_status"":""observed"",""stock_signal"":""observed"",""rating"":""observed"",""rating_count"":""observed"",""review_count"":""unavailable"",""question_count"":""observed"",""delivery_summary"":""observed"",""shipping_cost"":""unavailable"",""properties"":""observed""}",true,
2026-08-21,2026-08-21T12:30:04+03:00,elektronik,BEST_SELLER,elektronik-vitrini,Trendyol Elektronik / En Çok Satan,7,1,7,7,1,elektronik:elektronik-vitrini,7,-1,102.1,44.5,924532595,968,924532595:968,Apple 20 Watt (USB-C) Hızlı Şarj Güç Adaptörü MD3J4TU/A,Apple,Şarj Aleti,https://www.trendyol.com/apple/20-watt-usb-c-hizli-sarj-guc-adaptoru-md3j4tu-a-p-924532595?boutiqueId=689770&merchantId=968,Trendyol,,849,,,0,TRY,"[""Kargo Bedava"",""Trendyol Plus'a Özel""]",InStock,100 adetten fazla stok sunulmuştur,Son 3 günde 500+ ürün satıldı!,3,500,166.7,4.7,6560,2983,5,1634,"8,1B kişinin sepetinde","97,9B kişi favoriledi","Son 24 saatte 2,5B kişi görüntüledi",4999,TRY,0,1,1,4,2 saat 28 dakika içinde sipariş verirsen en geç bugün kargoda!,En Çok Satan 1. Ürün,https://cdn.dsmcdn.com/ty1658/prod/QC/20250404/11/9d045ea5-cb55-37f9-b75e-71497749bee1/1_org_zoom.jpg,"{""Garanti Süresi"":""2 Yıl"",""Bağlantı Tipi"":""USB Type C"",""Garanti Tipi"":""Apple Türkiye Garantili"",""Renk"":""Beyaz"",""Hızlı Şarj"":""Var"",""Menşei"":""CN"",""Tamir Edilebilirlik"":""Yetkili Servis ile Tamiri Gerekir."",""Özellik"":""Belirtilmemiş""}",20,5,refreshed,"[""daily_top""]",true,2026-08-21T12:30:04+03:00,0,"[""search_result_dom"",""product_detail_jsonld"",""product_detail_dom""]","{""title"":""observed"",""brand"":""observed"",""seller_name"":""observed"",""seller_score"":""unavailable"",""price"":""observed"",""original_price"":""unavailable"",""campaigns"":""observed"",""stock_status"":""observed"",""stock_signal"":""observed"",""rating"":""observed"",""rating_count"":""observed"",""review_count"":""observed"",""question_count"":""observed"",""delivery_summary"":""observed"",""shipping_cost"":""observed"",""properties"":""observed""}",true,
2026-08-21,2026-08-21T12:30:04+03:00,elektronik,BEST_SELLER,elektronik-vitrini,Trendyol Elektronik / En Çok Satan,8,1,8,8,2,elektronik:elektronik-vitrini,8,1,109.4,46.3,967699784,106320,967699784:106320,"Philips 3000 Serisi 7in1, Erkek Bakım Seti, Yüz/Saç/Vücut Tıraş Makinesi, Islak /Kuru Kullanım, MG3930/15",Philips,,https://www.trendyol.com/philips/3000-serisi-7in1-erkek-bakim-seti-yuz-sac-vucut-tiras-makinesi-islak-kuru-kullanim-mg3930-15-p-967699784?boutiqueId=61&merchantId=106320,Kolaysepet,94,1499,1695.84,11.6,0,TRY,"[""Son 10 Günün En Düşük Fiyatı"",""Kargo Bedava"",""Peşin Fiyatına 3 Taksit"",""Son 10 günün en düşük fiyatı""]",InStock,100 adetten fazla stok sunulmuştur,Son 3 günde 500+ ürün satıldı!,3,500,166.7,4.4,1536,,-526,337,"1,9B kişinin sepetinde","48,7B kişi favoriledi","Son 24 saatte 3,2B kişi görüntüledi",,,0,,,,2 saat 28 dakika içinde sipariş verirsen en geç bugün kargoda!,En Çok Satan 2. Ürün,,{},0,,refreshed,"[""daily_top""]",true,2026-08-21T12:30:04+03:00,0,"[""search_result_dom"",""product_detail_jsonld"",""product_detail_dom""]","{""title"":""observed"",""brand"":""observed"",""seller_name"":""observed"",""seller_score"":""observed"",""price"":""observed"",""original_price"":""observed"",""campaigns"":""observed"",""stock_status"":""observed"",""stock_signal"":""observed"",""rating"":""observed"",""rating_count"":""observed"",""review_count"":""unavailable"",""question_count"":""observed"",""delivery_summary"":""observed"",""shipping_cost"":""unavailable"",""properties"":""observed""}",true,
2026-08-21,2026-08-21T12:30:04+03:00,elektronik,BEST_SELLER,elektronik-vitrini,Trendyol Elektronik / En Çok Satan,9,1,9,9,2,elektronik:elektronik-vitrini,9,4,92.9,48.8,945604385,1100118,945604385:1100118,Arfseb Yüz Kaş Bıyık Tüy Alıcı Epilasyon Aleti,Arfseb,Epilatör,https://www.trendyol.com/arfseb/yuz-kas-biyik-tuy-alici-epilasyon-aleti-p-945604385?boutiqueId=61&merchantId=1100118,HemenTıklaAl,85,191.39,,,18.6,TRY,"[""Kargo Bedava""]",InStock,100 adetten fazla stok sunulmuştur,Son 3 günde 500+ ürün satıldı!,3,500,166.7,3.6,1342,657,3,346,"5,2B kişinin sepetinde","47,3B kişi favoriledi",Son 24 saatte 3B kişi görüntüledi,4999,TRY,0,,1,4,1 saat 28 dakika içinde sipariş verirsen en geç bugün kargoda!,En Çok Satan 2. Ürün,https://cdn.dsmcdn.com/ty1941/prod/QC_ENRICHMENT/20260613/10/48e3cbf1-edc0-319d-b113-af3aee3ad151/1_org_zoom.jpg,"{""Frekans"":""50 Hz / 60 Hz"",""Garanti Tipi"":""İthalatçı Garantili"",""Kullanım"":""Kuru"",""Tip"":""Kablosuz"",""Garanti Süresi"":""2 Yıl"",""Voltaj"":""220 - 240 V"",""Menşei"":""CN"",""Renk"":""Beyaz""}",20,5,refreshed,"[""daily_top""]",true,2026-08-21T12:30:04+03:00,0,"[""search_result_dom"",""product_detail_jsonld"",""product_detail_dom""]","{""title"":""observed"",""brand"":""observed"",""seller_name"":""observed"",""seller_score"":""observed"",""price"":""observed"",""original_price"":""unavailable"",""campaigns"":""observed"",""stock_status"":""observed"",""stock_signal"":""observed"",""rating"":""observed"",""rating_count"":""observed"",""review_count"":""observed"",""question_count"":""observed"",""delivery_summary"":""observed"",""shipping_cost"":""observed"",""properties"":""observed""}",true,
2026-08-21,2026-08-21T12:30:04+03:00,elektronik,BEST_SELLER,elektronik-vitrini,Trendyol Elektronik / En Çok Satan,10,1,10,10,1,elektronik:elektronik-vitrini,10,0,98.2,41,1174570,200893,1174570:200893,Remington S8540 Keratin Protect Keratin Korumalı Saç Düzleştirici,Remington,Saç Düzleştirici,https://www.trendyol.com/remington/s8540-keratin-protect-keratin-korumali-sac-duzlestirici-p-1174570?boutiqueId=61&merchantId=200893,ALDIMGİTTİ,94,2462,,,3.2,TRY,"[""Kargo Bedava"",""Peşin Fiyatına 3 Taksit""]",InStock,100 adetten fazla stok sunulmuştur,Son 3 günde 500+ ürün satıldı!,3,500,166.7,4.6,11122,5360,7,2347,"10,2B kişinin sepetinde","374,9B kişi favoriledi","Son 24 saatte 5,3B kişi görüntüledi",4999,TRY,0,,1,4,11 saat 28 dakika içinde sipariş verirsen en geç yarın kargoda!,En Çok Satan 1. Ürün,https://cdn.dsmcdn.com/ty1814/prod/QC_ENRICHMENT/20260117/11/3a07014e-a8e0-3d78-a2ef-4bed38c6f8bd/1_org_zoom.jpg,"{""Frekans"":""50 Hz / 60 Hz"",""Voltaj"":""220 - 240 V"",""Maksimum Sıcaklık"":""235 Derece"",""Plaka Materyali"":""Seramik Plaka"",""Garanti Tipi"":""Resmi Distribütör Garantili"",""Renk"":""Altın"",""Otomatik Kapanma"":""Var"",""Garanti Süresi"":""2 Yıl"",""Tip"":""Plaka"",""Dijital Ekran"":""Var"",""İyon Özelliği"":""Yok"",""Menşei"":""TR"",""Isı Ayarı"":""2 Kademeli"",""Kablosuz Özelliği"":""Yok"",""Tamir Edilebilirlik"":""Yetkili Servis ile Tamiri Gerekir."",""Özellik"":""Kare""}",20,5,refreshed,"[""daily_top""]",true,2026-08-21T12:30:04+03:00,0,"[""search_result_dom"",""product_detail_jsonld"",""product_detail_dom""]","{""title"":""observed"",""brand"":""observed"",""seller_name"":""observed"",""seller_score"":""observed"",""price"":""observed"",""original_price"":""unavailable"",""campaigns"":""observed"",""stock_status"":""observed"",""stock_signal"":""observed"",""rating"":""observed"",""rating_count"":""observed"",""review_count"":""observed"",""question_count"":""observed"",""delivery_summary"":""observed"",""shipping_cost"":""observed"",""properties"":""observed""}",true,
2026-08-21,2026-08-21T12:30:04+03:00,elektronik,BEST_SELLER,elektronik-vitrini,Trendyol Elektronik / En Çok Satan,11,1,11,11,2,elektronik:elektronik-vitrini,11,18,102.5,40.3,233129679,754296,233129679:754296,Abbruch Pro 5 Ios Android Uyumlu Dokunmatik Bluetooth Kulaklık 8d Stereo Hd Ses,Abbruch,,https://www.trendyol.com/abbruch/pro-5-ios-android-uyumlu-dokunmatik-bluetooth-kulaklik-8d-stereo-hd-ses-p-233129679?boutiqueId=61&merchantId=754296,Favors,92,440.72,,,0,TRY,"[""Kargo Bedava"",""Trendyol Plus'a Özel""]",InStock,100 adetten fazla stok sunulmuştur,Son 3 günde 500+ ürün satıldı!,3,500,166.7,3.5,33398,,0,11742,"4,8B kişinin sepetinde","271,3B kişi favoriledi","Son 24 saatte 2,2B kişi görüntüledi",,,0,,,,1 saat 28 dakika içinde sipariş verirsen en geç bugün kargoda!,,,{},0,,refreshed,"[""daily_top""]",true,2026-08-21T12:30:04+03:00,0,"[""search_result_dom"",""product_detail_jsonld"",""product_detail_dom""]","{""title"":""observed"",""brand"":""observed"",""seller_name"":""observed"",""seller_score"":""observed"",""price"":""observed"",""original_price"":""unavailable"",""campaigns"":""observed"",""stock_status"":""observed"",""stock_signal"":""observed"",""rating"":""observed"",""rating_count"":""observed"",""review_count"":""unavailable"",""question_count"":""observed"",""delivery_summary"":""observed"",""shipping_cost"":""unavailable"",""properties"":""observed""}",true,
2026-08-21,2026-08-21T12:30:04+03:00,elektronik,BEST_SELLER,elektronik-vitrini,Trendyol Elektronik / En Çok Satan,12,1,12,12,,elektronik:elektronik-vitrini,12,2,97.9,39.8,666158167,260497,666158167:260497,TrkTech Pro 5 Plus Kablosuz Bluetooth Kulaklık Bluetooth 5.3 TWS iOS Android Uyumlu HD Stereo Ses Dokunmatik Kılıf Hediyeli Şarj Kutulu,TrkTech,Kulak İçi Bluetooth Kulaklık,https://www.trendyol.com/trktech/pro-5-plus-kablosuz-bluetooth-kulaklik-bluetooth-5-3-tws-ios-android-uyumlu-hd-stereo-ses-dokunmatik-kilif-hediyeli-sarj-kutulu-p-666158167?boutiqueId=61&merchantId=260497,TRKTECH,93,446.4,,,0,TRY,"[""Kargo Bedava"",""Trendyol Plus'a Özel""]",InStock,100 adetten fazla stok sunulmuştur,Son 3 günde 500+ ürün satıldı!,3,500,166.7,3.8,27692,15538,11,12210,"5,5B kişinin sepetinde",291B kişi favoriledi,"Son 24 saatte 2,4B kişi görüntüledi",4999,TRY,0,,1,4,2 saat 28 dakika içinde sipariş verirsen en geç bugün kargoda!,En Çok Favorilenen 1. Ürün,https://cdn.dsmcdn.com/ty1910/prod/QC_ENRICHMENT/20260728/10/9ec2e259-2706-3ae9-874d-68678b5a420a/1_org_zoom.jpg,"{""Aktif Gürültü Önleme (ANC)"":""Yok"",""Dokunmatik Kontrol"":""Var"",""Garanti Tipi"":""Resmi Distribütör Garantili"",""Renk"":""Beyaz"",""Suya/Tere Dayanıklılık"":""Yok"",""Mikrofon"":""Var"",""Bluetooth Versiyon"":""5.3"",""Garanti Süresi"":""2 Yıl"",""Çift Telefon Desteği"":""Yok"",""Menşei"":""CN"",""Tamir Edilebilirlik"":""Yetkili Servis ile Tamiri Gerekir."",""Özellik"":""Kablosuz""}",20,5,refreshed,"[""daily_top""]",true,2026-08-21T12:30:04+03:00,0,"[""search_result_dom"",""product_detail_jsonld"",""product_detail_dom""]","{""title"":""observed"",""brand"":""observed"",""seller_name"":""observed"",""seller_score"":""observed"",""price"":""observed"",""original_price"":""unavailable"",""campaigns"":""observed"",""stock_status"":""observed"",""stock_signal"":""observed"",""rating"":""observed"",""rating_count"":""observed"",""review_count"":""observed"",""question_count"":""observed"",""delivery_summary"":""observed"",""shipping_cost"":""observed"",""properties"":""observed""}",true,
2026-08-21,2026-08-21T12:30:04+03:00,elektronik,BEST_SELLER,elektronik-vitrini,Trendyol Elektronik / En Çok Satan,13,1,13,13,1,elektronik:elektronik-vitrini,13,-2,89.4,42.3,942265188,825484,942265188:825484,KTR TECH Tüm Dokunmatik Cihazlara -ios/android/windows Uyumlu Tablet Ipad Yazı Çizim Kalemi,KTR TECH,,https://www.trendyol.com/ktr-tech/tum-dokunmatik-cihazlara-ios-android-windows-uyumlu-tablet-ipad-yazi-cizim-kalemi-p-942265188?boutiqueId=61&merchantId=825484,indirimhanem,92,290,,,7.8,TRY,"[""Kargo Bedava""]",InStock,100 adetten fazla stok sunulmuştur,Son 3 günde 500+ ürün satıldı!,3,500,166.7,3.6,2421,,0,4815,"6,1B kişinin sepetinde","60,3B kişi favoriledi","Son 24 saatte 1,9B kişi görüntüledi",,,0,,,,11 saat 28 dakika içinde sipariş verirsen en geç yarın kargoda!,En Çok Satan 1. Ürün,,{},0,,refreshed,"[""daily_top""]",true,2026-08-21T12:30:04+03:00,0,"[""search_result_dom"",""product_detail_jsonld"",""product_detail_dom""]","{""title"":""observed"",""brand"":""observed"",""seller_name"":""observed"",""seller_score"":""observed"",""price"":""observed"",""original_price"":""unavailable"",""campaigns"":""observed"",""stock_status"":""observed"",""stock_signal"":""observed"",""rating"":""observed"",""rating_count"":""observed"",""review_count"":""unavailable"",""question_count"":""observed"",""delivery_summary"":""observed"",""shipping_cost"":""unavailable"",""properties"":""observed""}",true,
2026-08-21,2026-08-21T12:30:04+03:00,elektronik,BEST_SELLER,elektronik-vitrini,Trendyol Elektronik / En Çok Satan,14,1,14,14,1,elektronik:elektronik-vitrini,14,4,95.9,38.8,469609098,968,469609098:968,Karaca Hatır Közde Türk Kahvesi ve Türk Kahve Makinesi Shiny Black 5 Fincan Kapasiteli Bol Köpüklü,Karaca,,https://www.trendyol.com/karaca/hatir-kozde-turk-kahvesi-ve-turk-kahve-makinesi-shiny-black-5-fincan-kapasiteli-bol-kopuklu-p-469609098?boutiqueId=689770&merchantId=968,Trendyol,,1599,,,0,TRY,"[""Kargo Bedava"",""Peşin Fiyatına 3 Taksit""]",InStock,100 adetten fazla stok sunulmuştur,Son 3 günde 500+ ürün satıldı!,3,500,166.7,4.5,28170,,0,2998,"4,5B kişinin sepetinde","458,7B kişi favoriledi","Son 24 saatte 3,6B kişi görüntüledi",,,0,,,,2 saat 28 dakika içinde sipariş verirsen en geç bugün kargoda!,En Çok Satan 1. Ürün,,{},0,,refreshed,"[""daily_top""]",true,2026-08-21T12:30:04+03:00,0,"[""search_result_dom"",""product_detail_jsonld"",""product_detail_dom""]","{""title"":""observed"",""brand"":""observed"",""seller_name"":""observed"",""seller_score"":""unavailable"",""price"":""observed"",""original_price"":""unavailable"",""campaigns"":""observed"",""stock_status"":""observed"",""stock_signal"":""observed"",""rating"":""observed"",""rating_count"":""observed"",""review_count"":""unavailable"",""question_count"":""observed"",""delivery_summary"":""observed"",""shipping_cost"":""unavailable"",""properties"":""observed""}",true,
2026-08-21,2026-08-21T12:30:04+03:00,elektronik,BEST_SELLER,elektronik-vitrini,Trendyol Elektronik / En Çok Satan,15,1,15,15,1,elektronik:elektronik-vitrini,15,-7,84.5,42.1,1054271491,110546,1054271491:110546,Fibaks iPhone 13/14/15 Kılıf Pembe Leopar Desenli Esnek İnce Yumuşak Silikon,Fibaks,,https://www.trendyol.com/fibaks/iphone-13-14-15-kilif-pembe-leopar-desenli-esnek-ince-yumusak-silikon-p-1054271491?boutiqueId=61&merchantId=110546,Fibaks,,119.9,,,6.1,TRY,"[""Kargo Bedava""]",InStock,100 adetten fazla stok sunulmuştur,Son 3 günde 500+ ürün satıldı!,3,500,166.7,4.6,1878,,0,134,"6,7B kişinin sepetinde","60,7B kişi favoriledi","Son 24 saatte 2,5B kişi görüntüledi",,,0,,,,4 saat 28 dakika içinde sipariş verirsen en geç bugün kargoda!,En Çok Satan 1. Ürün,,{},0,,refreshed,"[""daily_top""]",true,2026-08-21T12:30:04+03:00,0,"[""search_result_dom"",""product_detail_jsonld"",""product_detail_dom""]","{""title"":""observed"",""brand"":""observed"",""seller_name"":""observed"",""seller_score"":""unavailable"",""price"":""observed"",""original_price"":""unavailable"",""campaigns"":""observed"",""stock_status"":""observed"",""stock_signal"":""observed"",""rating"":""observed"",""rating_count"":""observed"",""review_count"":""unavailable"",""question_count"":""observed"",""delivery_summary"":""observed"",""shipping_cost"":""unavailable"",""properties"":""observed""}",true,
2026-08-21,2026-08-21T12:30:04+03:00,elektronik,BEST_SELLER,elektronik-vitrini,Trendyol Elektronik / En Çok Satan,16,1,16,16,1,elektronik:elektronik-vitrini,16,3,89.3,37.8,31440796,1026548,31440796:1026548,Powertec TR-601 (2500 W) Turbo Professional Series Fön Makinesi & Saç Kurutma 2.7m Uzun Kablolu Yeni Versiyon,Powertec,Saç Kurutma Makinesi,https://www.trendyol.com/powertec/tr-601-2500-w-turbo-professional-series-fon-makinesi-sac-kurutma-2-7m-uzun-kablolu-yeni-versiyon-p-31440796?boutiqueId=61&merchantId=1026548,Powertec Türkiye,96,1199,,,0,TRY,"[""100 TL Kupon"",""Kargo Bedava"",""Sepette %10 İndirim"",""Peşin Fiyatına 3 Taksit""]",InStock,100 adetten fazla stok sunulmuştur,Son 3 günde 500+ ürün satıldı!,3,500,166.7,4.5,25129,13282,-4,2294,"3,1B kişinin sepetinde","242,4B kişi favoriledi","Son 24 saatte 1,7B kişi görüntüledi",4999,TRY,0,1,1,4,4 saat 28 dakika içinde sipariş verirsen en geç bugün kargoda!,En Çok Satan 1. Ürün,https://cdn.dsmcdn.com/ty1000313/product/media/images/prod/PIM/20260224/12/8d1ec8ed-807f-49f9-a6af-d33d7e51722c/1_org_zoom.jpg,"{""Tip"":""Profesyonel"",""Voltaj"":""220 - 240 V"",""Renk"":""Siyah"",""Garanti Tipi"":""Resmi Distribütör Garantili"",""Güç"":""2500 Watt"",""Otomatik Kapanma"":""Yok"",""Hız Ayarı"":""2 Kademeli"",""Isı Ayarı"":""2 Kademeli"",""İyon Özelliği"":""Yok"",""Motor Tipi"":""AC"",""Difüzör"":""Yok"",""Garanti Süresi"":""2 Yıl"",""Frekans"":""50 Hz / 60 Hz"",""Menşei"":""TR"",""Tamir Edilebilirlik"":""Tamir Edilebilir, Satıcı ile İletişime Geçiniz."",""Özellik"":""Kablolu""}",20,5,refreshed,"[""daily_top""]",true,2026-08-21T12:30:04+03:00,0,"[""search_result_dom"",""product_detail_jsonld"",""product_detail_dom""]","{""title"":""observed"",""brand"":""observed"",""seller_name"":""observed"",""seller_score"":""observed"",""price"":""observed"",""original_price"":""unavailable"",""campaigns"":""observed"",""stock_status"":""observed"",""stock_signal"":""observed"",""rating"":""observed"",""rating_count"":""observed"",""review_count"":""observed"",""question_count"":""observed"",""delivery_summary"":""observed"",""shipping_cost"":""observed"",""properties"":""observed""}",true,
2026-08-21,2026-08-21T12:30:04+03:00,elektronik,BEST_SELLER,elektronik-vitrini,Trendyol Elektronik / En Çok Satan,17,1,17,17,,elektronik:elektronik-vitrini,17,-5,93.5,37.3,723791701,747892,723791701:747892,RİOMİ Ipl Buz Lazer Epilasyon 999.999 Atım Otomatik/manuel Dokunmatik Ekran Ağrısız Vücut Yüz Cihazı,RİOMİ,IPL Lazer Epilasyon Aleti,https://www.trendyol.com/riomi/ipl-buz-lazer-epilasyon-999-999-atim-otomatik-manuel-dokunmatik-ekran-agrisiz-vucut-yuz-cihazi-p-723791701?boutiqueId=61&merchantId=747892,RİOMİ TÜRKİYE,92,2389.92,,,-17.6,TRY,"[""Kargo Bedava"",""Peşin Fiyatına 3 Taksit""]",InStock,100 adetten fazla stok sunulmuştur,Son 3 günde 500+ ürün satıldı!,3,500,166.7,4.4,79306,,0,30415,"9,3B kişinin sepetinde",726B kişi favoriledi,"Son 24 saatte 5,1B kişi görüntüledi",4999,TRY,0,1,1,4,11 saat 28 dakika içinde sipariş verirsen en geç yarın kargoda!,,https://cdn.dsmcdn.com/ty1929/prod/QC_ENRICHMENT/20260817/14/5372bbd5-f3ba-3abd-8a09-0f3140d6976c/1_org_zoom.jpg,"{""Renk"":""Beyaz"",""Tip"":""Kablolu"",""Atım Sayısı"":""900.000 - 1.000.000"",""Garanti Tipi"":""Resmi Distribütör Garantili"",""Uygulama Alanı"":""Vücut"",""Otomatik Kapanma"":""Var"",""Garanti Süresi"":""2 Yıl"",""Cilt Tonu Sensörü"":""Var"",""Kademe Ayarı"":""Var"",""Uygulama Üzerinden Kontrol"":""Yok"",""Frekans"":""50 Hz / 60 Hz"",""Voltaj"":""220 - 240 V"",""Menşei"":""CN"",""Tamir Edilebilirlik"":""Tamir Edilebilir, Satıcı ile İletişime Geçiniz.""}",0,,refreshed,"[""daily_top""]",true,2026-08-21T12:30:04+03:00,0,"[""search_result_dom"",""product_detail_jsonld"",""product_detail_dom""]","{""title"":""observed"",""brand"":""observed"",""seller_name"":""observed"",""seller_score"":""observed"",""price"":""observed"",""original_price"":""unavailable"",""campaigns"":""observed"",""stock_status"":""observed"",""stock_signal"":""observed"",""rating"":""observed"",""rating_count"":""observed"",""review_count"":""unavailable"",""question_count"":""observed"",""delivery_summary"":""observed"",""shipping_cost"":""observed"",""properties"":""observed""}",true,
2026-08-21,2026-08-21T12:30:04+03:00,elektronik,BEST_SELLER,elektronik-vitrini,Trendyol Elektronik / En Çok Satan,18,1,18,18,1,elektronik:elektronik-vitrini,18,6,82.5,36.8,317122440,113012,317122440:113012,"KUMTEL KTF-258W Kule Tipi Beyaz Vantilatör – 50W, Zaman Ayarlı, 3 Hız Kademeli, Sessiz Çalışma",KUMTEL,Vantilatör,https://www.trendyol.com/kumtel/ktf-258w-kule-tipi-beyaz-vantilator-50w-zaman-ayarli-3-hiz-kademeli-sessiz-calisma-p-317122440?boutiqueId=61&merchantId=113012,KUMTEL,,1419,,,-8.3,TRY,"[""15 TL Kupon"",""Kargo Bedava"",""Peşin Fiyatına 3 Taksit""]",InStock,100 adetten fazla stok sunulmuştur,Son 3 günde 500+ ürün satıldı!,3,500,166.7,4.3,11671,5950,31,1882,8B kişinin sepetinde,"250,2B kişi favoriledi","Son 24 saatte 3,9B kişi görüntüledi",4999,TRY,0,1,1,4,11 saat 28 dakika içinde sipariş verirsen en geç yarın kargoda!,En Çok Satan 1. Ürün,https://cdn.dsmcdn.com/ty1896/prod/QC_ENRICHMENT/20260601/14/1fe338d6-c905-370b-a287-bb70e7b481aa/1_org_zoom.jpg,"{""Tip"":""Kule Tipi"",""Renk"":""Beyaz"",""Özellik"":""Soğutucu"",""Garanti Tipi"":""Resmi Distribütör Garantili"",""Garanti Süresi"":""2 Yıl"",""Menşei"":""TR"",""Tamir Edilebilirlik"":""Yetkili Servis ile Tamiri Gerekir.""}",20,5,refreshed,"[""daily_top""]",true,2026-08-21T12:30:04+03:00,0,"[""search_result_dom"",""product_detail_jsonld"",""product_detail_dom""]","{""title"":""observed"",""brand"":""observed"",""seller_name"":""observed"",""seller_score"":""unavailable"",""price"":""observed"",""original_price"":""unavailable"",""campaigns"":""observed"",""stock_status"":""observed"",""stock_signal"":""observed"",""rating"":""observed"",""rating_count"":""observed"",""review_count"":""observed"",""question_count"":""observed"",""delivery_summary"":""observed"",""shipping_cost"":""observed"",""properties"":""observed""}",true,
2026-08-21,2026-08-21T12:30:04+03:00,elektronik,BEST_SELLER,elektronik-vitrini,Trendyol Elektronik / En Çok Satan,19,1,19,19,2,elektronik:elektronik-vitrini,19,-4,66.3,50.4,1083973709,647224,1083973709:647224,Popidima Yüksek Kalite Tüm Telefonlara Uyumlu Yağmur Su Geçirmez Waterproof Deniz Havuz Altı Geçirmez Kılıf,Popidima,Telefon Kılıfı,https://www.trendyol.com/popidima/yuksek-kalite-tum-telefonlara-uyumlu-yagmur-su-gecirmez-waterproof-deniz-havuz-alti-gecirmez-kilif-p-1083973709?boutiqueId=61&merchantId=647224,Popidima,91,74.99,,,0,TRY,"[""Kargo Bedava""]",InStock,100 adetten fazla stok sunulmuştur,Son 3 günde 500+ ürün satıldı!,3,500,166.7,3.9,209,98,1,201,"2,5B kişinin sepetinde","15,9B kişi favoriledi",Son 24 saatte 1B kişi görüntüledi,4999,TRY,0,,1,4,4 saat 28 dakika içinde sipariş verirsen en geç bugün kargoda!,En Çok Satan 2. Ürün,https://cdn.dsmcdn.com/ty1819/prod/QC_ENRICHMENT/20260131/16/cacf17bb-bd94-378c-aa9e-7a97b9838898/1_org_zoom.jpg,"{""Cep Telefonu Modeli"":""iPhone 17 Pro Max"",""Renk"":""Siyah"",""Uyumlu Marka"":""Apple Uyumlu"",""Menşei"":""CN""}",20,5,refreshed,"[""daily_top""]",true,2026-08-21T12:30:04+03:00,0,"[""search_result_dom"",""product_detail_jsonld"",""product_detail_dom""]","{""title"":""observed"",""brand"":""observed"",""seller_name"":""observed"",""seller_score"":""observed"",""price"":""observed"",""original_price"":""unavailable"",""campaigns"":""observed"",""stock_status"":""observed"",""stock_signal"":""observed"",""rating"":""observed"",""rating_count"":""observed"",""review_count"":""observed"",""question_count"":""observed"",""delivery_summary"":""observed"",""shipping_cost"":""observed"",""properties"":""observed""}",true,
2026-08-21,2026-08-21T12:30:04+03:00,elektronik,BEST_SELLER,elektronik-vitrini,Trendyol Elektronik / En Çok Satan,20,1,20,20,1,elektronik:elektronik-vitrini,20,1,73.3,40.8,936609275,968,936609275:968,Xiaomi 4k Android Tv Box S Medya Oynatıcı (3. NESİL) (Xiaomi Türkiye Garantili),Xiaomi,Media Player,https://www.trendyol.com/xiaomi/4k-android-tv-box-s-medya-oynatici-3-nesil-xiaomi-turkiye-garantili-p-936609275?boutiqueId=689770&merchantId=968,Trendyol,,3919,,,0,TRY,"[""Kargo Bedava"",""Peşin Fiyatına 3 Taksit""]",InStock,100 adetten fazla stok sunulmuştur,Son 3 günde 500+ ürün satıldı!,3,500,166.7,4.7,3506,1338,7,1319,"3,3B kişinin sepetinde","46,9B kişi favoriledi","Son 24 saatte 2,5B kişi görüntüledi",4999,TRY,0,1,1,4,2 saat 28 dakika içinde sipariş verirsen en geç bugün kargoda!,En Çok Satan 1. Ürün,https://cdn.dsmcdn.com/ty1796/prod/QC_PREP/20251203/16/a24d9d15-738f-3339-9809-b3660fba12c2/1_org_zoom.jpg,"{""Renk"":""Siyah"",""HDMI"":""Var"",""Çözünürlük Teknolojisi"":""4K"",""USB"":""Var"",""Ethernet"":""Var"",""Wi-Fi Özelliği"":""Var"",""Garanti Süresi"":""2 Yıl"",""Menşei"":""CN"",""Tamir Edilebilirlik"":""Yetkili Servis ile Tamiri Gerekir.""}",20,5,refreshed,"[""daily_top""]",true,2026-08-21T12:30:04+03:00,0,"[""search_result_dom"",""product_detail_jsonld"",""product_detail_dom""]","{""title"":""observed"",""brand"":""observed"",""seller_name"":""observed"",""seller_score"":""unavailable"",""price"":""observed"",""original_price"":""unavailable"",""campaigns"":""observed"",""stock_status"":""observed"",""stock_signal"":""observed"",""rating"":""observed"",""rating_count"":""observed"",""review_count"":""observed"",""question_count"":""observed"",""delivery_summary"":""observed"",""shipping_cost"":""observed"",""properties"":""observed""}",true,
2026-08-21,2026-08-21T12:30:04+03:00,elektronik,BEST_SELLER,elektronik-vitrini,Trendyol Elektronik / En Çok Satan,21,1,21,21,1,elektronik:elektronik-vitrini,21,-5,70.6,41.1,816182970,122323,816182970:122323,Genel Markalar Next Kanky HD Gold Full HD Uydu Alıcısı,Genel Markalar,Uydu Alıcı,https://www.trendyol.com/genel-markalar/next-kanky-hd-gold-full-hd-uydu-alicisi-p-816182970?boutiqueId=61&merchantId=122323,WAAWSTAR,86,1449,,,,TRY,"[""Kargo Bedava"",""Peşin Fiyatına 3 Taksit""]",InStock,10 adetten fazla stok sunulmuştur,Son 3 günde 500+ ürün satıldı!,3,500,166.7,4.5,2134,1069,4,2028,853 kişinin sepetinde,"12,4B kişi favoriledi","Son 24 saatte 3,2B kişi görüntüledi",4999,TRY,0,1,1,4,Tahmini Teslim:,En Çok Satan 1. Ürün,https://cdn.dsmcdn.com/ty1790/prod/QC_ENRICHMENT/20251117/12/65d42b83-4134-3e4b-ac1f-d7cb10a73b5a/1_org_zoom.jpg,"{""Renk"":""Kırmızı"",""Wi-Fi Özelliği"":""Yok"",""Ethernet"":""Yok"",""HDMI"":""Var"",""USB"":""Var"",""Görüntü Kalitesi"":""Full HD"",""Garanti Süresi"":""2 Yıl"",""Menşei"":""TR"",""Tamir Edilebilirlik"":""Yetkili Servis ile Tamiri Gerekir."",""Özellik"":""Kablosuz""}",20,5,refreshed,"[""daily_top""]",true,2026-08-21T12:30:04+03:00,0,"[""search_result_dom"",""product_detail_jsonld"",""product_detail_dom""]","{""title"":""observed"",""brand"":""observed"",""seller_name"":""observed"",""seller_score"":""observed"",""price"":""observed"",""original_price"":""unavailable"",""campaigns"":""observed"",""stock_status"":""observed"",""stock_signal"":""observed"",""rating"":""observed"",""rating_count"":""observed"",""review_count"":""observed"",""question_count"":""observed"",""delivery_summary"":""observed"",""shipping_cost"":""observed"",""properties"":""observed""}",true,
2026-08-21,2026-08-21T12:30:04+03:00,elektronik,BEST_SELLER,elektronik-vitrini,Trendyol Elektronik / En Çok Satan,22,1,22,22,3,elektronik:elektronik-vitrini,22,0,71.6,41.7,1100163891,253958,1100163891:253958,Emsan Pro Multimax 6 in 1 Çok Amaçlı Mutfak Robotu Space Gray 2000 W,Emsan,,https://www.trendyol.com/emsan/pro-multimax-6-in-1-cok-amacli-mutfak-robotu-space-gray-2000-w-p-1100163891?boutiqueId=61&merchantId=253958,KARACA ZÜCCACİYE,83,2298.99,2398.99,4.2,0,TRY,"[""Kargo Bedava"",""Peşin Fiyatına 3 Taksit""]",InStock,100 adetten fazla stok sunulmuştur,Son 3 günde 500+ ürün satıldı!,3,500,166.7,4.6,774,,0,121,"3,9B kişinin sepetinde","47,9B kişi favoriledi","Son 24 saatte 3,4B kişi görüntüledi",,,0,,,,Tahmini Teslim:,,,{},0,,refreshed,"[""daily_top""]",true,2026-08-21T12:30:04+03:00,0,"[""search_result_dom"",""product_detail_jsonld"",""product_detail_dom""]","{""title"":""observed"",""brand"":""observed"",""seller_name"":""observed"",""seller_score"":""observed"",""price"":""observed"",""original_price"":""observed"",""campaigns"":""observed"",""stock_status"":""observed"",""stock_signal"":""observed"",""rating"":""observed"",""rating_count"":""observed"",""review_count"":""unavailable"",""question_count"":""observed"",""delivery_summary"":""observed"",""shipping_cost"":""unavailable"",""properties"":""observed""}",true,
2026-08-21,2026-08-21T12:30:04+03:00,elektronik,BEST_SELLER,elektronik-vitrini,Trendyol Elektronik / En Çok Satan,23,1,23,23,41,elektronik:elektronik-vitrini,23,-6,73.5,34.3,332480005,110546,332480005:110546,Fibaks (İçi ve Dışı Jelatinli) iPhone 13/14/15 Kılıf Kablosuz Şarj Magsafe Wireless Köşe Koruma Darbe Emici,Fibaks,,https://www.trendyol.com/fibaks/ici-ve-disi-jelatinli-iphone-13-14-15-kilif-kablosuz-sarj-magsafe-wireless-kose-koruma-darbe-emici-p-332480005?boutiqueId=61&merchantId=110546,Fibaks,,119.9,,,5.3,TRY,"[""Kargo Bedava""]",InStock,100 adetten fazla stok sunulmuştur,Son 3 günde 500+ ürün satıldı!,3,500,166.7,4.3,7914,,0,772,"4,7B kişinin sepetinde","121,7B kişi favoriledi",Son 24 saatte 2B kişi görüntüledi,,,0,,,,4 saat 28 dakika içinde sipariş verirsen en geç bugün kargoda!,,,{},0,,refreshed,"[""daily_top""]",true,2026-08-21T12:30:04+03:00,0,"[""search_result_dom"",""product_detail_jsonld"",""product_detail_dom""]","{""title"":""observed"",""brand"":""observed"",""seller_name"":""observed"",""seller_score"":""unavailable"",""price"":""observed"",""original_price"":""unavailable"",""campaigns"":""observed"",""stock_status"":""observed"",""stock_signal"":""observed"",""rating"":""observed"",""rating_count"":""observed"",""review_count"":""unavailable"",""question_count"":""observed"",""delivery_summary"":""observed"",""shipping_cost"":""unavailable"",""properties"":""observed""}",true,
2026-08-21,2026-08-21T12:30:04+03:00,elektronik,BEST_SELLER,elektronik-vitrini,Trendyol Elektronik / En Çok Satan,24,1,24,24,4,elektronik:elektronik-vitrini,24,6,64.8,39.3,823655452,194191,823655452:194191,Braun Silk-épil 3 3-000 Epilatör,Braun,Epilatör,https://www.trendyol.com/braun/silk-epil-3-3-000-epilator-p-823655452?boutiqueId=61&merchantId=194191,Braun Shop,94,1499,,,3.1,TRY,"[""Kargo Bedava"",""Peşin Fiyatına 3 Taksit"",""Trendyol Plus'a Özel""]",InStock,100 adetten fazla stok sunulmuştur,Son 3 günde 500+ ürün satıldı!,3,500,166.7,4.4,2505,1152,7,807,"1,7B kişinin sepetinde","75,4B kişi favoriledi","Son 24 saatte 2,4B kişi görüntüledi",4999,TRY,0,1,1,4,Tahmini Teslim:,En Çok Satan 4. Ürün,https://cdn.dsmcdn.com/ty1645/prod/QC/20250305/17/f6dbadbd-38cd-3a14-acd2-64cba2d02a91/1_org_zoom.jpg,"{""Frekans"":""50 Hz / 60 Hz"",""Garanti Tipi"":""Resmi Distribütör Garantili"",""Kullanım"":""Kuru"",""Tip"":""Kablolu"",""Garanti Süresi"":""2 Yıl"",""Voltaj"":""220 - 240 V"",""Diğer Özellikler"":""- Mor renk seçeneğiyle şık ve modern tasarımı, kişisel bakım rutininize estetik bir dokunuş katıyor. - Alman menşeli yapısıyla yüksek kalite standartlarına uygun üretilmiş olup, dayanıklılığı ve performansıyla öne çıkıyor. - Kablolu kullanım özelliği sayesinde kesintisiz ve güçlü performans sunarak cilt bakım deneyiminizi zenginleştiriyor. - C ve F priz tiplerine uyumlu olması, farklı bölgelerdeki ev aletleriyle kolayca kullanılabilmesini sağlıyor. - 2 yıl resmi distribütör garantisi ile güvenilir servis desteği ve uzun süreli kullanım güvencesi sunuyor. - Kuru kullanım imkanı, suya ihtiyaç duymadan pratik bir şekilde epilasyon yapmanız için idealdir; böylece her an yanınızda taşıyabileceğiniz rahatlıkta. - Belirtilmemiş voltaj değeri, çeşitli elektrik sistemlerine uyum sağlayarak geniş kullanım alanına sahip olmasını mümkün kılıyor."",""Menşei"":""DE"",""Tamir Edilebilirlik"":""Yetkili Servis ile Tamiri Gerekir.""}",20,5,refreshed,"[""daily_top""]",true,2026-08-21T12:30:04+03:00,0,"[""search_result_dom"",""product_detail_jsonld"",""product_detail_dom""]","{""title"":""observed"",""brand"":""observed"",""seller_name"":""observed"",""seller_score"":""observed"",""price"":""observed"",""original_price"":""unavailable"",""campaigns"":""observed"",""stock_status"":""observed"",""stock_signal"":""observed"",""rating"":""observed"",""rating_count"":""observed"",""review_count"":""observed"",""question_count"":""observed"",""delivery_summary"":""observed"",""shipping_cost"":""observed"",""properties"":""observed""}",true,
2026-08-21,2026-08-21T12:30:04+03:00,elektronik,BEST_SELLER,elektronik-vitrini,Trendyol Elektronik / En Çok Satan,25,2,25,25,3,elektronik:elektronik-vitrini,25,1,61.3,40.3,468601340,685806,468601340:685806,DEMPOWER 2 Başlıklı Flawless Şarjlı LED Yüz Tüy Alıcı Kaş Bıyık Kıl Epilasyon Aleti,DEMPOWER,Epilatör,https://www.trendyol.com/dempower/2-baslikli-flawless-sarjli-led-yuz-tuy-alici-kas-biyik-kil-epilasyon-aleti-p-468601340?boutiqueId=61&merchantId=685806,İndirimSevinci,89,259.13,,,4.2,TRY,"[""Kargo Bedava""]",InStock,100 adetten fazla stok sunulmuştur,Son 3 günde 500+ ürün satıldı!,3,500,166.7,3.5,1533,752,2,368,2B kişinin sepetinde,"23,4B kişi favoriledi","Son 24 saatte 1,6B kişi görüntüledi",4999,TRY,0,1,1,4,1 saat 28 dakika içinde sipariş verirsen en geç bugün kargoda!,En Çok Satan 3. Ürün,https://cdn.dsmcdn.com/ty1897/prod/QC_ENRICHMENT/20260815/12/76f358b6-2368-34e3-8ae3-5968a30e6221/1_org_zoom.jpg,"{""Frekans"":""50 Hz / 60 Hz"",""Garanti Tipi"":""İthalatçı Garantili"",""Kullanım"":""Kuru"",""Tip"":""Kablolu"",""Garanti Süresi"":""2 Yıl"",""Voltaj"":""220 - 240 V"",""Menşei"":""CN"",""Renk"":""Çok Renkli""}",20,5,refreshed,"[""daily_top""]",true,2026-08-21T12:30:04+03:00,0,"[""search_result_dom"",""product_detail_jsonld"",""product_detail_dom""]","{""title"":""observed"",""brand"":""observed"",""seller_name"":""observed"",""seller_score"":""observed"",""price"":""observed"",""original_price"":""unavailable"",""campaigns"":""observed"",""stock_status"":""observed"",""stock_signal"":""observed"",""rating"":""observed"",""rating_count"":""observed"",""review_count"":""observed"",""question_count"":""observed"",""delivery_summary"":""observed"",""shipping_cost"":""observed"",""properties"":""observed""}",true,
2026-08-21,2026-08-21T12:30:04+03:00,elektronik,BEST_SELLER,elektronik-vitrini,Trendyol Elektronik / En Çok Satan,26,2,26,26,1,elektronik:elektronik-vitrini,26,-1,55.9,43.2,902855082,1047156,902855082:1047156,DentiGo Hassas Terazi - Mutfak Tartısı - Mutfak Terazisi - Dijital Tartı - 5 Kg 1 Gr - Paslanmaz Çelik - Pil Hediyeli,DentiGo,Mutfak Tartısı,https://www.trendyol.com/dentigo/hassas-terazi-mutfak-tartisi-mutfak-terazisi-dijital-tarti-5-kg-1-gr-paslanmaz-celik-pil-hediyeli-p-902855082?boutiqueId=61&merchantId=1047156,BABACANLAR TİCARET,95,349.99,,,105.9,TRY,"[""Kargo Bedava""]",InStock,100 adetten fazla stok sunulmuştur,Son 3 günde 500+ ürün satıldı!,3,500,166.7,4.5,654,282,3,109,"1,2B kişinin sepetinde","17,3B kişi favoriledi",Son 24 saatte 674 kişi görüntüledi,4999,TRY,0,,1,4,2 saat 27 dakika içinde sipariş verirsen en geç bugün kargoda!,En Çok Satan 1. Ürün,https://cdn.dsmcdn.com/ty1912/prod/QC_ENRICHMENT/20260622/23/36070eae-568b-3954-a208-7595d986b333/1_org_zoom.jpg,"{""Garanti Tipi"":""İthalatçı Garantili"",""Garanti Süresi"":""Garantisiz"",""Kapasite"":""5 - 7 kg"",""Dijital Ekran"":""Var"",""Diğer Özellikler"":""Hassas Terazi"",""Menşei"":""CN"",""Dara Almak"":""Var"",""Tamir Edilebilirlik"":""Tamir Edilmez."",""Özellik"":""Dikdörtgen""}",20,5,refreshed,"[""daily_top""]",true,2026-08-21T12:30:04+03:00,0,"[""search_result_dom"",""product_detail_jsonld"",""product_detail_dom""]","{""title"":""observed"",""brand"":""observed"",""seller_name"":""observed"",""seller_score"":""observed"",""price"":""observed"",""original_price"":""unavailable"",""campaigns"":""observed"",""stock_status"":""observed"",""stock_signal"":""observed"",""rating"":""observed"",""rating_count"":""observed"",""review_count"":""observed"",""question_count"":""observed"",""delivery_summary"":""observed"",""shipping_cost"":""observed"",""properties"":""observed""}",true,
2026-08-21,2026-08-21T12:30:04+03:00,elektronik,BEST_SELLER,elektronik-vitrini,Trendyol Elektronik / En Çok Satan,27,2,27,27,2,elektronik:elektronik-vitrini,27,6,59.7,37,765433561,867510,765433561:867510,Onetick Anymetre Vücut Yağ Analizi Yağ Ölçer Kare Dijital Baskül Tartı,Onetick,Tartı,https://www.trendyol.com/onetick/anymetre-vucut-yag-analizi-yag-olcer-kare-dijital-baskul-tarti-p-765433561?boutiqueId=61&merchantId=867510,OneHouse,9,279,,,12,TRY,"[""Kargo Bedava""]",InStock,100 adetten fazla stok sunulmuştur,Son 3 günde 500+ ürün satıldı!,3,500,166.7,4.4,3017,1462,2,473,"3,6B kişinin sepetinde","32,6B kişi favoriledi","Son 24 saatte 1,3B kişi görüntüledi",4999,TRY,0,,1,4,1 saat 27 dakika içinde sipariş verirsen en geç bugün kargoda!,En Çok Satan 2. Ürün,https://cdn.dsmcdn.com/ty1655/prod/QC/20250324/09/87118461-efe6-32da-b565-fd4c56c86b6e/1_org_zoom.jpg,"{""Materyal"":""Plastik"",""Garanti Tipi"":""İthalatçı Garantili"",""Renk"":""Mor"",""Garanti Süresi"":""2 Yıl"",""Bazal Metabolizma Hızı Ölçümü"":""Yok"",""Bluetooth"":""Var"",""Vücut Kitle İndeksi Ölçümü"":""Var"",""Vücut Su Oranı Ölçümü"":""Yok"",""LCD Ekran"":""Var"",""Uygulama Üzerinden Kontrol"":""Var"",""Menşei"":""TR"",""Maksimum Ağırlık"":""120 kg"",""Özellik"":""Yağ""}",20,5,refreshed,"[""daily_top""]",true,2026-08-21T12:30:04+03:00,0,"[""search_result_dom"",""product_detail_jsonld"",""product_detail_dom""]","{""title"":""observed"",""brand"":""observed"",""seller_name"":""observed"",""seller_score"":""observed"",""price"":""observed"",""original_price"":""unavailable"",""campaigns"":""observed"",""stock_status"":""observed"",""stock_signal"":""observed"",""rating"":""observed"",""rating_count"":""observed"",""review_count"":""observed"",""question_count"":""observed"",""delivery_summary"":""observed"",""shipping_cost"":""observed"",""properties"":""observed""}",true,
2026-08-21,2026-08-21T12:30:04+03:00,elektronik,BEST_SELLER,elektronik-vitrini,Trendyol Elektronik / En Çok Satan,28,2,28,28,1,elektronik:elektronik-vitrini,28,-5,55.6,38.5,780343279,941181,780343279:941181,Genel Markalar P9 BLUETOOTH KULAKLIK,Genel Markalar,,https://www.trendyol.com/genel-markalar/p9-bluetooth-kulaklik-p-780343279?boutiqueId=61&merchantId=941181,KOLAV,83,290,,,,TRY,"[""Kargo Bedava""]",InStock,100 adetten fazla stok sunulmuştur,Son 3 günde 500+ ürün satıldı!,3,500,166.7,3.5,815,,0,697,"5,9B kişinin sepetinde","33,6B kişi favoriledi","Son 24 saatte 2,9B kişi görüntüledi",,,0,,,,Tahmini Teslim:,En Çok Satan 1. Ürün,,{},0,,refreshed,"[""daily_top""]",true,2026-08-21T12:30:04+03:00,0,"[""search_result_dom"",""product_detail_jsonld"",""product_detail_dom""]","{""title"":""observed"",""brand"":""observed"",""seller_name"":""observed"",""seller_score"":""observed"",""price"":""observed"",""original_price"":""unavailable"",""campaigns"":""observed"",""stock_status"":""observed"",""stock_signal"":""observed"",""rating"":""observed"",""rating_count"":""observed"",""review_count"":""unavailable"",""question_count"":""observed"",""delivery_summary"":""observed"",""shipping_cost"":""unavailable"",""properties"":""observed""}",true,
2026-08-21,2026-08-21T12:30:04+03:00,elektronik,BEST_SELLER,elektronik-vitrini,Trendyol Elektronik / En Çok Satan,29,2,29,29,33,elektronik:elektronik-vitrini,29,-9,46.9,44.8,1178116251,110546,1178116251:110546,"Fibaks iPhone 13/14/15 Kılıf Stitch Desenli Bebe Mavi Kadifemsi Soft Touch Silikon Telefon Kılıfı | Kamera Korumalı, Darbe Emici Premium Kapak",Fibaks,,https://www.trendyol.com/fibaks/iphone-13-14-15-kilif-stitch-desenli-bebe-mavi-kadifemsi-soft-touch-silikon-telefon-kilifi-kamera-korumali-darbe-emici-premium-kapak-p-1178116251?boutiqueId=61&merchantId=110546,Fibaks,,159.16,,,0,TRY,"[""Kargo Bedava""]",InStock,100 adetten fazla stok sunulmuştur,Son 3 günde 500+ ürün satıldı!,3,500,166.7,4.8,117,,0,22,"3,9B kişinin sepetinde","10,7B kişi favoriledi","Son 24 saatte 3,9B kişi görüntüledi",,,0,,,,4 saat 27 dakika içinde sipariş verirsen en geç bugün kargoda!,En Çok Ziyaret Edilen 2. Ürün,,{},0,,refreshed,"[""daily_top""]",true,2026-08-21T12:30:04+03:00,0,"[""search_result_dom"",""product_detail_jsonld"",""product_detail_dom""]","{""title"":""observed"",""brand"":""observed"",""seller_name"":""observed"",""seller_score"":""unavailable"",""price"":""observed"",""original_price"":""unavailable"",""campaigns"":""observed"",""stock_status"":""observed"",""stock_signal"":""observed"",""rating"":""observed"",""rating_count"":""observed"",""review_count"":""unavailable"",""question_count"":""observed"",""delivery_summary"":""observed"",""shipping_cost"":""unavailable"",""properties"":""observed""}",true,
2026-08-21,2026-08-21T12:30:04+03:00,elektronik,BEST_SELLER,elektronik-vitrini,Trendyol Elektronik / En Çok Satan,30,2,30,30,5,elektronik:elektronik-vitrini,30,6,59.3,30.8,855229283,624588,855229283:624588,Xiaomi Redmi Buds 6 Play Beyaz Kulakiçi Kulaklık- Gürültü Engelleme BT 5.4 TWS (Xiaomi TR Garantili),Xiaomi,,https://www.trendyol.com/xiaomi/redmi-buds-6-play-beyaz-kulakici-kulaklik-gurultu-engelleme-bt-5-4-tws-xiaomi-tr-garantili-p-855229283?boutiqueId=61&merchantId=624588,VATAN BİLGİSAYAR,89,749,,,0,TRY,"[""Kargo Bedava""]",InStock,100 adetten fazla stok sunulmuştur,Son 3 günde 500+ ürün satıldı!,3,500,166.7,4.3,7389,,0,2077,"3,2B kişinin sepetinde","104,4B kişi favoriledi","Son 24 saatte 2,1B kişi görüntüledi",,,0,,,,Tahmini Teslim:,En Çok Satan 5. Ürün,,{},0,,refreshed,"[""daily_top""]",true,2026-08-21T12:30:04+03:00,0,"[""search_result_dom"",""product_detail_jsonld"",""product_detail_dom""]","{""title"":""observed"",""brand"":""observed"",""seller_name"":""observed"",""seller_score"":""observed"",""price"":""observed"",""original_price"":""unavailable"",""campaigns"":""observed"",""stock_status"":""observed"",""stock_signal"":""observed"",""rating"":""observed"",""rating_count"":""observed"",""review_count"":""unavailable"",""question_count"":""observed"",""delivery_summary"":""observed"",""shipping_cost"":""unavailable"",""properties"":""observed""}",true,
2026-08-21,2026-08-21T12:30:04+03:00,elektronik,BEST_SELLER,elektronik-vitrini,Trendyol Elektronik / En Çok Satan,31,2,31,31,6,elektronik:elektronik-vitrini,31,-4,58.7,33,767635679,266456,767635679:266456,Go Aksesuar Iphone 13 - 14 Ve 15 Uyumlu Kaliteli Gerçek Magsafe Özellikli Şeffaf Kılıf,Go Aksesuar,,https://www.trendyol.com/go-aksesuar/iphone-13-14-ve-15-uyumlu-kaliteli-gercek-magsafe-ozellikli-seffaf-kilif-p-767635679?boutiqueId=61&merchantId=266456,GO AKSESUAR,97,71.24,74.99,5,0,TRY,"[""Sepette %5 İndirim"",""Kargo Bedava""]",InStock,100 adetten fazla stok sunulmuştur,Son 3 günde 500+ ürün satıldı!,3,500,166.7,4.2,2624,,0,313,3B kişinin sepetinde,"39,8B kişi favoriledi",Son 24 saatte 2B kişi görüntüledi,,,0,,,,1 saat 27 dakika içinde sipariş verirsen en geç bugün kargoda!,En Çok Satan 6. Ürün,,{},0,,refreshed,"[""daily_top""]",true,2026-08-21T12:30:04+03:00,0,"[""search_result_dom"",""product_detail_jsonld"",""product_detail_dom""]","{""title"":""observed"",""brand"":""observed"",""seller_name"":""observed"",""seller_score"":""observed"",""price"":""observed"",""original_price"":""observed"",""campaigns"":""observed"",""stock_status"":""observed"",""stock_signal"":""observed"",""rating"":""observed"",""rating_count"":""observed"",""review_count"":""unavailable"",""question_count"":""observed"",""delivery_summary"":""observed"",""shipping_cost"":""unavailable"",""properties"":""observed""}",true,
2026-08-21,2026-08-21T12:30:04+03:00,elektronik,BEST_SELLER,elektronik-vitrini,Trendyol Elektronik / En Çok Satan,32,2,32,32,2,elektronik:elektronik-vitrini,32,26,52.1,32.1,1041951856,335426,1041951856:335426,KVK PRİVACY iPhone 13/14/15 Uyumlu Pembe Leopar Desenli İnce Yumuşak Silikon Kılıf,KVK PRİVACY,,https://www.trendyol.com/kvk-privacy/iphone-13-14-15-uyumlu-pembe-leopar-desenli-ince-yumusak-silikon-kilif-p-1041951856?boutiqueId=61&merchantId=335426,KVK PRİVACY,,119.9,,,47.8,TRY,"[""Kargo Bedava""]",InStock,100 adetten fazla stok sunulmuştur,Son 3 günde 500+ ürün satıldı!,3,500,166.7,4.5,2921,,0,355,"4,1B kişinin sepetinde","146,9B kişi favoriledi","Son 24 saatte 2,7B kişi görüntüledi",,,0,,,,2 saat 27 dakika içinde sipariş verirsen en geç bugün kargoda!,En Çok Favorilenen 3. Ürün,,{},0,,refreshed,"[""daily_top""]",true,2026-08-21T12:30:04+03:00,0,"[""search_result_dom"",""product_detail_jsonld"",""product_detail_dom""]","{""title"":""observed"",""brand"":""observed"",""seller_name"":""observed"",""seller_score"":""unavailable"",""price"":""observed"",""original_price"":""unavailable"",""campaigns"":""observed"",""stock_status"":""observed"",""stock_signal"":""observed"",""rating"":""observed"",""rating_count"":""observed"",""review_count"":""unavailable"",""question_count"":""observed"",""delivery_summary"":""observed"",""shipping_cost"":""unavailable"",""properties"":""observed""}",true,
2026-08-21,2026-08-21T12:30:04+03:00,elektronik,BEST_SELLER,elektronik-vitrini,Trendyol Elektronik / En Çok Satan,33,2,33,33,14,elektronik:elektronik-vitrini,33,2,41.8,39.8,1162810310,335426,1162810310:335426,KVK PRİVACY iPhone 13/14/15 Uyumlu Mavi Deniz Yıldızı Desenli Çizgili Kadifemsi Soft Touch Silikon Telefon Kılıfı,KVK PRİVACY,,https://www.trendyol.com/kvk-privacy/iphone-13-14-15-uyumlu-mavi-deniz-yildizi-desenli-cizgili-kadifemsi-soft-touch-silikon-telefon-kilifi-p-1162810310?boutiqueId=61&merchantId=335426,KVK PRİVACY,,140.8,,,0,TRY,"[""Kargo Bedava""]",InStock,100 adetten fazla stok sunulmuştur,Son 3 günde 500+ ürün satıldı!,3,500,166.7,4.5,274,,0,66,"7,4B kişinin sepetinde","40,9B kişi favoriledi","Son 24 saatte 3,1B kişi görüntüledi",,,0,,,,2 saat 27 dakika içinde sipariş verirsen en geç bugün kargoda!,En Çok Ziyaret Edilen 3. Ürün,,{},0,,refreshed,"[""daily_top""]",true,2026-08-21T12:30:04+03:00,0,"[""search_result_dom"",""product_detail_jsonld"",""product_detail_dom""]","{""title"":""observed"",""brand"":""observed"",""seller_name"":""observed"",""seller_score"":""unavailable"",""price"":""observed"",""original_price"":""unavailable"",""campaigns"":""observed"",""stock_status"":""observed"",""stock_signal"":""observed"",""rating"":""observed"",""rating_count"":""observed"",""review_count"":""unavailable"",""question_count"":""observed"",""delivery_summary"":""observed"",""shipping_cost"":""unavailable"",""properties"":""observed""}",true,
2026-08-21,2026-08-21T12:30:04+03:00,elektronik,BEST_SELLER,elektronik-vitrini,Trendyol Elektronik / En Çok Satan,34,2,34,34,4,elektronik:elektronik-vitrini,34,0,54.9,28.8,446753563,820695,446753563:820695,comedones Dijital Baskül Yağ Su Kas Vücut Kitle Endeksi Kilo Ölçer Tartı,comedones,,https://www.trendyol.com/comedones/dijital-baskul-yag-su-kas-vucut-kitle-endeksi-kilo-olcer-tarti-p-446753563?boutiqueId=61&merchantId=820695,Vimi,93,438.8,,,0,TRY,"[""Kargo Bedava"",""Trendyol Plus'a Özel""]",InStock,100 adetten fazla stok sunulmuştur,Son 3 günde 500+ ürün satıldı!,3,500,166.7,4.4,20823,,0,1608,"1,8B kişinin sepetinde",105B kişi favoriledi,"Son 24 saatte 1,1B kişi görüntüledi",,,0,,,,1 saat 27 dakika içinde sipariş verirsen en geç bugün kargoda!,,,{},0,,refreshed,"[""daily_top""]",true,2026-08-21T12:30:04+03:00,0,"[""search_result_dom"",""product_detail_jsonld"",""product_detail_dom""]","{""title"":""observed"",""brand"":""observed"",""seller_name"":""observed"",""seller_score"":""observed"",""price"":""observed"",""original_price"":""unavailable"",""campaigns"":""observed"",""stock_status"":""observed"",""stock_signal"":""observed"",""rating"":""observed"",""rating_count"":""observed"",""review_count"":""unavailable"",""question_count"":""observed"",""delivery_summary"":""observed"",""shipping_cost"":""unavailable"",""properties"":""observed""}",true,
2026-08-21,2026-08-21T12:30:04+03:00,elektronik,BEST_SELLER,elektronik-vitrini,Trendyol Elektronik / En Çok Satan,35,2,35,35,1,elektronik:elektronik-vitrini,35,-4,42.2,34.5,817323674,107870,817323674:107870,Apple (USB-C) To Lightning Kablo - 1M MUQ93ZM/A,Apple,Şarj Kablosu,https://www.trendyol.com/apple/usb-c-to-lightning-kablo-1m-muq93zm-a-p-817323674?boutiqueId=61&merchantId=107870,Teknosa,92,869,,,,TRY,"[""Kargo Bedava""]",InStock,10 adetten fazla stok sunulmuştur,Son 3 günde 500+ ürün satıldı!,3,500,166.7,4.6,2881,953,5,729,"3,5B kişinin sepetinde","73,5B kişi favoriledi","Son 24 saatte 1,3B kişi görüntüledi",4999,TRY,0,,1,4,Tahmini Teslim:,En Çok Satan 1. Ürün,https://cdn.dsmcdn.com/ty1226/product/media/images/prod/SPM/PIM/20240325/17/4ba02c1a-d3fe-3c91-84f3-2c21bb395dd6/1_org_zoom.jpg,"{""Garanti Süresi"":""2 Yıl"",""Garanti Tipi"":""Resmi Distribütör Garantili"",""Bağlantı Tipi"":""USB"",""Uzunluk"":""1 m"",""Renk"":""Beyaz"",""Menşei"":""TR"",""Tamir Edilebilirlik"":""Yetkili Servis ile Tamiri Gerekir.""}",20,5,refreshed,"[""daily_top""]",true,2026-08-21T12:30:04+03:00,0,"[""search_result_dom"",""product_detail_jsonld"",""product_detail_dom""]","{""title"":""observed"",""brand"":""observed"",""seller_name"":""observed"",""seller_score"":""observed"",""price"":""observed"",""original_price"":""unavailable"",""campaigns"":""observed"",""stock_status"":""observed"",""stock_signal"":""observed"",""rating"":""observed"",""rating_count"":""observed"",""review_count"":""observed"",""question_count"":""observed"",""delivery_summary"":""observed"",""shipping_cost"":""observed"",""properties"":""observed""}",true,
2026-08-21,2026-08-21T12:30:04+03:00,elektronik,BEST_SELLER,elektronik-vitrini,Trendyol Elektronik / En Çok Satan,36,2,36,36,,elektronik:elektronik-vitrini,36,-8,46.7,27.8,346055177,104968,346055177:104968,Powertec TR-1515 Lazer-Epilasyon Öncesi Tüm Vücut Tıraş Makinesi Sakal-Ense-Vücut,Powertec,Tıraş Makinesi,https://www.trendyol.com/powertec/tr-1515-lazer-epilasyon-oncesi-tum-vucut-tiras-makinesi-sakal-ense-vucut-p-346055177?boutiqueId=61&merchantId=104968,Happy Center,93,849.99,,,0,TRY,"[""33 TL Kupon"",""Kargo Bedava""]",InStock,100 adetten fazla stok sunulmuştur,Son 3 günde 500+ ürün satıldı!,3,500,166.7,4.5,11642,6254,-4,2685,"3,3B kişinin sepetinde","84,8B kişi favoriledi",Son 24 saatte 2B kişi görüntüledi,4999,TRY,0,1,1,4,2 saat 27 dakika içinde sipariş verirsen en geç bugün kargoda!,,https://cdn.dsmcdn.com/ty1000425/product/media/images/prod/PIM/20260806/11/6621b161-3539-49fc-a450-5fba5267e5ec/1_org_zoom.jpg,"{""Tip"":""Şarjlı"",""Tıraş Bölgesi"":""Saç-Sakal-Vücut"",""Renk"":""Kırmızı"",""Garanti Tipi"":""Resmi Distribütör Garantili"",""Kullanım"":""Kuru"",""Otomatik Kapanma"":""Yok"",""Şarjlı Kullanım Süresi"":""3 Saat ve Altı"",""Garanti Süresi"":""2 Yıl"",""Başlık Sayısı"":""1 - 3"",""Burun ve Kulak Temizleme Başlığı"":""Yok"",""Frekans"":""50 Hz / 60 Hz"",""Voltaj"":""Belirtilmemiş"",""Menşei"":""TR"",""Tamir Edilebilirlik"":""Yetkili Servis ile Tamiri Gerekir."",""Özellik"":""Kablosuz""}",20,5,refreshed,"[""daily_top""]",true,2026-08-21T12:30:04+03:00,0,"[""search_result_dom"",""product_detail_jsonld"",""product_detail_dom""]","{""title"":""observed"",""brand"":""observed"",""seller_name"":""observed"",""seller_score"":""observed"",""price"":""observed"",""original_price"":""unavailable"",""campaigns"":""observed"",""stock_status"":""observed"",""stock_signal"":""observed"",""rating"":""observed"",""rating_count"":""observed"",""review_count"":""observed"",""question_count"":""observed"",""delivery_summary"":""observed"",""shipping_cost"":""observed"",""properties"":""observed""}",true,
2026-08-21,2026-08-21T12:30:04+03:00,elektronik,BEST_SELLER,elektronik-vitrini,Trendyol Elektronik / En Çok Satan,37,2,37,37,2,elektronik:elektronik-vitrini,37,6,61.7,27.3,83828129,315582,83828129:315582,One Step Tek Adımda Hızlı Fön Etkisi | Oval Fırça Saç Şekillendirici Düzleştirici Fön Tarağı 220 Derece,One Step,,https://www.trendyol.com/one-step/tek-adimda-hizli-fon-etkisi-oval-firca-sac-sekillendirici-duzlestirici-fon-taragi-220-derece-p-83828129?boutiqueId=61&merchantId=315582,One Step,,431.91,479.9,10,0,TRY,"[""Kargo Bedava""]",InStock,100 adetten fazla stok sunulmuştur,Son 3 günde 500+ ürün satıldı!,3,500,166.7,3.8,47312,,0,5482,"3,5B kişinin sepetinde","484,8B kişi favoriledi","Son 24 saatte 2,2B kişi görüntüledi",,,0,,,,11 saat 27 dakika içinde sipariş verirsen en geç yarın kargoda!,En Çok Favorilenen 1. Ürün,,{},0,,refreshed,"[""daily_top""]",true,2026-08-21T12:30:04+03:00,0,"[""search_result_dom"",""product_detail_jsonld"",""product_detail_dom""]","{""title"":""observed"",""brand"":""observed"",""seller_name"":""observed"",""seller_score"":""unavailable"",""price"":""observed"",""original_price"":""observed"",""campaigns"":""observed"",""stock_status"":""observed"",""stock_signal"":""observed"",""rating"":""observed"",""rating_count"":""observed"",""review_count"":""unavailable"",""question_count"":""observed"",""delivery_summary"":""observed"",""shipping_cost"":""unavailable"",""properties"":""observed""}",true,
2026-08-21,2026-08-21T12:30:04+03:00,elektronik,BEST_SELLER,elektronik-vitrini,Trendyol Elektronik / En Çok Satan,38,2,38,38,3,elektronik:elektronik-vitrini,38,11,33.5,21.1,837775572,107493,837775572:107493,Aprilla Ahs-2033 Siyah Geniş Seramik Kaplamalı Güçlü Saç Düzleştirici (40mm*120mm ),Aprilla,Saç Düzleştirici,https://www.trendyol.com/aprilla/ahs-2033-siyah-genis-seramik-kaplamali-guclu-sac-duzlestirici-40mm-120mm-p-837775572?boutiqueId=61&merchantId=107493,Kuzey Pazarlama,94,567,,,5.3,TRY,"[""Kargo Bedava"",""Sepette %10 İndirim"",""Sepette %1 İndirim""]",InStock,100 adetten fazla stok sunulmuştur,Son 3 günde 250+ ürün satıldı!,3,250,83.3,4.5,2673,1477,4,427,"2,9B kişinin sepetinde","64,6B kişi favoriledi","Son 24 saatte 2,5B kişi görüntüledi",4999,TRY,0,1,1,4,2 saat 27 dakika içinde sipariş verirsen en geç bugün kargoda!,En Çok Satan 3. Ürün,https://cdn.dsmcdn.com/ty1746/product/media/images/prod/PIM/20250924/11/c840414b-93ec-42f6-9586-76cd0cb2344a/1_org_zoom.jpg,"{""Frekans"":""50 Hz"",""Voltaj"":""220 - 240 V"",""Maksimum Sıcaklık"":""230 Derece"",""Plaka Materyali"":""Seramik Plaka"",""Garanti Tipi"":""Resmi Distribütör Garantili"",""Renk"":""Siyah"",""Otomatik Kapanma"":""Yok"",""Garanti Süresi"":""2 Yıl"",""Tip"":""Fırça"",""Dijital Ekran"":""Yok"",""İyon Özelliği"":""Yok"",""Menşei"":""CN"",""Isı Ayarı"":""2 Kademeli"",""Kablosuz Özelliği"":""Yok"",""Tamir Edilebilirlik"":""Yetkili Servis ile Tamiri Gerekir."",""Özellik"":""Ayarlanabilir Boyut""}",20,5,refreshed,"[""daily_top""]",true,2026-08-21T12:30:04+03:00,0,"[""search_result_dom"",""product_detail_jsonld"",""product_detail_dom""]","{""title"":""observed"",""brand"":""observed"",""seller_name"":""observed"",""seller_score"":""observed"",""price"":""observed"",""original_price"":""unavailable"",""campaigns"":""observed"",""stock_status"":""observed"",""stock_signal"":""observed"",""rating"":""observed"",""rating_count"":""observed"",""review_count"":""observed"",""question_count"":""observed"",""delivery_summary"":""observed"",""shipping_cost"":""observed"",""properties"":""observed""}",true,
2026-08-21,2026-08-21T12:30:04+03:00,elektronik,BEST_SELLER,elektronik-vitrini,Trendyol Elektronik / En Çok Satan,39,2,39,39,2,elektronik:elektronik-vitrini,39,0,49.9,15.9,195376914,109324,195376914:109324,Aprilla Ahs-2026 Saç Düzleştirici,Aprilla,,https://www.trendyol.com/aprilla/ahs-2026-sac-duzlestirici-p-195376914?boutiqueId=61&merchantId=109324,Fırsat Dünyası,9,606.6,674,10,0,TRY,"[""Kargo Bedava""]",InStock,100 adetten fazla stok sunulmuştur,Son 3 günde 250+ ürün satıldı!,3,250,83.3,4.5,16607,,0,1803,"5,6B kişinin sepetinde","234,8B kişi favoriledi","Son 24 saatte 2,7B kişi görüntüledi",,,0,,,,Tahmini Teslim:,En Çok Ziyaret Edilen 3. Ürün,,{},0,,refreshed,"[""daily_top""]",true,2026-08-21T12:30:04+03:00,0,"[""search_result_dom"",""product_detail_jsonld"",""product_detail_dom""]","{""title"":""observed"",""brand"":""observed"",""seller_name"":""observed"",""seller_score"":""observed"",""price"":""observed"",""original_price"":""observed"",""campaigns"":""observed"",""stock_status"":""observed"",""stock_signal"":""observed"",""rating"":""observed"",""rating_count"":""observed"",""review_count"":""unavailable"",""question_count"":""observed"",""delivery_summary"":""observed"",""shipping_cost"":""unavailable"",""properties"":""observed""}",true,
2026-08-21,2026-08-21T12:30:04+03:00,elektronik,BEST_SELLER,elektronik-vitrini,Trendyol Elektronik / En Çok Satan,40,2,40,40,1,elektronik:elektronik-vitrini,40,6,32.7,16.9,742629802,109324,742629802:109324,Aprilla Profosyonel Seramik Plaka 32 Mm Saç Şekillendirici Maşa Ahs-2050,Aprilla,Saç Maşası,https://www.trendyol.com/aprilla/profosyonel-seramik-plaka-32-mm-sac-sekillendirici-masa-ahs-2050-p-742629802?boutiqueId=61&merchantId=109324,Fırsat Dünyası,9,699,,,7.7,TRY,"[""Kargo Bedava"",""Sepette %10 İndirim"",""Sepette %7 İndirim""]",InStock,100 adetten fazla stok sunulmuştur,Son 3 günde 250+ ürün satıldı!,3,250,83.3,4.2,7155,3665,0,435,"5,5B kişinin sepetinde","211,3B kişi favoriledi","Son 24 saatte 2,9B kişi görüntüledi",4999,TRY,0,,1,4,Tahmini Teslim:,En Çok Satan 1. Ürün,https://cdn.dsmcdn.com/ty1746/product/media/images/prod/PIM/20250924/11/d72fda61-3ed4-49e7-9932-10413b4fa255/1_org_zoom.jpg,"{""Renk"":""Siyah"",""Tip"":""Kalın Bukle"",""Plaka Materyali"":""Seramik Plaka"",""Maksimum Sıcaklık"":""200 Derece"",""Garanti Tipi"":""Resmi Distribütör Garantili"",""Otomatik Kapanma"":""Yok"",""Maşa Çapı"":""32 mm"",""Garanti Süresi"":""2 Yıl"",""Dijital Ekran"":""Yok"",""Voltaj"":""220 - 240 V"",""Frekans"":""50 Hz / 60 Hz"",""Menşei"":""TR"",""Isı Ayarı"":""5 Kademeli"",""Kablosuz Özelliği"":""Yok"",""Tamir Edilebilirlik"":""Yetkili Servis ile Tamiri Gerekir.""}",20,5,refreshed,"[""daily_top""]",true,2026-08-21T12:30:04+03:00,0,"[""search_result_dom"",""product_detail_jsonld"",""product_detail_dom""]","{""title"":""observed"",""brand"":""observed"",""seller_name"":""observed"",""seller_score"":""observed"",""price"":""observed"",""original_price"":""unavailable"",""campaigns"":""observed"",""stock_status"":""observed"",""stock_signal"":""observed"",""rating"":""observed"",""rating_count"":""observed"",""review_count"":""observed"",""question_count"":""observed"",""delivery_summary"":""observed"",""shipping_cost"":""observed"",""properties"":""observed""}",true,
2026-08-21,2026-08-21T12:30:04+03:00,elektronik,BEST_SELLER,elektronik-vitrini,Trendyol Elektronik / En Çok Satan,41,2,41,41,14,elektronik:elektronik-vitrini,41,4,25.5,23.6,1137434078,335426,1137434078:335426,"KVK PRİVACY iPhone 13 / 14 / 15 Uyumlu Premium Taşlı Parlak Kılıf – Kamera Çerçeveli, Şık Tasarım, Darbe Emici Silver",KVK PRİVACY,,https://www.trendyol.com/kvk-privacy/iphone-13-14-15-uyumlu-premium-tasli-parlak-kilif-kamera-cerceveli-sik-tasarim-darbe-emici-silver-p-1137434078?boutiqueId=61&merchantId=335426,KVK PRİVACY,,139.97,,,0,TRY,"[""Kargo Bedava""]",InStock,100 adetten fazla stok sunulmuştur,Son 3 günde 250+ ürün satıldı!,3,250,83.3,4.6,466,,0,97,"4,4B kişinin sepetinde",41B kişi favoriledi,"Son 24 saatte 2,8B kişi görüntüledi",,,0,,,,2 saat 27 dakika içinde sipariş verirsen en geç bugün kargoda!,En Çok Ziyaret Edilen 4. Ürün,,{},0,,refreshed,"[""daily_top""]",true,2026-08-21T12:30:04+03:00,0,"[""search_result_dom"",""product_detail_jsonld"",""product_detail_dom""]","{""title"":""observed"",""brand"":""observed"",""seller_name"":""observed"",""seller_score"":""unavailable"",""price"":""observed"",""original_price"":""unavailable"",""campaigns"":""observed"",""stock_status"":""observed"",""stock_signal"":""observed"",""rating"":""observed"",""rating_count"":""observed"",""review_count"":""unavailable"",""question_count"":""observed"",""delivery_summary"":""observed"",""shipping_cost"":""unavailable"",""properties"":""observed""}",true,
2026-08-21,2026-08-21T12:30:04+03:00,elektronik,BEST_SELLER,elektronik-vitrini,Trendyol Elektronik / En Çok Satan,42,2,42,42,2,elektronik:elektronik-vitrini,42,-2,35.5,14.4,699645115,1102042,699645115:1102042,Philips Qp2824/10 Oneblade Yüz Ve Vücut Şekilendirici,Philips,,https://www.trendyol.com/philips/qp2824-10-oneblade-yuz-ve-vucut-sekilendirici-p-699645115?boutiqueId=61&merchantId=1102042,COCİNERO,8,1861.2,1880,1,,TRY,"[""Sepette %1 İndirim"",""Kargo Bedava"",""Peşin Fiyatına 3 Taksit""]",InStock,100 adetten fazla stok sunulmuştur,Son 3 günde 250+ ürün satıldı!,3,250,83.3,4.5,6199,,0,2361,"4,1B kişinin sepetinde","142,7B kişi favoriledi","Son 24 saatte 3,6B kişi görüntüledi",,,0,,,,Tahmini Teslim:,En Çok Ziyaret Edilen 2. Ürün,,{},0,,refreshed,"[""daily_top""]",true,2026-08-21T12:30:04+03:00,0,"[""search_result_dom"",""product_detail_jsonld"",""product_detail_dom""]","{""title"":""observed"",""brand"":""observed"",""seller_name"":""observed"",""seller_score"":""observed"",""price"":""observed"",""original_price"":""observed"",""campaigns"":""observed"",""stock_status"":""observed"",""stock_signal"":""observed"",""rating"":""observed"",""rating_count"":""observed"",""review_count"":""unavailable"",""question_count"":""observed"",""delivery_summary"":""observed"",""shipping_cost"":""unavailable"",""properties"":""observed""}",true,
2026-08-21,2026-08-21T12:30:04+03:00,elektronik,BEST_SELLER,elektronik-vitrini,Trendyol Elektronik / En Çok Satan,43,2,43,43,2,elektronik:elektronik-vitrini,43,51,27.9,20.2,736143047,107653,736143047:107653,JOYSIDEA Mandallı Akrobat Vantilatör Fn-50,JOYSIDEA,Vantilatör,https://www.trendyol.com/joysidea/mandalli-akrobat-vantilator-fn-50-p-736143047?boutiqueId=61&merchantId=107653,TechPazar,87,199,,,2.1,TRY,"[""15 TL Kupon"",""Kargo Bedava""]",InStock,100 adetten fazla stok sunulmuştur,Son 3 günde 250+ ürün satıldı!,3,250,83.3,3.8,1470,913,2,144,966 kişinin sepetinde,10B kişi favoriledi,Son 24 saatte 728 kişi görüntüledi,4999,TRY,0,1,1,4,Tahmini Teslim:,En Çok Satan 2. Ürün,https://cdn.dsmcdn.com/ty1416/product/media/images/prod/QC/20240712/08/c7ee5e17-e0ec-35d7-93a4-21d26f97f168/1_org_zoom.jpg,"{""Tip"":""Masaüstü"",""Renk"":""Bej"",""Özellik"":""Soğutucu"",""Garanti Tipi"":""Resmi Distribütör Garantili"",""Garanti Süresi"":""2 Yıl"",""Menşei"":""TR""}",20,5,refreshed,"[""daily_top"",""hot_change""]",true,2026-08-21T12:30:04+03:00,0,"[""search_result_dom"",""product_detail_jsonld"",""product_detail_dom""]","{""title"":""observed"",""brand"":""observed"",""seller_name"":""observed"",""seller_score"":""observed"",""price"":""observed"",""original_price"":""unavailable"",""campaigns"":""observed"",""stock_status"":""observed"",""stock_signal"":""observed"",""rating"":""observed"",""rating_count"":""observed"",""review_count"":""observed"",""question_count"":""observed"",""delivery_summary"":""observed"",""shipping_cost"":""observed"",""properties"":""observed""}",true,
2026-08-21,2026-08-21T12:30:04+03:00,elektronik,BEST_SELLER,elektronik-vitrini,Trendyol Elektronik / En Çok Satan,44,2,44,44,,elektronik:elektronik-vitrini,44,18,32.2,15.4,46544176,109324,46544176:109324,Kiwi Ksı 650 1200w Portatif Buharlı Kırışık Giderici Dikey Ütü,Kiwi,Buharlı Dikey Ütü,https://www.trendyol.com/kiwi/ksi-650-1200w-portatif-buharli-kirisik-giderici-dikey-utu-p-46544176?boutiqueId=61&merchantId=109324,Fırsat Dünyası,9,1022,,,-14.8,TRY,"[""Kargo Bedava"",""Peşin Fiyatına 3 Taksit""]",InStock,100 adetten fazla stok sunulmuştur,Son 3 günde 250+ ürün satıldı!,3,250,83.3,4.4,6354,3178,-3,1025,2B kişinin sepetinde,"176,3B kişi favoriledi","Son 24 saatte 2,5B kişi görüntüledi",4999,TRY,0,1,1,4,Tahmini Teslim:,,https://cdn.dsmcdn.com/ty1740/product/media/images/prod/PIM/20250902/06/dc7430d2-f617-4aca-8f21-75daefd62ffc/1_org_zoom.jpg,"{""Frekans"":""50 Hz / 60 Hz"",""Garanti Süresi"":""2 Yıl"",""Sürekli Buhar"":""200-300"",""Su Kapasitesi"":""0-1 L"",""Güç (Watt)"":""1200 - 1400"",""Voltaj"":""220 - 240 V"",""Menşei"":""TR"",""Özellik"":""Buharlı""}",20,5,refreshed,"[""daily_top""]",true,2026-08-21T12:30:04+03:00,0,"[""search_result_dom"",""product_detail_jsonld"",""product_detail_dom""]","{""title"":""observed"",""brand"":""observed"",""seller_name"":""observed"",""seller_score"":""observed"",""price"":""observed"",""original_price"":""unavailable"",""campaigns"":""observed"",""stock_status"":""observed"",""stock_signal"":""observed"",""rating"":""observed"",""rating_count"":""observed"",""review_count"":""observed"",""question_count"":""observed"",""delivery_summary"":""observed"",""shipping_cost"":""observed"",""properties"":""observed""}",true,
2026-08-21,2026-08-21T12:30:04+03:00,elektronik,BEST_SELLER,elektronik-vitrini,Trendyol Elektronik / En Çok Satan,45,2,45,45,,elektronik:elektronik-vitrini,45,-1,31.1,16,33056193,573922,33056193:573922,Techmaster Dijital Hassas 10 Kg Mutfak Terazisi Tartısı Lcd Ekranlı,Techmaster,Mutfak Tartısı,https://www.trendyol.com/techmaster/dijital-hassas-10-kg-mutfak-terazisi-tartisi-lcd-ekranli-p-33056193?boutiqueId=61&merchantId=573922,ozio,94,199.9,,,0,TRY,"[""Kargo Bedava"",""Trendyol Plus'a Özel""]",InStock,100 adetten fazla stok sunulmuştur,Son 3 günde 250+ ürün satıldı!,3,250,83.3,4.6,4382,2294,-4,289,2B kişinin sepetinde,"32,3B kişi favoriledi",Son 24 saatte 889 kişi görüntüledi,4999,TRY,0,,1,4,1 saat 27 dakika içinde sipariş verirsen en geç bugün kargoda!,En Çok Ziyaret Edilen 1. Ürün,https://cdn.dsmcdn.com/ty1687/prod/QC_ENRICHMENT/20250602/11/6f2a4ca4-1ae1-36c0-9a91-72c2146fcb00/1_org_zoom.jpg,"{""Garanti Tipi"":""İthalatçı Garantili"",""Garanti Süresi"":""1 Yıl"",""Kapasite"":""10 kg"",""Dijital Ekran"":""Var"",""Menşei"":""CN"",""Dara Almak"":""Var""}",20,5,refreshed,"[""daily_top""]",true,2026-08-21T12:30:04+03:00,0,"[""search_result_dom"",""product_detail_jsonld"",""product_detail_dom""]","{""title"":""observed"",""brand"":""observed"",""seller_name"":""observed"",""seller_score"":""observed"",""price"":""observed"",""original_price"":""unavailable"",""campaigns"":""observed"",""stock_status"":""observed"",""stock_signal"":""observed"",""rating"":""observed"",""rating_count"":""observed"",""review_count"":""observed"",""question_count"":""observed"",""delivery_summary"":""observed"",""shipping_cost"":""observed"",""properties"":""observed""}",true,
2026-08-21,2026-08-21T12:30:04+03:00,elektronik,BEST_SELLER,elektronik-vitrini,Trendyol Elektronik / En Çok Satan,46,2,46,46,1,elektronik:elektronik-vitrini,46,4,40.6,12.4,759661878,106272,759661878:106272,PiranTech CB-107C Çok Fonksiyonlu Buharlı Temizlik Makinası - Buharlı Temizleyici,PiranTech,,https://www.trendyol.com/pirantech/cb-107c-cok-fonksiyonlu-buharli-temizlik-makinasi-buharli-temizleyici-p-759661878?boutiqueId=61&merchantId=106272,Dossimo,92,5199,,,0,TRY,"[""Kargo Bedava"",""Peşin Fiyatına 3 Taksit""]",InStock,100 adetten fazla stok sunulmuştur,Son 3 günde 250+ ürün satıldı!,3,250,83.3,4.4,35462,,0,14479,"6,1B kişinin sepetinde","948,3B kişi favoriledi",Son 24 saatte 4B kişi görüntüledi,,,0,,,,Tahmini Teslim:,En Çok Satan 1. Ürün,,{},0,,refreshed,"[""daily_top""]",true,2026-08-21T12:30:04+03:00,0,"[""search_result_dom"",""product_detail_jsonld"",""product_detail_dom""]","{""title"":""observed"",""brand"":""observed"",""seller_name"":""observed"",""seller_score"":""observed"",""price"":""observed"",""original_price"":""unavailable"",""campaigns"":""observed"",""stock_status"":""observed"",""stock_signal"":""observed"",""rating"":""observed"",""rating_count"":""observed"",""review_count"":""unavailable"",""question_count"":""observed"",""delivery_summary"":""observed"",""shipping_cost"":""unavailable"",""properties"":""observed""}",true,
2026-08-21,2026-08-21T12:30:04+03:00,elektronik,BEST_SELLER,elektronik-vitrini,Trendyol Elektronik / En Çok Satan,47,2,47,47,1,elektronik:elektronik-vitrini,47,0,29.3,16.8,837754683,110546,837754683:110546,Fibaks iPhone 15/14 Pro/16 Uyumlu Kolay Uygulama Aparatlı Siyah Çerçeveli Tam Kapatan Cam Ekran Koruyucu,Fibaks,Ekran Koruyucu,https://www.trendyol.com/fibaks/iphone-15-14-pro-16-uyumlu-kolay-uygulama-aparatli-siyah-cerceveli-tam-kapatan-cam-ekran-koruyucu-p-837754683?boutiqueId=61&merchantId=110546,Fibaks,,180,,,0,TRY,"[""Kargo Bedava""]",InStock,100 adetten fazla stok sunulmuştur,Son 3 günde 250+ ürün satıldı!,3,250,83.3,4.4,2426,1371,5,321,"1,2B kişinin sepetinde",13B kişi favoriledi,Son 24 saatte 894 kişi görüntüledi,4999,TRY,0,,1,4,4 saat 27 dakika içinde sipariş verirsen en geç bugün kargoda!,En Çok Satan 1. Ürün,https://cdn.dsmcdn.com/ty1421/product/media/images/prod/QC/20240715/06/a5c150de-7fbd-3933-aa0b-454f73227f62/1_org_zoom.jpg,"{""Cep Telefonu Modeli"":""iPhone 15"",""Uyumlu Marka"":""Apple Uyumlu"",""Menşei"":""TR"",""Bakım Talimatları (Genel)"":""Ürünün kullanım ömrünü korumak için ürüne özel bakım talimatlarını takip ediniz.""}",20,5,refreshed,"[""daily_top""]",true,2026-08-21T12:30:04+03:00,0,"[""search_result_dom"",""product_detail_jsonld"",""product_detail_dom""]","{""title"":""observed"",""brand"":""observed"",""seller_name"":""observed"",""seller_score"":""unavailable"",""price"":""observed"",""original_price"":""unavailable"",""campaigns"":""observed"",""stock_status"":""observed"",""stock_signal"":""observed"",""rating"":""observed"",""rating_count"":""observed"",""review_count"":""observed"",""question_count"":""observed"",""delivery_summary"":""observed"",""shipping_cost"":""observed"",""properties"":""observed""}",true,
2026-08-21,2026-08-21T12:30:04+03:00,elektronik,BEST_SELLER,elektronik-vitrini,Trendyol Elektronik / En Çok Satan,48,2,48,48,,elektronik:elektronik-vitrini,48,9,43,12.6,61563374,363706,61563374:363706,Altus Al 808 Sm Dijital Ekranlı Baskül,Altus,Tartı,https://www.trendyol.com/altus/al-808-sm-dijital-ekranli-baskul-p-61563374?boutiqueId=61&merchantId=363706,Altus,,449.1,499,10,5.3,TRY,"[""Kargo Bedava"",""Trendyol Plus'a Özel""]",InStock,100 adetten fazla stok sunulmuştur,Son 3 günde 250+ ürün satıldı!,3,250,83.3,4.6,7791,3995,-1,909,"1,3B kişinin sepetinde","58,9B kişi favoriledi",Son 24 saatte 983 kişi görüntüledi,4999,TRY,0,,1,4,Tahmini Teslim:,,https://cdn.dsmcdn.com/ty1586/prod/QC/20241016/12/6638195a-6a8f-3c69-b914-5eb91c9560c7/1_org_zoom.jpg,"{""Materyal"":""Cam"",""Garanti Tipi"":""Resmi Distribütör Garantili"",""Renk"":""Siyah"",""Garanti Süresi"":""2 Yıl"",""Bazal Metabolizma Hızı Ölçümü"":""Yok"",""Bluetooth"":""Yok"",""Vücut Kitle İndeksi Ölçümü"":""Yok"",""Vücut Su Oranı Ölçümü"":""Yok"",""LCD Ekran"":""Var"",""Uygulama Üzerinden Kontrol"":""Yok"",""Menşei"":""KZ"",""Maksimum Ağırlık"":""120 kg"",""Özellik"":""Yağ""}",20,5,refreshed,"[""daily_top""]",true,2026-08-21T12:30:04+03:00,0,"[""search_result_dom"",""product_detail_jsonld"",""product_detail_dom""]","{""title"":""observed"",""brand"":""observed"",""seller_name"":""observed"",""seller_score"":""unavailable"",""price"":""observed"",""original_price"":""observed"",""campaigns"":""observed"",""stock_status"":""observed"",""stock_signal"":""observed"",""rating"":""observed"",""rating_count"":""observed"",""review_count"":""observed"",""question_count"":""observed"",""delivery_summary"":""observed"",""shipping_cost"":""observed"",""properties"":""observed""}",true,
2026-08-21,2026-08-21T12:30:04+03:00,elektronik,BEST_SELLER,elektronik-vitrini,Trendyol Elektronik / En Çok Satan,49,3,49,49,12,elektronik:elektronik-vitrini,49,6,32.3,12.8,840127874,108498,840127874:108498,Memo Cx07 Telefon Soğutucu Fan 15w Power Radyatörlü Magsafe Ve Aparatlı Telefon Ve Tablet Soğutucu,Memo,,https://www.trendyol.com/memo/cx07-telefon-sogutucu-fan-15w-power-radyatorlu-magsafe-ve-aparatli-telefon-ve-tablet-sogutucu-p-840127874?boutiqueId=61&merchantId=108498,Akıllıphone,92,491.5,,,-1.5,TRY,"[""Kargo Bedava""]",InStock,100 adetten fazla stok sunulmuştur,Son 3 günde 250+ ürün satıldı!,3,250,83.3,4.3,3247,,0,5027,"4,4B kişinin sepetinde",33B kişi favoriledi,"Son 24 saatte 1,5B kişi görüntüledi",,,0,,,,3 saat 27 dakika içinde sipariş verirsen en geç bugün kargoda!,,,{},0,,refreshed,"[""daily_top""]",true,2026-08-21T12:30:04+03:00,0,"[""search_result_dom"",""product_detail_jsonld"",""product_detail_dom""]","{""title"":""observed"",""brand"":""observed"",""seller_name"":""observed"",""seller_score"":""observed"",""price"":""observed"",""original_price"":""unavailable"",""campaigns"":""observed"",""stock_status"":""observed"",""stock_signal"":""observed"",""rating"":""observed"",""rating_count"":""observed"",""review_count"":""unavailable"",""question_count"":""observed"",""delivery_summary"":""observed"",""shipping_cost"":""unavailable"",""properties"":""observed""}",true,
2026-08-21,2026-08-21T12:30:04+03:00,elektronik,BEST_SELLER,elektronik-vitrini,Trendyol Elektronik / En Çok Satan,50,3,50,50,1,elektronik:elektronik-vitrini,50,15,30.9,15.7,779208863,275331,779208863:275331,Apple Pencil (USB-C) MUWA3ZE/A,Apple,Mouse,https://www.trendyol.com/apple/pencil-usb-c-muwa3ze-a-p-779208863?boutiqueId=61&merchantId=275331,MediaMarkt,89,3596.6,3670,2,0,TRY,"[""Kargo Bedava"",""Peşin Fiyatına 3 Taksit""]",InStock,100 adetten fazla stok sunulmuştur,Son 3 günde 250+ ürün satıldı!,3,250,83.3,4.7,2848,1217,2,2860,"6,7B kişinin sepetinde","122,8B kişi favoriledi","Son 24 saatte 2,7B kişi görüntüledi",4999,TRY,0,3,1,6,Tahmini Teslim:,En Çok Satan 1. Ürün,https://cdn.dsmcdn.com/ty1610/prod/QC/20241202/10/5eafa70b-63e3-3aaa-940d-95d6e753f010/1_org_zoom.jpg,"{""Mouse Hassasiyeti (Dpi)"":""1000 - 5000 Dpi"",""Mouse Tipi"":""Optik"",""Garanti Tipi"":""Resmi Distribütör Garantili"",""Renk"":""Beyaz"",""Buton Sayısı"":""2"",""Menşei"":""CN""}",20,5,refreshed,"[""daily_top""]",true,2026-08-21T12:30:04+03:00,0,"[""search_result_dom"",""product_detail_jsonld"",""product_detail_dom""]","{""title"":""observed"",""brand"":""observed"",""seller_name"":""observed"",""seller_score"":""observed"",""price"":""observed"",""original_price"":""observed"",""campaigns"":""observed"",""stock_status"":""observed"",""stock_signal"":""observed"",""rating"":""observed"",""rating_count"":""observed"",""review_count"":""observed"",""question_count"":""observed"",""delivery_summary"":""observed"",""shipping_cost"":""observed"",""properties"":""observed""}",true,
2026-08-21,2026-08-21T12:30:04+03:00,elektronik,BEST_SELLER,elektronik-vitrini,Trendyol Elektronik / En Çok Satan,51,3,51,51,1,elektronik:elektronik-vitrini,51,52,29.4,15.2,815470422,109324,815470422:109324,Kiwi Ksı-646 2'si 1 Arada Buharlı Ütü Krem,Kiwi,,https://www.trendyol.com/kiwi/ksi-646-2-si-1-arada-buharli-utu-krem-p-815470422?boutiqueId=61&merchantId=109324,Fırsat Dünyası,9,1149,,,16.1,TRY,"[""Kargo Bedava"",""Peşin Fiyatına 3 Taksit""]",InStock,100 adetten fazla stok sunulmuştur,Son 3 günde 250+ ürün satıldı!,3,250,83.3,4.3,1418,,0,287,"2,3B kişinin sepetinde","63,9B kişi favoriledi","Son 24 saatte 3,2B kişi görüntüledi",,,0,,,,Tahmini Teslim:,En Çok Satan 1. Ürün,,{},0,,refreshed,"[""daily_top"",""hot_change""]",true,2026-08-21T12:30:04+03:00,0,"[""search_result_dom"",""product_detail_jsonld"",""product_detail_dom""]","{""title"":""observed"",""brand"":""observed"",""seller_name"":""observed"",""seller_score"":""observed"",""price"":""observed"",""original_price"":""unavailable"",""campaigns"":""observed"",""stock_status"":""observed"",""stock_signal"":""observed"",""rating"":""observed"",""rating_count"":""observed"",""review_count"":""unavailable"",""question_count"":""observed"",""delivery_summary"":""observed"",""shipping_cost"":""unavailable"",""properties"":""observed""}",true,
2026-08-21,2026-08-21T12:30:04+03:00,elektronik,BEST_SELLER,elektronik-vitrini,Trendyol Elektronik / En Çok Satan,52,3,52,52,1,elektronik:elektronik-vitrini,52,-14,31.7,12.9,860866486,110546,860866486:110546,Fibaks Yüksek Kalite Metal 360 Dönebilen Ayarlanabilir Telefon Ve Tablet Tutucu Masa Üstü Standı Siyah,Fibaks,Tablet Standı,https://www.trendyol.com/fibaks/yuksek-kalite-metal-360-donebilen-ayarlanabilir-telefon-ve-tablet-tutucu-masa-ustu-standi-siyah-p-860866486?boutiqueId=61&merchantId=110546,Fibaks,,159.99,,,0,TRY,"[""Kargo Bedava""]",InStock,100 adetten fazla stok sunulmuştur,Son 3 günde 250+ ürün satıldı!,3,250,83.3,4.4,5135,2731,4,483,2B kişinin sepetinde,"46,5B kişi favoriledi",Son 24 saatte 845 kişi görüntüledi,4999,TRY,0,,1,4,4 saat 27 dakika içinde sipariş verirsen en geç bugün kargoda!,En Çok Satan 1. Ürün,https://cdn.dsmcdn.com/ty1637/prod/QC/20250213/12/57d844c2-cc8b-32d1-b86f-b6cb2c60bac4/1_org_zoom.jpg,"{""Diğer Özellikler"":""telefon tutacağı ve standı"",""Menşei"":""TR"",""Bakım Talimatları (Genel)"":""Nemli bir bezle silin.""}",20,5,refreshed,"[""daily_top""]",true,2026-08-21T12:30:04+03:00,0,"[""search_result_dom"",""product_detail_jsonld"",""product_detail_dom""]","{""title"":""observed"",""brand"":""observed"",""seller_name"":""observed"",""seller_score"":""unavailable"",""price"":""observed"",""original_price"":""unavailable"",""campaigns"":""observed"",""stock_status"":""observed"",""stock_signal"":""observed"",""rating"":""observed"",""rating_count"":""observed"",""review_count"":""observed"",""question_count"":""observed"",""delivery_summary"":""observed"",""shipping_cost"":""observed"",""properties"":""observed""}",true,
2026-08-21,2026-08-21T12:30:04+03:00,elektronik,BEST_SELLER,elektronik-vitrini,Trendyol Elektronik / En Çok Satan,53,3,53,53,9,elektronik:elektronik-vitrini,53,-12,33.3,11.2,796612275,110546,796612275:110546,Fibaks iPhone 13/14/15 Kılıf Kamera Çıkıntılı Magsafe Şarj Destekli Yumuşak Kenarlı Mat Kapak Siyah,Fibaks,,https://www.trendyol.com/fibaks/iphone-13-14-15-kilif-kamera-cikintili-magsafe-sarj-destekli-yumusak-kenarli-mat-kapak-siyah-p-796612275?boutiqueId=61&merchantId=110546,Fibaks,,180,,,0,TRY,"[""Kargo Bedava""]",InStock,100 adetten fazla stok sunulmuştur,Son 3 günde 250+ ürün satıldı!,3,250,83.3,4.5,4438,,0,503,"3,4B kişinin sepetinde","83,1B kişi favoriledi","Son 24 saatte 1,7B kişi görüntüledi",,,0,,,,4 saat 27 dakika içinde sipariş verirsen en geç bugün kargoda!,En Çok Satan 9. Ürün,,{},0,,refreshed,"[""daily_top""]",true,2026-08-21T12:30:04+03:00,0,"[""search_result_dom"",""product_detail_jsonld"",""product_detail_dom""]","{""title"":""observed"",""brand"":""observed"",""seller_name"":""observed"",""seller_score"":""unavailable"",""price"":""observed"",""original_price"":""unavailable"",""campaigns"":""observed"",""stock_status"":""observed"",""stock_signal"":""observed"",""rating"":""observed"",""rating_count"":""observed"",""review_count"":""unavailable"",""question_count"":""observed"",""delivery_summary"":""observed"",""shipping_cost"":""unavailable"",""properties"":""observed""}",true,
2026-08-21,2026-08-21T12:30:04+03:00,elektronik,BEST_SELLER,elektronik-vitrini,Trendyol Elektronik / En Çok Satan,54,3,54,54,2,elektronik:elektronik-vitrini,54,57,25.8,21.8,922158266,730777,922158266:730777,"Philips Lumea 9900 Serisi BRI953/01 IPL Tüy Alma, SkinAI Uygulama,Vücut,Yüz ve Bikini,3 Başlık,Çanta",Philips,IPL Lazer Epilasyon Aleti,https://www.trendyol.com/philips/lumea-9900-serisi-bri953-01-ipl-tuy-alma-skinai-uygulama-vucut-yuz-ve-bikini-3-baslik-canta-p-922158266?boutiqueId=61&merchantId=730777,CVZ TEKNOLOJİ,93,15747.95,16235,3,-0.1,TRY,"[""Kargo Bedava"",""Peşin Fiyatına 9 Taksit""]",InStock,,Son 3 günde 250+ ürün satıldı!,3,250,83.3,4.3,542,212,2,1065,"3,9B kişinin sepetinde","120,4B kişi favoriledi","Son 24 saatte 8,8B kişi görüntüledi",4999,TRY,0,1,1,4,11 saat 27 dakika içinde sipariş verirsen en geç yarın kargoda!,En Çok Satan 2. Ürün,https://cdn.dsmcdn.com/ty1000396/product/media/images/prod/PIM/20260508/11/65ea44d8-86ba-4b1c-9c90-7168192996d4/1_org_zoom.jpg,"{""Renk"":""Bej"",""Tip"":""Kablosuz"",""Atım Sayısı"":""400.000 - 450.000"",""Garanti Tipi"":""Resmi Distribütör Garantili"",""Uygulama Alanı"":""Vücut"",""Otomatik Kapanma"":""Yok"",""Garanti Süresi"":""5 Yıl"",""Cilt Tonu Sensörü"":""Var"",""Kademe Ayarı"":""Var"",""Uygulama Üzerinden Kontrol"":""Var"",""Frekans"":""50 Hz / 60 Hz"",""Voltaj"":""Belirtilmemiş"",""Menşei"":""SI"",""Tamir Edilebilirlik"":""Yetkili Servis ile Tamiri Gerekir.""}",20,5,refreshed,"[""daily_top"",""hot_change""]",true,2026-08-21T12:30:04+03:00,0,"[""search_result_dom"",""product_detail_jsonld"",""product_detail_dom""]","{""title"":""observed"",""brand"":""observed"",""seller_name"":""observed"",""seller_score"":""observed"",""price"":""observed"",""original_price"":""observed"",""campaigns"":""observed"",""stock_status"":""observed"",""stock_signal"":""unavailable"",""rating"":""observed"",""rating_count"":""observed"",""review_count"":""observed"",""question_count"":""observed"",""delivery_summary"":""observed"",""shipping_cost"":""observed"",""properties"":""observed""}",true,
2026-08-21,2026-08-21T12:30:04+03:00,elektronik,BEST_SELLER,elektronik-vitrini,Trendyol Elektronik / En Çok Satan,55,3,55,55,1,elektronik:elektronik-vitrini,55,-1,29.7,14.8,1078166090,335426,1078166090:335426,KVK PRİVACY 18W/20W/25W Uyumlu Şarj Kılıfı Şarj Kablosu Örme Aparatı Kablo Koruyucu Toparlayıcı Pembe Leopar,KVK PRİVACY,,https://www.trendyol.com/kvk-privacy/18w-20w-25w-uyumlu-sarj-kilifi-sarj-kablosu-orme-aparati-kablo-koruyucu-toparlayici-pembe-leopar-p-1078166090?boutiqueId=61&merchantId=335426,KVK PRİVACY,18,139.9,,,0,TRY,"[""Kargo Bedava""]",InStock,100 adetten fazla stok sunulmuştur,Son 3 günde 250+ ürün satıldı!,3,250,83.3,4.6,1567,,0,510,3B kişinin sepetinde,"68,2B kişi favoriledi","Son 24 saatte 1,8B kişi görüntüledi",,,0,,,,2 saat 27 dakika içinde sipariş verirsen en geç bugün kargoda!,En Çok Satan 1. Ürün,,{},0,,refreshed,"[""daily_top""]",true,2026-08-21T12:30:04+03:00,0,"[""search_result_dom"",""product_detail_jsonld"",""product_detail_dom""]","{""title"":""observed"",""brand"":""observed"",""seller_name"":""observed"",""seller_score"":""observed"",""price"":""observed"",""original_price"":""unavailable"",""campaigns"":""observed"",""stock_status"":""observed"",""stock_signal"":""observed"",""rating"":""observed"",""rating_count"":""observed"",""review_count"":""unavailable"",""question_count"":""observed"",""delivery_summary"":""observed"",""shipping_cost"":""unavailable"",""properties"":""observed""}",true,
2026-08-21,2026-08-21T12:30:04+03:00,elektronik,BEST_SELLER,elektronik-vitrini,Trendyol Elektronik / En Çok Satan,56,3,56,56,3,elektronik:elektronik-vitrini,56,4,30.3,14.2,1139403146,113012,1139403146:113012,"KUMTEL KTF-345 Siyah 18 İnç Ayaklı Vantilatör 60 W, 5 Pervaneli, 3 Kademeli, 132 cm",KUMTEL,Vantilatör,https://www.trendyol.com/kumtel/ktf-345-siyah-18-inc-ayakli-vantilator-60-w-5-pervaneli-3-kademeli-132-cm-p-1139403146?boutiqueId=61&merchantId=113012,KUMTEL,,1109,,,-5.9,TRY,"[""15 TL Kupon"",""Kargo Bedava"",""Peşin Fiyatına 3 Taksit""]",InStock,100 adetten fazla stok sunulmuştur,Son 3 günde 250+ ürün satıldı!,3,250,83.3,4.1,3158,1869,23,313,5B kişinin sepetinde,"58,3B kişi favoriledi","Son 24 saatte 1,8B kişi görüntüledi",4999,TRY,0,1,1,4,11 saat 27 dakika içinde sipariş verirsen en geç yarın kargoda!,En Çok Satan 3. Ürün,https://cdn.dsmcdn.com/ty1933/prod/QC_ENRICHMENT/20260601/14/7d808801-be38-3edf-b365-b1512cbc0b35/1_org_zoom.jpg,"{""Tip"":""Ayaklı"",""Renk"":""Siyah"",""Garanti Tipi"":""Resmi Distribütör Garantili"",""Garanti Süresi"":""2 Yıl""}",20,5,refreshed,"[""daily_top""]",true,2026-08-21T12:30:04+03:00,0,"[""search_result_dom"",""product_detail_jsonld"",""product_detail_dom""]","{""title"":""observed"",""brand"":""observed"",""seller_name"":""observed"",""seller_score"":""unavailable"",""price"":""observed"",""original_price"":""unavailable"",""campaigns"":""observed"",""stock_status"":""observed"",""stock_signal"":""observed"",""rating"":""observed"",""rating_count"":""observed"",""review_count"":""observed"",""question_count"":""observed"",""delivery_summary"":""observed"",""shipping_cost"":""observed"",""properties"":""observed""}",true,
2026-08-21,2026-08-21T12:30:04+03:00,elektronik,BEST_SELLER,elektronik-vitrini,Trendyol Elektronik / En Çok Satan,57,3,57,57,1,elektronik:elektronik-vitrini,57,12,31.4,13.2,745132208,519473,745132208:519473,Powerway Orjinal 10.000 mAh Kendinden Kablolu ve Telefon Standlı Şarj Göstergeli Siyah Taşınabilir Powerbank,Powerway,Taşınabilir Batarya,https://www.trendyol.com/powerway/orjinal-10-000-mah-kendinden-kablolu-ve-telefon-standli-sarj-gostergeli-siyah-tasinabilir-powerbank-p-745132208?boutiqueId=61&merchantId=519473,Asya Pasifik Teknoloji,96,599.9,,,0,TRY,"[""Kargo Bedava""]",InStock,100 adetten fazla stok sunulmuştur,Son 3 günde 250+ ürün satıldı!,3,250,83.3,4.2,4888,2545,9,1558,"2,9B kişinin sepetinde",78B kişi favoriledi,"Son 24 saatte 1,9B kişi görüntüledi",4999,TRY,0,,1,4,2 saat 27 dakika içinde sipariş verirsen en geç bugün kargoda!,En Çok Satan 1. Ürün,https://cdn.dsmcdn.com/ty1923/prod/QC_ENRICHMENT/20260602/17/fbbb6bb7-2bdd-3041-ba3f-b264d79aa1bc/1_org_zoom.jpg,"{""Pil Gücü (mAh)"":""7900 - 11500"",""Renk"":""Siyah"",""Garanti Tipi"":""Resmi Distribütör Garantili"",""Garanti Süresi"":""2 Yıl"",""USB Çıkış Sayısı"":""3"",""Hızlı Şarj"":""Yok"",""Menşei"":""CN""}",20,5,refreshed,"[""daily_top""]",true,2026-08-21T12:30:04+03:00,0,"[""search_result_dom"",""product_detail_jsonld"",""product_detail_dom""]","{""title"":""observed"",""brand"":""observed"",""seller_name"":""observed"",""seller_score"":""observed"",""price"":""observed"",""original_price"":""unavailable"",""campaigns"":""observed"",""stock_status"":""observed"",""stock_signal"":""observed"",""rating"":""observed"",""rating_count"":""observed"",""review_count"":""observed"",""question_count"":""observed"",""delivery_summary"":""observed"",""shipping_cost"":""observed"",""properties"":""observed""}",true,
2026-08-21,2026-08-21T12:30:04+03:00,elektronik,BEST_SELLER,elektronik-vitrini,Trendyol Elektronik / En Çok Satan,58,3,58,58,,elektronik:elektronik-vitrini,58,-5,30.1,14.5,835296386,110546,835296386:110546,Fibaks Yüksek Kalite Tüm Telefonlara Uyumlu Yağmur Su Geçirmez Waterproof Deniz Havuz Altı Geçirmez Kılıf,Fibaks,Telefon Kılıfı,https://www.trendyol.com/fibaks/yuksek-kalite-tum-telefonlara-uyumlu-yagmur-su-gecirmez-waterproof-deniz-havuz-alti-gecirmez-kilif-p-835296386?boutiqueId=61&merchantId=110546,Fibaks,,176,,,0,TRY,"[""Kargo Bedava""]",InStock,100 adetten fazla stok sunulmuştur,Son 3 günde 250+ ürün satıldı!,3,250,83.3,4.2,3117,1724,7,916,"2,4B kişinin sepetinde","46,5B kişi favoriledi",Son 24 saatte 879 kişi görüntüledi,4999,TRY,0,,1,4,4 saat 27 dakika içinde sipariş verirsen en geç bugün kargoda!,,https://cdn.dsmcdn.com/ty1569/prod/QC/20240926/11/cba8304e-a625-3684-b6c8-544d803f0ad6/1_org_zoom.jpg,"{""Materyal"":""Silikon"",""Cep Telefonu Modeli"":""iPhone 13"",""Renk"":""Siyah"",""Uyumlu Marka"":""Apple Uyumlu"",""Menşei"":""TR""}",20,5,refreshed,"[""daily_top""]",true,2026-08-21T12:30:04+03:00,0,"[""search_result_dom"",""product_detail_jsonld"",""product_detail_dom""]","{""title"":""observed"",""brand"":""observed"",""seller_name"":""observed"",""seller_score"":""unavailable"",""price"":""observed"",""original_price"":""unavailable"",""campaigns"":""observed"",""stock_status"":""observed"",""stock_signal"":""observed"",""rating"":""observed"",""rating_count"":""observed"",""review_count"":""observed"",""question_count"":""observed"",""delivery_summary"":""observed"",""shipping_cost"":""observed"",""properties"":""observed""}",true,
2026-08-21,2026-08-21T12:30:04+03:00,elektronik,BEST_SELLER,elektronik-vitrini,Trendyol Elektronik / En Çok Satan,59,3,59,59,,elektronik:elektronik-vitrini,59,30,30,19.6,938058356,166010,938058356:166010,"Philips 2000 Serisi BRE237/05 Vücut ve Hassas Bölge Epilatör Seti, Kablolu, Tıraş Başlığı",Philips,Epilatör,https://www.trendyol.com/philips/2000-serisi-bre237-05-vucut-ve-hassas-bolge-epilator-seti-kablolu-tiras-basligi-p-938058356?boutiqueId=61&merchantId=166010,Buevin,93,1329.05,1399,5,5.3,TRY,"[""Kargo Bedava"",""Peşin Fiyatına 3 Taksit""]",InStock,100 adetten fazla stok sunulmuştur,Son 3 günde 250+ ürün satıldı!,3,250,83.3,4.4,868,398,1,557,"1,8B kişinin sepetinde","48,8B kişi favoriledi","Son 24 saatte 2,5B kişi görüntüledi",4999,TRY,0,,1,4,27 dakika 7 saniye içinde sipariş verirsen en geç bugün kargoda!,En Çok Ziyaret Edilen 3. Ürün,https://cdn.dsmcdn.com/ty1000426/product/media/images/prod/PIM/20260806/06/402bd286-1c87-4bb3-9f13-c75aa446786b/1_org_zoom.jpg,"{""Frekans"":""50 Hz / 60 Hz"",""Garanti Tipi"":""Resmi Distribütör Garantili"",""Kullanım"":""Kuru"",""Tip"":""Kablolu"",""Garanti Süresi"":""2 Yıl"",""Voltaj"":""220 - 240 V"",""Menşei"":""CN""}",20,5,refreshed,"[""daily_top""]",true,2026-08-21T12:30:04+03:00,0,"[""search_result_dom"",""product_detail_jsonld"",""product_detail_dom""]","{""title"":""observed"",""brand"":""observed"",""seller_name"":""observed"",""seller_score"":""observed"",""price"":""observed"",""original_price"":""observed"",""campaigns"":""observed"",""stock_status"":""observed"",""stock_signal"":""observed"",""rating"":""observed"",""rating_count"":""observed"",""review_count"":""observed"",""question_count"":""observed"",""delivery_summary"":""observed"",""shipping_cost"":""observed"",""properties"":""observed""}",true,
2026-08-21,2026-08-21T12:30:04+03:00,elektronik,BEST_SELLER,elektronik-vitrini,Trendyol Elektronik / En Çok Satan,60,3,60,60,41,elektronik:elektronik-vitrini,60,-44,22.7,21.9,1160910300,110546,1160910300:110546,Fibaks iPhone 13/14/15 Kılıf Kendinden Vakumlu İçi Kadife Kalp Desenli Soft Silikon Telefon Kılıfı – Güçlü Tutuş & Estetik Tasarım Rose,Fibaks,,https://www.trendyol.com/fibaks/iphone-13-14-15-kilif-kendinden-vakumlu-ici-kadife-kalp-desenli-soft-silikon-telefon-kilifi-guclu-tutus-estetik-tasarim-rose-p-1160910300?boutiqueId=61&merchantId=110546,Fibaks,,199.99,,,0,TRY,"[""Kargo Bedava""]",InStock,100 adetten fazla stok sunulmuştur,Son 3 günde 250+ ürün satıldı!,3,250,83.3,4.8,205,,0,58,"3,3B kişinin sepetinde","21,5B kişi favoriledi","Son 24 saatte 4,4B kişi görüntüledi",,,0,,,,4 saat 27 dakika içinde sipariş verirsen en geç bugün kargoda!,En Çok Ziyaret Edilen 1. Ürün,,{},0,,refreshed,"[""daily_top"",""hot_change""]",true,2026-08-21T12:30:04+03:00,0,"[""search_result_dom"",""product_detail_jsonld"",""product_detail_dom""]","{""title"":""observed"",""brand"":""observed"",""seller_name"":""observed"",""seller_score"":""unavailable"",""price"":""observed"",""original_price"":""unavailable"",""campaigns"":""observed"",""stock_status"":""observed"",""stock_signal"":""observed"",""rating"":""observed"",""rating_count"":""observed"",""review_count"":""unavailable"",""question_count"":""observed"",""delivery_summary"":""observed"",""shipping_cost"":""unavailable"",""properties"":""observed""}",true,
2026-08-21,2026-08-21T12:30:04+03:00,elektronik,BEST_SELLER,elektronik-vitrini,Trendyol Elektronik / En Çok Satan,61,3,61,61,1,elektronik:elektronik-vitrini,61,13,25,19.6,1126835008,767362,1126835008:767362,ACSTECH 4K Dijital Fotoğraf Makinesi 48MP Flip Ekran 18X Zoom Flaşlı 64GB Hediyeli Türkçe Menü,ACSTECH,,https://www.trendyol.com/acstech/4k-dijital-fotograf-makinesi-48mp-flip-ekran-18x-zoom-flasli-64gb-hediyeli-turkce-menu-p-1126835008?boutiqueId=61&merchantId=767362,Acs Teknoloji,91,1949.9,,,0,TRY,"[""Kargo Bedava"",""Son 10 Günün En Düşük Fiyatı"",""Peşin Fiyatına 3 Taksit"",""Trendyol Plus'a Özel""]",InStock,100 adetten fazla stok sunulmuştur,Son 3 günde 250+ ürün satıldı!,3,250,83.3,4.3,396,,0,902,"7,2B kişinin sepetinde","65,2B kişi favoriledi","Son 24 saatte 5,9B kişi görüntüledi",,,0,,,,11 saat 27 dakika içinde sipariş verirsen en geç yarın kargoda!,En Çok Satan 1. Ürün,,{},0,,refreshed,"[""daily_top""]",true,2026-08-21T12:30:04+03:00,0,"[""search_result_dom"",""product_detail_jsonld"",""product_detail_dom""]","{""title"":""observed"",""brand"":""observed"",""seller_name"":""observed"",""seller_score"":""observed"",""price"":""observed"",""original_price"":""unavailable"",""campaigns"":""observed"",""stock_status"":""observed"",""stock_signal"":""observed"",""rating"":""observed"",""rating_count"":""observed"",""review_count"":""unavailable"",""question_count"":""observed"",""delivery_summary"":""observed"",""shipping_cost"":""unavailable"",""properties"":""observed""}",true,
2026-08-21,2026-08-21T12:30:04+03:00,elektronik,BEST_SELLER,elektronik-vitrini,Trendyol Elektronik / En Çok Satan,62,3,62,62,2,elektronik:elektronik-vitrini,62,4,47.3,10.4,680219055,109324,680219055:109324,Aprilla Ahs 2026b Saç Düzleştirici AHS 2026B,Aprilla,,https://www.trendyol.com/aprilla/ahs-2026b-sac-duzlestirici-ahs-2026b-p-680219055?boutiqueId=61&merchantId=109324,Fırsat Dünyası,9,597.6,664,10,0,TRY,"[""Kargo Bedava""]",InStock,100 adetten fazla stok sunulmuştur,Son 3 günde 250+ ürün satıldı!,3,250,83.3,4.5,13963,,0,1537,"3,6B kişinin sepetinde","214,8B kişi favoriledi","Son 24 saatte 1,6B kişi görüntüledi",,,0,,,,Tahmini Teslim:,,,{},0,,refreshed,"[""daily_top""]",true,2026-08-21T12:30:04+03:00,0,"[""search_result_dom"",""product_detail_jsonld"",""product_detail_dom""]","{""title"":""observed"",""brand"":""observed"",""seller_name"":""observed"",""seller_score"":""observed"",""price"":""observed"",""original_price"":""observed"",""campaigns"":""observed"",""stock_status"":""observed"",""stock_signal"":""observed"",""rating"":""observed"",""rating_count"":""observed"",""review_count"":""unavailable"",""question_count"":""observed"",""delivery_summary"":""observed"",""shipping_cost"":""unavailable"",""properties"":""observed""}",true,
2026-08-21,2026-08-21T12:30:04+03:00,elektronik,BEST_SELLER,elektronik-vitrini,Trendyol Elektronik / En Çok Satan,63,3,63,63,10,elektronik:elektronik-vitrini,63,-11,31.1,13.4,917552545,110546,917552545:110546,Fibaks iPhone 13/14/15 Kılıf Parlak Kabartmalı Dalga Tasarımlı Desenli Mürdüm Darbe Emici,Fibaks,,https://www.trendyol.com/fibaks/iphone-13-14-15-kilif-parlak-kabartmali-dalga-tasarimli-desenli-murdum-darbe-emici-p-917552545?boutiqueId=61&merchantId=110546,Fibaks,,135,,,0,TRY,"[""Kargo Bedava""]",InStock,100 adetten fazla stok sunulmuştur,Son 3 günde 250+ ürün satıldı!,3,250,83.3,4.6,2346,,0,167,"2,9B kişinin sepetinde","64,5B kişi favoriledi","Son 24 saatte 1,9B kişi görüntüledi",,,0,,,,4 saat 27 dakika içinde sipariş verirsen en geç bugün kargoda!,En Çok Satan 10. Ürün,,{},0,,refreshed,"[""daily_top""]",true,2026-08-21T12:30:04+03:00,0,"[""search_result_dom"",""product_detail_jsonld"",""product_detail_dom""]","{""title"":""observed"",""brand"":""observed"",""seller_name"":""observed"",""seller_score"":""unavailable"",""price"":""observed"",""original_price"":""unavailable"",""campaigns"":""observed"",""stock_status"":""observed"",""stock_signal"":""observed"",""rating"":""observed"",""rating_count"":""observed"",""review_count"":""unavailable"",""question_count"":""observed"",""delivery_summary"":""observed"",""shipping_cost"":""unavailable"",""properties"":""observed""}",true,
2026-08-21,2026-08-21T12:30:04+03:00,elektronik,BEST_SELLER,elektronik-vitrini,Trendyol Elektronik / En Çok Satan,64,3,64,64,1,elektronik:elektronik-vitrini,64,-5,33.1,11.5,782403199,968,782403199:968,Xiaomi Wifi Pro Sinyal Yaklaştırıcı Güçlendirici N300 (Xiaomi Türkiye Garantili),Xiaomi,Menzil Genişletici,https://www.trendyol.com/xiaomi/wifi-pro-sinyal-yaklastirici-guclendirici-n300-xiaomi-turkiye-garantili-p-782403199?boutiqueId=689770&merchantId=968,Trendyol,,749,,,0,TRY,"[""Kargo Bedava""]",InStock,100 adetten fazla stok sunulmuştur,Son 3 günde 250+ ürün satıldı!,3,250,83.3,4.1,9377,4146,9,2784,"2,2B kişinin sepetinde","76,1B kişi favoriledi",Son 24 saatte 1B kişi görüntüledi,4999,TRY,0,3,1,6,2 saat 26 dakika içinde sipariş verirsen en geç bugün kargoda!,En Çok Satan 1. Ürün,https://cdn.dsmcdn.com/ty1599/prod/QC/20241109/11/115e541d-bf67-310a-9e94-532810d556ac/1_org_zoom.jpg,"{""Access Point Özelliği"":""Yok"",""Port Özelliği"":""Yok"",""Anten Sayısı"":""2"",""Garanti Tipi"":""Resmi Distribütör Garantili"",""Garanti Süresi"":""2 Yıl"",""Kablosuz Standartlar"":""N - Wifi 4"",""Menşei"":""CN"",""Tamir Edilebilirlik"":""Tamir Edilmez."",""Özellik"":""Kablosuz""}",20,5,refreshed,"[""daily_top""]",true,2026-08-21T12:30:04+03:00,0,"[""search_result_dom"",""product_detail_jsonld"",""product_detail_dom""]","{""title"":""observed"",""brand"":""observed"",""seller_name"":""observed"",""seller_score"":""unavailable"",""price"":""observed"",""original_price"":""unavailable"",""campaigns"":""observed"",""stock_status"":""observed"",""stock_signal"":""observed"",""rating"":""observed"",""rating_count"":""observed"",""review_count"":""observed"",""question_count"":""observed"",""delivery_summary"":""observed"",""shipping_cost"":""observed"",""properties"":""observed""}",true,
2026-08-21,2026-08-21T12:30:04+03:00,elektronik,BEST_SELLER,elektronik-vitrini,Trendyol Elektronik / En Çok Satan,65,3,65,65,3,elektronik:elektronik-vitrini,65,3,36.2,10.4,864906451,820695,864906451:820695,"wimi Ipl Buz Lazer Epilasyon Aleti Tüy Alma Cihazı, 12 Kademeli, 999.900 Atım Otomatik Ve Manuel",wimi,IPL Lazer Epilasyon Aleti,https://www.trendyol.com/wimi/ipl-buz-lazer-epilasyon-aleti-tuy-alma-cihazi-12-kademeli-999-900-atim-otomatik-ve-manuel-p-864906451?boutiqueId=61&merchantId=820695,Vimi,93,1948,,,0,TRY,"[""30 TL Kupon"",""Kargo Bedava"",""Süper Fırsat Ürünü"",""Peşin Fiyatına 3 Taksit"",""Trendyol Plus'a Özel""]",InStock,100 adetten fazla stok sunulmuştur,Son 3 günde 250+ ürün satıldı!,3,250,83.3,4.4,12519,10154,28,2924,"6,4B kişinin sepetinde","165,6B kişi favoriledi","Son 24 saatte 3,5B kişi görüntüledi",4999,TRY,0,,1,4,1 saat 26 dakika içinde sipariş verirsen en geç bugün kargoda!,En Çok Satan 3. Ürün,https://cdn.dsmcdn.com/ty1787/prod/QC_ENRICHMENT/20251111/17/4738a1ab-9d92-3aa1-a447-9dbc960a2845/1_org_zoom.jpg,"{""Renk"":""Beyaz"",""Tip"":""Kablolu"",""Atım Sayısı"":""900.000 - 1.000.000"",""Garanti Tipi"":""Resmi Distribütör Garantili"",""Uygulama Alanı"":""Vücut"",""Otomatik Kapanma"":""Var"",""Garanti Süresi"":""2 Yıl"",""Cilt Tonu Sensörü"":""Yok"",""Kademe Ayarı"":""Var"",""Uygulama Üzerinden Kontrol"":""Yok"",""Frekans"":""50 Hz / 60 Hz"",""Voltaj"":""220 - 240 V"",""Menşei"":""CN"",""Tamir Edilebilirlik"":""Tamir Edilebilir, Satıcı ile İletişime Geçiniz.""}",20,5,refreshed,"[""daily_top""]",true,2026-08-21T12:30:04+03:00,0,"[""search_result_dom"",""product_detail_jsonld"",""product_detail_dom""]","{""title"":""observed"",""brand"":""observed"",""seller_name"":""observed"",""seller_score"":""observed"",""price"":""observed"",""original_price"":""unavailable"",""campaigns"":""observed"",""stock_status"":""observed"",""stock_signal"":""observed"",""rating"":""observed"",""rating_count"":""observed"",""review_count"":""observed"",""question_count"":""observed"",""delivery_summary"":""observed"",""shipping_cost"":""observed"",""properties"":""observed""}",true,
2026-08-21,2026-08-21T12:30:04+03:00,elektronik,BEST_SELLER,elektronik-vitrini,Trendyol Elektronik / En Çok Satan,66,3,66,66,,elektronik:elektronik-vitrini,66,-3,36.4,10.4,116102860,1027948,116102860:1027948,multibox Iphone Tüm Serilerle Uyumlu Hızlı Şarj Aleti Adaptör Kablo Plus 6 7 8 X 11 12 13 14 Pro Max,multibox,Şarj Aleti,https://www.trendyol.com/multibox/iphone-tum-serilerle-uyumlu-hizli-sarj-aleti-adaptor-kablo-plus-6-7-8-x-11-12-13-14-pro-max-p-116102860?boutiqueId=61&merchantId=1027948,FORUM PARK,88,399.9,,,0,TRY,"[""Kargo Bedava""]",InStock,100 adetten fazla stok sunulmuştur,Son 3 günde 250+ ürün satıldı!,3,250,83.3,4.6,14624,10568,7,2825,"1,4B kişinin sepetinde","94,4B kişi favoriledi",Son 24 saatte 652 kişi görüntüledi,4999,TRY,0,1,1,4,Tahmini Teslim:,,https://cdn.dsmcdn.com/ty1373/product/media/images/prod/QC/20240608/10/b71d30ab-c6ac-3bd5-b9cc-0d8e28f4a162/1_org_zoom.jpg,"{""Garanti Tipi"":""İthalatçı Garantili"",""Renk"":""Beyaz"",""Garanti Süresi"":""2 Yıl"",""Bağlantı Tipi"":""Micro USB"",""Menşei"":""CN""}",20,5,refreshed,"[""daily_top""]",true,2026-08-21T12:30:04+03:00,0,"[""search_result_dom"",""product_detail_jsonld"",""product_detail_dom""]","{""title"":""observed"",""brand"":""observed"",""seller_name"":""observed"",""seller_score"":""observed"",""price"":""observed"",""original_price"":""unavailable"",""campaigns"":""observed"",""stock_status"":""observed"",""stock_signal"":""observed"",""rating"":""observed"",""rating_count"":""observed"",""review_count"":""observed"",""question_count"":""observed"",""delivery_summary"":""observed"",""shipping_cost"":""observed"",""properties"":""observed""}",true,
2026-08-21,2026-08-21T12:30:04+03:00,elektronik,BEST_SELLER,elektronik-vitrini,Trendyol Elektronik / En Çok Satan,67,3,67,67,1,elektronik:elektronik-vitrini,67,-3,24.5,20.1,776108661,825484,776108661:825484,ledison Ayarlanabilir Split Tipi Klima Hava Yönlendirici Klima Siperliği Klima Çarpması için Aparat,ledison,Hava Perdesi,https://www.trendyol.com/ledison/ayarlanabilir-split-tipi-klima-hava-yonlendirici-klima-siperligi-klima-carpmasi-icin-aparat-p-776108661?boutiqueId=61&merchantId=825484,indirimhanem,92,199,,,0.1,TRY,"[""Kargo Bedava"",""Son 10 Günün En Düşük Fiyatı"",""Trendyol Plus'a Özel""]",InStock,100 adetten fazla stok sunulmuştur,Son 3 günde 250+ ürün satıldı!,3,250,83.3,4,598,346,5,75,"1,1B kişinin sepetinde","8,6B kişi favoriledi",Son 24 saatte 707 kişi görüntüledi,4999,TRY,0,1,1,4,11 saat 26 dakika içinde sipariş verirsen en geç yarın kargoda!,En Çok Satan 1. Ürün,https://cdn.dsmcdn.com/ty1422/product/media/images/prod/QC/20240716/10/e7e74d87-06b4-39f3-b15d-80fe8c197020/1_org_zoom.jpg,"{""Boyut"":""90-120 cm"",""Garanti Tipi"":""İthalatçı Garantili"",""Motor Gücü"":""140 W"",""Garanti Süresi"":""Garantisiz"",""Menşei"":""TR"",""Özellik"":""Hava""}",20,5,refreshed,"[""daily_top""]",true,2026-08-21T12:30:04+03:00,0,"[""search_result_dom"",""product_detail_jsonld"",""product_detail_dom""]","{""title"":""observed"",""brand"":""observed"",""seller_name"":""observed"",""seller_score"":""observed"",""price"":""observed"",""original_price"":""unavailable"",""campaigns"":""observed"",""stock_status"":""observed"",""stock_signal"":""observed"",""rating"":""observed"",""rating_count"":""observed"",""review_count"":""observed"",""question_count"":""observed"",""delivery_summary"":""observed"",""shipping_cost"":""observed"",""properties"":""observed""}",true,
2026-08-21,2026-08-21T12:30:04+03:00,elektronik,BEST_SELLER,elektronik-vitrini,Trendyol Elektronik / En Çok Satan,68,3,68,68,34,elektronik:elektronik-vitrini,68,-17,31.9,12.7,905553176,110546,905553176:110546,Fibaks iPhone 18W/20W/25W Patrick Yıldız Şarj Aleti Koruyucu Şarj Kablosu Örme Aparatlı Koruyucu Toparlama,Fibaks,,https://www.trendyol.com/fibaks/iphone-18w-20w-25w-patrick-yildiz-sarj-aleti-koruyucu-sarj-kablosu-orme-aparatli-koruyucu-toparlama-p-905553176?boutiqueId=61&merchantId=110546,Fibaks,,159.9,,,0,TRY,"[""Kargo Bedava""]",InStock,100 adetten fazla stok sunulmuştur,Son 3 günde 250+ ürün satıldı!,3,250,83.3,4.7,2940,,0,655,"2,9B kişinin sepetinde","74,7B kişi favoriledi","Son 24 saatte 2,3B kişi görüntüledi",,,0,,,,4 saat 26 dakika içinde sipariş verirsen en geç bugün kargoda!,En Çok Ziyaret Edilen 1. Ürün,,{},0,,refreshed,"[""daily_top""]",true,2026-08-21T12:30:04+03:00,0,"[""search_result_dom"",""product_detail_jsonld"",""product_detail_dom""]","{""title"":""observed"",""brand"":""observed"",""seller_name"":""observed"",""seller_score"":""unavailable"",""price"":""observed"",""original_price"":""unavailable"",""campaigns"":""observed"",""stock_status"":""observed"",""stock_signal"":""observed"",""rating"":""observed"",""rating_count"":""observed"",""review_count"":""unavailable"",""question_count"":""observed"",""delivery_summary"":""observed"",""shipping_cost"":""unavailable"",""properties"":""observed""}",true,
2026-08-21,2026-08-21T12:30:04+03:00,elektronik,BEST_SELLER,elektronik-vitrini,Trendyol Elektronik / En Çok Satan,69,3,69,69,33,elektronik:elektronik-vitrini,69,-13,19.7,24.9,1178116453,110546,1178116453:110546,"Fibaks iPhone 13/14/15 Kılıf Mavi Deniz Yıldızı Desenli Çizgili Kadifemsi Soft Touch Silikon Telefon Kılıfı | Kamera Korumalı, Darbe Emici Premium Kapak",Fibaks,,https://www.trendyol.com/fibaks/iphone-13-14-15-kilif-mavi-deniz-yildizi-desenli-cizgili-kadifemsi-soft-touch-silikon-telefon-kilifi-kamera-korumali-darbe-emici-premium-kapak-p-1178116453?boutiqueId=61&merchantId=110546,Fibaks,,140.8,,,0,TRY,"[""Kargo Bedava""]",InStock,100 adetten fazla stok sunulmuştur,Son 3 günde 250+ ürün satıldı!,3,250,83.3,4.7,86,,0,8,"2,3B kişinin sepetinde","5,9B kişi favoriledi","Son 24 saatte 2,1B kişi görüntüledi",,,0,,,,4 saat 26 dakika içinde sipariş verirsen en geç bugün kargoda!,,,{},0,,refreshed,"[""daily_top""]",true,2026-08-21T12:30:04+03:00,0,"[""search_result_dom"",""product_detail_jsonld"",""product_detail_dom""]","{""title"":""observed"",""brand"":""observed"",""seller_name"":""observed"",""seller_score"":""unavailable"",""price"":""observed"",""original_price"":""unavailable"",""campaigns"":""observed"",""stock_status"":""observed"",""stock_signal"":""observed"",""rating"":""observed"",""rating_count"":""observed"",""review_count"":""unavailable"",""question_count"":""observed"",""delivery_summary"":""observed"",""shipping_cost"":""unavailable"",""properties"":""observed""}",true,
2026-08-21,2026-08-21T12:30:04+03:00,elektronik,BEST_SELLER,elektronik-vitrini,Trendyol Elektronik / En Çok Satan,70,3,70,70,,elektronik:elektronik-vitrini,70,-28,33.6,11,786208889,638780,786208889:638780,BEYZANA Crystal Eraser Epilasyon Aleti Tüy Silgisi Tüy Alıcı Fiziksel Kristal Epilatör,BEYZANA,Epilatör,https://www.trendyol.com/beyzana/crystal-eraser-epilasyon-aleti-tuy-silgisi-tuy-alici-fiziksel-kristal-epilator-p-786208889?boutiqueId=61&merchantId=638780,BEYZANA,,34.99,,,601.2,TRY,"[""Kargo Bedava"",""Trendyol Plus'a Özel""]",InStock,100 adetten fazla stok sunulmuştur,Son 3 günde 250+ ürün satıldı!,3,250,83.3,3.4,8834,4763,2,1435,"2,2B kişinin sepetinde","87,7B kişi favoriledi","Son 24 saatte 1,6B kişi görüntüledi",4999,TRY,0,1,1,4,11 saat 26 dakika içinde sipariş verirsen en geç yarın kargoda!,,https://cdn.dsmcdn.com/ty1929/prod/QC_ENRICHMENT/20260429/11/596777b5-8401-315c-9ddd-5d58b54a6e71/1_org_zoom.jpg,"{""Frekans"":""50 Hz / 60 Hz"",""Garanti Tipi"":""İthalatçı Garantili"",""Kullanım"":""Islak ve Kuru"",""Tip"":""Kablosuz"",""Garanti Süresi"":""2 Yıl"",""Voltaj"":""Belirtilmemiş"",""Menşei"":""CN""}",20,5,refreshed,"[""daily_top""]",true,2026-08-21T12:30:04+03:00,0,"[""search_result_dom"",""product_detail_jsonld"",""product_detail_dom""]","{""title"":""observed"",""brand"":""observed"",""seller_name"":""observed"",""seller_score"":""unavailable"",""price"":""observed"",""original_price"":""unavailable"",""campaigns"":""observed"",""stock_status"":""observed"",""stock_signal"":""observed"",""rating"":""observed"",""rating_count"":""observed"",""review_count"":""observed"",""question_count"":""observed"",""delivery_summary"":""observed"",""shipping_cost"":""observed"",""properties"":""observed""}",true,
2026-08-21,2026-08-21T12:30:04+03:00,elektronik,BEST_SELLER,elektronik-vitrini,Trendyol Elektronik / En Çok Satan,71,3,71,71,3,elektronik:elektronik-vitrini,71,-1,37.1,12.4,841131470,266456,841131470:266456,Go Aksesuar Iphone Type-c To Lightining 20w 2 Metre Hızlı Şarj Kablo 11-12-12pro-13-13promax-14-14pro-14 Promax,Go Aksesuar,,https://www.trendyol.com/go-aksesuar/iphone-type-c-to-lightining-20w-2-metre-hizli-sarj-kablo-11-12-12pro-13-13promax-14-14pro-14-promax-p-841131470?boutiqueId=61&merchantId=266456,GO AKSESUAR,97,142.49,149.99,5,0,TRY,"[""Sepette %5 İndirim"",""Kargo Bedava""]",InStock,100 adetten fazla stok sunulmuştur,Son 3 günde 250+ ürün satıldı!,3,250,83.3,4.4,3133,,0,325,"1,3B kişinin sepetinde","21,8B kişi favoriledi",Son 24 saatte 571 kişi görüntüledi,,,0,,,,1 saat 26 dakika içinde sipariş verirsen en geç bugün kargoda!,,,{},0,,refreshed,"[""daily_top""]",true,2026-08-21T12:30:04+03:00,0,"[""search_result_dom"",""product_detail_jsonld"",""product_detail_dom""]","{""title"":""observed"",""brand"":""observed"",""seller_name"":""observed"",""seller_score"":""observed"",""price"":""observed"",""original_price"":""observed"",""campaigns"":""observed"",""stock_status"":""observed"",""stock_signal"":""observed"",""rating"":""observed"",""rating_count"":""observed"",""review_count"":""unavailable"",""question_count"":""observed"",""delivery_summary"":""observed"",""shipping_cost"":""unavailable"",""properties"":""observed""}",true,
2026-08-21,2026-08-21T12:30:04+03:00,elektronik,BEST_SELLER,elektronik-vitrini,Trendyol Elektronik / En Çok Satan,72,3,72,72,27,elektronik:elektronik-vitrini,72,-11,28.2,16.3,988665946,110546,988665946:110546,Fibaks iPhone 17 Pro Max Magsafe Kılıf Wireless Kablosuz Şarj Destekli Kamera Korumalı Şeffaf Darbe Emici,Fibaks,,https://www.trendyol.com/fibaks/iphone-17-pro-max-magsafe-kilif-wireless-kablosuz-sarj-destekli-kamera-korumali-seffaf-darbe-emici-p-988665946?boutiqueId=61&merchantId=110546,Fibaks,,142,,,0,TRY,"[""Kargo Bedava""]",InStock,100 adetten fazla stok sunulmuştur,Son 3 günde 250+ ürün satıldı!,3,250,83.3,4.4,1023,,0,103,"1,8B kişinin sepetinde","19,4B kişi favoriledi","Son 24 saatte 1,5B kişi görüntüledi",,,0,,,,4 saat 26 dakika içinde sipariş verirsen en geç bugün kargoda!,,,{},0,,refreshed,"[""daily_top""]",true,2026-08-21T12:30:04+03:00,0,"[""search_result_dom"",""product_detail_jsonld"",""product_detail_dom""]","{""title"":""observed"",""brand"":""observed"",""seller_name"":""observed"",""seller_score"":""unavailable"",""price"":""observed"",""original_price"":""unavailable"",""campaigns"":""observed"",""stock_status"":""observed"",""stock_signal"":""observed"",""rating"":""observed"",""rating_count"":""observed"",""review_count"":""unavailable"",""question_count"":""observed"",""delivery_summary"":""observed"",""shipping_cost"":""unavailable"",""properties"":""observed""}",true,
2026-08-21,2026-08-21T12:30:04+03:00,elektronik,BEST_SELLER,elektronik-vitrini,Trendyol Elektronik / En Çok Satan,73,4,73,73,3,elektronik:elektronik-vitrini,73,26,33.9,10.7,315784018,107493,315784018:107493,Sinbo SCM-9039 Elektrikli Türk Kahve Makinesi 5 Fincan 500 ml Paslanmaz Çelik Cezve,Sinbo,,https://www.trendyol.com/sinbo/scm-9039-elektrikli-turk-kahve-makinesi-5-fincan-500-ml-paslanmaz-celik-cezve-p-315784018?boutiqueId=61&merchantId=107493,Kuzey Pazarlama,94,619,,,5.3,TRY,"[""Kargo Bedava""]",InStock,100 adetten fazla stok sunulmuştur,Son 3 günde 250+ ürün satıldı!,3,250,83.3,4.5,5227,,0,718,"1,4B kişinin sepetinde","75,6B kişi favoriledi",Son 24 saatte 1B kişi görüntüledi,,,0,,,,2 saat 26 dakika içinde sipariş verirsen en geç bugün kargoda!,En Çok Satan 3. Ürün,,{},0,,refreshed,"[""daily_top""]",true,2026-08-21T12:30:04+03:00,0,"[""search_result_dom"",""product_detail_jsonld"",""product_detail_dom""]","{""title"":""observed"",""brand"":""observed"",""seller_name"":""observed"",""seller_score"":""observed"",""price"":""observed"",""original_price"":""unavailable"",""campaigns"":""observed"",""stock_status"":""observed"",""stock_signal"":""observed"",""rating"":""observed"",""rating_count"":""observed"",""review_count"":""unavailable"",""question_count"":""observed"",""delivery_summary"":""observed"",""shipping_cost"":""unavailable"",""properties"":""observed""}",true,
2026-08-21,2026-08-21T12:30:04+03:00,elektronik,BEST_SELLER,elektronik-vitrini,Trendyol Elektronik / En Çok Satan,74,4,74,74,4,elektronik:elektronik-vitrini,74,,44.9,20,1146143634,968,1146143634:968,"KUMTEL KTF-355 Beyaz 16 inç Ayaklı Vantilatör 50 W, 5 Pervaneli, 3 Kademeli, 121 cm Yükseklik",KUMTEL,,https://www.trendyol.com/kumtel/ktf-355-beyaz-16-inc-ayakli-vantilator-50-w-5-pervaneli-3-kademeli-121-cm-yukseklik-p-1146143634?boutiqueId=689770&merchantId=968,Trendyol,,599,752.04,20.3,,TRY,"[""Son 10 Günün En Düşük Fiyatı"",""Kargo Bedava"",""Son 10 günün en düşük fiyatı""]",InStock,100 adetten fazla stok sunulmuştur,Son 3 günde 250+ ürün satıldı!,3,250,83.3,3.5,355,,,45,"1,6B kişinin sepetinde","12,3B kişi favoriledi","Son 24 saatte 1,7B kişi görüntüledi",,,0,,,,2 saat 26 dakika içinde sipariş verirsen en geç bugün kargoda!,En Çok Satan 4. Ürün,,{},0,,refreshed,"[""daily_top""]",true,2026-08-21T12:30:04+03:00,0,"[""search_result_dom"",""product_detail_jsonld"",""product_detail_dom""]","{""title"":""observed"",""brand"":""observed"",""seller_name"":""observed"",""seller_score"":""unavailable"",""price"":""observed"",""original_price"":""observed"",""campaigns"":""observed"",""stock_status"":""observed"",""stock_signal"":""observed"",""rating"":""observed"",""rating_count"":""observed"",""review_count"":""unavailable"",""question_count"":""observed"",""delivery_summary"":""observed"",""shipping_cost"":""unavailable"",""properties"":""observed""}",true,
2026-08-21,2026-08-21T12:30:04+03:00,elektronik,BEST_SELLER,elektronik-vitrini,Trendyol Elektronik / En Çok Satan,75,4,75,75,,elektronik:elektronik-vitrini,75,-3,39.3,10.4,672471753,1247286,672471753:1247286,Barbanti Mobile Pro Ios Android Uyumlu Kablosuz Bluetooth Kulaklık Karışık Renk Kılıf Hediyeli,Barbanti Mobile,Kulak İçi Bluetooth Kulaklık,https://www.trendyol.com/barbanti-mobile/pro-ios-android-uyumlu-kablosuz-bluetooth-kulaklik-karisik-renk-kilif-hediyeli-p-672471753?boutiqueId=61&merchantId=1247286,Barbanti,,629.9,,,0,TRY,"[""Kargo Bedava""]",InStock,100 adetten fazla stok sunulmuştur,Son 3 günde 250+ ürün satıldı!,3,250,83.3,3.8,39684,24592,6,107120,"3,8B kişinin sepetinde","278,5B kişi favoriledi","Son 24 saatte 1,3B kişi görüntüledi",4999,TRY,0,1,1,4,11 saat 26 dakika içinde sipariş verirsen en geç yarın kargoda!,,https://cdn.dsmcdn.com/ty1634/prod/QC/20250207/15/4a24967a-bd8c-30d7-9d65-68ed42598ed8/1_org_zoom.jpg,"{""Aktif Gürültü Önleme (ANC)"":""Var"",""Dokunmatik Kontrol"":""Var"",""Garanti Tipi"":""İthalatçı Garantili"",""Renk"":""Beyaz"",""Suya/Tere Dayanıklılık"":""Var"",""Mikrofon"":""Var"",""Bluetooth Versiyon"":""5.0"",""Garanti Süresi"":""2 Yıl"",""Çift Telefon Desteği"":""Var"",""Menşei"":""CN"",""Özellik"":""Kablosuz""}",20,5,refreshed,"[""daily_top""]",true,2026-08-21T12:30:04+03:00,0,"[""search_result_dom"",""product_detail_jsonld"",""product_detail_dom""]","{""title"":""observed"",""brand"":""observed"",""seller_name"":""observed"",""seller_score"":""unavailable"",""price"":""observed"",""original_price"":""unavailable"",""campaigns"":""observed"",""stock_status"":""observed"",""stock_signal"":""observed"",""rating"":""observed"",""rating_count"":""observed"",""review_count"":""observed"",""question_count"":""observed"",""delivery_summary"":""observed"",""shipping_cost"":""observed"",""properties"":""observed""}",true,
2026-08-21,2026-08-21T12:30:04+03:00,elektronik,BEST_SELLER,elektronik-vitrini,Trendyol Elektronik / En Çok Satan,76,4,76,76,4,elektronik:elektronik-vitrini,76,1,34.5,10.4,874809826,968,874809826:968,Xiaomi Redmi Buds 6 Play Pembe Kulakiçi Kulaklık- Gürültü Engelleme BT 5.4 TWS (Xiaomi TR Garantili),Xiaomi,,https://www.trendyol.com/xiaomi/redmi-buds-6-play-pembe-kulakici-kulaklik-gurultu-engelleme-bt-5-4-tws-xiaomi-tr-garantili-p-874809826?boutiqueId=689770&merchantId=968,Trendyol,,829,,,0,TRY,"[""Kargo Bedava""]",InStock,100 adetten fazla stok sunulmuştur,Son 3 günde 250+ ürün satıldı!,3,250,83.3,4.4,6160,,0,1805,"3,2B kişinin sepetinde","149,1B kişi favoriledi","Son 24 saatte 2,3B kişi görüntüledi",,,0,,,,2 saat 26 dakika içinde sipariş verirsen en geç bugün kargoda!,En Çok Ziyaret Edilen 4. Ürün,,{},0,,refreshed,"[""daily_top""]",true,2026-08-21T12:30:04+03:00,0,"[""search_result_dom"",""product_detail_jsonld"",""product_detail_dom""]","{""title"":""observed"",""brand"":""observed"",""seller_name"":""observed"",""seller_score"":""unavailable"",""price"":""observed"",""original_price"":""unavailable"",""campaigns"":""observed"",""stock_status"":""observed"",""stock_signal"":""observed"",""rating"":""observed"",""rating_count"":""observed"",""review_count"":""unavailable"",""question_count"":""observed"",""delivery_summary"":""observed"",""shipping_cost"":""unavailable"",""properties"":""observed""}",true,
2026-08-21,2026-08-21T12:30:04+03:00,elektronik,BEST_SELLER,elektronik-vitrini,Trendyol Elektronik / En Çok Satan,77,4,77,77,2,elektronik:elektronik-vitrini,77,18,37.7,10.4,5741453,107493,5741453:107493,Sinbo SCM-2951 Elektrikli Kahve Makinesi Cezve,Sinbo,,https://www.trendyol.com/sinbo/scm-2951-elektrikli-kahve-makinesi-cezve-p-5741453?boutiqueId=61&merchantId=107493,Kuzey Pazarlama,94,391,,,0,TRY,"[""Kargo Bedava""]",InStock,100 adetten fazla stok sunulmuştur,Son 3 günde 250+ ürün satıldı!,3,250,83.3,4.3,15479,,0,1162,"2,3B kişinin sepetinde","178,7B kişi favoriledi","Son 24 saatte 1,7B kişi görüntüledi",,,0,,,,2 saat 26 dakika içinde sipariş verirsen en geç bugün kargoda!,En Çok Satan 2. Ürün,,{},0,,refreshed,"[""daily_top""]",true,2026-08-21T12:30:04+03:00,0,"[""search_result_dom"",""product_detail_jsonld"",""product_detail_dom""]","{""title"":""observed"",""brand"":""observed"",""seller_name"":""observed"",""seller_score"":""observed"",""price"":""observed"",""original_price"":""unavailable"",""campaigns"":""observed"",""stock_status"":""observed"",""stock_signal"":""observed"",""rating"":""observed"",""rating_count"":""observed"",""review_count"":""unavailable"",""question_count"":""observed"",""delivery_summary"":""observed"",""shipping_cost"":""unavailable"",""properties"":""observed""}",true,
2026-08-21,2026-08-21T12:30:04+03:00,elektronik,BEST_SELLER,elektronik-vitrini,Trendyol Elektronik / En Çok Satan,78,4,78,78,6,elektronik:elektronik-vitrini,78,15,34.4,10.4,874809775,624588,874809775:624588,Xiaomi Redmi Buds 6 Play Mavi Kulakiçi Kulaklık- Gürültü Engelleme BT 5.4 TWS (Xiaomi TR Garantili),Xiaomi,,https://www.trendyol.com/xiaomi/redmi-buds-6-play-mavi-kulakici-kulaklik-gurultu-engelleme-bt-5-4-tws-xiaomi-tr-garantili-p-874809775?boutiqueId=61&merchantId=624588,VATAN BİLGİSAYAR,89,749,,,0,TRY,"[""Kargo Bedava"",""Son 10 Günün En Düşük Fiyatı""]",InStock,100 adetten fazla stok sunulmuştur,Son 3 günde 250+ ürün satıldı!,3,250,83.3,4.4,6040,,0,1506,"2,1B kişinin sepetinde","84,2B kişi favoriledi","Son 24 saatte 1,6B kişi görüntüledi",,,0,,,,Tahmini Teslim:,En Çok Satan 6. Ürün,,{},0,,refreshed,"[""daily_top""]",true,2026-08-21T12:30:04+03:00,0,"[""search_result_dom"",""product_detail_jsonld"",""product_detail_dom""]","{""title"":""observed"",""brand"":""observed"",""seller_name"":""observed"",""seller_score"":""observed"",""price"":""observed"",""original_price"":""unavailable"",""campaigns"":""observed"",""stock_status"":""observed"",""stock_signal"":""observed"",""rating"":""observed"",""rating_count"":""observed"",""review_count"":""unavailable"",""question_count"":""observed"",""delivery_summary"":""observed"",""shipping_cost"":""unavailable"",""properties"":""observed""}",true,
2026-08-21,2026-08-21T12:30:04+03:00,elektronik,BEST_SELLER,elektronik-vitrini,Trendyol Elektronik / En Çok Satan,79,4,79,79,1,elektronik:elektronik-vitrini,79,17,42.8,13.8,993833584,227716,993833584:227716,Kiwi Kcc-4317 Koltuk ve Halı Yıkama Makinesi,Kiwi,,https://www.trendyol.com/kiwi/kcc-4317-koltuk-ve-hali-yikama-makinesi-p-993833584?boutiqueId=61&merchantId=227716,Evidea,88,2899,3299,12.1,0,TRY,"[""Kargo Bedava"",""Peşin Fiyatına 3 Taksit""]",InStock,100 adetten fazla stok sunulmuştur,Son 3 günde 250+ ürün satıldı!,3,250,83.3,4.5,2100,,0,422,"3,4B kişinin sepetinde","102,8B kişi favoriledi","Son 24 saatte 3,3B kişi görüntüledi",,,0,,,,11 saat 26 dakika içinde sipariş verirsen en geç yarın kargoda!,En Çok Satan 1. Ürün,,{},0,,refreshed,"[""daily_top""]",true,2026-08-21T12:30:04+03:00,0,"[""search_result_dom"",""product_detail_jsonld"",""product_detail_dom""]","{""title"":""observed"",""brand"":""observed"",""seller_name"":""observed"",""seller_score"":""observed"",""price"":""observed"",""original_price"":""observed"",""campaigns"":""observed"",""stock_status"":""observed"",""stock_signal"":""observed"",""rating"":""observed"",""rating_count"":""observed"",""review_count"":""unavailable"",""question_count"":""observed"",""delivery_summary"":""observed"",""shipping_cost"":""unavailable"",""properties"":""observed""}",true,
2026-08-21,2026-08-21T12:30:04+03:00,elektronik,BEST_SELLER,elektronik-vitrini,Trendyol Elektronik / En Çok Satan,80,4,80,80,,elektronik:elektronik-vitrini,80,-4,34.5,10.4,34267212,1026548,34267212:1026548,Powertec TR-758 Profesyonel Sakal Ense Tıraş Makinesi (0.1mm - Sıfıra En Yakın),Powertec,Tıraş Makinesi,https://www.trendyol.com/powertec/tr-758-profesyonel-sakal-ense-tiras-makinesi-0-1mm-sifira-en-yakin-p-34267212?boutiqueId=61&merchantId=1026548,Powertec Türkiye,96,1699,,,0,TRY,"[""100 TL Kupon"",""Kargo Bedava"",""Peşin Fiyatına 3 Taksit""]",InStock,100 adetten fazla stok sunulmuştur,Son 3 günde 250+ ürün satıldı!,3,250,83.3,4.6,11824,6121,4,3029,"2,3B kişinin sepetinde","86,1B kişi favoriledi","Son 24 saatte 1,4B kişi görüntüledi",4999,TRY,0,,1,4,4 saat 26 dakika içinde sipariş verirsen en geç bugün kargoda!,,https://cdn.dsmcdn.com/ty1000422/product/media/images/prod/PIM/20260727/06/1a1667c0-ad30-4a73-ad18-ab4b1a6a3c59/1_org_zoom.jpg,"{""Tip"":""Şarjlı"",""Tıraş Bölgesi"":""Saç-Sakal"",""Renk"":""Gri"",""Garanti Tipi"":""Resmi Distribütör Garantili"",""Kullanım"":""Kuru"",""Otomatik Kapanma"":""Yok"",""Şarjlı Kullanım Süresi"":""3 Saat ve Altı"",""Garanti Süresi"":""2 Yıl"",""Başlık Sayısı"":""3 - 5"",""Burun ve Kulak Temizleme Başlığı"":""Yok"",""Frekans"":""50 Hz / 60 Hz"",""Voltaj"":""Belirtilmemiş"",""Menşei"":""TR"",""Tamir Edilebilirlik"":""Yetkili Servis ile Tamiri Gerekir."",""Özellik"":""Şarjlı""}",20,5,refreshed,"[""daily_top""]",true,2026-08-21T12:30:04+03:00,0,"[""search_result_dom"",""product_detail_jsonld"",""product_detail_dom""]","{""title"":""observed"",""brand"":""observed"",""seller_name"":""observed"",""seller_score"":""observed"",""price"":""observed"",""original_price"":""unavailable"",""campaigns"":""observed"",""stock_status"":""observed"",""stock_signal"":""observed"",""rating"":""observed"",""rating_count"":""observed"",""review_count"":""observed"",""question_count"":""observed"",""delivery_summary"":""observed"",""shipping_cost"":""observed"",""properties"":""observed""}",true,
2026-08-21,2026-08-21T12:30:04+03:00,elektronik,BEST_SELLER,elektronik-vitrini,Trendyol Elektronik / En Çok Satan,81,4,81,81,1,elektronik:elektronik-vitrini,81,5,30.2,14.4,852931571,968,852931571:968,Xiaomi Smart Camera C301 2304p WiFi Akıllı Ev Kamerası - Gece Görüş ve Takip 360 2K (Xiaomi TR Garantili),Xiaomi,Akıllı Kamera,https://www.trendyol.com/xiaomi/smart-camera-c301-2304p-wifi-akilli-ev-kamerasi-gece-gorus-ve-takip-360-2k-xiaomi-tr-garantili-p-852931571?boutiqueId=689770&merchantId=968,Trendyol,,1599,,,0,TRY,"[""Kargo Bedava"",""Peşin Fiyatına 3 Taksit""]",InStock,100 adetten fazla stok sunulmuştur,Son 3 günde 250+ ürün satıldı!,3,250,83.3,4.7,3918,1791,2,2641,"2,3B kişinin sepetinde","108,4B kişi favoriledi","Son 24 saatte 1,4B kişi görüntüledi",4999,TRY,0,1,1,4,2 saat 26 dakika içinde sipariş verirsen en geç bugün kargoda!,En Çok Satan 1. Ürün,https://cdn.dsmcdn.com/ty1662/prod/QC/20250414/13/6861f777-7176-3242-8532-deb1568c8797/1_org_zoom.jpg,"{""Garanti Süresi"":""2 Yıl"",""Renk"":""Beyaz"",""Garanti Tipi"":""Resmi Distribütör Garantili"",""Bağlantı Türü"":""Kablolu"",""Gece Görüşü"":""yok"",""Kamera Çözünürlük"":""2K"",""Görüş Açısı"":""Hareketli"",""Güç Kaynağı"":""AC Adaptör"",""Kullanım Yeri"":""İç Mekan"",""Ses Çıkışı"":""Yok"",""Hareket Algılama"":""Yok"",""Menşei"":""CN"",""Tamir Edilebilirlik"":""Tamir Edilmez.""}",20,5,refreshed,"[""daily_top""]",true,2026-08-21T12:30:04+03:00,0,"[""search_result_dom"",""product_detail_jsonld"",""product_detail_dom""]","{""title"":""observed"",""brand"":""observed"",""seller_name"":""observed"",""seller_score"":""unavailable"",""price"":""observed"",""original_price"":""unavailable"",""campaigns"":""observed"",""stock_status"":""observed"",""stock_signal"":""observed"",""rating"":""observed"",""rating_count"":""observed"",""review_count"":""observed"",""question_count"":""observed"",""delivery_summary"":""observed"",""shipping_cost"":""observed"",""properties"":""observed""}",true,
2026-08-21,2026-08-21T12:30:04+03:00,elektronik,BEST_SELLER,elektronik-vitrini,Trendyol Elektronik / En Çok Satan,82,4,82,82,1,elektronik:elektronik-vitrini,82,-3,33,15.9,345141997,110229,345141997:110229,Schafer Thermochef XL Airfryer/Sıcak Hava Fritözü-Siyah,Schafer,Fritöz,https://www.trendyol.com/schafer/thermochef-xl-airfryer-sicak-hava-fritozu-siyah-p-345141997?boutiqueId=61&merchantId=110229,Schafer,,2199,2299,4.3,-2.2,TRY,"[""Kargo Bedava"",""Peşin Fiyatına 3 Taksit""]",InStock,100 adetten fazla stok sunulmuştur,Son 3 günde 250+ ürün satıldı!,3,250,83.3,4.4,3019,1163,5,591,"3,1B kişinin sepetinde","90,4B kişi favoriledi","Son 24 saatte 2,9B kişi görüntüledi",4999,TRY,0,1,1,4,Tahmini Teslim:,En Çok Satan 1. Ürün,https://cdn.dsmcdn.com/ty1727/prod/QC_ENRICHMENT/20250814/09/470b76b9-856f-387d-8a55-be8b5b8374e4/1_org_zoom.jpg,"{""Frekans"":""50 Hz / 60 Hz"",""Materyal"":""Plastik"",""Garanti Tipi"":""İthalatçı Garantili"",""Renk"":""Siyah"",""Garanti Süresi"":""2 Yıl"",""Sıcaklık Kontrolü"":""Var"",""Pişirme Kapasitesi"":""2-5 L"",""Zamanlayıcı"":""Var"",""Özellik"":""Hava"",""Uygulama Üzerinden Kontrol"":""Yok"",""Tema / Stil"":""Modern"",""Voltaj"":""220 - 240 V"",""Menşei"":""TR"",""Tamir Edilebilirlik"":""Yetkili Servis ile Tamiri Gerekir."",""Bakım Talimatları (Gıda Temas)"":""Elde yıkanmalıdır."",""Gıda Temas Sembolü"":""Evet""}",20,5,refreshed,"[""daily_top""]",true,2026-08-21T12:30:04+03:00,0,"[""search_result_dom"",""product_detail_jsonld"",""product_detail_dom""]","{""title"":""observed"",""brand"":""observed"",""seller_name"":""observed"",""seller_score"":""unavailable"",""price"":""observed"",""original_price"":""observed"",""campaigns"":""observed"",""stock_status"":""observed"",""stock_signal"":""observed"",""rating"":""observed"",""rating_count"":""observed"",""review_count"":""observed"",""question_count"":""observed"",""delivery_summary"":""observed"",""shipping_cost"":""observed"",""properties"":""observed""}",true,
2026-08-21,2026-08-21T12:30:04+03:00,elektronik,BEST_SELLER,elektronik-vitrini,Trendyol Elektronik / En Çok Satan,83,4,83,83,2,elektronik:elektronik-vitrini,83,1,35,19.6,89542039,1096859,89542039:1096859,Genel Markalar Pubg Parmaklık Eldiveni 1 Çift 2 Adet Ve Oyun Konsolu,Genel Markalar,Mobil Oyun Aksesuarı,https://www.trendyol.com/genel-markalar/pubg-parmaklik-eldiveni-1-cift-2-adet-ve-oyun-konsolu-p-89542039?boutiqueId=61&merchantId=1096859,ARTEBA Global,89,12.5,13.89,10,-10,TRY,"[""Sepette %10 İndirim"",""Kargo Bedava""]",InStock,100 adetten fazla stok sunulmuştur,Son 3 günde 250+ ürün satıldı!,3,250,83.3,3.6,847,398,2,344,931 kişinin sepetinde,"11,8B kişi favoriledi",Son 24 saatte 378 kişi görüntüledi,4999,TRY,0,1,1,4,Tahmini Teslim:,En Çok Satan 2. Ürün,https://cdn.dsmcdn.com/ty379/product/media/images/20220402/16/81045352/149704934/1/1_org_zoom.jpg,"{""Bluetooth"":""Yok"",""Garanti Tipi"":""İthalatçı Garantili"",""Renk"":""Siyah"",""Garanti Süresi"":""Garantisiz"",""Ürün Türü"":""Parmak Eldiveni"",""Bağlantı"":""Bluetooth"",""Menşei"":""CN"",""Özellik"":""Uzun""}",20,5,refreshed,"[""daily_top""]",true,2026-08-21T12:30:04+03:00,0,"[""search_result_dom"",""product_detail_jsonld"",""product_detail_dom""]","{""title"":""observed"",""brand"":""observed"",""seller_name"":""observed"",""seller_score"":""observed"",""price"":""observed"",""original_price"":""observed"",""campaigns"":""observed"",""stock_status"":""observed"",""stock_signal"":""observed"",""rating"":""observed"",""rating_count"":""observed"",""review_count"":""observed"",""question_count"":""observed"",""delivery_summary"":""observed"",""shipping_cost"":""observed"",""properties"":""observed""}",true,
2026-08-21,2026-08-21T12:30:04+03:00,elektronik,BEST_SELLER,elektronik-vitrini,Trendyol Elektronik / En Çok Satan,84,4,84,84,2,elektronik:elektronik-vitrini,84,-11,30.5,19,1089458091,106994,1089458091:106994,Torima Mini Dijital Kamera 2K Flip Ekranlı Selfie Video Vlog Kamerası CMR46 Pembe,Torima,,https://www.trendyol.com/torima/mini-dijital-kamera-2k-flip-ekranli-selfie-video-vlog-kamerasi-cmr46-pembe-p-1089458091?boutiqueId=61&merchantId=106994,Torima,,1162.1,1223.26,5,0,TRY,"[""Kargo Bedava"",""Peşin Fiyatına 3 Taksit""]",InStock,100 adetten fazla stok sunulmuştur,Son 3 günde 250+ ürün satıldı!,3,250,83.3,4.3,470,,0,504,"2,7B kişinin sepetinde",81B kişi favoriledi,"Son 24 saatte 3,2B kişi görüntüledi",,,0,,,,2 saat 26 dakika içinde sipariş verirsen en geç bugün kargoda!,En Çok Satan 2. Ürün,,{},0,,refreshed,"[""daily_top""]",true,2026-08-21T12:30:04+03:00,0,"[""search_result_dom"",""product_detail_jsonld"",""product_detail_dom""]","{""title"":""observed"",""brand"":""observed"",""seller_name"":""observed"",""seller_score"":""unavailable"",""price"":""observed"",""original_price"":""observed"",""campaigns"":""observed"",""stock_status"":""observed"",""stock_signal"":""observed"",""rating"":""observed"",""rating_count"":""observed"",""review_count"":""unavailable"",""question_count"":""observed"",""delivery_summary"":""observed"",""shipping_cost"":""unavailable"",""properties"":""observed""}",true,
2026-08-21,2026-08-21T12:30:04+03:00,elektronik,BEST_SELLER,elektronik-vitrini,Trendyol Elektronik / En Çok Satan,85,4,85,85,46,elektronik:elektronik-vitrini,85,-18,23.6,21,1156599985,110546,1156599985:110546,Fibaks iPhone 13 / 14 / 15 Kılıf Taşlı Parlak Dalga Desenli Kamera Çerçeveli Darbe Emici Korumalı Silikon Gümüş,Fibaks,,https://www.trendyol.com/fibaks/iphone-13-14-15-kilif-tasli-parlak-dalga-desenli-kamera-cerceveli-darbe-emici-korumali-silikon-gumus-p-1156599985?boutiqueId=61&merchantId=110546,Fibaks,,145.87,,,0,TRY,"[""Kargo Bedava""]",InStock,100 adetten fazla stok sunulmuştur,Son 3 günde 250+ ürün satıldı!,3,250,83.3,4.4,264,,0,37,3B kişinin sepetinde,"10,7B kişi favoriledi","Son 24 saatte 1,7B kişi görüntüledi",,,0,,,,4 saat 26 dakika içinde sipariş verirsen en geç bugün kargoda!,,,{},0,,refreshed,"[""daily_top""]",true,2026-08-21T12:30:04+03:00,0,"[""search_result_dom"",""product_detail_jsonld"",""product_detail_dom""]","{""title"":""observed"",""brand"":""observed"",""seller_name"":""observed"",""seller_score"":""unavailable"",""price"":""observed"",""original_price"":""unavailable"",""campaigns"":""observed"",""stock_status"":""observed"",""stock_signal"":""observed"",""rating"":""observed"",""rating_count"":""observed"",""review_count"":""unavailable"",""question_count"":""observed"",""delivery_summary"":""observed"",""shipping_cost"":""unavailable"",""properties"":""observed""}",true,
2026-08-21,2026-08-21T12:30:04+03:00,elektronik,BEST_SELLER,elektronik-vitrini,Trendyol Elektronik / En Çok Satan,86,4,86,86,,elektronik:elektronik-vitrini,86,47,28.9,15.7,730130225,105276,730130225:105276,Philips Qp2724/10 Oneblade Yüz Şekillendirici,Philips,Tıraş Makinesi,https://www.trendyol.com/philips/qp2724-10-oneblade-yuz-sekillendirici-p-730130225?boutiqueId=61&merchantId=105276,Ereyon,93,1421.32,,,,TRY,"[""Kargo Bedava"",""Peşin Fiyatına 3 Taksit""]",InStock,100 adetten fazla stok sunulmuştur,Son 3 günde 250+ ürün satıldı!,3,250,83.3,4.5,3204,1230,-1,1242,"1,7B kişinin sepetinde","69,9B kişi favoriledi","Son 24 saatte 2,1B kişi görüntüledi",4999,TRY,0,1,1,4,2 saat 26 dakika içinde sipariş verirsen en geç bugün kargoda!,En Çok Ziyaret Edilen 5. Ürün,https://cdn.dsmcdn.com/ty1000385/product/media/images/prod/PIM/20260407/07/4e8e3a02-24b7-43e7-834f-14451b89310c/1_org_zoom.jpg,"{""Tip"":""Kablosuz"",""Tıraş Bölgesi"":""Saç-Sakal-Burun"",""Renk"":""Sarı"",""Garanti Tipi"":""Resmi Distribütör Garantili"",""Kullanım"":""Kuru"",""Otomatik Kapanma"":""Yok"",""Şarjlı Kullanım Süresi"":""30 - 60 dk"",""Garanti Süresi"":""1 Yıl"",""Başlık Sayısı"":""1 - 3"",""Burun ve Kulak Temizleme Başlığı"":""Yok"",""Frekans"":""50 Hz / 60 Hz"",""Voltaj"":""220 - 240 V"",""Menşei"":""ID"",""Tamir Edilebilirlik"":""Yetkili Servis ile Tamiri Gerekir."",""Özellik"":""Şarjlı""}",20,5,refreshed,"[""daily_top"",""hot_change""]",true,2026-08-21T12:30:04+03:00,0,"[""search_result_dom"",""product_detail_jsonld"",""product_detail_dom""]","{""title"":""observed"",""brand"":""observed"",""seller_name"":""observed"",""seller_score"":""observed"",""price"":""observed"",""original_price"":""unavailable"",""campaigns"":""observed"",""stock_status"":""observed"",""stock_signal"":""observed"",""rating"":""observed"",""rating_count"":""observed"",""review_count"":""observed"",""question_count"":""observed"",""delivery_summary"":""observed"",""shipping_cost"":""observed"",""properties"":""observed""}",true,
2026-08-21,2026-08-21T12:30:04+03:00,elektronik,BEST_SELLER,elektronik-vitrini,Trendyol Elektronik / En Çok Satan,87,4,87,87,1,elektronik:elektronik-vitrini,87,-4,29.8,14.7,930469542,200893,930469542:200893,Roborock S8 Pro Akıllı Robot Süpürge,Roborock,Robot Süpürge,https://www.trendyol.com/roborock/s8-pro-akilli-robot-supurge-p-930469542?boutiqueId=61&merchantId=200893,ALDIMGİTTİ,94,14979,,,0,TRY,"[""Kargo Bedava"",""Peşin Fiyatına 9 Taksit"",""Son 10 Günün En Düşük Fiyatı""]",InStock,50 adetten fazla stok sunulmuştur,Son 3 günde 250+ ürün satıldı!,3,250,83.3,4.3,3347,1623,2,2450,5B kişinin sepetinde,"173,6B kişi favoriledi","Son 24 saatte 4,2B kişi görüntüledi",4999,TRY,0,1,1,4,2 saat 26 dakika içinde sipariş verirsen en geç bugün kargoda!,En Çok Satan 1. Ürün,https://cdn.dsmcdn.com/ty1670/prod/QC/20250425/18/9e643a50-5bb5-3844-a3a8-caac2c066cf7/1_org_zoom.jpg,"{""Garanti Süresi"":""2 Yıl"",""Garanti Tipi"":""Resmi Distribütör Garantili"",""Özellik"":""Robot"",""Ses Seviyesi"":""61 Dba - 70 Dba"",""Haritalandırma"":""Lazer (LIDAR + SLAM)"",""Şarjlı Kullanım Süresi"":""2-3 Saat"",""Çalışma Modu Sayısı"":""3 ve üzeri"",""Yer Silme Özelliği"":""Var"",""Uygulama Üzerinden Kontrol"":""Var"",""Aşılabilir Engel Seviyesi"":""2 cm"",""Hazne Kapasitesi"":""0-250 L"",""Frekans"":""50 Hz / 60 Hz"",""Voltaj"":""220 - 240 V"",""Menşei"":""CN"",""Çöp İstasyonu"":""Yok"",""Tamir Edilebilirlik"":""Yetkili Servis ile Tamiri Gerekir."",""Güç (Watt)"":""0 - 250 Watt""}",20,5,refreshed,"[""daily_top""]",true,2026-08-21T12:30:04+03:00,0,"[""search_result_dom"",""product_detail_jsonld"",""product_detail_dom""]","{""title"":""observed"",""brand"":""observed"",""seller_name"":""observed"",""seller_score"":""observed"",""price"":""observed"",""original_price"":""unavailable"",""campaigns"":""observed"",""stock_status"":""observed"",""stock_signal"":""observed"",""rating"":""observed"",""rating_count"":""observed"",""review_count"":""observed"",""question_count"":""observed"",""delivery_summary"":""observed"",""shipping_cost"":""observed"",""properties"":""observed""}",true,
2026-08-21,2026-08-21T12:30:04+03:00,elektronik,BEST_SELLER,elektronik-vitrini,Trendyol Elektronik / En Çok Satan,88,4,88,88,14,elektronik:elektronik-vitrini,88,0,23.9,20.7,1160118927,335426,1160118927:335426,KVK PRİVACY iPhone 13/14/15 Uyumlu Stitch Desenli Bebe Mavi Kadifemsi Soft Touch Silikon Telefon Kılıfı,KVK PRİVACY,,https://www.trendyol.com/kvk-privacy/iphone-13-14-15-uyumlu-stitch-desenli-bebe-mavi-kadifemsi-soft-touch-silikon-telefon-kilifi-p-1160118927?boutiqueId=61&merchantId=335426,KVK PRİVACY,,144.84,,,0,TRY,"[""Kargo Bedava""]",InStock,100 adetten fazla stok sunulmuştur,Son 3 günde 250+ ürün satıldı!,3,250,83.3,4.6,289,,0,77,"4,7B kişinin sepetinde","31,5B kişi favoriledi","Son 24 saatte 2,2B kişi görüntüledi",,,0,,,,2 saat 26 dakika içinde sipariş verirsen en geç bugün kargoda!,,,{},0,,refreshed,"[""daily_top""]",true,2026-08-21T12:30:04+03:00,0,"[""search_result_dom"",""product_detail_jsonld"",""product_detail_dom""]","{""title"":""observed"",""brand"":""observed"",""seller_name"":""observed"",""seller_score"":""unavailable"",""price"":""observed"",""original_price"":""unavailable"",""campaigns"":""observed"",""stock_status"":""observed"",""stock_signal"":""observed"",""rating"":""observed"",""rating_count"":""observed"",""review_count"":""unavailable"",""question_count"":""observed"",""delivery_summary"":""observed"",""shipping_cost"":""unavailable"",""properties"":""observed""}",true,
2026-08-21,2026-08-21T12:30:04+03:00,elektronik,BEST_SELLER,elektronik-vitrini,Trendyol Elektronik / En Çok Satan,89,4,89,89,1,elektronik:elektronik-vitrini,89,-7,20.4,24.2,781046794,107368,781046794:107368,Dahua 32GB Metal USB Flash Bellek U106,Dahua,USB Bellek,https://www.trendyol.com/dahua/32gb-metal-usb-flash-bellek-u106-p-781046794?boutiqueId=61&merchantId=107368,ATN,96,276.62,,,0,TRY,"[""Kargo Bedava""]",InStock,100 adetten fazla stok sunulmuştur,Son 3 günde 250+ ürün satıldı!,3,250,83.3,4.5,262,105,1,106,578 kişinin sepetinde,"5,8B kişi favoriledi",Son 24 saatte 317 kişi görüntüledi,4999,TRY,0,1,1,4,2 saat 26 dakika içinde sipariş verirsen en geç bugün kargoda!,En Çok Satan 1. Ürün,https://cdn.dsmcdn.com/ty1716/prod/QC_ENRICHMENT/20250731/17/c70952bc-0674-343e-a5c9-e9f1178f88b1/1_org_zoom.jpg,"{""Garanti Tipi"":""Resmi Distribütör Garantili"",""Kapasite"":""32 GB"",""Okuma Hızı"":""50 MB/s ve altı"",""Giriş/Çıkış Portları"":""USB 2.0"",""Yazma Hızı"":""50 MB/s ve altı"",""Renk"":""Gümüş"",""Garanti Süresi"":""2 Yıl"",""Menşei"":""CN"",""Tamir Edilebilirlik"":""Tamir Edilmez.""}",20,5,refreshed,"[""daily_top""]",true,2026-08-21T12:30:04+03:00,0,"[""search_result_dom"",""product_detail_jsonld"",""product_detail_dom""]","{""title"":""observed"",""brand"":""observed"",""seller_name"":""observed"",""seller_score"":""observed"",""price"":""observed"",""original_price"":""unavailable"",""campaigns"":""observed"",""stock_status"":""observed"",""stock_signal"":""observed"",""rating"":""observed"",""rating_count"":""observed"",""review_count"":""observed"",""question_count"":""observed"",""delivery_summary"":""observed"",""shipping_cost"":""observed"",""properties"":""observed""}",true,
2026-08-21,2026-08-21T12:30:04+03:00,elektronik,BEST_SELLER,elektronik-vitrini,Trendyol Elektronik / En Çok Satan,90,4,90,90,4,elektronik:elektronik-vitrini,90,11,33.7,10.9,702008926,624588,702008926:624588,JBL Tune 520bt Multı Connect Wıreless Blue,JBL,,https://www.trendyol.com/jbl/tune-520bt-multi-connect-wireless-blue-p-702008926?boutiqueId=61&merchantId=624588,VATAN BİLGİSAYAR,89,1799,,,0,TRY,"[""Kargo Bedava"",""Peşin Fiyatına 3 Taksit""]",InStock,10 adetten fazla stok sunulmuştur,Son 3 günde 250+ ürün satıldı!,3,250,83.3,4.7,4861,,0,1560,3B kişinin sepetinde,"116,1B kişi favoriledi","Son 24 saatte 2,7B kişi görüntüledi",,,0,,,,Tahmini Teslim:,En Çok Ziyaret Edilen 2. Ürün,,{},0,,refreshed,"[""daily_top""]",true,2026-08-21T12:30:04+03:00,0,"[""search_result_dom"",""product_detail_jsonld"",""product_detail_dom""]","{""title"":""observed"",""brand"":""observed"",""seller_name"":""observed"",""seller_score"":""observed"",""price"":""observed"",""original_price"":""unavailable"",""campaigns"":""observed"",""stock_status"":""observed"",""stock_signal"":""observed"",""rating"":""observed"",""rating_count"":""observed"",""review_count"":""unavailable"",""question_count"":""observed"",""delivery_summary"":""observed"",""shipping_cost"":""unavailable"",""properties"":""observed""}",true,
2026-08-21,2026-08-21T12:30:04+03:00,elektronik,BEST_SELLER,elektronik-vitrini,Trendyol Elektronik / En Çok Satan,91,4,91,91,2,elektronik:elektronik-vitrini,91,0,35.2,10.4,702010835,571780,702010835:571780,JBL T520bt Siyah Wireless Bluetooth Kulak Üstü Kulaklık-jb.t520btblkeu-ty,JBL,,https://www.trendyol.com/jbl/t520bt-siyah-wireless-bluetooth-kulak-ustu-kulaklik-jb-t520btblkeu-ty-p-702010835?boutiqueId=61&merchantId=571780,BHR TEKNOLOJİ,92,1799,,,,TRY,"[""17 TL Kupon"",""Kargo Bedava"",""Peşin Fiyatına 3 Taksit"",""Son 10 Günün En Düşük Fiyatı""]",InStock,10 adetten fazla stok sunulmuştur,Son 3 günde 250+ ürün satıldı!,3,250,83.3,4.6,7501,,0,2539,3B kişinin sepetinde,"131,1B kişi favoriledi","Son 24 saatte 2,2B kişi görüntüledi",,,0,,,,11 saat 26 dakika içinde sipariş verirsen en geç yarın kargoda!,En Çok Satan 2. Ürün,,{},0,,refreshed,"[""daily_top""]",true,2026-08-21T12:30:04+03:00,0,"[""search_result_dom"",""product_detail_jsonld"",""product_detail_dom""]","{""title"":""observed"",""brand"":""observed"",""seller_name"":""observed"",""seller_score"":""observed"",""price"":""observed"",""original_price"":""unavailable"",""campaigns"":""observed"",""stock_status"":""observed"",""stock_signal"":""observed"",""rating"":""observed"",""rating_count"":""observed"",""review_count"":""unavailable"",""question_count"":""observed"",""delivery_summary"":""observed"",""shipping_cost"":""unavailable"",""properties"":""observed""}",true,
2026-08-21,2026-08-21T12:30:04+03:00,elektronik,BEST_SELLER,elektronik-vitrini,Trendyol Elektronik / En Çok Satan,92,4,92,92,,elektronik:elektronik-vitrini,92,23,32,12.5,784819719,966403,784819719:966403,FORCEONE Kuaför Tipi Pro 5500 Turbo Profesyonel Saç Krutma Ve Fön Makinesi,FORCEONE,Saç Kurutma Makinesi,https://www.trendyol.com/forceone/kuafor-tipi-pro-5500-turbo-profesyonel-sac-krutma-ve-fon-makinesi-p-784819719?boutiqueId=61&merchantId=966403,Markam Shop,93,889,,,5.3,TRY,"[""Kargo Bedava"",""Sepette %10 İndirim""]",InStock,100 adetten fazla stok sunulmuştur,Son 3 günde 250+ ürün satıldı!,3,250,83.3,4.5,5506,3039,3,1015,"3,8B kişinin sepetinde",267B kişi favoriledi,"Son 24 saatte 1,4B kişi görüntüledi",4999,TRY,0,1,1,4,Tahmini Teslim:,En Çok Favorilenen 1. Ürün,https://cdn.dsmcdn.com/ty1939/prod/QC_ENRICHMENT/20260629/12/4a9c0939-5352-366a-bdb1-f54d0112a9b7/1_org_zoom.jpg,"{""Voltaj"":""220 - 240 V"",""Tip"":""Profesyonel"",""Garanti Tipi"":""Resmi Distribütör Garantili"",""Renk"":""Siyah"",""Güç"":""2200 W"",""Otomatik Kapanma"":""Yok"",""Hız Ayarı"":""2 Kademeli"",""Isı Ayarı"":""3 Kademeli"",""İyon Özelliği"":""Yok"",""Motor Tipi"":""AC"",""Difüzör"":""Yok"",""Garanti Süresi"":""2 Yıl"",""Frekans"":""50 Hz / 60 Hz"",""Menşei"":""TR"",""Özellik"":""Uzun""}",20,5,refreshed,"[""daily_top""]",true,2026-08-21T12:30:04+03:00,0,"[""search_result_dom"",""product_detail_jsonld"",""product_detail_dom""]","{""title"":""observed"",""brand"":""observed"",""seller_name"":""observed"",""seller_score"":""observed"",""price"":""observed"",""original_price"":""unavailable"",""campaigns"":""observed"",""stock_status"":""observed"",""stock_signal"":""observed"",""rating"":""observed"",""rating_count"":""observed"",""review_count"":""observed"",""question_count"":""observed"",""delivery_summary"":""observed"",""shipping_cost"":""observed"",""properties"":""observed""}",true,
2026-08-21,2026-08-21T12:30:04+03:00,elektronik,BEST_SELLER,elektronik-vitrini,Trendyol Elektronik / En Çok Satan,93,4,93,93,1,elektronik:elektronik-vitrini,93,-13,36.5,10.4,331600182,825484,331600182:825484,resolut Bluetooth Hoparlör Parti Hoparlörü Karaoke Mikrofon Hediyeli Işıklı Ses Bombası Radyo Usb Sd Girişli,resolut,Bluetooth Hoparlör,https://www.trendyol.com/resolut/bluetooth-hoparlor-parti-hoparloru-karaoke-mikrofon-hediyeli-isikli-ses-bombasi-radyo-usb-sd-girisli-p-331600182?boutiqueId=61&merchantId=825484,indirimhanem,92,439,,,0,TRY,"[""Kargo Bedava""]",InStock,100 adetten fazla stok sunulmuştur,Son 3 günde 250+ ürün satıldı!,3,250,83.3,4.3,19446,10917,-5,8635,"3,4B kişinin sepetinde","148,6B kişi favoriledi","Son 24 saatte 1,4B kişi görüntüledi",4999,TRY,0,1,1,4,Tahmini Teslim:,En Çok Satan 1. Ürün,https://cdn.dsmcdn.com/ty1754/prod/QC_ENRICHMENT/20250913/08/57092083-8ae9-3c4f-847e-6377acc5958c/1_org_zoom.jpg,"{""Garanti Tipi"":""Resmi Distribütör Garantili"",""Suya/Tere Dayanıklılık"":""Yok"",""Renk"":""Siyah"",""Çoklu Bağlantı"":""Yok"",""Garanti Süresi"":""2 Yıl"",""Dinleme Süresi"":""3 Saat"",""Menşei"":""TR"",""Özellik"":""Uzun""}",20,5,refreshed,"[""daily_top""]",true,2026-08-21T12:30:04+03:00,0,"[""search_result_dom"",""product_detail_jsonld"",""product_detail_dom""]","{""title"":""observed"",""brand"":""observed"",""seller_name"":""observed"",""seller_score"":""observed"",""price"":""observed"",""original_price"":""unavailable"",""campaigns"":""observed"",""stock_status"":""observed"",""stock_signal"":""observed"",""rating"":""observed"",""rating_count"":""observed"",""review_count"":""observed"",""question_count"":""observed"",""delivery_summary"":""observed"",""shipping_cost"":""observed"",""properties"":""observed""}",true,
2026-08-21,2026-08-21T12:30:04+03:00,elektronik,BEST_SELLER,elektronik-vitrini,Trendyol Elektronik / En Çok Satan,94,4,94,94,1,elektronik:elektronik-vitrini,94,8,29.4,15.2,904298041,588741,904298041:588741,"Apple 11"" iPad Wi-Fi 128GB - Gümüş",Apple,Tablet,https://www.trendyol.com/apple/11-ipad-wi-fi-128gb-gumus-p-904298041?boutiqueId=61&merchantId=588741,EGE TEKNO,91,22499,,,,TRY,"[""Kargo Bedava"",""Peşin Fiyatına 6 Taksit""]",InStock,5 adetten fazla stok sunulmuştur,Son 3 günde 250+ ürün satıldı!,3,250,83.3,4.7,3191,1421,3,2281,"8,1B kişinin sepetinde","195,1B kişi favoriledi","Son 24 saatte 8,1B kişi görüntüledi",4999,TRY,0,1,1,4,11 saat 26 dakika içinde sipariş verirsen en geç yarın kargoda!,En Çok Satan 1. Ürün,https://cdn.dsmcdn.com/ty1645/product/media/images/prod/PIM/20250305/07/6434ca80-2aaa-4a81-9baf-39b478f51e21/1_org_zoom.jpg,"{""Garanti Tipi"":""Apple Türkiye Garantili"",""Bluetooth"":""Var"",""Kamera Çözünürlüğü"":""5 - 10 MP"",""Kapasite"":""128 GB"",""İşletim Sistemi"":""iOS"",""Bellek Kapasitesi"":""4 - 16 GB"",""Renk"":""Gümüş"",""Çözünürlük"":""2360 x 1640"",""Sim Kart Uyumu"":""Yok"",""Bağlantılar"":""USB-C"",""İşlemci Çekirdek Sayısı"":""8"",""İşlemci Tipi"":""Apple"",""Ekran Boyutu"":""11 inç"",""Ram (Sistem Belleği)"":""6 GB"",""Görüntüleme Teknolojisi"":""LCD"",""Garanti Süresi"":""2 Yıl"",""Menşei"":""CN"",""HDMI"":""Yok"",""Hızlı Şarj"":""Var"",""Tamir Edilebilirlik"":""Yetkili Servis ile Tamiri Gerekir."",""Özellik"":""Ultra hafif""}",20,5,refreshed,"[""daily_top""]",true,2026-08-21T12:30:04+03:00,0,"[""search_result_dom"",""product_detail_jsonld"",""product_detail_dom""]","{""title"":""observed"",""brand"":""observed"",""seller_name"":""observed"",""seller_score"":""observed"",""price"":""observed"",""original_price"":""unavailable"",""campaigns"":""observed"",""stock_status"":""observed"",""stock_signal"":""observed"",""rating"":""observed"",""rating_count"":""observed"",""review_count"":""observed"",""question_count"":""observed"",""delivery_summary"":""observed"",""shipping_cost"":""observed"",""properties"":""observed""}",true,
2026-08-21,2026-08-21T12:30:04+03:00,elektronik,BEST_SELLER,elektronik-vitrini,Trendyol Elektronik / En Çok Satan,95,4,95,95,6,elektronik:elektronik-vitrini,95,45,33.4,11.1,685744930,535008,685744930:535008,Ocado Beyaz 1. Nesil Pro A Kalite Uyumlu Tüm Telefonlar Ile Uyumlu Bluetooth 5.0 Kulaklık,Ocado,,https://www.trendyol.com/ocado/beyaz-1-nesil-pro-a-kalite-uyumlu-tum-telefonlar-ile-uyumlu-bluetooth-5-0-kulaklik-p-685744930?boutiqueId=61&merchantId=535008,Ocado,,486.18,,,0,TRY,"[""Sepette %1 İndirim"",""Kargo Bedava"",""Trendyol Plus'a Özel""]",InStock,100 adetten fazla stok sunulmuştur,Son 3 günde 250+ ürün satıldı!,3,250,83.3,4,4565,,0,3471,2B kişinin sepetinde,"59,7B kişi favoriledi","Son 24 saatte 1,2B kişi görüntüledi",,,0,,,,Tahmini Teslim:,,,{},0,,refreshed,"[""daily_top"",""hot_change""]",true,2026-08-21T12:30:04+03:00,0,"[""search_result_dom"",""product_detail_jsonld"",""product_detail_dom""]","{""title"":""observed"",""brand"":""observed"",""seller_name"":""observed"",""seller_score"":""unavailable"",""price"":""observed"",""original_price"":""unavailable"",""campaigns"":""observed"",""stock_status"":""observed"",""stock_signal"":""observed"",""rating"":""observed"",""rating_count"":""observed"",""review_count"":""unavailable"",""question_count"":""observed"",""delivery_summary"":""observed"",""shipping_cost"":""unavailable"",""properties"":""observed""}",true,
2026-08-21,2026-08-21T12:30:04+03:00,elektronik,BEST_SELLER,elektronik-vitrini,Trendyol Elektronik / En Çok Satan,96,4,96,96,5,elektronik:elektronik-vitrini,96,85,11.8,32.8,932102878,858465,932102878:858465,"ARVALE Akıllı Bluetooth Tartı | Vücut Analizli Dijital Baskül – 180 kg, LCD Ekran, Mobil Uyumlu",ARVALE,Tartı,https://www.trendyol.com/arvale/akilli-bluetooth-tarti-vucut-analizli-dijital-baskul-180-kg-lcd-ekran-mobil-uyumlu-p-932102878?boutiqueId=61&merchantId=858465,ARVALE,,196.99,,,0,TRY,"[""Kargo Bedava"",""Trendyol Plus'a Özel""]",InStock,100 adetten fazla stok sunulmuştur,Son 3 günde 250+ ürün satıldı!,3,250,83.3,3.8,13,8,1,6,392 kişinin sepetinde,571 kişi favoriledi,Son 24 saatte 964 kişi görüntüledi,4999,TRY,0,1,1,4,Tahmini Teslim:,En Çok Satan 5. Ürün,https://cdn.dsmcdn.com/ty1934/prod/QC_ENRICHMENT/20260729/12/0cb3a1ab-8234-30b4-8418-daba16c675d7/1_org_zoom.jpg,"{""Materyal"":""Cam"",""Garanti Tipi"":""İthalatçı Garantili"",""Renk"":""Siyah"",""Garanti Süresi"":""Garantisiz"",""Bazal Metabolizma Hızı Ölçümü"":""Var"",""Bluetooth"":""Var"",""Vücut Kitle İndeksi Ölçümü"":""Var"",""Vücut Su Oranı Ölçümü"":""Var"",""LCD Ekran"":""Var"",""Uygulama Üzerinden Kontrol"":""Var"",""Menşei"":""CN"",""Maksimum Ağırlık"":""180 kg""}",8,3.5,refreshed,"[""daily_top"",""hot_change""]",true,2026-08-21T12:30:04+03:00,0,"[""search_result_dom"",""product_detail_jsonld"",""product_detail_dom""]","{""title"":""observed"",""brand"":""observed"",""seller_name"":""observed"",""seller_score"":""unavailable"",""price"":""observed"",""original_price"":""unavailable"",""campaigns"":""observed"",""stock_status"":""observed"",""stock_signal"":""observed"",""rating"":""observed"",""rating_count"":""observed"",""review_count"":""observed"",""question_count"":""observed"",""delivery_summary"":""observed"",""shipping_cost"":""observed"",""properties"":""observed""}",true,
2026-08-21,2026-08-21T12:30:04+03:00,elektronik,BEST_SELLER,elektronik-vitrini,Trendyol Elektronik / En Çok Satan,97,5,97,97,5,elektronik:elektronik-vitrini,97,0,41.9,10.4,119607851,117925,119607851:117925,Teknoloji Gelsin Bluetooth Kulaklık Kablosuz Kulaküstü Işıklı Katlanabilir Mikrofonlu Fm-aux-sd Siyah,Teknoloji Gelsin,,https://www.trendyol.com/teknoloji-gelsin/bluetooth-kulaklik-kablosuz-kulakustu-isikli-katlanabilir-mikrofonlu-fm-aux-sd-siyah-p-119607851?boutiqueId=61&merchantId=117925,Teknoloji Gelsin,,374.3,394,5,0.4,TRY,"[""Kargo Bedava""]",InStock,100 adetten fazla stok sunulmuştur,Son 3 günde 250+ ürün satıldı!,3,250,83.3,4.1,12420,,0,4848,2B kişinin sepetinde,"105,9B kişi favoriledi","Son 24 saatte 1,1B kişi görüntüledi",,,0,,,,2 saat 26 dakika içinde sipariş verirsen en geç bugün kargoda!,,,{},0,,refreshed,"[""daily_top""]",true,2026-08-21T12:30:04+03:00,0,"[""search_result_dom"",""product_detail_jsonld"",""product_detail_dom""]","{""title"":""observed"",""brand"":""observed"",""seller_name"":""observed"",""seller_score"":""unavailable"",""price"":""observed"",""original_price"":""observed"",""campaigns"":""observed"",""stock_status"":""observed"",""stock_signal"":""observed"",""rating"":""observed"",""rating_count"":""observed"",""review_count"":""unavailable"",""question_count"":""observed"",""delivery_summary"":""observed"",""shipping_cost"":""unavailable"",""properties"":""observed""}",true,
2026-08-21,2026-08-21T12:30:04+03:00,elektronik,BEST_SELLER,elektronik-vitrini,Trendyol Elektronik / En Çok Satan,98,5,98,98,47,elektronik:elektronik-vitrini,98,-50,29.4,15.2,1054271600,110546,1054271600:110546,Fibaks iPhone 11 Kılıf Pembe Leopar Desenli İnce Yumuşak Silikon,Fibaks,,https://www.trendyol.com/fibaks/iphone-11-kilif-pembe-leopar-desenli-ince-yumusak-silikon-p-1054271600?boutiqueId=61&merchantId=110546,Fibaks,,119.9,,,5.3,TRY,"[""Kargo Bedava""]",InStock,100 adetten fazla stok sunulmuştur,Son 3 günde 250+ ürün satıldı!,3,250,83.3,4.6,1423,,0,52,"3,3B kişinin sepetinde","38,4B kişi favoriledi","Son 24 saatte 1,2B kişi görüntüledi",,,0,,,,4 saat 26 dakika içinde sipariş verirsen en geç bugün kargoda!,,,{},0,,refreshed,"[""daily_top"",""hot_change""]",true,2026-08-21T12:30:04+03:00,0,"[""search_result_dom"",""product_detail_jsonld"",""product_detail_dom""]","{""title"":""observed"",""brand"":""observed"",""seller_name"":""observed"",""seller_score"":""unavailable"",""price"":""observed"",""original_price"":""unavailable"",""campaigns"":""observed"",""stock_status"":""observed"",""stock_signal"":""observed"",""rating"":""observed"",""rating_count"":""observed"",""review_count"":""unavailable"",""question_count"":""observed"",""delivery_summary"":""observed"",""shipping_cost"":""unavailable"",""properties"":""observed""}",true,
2026-08-21,2026-08-21T12:30:04+03:00,elektronik,BEST_SELLER,elektronik-vitrini,Trendyol Elektronik / En Çok Satan,99,5,99,99,4,elektronik:elektronik-vitrini,99,-21,32.2,12.3,836115276,200893,836115276:200893,Xiaomi Mi Body Composition Scale S400 Yeni Nesil Çift Frekanslı Akıllı Bluetooth Baskül,Xiaomi,,https://www.trendyol.com/xiaomi/mi-body-composition-scale-s400-yeni-nesil-cift-frekansli-akilli-bluetooth-baskul-p-836115276?boutiqueId=61&merchantId=200893,ALDIMGİTTİ,94,1799,,,0.3,TRY,"[""Kargo Bedava"",""Peşin Fiyatına 3 Taksit""]",InStock,100 adetten fazla stok sunulmuştur,Son 3 günde 250+ ürün satıldı!,3,250,83.3,4.6,3225,,0,1173,"1,6B kişinin sepetinde","75,7B kişi favoriledi",Son 24 saatte 1B kişi görüntüledi,,,0,,,,11 saat 26 dakika içinde sipariş verirsen en geç yarın kargoda!,En Çok Ziyaret Edilen 4. Ürün,,{},0,,refreshed,"[""daily_top""]",true,2026-08-21T12:30:04+03:00,0,"[""search_result_dom"",""product_detail_jsonld"",""product_detail_dom""]","{""title"":""observed"",""brand"":""observed"",""seller_name"":""observed"",""seller_score"":""observed"",""price"":""observed"",""original_price"":""unavailable"",""campaigns"":""observed"",""stock_status"":""observed"",""stock_signal"":""observed"",""rating"":""observed"",""rating_count"":""observed"",""review_count"":""unavailable"",""question_count"":""observed"",""delivery_summary"":""observed"",""shipping_cost"":""unavailable"",""properties"":""observed""}",true,
2026-08-21,2026-08-21T12:30:04+03:00,elektronik,BEST_SELLER,elektronik-vitrini,Trendyol Elektronik / En Çok Satan,100,5,100,100,2,elektronik:elektronik-vitrini,100,-25,35.1,10.4,260033,110463,260033:110463,FANTOM Pratıc-S P1200 Toz Torbasız Dikey Süpürge Kırmızı,FANTOM,Dik Süpürge,https://www.trendyol.com/fantom/pratic-s-p1200-toz-torbasiz-dikey-supurge-kirmizi-p-260033?boutiqueId=61&merchantId=110463,BULUTTABUL,92,2369,,,-0.3,TRY,"[""Kargo Bedava"",""Peşin Fiyatına 3 Taksit""]",InStock,100 adetten fazla stok sunulmuştur,Son 3 günde 250+ ürün satıldı!,3,250,83.3,4.6,14585,7292,-7,2804,"2,1B kişinin sepetinde","163,3B kişi favoriledi","Son 24 saatte 1,8B kişi görüntüledi",4999,TRY,0,1,1,4,1 saat 26 dakika içinde sipariş verirsen en geç bugün kargoda!,En Çok Satan 2. Ürün,https://cdn.dsmcdn.com/ty1000399/product/media/images/prod/PIM/20260518/12/2bc09c21-e1a2-4347-b3df-9b939a168414/1_org_zoom.jpg,"{""Renk"":""Kırmızı"",""Şarjlı Kullanım Süresi"":""Kablolu"",""Güç (Watt)"":""501 - 1000 Watt"",""Özellik"":""Kablolu"",""Garanti Tipi"":""Resmi Distribütör Garantili"",""Garanti Süresi"":""3 Yıl"",""Ses Seviyesi"":""61 Dba - 70 Dba"",""Kablo Uzunluğu"":""5 - 10 m"",""Hazne Kapasitesi"":""0-250 L"",""Motor Teknolojisi"":""AC"",""Şarj Standı"":""Harici Park İstasyonu"",""El Süpürgesi Kullanımı"":""Var"",""Frekans"":""50 Hz / 60 Hz"",""Voltaj"":""220 - 240 V"",""Menşei"":""TR"",""Paket Yükseklik"":""21 cm"",""Paket Genişlik"":""46 cm"",""Paket Derinlik"":""25 cm""}",20,5,refreshed,"[""daily_top""]",true,2026-08-21T12:30:04+03:00,0,"[""search_result_dom"",""product_detail_jsonld"",""product_detail_dom""]","{""title"":""observed"",""brand"":""observed"",""seller_name"":""observed"",""seller_score"":""observed"",""price"":""observed"",""original_price"":""unavailable"",""campaigns"":""observed"",""stock_status"":""observed"",""stock_signal"":""observed"",""rating"":""observed"",""rating_count"":""observed"",""review_count"":""observed"",""question_count"":""observed"",""delivery_summary"":""observed"",""shipping_cost"":""observed"",""properties"":""observed""}",true,
2026-08-21,2026-08-21T12:30:04+03:00,elektronik,BEST_SELLER,elektronik-vitrini,Trendyol Elektronik / En Çok Satan,101,5,101,101,1,elektronik:elektronik-vitrini,101,6,30.1,19.3,714313436,107979,714313436:107979,Fujifilm Instax Mini 12 Makineler Ile Uyumlu 20'li Film (20 POZ),Fujifilm,Foto & Kamera Aksesuarı,https://www.trendyol.com/fujifilm/instax-mini-12-makineler-ile-uyumlu-20-li-film-20-poz-p-714313436?boutiqueId=61&merchantId=107979,Desibela,97,1189,1249,4.8,-0.4,TRY,"[""25 TL Kupon"",""Kargo Bedava"",""Peşin Fiyatına 3 Taksit""]",InStock,100 adetten fazla stok sunulmuştur,Son 3 günde 250+ ürün satıldı!,3,250,83.3,4.7,1093,434,8,264,"1,1B kişinin sepetinde","36,5B kişi favoriledi",Son 24 saatte 882 kişi görüntüledi,4999,TRY,0,1,1,4,2 saat 26 dakika içinde sipariş verirsen en geç bugün kargoda!,En Çok Satan 1. Ürün,https://cdn.dsmcdn.com/ty994/product/media/images/prod/SPM/PIM/20230906/16/de00bb1c-25dd-31cc-8d2c-940821b4b070/1_org_zoom.jpg,"{""Tip"":""Fotoğraf Kağıtları"",""Renk"":""Beyaz"",""Menşei"":""CN"",""Bakım Talimatları (Genel)"":""Nemli bir bezle silin.""}",20,5,refreshed,"[""daily_top""]",true,2026-08-21T12:30:04+03:00,0,"[""search_result_dom"",""product_detail_jsonld"",""product_detail_dom""]","{""title"":""observed"",""brand"":""observed"",""seller_name"":""observed"",""seller_score"":""observed"",""price"":""observed"",""original_price"":""observed"",""campaigns"":""observed"",""stock_status"":""observed"",""stock_signal"":""observed"",""rating"":""observed"",""rating_count"":""observed"",""review_count"":""observed"",""question_count"":""observed"",""delivery_summary"":""observed"",""shipping_cost"":""observed"",""properties"":""observed""}",true,
2026-08-21,2026-08-21T12:30:04+03:00,elektronik,BEST_SELLER,elektronik-vitrini,Trendyol Elektronik / En Çok Satan,102,5,102,102,3,elektronik:elektronik-vitrini,102,-65,31.4,13.2,3748361,1000218,3748361:1000218,Next Kanky Tgks'li Mpeg4 Hd Tak Kullan Uydu Alıcısı Yeni Kasa,Next,,https://www.trendyol.com/next/kanky-tgks-li-mpeg4-hd-tak-kullan-uydu-alicisi-yeni-kasa-p-3748361?boutiqueId=61&merchantId=1000218,Kadiroğlu Ticaret,91,1540,,,29.4,TRY,"[""Kargo Bedava"",""Peşin Fiyatına 3 Taksit""]",InStock,50 adetten fazla stok sunulmuştur,Son 3 günde 250+ ürün satıldı!,3,250,83.3,4.6,2535,,0,1498,460 kişinin sepetinde,"8,8B kişi favoriledi","Son 24 saatte 1,4B kişi görüntüledi",,,0,,,,Tahmini Teslim:,,,{},0,,refreshed,"[""daily_top"",""hot_change""]",true,2026-08-21T12:30:04+03:00,0,"[""search_result_dom"",""product_detail_jsonld"",""product_detail_dom""]","{""title"":""observed"",""brand"":""observed"",""seller_name"":""observed"",""seller_score"":""observed"",""price"":""observed"",""original_price"":""unavailable"",""campaigns"":""observed"",""stock_status"":""observed"",""stock_signal"":""observed"",""rating"":""observed"",""rating_count"":""observed"",""review_count"":""unavailable"",""question_count"":""observed"",""delivery_summary"":""observed"",""shipping_cost"":""unavailable"",""properties"":""observed""}",true,
2026-08-21,2026-08-21T12:30:04+03:00,elektronik,BEST_SELLER,elektronik-vitrini,Trendyol Elektronik / En Çok Satan,103,5,103,103,2,elektronik:elektronik-vitrini,103,-18,27.7,16.9,737146989,110546,737146989:110546,Fibaks iPhone 13/13 Pro/14/16E/17E Takma Aparatlı Kolay Uygulama Tam Ekran Kırılmaz Cam Ekran Koruyucu,Fibaks,Ekran Koruyucu,https://www.trendyol.com/fibaks/iphone-13-13-pro-14-16e-17e-takma-aparatli-kolay-uygulama-tam-ekran-kirilmaz-cam-ekran-koruyucu-p-737146989?boutiqueId=61&merchantId=110546,Fibaks,,180,,,0,TRY,"[""Kargo Bedava""]",InStock,100 adetten fazla stok sunulmuştur,Son 3 günde 250+ ürün satıldı!,3,250,83.3,4.6,1522,869,1,139,871 kişinin sepetinde,"6,5B kişi favoriledi",Son 24 saatte 402 kişi görüntüledi,4999,TRY,0,,1,4,4 saat 25 dakika içinde sipariş verirsen en geç bugün kargoda!,En Çok Satan 2. Ürün,https://cdn.dsmcdn.com/ty1580/prod/QC/20241008/08/7e99648a-65dc-3044-b61b-f1d6c30d22c3/1_org_zoom.jpg,"{""Cep Telefonu Modeli"":""iPhone 13"",""Uyumlu Marka"":""Apple Uyumlu"",""Menşei"":""TR"",""Bakım Talimatları (Genel)"":""Ürünün kullanım ömrünü korumak için ürüne özel bakım talimatlarını takip ediniz.""}",20,5,refreshed,"[""daily_top""]",true,2026-08-21T12:30:04+03:00,0,"[""search_result_dom"",""product_detail_jsonld"",""product_detail_dom""]","{""title"":""observed"",""brand"":""observed"",""seller_name"":""observed"",""seller_score"":""unavailable"",""price"":""observed"",""original_price"":""unavailable"",""campaigns"":""observed"",""stock_status"":""observed"",""stock_signal"":""observed"",""rating"":""observed"",""rating_count"":""observed"",""review_count"":""observed"",""question_count"":""observed"",""delivery_summary"":""observed"",""shipping_cost"":""observed"",""properties"":""observed""}",true,
2026-08-21,2026-08-21T12:30:04+03:00,elektronik,BEST_SELLER,elektronik-vitrini,Trendyol Elektronik / En Çok Satan,104,5,104,104,3,elektronik:elektronik-vitrini,104,-12,43.2,16.4,906098063,110546,906098063:110546,Fibaks 20w Iphone Type-c To Lightining Hızlı Şarj Kablosu 1 Metre Iphone 7 8 X Xr 11 12 13 14 Pro Max Plus,Fibaks,,https://www.trendyol.com/fibaks/20w-iphone-type-c-to-lightining-hizli-sarj-kablosu-1-metre-iphone-7-8-x-xr-11-12-13-14-pro-max-plus-p-906098063?boutiqueId=61&merchantId=110546,Fibaks,20,110.5,130,15,0,TRY,"[""Süper Fırsat Ürünü"",""Kargo Bedava""]",InStock,100 adetten fazla stok sunulmuştur,Son 3 günde 250+ ürün satıldı!,3,250,83.3,4,999,,-512,96,1B kişinin sepetinde,"6,7B kişi favoriledi",Son 24 saatte 552 kişi görüntüledi,,,0,,,,4 saat 25 dakika içinde sipariş verirsen en geç bugün kargoda!,En Çok Satan 3. Ürün,,{},0,,refreshed,"[""daily_top""]",true,2026-08-21T12:30:04+03:00,0,"[""search_result_dom"",""product_detail_jsonld"",""product_detail_dom""]","{""title"":""observed"",""brand"":""observed"",""seller_name"":""observed"",""seller_score"":""observed"",""price"":""observed"",""original_price"":""observed"",""campaigns"":""observed"",""stock_status"":""observed"",""stock_signal"":""observed"",""rating"":""observed"",""rating_count"":""observed"",""review_count"":""unavailable"",""question_count"":""observed"",""delivery_summary"":""observed"",""shipping_cost"":""unavailable"",""properties"":""observed""}",true,
2026-08-21,2026-08-21T12:30:04+03:00,elektronik,BEST_SELLER,elektronik-vitrini,Trendyol Elektronik / En Çok Satan,105,5,105,105,3,elektronik:elektronik-vitrini,105,-34,19.3,10.7,986375755,110546,986375755:110546,Fibaks iPhone 17 Pro Max Takma Aparatlı Kolay Uygulama Siyah Şerit Tam Kapatan Kırılmaz Cam Ekran Koruyucu,Fibaks,Ekran Koruyucu,https://www.trendyol.com/fibaks/iphone-17-pro-max-takma-aparatli-kolay-uygulama-siyah-serit-tam-kapatan-kirilmaz-cam-ekran-koruyucu-p-986375755?boutiqueId=61&merchantId=110546,Fibaks,,180,,,0,TRY,"[""Kargo Bedava""]",InStock,100 adetten fazla stok sunulmuştur,,,,,4.5,478,258,4,22,592 kişinin sepetinde,"2,3B kişi favoriledi",,4999,TRY,0,,1,4,4 saat 25 dakika içinde sipariş verirsen en geç bugün kargoda!,En Çok Satan 3. Ürün,https://cdn.dsmcdn.com/ty1763/prod/QC_ENRICHMENT/20250922/16/93a125af-55e1-3575-8fe5-3a02ebcc04cc/1_org_zoom.jpg,"{""Cep Telefonu Modeli"":""iPhone 17 Pro Max"",""Uyumlu Marka"":""Apple Uyumlu"",""Menşei"":""TR"",""Bakım Talimatları (Genel)"":""Ürünün kullanım ömrünü korumak için ürüne özel bakım talimatlarını takip ediniz.""}",20,5,refreshed,"[""daily_top""]",true,2026-08-21T12:30:04+03:00,0,"[""search_result_dom"",""product_detail_jsonld"",""product_detail_dom""]","{""title"":""observed"",""brand"":""observed"",""seller_name"":""observed"",""seller_score"":""unavailable"",""price"":""observed"",""original_price"":""unavailable"",""campaigns"":""observed"",""stock_status"":""observed"",""stock_signal"":""observed"",""rating"":""observed"",""rating_count"":""observed"",""review_count"":""observed"",""question_count"":""observed"",""delivery_summary"":""observed"",""shipping_cost"":""observed"",""properties"":""observed""}",true,
2026-08-21,2026-08-21T12:30:04+03:00,elektronik,BEST_SELLER,elektronik-vitrini,Trendyol Elektronik / En Çok Satan,106,5,106,106,1,elektronik:elektronik-vitrini,106,-19,30.8,0,78885128,1216482,78885128:1216482,FANTOM Dikey Süpürge Torbası 10 Adet,FANTOM,,https://www.trendyol.com/fantom/dikey-supurge-torbasi-10-adet-p-78885128?boutiqueId=61&merchantId=1216482,FAMOUS HOME LİFE,91,187,,,8.1,TRY,"[""Kargo Bedava""]",InStock,100 adetten fazla stok sunulmuştur,,,,,4.6,7178,,0,1291,975 kişinin sepetinde,"49,6B kişi favoriledi",Son 24 saatte 446 kişi görüntüledi,,,0,,,,11 saat 25 dakika içinde sipariş verirsen en geç yarın kargoda!,En Çok Satan 1. Ürün,,{},0,,refreshed,"[""daily_top""]",true,2026-08-21T12:30:04+03:00,0,"[""search_result_dom"",""product_detail_jsonld"",""product_detail_dom""]","{""title"":""observed"",""brand"":""observed"",""seller_name"":""observed"",""seller_score"":""observed"",""price"":""observed"",""original_price"":""unavailable"",""campaigns"":""observed"",""stock_status"":""observed"",""stock_signal"":""observed"",""rating"":""observed"",""rating_count"":""observed"",""review_count"":""unavailable"",""question_count"":""observed"",""delivery_summary"":""observed"",""shipping_cost"":""unavailable"",""properties"":""observed""}",true,
2026-08-21,2026-08-21T12:30:04+03:00,elektronik,BEST_SELLER,elektronik-vitrini,Trendyol Elektronik / En Çok Satan,107,5,107,107,33,elektronik:elektronik-vitrini,107,-17,26.9,3.1,936491349,110546,936491349:110546,Fibaks iPhone 13/14/15 Kılıf Içi Kadife Elmas Tasarımlı Pembe Taşlı Işıltılı Pırlanta Silikon,Fibaks,,https://www.trendyol.com/fibaks/iphone-13-14-15-kilif-ici-kadife-elmas-tasarimli-pembe-tasli-isiltili-pirlanta-silikon-p-936491349?boutiqueId=61&merchantId=110546,Fibaks,,169.82,,,0,TRY,"[""Kargo Bedava""]",InStock,100 adetten fazla stok sunulmuştur,,,,,4.4,2328,,0,262,"2,3B kişinin sepetinde","66,6B kişi favoriledi","Son 24 saatte 2,4B kişi görüntüledi",,,0,,,,4 saat 25 dakika içinde sipariş verirsen en geç bugün kargoda!,En Çok Ziyaret Edilen 10. Ürün,,{},0,,refreshed,"[""daily_top""]",true,2026-08-21T12:30:04+03:00,0,"[""search_result_dom"",""product_detail_jsonld"",""product_detail_dom""]","{""title"":""observed"",""brand"":""observed"",""seller_name"":""observed"",""seller_score"":""unavailable"",""price"":""observed"",""original_price"":""unavailable"",""campaigns"":""observed"",""stock_status"":""observed"",""stock_signal"":""observed"",""rating"":""observed"",""rating_count"":""observed"",""review_count"":""unavailable"",""question_count"":""observed"",""delivery_summary"":""observed"",""shipping_cost"":""unavailable"",""properties"":""observed""}",true,
2026-08-21,2026-08-21T12:30:04+03:00,elektronik,BEST_SELLER,elektronik-vitrini,Trendyol Elektronik / En Çok Satan,108,5,108,108,7,elektronik:elektronik-vitrini,108,2,34.2,10.4,150723070,750835,150723070:750835,"BSTBRANDSHOPPİNGTR Bluetooth KUMANDALI 10""inç Ring Light Youtuber Tiktok Çekim Işıklı Telefon Tutucu Influencer Makyaj Işığı 2.10 m Tripod",BSTBRANDSHOPPİNGTR,,https://www.trendyol.com/bstbrandshoppingtr/bluetooth-kumandali-10-inc-ring-light-youtuber-tiktok-cekim-isikli-telefon-tutucu-influencer-makyaj-isigi-2-10-m-tripod-p-150723070?boutiqueId=61&merchantId=750835,BRANDSHOPPİNGTR,,549,,,0,TRY,"[""Kargo Bedava"",""Trendyol Plus'a Özel""]",InStock,100 adetten fazla stok sunulmuştur,Son 3 günde 250+ ürün satıldı!,3,250,83.3,3.9,5740,,0,1676,"1,8B kişinin sepetinde","89,5B kişi favoriledi",Son 24 saatte 1B kişi görüntüledi,,,0,,,,1 saat 25 dakika içinde sipariş verirsen en geç bugün kargoda!,En Çok Ziyaret Edilen 1. Ürün,,{},0,,refreshed,"[""daily_top""]",true,2026-08-21T12:30:04+03:00,0,"[""search_result_dom"",""product_detail_jsonld"",""product_detail_dom""]","{""title"":""observed"",""brand"":""observed"",""seller_name"":""observed"",""seller_score"":""unavailable"",""price"":""observed"",""original_price"":""unavailable"",""campaigns"":""observed"",""stock_status"":""observed"",""stock_signal"":""observed"",""rating"":""observed"",""rating_count"":""observed"",""review_count"":""unavailable"",""question_count"":""observed"",""delivery_summary"":""observed"",""shipping_cost"":""unavailable"",""properties"":""observed""}",true,
2026-08-21,2026-08-21T12:30:04+03:00,elektronik,BEST_SELLER,elektronik-vitrini,Trendyol Elektronik / En Çok Satan,109,5,109,109,,elektronik:elektronik-vitrini,109,-28,33.6,1.4,893485171,266456,893485171:266456,Go Aksesuar Iphone 13 - 14 - 15 Uyumlu Şeffaf Mini Fiyonk Epoksili Telefon Kılıfı,Go Aksesuar,Telefon Kılıfı,https://www.trendyol.com/go-aksesuar/iphone-13-14-15-uyumlu-seffaf-mini-fiyonk-epoksili-telefon-kilifi-p-893485171?boutiqueId=61&merchantId=266456,GO AKSESUAR,97,123.49,129.99,5,0,TRY,"[""Sepette %5 İndirim"",""Kargo Bedava""]",InStock,100 adetten fazla stok sunulmuştur,,,,,4.5,7136,3805,4,905,"3,9B kişinin sepetinde","198,4B kişi favoriledi","Son 24 saatte 2,5B kişi görüntüledi",4999,TRY,0,,1,4,1 saat 25 dakika içinde sipariş verirsen en geç bugün kargoda!,En Çok Favorilenen 1. Ürün,https://cdn.dsmcdn.com/ty1936/prod/QC_ENRICHMENT/20260722/03/3a866969-fb64-3f51-a941-fae219c092c8/1_org_zoom.jpg,"{""Materyal"":""Silikon"",""Cep Telefonu Modeli"":""iPhone 13"",""Renk"":""Gri"",""Uyumlu Marka"":""Apple Uyumlu"",""Menşei"":""TR""}",20,5,refreshed,"[""daily_top""]",true,2026-08-21T12:30:04+03:00,0,"[""search_result_dom"",""product_detail_jsonld"",""product_detail_dom""]","{""title"":""observed"",""brand"":""observed"",""seller_name"":""observed"",""seller_score"":""observed"",""price"":""observed"",""original_price"":""observed"",""campaigns"":""observed"",""stock_status"":""observed"",""stock_signal"":""observed"",""rating"":""observed"",""rating_count"":""observed"",""review_count"":""observed"",""question_count"":""observed"",""delivery_summary"":""observed"",""shipping_cost"":""observed"",""properties"":""observed""}",true,
2026-08-21,2026-08-21T12:30:04+03:00,elektronik,BEST_SELLER,elektronik-vitrini,Trendyol Elektronik / En Çok Satan,110,5,110,110,1,elektronik:elektronik-vitrini,110,-4,26.1,3.9,94679185,362768,94679185:362768,bt bayır teknoloji Tüm Markalar Ile Uyumlu Televizyon Duvar Asma Aparatı 37”-40”-50”-55”-65” Inç Arası,bt bayır teknoloji,TV Askı Aparatı,https://www.trendyol.com/bt-bayir-teknoloji/tum-markalar-ile-uyumlu-televizyon-duvar-asma-aparati-37-40-50-55-65-inc-arasi-p-94679185?boutiqueId=61&merchantId=362768,Bayır Elektronik,85,199.99,,,0,TRY,"[""Kargo Bedava""]",InStock,100 adetten fazla stok sunulmuştur,,,,,4.3,3892,1839,2,2833,1B kişinin sepetinde,"22,6B kişi favoriledi",Son 24 saatte 503 kişi görüntüledi,4999,TRY,0,,1,4,2 saat 25 dakika içinde sipariş verirsen en geç bugün kargoda!,En Çok Satan 1. Ürün,https://cdn.dsmcdn.com/ty1912/prod/QC_ENRICHMENT/20260721/22/772be47c-5068-367b-bac6-1382df40be8f/1_org_zoom.jpg,"{""Garanti Tipi"":""Üretici Garantili"",""Garanti Süresi"":""Garantisiz"",""Renk"":""Turkuaz"",""Menşei"":""TR"",""Hareket Seçeneği"":""Hareketsiz"",""Ekran Boyutu (inç)"":""65 inç"",""Bakım Talimatları (Genel)"":""Gıda ile temas için uygun değildir.""}",20,5,refreshed,"[""daily_top""]",true,2026-08-21T12:30:04+03:00,0,"[""search_result_dom"",""product_detail_jsonld"",""product_detail_dom""]","{""title"":""observed"",""brand"":""observed"",""seller_name"":""observed"",""seller_score"":""observed"",""price"":""observed"",""original_price"":""unavailable"",""campaigns"":""observed"",""stock_status"":""observed"",""stock_signal"":""observed"",""rating"":""observed"",""rating_count"":""observed"",""review_count"":""observed"",""question_count"":""observed"",""delivery_summary"":""observed"",""shipping_cost"":""observed"",""properties"":""observed""}",true,
2026-08-21,2026-08-21T12:30:04+03:00,elektronik,BEST_SELLER,elektronik-vitrini,Trendyol Elektronik / En Çok Satan,111,5,111,111,3,elektronik:elektronik-vitrini,111,8,28.2,1.8,732071928,109324,732071928:109324,Aprilla AHS-2049 Profosyonel Seramik Plaka 25 Mm Saç Şekillendirici Maşa,Aprilla,Saç Maşası,https://www.trendyol.com/aprilla/ahs-2049-profosyonel-seramik-plaka-25-mm-sac-sekillendirici-masa-p-732071928?boutiqueId=61&merchantId=109324,Fırsat Dünyası,9,699,,,7.7,TRY,"[""Kargo Bedava"",""Sepette %10 İndirim"",""Sepette %7 İndirim""]",InStock,100 adetten fazla stok sunulmuştur,,,,,4.5,6637,3319,3,439,"2,7B kişinin sepetinde","188,3B kişi favoriledi","Son 24 saatte 1,6B kişi görüntüledi",4999,TRY,0,3,1,6,Tahmini Teslim:,En Çok Satan 3. Ürün,https://cdn.dsmcdn.com/ty100003/product/media/images/prod/PIM/20251031/05/67d5cfca-0149-40f2-8d0e-e3ce6331d0d2/1_org_zoom.jpg,"{""Renk"":""Siyah"",""Tip"":""Kalın Bukle"",""Plaka Materyali"":""Seramik Plaka"",""Maksimum Sıcaklık"":""200 Derece"",""Garanti Tipi"":""Resmi Distribütör Garantili"",""Otomatik Kapanma"":""Yok"",""Maşa Çapı"":""25 mm"",""Garanti Süresi"":""2 Yıl"",""Dijital Ekran"":""Yok"",""Voltaj"":""220 - 240 V"",""Frekans"":""50 Hz / 60 Hz"",""Menşei"":""CN"",""Isı Ayarı"":""2 Kademeli"",""Kablosuz Özelliği"":""Yok""}",20,5,refreshed,"[""daily_top""]",true,2026-08-21T12:30:04+03:00,0,"[""search_result_dom"",""product_detail_jsonld"",""product_detail_dom""]","{""title"":""observed"",""brand"":""observed"",""seller_name"":""observed"",""seller_score"":""observed"",""price"":""observed"",""original_price"":""unavailable"",""campaigns"":""observed"",""stock_status"":""observed"",""stock_signal"":""observed"",""rating"":""observed"",""rating_count"":""observed"",""review_count"":""observed"",""question_count"":""observed"",""delivery_summary"":""observed"",""shipping_cost"":""observed"",""properties"":""observed""}",true,
2026-08-21,2026-08-21T12:30:04+03:00,elektronik,BEST_SELLER,elektronik-vitrini,Trendyol Elektronik / En Çok Satan,112,5,112,112,12,elektronik:elektronik-vitrini,112,-7,25.4,4.6,968969360,106994,968969360:106994,Torima Mini Dijital Kamera Selfie Video Vlog Kamerası Mini Anahtarlık 1080P CMR35 Kahverengi,Torima,,https://www.trendyol.com/torima/mini-dijital-kamera-selfie-video-vlog-kamerasi-mini-anahtarlik-1080p-cmr35-kahverengi-p-968969360?boutiqueId=61&merchantId=106994,Torima,,821.23,,,0,TRY,"[""Kargo Bedava""]",InStock,100 adetten fazla stok sunulmuştur,,,,,4.5,1500,,0,1175,"2,4B kişinin sepetinde","189,4B kişi favoriledi","Son 24 saatte 3,8B kişi görüntüledi",,,0,,,,2 saat 25 dakika içinde sipariş verirsen en geç bugün kargoda!,,,{},0,,refreshed,"[""daily_top""]",true,2026-08-21T12:30:04+03:00,0,"[""search_result_dom"",""product_detail_jsonld"",""product_detail_dom""]","{""title"":""observed"",""brand"":""observed"",""seller_name"":""observed"",""seller_score"":""unavailable"",""price"":""observed"",""original_price"":""unavailable"",""campaigns"":""observed"",""stock_status"":""observed"",""stock_signal"":""observed"",""rating"":""observed"",""rating_count"":""observed"",""review_count"":""unavailable"",""question_count"":""observed"",""delivery_summary"":""observed"",""shipping_cost"":""unavailable"",""properties"":""observed""}",true,
2026-08-21,2026-08-21T12:30:04+03:00,elektronik,BEST_SELLER,elektronik-vitrini,Trendyol Elektronik / En Çok Satan,113,5,113,113,2,elektronik:elektronik-vitrini,113,46,29.3,15.3,815114663,126783,815114663:126783,Hairens HRS-720 Seramik Uzun Saç Maşası 25 mm.,Hairens,,https://www.trendyol.com/hairens/hrs-720-seramik-uzun-sac-masasi-25-mm-p-815114663?boutiqueId=61&merchantId=126783,Hairens,,1099,,,45.9,TRY,"[""Kargo Bedava"",""Sepette %10 İndirim"",""Peşin Fiyatına 3 Taksit"",""Trendyol Plus'a Özel""]",InStock,100 adetten fazla stok sunulmuştur,Son 3 günde 250+ ürün satıldı!,3,250,83.3,4.5,1391,,0,135,"1,2B kişinin sepetinde","48,9B kişi favoriledi","Son 24 saatte 1,4B kişi görüntüledi",,,0,,,,Tahmini Teslim:,En Çok Satan 2. Ürün,,{},0,,refreshed,"[""daily_top"",""hot_change""]",true,2026-08-21T12:30:04+03:00,0,"[""search_result_dom"",""product_detail_jsonld"",""product_detail_dom""]","{""title"":""observed"",""brand"":""observed"",""seller_name"":""observed"",""seller_score"":""unavailable"",""price"":""observed"",""original_price"":""unavailable"",""campaigns"":""observed"",""stock_status"":""observed"",""stock_signal"":""observed"",""rating"":""observed"",""rating_count"":""observed"",""review_count"":""unavailable"",""question_count"":""observed"",""delivery_summary"":""observed"",""shipping_cost"":""unavailable"",""properties"":""observed""}",true,
2026-08-21,2026-08-21T12:30:04+03:00,elektronik,BEST_SELLER,elektronik-vitrini,Trendyol Elektronik / En Çok Satan,114,5,114,114,33,elektronik:elektronik-vitrini,114,-16,26.9,3.1,936491350,110546,936491350:110546,Fibaks iPhone 13/14/15 Kılıf Içi Kadife Elmas Tasarımlı Siyah Taşlı Işıltılı Pırlanta Silikon,Fibaks,,https://www.trendyol.com/fibaks/iphone-13-14-15-kilif-ici-kadife-elmas-tasarimli-siyah-tasli-isiltili-pirlanta-silikon-p-936491350?boutiqueId=61&merchantId=110546,Fibaks,,169.82,,,0,TRY,"[""Kargo Bedava""]",InStock,100 adetten fazla stok sunulmuştur,,,,,4.3,2283,,0,234,"2,6B kişinin sepetinde",57B kişi favoriledi,"Son 24 saatte 1,6B kişi görüntüledi",,,0,,,,4 saat 25 dakika içinde sipariş verirsen en geç bugün kargoda!,,,{},0,,refreshed,"[""daily_top""]",true,2026-08-21T12:30:04+03:00,0,"[""search_result_dom"",""product_detail_jsonld"",""product_detail_dom""]","{""title"":""observed"",""brand"":""observed"",""seller_name"":""observed"",""seller_score"":""unavailable"",""price"":""observed"",""original_price"":""unavailable"",""campaigns"":""observed"",""stock_status"":""observed"",""stock_signal"":""observed"",""rating"":""observed"",""rating_count"":""observed"",""review_count"":""unavailable"",""question_count"":""observed"",""delivery_summary"":""observed"",""shipping_cost"":""unavailable"",""properties"":""observed""}",true,
2026-08-21,2026-08-21T12:30:04+03:00,elektronik,BEST_SELLER,elektronik-vitrini,Trendyol Elektronik / En Çok Satan,115,5,115,115,1,elektronik:elektronik-vitrini,115,3,35,6.4,1166642548,138098,1166642548:138098,Philips CA6704/10 Espresso Makinesi Kahve Yağı Çözücü Tablet,Philips,Çay & Kahve Makinesi Aksesuar,https://www.trendyol.com/philips/ca6704-10-espresso-makinesi-kahve-yagi-cozucu-tablet-p-1166642548?boutiqueId=61&merchantId=138098,Phaksesuar,91,309.9,349.9,11.4,0,TRY,"[""Son 10 Günün En Düşük Fiyatı"",""Kargo Bedava"",""Son 10 günün en düşük fiyatı""]",InStock,100 adetten fazla stok sunulmuştur,,,,,4.8,1989,879,1,196,663 kişinin sepetinde,"9,6B kişi favoriledi",Son 24 saatte 444 kişi görüntüledi,4999,TRY,0,30,1,,11 saat 25 dakika içinde sipariş verirsen en geç yarın kargoda!,En Çok Satan 1. Ürün,https://cdn.dsmcdn.com/ty1937/prod/QC_PREP/20260709/12/2c36f9de-e4d6-335c-a65a-623de89c583f/1_org_zoom.jpg,"{""Menşei"":""TR""}",20,5,refreshed,"[""daily_top""]",true,2026-08-21T12:30:04+03:00,0,"[""search_result_dom"",""product_detail_jsonld"",""product_detail_dom""]","{""title"":""observed"",""brand"":""observed"",""seller_name"":""observed"",""seller_score"":""observed"",""price"":""observed"",""original_price"":""observed"",""campaigns"":""observed"",""stock_status"":""observed"",""stock_signal"":""observed"",""rating"":""observed"",""rating_count"":""observed"",""review_count"":""observed"",""question_count"":""observed"",""delivery_summary"":""observed"",""shipping_cost"":""observed"",""properties"":""observed""}",true,
2026-08-21,2026-08-21T12:30:04+03:00,elektronik,BEST_SELLER,elektronik-vitrini,Trendyol Elektronik / En Çok Satan,116,5,116,116,1,elektronik:elektronik-vitrini,116,15,24.9,5.1,51882142,243130,51882142:243130,Sandisk Ultra microSDXC 128GB C10 UHS-1- SDSQUNR-128G-GN6MN,Sandisk,Hafıza Kartı,https://www.trendyol.com/sandisk/ultra-microsdxc-128gb-c10-uhs-1-sdsqunr-128g-gn6mn-p-51882142?boutiqueId=61&merchantId=243130,YMZ İLETİŞİM,93,1169,,,0,TRY,"[""Kargo Bedava"",""Peşin Fiyatına 3 Taksit""]",InStock,100 adetten fazla stok sunulmuştur,,,,,4.7,3219,1296,0,1268,1B kişinin sepetinde,"28,9B kişi favoriledi",Son 24 saatte 573 kişi görüntüledi,4999,TRY,0,3,1,6,11 saat 25 dakika içinde sipariş verirsen en geç yarın kargoda!,En Çok Satan 1. Ürün,https://cdn.dsmcdn.com/ty1677/prod/QC/20250512/12/303f4f4f-e722-37ad-98ef-c18f09ee7afd/1_org_zoom.jpg,"{""Hafıza Kartı Tipi"":""Micro SD"",""Kapasite"":""128 GB"",""Garanti Tipi"":""Resmi Distribütör Garantili"",""Garanti Süresi"":""2 Yıl"",""Menşei"":""TW"",""Tamir Edilebilirlik"":""Tamir Edilebilir, Satıcı ile İletişime Geçiniz.""}",20,5,refreshed,"[""daily_top""]",true,2026-08-21T12:30:04+03:00,0,"[""search_result_dom"",""product_detail_jsonld"",""product_detail_dom""]","{""title"":""observed"",""brand"":""observed"",""seller_name"":""observed"",""seller_score"":""observed"",""price"":""observed"",""original_price"":""unavailable"",""campaigns"":""observed"",""stock_status"":""observed"",""stock_signal"":""observed"",""rating"":""observed"",""rating_count"":""observed"",""review_count"":""observed"",""question_count"":""observed"",""delivery_summary"":""observed"",""shipping_cost"":""observed"",""properties"":""observed""}",true,
2026-08-21,2026-08-21T12:30:04+03:00,elektronik,BEST_SELLER,elektronik-vitrini,Trendyol Elektronik / En Çok Satan,117,5,117,117,14,elektronik:elektronik-vitrini,117,-4,16.7,13.3,1171068104,335426,1171068104:335426,KVK PRİVACY iPhone 13/14/15 Uyumlu Snoopy Desenli Sarı Çizgili Kadifemsi Soft Touch Silikon Telefon Kılıfı,KVK PRİVACY,,https://www.trendyol.com/kvk-privacy/iphone-13-14-15-uyumlu-snoopy-desenli-sari-cizgili-kadifemsi-soft-touch-silikon-telefon-kilifi-p-1171068104?boutiqueId=61&merchantId=335426,KVK PRİVACY,,169.9,,,0,TRY,"[""Kargo Bedava""]",InStock,100 adetten fazla stok sunulmuştur,,,,,4.6,120,,0,40,"3,9B kişinin sepetinde","18,7B kişi favoriledi","Son 24 saatte 2,5B kişi görüntüledi",,,0,,,,11 saat 25 dakika içinde sipariş verirsen en geç yarın kargoda!,En Çok Ziyaret Edilen 9. Ürün,,{},0,,refreshed,"[""daily_top""]",true,2026-08-21T12:30:04+03:00,0,"[""search_result_dom"",""product_detail_jsonld"",""product_detail_dom""]","{""title"":""observed"",""brand"":""observed"",""seller_name"":""observed"",""seller_score"":""unavailable"",""price"":""observed"",""original_price"":""unavailable"",""campaigns"":""observed"",""stock_status"":""observed"",""stock_signal"":""observed"",""rating"":""observed"",""rating_count"":""observed"",""review_count"":""unavailable"",""question_count"":""observed"",""delivery_summary"":""observed"",""shipping_cost"":""unavailable"",""properties"":""observed""}",true,
2026-08-21,2026-08-21T12:30:04+03:00,elektronik,BEST_SELLER,elektronik-vitrini,Trendyol Elektronik / En Çok Satan,118,5,118,118,3,elektronik:elektronik-vitrini,118,8,32.9,0,675749029,109324,675749029:109324,Kiwi Kcc-4320 Koltuk Halı Yıkama Ve Leke Çıkartma Makinesi,Kiwi,,https://www.trendyol.com/kiwi/kcc-4320-koltuk-hali-yikama-ve-leke-cikartma-makinesi-p-675749029?boutiqueId=61&merchantId=109324,Fırsat Dünyası,9,4299,,,4.2,TRY,"[""Kargo Bedava"",""Peşin Fiyatına 3 Taksit""]",InStock,100 adetten fazla stok sunulmuştur,,,,,4.5,13025,,0,6235,"4,8B kişinin sepetinde","431,2B kişi favoriledi","Son 24 saatte 3,2B kişi görüntüledi",,,0,,,,Tahmini Teslim:,En Çok Favorilenen 1. Ürün,,{},0,,refreshed,"[""daily_top""]",true,2026-08-21T12:30:04+03:00,0,"[""search_result_dom"",""product_detail_jsonld"",""product_detail_dom""]","{""title"":""observed"",""brand"":""observed"",""seller_name"":""observed"",""seller_score"":""observed"",""price"":""observed"",""original_price"":""unavailable"",""campaigns"":""observed"",""stock_status"":""observed"",""stock_signal"":""observed"",""rating"":""observed"",""rating_count"":""observed"",""review_count"":""unavailable"",""question_count"":""observed"",""delivery_summary"":""observed"",""shipping_cost"":""unavailable"",""properties"":""observed""}",true,
2026-08-21,2026-08-21T12:30:04+03:00,elektronik,BEST_SELLER,elektronik-vitrini,Trendyol Elektronik / En Çok Satan,119,5,119,119,19,elektronik:elektronik-vitrini,119,5,29.4,0.6,757653233,335426,757653233:335426,"KVK PRİVACY 18W/20W/25W Uyumlu Şarj Kılıfı – Örme Kablo Toparlayıcı, Kablo Koruyucu ve Düzenleyici Aparat",KVK PRİVACY,,https://www.trendyol.com/kvk-privacy/18w-20w-25w-uyumlu-sarj-kilifi-orme-kablo-toparlayici-kablo-koruyucu-ve-duzenleyici-aparat-p-757653233?boutiqueId=61&merchantId=335426,KVK PRİVACY,18,121.61,,,-13.1,TRY,"[""Kargo Bedava""]",InStock,100 adetten fazla stok sunulmuştur,,,,,4.4,4663,,0,2131,"1,7B kişinin sepetinde","111,9B kişi favoriledi","Son 24 saatte 1,5B kişi görüntüledi",,,0,,,,2 saat 25 dakika içinde sipariş verirsen en geç bugün kargoda!,,,{},0,,refreshed,"[""daily_top""]",true,2026-08-21T12:30:04+03:00,0,"[""search_result_dom"",""product_detail_jsonld"",""product_detail_dom""]","{""title"":""observed"",""brand"":""observed"",""seller_name"":""observed"",""seller_score"":""observed"",""price"":""observed"",""original_price"":""unavailable"",""campaigns"":""observed"",""stock_status"":""observed"",""stock_signal"":""observed"",""rating"":""observed"",""rating_count"":""observed"",""review_count"":""unavailable"",""question_count"":""observed"",""delivery_summary"":""observed"",""shipping_cost"":""unavailable"",""properties"":""observed""}",true,
2026-08-21,2026-08-21T12:30:04+03:00,elektronik,BEST_SELLER,elektronik-vitrini,Trendyol Elektronik / En Çok Satan,120,5,120,120,41,elektronik:elektronik-vitrini,120,-20,20.7,9.3,762205317,110546,762205317:110546,Fibaks iPhone 13/14/15 Kılıf Kadife Lansman Soft Yumuşak Liquid Silikon Kamera Korumalı Kapak Lacivert,Fibaks,,https://www.trendyol.com/fibaks/iphone-13-14-15-kilif-kadife-lansman-soft-yumusak-liquid-silikon-kamera-korumali-kapak-lacivert-p-762205317?boutiqueId=61&merchantId=110546,Fibaks,,99.99,,,9.9,TRY,"[""Kargo Bedava""]",InStock,100 adetten fazla stok sunulmuştur,,,,,4.3,382,,0,43,"2,3B kişinin sepetinde","7,5B kişi favoriledi","Son 24 saatte 1,5B kişi görüntüledi",,,0,,,,4 saat 25 dakika içinde sipariş verirsen en geç bugün kargoda!,,,{},0,,refreshed,"[""daily_top""]",true,2026-08-21T12:30:04+03:00,0,"[""search_result_dom"",""product_detail_jsonld"",""product_detail_dom""]","{""title"":""observed"",""brand"":""observed"",""seller_name"":""observed"",""seller_score"":""unavailable"",""price"":""observed"",""original_price"":""unavailable"",""campaigns"":""observed"",""stock_status"":""observed"",""stock_signal"":""observed"",""rating"":""observed"",""rating_count"":""observed"",""review_count"":""unavailable"",""question_count"":""observed"",""delivery_summary"":""observed"",""shipping_cost"":""unavailable"",""properties"":""observed""}",true,
2026-08-21,2026-08-21T12:30:04+03:00,elektronik,BEST_SELLER,elektronik-vitrini,Trendyol Elektronik / En Çok Satan,121,6,121,121,3,elektronik:elektronik-vitrini,121,21,22.6,7.4,776463305,858465,776463305:858465,ARVALE Dijital Hassas 10 Kg Mutfak Terazisi Tartısı Lcd Ekranlı,ARVALE,Mutfak Tartısı,https://www.trendyol.com/arvale/dijital-hassas-10-kg-mutfak-terazisi-tartisi-lcd-ekranli-p-776463305?boutiqueId=61&merchantId=858465,ARVALE,,134.98,,,2,TRY,"[""Sepette %1 İndirim"",""Kargo Bedava"",""Trendyol Plus'a Özel""]",InStock,100 adetten fazla stok sunulmuştur,,,,,4.3,1567,677,2,100,"1,2B kişinin sepetinde","18,8B kişi favoriledi",Son 24 saatte 487 kişi görüntüledi,4999,TRY,0,1,1,4,Tahmini Teslim:,En Çok Satan 3. Ürün,https://cdn.dsmcdn.com/ty1844/prod/QC_ENRICHMENT/20260324/10/22425a27-1478-39ab-a773-6aabd60260c1/1_org_zoom.jpg,"{""Garanti Tipi"":""İthalatçı Garantili"",""Garanti Süresi"":""2 Yıl"",""Kapasite"":""10 kg"",""Dijital Ekran"":""Var"",""Menşei"":""CN"",""Dara Almak"":""Yok""}",20,5,refreshed,"[""daily_top""]",true,2026-08-21T12:30:04+03:00,0,"[""search_result_dom"",""product_detail_jsonld"",""product_detail_dom""]","{""title"":""observed"",""brand"":""observed"",""seller_name"":""observed"",""seller_score"":""unavailable"",""price"":""observed"",""original_price"":""unavailable"",""campaigns"":""observed"",""stock_status"":""observed"",""stock_signal"":""observed"",""rating"":""observed"",""rating_count"":""observed"",""review_count"":""observed"",""question_count"":""observed"",""delivery_summary"":""observed"",""shipping_cost"":""observed"",""properties"":""observed""}",true,
2026-08-21,2026-08-21T12:30:04+03:00,elektronik,BEST_SELLER,elektronik-vitrini,Trendyol Elektronik / En Çok Satan,122,6,122,122,4,elektronik:elektronik-vitrini,122,6,25.1,4.9,777119876,968,777119876:968,Kiwi Kcm-7570 Siyah Otomatik Türk Kahve Makinesi Bol Köpüklü,Kiwi,Türk Kahve Makinesi,https://www.trendyol.com/kiwi/kcm-7570-siyah-otomatik-turk-kahve-makinesi-bol-kopuklu-p-777119876?boutiqueId=689770&merchantId=968,Trendyol,,999,,,0,TRY,"[""Kargo Bedava""]",InStock,100 adetten fazla stok sunulmuştur,,,,,4.2,2550,1370,7,738,"2,5B kişinin sepetinde","80,1B kişi favoriledi","Son 24 saatte 1,5B kişi görüntüledi",4999,TRY,0,,1,4,2 saat 25 dakika içinde sipariş verirsen en geç bugün kargoda!,En Çok Satan 4. Ürün,https://cdn.dsmcdn.com/ty1000058/product/media/images/prod/PIM/20260109/14/1cea1bf9-5c9e-455d-82ae-5748c33f77e0/1_org_zoom.jpg,"{""Damlama Emniyeti"":""Var"",""Su Kapasitesi"":""0-1 L"",""Otomatik Kapanma"":""Var"",""Sesli İkaz"":""Var"",""Taşma Emniyeti"":""Var"",""Materyal"":""Plastik"",""Renk"":""Siyah"",""Garanti Süresi"":""2 Yıl"",""Fincan Kapasitesi"":""4 Fincan"",""Özel Pişirme Modu"":""Var"",""Cezve Malzemesi"":""Plastik"",""Otomatik Su Alımı"":""Yok"",""Garanti Tipi"":""Resmi Distribütör Garantili"",""Tema / Stil"":""Modern"",""Frekans"":""50 Hz / 60 Hz"",""Voltaj"":""220 - 240 V"",""Menşei"":""TR"",""Bakım Talimatları (Gıda Temas)"":""Ürünün kullanım ömrünü korumak için ürüne özel bakım talimatlarını takip ediniz."",""Özellik"":""Otomatik""}",20,5,refreshed,"[""daily_top""]",true,2026-08-21T12:30:04+03:00,0,"[""search_result_dom"",""product_detail_jsonld"",""product_detail_dom""]","{""title"":""observed"",""brand"":""observed"",""seller_name"":""observed"",""seller_score"":""unavailable"",""price"":""observed"",""original_price"":""unavailable"",""campaigns"":""observed"",""stock_status"":""observed"",""stock_signal"":""observed"",""rating"":""observed"",""rating_count"":""observed"",""review_count"":""observed"",""question_count"":""observed"",""delivery_summary"":""observed"",""shipping_cost"":""observed"",""properties"":""observed""}",true,
2026-08-21,2026-08-21T12:30:04+03:00,elektronik,BEST_SELLER,elektronik-vitrini,Trendyol Elektronik / En Çok Satan,123,6,123,123,3,elektronik:elektronik-vitrini,123,-3,30.6,0,1250,110463,1250:110463,FANTOM Pratic Aır Power P 1250 Antrasit Torbasız Dönebilen Turbo Başlıklı Dikey Süpürge,FANTOM,,https://www.trendyol.com/fantom/pratic-air-power-p-1250-antrasit-torbasiz-donebilen-turbo-baslikli-dikey-supurge-p-777946685?boutiqueId=61&merchantId=110463,BULUTTABUL,92,3329,,,0.7,TRY,"[""Kargo Bedava"",""Peşin Fiyatına 3 Taksit""]",InStock,100 adetten fazla stok sunulmuştur,,,,,4.5,6666,,0,2572,"1,9B kişinin sepetinde","127,7B kişi favoriledi","Son 24 saatte 2,4B kişi görüntüledi",,,0,,,,1 saat 25 dakika içinde sipariş verirsen en geç bugün kargoda!,En Çok Satan 3. Ürün,,{},0,,refreshed,"[""daily_top""]",true,2026-08-21T12:30:04+03:00,0,"[""search_result_dom"",""product_detail_jsonld"",""product_detail_dom""]","{""title"":""observed"",""brand"":""observed"",""seller_name"":""observed"",""seller_score"":""observed"",""price"":""observed"",""original_price"":""unavailable"",""campaigns"":""observed"",""stock_status"":""observed"",""stock_signal"":""observed"",""rating"":""observed"",""rating_count"":""observed"",""review_count"":""unavailable"",""question_count"":""observed"",""delivery_summary"":""observed"",""shipping_cost"":""unavailable"",""properties"":""observed""}",true,
2026-08-21,2026-08-21T12:30:04+03:00,elektronik,BEST_SELLER,elektronik-vitrini,Trendyol Elektronik / En Çok Satan,124,6,124,124,3,elektronik:elektronik-vitrini,124,,26.6,3.4,1041950998,335426,1041950998:335426,KVK PRİVACY iPhone 11 Uyumlu Pembe Leopar Desenli İnce Yumuşak Silikon Kılıf,KVK PRİVACY,,https://www.trendyol.com/kvk-privacy/iphone-11-uyumlu-pembe-leopar-desenli-ince-yumusak-silikon-kilif-p-1041950998?boutiqueId=61&merchantId=335426,KVK PRİVACY,,119.9,,,,TRY,"[""Kargo Bedava""]",InStock,100 adetten fazla stok sunulmuştur,,,,,4.6,2094,,,158,"2,3B kişinin sepetinde","83,6B kişi favoriledi","Son 24 saatte 1,7B kişi görüntüledi",,,0,,,,2 saat 25 dakika içinde sipariş verirsen en geç bugün kargoda!,,,{},0,,refreshed,"[""daily_top""]",true,2026-08-21T12:30:04+03:00,0,"[""search_result_dom"",""product_detail_jsonld"",""product_detail_dom""]","{""title"":""observed"",""brand"":""observed"",""seller_name"":""observed"",""seller_score"":""unavailable"",""price"":""observed"",""original_price"":""unavailable"",""campaigns"":""observed"",""stock_status"":""observed"",""stock_signal"":""observed"",""rating"":""observed"",""rating_count"":""observed"",""review_count"":""unavailable"",""question_count"":""observed"",""delivery_summary"":""observed"",""shipping_cost"":""unavailable"",""properties"":""observed""}",true,
2026-08-21,2026-08-21T12:30:04+03:00,elektronik,BEST_SELLER,elektronik-vitrini,Trendyol Elektronik / En Çok Satan,125,6,125,125,2,elektronik:elektronik-vitrini,125,0,89.2,11,928517754,968,928517754:968,LENOVO 150 Optik Kablosuz Mouse GY51L52638 Ev - Ofis Kullanımı İçin Ergonomik Tasarım,LENOVO,,https://www.trendyol.com/lenovo/150-optik-kablosuz-mouse-gy51l52638-ev-ofis-kullanimi-icin-ergonomik-tasarim-p-928517754?boutiqueId=689770&merchantId=968,Trendyol,,199,666.76,70.2,0,TRY,"[""Kargo Bedava"",""Son 10 Günün En Düşük Fiyatı""]",InStock,100 adetten fazla stok sunulmuştur,,,,,4.8,238,,0,47,577 kişinin sepetinde,"3,4B kişi favoriledi",Son 24 saatte 506 kişi görüntüledi,,,0,,,,2 saat 25 dakika içinde sipariş verirsen en geç bugün kargoda!,En Çok Satan 2. Ürün,,{},0,,refreshed,"[""daily_top""]",true,2026-08-21T12:30:04+03:00,0,"[""search_result_dom"",""product_detail_jsonld"",""product_detail_dom""]","{""title"":""observed"",""brand"":""observed"",""seller_name"":""observed"",""seller_score"":""unavailable"",""price"":""observed"",""original_price"":""observed"",""campaigns"":""observed"",""stock_status"":""observed"",""stock_signal"":""observed"",""rating"":""observed"",""rating_count"":""observed"",""review_count"":""unavailable"",""question_count"":""observed"",""delivery_summary"":""observed"",""shipping_cost"":""unavailable"",""properties"":""observed""}",true,
2026-08-21,2026-08-21T12:30:04+03:00,elektronik,BEST_SELLER,elektronik-vitrini,Trendyol Elektronik / En Çok Satan,126,6,126,126,7,elektronik:elektronik-vitrini,126,-9,19.6,10.4,954818310,624588,954818310:624588,"Braun Hepsi Bir Arada Series 7, 11’i 1 arada Tıraş Kiti, ProBlade, AutoSense, AIO7540",Braun,Tıraş Makinesi,https://www.trendyol.com/braun/hepsi-bir-arada-series-7-11-i-1-arada-tiras-kiti-problade-autosense-aio7540-p-954818310?boutiqueId=61&merchantId=624588,VATAN BİLGİSAYAR,89,2599,,,4.2,TRY,"[""Kargo Bedava"",""Peşin Fiyatına 3 Taksit""]",InStock,100 adetten fazla stok sunulmuştur,,,,,4.5,841,281,3,231,1B kişinin sepetinde,"27,1B kişi favoriledi","Son 24 saatte 1,6B kişi görüntüledi",4999,TRY,0,1,1,4,Tahmini Teslim:,En Çok Satan 7. Ürün,https://cdn.dsmcdn.com/ty1766/prod/QC_ENRICHMENT/20251002/09/bacf36c2-138a-39bf-8046-3ecf3d34efbe/1_org_zoom.jpg,"{""Tip"":""Kablosuz"",""Tıraş Bölgesi"":""Saç-Sakal-Vücut"",""Renk"":""Mavi"",""Garanti Tipi"":""Resmi Distribütör Garantili"",""Kullanım"":""Islak ve Kuru"",""Otomatik Kapanma"":""Yok"",""Şarjlı Kullanım Süresi"":""1-2 Saat"",""Garanti Süresi"":""2 Yıl"",""Başlık Sayısı"":""5 - 10"",""Burun ve Kulak Temizleme Başlığı"":""Var"",""Frekans"":""50 Hz / 60 Hz"",""Voltaj"":""220 - 240 V"",""Menşei"":""CN"",""Tamir Edilebilirlik"":""Yetkili Servis ile Tamiri Gerekir."",""Özellik"":""Kablosuz""}",20,5,refreshed,"[""daily_top""]",true,2026-08-21T12:30:04+03:00,0,"[""search_result_dom"",""product_detail_jsonld"",""product_detail_dom""]","{""title"":""observed"",""brand"":""observed"",""seller_name"":""observed"",""seller_score"":""observed"",""price"":""observed"",""original_price"":""unavailable"",""campaigns"":""observed"",""stock_status"":""observed"",""stock_signal"":""observed"",""rating"":""observed"",""rating_count"":""observed"",""review_count"":""observed"",""question_count"":""observed"",""delivery_summary"":""observed"",""shipping_cost"":""observed"",""properties"":""observed""}",true,
2026-08-21,2026-08-21T12:30:04+03:00,elektronik,BEST_SELLER,elektronik-vitrini,Trendyol Elektronik / En Çok Satan,127,6,127,127,4,elektronik:elektronik-vitrini,127,2,37.5,0,199537756,266456,199537756:266456,Go Aksesuar Kablo Koruyucu 11 12 13 13 Pro 13 Promax 14 14 Pro 14 Plus 14 Promax,Go Aksesuar,,https://www.trendyol.com/go-aksesuar/kablo-koruyucu-11-12-13-13-pro-13-promax-14-14-pro-14-plus-14-promax-p-199537756?boutiqueId=61&merchantId=266456,GO AKSESUAR,97,23.74,24.99,5,0,TRY,"[""Sepette %5 İndirim"",""Kargo Bedava""]",InStock,100 adetten fazla stok sunulmuştur,,,,,4.6,11568,,0,555,555 kişinin sepetinde,"38,8B kişi favoriledi",,,,0,,,,1 saat 25 dakika içinde sipariş verirsen en geç bugün kargoda!,,,{},0,,refreshed,"[""daily_top""]",true,2026-08-21T12:30:04+03:00,0,"[""search_result_dom"",""product_detail_jsonld"",""product_detail_dom""]","{""title"":""observed"",""brand"":""observed"",""seller_name"":""observed"",""seller_score"":""observed"",""price"":""observed"",""original_price"":""observed"",""campaigns"":""observed"",""stock_status"":""observed"",""stock_signal"":""observed"",""rating"":""observed"",""rating_count"":""observed"",""review_count"":""unavailable"",""question_count"":""observed"",""delivery_summary"":""observed"",""shipping_cost"":""unavailable"",""properties"":""observed""}",true,
2026-08-21,2026-08-21T12:30:04+03:00,elektronik,BEST_SELLER,elektronik-vitrini,Trendyol Elektronik / En Çok Satan,128,6,128,128,1,elektronik:elektronik-vitrini,128,-14,29.6,17.3,825979722,624588,825979722:624588,Apple AirTag Tekli Paket 2. Nesil,Apple,Akıllı Takip Cihazı,https://www.trendyol.com/apple/airtag-tekli-paket-2-nesil-p-825979722?boutiqueId=61&merchantId=624588,VATAN BİLGİSAYAR,89,1329,1599,16.9,0,TRY,"[""Kargo Bedava"",""Son 10 Günün En Düşük Fiyatı"",""Peşin Fiyatına 3 Taksit"",""Son 10 günün en düşük fiyatı""]",InStock,100 adetten fazla stok sunulmuştur,,,,,4.6,128,38,1,115,"1,5B kişinin sepetinde","8,5B kişi favoriledi","Son 24 saatte 1,3B kişi görüntüledi",4999,TRY,0,1,1,4,Tahmini Teslim:,En Çok Satan 1. Ürün,https://cdn.dsmcdn.com/ty1287/product/media/images/prod/SPM/PIM/20240502/15/4d1b4c37-c38b-3bbb-ab04-f5e153e037a0/1_org_zoom.jpg,"{""Renk"":""Beyaz"",""Garanti Süresi"":""2 Yıl"",""Menşei"":""CH"",""Tamir Edilebilirlik"":""Yetkili Servis ile Tamiri Gerekir.""}",20,5,refreshed,"[""daily_top""]",true,2026-08-21T12:30:04+03:00,0,"[""search_result_dom"",""product_detail_jsonld"",""product_detail_dom""]","{""title"":""observed"",""brand"":""observed"",""seller_name"":""observed"",""seller_score"":""observed"",""price"":""observed"",""original_price"":""observed"",""campaigns"":""observed"",""stock_status"":""observed"",""stock_signal"":""observed"",""rating"":""observed"",""rating_count"":""observed"",""review_count"":""observed"",""question_count"":""observed"",""delivery_summary"":""observed"",""shipping_cost"":""observed"",""properties"":""observed""}",true,
2026-08-21,2026-08-21T12:30:04+03:00,elektronik,BEST_SELLER,elektronik-vitrini,Trendyol Elektronik / En Çok Satan,129,6,129,129,7,elektronik:elektronik-vitrini,129,-20,27.9,5.1,922211325,1100118,922211325:1100118,Lazım Shop İnce Uçlu Kaş Bıyık Yüz Tüy Alma Epilasyon Aleti,Lazım Shop,Epilatör,https://www.trendyol.com/lazim-shop/ince-uclu-kas-biyik-yuz-tuy-alma-epilasyon-aleti-p-922211325?boutiqueId=61&merchantId=1100118,HemenTıklaAl,85,193.02,199,3,0,TRY,"[""Son 10 Günün En Düşük Fiyatı"",""Kargo Bedava"",""Son 10 günün en düşük fiyatı""]",InStock,100 adetten fazla stok sunulmuştur,,,,,3.8,2643,1311,1,654,"2,4B kişinin sepetinde",55B kişi favoriledi,Son 24 saatte 952 kişi görüntüledi,4999,TRY,0,1,1,4,1 saat 25 dakika içinde sipariş verirsen en geç bugün kargoda!,En Çok Satan 7. Ürün,https://cdn.dsmcdn.com/ty1748/prod/QC_ENRICHMENT/20250908/11/c85f29aa-1789-37d3-99e2-40dcdbfed57e/1_org_zoom.jpg,"{""Frekans"":""50 Hz / 60 Hz"",""Garanti Tipi"":""İthalatçı Garantili"",""Kullanım"":""Kuru"",""Tip"":""Kablosuz"",""Garanti Süresi"":""7 Yıl"",""Voltaj"":""220 - 240 V"",""Menşei"":""CN""}",20,5,refreshed,"[""daily_top""]",true,2026-08-21T12:30:04+03:00,0,"[""search_result_dom"",""product_detail_jsonld"",""product_detail_dom""]","{""title"":""observed"",""brand"":""observed"",""seller_name"":""observed"",""seller_score"":""observed"",""price"":""observed"",""original_price"":""observed"",""campaigns"":""observed"",""stock_status"":""observed"",""stock_signal"":""observed"",""rating"":""observed"",""rating_count"":""observed"",""review_count"":""observed"",""question_count"":""observed"",""delivery_summary"":""observed"",""shipping_cost"":""observed"",""properties"":""observed""}",true,
2026-08-21,2026-08-21T12:30:04+03:00,elektronik,BEST_SELLER,elektronik-vitrini,Trendyol Elektronik / En Çok Satan,130,6,130,130,1,elektronik:elektronik-vitrini,130,30,29.7,0.3,100395,275331,100395:275331,"Philips Daily Collection Çay Makinesi, 1700W, 1,9 Lt Su Isıtıcısı, Otomatik Sıcak Tutma, HD7301/00",Philips,,https://www.trendyol.com/philips/daily-collection-cay-makinesi-1700w-1-9-lt-su-isiticisi-otomatik-sicak-tutma-hd7301-00-p-100395?boutiqueId=61&merchantId=275331,MediaMarkt,89,2000,,,,TRY,"[""Kargo Bedava"",""Peşin Fiyatına 3 Taksit""]",InStock,5 adetten fazla stok sunulmuştur,,,,,4.3,5210,,0,1169,805 kişinin sepetinde,"114,2B kişi favoriledi","Son 24 saatte 1,7B kişi görüntüledi",,,0,,,,Tahmini Teslim:,En Çok Satan 1. Ürün,,{},0,,refreshed,"[""daily_top""]",true,2026-08-21T12:30:04+03:00,0,"[""search_result_dom"",""product_detail_jsonld"",""product_detail_dom""]","{""title"":""observed"",""brand"":""observed"",""seller_name"":""observed"",""seller_score"":""observed"",""price"":""observed"",""original_price"":""unavailable"",""campaigns"":""observed"",""stock_status"":""observed"",""stock_signal"":""observed"",""rating"":""observed"",""rating_count"":""observed"",""review_count"":""unavailable"",""question_count"":""observed"",""delivery_summary"":""observed"",""shipping_cost"":""unavailable"",""properties"":""observed""}",true,
2026-08-21,2026-08-21T12:30:04+03:00,elektronik,BEST_SELLER,elektronik-vitrini,Trendyol Elektronik / En Çok Satan,131,6,131,131,3,elektronik:elektronik-vitrini,131,-7,21.4,8.6,789973264,367959,789973264:367959,"VOLEMİ Pratik+ Hava Üflemeli Fön Tarağı | Saç Kurutma, Düzleştirme ve Hacim Veren Şekillendirici 2200W 001",VOLEMİ,Saç Kurutma Makinesi,https://www.trendyol.com/volemi/pratik-hava-uflemeli-fon-taragi-sac-kurutma-duzlestirme-ve-hacim-veren-sekillendirici-2200w-001-p-789973264?boutiqueId=61&merchantId=367959,ATAŞBEY,88,479,,,0,TRY,"[""Kargo Bedava"",""Sepette %10 İndirim""]",InStock,100 adetten fazla stok sunulmuştur,,,,,3.8,1052,479,8,235,"1,9B kişinin sepetinde","22,8B kişi favoriledi","Son 24 saatte 1,6B kişi görüntüledi",4999,TRY,0,,1,4,2 saat 25 dakika içinde sipariş verirsen en geç bugün kargoda!,En Çok Satan 3. Ürün,https://cdn.dsmcdn.com/ty1779/prod/QC_ENRICHMENT/20251029/11/31b34440-310f-3c28-aa64-35b2b010b7bc/1_org_zoom.jpg,"{""Voltaj"":""220 - 240 V"",""Garanti Tipi"":""İthalatçı Garantili"",""Renk"":""Siyah"",""Güç"":""2200 W"",""Otomatik Kapanma"":""Yok"",""Isı Ayarı"":""3 Kademeli"",""İyon Özelliği"":""Var"",""Garanti Süresi"":""2 Yıl"",""Frekans"":""50 Hz / 60 Hz"",""Menşei"":""CN""}",20,5,refreshed,"[""daily_top""]",true,2026-08-21T12:30:04+03:00,0,"[""search_result_dom"",""product_detail_jsonld"",""product_detail_dom""]","{""title"":""observed"",""brand"":""observed"",""seller_name"":""observed"",""seller_score"":""observed"",""price"":""observed"",""original_price"":""unavailable"",""campaigns"":""observed"",""stock_status"":""observed"",""stock_signal"":""observed"",""rating"":""observed"",""rating_count"":""observed"",""review_count"":""observed"",""question_count"":""observed"",""delivery_summary"":""observed"",""shipping_cost"":""observed"",""properties"":""observed""}",true,
2026-08-21,2026-08-21T12:30:04+03:00,elektronik,BEST_SELLER,elektronik-vitrini,Trendyol Elektronik / En Çok Satan,132,6,132,132,,elektronik:elektronik-vitrini,132,25,30.2,0,314585747,754296,314585747:754296,Favors Pro Ios Android Uyumlu Yeni Nesil Wireless Charge Bluetooth Kulaklık Kılıf Hediyeli,Favors,Kulak İçi Bluetooth Kulaklık,https://www.trendyol.com/favors/pro-ios-android-uyumlu-yeni-nesil-wireless-charge-bluetooth-kulaklik-kilif-hediyeli-p-314585747?boutiqueId=61&merchantId=754296,Favors,,549.9,,,0,TRY,"[""Kargo Bedava""]",InStock,100 adetten fazla stok sunulmuştur,,,,,3.8,9665,5997,0,11894,"2,8B kişinin sepetinde",110B kişi favoriledi,Son 24 saatte 1B kişi görüntüledi,4999,TRY,0,,1,4,1 saat 25 dakika içinde sipariş verirsen en geç bugün kargoda!,,https://cdn.dsmcdn.com/ty1643/prod/QC/20250226/11/520604b4-5333-341f-acea-6c36935e24a1/1_org_zoom.jpg,"{""Aktif Gürültü Önleme (ANC)"":""Var"",""Dokunmatik Kontrol"":""Var"",""Garanti Tipi"":""İthalatçı Garantili"",""Renk"":""Beyaz"",""Suya/Tere Dayanıklılık"":""Var"",""Mikrofon"":""Var"",""Bluetooth Versiyon"":""5.0"",""Garanti Süresi"":""2 Yıl"",""Çift Telefon Desteği"":""Var"",""Menşei"":""CN"",""Tamir Edilebilirlik"":""Tamir Edilebilir, Satıcı ile İletişime Geçiniz."",""Özellik"":""Kablosuz""}",20,5,refreshed,"[""daily_top""]",true,2026-08-21T12:30:04+03:00,0,"[""search_result_dom"",""product_detail_jsonld"",""product_detail_dom""]","{""title"":""observed"",""brand"":""observed"",""seller_name"":""observed"",""seller_score"":""unavailable"",""price"":""observed"",""original_price"":""unavailable"",""campaigns"":""observed"",""stock_status"":""observed"",""stock_signal"":""observed"",""rating"":""observed"",""rating_count"":""observed"",""review_count"":""observed"",""question_count"":""observed"",""delivery_summary"":""observed"",""shipping_cost"":""observed"",""properties"":""observed""}",true,
2026-08-21,2026-08-21T12:30:04+03:00,elektronik,BEST_SELLER,elektronik-vitrini,Trendyol Elektronik / En Çok Satan,133,6,133,133,6,elektronik:elektronik-vitrini,133,-25,38.8,7.8,823686392,428379,823686392:428379,KOÇTAŞ YENİ NESİL KULE TİPİ VANTİLATÖR,KOÇTAŞ,Vantilatör,https://www.trendyol.com/koctas/yeni-nesil-kule-tipi-vantilator-p-823686392?boutiqueId=61&merchantId=428379,EVESEN,95,999.9,1199,16.6,-6.5,TRY,"[""15 TL Kupon"",""Kargo Bedava"",""Son 10 Günün En Düşük Fiyatı"",""Peşin Fiyatına 3 Taksit"",""Son 10 günün en düşük fiyatı""]",InStock,100 adetten fazla stok sunulmuştur,,,,,4.2,1025,600,5,364,980 kişinin sepetinde,"21,5B kişi favoriledi",Son 24 saatte 1B kişi görüntüledi,4999,TRY,0,1,1,4,11 saat 25 dakika içinde sipariş verirsen en geç yarın kargoda!,En Çok Satan 6. Ürün,https://cdn.dsmcdn.com/ty1701/prod/QC_ENRICHMENT/20250629/21/cadf21d4-c37e-3c0b-ab15-60e4ce5f2635/1_org_zoom.jpg,"{""Tip"":""Kule Tipi"",""Renk"":""Beyaz"",""Özellik"":""Soğutucu"",""Garanti Tipi"":""Resmi Distribütör Garantili"",""Garanti Süresi"":""2 Yıl"",""Menşei"":""TR""}",20,5,refreshed,"[""daily_top""]",true,2026-08-21T12:30:04+03:00,0,"[""search_result_dom"",""product_detail_jsonld"",""product_detail_dom""]","{""title"":""observed"",""brand"":""observed"",""seller_name"":""observed"",""seller_score"":""observed"",""price"":""observed"",""original_price"":""observed"",""campaigns"":""observed"",""stock_status"":""observed"",""stock_signal"":""observed"",""rating"":""observed"",""rating_count"":""observed"",""review_count"":""observed"",""question_count"":""observed"",""delivery_summary"":""observed"",""shipping_cost"":""observed"",""properties"":""observed""}",true,
2026-08-21,2026-08-21T12:30:04+03:00,elektronik,BEST_SELLER,elektronik-vitrini,Trendyol Elektronik / En Çok Satan,134,6,134,134,,elektronik:elektronik-vitrini,134,0,25.9,4.1,893370327,953397,893370327:953397,TARÇIN Air 4 Pro ANC Bluetooth Kulaklık Gürültü Engelleyici 4.Nesil K2 Çipli %40 Güçlendirilmiş Batarya,TARÇIN,Kulak İçi Bluetooth Kulaklık,https://www.trendyol.com/tarcin/air-4-pro-anc-bluetooth-kulaklik-gurultu-engelleyici-4-nesil-k2-cipli-40-guclendirilmis-batarya-p-893370327?boutiqueId=61&merchantId=953397,Technoverse,88,856.06,,,7.2,TRY,"[""8 TL Kupon"",""Kargo Bedava""]",InStock,100 adetten fazla stok sunulmuştur,,,,,4.1,2432,1728,10,1953,"2,3B kişinin sepetinde","37,5B kişi favoriledi","Son 24 saatte 1,6B kişi görüntüledi",4999,TRY,0,,1,4,1 saat 25 dakika içinde sipariş verirsen en geç bugün kargoda!,,https://cdn.dsmcdn.com/ty1629/prod/QC/20250127/17/8365105d-23d7-37ae-bc59-720610afe51c/1_org_zoom.jpg,"{""Aktif Gürültü Önleme (ANC)"":""Var"",""Dokunmatik Kontrol"":""Var"",""Garanti Tipi"":""İthalatçı Garantili"",""Renk"":""Beyaz"",""Suya/Tere Dayanıklılık"":""Var"",""Mikrofon"":""Var"",""Bluetooth Versiyon"":""5.3"",""Garanti Süresi"":""1 Yıl"",""Çift Telefon Desteği"":""Yok"",""Menşei"":""CN""}",20,5,refreshed,"[""daily_top""]",true,2026-08-21T12:30:04+03:00,0,"[""search_result_dom"",""product_detail_jsonld"",""product_detail_dom""]","{""title"":""observed"",""brand"":""observed"",""seller_name"":""observed"",""seller_score"":""observed"",""price"":""observed"",""original_price"":""unavailable"",""campaigns"":""observed"",""stock_status"":""observed"",""stock_signal"":""observed"",""rating"":""observed"",""rating_count"":""observed"",""review_count"":""observed"",""question_count"":""observed"",""delivery_summary"":""observed"",""shipping_cost"":""observed"",""properties"":""observed""}",true,
2026-08-21,2026-08-21T12:30:04+03:00,elektronik,BEST_SELLER,elektronik-vitrini,Trendyol Elektronik / En Çok Satan,135,6,135,135,1,elektronik:elektronik-vitrini,135,34,24.6,5.4,247571794,107493,247571794:107493,Sinbo SEB-5806 Yumurta Pişirme Makinesi,Sinbo,Yumurta Pişirme Makinesi,https://www.trendyol.com/sinbo/seb-5806-yumurta-pisirme-makinesi-p-247571794?boutiqueId=61&merchantId=107493,Kuzey Pazarlama,94,615,,,3.1,TRY,"[""Kargo Bedava""]",InStock,100 adetten fazla stok sunulmuştur,,,,,4,2398,1201,1,337,861 kişinin sepetinde,"33,4B kişi favoriledi",Son 24 saatte 608 kişi görüntüledi,4999,TRY,0,,1,4,2 saat 25 dakika içinde sipariş verirsen en geç bugün kargoda!,En Çok Satan 1. Ürün,https://cdn.dsmcdn.com/ty1000324/product/media/images/prod/PIM/20260212/10/938605ce-3281-48e0-8641-489021f4def9/1_org_zoom.jpg,"{""Garanti Tipi"":""Resmi Distribütör Garantili"",""Yumurta Kapasitesi"":""5-10"",""Ayarlanabilir Pişirme Derecesi"":""Yok"",""Zamanlayıcı"":""Yok"",""Sesli Uyarı"":""Yok"",""Garanti Süresi"":""2 Yıl"",""Menşei"":""TR"",""Bakım Talimatları (Gıda Temas)"":""Ürünün kullanım ömrünü korumak için ürüne özel bakım talimatlarını takip ediniz."",""Özellik"":""Katı""}",20,5,refreshed,"[""daily_top""]",true,2026-08-21T12:30:04+03:00,0,"[""search_result_dom"",""product_detail_jsonld"",""product_detail_dom""]","{""title"":""observed"",""brand"":""observed"",""seller_name"":""observed"",""seller_score"":""observed"",""price"":""observed"",""original_price"":""unavailable"",""campaigns"":""observed"",""stock_status"":""observed"",""stock_signal"":""observed"",""rating"":""observed"",""rating_count"":""observed"",""review_count"":""observed"",""question_count"":""observed"",""delivery_summary"":""observed"",""shipping_cost"":""observed"",""properties"":""observed""}",true,
2026-08-21,2026-08-21T12:30:04+03:00,elektronik,BEST_SELLER,elektronik-vitrini,Trendyol Elektronik / En Çok Satan,136,6,136,136,1,elektronik:elektronik-vitrini,136,13,21.5,8.5,984939234,120735,984939234:120735,Woyax Araç Şarj Aleti Çakmaklık Type-C + USB Girişli 38W Hızlı Şarj,Woyax,Araç Şarj Cihazı,https://www.trendyol.com/woyax/arac-sarj-aleti-cakmaklik-type-c-usb-girisli-38w-hizli-sarj-p-984939234?boutiqueId=61&merchantId=120735,Woyax Deji,95,299.8,,,0,TRY,"[""Kargo Bedava""]",InStock,100 adetten fazla stok sunulmuştur,,,,,4.7,1102,487,3,347,"1,5B kişinin sepetinde","17,1B kişi favoriledi",Son 24 saatte 600 kişi görüntüledi,4999,TRY,0,3,1,6,1 saat 25 dakika içinde sipariş verirsen en geç bugün kargoda!,En Çok Satan 1. Ürün,https://cdn.dsmcdn.com/ty1752/prod/QC_ENRICHMENT/20250910/15/9977f36b-4682-3d0b-9869-b2c222d1c762/1_org_zoom.jpg,"{""Garanti Süresi"":""1 Yıl"",""Kablosuz Şarj"":""Yok"",""Bağlantı Tipi"":""USB Type C"",""Port Sayısı"":""2"",""Garanti Tipi"":""Resmi Distribütör Garantili"",""Hızlı Şarj"":""Var"",""Renk"":""Siyah"",""Menşei"":""CN"",""Tamir Edilebilirlik"":""Tamir Edilmez."",""Özellik"":""Diğer""}",20,5,refreshed,"[""daily_top""]",true,2026-08-21T12:30:04+03:00,0,"[""search_result_dom"",""product_detail_jsonld"",""product_detail_dom""]","{""title"":""observed"",""brand"":""observed"",""seller_name"":""observed"",""seller_score"":""observed"",""price"":""observed"",""original_price"":""unavailable"",""campaigns"":""observed"",""stock_status"":""observed"",""stock_signal"":""observed"",""rating"":""observed"",""rating_count"":""observed"",""review_count"":""observed"",""question_count"":""observed"",""delivery_summary"":""observed"",""shipping_cost"":""observed"",""properties"":""observed""}",true,
2026-08-21,2026-08-21T12:30:04+03:00,elektronik,BEST_SELLER,elektronik-vitrini,Trendyol Elektronik / En Çok Satan,137,6,137,137,,elektronik:elektronik-vitrini,137,26,26.7,3.3,640028889,118106,640028889:118106,Powerfox iPhone 13 Uyumlu Privacy Hayalet Kırılmaz Cam Tam Kaplayan Gizlilikli Ekran Koruyucu 9H,Powerfox,Ekran Koruyucu,https://www.trendyol.com/powerfox/iphone-13-uyumlu-privacy-hayalet-kirilmaz-cam-tam-kaplayan-gizlilikli-ekran-koruyucu-9h-p-640028889?boutiqueId=61&merchantId=118106,iphonoloji,94,104.89,,,0,TRY,"[""Sepette %15 İndirim"",""Kargo Bedava"",""Trendyol Plus'a Özel""]",InStock,100 adetten fazla stok sunulmuştur,,,,,4.2,3713,2164,4,343,935 kişinin sepetinde,"15,7B kişi favoriledi",Son 24 saatte 362 kişi görüntüledi,4999,TRY,0,,1,4,4 saat 25 dakika içinde sipariş verirsen en geç bugün kargoda!,En Çok Favorilenen 2. Ürün,https://cdn.dsmcdn.com/ty1930/prod/QC_ENRICHMENT/20260609/18/f937a87e-dffb-3d65-bfe9-5da639959d3c/1_org_zoom.jpg,"{""Cep Telefonu Modeli"":""iPhone 13"",""Uyumlu Marka"":""Apple Uyumlu"",""Menşei"":""CN"",""Bakım Talimatları (Genel)"":""Ürünün kullanım ömrünü korumak için ürüne özel bakım talimatlarını takip ediniz.""}",20,5,refreshed,"[""daily_top""]",true,2026-08-21T12:30:04+03:00,0,"[""search_result_dom"",""product_detail_jsonld"",""product_detail_dom""]","{""title"":""observed"",""brand"":""observed"",""seller_name"":""observed"",""seller_score"":""observed"",""price"":""observed"",""original_price"":""unavailable"",""campaigns"":""observed"",""stock_status"":""observed"",""stock_signal"":""observed"",""rating"":""observed"",""rating_count"":""observed"",""review_count"":""observed"",""question_count"":""observed"",""delivery_summary"":""observed"",""shipping_cost"":""observed"",""properties"":""observed""}",true,
2026-08-21,2026-08-21T12:30:04+03:00,elektronik,BEST_SELLER,elektronik-vitrini,Trendyol Elektronik / En Çok Satan,138,6,138,138,1,elektronik:elektronik-vitrini,138,61,41.3,1.5,792465356,968,792465356:968,Havit Gamenote H2040D RGB Aydınlatmalı Mikrofonlu Gaming Oyuncu Kulaklığı - 3.5mm Jack + USB,Havit,,https://www.trendyol.com/havit/gamenote-h2040d-rgb-aydinlatmali-mikrofonlu-gaming-oyuncu-kulakligi-3-5mm-jack-usb-p-792465356?boutiqueId=689770&merchantId=968,Trendyol,,479,549,12.8,0,TRY,"[""Son 10 Günün En Düşük Fiyatı"",""Kargo Bedava"",""Son 10 günün en düşük fiyatı""]",InStock,100 adetten fazla stok sunulmuştur,,,,,4.2,3663,,0,2445,"1,6B kişinin sepetinde",44B kişi favoriledi,Son 24 saatte 981 kişi görüntüledi,,,0,,,,2 saat 25 dakika içinde sipariş verirsen en geç bugün kargoda!,En Çok Satan 1. Ürün,,{},0,,refreshed,"[""daily_top"",""hot_change""]",true,2026-08-21T12:30:04+03:00,0,"[""search_result_dom"",""product_detail_jsonld"",""product_detail_dom""]","{""title"":""observed"",""brand"":""observed"",""seller_name"":""observed"",""seller_score"":""unavailable"",""price"":""observed"",""original_price"":""observed"",""campaigns"":""observed"",""stock_status"":""observed"",""stock_signal"":""observed"",""rating"":""observed"",""rating_count"":""observed"",""review_count"":""unavailable"",""question_count"":""observed"",""delivery_summary"":""observed"",""shipping_cost"":""unavailable"",""properties"":""observed""}",true,
2026-08-21,2026-08-21T12:30:04+03:00,elektronik,BEST_SELLER,elektronik-vitrini,Trendyol Elektronik / En Çok Satan,139,6,139,139,,elektronik:elektronik-vitrini,139,61,31.6,0,411917852,109324,411917852:109324,Kiwi Kep-6833 Pro Ipl / Lazer Epilasyon,Kiwi,IPL Lazer Epilasyon Aleti,https://www.trendyol.com/kiwi/kep-6833-pro-ipl-lazer-epilasyon-p-411917852?boutiqueId=61&merchantId=109324,Fırsat Dünyası,9,1399,,,11.5,TRY,"[""Kargo Bedava"",""Peşin Fiyatına 3 Taksit""]",InStock,100 adetten fazla stok sunulmuştur,,,,,3.6,16426,8857,0,12797,"3,5B kişinin sepetinde","328,9B kişi favoriledi","Son 24 saatte 2,6B kişi görüntüledi",4999,TRY,0,1,1,4,Tahmini Teslim:,,https://cdn.dsmcdn.com/ty1597/prod/QC/20241104/22/6f558a4c-c444-38f2-890d-fb039a449818/1_org_zoom.jpg,"{""Renk"":""Beyaz"",""Tip"":""Kablolu"",""Atım Sayısı"":""900.000 - 1.000.000"",""Garanti Tipi"":""Resmi Distribütör Garantili"",""Uygulama Alanı"":""Vücut"",""Otomatik Kapanma"":""Yok"",""Garanti Süresi"":""2 Yıl"",""Cilt Tonu Sensörü"":""Yok"",""Kademe Ayarı"":""Var"",""Uygulama Üzerinden Kontrol"":""Yok"",""Frekans"":""50 Hz / 60 Hz"",""Voltaj"":""220 - 240 V"",""Menşei"":""AU""}",20,5,refreshed,"[""daily_top"",""hot_change""]",true,2026-08-21T12:30:04+03:00,0,"[""search_result_dom"",""product_detail_jsonld"",""product_detail_dom""]","{""title"":""observed"",""brand"":""observed"",""seller_name"":""observed"",""seller_score"":""observed"",""price"":""observed"",""original_price"":""unavailable"",""campaigns"":""observed"",""stock_status"":""observed"",""stock_signal"":""observed"",""rating"":""observed"",""rating_count"":""observed"",""review_count"":""observed"",""question_count"":""observed"",""delivery_summary"":""observed"",""shipping_cost"":""observed"",""properties"":""observed""}",true,
2026-08-21,2026-08-21T12:30:04+03:00,elektronik,BEST_SELLER,elektronik-vitrini,Trendyol Elektronik / En Çok Satan,140,6,140,140,14,elektronik:elektronik-vitrini,140,12,29.2,0.8,760659948,335426,760659948:335426,KVK PRİVACY Iphone 13-14-15 Uyumlu Lansman Kılıf Içi Kadifeli Kamera Yükseltili Silikon Kapak Siyah,KVK PRİVACY,,https://www.trendyol.com/kvk-privacy/iphone-13-14-15-uyumlu-lansman-kilif-ici-kadifeli-kamera-yukseltili-silikon-kapak-siyah-p-760659948?boutiqueId=61&merchantId=335426,KVK PRİVACY,,110.65,,,0,TRY,"[""Kargo Bedava""]",InStock,100 adetten fazla stok sunulmuştur,,,,,4.3,4420,,0,522,"1,8B kişinin sepetinde","89,3B kişi favoriledi",Son 24 saatte 865 kişi görüntüledi,,,0,,,,2 saat 25 dakika içinde sipariş verirsen en geç bugün kargoda!,En Çok Favorilenen 9. Ürün,,{},0,,refreshed,"[""daily_top""]",true,2026-08-21T12:30:04+03:00,0,"[""search_result_dom"",""product_detail_jsonld"",""product_detail_dom""]","{""title"":""observed"",""brand"":""observed"",""seller_name"":""observed"",""seller_score"":""unavailable"",""price"":""observed"",""original_price"":""unavailable"",""campaigns"":""observed"",""stock_status"":""observed"",""stock_signal"":""observed"",""rating"":""observed"",""rating_count"":""observed"",""review_count"":""unavailable"",""question_count"":""observed"",""delivery_summary"":""observed"",""shipping_cost"":""unavailable"",""properties"":""observed""}",true,
2026-08-21,2026-08-21T12:30:04+03:00,elektronik,BEST_SELLER,elektronik-vitrini,Trendyol Elektronik / En Çok Satan,141,6,141,141,2,elektronik:elektronik-vitrini,141,-109,22.2,7.8,1146148704,968,1146148704:968,"KUMTEL KTF-355 Siyah 16 inç Ayaklı Vantilatör 50 W, 5 Pervaneli, 3 Kademeli, 121 cm Yükseklik",KUMTEL,,https://www.trendyol.com/kumtel/ktf-355-siyah-16-inc-ayakli-vantilator-50-w-5-pervaneli-3-kademeli-121-cm-yukseklik-p-1146148704?boutiqueId=689770&merchantId=968,Trendyol,,599,,,-14.3,TRY,"[""Kargo Bedava"",""Son 10 Günün En Düşük Fiyatı""]",InStock,100 adetten fazla stok sunulmuştur,,,,,3.9,593,,0,55,"5,8B kişinin sepetinde","19,1B kişi favoriledi","Son 24 saatte 1,9B kişi görüntüledi",,,0,,,,2 saat 25 dakika içinde sipariş verirsen en geç bugün kargoda!,En Çok Ziyaret Edilen 2. Ürün,,{},0,,refreshed,"[""daily_top"",""hot_change""]",true,2026-08-21T12:30:04+03:00,0,"[""search_result_dom"",""product_detail_jsonld"",""product_detail_dom""]","{""title"":""observed"",""brand"":""observed"",""seller_name"":""observed"",""seller_score"":""unavailable"",""price"":""observed"",""original_price"":""unavailable"",""campaigns"":""observed"",""stock_status"":""observed"",""stock_signal"":""observed"",""rating"":""observed"",""rating_count"":""observed"",""review_count"":""unavailable"",""question_count"":""observed"",""delivery_summary"":""observed"",""shipping_cost"":""unavailable"",""properties"":""observed""}",true,
2026-08-21,2026-08-21T12:30:04+03:00,elektronik,BEST_SELLER,elektronik-vitrini,Trendyol Elektronik / En Çok Satan,142,6,142,142,2,elektronik:elektronik-vitrini,142,-30,14,18,1138883305,782325,1138883305:782325,Syrox 32 GB MİCRO SD (HAFIZA KARTI),Syrox,Hafıza Kartı,https://www.trendyol.com/syrox/32-gb-micro-sd-hafiza-karti-p-1138883305?boutiqueId=61&merchantId=782325,GülşenGSM,93,489.9,499.9,2,0,TRY,"[""15 TL Kupon"",""Kargo Bedava""]",InStock,10 adetten fazla stok sunulmuştur,,,,,4.4,70,31,0,107,607 kişinin sepetinde,"3,3B kişi favoriledi",Son 24 saatte 321 kişi görüntüledi,4999,TRY,0,1,1,4,11 saat 24 dakika içinde sipariş verirsen en geç yarın kargoda!,En Çok Satan 2. Ürün,https://cdn.dsmcdn.com/ty1945/prod/QC_ENRICHMENT/20260820/22/37a550b0-ca0e-3e5d-8ee5-6eb17eefd495/1_org_zoom.jpg,"{""Hafıza Kartı Tipi"":""Micro SD"",""Kapasite"":""32 GB"",""Garanti Tipi"":""İthalatçı Garantili"",""Garanti Süresi"":""2 Yıl"",""Menşei"":""TR"",""Tamir Edilebilirlik"":""Tamir Edilmez.""}",20,5,refreshed,"[""daily_top""]",true,2026-08-21T12:30:04+03:00,0,"[""search_result_dom"",""product_detail_jsonld"",""product_detail_dom""]","{""title"":""observed"",""brand"":""observed"",""seller_name"":""observed"",""seller_score"":""observed"",""price"":""observed"",""original_price"":""observed"",""campaigns"":""observed"",""stock_status"":""observed"",""stock_signal"":""observed"",""rating"":""observed"",""rating_count"":""observed"",""review_count"":""observed"",""question_count"":""observed"",""delivery_summary"":""observed"",""shipping_cost"":""observed"",""properties"":""observed""}",true,
2026-08-21,2026-08-21T12:30:04+03:00,elektronik,BEST_SELLER,elektronik-vitrini,Trendyol Elektronik / En Çok Satan,143,6,143,143,,elektronik:elektronik-vitrini,143,,33.4,14.9,1151524643,346231,1151524643:346231,mimtec Sprey Soğutucu Fan - Su Hazneli Ledli Hava Nemlenrici Taşınabilir Fan Siyah,mimtec,Vantilatör,https://www.trendyol.com/mimtec/sprey-sogutucu-fan-su-hazneli-ledli-hava-nemlenrici-tasinabilir-fan-siyah-p-1151524643?boutiqueId=61&merchantId=346231,Mimtec,9,298,364.9,18.3,,TRY,"[""15 TL Kupon"",""Son 10 Günün En Düşük Fiyatı"",""Süper Fırsat Ürünü"",""Kargo Bedava"",""Son 10 günün en düşük fiyatı""]",InStock,100 adetten fazla stok sunulmuştur,,,,,4,100,76,,56,1B kişinin sepetinde,"3,6B kişi favoriledi",Son 24 saatte 533 kişi görüntüledi,4999,TRY,0,3,1,6,Tahmini Teslim:,,https://cdn.dsmcdn.com/ty1893/prod/QC_PREP/20260525/17/cd5d56c4-b200-3723-bea8-c08c4cfa20c1/1_org_zoom.jpg,"{""Tip"":""Masaüstü"",""Renk"":""Siyah"",""Garanti Tipi"":""İthalatçı Garantili"",""Garanti Süresi"":""2 Yıl"",""Menşei"":""CN""}",20,5,refreshed,"[""daily_top""]",true,2026-08-21T12:30:04+03:00,0,"[""search_result_dom"",""product_detail_jsonld"",""product_detail_dom""]","{""title"":""observed"",""brand"":""observed"",""seller_name"":""observed"",""seller_score"":""observed"",""price"":""observed"",""original_price"":""observed"",""campaigns"":""observed"",""stock_status"":""observed"",""stock_signal"":""observed"",""rating"":""observed"",""rating_count"":""observed"",""review_count"":""observed"",""question_count"":""observed"",""delivery_summary"":""observed"",""shipping_cost"":""observed"",""properties"":""observed""}",true,
2026-08-21,2026-08-21T12:30:04+03:00,elektronik,BEST_SELLER,elektronik-vitrini,Trendyol Elektronik / En Çok Satan,144,6,144,144,1,elektronik:elektronik-vitrini,144,14,31.2,0,33126417,968,33126417:968,Kiwi Kmx-3608 El Mikseri,Kiwi,Mikser & Mikser Seti,https://www.trendyol.com/kiwi/kmx-3608-el-mikseri-p-33126417?boutiqueId=689770&merchantId=968,Trendyol,,537.76,,,0,TRY,"[""Kargo Bedava""]",InStock,100 adetten fazla stok sunulmuştur,,,,,4.3,15370,7924,1,951,"1,4B kişinin sepetinde","172,7B kişi favoriledi",Son 24 saatte 1B kişi görüntüledi,4999,TRY,0,1,1,4,2 saat 24 dakika içinde sipariş verirsen en geç bugün kargoda!,En Çok Satan 1. Ürün,https://cdn.dsmcdn.com/ty1000424/product/media/images/prod/PIM/20260812/07/63de258f-9d64-4edb-974c-d9ed1aeab105/1_org_zoom.jpg,"{""Materyal"":""Ahşap"",""Zamanlayıcı"":""Yok"",""Güç (Watt)"":""0 - 500 Watt"",""Renk"":""Beyaz"",""Garanti Tipi"":""Resmi Distribütör Garantili"",""Garanti Süresi"":""2 Yıl"",""Hacim"":""0,5 - 1 L"",""Hamur Kancası"":""Var"",""Hız Ayarı"":""5 Kademeli"",""Tema / Stil"":""Modern"",""Frekans"":""50 Hz / 60 Hz"",""Voltaj"":""220 - 240 V"",""Menşei"":""TR"",""Tamir Edilebilirlik"":""Yetkili Servis ile Tamiri Gerekir."",""Bakım Talimatları (Gıda Temas)"":""Ürünün kullanım ömrünü korumak için ürüne özel bakım talimatlarını takip ediniz."",""Özellik"":""Bulaşık Makinesinde Yıkanabilir""}",20,5,refreshed,"[""daily_top""]",true,2026-08-21T12:30:04+03:00,0,"[""search_result_dom"",""product_detail_jsonld"",""product_detail_dom""]","{""title"":""observed"",""brand"":""observed"",""seller_name"":""observed"",""seller_score"":""unavailable"",""price"":""observed"",""original_price"":""unavailable"",""campaigns"":""observed"",""stock_status"":""observed"",""stock_signal"":""observed"",""rating"":""observed"",""rating_count"":""observed"",""review_count"":""observed"",""question_count"":""observed"",""delivery_summary"":""observed"",""shipping_cost"":""observed"",""properties"":""observed""}",true,
2026-08-21,2026-08-21T12:30:04+03:00,elektronik,BEST_SELLER,elektronik-vitrini,Trendyol Elektronik / En Çok Satan,145,7,145,145,,elektronik:elektronik-vitrini,145,40,19.3,10.7,859283186,968,859283186:968,Apple 60 Watt (USB-C) Şarj Kablosu (1M) MW493ZM/A,Apple,Şarj Kablosu,https://www.trendyol.com/apple/60-watt-usb-c-sarj-kablosu-1m-mw493zm-a-p-859283186?boutiqueId=689770&merchantId=968,Trendyol,,889,,,0,TRY,"[""Kargo Bedava""]",InStock,100 adetten fazla stok sunulmuştur,,,,,4.6,682,261,0,336,"1,3B kişinin sepetinde","24,1B kişi favoriledi",Son 24 saatte 995 kişi görüntüledi,4999,TRY,0,1,1,4,2 saat 24 dakika içinde sipariş verirsen en geç bugün kargoda!,En Çok Ziyaret Edilen 2. Ürün,https://cdn.dsmcdn.com/ty1617/prod/QC/20250101/22/d3429c91-cae1-3f1d-b1a7-15aef18ee84b/1_org_zoom.jpg,"{""Garanti Süresi"":""2 Yıl"",""Garanti Tipi"":""Apple Türkiye Garantili"",""Bağlantı Tipi"":""USB Type C"",""Uzunluk"":""1 m"",""Renk"":""Beyaz"",""Menşei"":""TR"",""Tamir Edilebilirlik"":""Yetkili Servis ile Tamiri Gerekir.""}",20,5,refreshed,"[""daily_top"",""hot_change""]",true,2026-08-21T12:30:04+03:00,0,"[""search_result_dom"",""product_detail_jsonld"",""product_detail_dom""]","{""title"":""observed"",""brand"":""observed"",""seller_name"":""observed"",""seller_score"":""unavailable"",""price"":""observed"",""original_price"":""unavailable"",""campaigns"":""observed"",""stock_status"":""observed"",""stock_signal"":""observed"",""rating"":""observed"",""rating_count"":""observed"",""review_count"":""observed"",""question_count"":""observed"",""delivery_summary"":""observed"",""shipping_cost"":""observed"",""properties"":""observed""}",true,
2026-08-21,2026-08-21T12:30:04+03:00,elektronik,BEST_SELLER,elektronik-vitrini,Trendyol Elektronik / En Çok Satan,146,7,146,146,2,elektronik:elektronik-vitrini,146,,24.9,5.1,834246721,109616,834246721:109616,Aprilla AHD 2102 Katlanabilir Saç Kurutma Makinesi,Aprilla,,https://www.trendyol.com/aprilla/ahd-2102-katlanabilir-sac-kurutma-makinesi-p-834246721?boutiqueId=61&merchantId=109616,MiniHome,9,649,,,,TRY,"[""Kargo Bedava"",""Sepette %10 İndirim""]",InStock,100 adetten fazla stok sunulmuştur,,,,,4.3,1278,,,148,"1,5B kişinin sepetinde","34,1B kişi favoriledi","Son 24 saatte 1,8B kişi görüntüledi",,,0,,,,Tahmini Teslim:,En Çok Ziyaret Edilen 1. Ürün,,{},0,,refreshed,"[""daily_top""]",true,2026-08-21T12:30:04+03:00,0,"[""search_result_dom"",""product_detail_jsonld"",""product_detail_dom""]","{""title"":""observed"",""brand"":""observed"",""seller_name"":""observed"",""seller_score"":""observed"",""price"":""observed"",""original_price"":""unavailable"",""campaigns"":""observed"",""stock_status"":""observed"",""stock_signal"":""observed"",""rating"":""observed"",""rating_count"":""observed"",""review_count"":""unavailable"",""question_count"":""observed"",""delivery_summary"":""observed"",""shipping_cost"":""unavailable"",""properties"":""observed""}",true,
2026-08-21,2026-08-21T12:30:04+03:00,elektronik,BEST_SELLER,elektronik-vitrini,Trendyol Elektronik / En Çok Satan,147,7,147,147,9,elektronik:elektronik-vitrini,147,,23.3,6.7,836379368,825484,836379368:825484,nextbuy Mini Soğutucu Vantilatör Type-C Şarjlı Masa Üstü Fan Taşınabilir 4 Mod Hız Ayarlı Pervane,nextbuy,Vantilatör,https://www.trendyol.com/nextbuy/mini-sogutucu-vantilator-type-c-sarjli-masa-ustu-fan-tasinabilir-4-mod-hiz-ayarli-pervane-p-836379368?boutiqueId=61&merchantId=825484,indirimhanem,92,520,,,,TRY,"[""15 TL Kupon"",""Kargo Bedava"",""Trendyol Plus'a Özel""]",InStock,100 adetten fazla stok sunulmuştur,,,,,4.7,1213,817,,600,"1,6B kişinin sepetinde","22,9B kişi favoriledi",Son 24 saatte 685 kişi görüntüledi,4999,TRY,0,1,1,4,Tahmini Teslim:,En Çok Satan 9. Ürün,https://cdn.dsmcdn.com/ty1934/prod/QC_ENRICHMENT/20260703/09/36b342a1-4fac-3531-9a61-c424b166b407/1_org_zoom.jpg,"{""Tip"":""Masaüstü"",""Renk"":""Beyaz"",""Özellik"":""Soğutucu"",""Garanti Tipi"":""İthalatçı Garantili"",""Garanti Süresi"":""2 Yıl"",""Menşei"":""CN"",""Tamir Edilebilirlik"":""Tamir Edilebilir, Satıcı ile İletişime Geçiniz.""}",20,5,refreshed,"[""daily_top""]",true,2026-08-21T12:30:04+03:00,0,"[""search_result_dom"",""product_detail_jsonld"",""product_detail_dom""]","{""title"":""observed"",""brand"":""observed"",""seller_name"":""observed"",""seller_score"":""observed"",""price"":""observed"",""original_price"":""unavailable"",""campaigns"":""observed"",""stock_status"":""observed"",""stock_signal"":""observed"",""rating"":""observed"",""rating_count"":""observed"",""review_count"":""observed"",""question_count"":""observed"",""delivery_summary"":""observed"",""shipping_cost"":""observed"",""properties"":""observed""}",true,
2026-08-21,2026-08-21T12:30:04+03:00,elektronik,BEST_SELLER,elektronik-vitrini,Trendyol Elektronik / En Çok Satan,148,7,148,148,8,elektronik:elektronik-vitrini,148,38,0,,962145696,1016261,962145696:1016261,Nazalya Taşınılabilir Şarjlı El ve Masa Fanı - Mini Vantilatör Soğutucu,Nazalya,,https://www.trendyol.com/nazalya/tasinilabilir-sarjli-el-ve-masa-fani-mini-vantilator-sogutucu-p-962145696?boutiqueId=61&merchantId=1016261,Nazalya Store,88,199.55,,,33.2,TRY,"[""15 TL Kupon"",""Kargo Bedava"",""Trendyol Plus'a Özel""]",InStock,100 adetten fazla stok sunulmuştur,,,,,,,,0,,,,,,,0,,,,2 saat 24 dakika içinde sipariş verirsen en geç bugün kargoda!,En Çok Satan 8. Ürün,,{},0,,refreshed,"[""daily_top""]",true,2026-08-21T12:30:04+03:00,0,"[""search_result_dom"",""product_detail_jsonld"",""product_detail_dom""]","{""title"":""observed"",""brand"":""observed"",""seller_name"":""observed"",""seller_score"":""observed"",""price"":""observed"",""original_price"":""unavailable"",""campaigns"":""observed"",""stock_status"":""observed"",""stock_signal"":""observed"",""rating"":""unavailable"",""rating_count"":""unavailable"",""review_count"":""unavailable"",""question_count"":""unavailable"",""delivery_summary"":""observed"",""shipping_cost"":""unavailable"",""properties"":""observed""}",true,
2026-08-21,2026-08-21T12:30:04+03:00,elektronik,BEST_SELLER,elektronik-vitrini,Trendyol Elektronik / En Çok Satan,149,7,149,149,5,elektronik:elektronik-vitrini,149,,29.7,0.3,750604882,519473,750604882:519473,Maxron 64 GB Flash Bellek Metal Gövde Ömür Boyu Garantili Güvenli Usb Bellek Data Traveler,Maxron,USB Bellek,https://www.trendyol.com/maxron/64-gb-flash-bellek-metal-govde-omur-boyu-garantili-guvenli-usb-bellek-data-traveler-p-750604882?boutiqueId=61&merchantId=519473,Asya Pasifik Teknoloji,96,370.09,,,,TRY,"[""Kargo Bedava""]",InStock,100 adetten fazla stok sunulmuştur,,,,,4.5,10581,5093,,1154,681 kişinin sepetinde,"88,6B kişi favoriledi",Son 24 saatte 355 kişi görüntüledi,4999,TRY,0,1,1,4,2 saat 24 dakika içinde sipariş verirsen en geç bugün kargoda!,,https://cdn.dsmcdn.com/ty1944/prod/QC_ENRICHMENT/20260819/12/b888319e-cbc6-3950-938b-75450acdd30a/1_org_zoom.jpg,"{""Garanti Tipi"":""Resmi Distribütör Garantili"",""Kapasite"":""64 GB"",""Okuma Hızı"":""50 MB/s ve altı"",""Giriş/Çıkış Portları"":""USB 2.0"",""Yazma Hızı"":""50 MB/s ve altı"",""Renk"":""Gümüş"",""Garanti Süresi"":""5 Yıl"",""Menşei"":""CN"",""Özellik"":""Uzun""}",20,5,refreshed,"[""daily_top""]",true,2026-08-21T12:30:04+03:00,0,"[""search_result_dom"",""product_detail_jsonld"",""product_detail_dom""]","{""title"":""observed"",""brand"":""observed"",""seller_name"":""observed"",""seller_score"":""observed"",""price"":""observed"",""original_price"":""unavailable"",""campaigns"":""observed"",""stock_status"":""observed"",""stock_signal"":""observed"",""rating"":""observed"",""rating_count"":""observed"",""review_count"":""observed"",""question_count"":""observed"",""delivery_summary"":""observed"",""shipping_cost"":""observed"",""properties"":""observed""}",true,
2026-08-21,2026-08-21T12:30:04+03:00,elektronik,BEST_SELLER,elektronik-vitrini,Trendyol Elektronik / En Çok Satan,150,7,150,150,,elektronik:elektronik-vitrini,150,22,25.7,4.3,932576725,968,932576725:968,"Kiwi Kep-6816 Kaş, Yüz, Hassas Bölgeler İçin Otomatik Işıklı Cımbız",Kiwi,Epilatör,https://www.trendyol.com/kiwi/kep-6816-kas-yuz-hassas-bolgeler-icin-otomatik-isikli-cimbiz-p-932576725?boutiqueId=689770&merchantId=968,Trendyol,,615.93,,,0,TRY,"[""Kargo Bedava""]",InStock,100 adetten fazla stok sunulmuştur,,,,,3.9,3474,1632,8,866,"1,9B kişinin sepetinde",112B kişi favoriledi,"Son 24 saatte 1,5B kişi görüntüledi",4999,TRY,0,,1,4,2 saat 24 dakika içinde sipariş verirsen en geç bugün kargoda!,En Çok Favorilenen 3. Ürün,https://cdn.dsmcdn.com/ty1779/prod/QC_ENRICHMENT/20251028/23/740e6046-297d-3a06-9d77-3bc73fda2114/1_org_zoom.jpg,"{""Frekans"":""50 Hz / 60 Hz"",""Garanti Tipi"":""Resmi Distribütör Garantili"",""Kullanım"":""Kuru"",""Tip"":""Kablosuz"",""Garanti Süresi"":""2 Yıl"",""Voltaj"":""220 - 240 V"",""Diğer Özellikler"":""Standart"",""Menşei"":""CN"",""Tamir Edilebilirlik"":""Yetkili Servis ile Tamiri Gerekir.""}",20,5,refreshed,"[""daily_top""]",true,2026-08-21T12:30:04+03:00,0,"[""search_result_dom"",""product_detail_jsonld"",""product_detail_dom""]","{""title"":""observed"",""brand"":""observed"",""seller_name"":""observed"",""seller_score"":""unavailable"",""price"":""observed"",""original_price"":""unavailable"",""campaigns"":""observed"",""stock_status"":""observed"",""stock_signal"":""observed"",""rating"":""observed"",""rating_count"":""observed"",""review_count"":""observed"",""question_count"":""observed"",""delivery_summary"":""observed"",""shipping_cost"":""observed"",""properties"":""observed""}",true,
2026-08-21,2026-08-21T12:30:04+03:00,elektronik,BEST_SELLER,elektronik-vitrini,Trendyol Elektronik / En Çok Satan,151,7,151,151,5,elektronik:elektronik-vitrini,151,42,24.5,5.5,879039193,200472,879039193:200472,JETLİNE Dalgalandırıcı Vigo Başlık Difüzör Saç Kurutma Fön Makinesi Başlığı Profesyonel,JETLİNE,Saç Kurutma Makinesi,https://www.trendyol.com/jetline/dalgalandirici-vigo-baslik-difuzor-sac-kurutma-fon-makinesi-basligi-profesyonel-p-879039193?boutiqueId=61&merchantId=200472,Wunderbar,91,179.99,,,0,TRY,"[""Kargo Bedava""]",InStock,100 adetten fazla stok sunulmuştur,,,,,4,2797,1150,2,1558,2B kişinin sepetinde,"61,7B kişi favoriledi",Son 24 saatte 568 kişi görüntüledi,4999,TRY,0,1,1,4,Tahmini Teslim:,En Çok Satan 5. Ürün,https://cdn.dsmcdn.com/ty1853/prod/QC_ENRICHMENT/20260411/00/a52862af-99e6-3b45-bfd6-67f0ada7a5e3/1_org_zoom.jpg,"{""Tip"":""Profesyonel"",""Voltaj"":""220 - 240 V"",""Renk"":""Siyah"",""Garanti Tipi"":""Resmi Distribütör Garantili"",""Güç"":""Belirtilmemiş"",""Otomatik Kapanma"":""Var"",""Hız Ayarı"":""Belirtilmemiş"",""Isı Ayarı"":""Belirtilmemiş"",""İyon Özelliği"":""Yok"",""Motor Tipi"":""AC"",""Difüzör"":""Var"",""Garanti Süresi"":""2 Yıl"",""Frekans"":""50 Hz / 60 Hz"",""Menşei"":""TR""}",20,5,refreshed,"[""daily_top"",""hot_change""]",true,2026-08-21T12:30:04+03:00,0,"[""search_result_dom"",""product_detail_jsonld"",""product_detail_dom""]","{""title"":""observed"",""brand"":""observed"",""seller_name"":""observed"",""seller_score"":""observed"",""price"":""observed"",""original_price"":""unavailable"",""campaigns"":""observed"",""stock_status"":""observed"",""stock_signal"":""observed"",""rating"":""observed"",""rating_count"":""observed"",""review_count"":""observed"",""question_count"":""observed"",""delivery_summary"":""observed"",""shipping_cost"":""observed"",""properties"":""observed""}",true,
2026-08-21,2026-08-21T12:30:04+03:00,elektronik,BEST_SELLER,elektronik-vitrini,Trendyol Elektronik / En Çok Satan,152,7,152,152,2,elektronik:elektronik-vitrini,152,-29,20,10,938441662,968,938441662:968,"Tp-Link Tapo TC71, 2K 3MP, Çift Yönlü Ses, Bulut/SD Kart Depolama Akıllı Wi-Fi Güvenlik Kamerası",Tp-Link,Akıllı Kamera,https://www.trendyol.com/tp-link/tapo-tc71-2k-3mp-cift-yonlu-ses-bulut-sd-kart-depolama-akilli-wi-fi-guvenlik-kamerasi-p-938441662?boutiqueId=689770&merchantId=968,Trendyol,,1099,,,0,TRY,"[""Kargo Bedava"",""Peşin Fiyatına 3 Taksit""]",InStock,100 adetten fazla stok sunulmuştur,,,,,4.8,544,314,3,452,"1,3B kişinin sepetinde","18,5B kişi favoriledi",Son 24 saatte 775 kişi görüntüledi,4999,TRY,0,1,1,4,2 saat 24 dakika içinde sipariş verirsen en geç bugün kargoda!,En Çok Satan 2. Ürün,https://cdn.dsmcdn.com/ty1000410/product/media/images/prod/PIM/20260619/12/7d56c750-58b0-4c41-9645-7bede347c6e2/1_org_zoom.jpg,"{""Garanti Süresi"":""2 Yıl"",""Renk"":""Beyaz"",""Garanti Tipi"":""Resmi Distribütör Garantili"",""Bağlantı Türü"":""Kablosuz"",""Gece Görüşü"":""var"",""Kamera Çözünürlük"":""2K"",""Görüş Açısı"":""Hareketli"",""Güç Kaynağı"":""AC Adaptör"",""Kullanım Yeri"":""İç Mekan"",""Ses Çıkışı"":""Dinleme ve Konuşma"",""Hareket Algılama"":""Var"",""Menşei"":""CN"",""Tamir Edilebilirlik"":""Yetkili Servis ile Tamiri Gerekir.""}",20,5,refreshed,"[""daily_top""]",true,2026-08-21T12:30:04+03:00,0,"[""search_result_dom"",""product_detail_jsonld"",""product_detail_dom""]","{""title"":""observed"",""brand"":""observed"",""seller_name"":""observed"",""seller_score"":""unavailable"",""price"":""observed"",""original_price"":""unavailable"",""campaigns"":""observed"",""stock_status"":""observed"",""stock_signal"":""observed"",""rating"":""observed"",""rating_count"":""observed"",""review_count"":""observed"",""question_count"":""observed"",""delivery_summary"":""observed"",""shipping_cost"":""observed"",""properties"":""observed""}",true,
2026-08-21,2026-08-21T12:30:04+03:00,elektronik,BEST_SELLER,elektronik-vitrini,Trendyol Elektronik / En Çok Satan,153,7,153,153,2,elektronik:elektronik-vitrini,153,44,23.9,6.1,877002459,984136,877002459:984136,Xiaomi Power Bank USB ve USB-C Portu ve USB-C Entegre Kablo 20000mAh 33W BHR8851GL - Tan,Xiaomi,,https://www.trendyol.com/xiaomi/power-bank-usb-ve-usb-c-portu-ve-usb-c-entegre-kablo-20000mah-33w-bhr8851gl-tan-p-877002459?boutiqueId=61&merchantId=984136,Xiaomi Resmi Mağazası,86,1549,,,0,TRY,"[""Kargo Bedava"",""Peşin Fiyatına 3 Taksit""]",InStock,10 adetten fazla stok sunulmuştur,,,,,4.6,960,,0,471,582 kişinin sepetinde,"28,7B kişi favoriledi","Son 24 saatte 1,2B kişi görüntüledi",,,0,,,,11 saat 24 dakika içinde sipariş verirsen en geç yarın kargoda!,En Çok Satan 2. Ürün,,{},0,,refreshed,"[""daily_top"",""hot_change""]",true,2026-08-21T12:30:04+03:00,0,"[""search_result_dom"",""product_detail_jsonld"",""product_detail_dom""]","{""title"":""observed"",""brand"":""observed"",""seller_name"":""observed"",""seller_score"":""observed"",""price"":""observed"",""original_price"":""unavailable"",""campaigns"":""observed"",""stock_status"":""observed"",""stock_signal"":""observed"",""rating"":""observed"",""rating_count"":""observed"",""review_count"":""unavailable"",""question_count"":""observed"",""delivery_summary"":""observed"",""shipping_cost"":""unavailable"",""properties"":""observed""}",true,
2026-08-21,2026-08-21T12:30:04+03:00,elektronik,BEST_SELLER,elektronik-vitrini,Trendyol Elektronik / En Çok Satan,154,7,154,154,,elektronik:elektronik-vitrini,154,-13,18.5,11.5,953478252,763934,953478252:763934,Miomi Tripod Ledli Ayaklı Tripot Pro 6500k Youtuber Fotoğraf Video Çekimi Telefon Tutucu(KUMANDA HEDİYE),Miomi,Foto & Kamera Aksesuarı,https://www.trendyol.com/miomi/tripod-ledli-ayakli-tripot-pro-6500k-youtuber-fotograf-video-cekimi-telefon-tutucu-kumanda-hediye-p-953478252?boutiqueId=61&merchantId=763934,Miomi Türkiye,91,489.16,,,0,TRY,"[""Sepette %1 İndirim"",""Kargo Bedava"",""Trendyol Plus'a Özel""]",InStock,100 adetten fazla stok sunulmuştur,,,,,4.2,407,206,2,240,"1,7B kişinin sepetinde","17,3B kişi favoriledi",Son 24 saatte 1B kişi görüntüledi,4999,TRY,0,1,1,4,Tahmini Teslim:,En Çok Ziyaret Edilen 2. Ürün,https://cdn.dsmcdn.com/ty1799/prod/QC_ENRICHMENT/20251214/18/ff5715aa-e508-3775-b06e-3601b4523a4d/1_org_zoom.jpg,"{""Tip"":""Sabitleyiciler (Tripod)"",""Renk"":""Siyah"",""Menşei"":""CN"",""Bakım Talimatları (Genel)"":""Nemli bir bezle silin.""}",20,5,refreshed,"[""daily_top""]",true,2026-08-21T12:30:04+03:00,0,"[""search_result_dom"",""product_detail_jsonld"",""product_detail_dom""]","{""title"":""observed"",""brand"":""observed"",""seller_name"":""observed"",""seller_score"":""observed"",""price"":""observed"",""original_price"":""unavailable"",""campaigns"":""observed"",""stock_status"":""observed"",""stock_signal"":""observed"",""rating"":""observed"",""rating_count"":""observed"",""review_count"":""observed"",""question_count"":""observed"",""delivery_summary"":""observed"",""shipping_cost"":""observed"",""properties"":""observed""}",true,
2026-08-21,2026-08-21T12:30:04+03:00,elektronik,BEST_SELLER,elektronik-vitrini,Trendyol Elektronik / En Çok Satan,155,7,155,155,1,elektronik:elektronik-vitrini,155,-16,23.4,7.7,1078278770,878209,1078278770:878209,KAZEMTECH 5K Dijital Retro Video Kamera 75MP 18X Zoom Flaşlı (64GB) Kart Dijital Vlog Fotoğraf Makinesi TÜRKÇE,KAZEMTECH,,https://www.trendyol.com/kazemtech/5k-dijital-retro-video-kamera-75mp-18x-zoom-flasli-64gb-kart-dijital-vlog-fotograf-makinesi-turkce-p-1078278770?boutiqueId=61&merchantId=878209,AlyaShoping,89,3149.37,3185,1.1,0,TRY,"[""Kargo Bedava"",""Son 10 Günün En Düşük Fiyatı"",""Peşin Fiyatına 3 Taksit"",""Son 10 günün en düşük fiyatı""]",InStock,100 adetten fazla stok sunulmuştur,,,,,4.5,620,,0,1227,"3,2B kişinin sepetinde","86,2B kişi favoriledi","Son 24 saatte 2,3B kişi görüntüledi",,,0,,,,11 saat 24 dakika içinde sipariş verirsen en geç yarın kargoda!,En Çok Satan 1. Ürün,,{},0,,refreshed,"[""daily_top""]",true,2026-08-21T12:30:04+03:00,0,"[""search_result_dom"",""product_detail_jsonld"",""product_detail_dom""]","{""title"":""observed"",""brand"":""observed"",""seller_name"":""observed"",""seller_score"":""observed"",""price"":""observed"",""original_price"":""observed"",""campaigns"":""observed"",""stock_status"":""observed"",""stock_signal"":""observed"",""rating"":""observed"",""rating_count"":""observed"",""review_count"":""unavailable"",""question_count"":""observed"",""delivery_summary"":""observed"",""shipping_cost"":""unavailable"",""properties"":""observed""}",true,
2026-08-21,2026-08-21T12:30:04+03:00,elektronik,BEST_SELLER,elektronik-vitrini,Trendyol Elektronik / En Çok Satan,156,7,156,156,5,elektronik:elektronik-vitrini,156,-9,24.8,5.2,865964667,335426,865964667:335426,KVK PRİVACY Iphone 16 Kılıf Magsafe Şeffaf Kılıf Kamera Çıkıntılı Darbeye Dayanıklı Kapak,KVK PRİVACY,,https://www.trendyol.com/kvk-privacy/iphone-16-kilif-magsafe-seffaf-kilif-kamera-cikintili-darbeye-dayanikli-kapak-p-865964667?boutiqueId=61&merchantId=335426,KVK PRİVACY,,123.18,,,0,TRY,"[""Kargo Bedava""]",InStock,100 adetten fazla stok sunulmuştur,,,,,4.2,1258,,0,126,"2,1B kişinin sepetinde","39,8B kişi favoriledi",Son 24 saatte 814 kişi görüntüledi,,,0,,,,2 saat 24 dakika içinde sipariş verirsen en geç bugün kargoda!,,,{},0,,refreshed,"[""daily_top""]",true,2026-08-21T12:30:04+03:00,0,"[""search_result_dom"",""product_detail_jsonld"",""product_detail_dom""]","{""title"":""observed"",""brand"":""observed"",""seller_name"":""observed"",""seller_score"":""unavailable"",""price"":""observed"",""original_price"":""unavailable"",""campaigns"":""observed"",""stock_status"":""observed"",""stock_signal"":""observed"",""rating"":""observed"",""rating_count"":""observed"",""review_count"":""unavailable"",""question_count"":""observed"",""delivery_summary"":""observed"",""shipping_cost"":""unavailable"",""properties"":""observed""}",true,
2026-08-21,2026-08-21T12:30:04+03:00,elektronik,BEST_SELLER,elektronik-vitrini,Trendyol Elektronik / En Çok Satan,157,7,157,157,2,elektronik:elektronik-vitrini,157,-14,24.1,10.9,1076440925,266456,1076440925:266456,Go Aksesuar İphone 20 Watt (USB-C) Hızlı Şarj Güç Adaptörü,Go Aksesuar,Şarj Adaptörü,https://www.trendyol.com/go-aksesuar/iphone-20-watt-usb-c-hizli-sarj-guc-adaptoru-p-1076440925?boutiqueId=61&merchantId=266456,GO AKSESUAR,97,189.99,199.99,5,0,TRY,"[""Sepette %5 İndirim"",""Kargo Bedava""]",InStock,100 adetten fazla stok sunulmuştur,,,,,4.1,606,244,2,115,997 kişinin sepetinde,"6,4B kişi favoriledi",Son 24 saatte 404 kişi görüntüledi,4999,TRY,0,1,1,4,1 saat 24 dakika içinde sipariş verirsen en geç bugün kargoda!,En Çok Satan 2. Ürün,https://cdn.dsmcdn.com/ty1658/prod/QC/20250404/11/9d045ea5-cb55-37f9-b75e-71497749bee1/1_org_zoom.jpg,"{""Garanti Süresi"":""2 Yıl"",""Bağlantı Tipi"":""USB Type C"",""Garanti Tipi"":""Apple Türkiye Garantili"",""Renk"":""Beyaz"",""Hızlı Şarj"":""Var"",""Menşei"":""CN"",""Tamir Edilebilirlik"":""Yetkili Servis ile Tamiri Gerekir.""}",20,5,refreshed,"[""daily_top""]",true,2026-08-21T12:30:04+03:00,0,"[""search_result_dom"",""product_detail_jsonld"",""product_detail_dom""]","{""title"":""observed"",""brand"":""observed"",""seller_name"":""observed"",""seller_score"":""observed"",""price"":""observed"",""original_price"":""observed"",""campaigns"":""observed"",""stock_status"":""observed"",""stock_signal"":""observed"",""rating"":""observed"",""rating_count"":""observed"",""review_count"":""observed"",""question_count"":""observed"",""delivery_summary"":""observed"",""shipping_cost"":""observed"",""properties"":""observed""}",true,
2026-08-21,2026-08-21T12:30:04+03:00,elektronik,BEST_SELLER,elektronik-vitrini,Trendyol Elektronik / En Çok Satan,158,7,158,158,10,elektronik:elektronik-vitrini,158,,21.6,8.4,960253781,1016261,960253781:1016261,Nazalya Taşınılabilir Şarjlı El ve Masa Fanı - Mini Vantilatör Soğutucu,Nazalya,,https://www.trendyol.com/nazalya/tasinilabilir-sarjli-el-ve-masa-fani-mini-vantilator-sogutucu-p-960253781?boutiqueId=61&merchantId=1016261,Nazalya Store,88,199.77,,,,TRY,"[""15 TL Kupon"",""Kargo Bedava"",""Trendyol Plus'a Özel""]",InStock,100 adetten fazla stok sunulmuştur,,,,,4.1,496,,,150,2B kişinin sepetinde,"28,8B kişi favoriledi",Son 24 saatte 837 kişi görüntüledi,,,0,,,,2 saat 24 dakika içinde sipariş verirsen en geç bugün kargoda!,En Çok Satan 10. Ürün,,{},0,,refreshed,"[""daily_top""]",true,2026-08-21T12:30:04+03:00,0,"[""search_result_dom"",""product_detail_jsonld"",""product_detail_dom""]","{""title"":""observed"",""brand"":""observed"",""seller_name"":""observed"",""seller_score"":""observed"",""price"":""observed"",""original_price"":""unavailable"",""campaigns"":""observed"",""stock_status"":""observed"",""stock_signal"":""observed"",""rating"":""observed"",""rating_count"":""observed"",""review_count"":""unavailable"",""question_count"":""observed"",""delivery_summary"":""observed"",""shipping_cost"":""unavailable"",""properties"":""observed""}",true,
2026-08-21,2026-08-21T12:30:04+03:00,elektronik,BEST_SELLER,elektronik-vitrini,Trendyol Elektronik / En Çok Satan,159,7,159,159,14,elektronik:elektronik-vitrini,159,17,28.4,1.6,760659874,335426,760659874:335426,KVK PRİVACY Iphone 13-14-15 Uyumlu Içi Kadife Lansman Silikon Kılıf Kapak Kum Pembe,KVK PRİVACY,,https://www.trendyol.com/kvk-privacy/iphone-13-14-15-uyumlu-ici-kadife-lansman-silikon-kilif-kapak-kum-pembe-p-760659874?boutiqueId=61&merchantId=335426,KVK PRİVACY,,100.22,,,-9.7,TRY,"[""Kargo Bedava""]",InStock,100 adetten fazla stok sunulmuştur,,,,,4.3,3527,,0,463,"2,6B kişinin sepetinde","161,7B kişi favoriledi","Son 24 saatte 1,7B kişi görüntüledi",,,0,,,,2 saat 24 dakika içinde sipariş verirsen en geç bugün kargoda!,,,{},0,,refreshed,"[""daily_top""]",true,2026-08-21T12:30:04+03:00,0,"[""search_result_dom"",""product_detail_jsonld"",""product_detail_dom""]","{""title"":""observed"",""brand"":""observed"",""seller_name"":""observed"",""seller_score"":""unavailable"",""price"":""observed"",""original_price"":""unavailable"",""campaigns"":""observed"",""stock_status"":""observed"",""stock_signal"":""observed"",""rating"":""observed"",""rating_count"":""observed"",""review_count"":""unavailable"",""question_count"":""observed"",""delivery_summary"":""observed"",""shipping_cost"":""unavailable"",""properties"":""observed""}",true,
2026-08-21,2026-08-21T12:30:04+03:00,elektronik,BEST_SELLER,elektronik-vitrini,Trendyol Elektronik / En Çok Satan,160,7,160,160,2,elektronik:elektronik-vitrini,160,15,24.5,5.5,1041954051,335426,1041954051:335426,KVK PRİVACY iPhone 16 Uyumlu Pembe Leopar Desenli İnce Yumuşak Silikon Kılıf,KVK PRİVACY,,https://www.trendyol.com/kvk-privacy/iphone-16-uyumlu-pembe-leopar-desenli-ince-yumusak-silikon-kilif-p-1041954051?boutiqueId=61&merchantId=335426,KVK PRİVACY,,101.22,,,-11.6,TRY,"[""Kargo Bedava""]",InStock,100 adetten fazla stok sunulmuştur,,,,,4.6,1160,,0,157,"2,1B kişinin sepetinde","56,1B kişi favoriledi",Son 24 saatte 1B kişi görüntüledi,,,0,,,,2 saat 24 dakika içinde sipariş verirsen en geç bugün kargoda!,,,{},0,,refreshed,"[""daily_top""]",true,2026-08-21T12:30:04+03:00,0,"[""search_result_dom"",""product_detail_jsonld"",""product_detail_dom""]","{""title"":""observed"",""brand"":""observed"",""seller_name"":""observed"",""seller_score"":""unavailable"",""price"":""observed"",""original_price"":""unavailable"",""campaigns"":""observed"",""stock_status"":""observed"",""stock_signal"":""observed"",""rating"":""observed"",""rating_count"":""observed"",""review_count"":""unavailable"",""question_count"":""observed"",""delivery_summary"":""observed"",""shipping_cost"":""unavailable"",""properties"":""observed""}",true,
2026-08-21,2026-08-21T12:30:04+03:00,elektronik,BEST_SELLER,elektronik-vitrini,Trendyol Elektronik / En Çok Satan,161,7,161,161,12,elektronik:elektronik-vitrini,161,-40,31.4,0,344060466,108980,344060466:108980,VOLEMİ Profesyonel 2200W Hava Üflemeli Saç Şekillendirici İyonik Düzleştirici Fön Tarağı Ve Hacim Verici Fırça V-0167,VOLEMİ,,https://www.trendyol.com/volemi/profesyonel-2200w-hava-uflemeli-sac-sekillendirici-iyonik-duzlestirici-fon-taragi-ve-hacim-verici-firca-v-0167-p-344060466?boutiqueId=61&merchantId=108980,EVKOLİK,87,399,,,-1,TRY,"[""Kargo Bedava"",""Sepette %10 İndirim"",""Son 10 Günün En Düşük Fiyatı""]",InStock,100 adetten fazla stok sunulmuştur,,,,,3.9,8387,,0,1540,"1,1B kişinin sepetinde","99,7B kişi favoriledi",Son 24 saatte 802 kişi görüntüledi,,,0,,,,Tahmini Teslim:,,,{},0,,refreshed,"[""daily_top""]",true,2026-08-21T12:30:04+03:00,0,"[""search_result_dom"",""product_detail_jsonld"",""product_detail_dom""]","{""title"":""observed"",""brand"":""observed"",""seller_name"":""observed"",""seller_score"":""observed"",""price"":""observed"",""original_price"":""unavailable"",""campaigns"":""observed"",""stock_status"":""observed"",""stock_signal"":""observed"",""rating"":""observed"",""rating_count"":""observed"",""review_count"":""unavailable"",""question_count"":""observed"",""delivery_summary"":""observed"",""shipping_cost"":""unavailable"",""properties"":""observed""}",true,
2026-08-21,2026-08-21T12:30:04+03:00,elektronik,BEST_SELLER,elektronik-vitrini,Trendyol Elektronik / En Çok Satan,162,7,162,162,3,elektronik:elektronik-vitrini,162,20,28.2,1.8,834464539,512091,834464539:512091,FANTOM Pratik 1200 Pratik S Uyumlu Turbo Başlık Antrasit,FANTOM,,https://www.trendyol.com/fantom/pratik-1200-pratik-s-uyumlu-turbo-baslik-antrasit-p-834464539?boutiqueId=61&merchantId=512091,labooryonline,94,649,,,8.3,TRY,"[""Kargo Bedava""]",InStock,100 adetten fazla stok sunulmuştur,,,,,4.4,3329,,0,1535,925 kişinin sepetinde,"68,6B kişi favoriledi",Son 24 saatte 1B kişi görüntüledi,,,0,,,,11 saat 24 dakika içinde sipariş verirsen en geç yarın kargoda!,En Çok Favorilenen 1. Ürün,,{},0,,refreshed,"[""daily_top""]",true,2026-08-21T12:30:04+03:00,0,"[""search_result_dom"",""product_detail_jsonld"",""product_detail_dom""]","{""title"":""observed"",""brand"":""observed"",""seller_name"":""observed"",""seller_score"":""observed"",""price"":""observed"",""original_price"":""unavailable"",""campaigns"":""observed"",""stock_status"":""observed"",""stock_signal"":""observed"",""rating"":""observed"",""rating_count"":""observed"",""review_count"":""unavailable"",""question_count"":""observed"",""delivery_summary"":""observed"",""shipping_cost"":""unavailable"",""properties"":""observed""}",true,
2026-08-21,2026-08-21T12:30:04+03:00,elektronik,BEST_SELLER,elektronik-vitrini,Trendyol Elektronik / En Çok Satan,163,7,163,163,5,elektronik:elektronik-vitrini,163,-13,31.3,0,469611211,968,469611211:968,Karaca Hatır Közde Türk Kahvesi ve Türk Kahve Makinesi Krem 5 Fincan Kapasiteli Bol Köpüklü,Karaca,,https://www.trendyol.com/karaca/hatir-kozde-turk-kahvesi-ve-turk-kahve-makinesi-krem-5-fincan-kapasiteli-bol-kopuklu-p-469611211?boutiqueId=689770&merchantId=968,Trendyol,,1699,,,0,TRY,"[""Kargo Bedava"",""Peşin Fiyatına 3 Taksit""]",InStock,100 adetten fazla stok sunulmuştur,,,,,4.5,8235,,0,1109,"1,8B kişinin sepetinde","154,8B kişi favoriledi","Son 24 saatte 1,6B kişi görüntüledi",,,0,,,,2 saat 24 dakika içinde sipariş verirsen en geç bugün kargoda!,En Çok Satan 5. Ürün,,{},0,,refreshed,"[""daily_top""]",true,2026-08-21T12:30:04+03:00,0,"[""search_result_dom"",""product_detail_jsonld"",""product_detail_dom""]","{""title"":""observed"",""brand"":""observed"",""seller_name"":""observed"",""seller_score"":""unavailable"",""price"":""observed"",""original_price"":""unavailable"",""campaigns"":""observed"",""stock_status"":""observed"",""stock_signal"":""observed"",""rating"":""observed"",""rating_count"":""observed"",""review_count"":""unavailable"",""question_count"":""observed"",""delivery_summary"":""observed"",""shipping_cost"":""unavailable"",""properties"":""observed""}",true,
2026-08-21,2026-08-21T12:30:04+03:00,elektronik,BEST_SELLER,elektronik-vitrini,Trendyol Elektronik / En Çok Satan,164,7,164,164,1,elektronik:elektronik-vitrini,164,-32,19.3,10.7,1047739240,1098222,1047739240:1098222,Golden Tech Type C To SD Micro SD TF Kart Okuyucu ve USB Çevirici 3 in 1 Dönüştürücü Adaptör,Golden Tech,Çevirici Dönüştürücü,https://www.trendyol.com/golden-tech/type-c-to-sd-micro-sd-tf-kart-okuyucu-ve-usb-cevirici-3-in-1-donusturucu-adaptor-p-1047739240?boutiqueId=61&merchantId=1098222,Golden Tech,89,189.9,,,0,TRY,"[""Kargo Bedava"",""Trendyol Plus'a Özel""]",InStock,100 adetten fazla stok sunulmuştur,,,,,4.3,672,257,1,499,"1,3B kişinin sepetinde","26,8B kişi favoriledi",Son 24 saatte 599 kişi görüntüledi,4999,TRY,0,,1,4,24 dakika 23 saniye içinde sipariş verirsen en geç bugün kargoda!,En Çok Satan 1. Ürün,https://cdn.dsmcdn.com/ty1911/prod/QC_ENRICHMENT/20260714/14/75e75cf0-ec3d-3122-8cc2-b60808ec6b09/1_org_zoom.jpg,"{""Renk"":""Gri"",""Menşei"":""CN""}",20,5,refreshed,"[""daily_top""]",true,2026-08-21T12:30:04+03:00,0,"[""search_result_dom"",""product_detail_jsonld"",""product_detail_dom""]","{""title"":""observed"",""brand"":""observed"",""seller_name"":""observed"",""seller_score"":""observed"",""price"":""observed"",""original_price"":""unavailable"",""campaigns"":""observed"",""stock_status"":""observed"",""stock_signal"":""observed"",""rating"":""observed"",""rating_count"":""observed"",""review_count"":""observed"",""question_count"":""observed"",""delivery_summary"":""observed"",""shipping_cost"":""observed"",""properties"":""observed""}",true,
2026-08-21,2026-08-21T12:30:04+03:00,elektronik,BEST_SELLER,elektronik-vitrini,Trendyol Elektronik / En Çok Satan,165,7,165,165,46,elektronik:elektronik-vitrini,165,-30,26.4,3.6,917532704,110546,917532704:110546,Fibaks iPhone 13/14/15 Kılıf Tüylü Hologram Kelebek Desenli Darbe Emici Kamera Korumalı Silikon,Fibaks,,https://www.trendyol.com/fibaks/iphone-13-14-15-kilif-tuylu-hologram-kelebek-desenli-darbe-emici-kamera-korumali-silikon-p-917532704?boutiqueId=61&merchantId=110546,Fibaks,,148.32,,,0,TRY,"[""Kargo Bedava""]",InStock,100 adetten fazla stok sunulmuştur,,,,,4.5,1968,,0,189,"1,7B kişinin sepetinde",69B kişi favoriledi,"Son 24 saatte 1,5B kişi görüntüledi",,,0,,,,4 saat 24 dakika içinde sipariş verirsen en geç bugün kargoda!,,,{},0,,refreshed,"[""daily_top""]",true,2026-08-21T12:30:04+03:00,0,"[""search_result_dom"",""product_detail_jsonld"",""product_detail_dom""]","{""title"":""observed"",""brand"":""observed"",""seller_name"":""observed"",""seller_score"":""unavailable"",""price"":""observed"",""original_price"":""unavailable"",""campaigns"":""observed"",""stock_status"":""observed"",""stock_signal"":""observed"",""rating"":""observed"",""rating_count"":""observed"",""review_count"":""unavailable"",""question_count"":""observed"",""delivery_summary"":""observed"",""shipping_cost"":""unavailable"",""properties"":""observed""}",true,
2026-08-21,2026-08-21T12:30:04+03:00,elektronik,BEST_SELLER,elektronik-vitrini,Trendyol Elektronik / En Çok Satan,166,7,166,166,2,elektronik:elektronik-vitrini,166,-22,24.9,5.1,814869537,106272,814869537:106272,PiranTech CB-02A Buharlı Temizlik Makinası - Buharlı Temizleyici,PiranTech,Buharlı Temizleyici,https://www.trendyol.com/pirantech/cb-02a-buharli-temizlik-makinasi-buharli-temizleyici-p-814869537?boutiqueId=61&merchantId=106272,Dossimo,92,1165.61,,,0,TRY,"[""Kargo Bedava"",""Peşin Fiyatına 3 Taksit""]",InStock,100 adetten fazla stok sunulmuştur,,,,,4.2,2878,1311,6,1932,"6,3B kişinin sepetinde","122,2B kişi favoriledi","Son 24 saatte 1,8B kişi görüntüledi",4999,TRY,0,1,1,4,Tahmini Teslim:,En Çok Satan 2. Ürün,https://cdn.dsmcdn.com/ty1797/prod/QC_ENRICHMENT/20251209/09/5b160f01-9a82-3ba7-810e-c551380c86e3/1_org_zoom.jpg,"{""Voltaj"":""220 - 240 V"",""Renk"":""Beyaz"",""Özellik"":""Buharlı"",""Güç (Watt)"":""2000 W ve altı"",""Garanti Tipi"":""İthalatçı Garantili"",""Garanti Süresi"":""2 Yıl"",""Frekans"":""50 Hz / 60 Hz"",""Menşei"":""TR"",""Paket Yükseklik"":""19 cm"",""Paket Genişlik"":""18 cm"",""Paket Derinlik"":""21 cm""}",20,5,refreshed,"[""daily_top""]",true,2026-08-21T12:30:04+03:00,0,"[""search_result_dom"",""product_detail_jsonld"",""product_detail_dom""]","{""title"":""observed"",""brand"":""observed"",""seller_name"":""observed"",""seller_score"":""observed"",""price"":""observed"",""original_price"":""unavailable"",""campaigns"":""observed"",""stock_status"":""observed"",""stock_signal"":""observed"",""rating"":""observed"",""rating_count"":""observed"",""review_count"":""observed"",""question_count"":""observed"",""delivery_summary"":""observed"",""shipping_cost"":""observed"",""properties"":""observed""}",true,
2026-08-21,2026-08-21T12:30:04+03:00,elektronik,BEST_SELLER,elektronik-vitrini,Trendyol Elektronik / En Çok Satan,167,7,167,167,,elektronik:elektronik-vitrini,167,-13,14.4,15.6,1142037676,1256321,1142037676:1256321,hotkey Beyaz 2.nesil Ios Android Uyumlu Kablosuz Bluetooth Kulaklık Karışık Renk Kılıf Hediyeli,hotkey,Kulak İçi Bluetooth Kulaklık,https://www.trendyol.com/hotkey/beyaz-2-nesil-ios-android-uyumlu-kablosuz-bluetooth-kulaklik-karisik-renk-kilif-hediyeli-p-1142037676?boutiqueId=61&merchantId=1256321,CNG,88,359,,,5.3,TRY,"[""Kargo Bedava""]",InStock,100 adetten fazla stok sunulmuştur,,,,,4.4,70,62,5,267,927 kişinin sepetinde,"1,4B kişi favoriledi",Son 24 saatte 511 kişi görüntüledi,4999,TRY,0,1,1,4,11 saat 24 dakika içinde sipariş verirsen en geç yarın kargoda!,,https://cdn.dsmcdn.com/ty1000395/product/media/images/prod/PIM/20260507/11/60336bd5-c97f-42a7-83bb-e850ba958126/1_org_zoom.jpg,"{""Aktif Gürültü Önleme (ANC)"":""Yok"",""Dokunmatik Kontrol"":""Var"",""Garanti Tipi"":""İthalatçı Garantili"",""Renk"":""Beyaz"",""Suya/Tere Dayanıklılık"":""Var"",""Mikrofon"":""Var"",""Bluetooth Versiyon"":""5.1"",""Garanti Süresi"":""1 Yıl"",""Çift Telefon Desteği"":""Yok"",""Menşei"":""CN"",""Tamir Edilebilirlik"":""Tamir Edilebilir, Satıcı ile İletişime Geçiniz."",""Özellik"":""Oval""}",20,5,refreshed,"[""daily_top""]",true,2026-08-21T12:30:04+03:00,0,"[""search_result_dom"",""product_detail_jsonld"",""product_detail_dom""]","{""title"":""observed"",""brand"":""observed"",""seller_name"":""observed"",""seller_score"":""observed"",""price"":""observed"",""original_price"":""unavailable"",""campaigns"":""observed"",""stock_status"":""observed"",""stock_signal"":""observed"",""rating"":""observed"",""rating_count"":""observed"",""review_count"":""observed"",""question_count"":""observed"",""delivery_summary"":""observed"",""shipping_cost"":""observed"",""properties"":""observed""}",true,
2026-08-21,2026-08-21T12:30:04+03:00,elektronik,BEST_SELLER,elektronik-vitrini,Trendyol Elektronik / En Çok Satan,168,7,168,168,1,elektronik:elektronik-vitrini,168,-22,22.2,12.8,1094593960,105330,1094593960:105330,"Philips HR1502/00 3000 Serisi Doğrayıcı, 500 W, PowerChop Doğrama, 2Lt Kase, 2 Hız Ayarı",Philips,Doğrayıcı & Rondo,https://www.trendyol.com/philips/hr1502-00-3000-serisi-dograyici-500-w-powerchop-dograma-2lt-kase-2-hiz-ayari-p-1094593960?boutiqueId=61&merchantId=105330,hesaplimagaza,95,2089.05,2199,5,,TRY,"[""Kargo Bedava"",""Peşin Fiyatına 3 Taksit""]",InStock,10 adetten fazla stok sunulmuştur,,,,,4.6,349,139,2,119,637 kişinin sepetinde,"17,7B kişi favoriledi",Son 24 saatte 980 kişi görüntüledi,4999,TRY,0,6,1,10,1 saat 24 dakika içinde sipariş verirsen en geç bugün kargoda!,En Çok Satan 1. Ürün,https://cdn.dsmcdn.com/ty1850/prod/QC_ENRICHMENT/20260402/04/a3d67aaf-f58f-3d29-8dfd-a38f573e79ab/1_org_zoom.jpg,"{""Materyal"":""Plastik"",""Güç (Watt)"":""500-1500 Watt"",""Renk"":""Siyah"",""Garanti Tipi"":""Resmi Distribütör Garantili"",""Hazne Malzemesi"":""Plastik"",""Hazne Kapasitesi"":""500+ ml"",""Kaydırmaz Altlık"":""Var"",""Bıçak Sayısı"":""4 Bıçaklı"",""Garanti Süresi"":""2 Yıl"",""Frekans"":""50 Hz / 60 Hz"",""Voltaj"":""220 - 240 V"",""Menşei"":""CN"",""Tamir Edilebilirlik"":""Yetkili Servis ile Tamiri Gerekir."",""Bakım Talimatları (Gıda Temas)"":""Gıda ile temas güvenlidir."",""Gıda Temas Sembolü"":""Evet""}",20,5,refreshed,"[""daily_top""]",true,2026-08-21T12:30:04+03:00,0,"[""search_result_dom"",""product_detail_jsonld"",""product_detail_dom""]","{""title"":""observed"",""brand"":""observed"",""seller_name"":""observed"",""seller_score"":""observed"",""price"":""observed"",""original_price"":""observed"",""campaigns"":""observed"",""stock_status"":""observed"",""stock_signal"":""observed"",""rating"":""observed"",""rating_count"":""observed"",""review_count"":""observed"",""question_count"":""observed"",""delivery_summary"":""observed"",""shipping_cost"":""observed"",""properties"":""observed""}",true,
2026-08-21,2026-08-21T12:30:04+03:00,elektronik,BEST_SELLER,elektronik-vitrini,Trendyol Elektronik / En Çok Satan,169,8,169,169,7,elektronik:elektronik-vitrini,169,22,36.8,1.9,206203177,968,206203177:968,"Aprilla Ahs 2013 Saç Düzleştirici, Seramik plaka, Otomatik kapanma, 230 derece, 45W",Aprilla,Saç Düzleştirici,https://www.trendyol.com/aprilla/ahs-2013-sac-duzlestirici-seramik-plaka-otomatik-kapanma-230-derece-45w-p-206203177?boutiqueId=689770&merchantId=968,Trendyol,,399,437.26,8.7,0,TRY,"[""Son 10 Günün En Düşük Fiyatı"",""Kargo Bedava"",""Son 10 günün en düşük fiyatı""]",InStock,100 adetten fazla stok sunulmuştur,,,,,3.9,5755,3267,-1,1033,"3,3B kişinin sepetinde","99,4B kişi favoriledi","Son 24 saatte 1,5B kişi görüntüledi",4999,TRY,0,1,1,4,2 saat 24 dakika içinde sipariş verirsen en geç bugün kargoda!,En Çok Satan 7. Ürün,https://cdn.dsmcdn.com/ty1000335/product/media/images/prod/PIM/20260306/08/af22d2ad-5259-4b06-b822-cd1e612b6c04/1_org_zoom.jpg,"{""Frekans"":""50 Hz / 60 Hz"",""Voltaj"":""220 - 240 V"",""Maksimum Sıcaklık"":""230 Derece"",""Plaka Materyali"":""Seramik Plaka"",""Garanti Tipi"":""Resmi Distribütör Garantili"",""Renk"":""Siyah"",""Otomatik Kapanma"":""Var"",""Garanti Süresi"":""2 Yıl"",""Tip"":""Plaka"",""Dijital Ekran"":""Yok"",""İyon Özelliği"":""Yok"",""Menşei"":""CN"",""Isı Ayarı"":""1 Kademe"",""Kablosuz Özelliği"":""Yok"",""Tamir Edilebilirlik"":""Yetkili Servis ile Tamiri Gerekir.""}",20,5,refreshed,"[""daily_top""]",true,2026-08-21T12:30:04+03:00,0,"[""search_result_dom"",""product_detail_jsonld"",""product_detail_dom""]","{""title"":""observed"",""brand"":""observed"",""seller_name"":""observed"",""seller_score"":""unavailable"",""price"":""observed"",""original_price"":""observed"",""campaigns"":""observed"",""stock_status"":""observed"",""stock_signal"":""observed"",""rating"":""observed"",""rating_count"":""observed"",""review_count"":""observed"",""question_count"":""observed"",""delivery_summary"":""observed"",""shipping_cost"":""observed"",""properties"":""observed""}",true,
2026-08-21,2026-08-21T12:30:04+03:00,elektronik,BEST_SELLER,elektronik-vitrini,Trendyol Elektronik / En Çok Satan,170,8,170,170,1,elektronik:elektronik-vitrini,170,-66,25,5,68680447,1144968,68680447:1144968,Arçelik Altus Grundig Uydulu Lcd Led Tv Kumandası,Arçelik,Uzaktan Kumanda,https://www.trendyol.com/arcelik/altus-grundig-uydulu-lcd-led-tv-kumandasi-p-68680447?boutiqueId=61&merchantId=1144968,fırsat yolu,92,116.5,,,-1.7,TRY,"[""Kargo Bedava""]",InStock,100 adetten fazla stok sunulmuştur,,,,,4.3,2747,1348,-4,848,482 kişinin sepetinde,"7,6B kişi favoriledi",Son 24 saatte 302 kişi görüntüledi,4999,TRY,0,3,1,6,1 saat 24 dakika içinde sipariş verirsen en geç bugün kargoda!,En Çok Satan 1. Ürün,https://cdn.dsmcdn.com/ty1638/prod/QC/20250219/06/4dbebe88-6e29-353b-a2ed-3231b62624fb/1_org_zoom.jpg,"{""Renk"":""Gri"",""Menşei"":""CN""}",20,5,refreshed,"[""daily_top"",""hot_change""]",true,2026-08-21T12:30:04+03:00,0,"[""search_result_dom"",""product_detail_jsonld"",""product_detail_dom""]","{""title"":""observed"",""brand"":""observed"",""seller_name"":""observed"",""seller_score"":""observed"",""price"":""observed"",""original_price"":""unavailable"",""campaigns"":""observed"",""stock_status"":""observed"",""stock_signal"":""observed"",""rating"":""observed"",""rating_count"":""observed"",""review_count"":""observed"",""question_count"":""observed"",""delivery_summary"":""observed"",""shipping_cost"":""observed"",""properties"":""observed""}",true,
2026-08-21,2026-08-21T12:30:04+03:00,elektronik,BEST_SELLER,elektronik-vitrini,Trendyol Elektronik / En Çok Satan,171,8,171,171,,elektronik:elektronik-vitrini,171,-23,21.2,8.8,1077164179,106272,1077164179:106272,"PiranTech KS-103 Airbreeze 1300W Saç Şekillendirme ve Kurutma Seti – 105.000 RPM, Negatif İyon",PiranTech,Saç Maşası,https://www.trendyol.com/pirantech/ks-103-airbreeze-1300w-sac-sekillendirme-ve-kurutma-seti-105-000-rpm-negatif-iyon-p-1077164179?boutiqueId=61&merchantId=106272,Dossimo,92,3969,,,0,TRY,"[""Kargo Bedava"",""Peşin Fiyatına 3 Taksit""]",InStock,100 adetten fazla stok sunulmuştur,,,,,4.5,909,446,2,216,"3,1B kişinin sepetinde","69,4B kişi favoriledi","Son 24 saatte 3,7B kişi görüntüledi",4999,TRY,0,3,1,6,11 saat 24 dakika içinde sipariş verirsen en geç yarın kargoda!,En Çok Ziyaret Edilen 2. Ürün,https://cdn.dsmcdn.com/ty1804/prod/QC_ENRICHMENT/20251229/15/72ca0d52-10db-3d3c-acf6-a2aed984a537/1_org_zoom.jpg,"{""Renk"":""Gri"",""Tip"":""Kalın Bukle"",""Maksimum Sıcaklık"":""220 Derece"",""Garanti Tipi"":""Resmi Distribütör Garantili"",""Otomatik Kapanma"":""Var"",""Maşa Çapı"":""60 mm"",""Garanti Süresi"":""2 Yıl"",""Dijital Ekran"":""Yok"",""Voltaj"":""220 - 240 V"",""Frekans"":""50 Hz / 60 Hz"",""Menşei"":""CN"",""Isı Ayarı"":""3 Kademeli"",""Tamir Edilebilirlik"":""Tamir Edilebilir, Satıcı ile İletişime Geçiniz."",""Özellik"":""Çıkarılabilir Saplı""}",20,5,refreshed,"[""daily_top""]",true,2026-08-21T12:30:04+03:00,0,"[""search_result_dom"",""product_detail_jsonld"",""product_detail_dom""]","{""title"":""observed"",""brand"":""observed"",""seller_name"":""observed"",""seller_score"":""observed"",""price"":""observed"",""original_price"":""unavailable"",""campaigns"":""observed"",""stock_status"":""observed"",""stock_signal"":""observed"",""rating"":""observed"",""rating_count"":""observed"",""review_count"":""observed"",""question_count"":""observed"",""delivery_summary"":""observed"",""shipping_cost"":""observed"",""properties"":""observed""}",true,
2026-08-21,2026-08-21T12:30:04+03:00,elektronik,BEST_SELLER,elektronik-vitrini,Trendyol Elektronik / En Çok Satan,172,8,172,172,1,elektronik:elektronik-vitrini,172,6,12.7,18.1,1129889926,460815,1129889926:460815,Samsung Galaxy A37 5G 8GB/256GB Antrasit Cep Telefonu,Samsung,,https://www.trendyol.com/samsung/galaxy-a37-5g-8gb-256gb-antrasit-cep-telefonu-p-1129889926?boutiqueId=61&merchantId=460815,Kamer Online,98,23799,23999,0.8,,TRY,"[""Kargo Bedava""]",InStock,5 adetten fazla stok sunulmuştur,,,,,4.4,30,,0,46,"1,1B kişinin sepetinde","3,2B kişi favoriledi","Son 24 saatte 2,6B kişi görüntüledi",,,0,,,,4 saat 24 dakika içinde sipariş verirsen en geç bugün kargoda!,En Çok Satan 1. Ürün,,{},0,,refreshed,"[""daily_top""]",true,2026-08-21T12:30:04+03:00,0,"[""search_result_dom"",""product_detail_jsonld"",""product_detail_dom""]","{""title"":""observed"",""brand"":""observed"",""seller_name"":""observed"",""seller_score"":""observed"",""price"":""observed"",""original_price"":""observed"",""campaigns"":""observed"",""stock_status"":""observed"",""stock_signal"":""observed"",""rating"":""observed"",""rating_count"":""observed"",""review_count"":""unavailable"",""question_count"":""observed"",""delivery_summary"":""observed"",""shipping_cost"":""unavailable"",""properties"":""observed""}",true,
2026-08-21,2026-08-21T12:30:04+03:00,elektronik,BEST_SELLER,elektronik-vitrini,Trendyol Elektronik / En Çok Satan,173,8,173,173,,elektronik:elektronik-vitrini,173,-7,27.5,2.5,53562023,968,53562023:968,Xiaomi Redmi 20000 Mah Taşınabilir Hızlı Şarj Cihazı - Usb-c - 18w 2 Çıkışlı Powerbank - Siyah,Xiaomi,Taşınabilir Batarya,https://www.trendyol.com/xiaomi/redmi-20000-mah-tasinabilir-hizli-sarj-cihazi-usb-c-18w-2-cikisli-powerbank-siyah-p-53562023?boutiqueId=689770&merchantId=968,Trendyol,,1194,,,0,TRY,"[""Kargo Bedava"",""Peşin Fiyatına 3 Taksit""]",InStock,100 adetten fazla stok sunulmuştur,,,,,4.1,6030,2753,3,2536,"1,7B kişinin sepetinde","110,8B kişi favoriledi",Son 24 saatte 2B kişi görüntüledi,4999,TRY,0,1,1,4,2 saat 24 dakika içinde sipariş verirsen en geç bugün kargoda!,En Çok Favorilenen 2. Ürün,https://cdn.dsmcdn.com/ty5/product/media/images/20201019/12/17305053/95019386/0/0_org_zoom.jpg,"{""Pil Gücü (mAh)"":""11500 - 20000"",""Renk"":""Siyah"",""Garanti Tipi"":""Resmi Distribütör Garantili"",""Garanti Süresi"":""2 Yıl"",""USB Çıkış Sayısı"":""2"",""Hızlı Şarj"":""Var"",""Menşei"":""CN"",""Tamir Edilebilirlik"":""Yetkili Servis ile Tamiri Gerekir.""}",20,5,refreshed,"[""daily_top""]",true,2026-08-21T12:30:04+03:00,0,"[""search_result_dom"",""product_detail_jsonld"",""product_detail_dom""]","{""title"":""observed"",""brand"":""observed"",""seller_name"":""observed"",""seller_score"":""unavailable"",""price"":""observed"",""original_price"":""unavailable"",""campaigns"":""observed"",""stock_status"":""observed"",""stock_signal"":""observed"",""rating"":""observed"",""rating_count"":""observed"",""review_count"":""observed"",""question_count"":""observed"",""delivery_summary"":""observed"",""shipping_cost"":""observed"",""properties"":""observed""}",true,
2026-08-21,2026-08-21T12:30:04+03:00,elektronik,BEST_SELLER,elektronik-vitrini,Trendyol Elektronik / En Çok Satan,174,8,174,174,1,elektronik:elektronik-vitrini,174,-29,17.2,12.8,1020069068,1109857,1020069068:1109857,KTR TECH Alüminyum Ayarlı Laptop Macbook Uyumlu Notebook Yükseltici Tutucu Stand,KTR TECH,Laptop Standı,https://www.trendyol.com/ktr-tech/aluminyum-ayarli-laptop-macbook-uyumlu-notebook-yukseltici-tutucu-stand-p-1020069068?boutiqueId=61&merchantId=1109857,KTR TECH,88,199,,,0,TRY,"[""Kargo Bedava""]",InStock,100 adetten fazla stok sunulmuştur,,,,,4.2,280,140,1,76,1B kişinin sepetinde,"4,8B kişi favoriledi",Son 24 saatte 355 kişi görüntüledi,4999,TRY,0,,1,4,24 dakika 9 saniye içinde sipariş verirsen en geç bugün kargoda!,En Çok Satan 1. Ürün,https://cdn.dsmcdn.com/ty1802/prod/QC_ENRICHMENT/20251218/00/18acfd35-a4c6-37f9-ada3-4db949fa575f/1_org_zoom.jpg,"{""Menşei"":""CN"",""Bakım Talimatları (Genel)"":""Nemli bir bezle silin.""}",20,5,refreshed,"[""daily_top""]",true,2026-08-21T12:30:04+03:00,0,"[""search_result_dom"",""product_detail_jsonld"",""product_detail_dom""]","{""title"":""observed"",""brand"":""observed"",""seller_name"":""observed"",""seller_score"":""observed"",""price"":""observed"",""original_price"":""unavailable"",""campaigns"":""observed"",""stock_status"":""observed"",""stock_signal"":""observed"",""rating"":""observed"",""rating_count"":""observed"",""review_count"":""observed"",""question_count"":""observed"",""delivery_summary"":""observed"",""shipping_cost"":""observed"",""properties"":""observed""}",true,
2026-08-21,2026-08-21T12:30:04+03:00,elektronik,BEST_SELLER,elektronik-vitrini,Trendyol Elektronik / En Çok Satan,175,8,175,175,2,elektronik:elektronik-vitrini,175,4,39.1,0,636141408,531655,636141408:531655,İTHALCİM Dijital Fotoğraf Makinesi Çocuk Mini 1080p Hd Kamera Selfie,İTHALCİM,,https://www.trendyol.com/ithalcim/dijital-fotograf-makinesi-cocuk-mini-1080p-hd-kamera-selfie-p-636141408?boutiqueId=61&merchantId=531655,NEVAPORT,89,319,349,8.6,0,TRY,"[""Kargo Bedava""]",InStock,100 adetten fazla stok sunulmuştur,,,,,3.8,6501,,0,4130,"2,1B kişinin sepetinde","134,4B kişi favoriledi","Son 24 saatte 1,4B kişi görüntüledi",,,0,,,,Tahmini Teslim:,,,{},0,,refreshed,"[""daily_top""]",true,2026-08-21T12:30:04+03:00,0,"[""search_result_dom"",""product_detail_jsonld"",""product_detail_dom""]","{""title"":""observed"",""brand"":""observed"",""seller_name"":""observed"",""seller_score"":""observed"",""price"":""observed"",""original_price"":""observed"",""campaigns"":""observed"",""stock_status"":""observed"",""stock_signal"":""observed"",""rating"":""observed"",""rating_count"":""observed"",""review_count"":""unavailable"",""question_count"":""observed"",""delivery_summary"":""observed"",""shipping_cost"":""unavailable"",""properties"":""observed""}",true,
2026-08-21,2026-08-21T12:30:04+03:00,elektronik,BEST_SELLER,elektronik-vitrini,Trendyol Elektronik / En Çok Satan,176,8,176,176,2,elektronik:elektronik-vitrini,176,,19.4,10.6,1087041942,647224,1087041942:647224,Popidima Yüksek Kalite Metal 360 Dönebilen Ayarlanabilir Telefon Ve Tablet Tutucu Masa Üstü Standı Siyah,Popidima,Tablet Standı,https://www.trendyol.com/popidima/yuksek-kalite-metal-360-donebilen-ayarlanabilir-telefon-ve-tablet-tutucu-masa-ustu-standi-siyah-p-1087041942?boutiqueId=61&merchantId=647224,Popidima,91,75,,,,TRY,"[""Kargo Bedava""]",InStock,100 adetten fazla stok sunulmuştur,,,,,3.8,545,266,,80,678 kişinin sepetinde,"5,3B kişi favoriledi",Son 24 saatte 320 kişi görüntüledi,4999,TRY,0,,1,4,4 saat 24 dakika içinde sipariş verirsen en geç bugün kargoda!,En Çok Satan 2. Ürün,https://cdn.dsmcdn.com/ty1930/prod/QC_ENRICHMENT/20260612/11/804d4cdb-953a-391a-a43c-29ebc35d5e57/1_org_zoom.jpg,"{""Menşei"":""CN""}",20,5,refreshed,"[""daily_top""]",true,2026-08-21T12:30:04+03:00,0,"[""search_result_dom"",""product_detail_jsonld"",""product_detail_dom""]","{""title"":""observed"",""brand"":""observed"",""seller_name"":""observed"",""seller_score"":""observed"",""price"":""observed"",""original_price"":""unavailable"",""campaigns"":""observed"",""stock_status"":""observed"",""stock_signal"":""observed"",""rating"":""observed"",""rating_count"":""observed"",""review_count"":""observed"",""question_count"":""observed"",""delivery_summary"":""observed"",""shipping_cost"":""observed"",""properties"":""observed""}",true,
2026-08-21,2026-08-21T12:30:04+03:00,elektronik,BEST_SELLER,elektronik-vitrini,Trendyol Elektronik / En Çok Satan,177,8,177,177,12,elektronik:elektronik-vitrini,177,17,15.1,14.9,1156692356,108498,1156692356:108498,"Memo CX20 iOS Android Soğutucu 20W Manyetik RGB Telefon Soğutucu –Anında Hızlı Soğutma,Sessiz Fan Soğutma",Memo,,https://www.trendyol.com/memo/cx20-ios-android-sogutucu-20w-manyetik-rgb-telefon-sogutucu-aninda-hizli-sogutma-sessiz-fan-sogutma-p-1156692356?boutiqueId=61&merchantId=108498,Akıllıphone,92,498.74,,,0,TRY,"[""Kargo Bedava"",""Trendyol Plus'a Özel""]",InStock,100 adetten fazla stok sunulmuştur,,,,,3.6,77,,0,195,"1,3B kişinin sepetinde","1,8B kişi favoriledi",Son 24 saatte 1B kişi görüntüledi,,,0,,,,3 saat 24 dakika içinde sipariş verirsen en geç bugün kargoda!,En Çok Ziyaret Edilen 2. Ürün,,{},0,,refreshed,"[""daily_top""]",true,2026-08-21T12:30:04+03:00,0,"[""search_result_dom"",""product_detail_jsonld"",""product_detail_dom""]","{""title"":""observed"",""brand"":""observed"",""seller_name"":""observed"",""seller_score"":""observed"",""price"":""observed"",""original_price"":""unavailable"",""campaigns"":""observed"",""stock_status"":""observed"",""stock_signal"":""observed"",""rating"":""observed"",""rating_count"":""observed"",""review_count"":""unavailable"",""question_count"":""observed"",""delivery_summary"":""observed"",""shipping_cost"":""unavailable"",""properties"":""observed""}",true,
2026-08-21,2026-08-21T12:30:04+03:00,elektronik,BEST_SELLER,elektronik-vitrini,Trendyol Elektronik / En Çok Satan,178,8,178,178,,elektronik:elektronik-vitrini,178,-32,20.9,9.1,937894249,1003153,937894249:1003153,"SMAYLİNG Sessiz Kule Vantilatör 80cm Uzaktan Kumandalı, 3 Hızlı, Salınımlı, Taşınabilir Fan",SMAYLİNG,Vantilatör,https://www.trendyol.com/smayling/sessiz-kule-vantilator-80cm-uzaktan-kumandali-3-hizli-salinimli-tasinabilir-fan-p-937894249?boutiqueId=61&merchantId=1003153,SMM TECH,88,1402.24,,,-4.6,TRY,"[""15 TL Kupon"",""Kargo Bedava"",""Peşin Fiyatına 3 Taksit"",""Trendyol Plus'a Özel""]",InStock,100 adetten fazla stok sunulmuştur,,,,,4.3,694,409,16,255,"2,8B kişinin sepetinde","33,3B kişi favoriledi","Son 24 saatte 1,6B kişi görüntüledi",4999,TRY,0,1,1,4,Tahmini Teslim:,En Çok Ziyaret Edilen 5. Ürün,https://cdn.dsmcdn.com/ty1929/prod/QC_ENRICHMENT/20260609/14/7dbff7b3-40b0-399a-8194-01861d25f507/1_org_zoom.jpg,"{""Tip"":""Kule Tipi"",""Renk"":""Beyaz"",""Garanti Tipi"":""İthalatçı Garantili"",""Garanti Süresi"":""2 Yıl"",""Menşei"":""CN"",""Tamir Edilebilirlik"":""Tamir Edilebilir, Satıcı ile İletişime Geçiniz.""}",20,5,refreshed,"[""daily_top""]",true,2026-08-21T12:30:04+03:00,0,"[""search_result_dom"",""product_detail_jsonld"",""product_detail_dom""]","{""title"":""observed"",""brand"":""observed"",""seller_name"":""observed"",""seller_score"":""observed"",""price"":""observed"",""original_price"":""unavailable"",""campaigns"":""observed"",""stock_status"":""observed"",""stock_signal"":""observed"",""rating"":""observed"",""rating_count"":""observed"",""review_count"":""observed"",""question_count"":""observed"",""delivery_summary"":""observed"",""shipping_cost"":""observed"",""properties"":""observed""}",true,
2026-08-21,2026-08-21T12:30:04+03:00,elektronik,BEST_SELLER,elektronik-vitrini,Trendyol Elektronik / En Çok Satan,179,8,179,179,8,elektronik:elektronik-vitrini,179,6,28,2,57461824,106271,57461824:106271,Grundig Saç Düzleştirici HS 7032,Grundig,Saç Düzleştirici,https://www.trendyol.com/grundig/sac-duzlestirici-hs-7032-p-57461824?boutiqueId=61&merchantId=106271,Grundig Türkiye,89,999,,,0,TRY,"[""Kargo Bedava"",""Sepette %10 İndirim""]",InStock,100 adetten fazla stok sunulmuştur,,,,,4.6,5503,3153,0,752,"1,3B kişinin sepetinde","110,4B kişi favoriledi","Son 24 saatte 1,3B kişi görüntüledi",4999,TRY,0,1,1,4,Tahmini Teslim:,En Çok Satan 8. Ürün,https://cdn.dsmcdn.com/ty1740/prod/QC_ENRICHMENT/20250901/16/572cebc6-0fae-3a5c-8ab9-32a96ba7c28b/1_org_zoom.jpg,"{""Frekans"":""50 Hz / 60 Hz"",""Voltaj"":""220 - 240 V"",""Maksimum Sıcaklık"":""220 Derece"",""Plaka Materyali"":""Seramik Plaka"",""Garanti Tipi"":""Resmi Distribütör Garantili"",""Renk"":""Mor"",""Otomatik Kapanma"":""Var"",""Garanti Süresi"":""2 Yıl"",""Tip"":""Plaka"",""Dijital Ekran"":""Var"",""İyon Özelliği"":""Var"",""Menşei"":""TR"",""Isı Ayarı"":""2 Kademeli"",""Kablosuz Özelliği"":""Yok"",""Tamir Edilebilirlik"":""Yetkili Servis ile Tamiri Gerekir."",""Özellik"":""Antibakteriyel Yüzey""}",20,5,refreshed,"[""daily_top""]",true,2026-08-21T12:30:04+03:00,0,"[""search_result_dom"",""product_detail_jsonld"",""product_detail_dom""]","{""title"":""observed"",""brand"":""observed"",""seller_name"":""observed"",""seller_score"":""observed"",""price"":""observed"",""original_price"":""unavailable"",""campaigns"":""observed"",""stock_status"":""observed"",""stock_signal"":""observed"",""rating"":""observed"",""rating_count"":""observed"",""review_count"":""observed"",""question_count"":""observed"",""delivery_summary"":""observed"",""shipping_cost"":""observed"",""properties"":""observed""}",true,
2026-08-21,2026-08-21T12:30:04+03:00,elektronik,BEST_SELLER,elektronik-vitrini,Trendyol Elektronik / En Çok Satan,180,8,180,180,,elektronik:elektronik-vitrini,180,,21.5,17.6,1143080965,902149,1143080965:902149,EMiNSDON 32GB Hafıza Kartı Mini Kamera Ev Araç Güvenlik Kamerası Uyumlu Telefon Micro SD Class10,EMiNSDON,Hafıza Kartı,https://www.trendyol.com/eminsdon/32gb-hafiza-karti-mini-kamera-ev-arac-guvenlik-kamerasi-uyumlu-telefon-micro-sd-class10-p-1143080965?boutiqueId=61&merchantId=902149,EMiNSDON RESMİ MAĞAZALARI,94,440.88,485,9.1,,TRY,"[""Kargo Bedava"",""Son 10 Günün En Düşük Fiyatı"",""Son 10 günün en düşük fiyatı""]",InStock,100 adetten fazla stok sunulmuştur,,,,,4.8,57,34,,62,304 kişinin sepetinde,"1,8B kişi favoriledi",Son 24 saatte 311 kişi görüntüledi,4999,TRY,0,1,1,4,11 saat 24 dakika içinde sipariş verirsen en geç yarın kargoda!,En Çok Ziyaret Edilen 2. Ürün,https://cdn.dsmcdn.com/ty1905/prod/QC_ENRICHMENT/20260510/12/9bc2aba4-3308-3ddf-8ef0-895de8db95a5/1_org_zoom.jpg,"{""Hafıza Kartı Tipi"":""Micro SD"",""Kapasite"":""32 GB"",""Garanti Tipi"":""Resmi Distribütör Garantili"",""Garanti Süresi"":""5 Yıl"",""Menşei"":""CN"",""Tamir Edilebilirlik"":""Tamir Edilebilir, Satıcı ile İletişime Geçiniz.""}",20,5,refreshed,"[""daily_top""]",true,2026-08-21T12:30:04+03:00,0,"[""search_result_dom"",""product_detail_jsonld"",""product_detail_dom""]","{""title"":""observed"",""brand"":""observed"",""seller_name"":""observed"",""seller_score"":""observed"",""price"":""observed"",""original_price"":""observed"",""campaigns"":""observed"",""stock_status"":""observed"",""stock_signal"":""observed"",""rating"":""observed"",""rating_count"":""observed"",""review_count"":""observed"",""question_count"":""observed"",""delivery_summary"":""observed"",""shipping_cost"":""observed"",""properties"":""observed""}",true,
2026-08-21,2026-08-21T12:30:04+03:00,elektronik,BEST_SELLER,elektronik-vitrini,Trendyol Elektronik / En Çok Satan,181,8,181,181,,elektronik:elektronik-vitrini,181,,38.6,6.4,954103427,110546,954103427:110546,Fibaks 100w 1 Metre Samsung Huawei Xiaomi Apple iPhone 15 16 17 Plus Pro Max Type-C Hızlı Şarj Kablosu,Fibaks,,https://www.trendyol.com/fibaks/100w-1-metre-samsung-huawei-xiaomi-apple-iphone-15-16-17-plus-pro-max-type-c-hizli-sarj-kablosu-p-954103427?boutiqueId=61&merchantId=110546,Fibaks,100,158.49,186.46,15,,TRY,"[""Süper Fırsat Ürünü"",""Kargo Bedava""]",InStock,100 adetten fazla stok sunulmuştur,,,,,4.6,901,,,213,627 kişinin sepetinde,6B kişi favoriledi,Son 24 saatte 412 kişi görüntüledi,,,0,,,,4 saat 23 dakika içinde sipariş verirsen en geç bugün kargoda!,,,{},0,,refreshed,"[""daily_top""]",true,2026-08-21T12:30:04+03:00,0,"[""search_result_dom"",""product_detail_jsonld"",""product_detail_dom""]","{""title"":""observed"",""brand"":""observed"",""seller_name"":""observed"",""seller_score"":""observed"",""price"":""observed"",""original_price"":""observed"",""campaigns"":""observed"",""stock_status"":""observed"",""stock_signal"":""observed"",""rating"":""observed"",""rating_count"":""observed"",""review_count"":""unavailable"",""question_count"":""observed"",""delivery_summary"":""observed"",""shipping_cost"":""unavailable"",""properties"":""observed""}",true,
2026-08-21,2026-08-21T12:30:04+03:00,elektronik,BEST_SELLER,elektronik-vitrini,Trendyol Elektronik / En Çok Satan,182,8,182,182,34,elektronik:elektronik-vitrini,182,-55,24.2,5.8,1094128725,110546,1094128725:110546,Fibaks iPhone 18W/20W/25W Pembe Leopar Şarj Aleti Koruyucu Şarj Kablosu Örme Aparatlı Koruyucu Toparlayıcı,Fibaks,,https://www.trendyol.com/fibaks/iphone-18w-20w-25w-pembe-leopar-sarj-aleti-koruyucu-sarj-kablosu-orme-aparatli-koruyucu-toparlayici-p-1094128725?boutiqueId=61&merchantId=110546,Fibaks,,139.9,,,-3.5,TRY,"[""Kargo Bedava""]",InStock,100 adetten fazla stok sunulmuştur,,,,,4.5,1062,,0,233,"2,5B kişinin sepetinde",45B kişi favoriledi,"Son 24 saatte 1,7B kişi görüntüledi",,,0,,,,4 saat 23 dakika içinde sipariş verirsen en geç bugün kargoda!,En Çok Ziyaret Edilen 3. Ürün,,{},0,,refreshed,"[""daily_top"",""hot_change""]",true,2026-08-21T12:30:04+03:00,0,"[""search_result_dom"",""product_detail_jsonld"",""product_detail_dom""]","{""title"":""observed"",""brand"":""observed"",""seller_name"":""observed"",""seller_score"":""unavailable"",""price"":""observed"",""original_price"":""unavailable"",""campaigns"":""observed"",""stock_status"":""observed"",""stock_signal"":""observed"",""rating"":""observed"",""rating_count"":""observed"",""review_count"":""unavailable"",""question_count"":""observed"",""delivery_summary"":""observed"",""shipping_cost"":""unavailable"",""properties"":""observed""}",true,
2026-08-21,2026-08-21T12:30:04+03:00,elektronik,BEST_SELLER,elektronik-vitrini,Trendyol Elektronik / En Çok Satan,183,8,183,183,27,elektronik:elektronik-vitrini,183,-53,23.6,6.4,1018201251,110546,1018201251:110546,Fibaks iPhone 17 Pro Max Kılıf Şeffaf Kamerası Full Korumalı Yumuşak Darbe Emici Ince Esnek Silikon Kapak,Fibaks,,https://www.trendyol.com/fibaks/iphone-17-pro-max-kilif-seffaf-kamerasi-full-korumali-yumusak-darbe-emici-ince-esnek-silikon-kapak-p-1018201251?boutiqueId=61&merchantId=110546,Fibaks,,118,,,0,TRY,"[""Kargo Bedava""]",InStock,100 adetten fazla stok sunulmuştur,,,,,4.4,879,,0,64,810 kişinin sepetinde,"15,8B kişi favoriledi",Son 24 saatte 738 kişi görüntüledi,,,0,,,,4 saat 23 dakika içinde sipariş verirsen en geç bugün kargoda!,,,{},0,,refreshed,"[""daily_top"",""hot_change""]",true,2026-08-21T12:30:04+03:00,0,"[""search_result_dom"",""product_detail_jsonld"",""product_detail_dom""]","{""title"":""observed"",""brand"":""observed"",""seller_name"":""observed"",""seller_score"":""unavailable"",""price"":""observed"",""original_price"":""unavailable"",""campaigns"":""observed"",""stock_status"":""observed"",""stock_signal"":""observed"",""rating"":""observed"",""rating_count"":""observed"",""review_count"":""unavailable"",""question_count"":""observed"",""delivery_summary"":""observed"",""shipping_cost"":""unavailable"",""properties"":""observed""}",true,
2026-08-21,2026-08-21T12:30:04+03:00,elektronik,BEST_SELLER,elektronik-vitrini,Trendyol Elektronik / En Çok Satan,184,8,184,184,3,elektronik:elektronik-vitrini,184,-48,34.1,10.9,969805474,1072750,969805474:1072750,"7GO GPW-01 50.000 mAh Solar Powerbank – 22.5 W Hızlı Şarj, Dahili Kablolu, LED Ekranlı Taşınabilir Ş",7GO,Taşınabilir Batarya,https://www.trendyol.com/7go/gpw-01-50-000-mah-solar-powerbank-22-5-w-hizli-sarj-dahili-kablolu-led-ekranli-tasinabilir-s-p-969805474?boutiqueId=61&merchantId=1072750,7GO,,1401.65,1649,15,0,TRY,"[""Sepette %15 İndirim"",""Kargo Bedava"",""Peşin Fiyatına 3 Taksit""]",InStock,100 adetten fazla stok sunulmuştur,,,,,4.4,425,242,5,360,"2,5B kişinin sepetinde","21,4B kişi favoriledi","Son 24 saatte 1,7B kişi görüntüledi",4999,TRY,0,,1,3,23 dakika 52 saniye içinde sipariş verirsen en geç bugün kargoda!,En Çok Satan 3. Ürün,https://cdn.dsmcdn.com/ty1910/prod/QC_ENRICHMENT/20260706/18/1107f536-f24a-3133-93cb-37c0e620a3c5/1_org_zoom.jpg,"{""Pil Gücü (mAh)"":""20000 ve üzeri"",""Renk"":""Siyah"",""Garanti Tipi"":""İthalatçı Garantili"",""Garanti Süresi"":""2 Yıl"",""USB Çıkış Sayısı"":""2"",""Hızlı Şarj"":""Var"",""Menşei"":""CN""}",20,5,refreshed,"[""daily_top"",""hot_change""]",true,2026-08-21T12:30:04+03:00,0,"[""search_result_dom"",""product_detail_jsonld"",""product_detail_dom""]","{""title"":""observed"",""brand"":""observed"",""seller_name"":""observed"",""seller_score"":""unavailable"",""price"":""observed"",""original_price"":""observed"",""campaigns"":""observed"",""stock_status"":""observed"",""stock_signal"":""observed"",""rating"":""observed"",""rating_count"":""observed"",""review_count"":""observed"",""question_count"":""observed"",""delivery_summary"":""observed"",""shipping_cost"":""observed"",""properties"":""observed""}",true,
2026-08-21,2026-08-21T12:30:04+03:00,elektronik,BEST_SELLER,elektronik-vitrini,Trendyol Elektronik / En Çok Satan,185,8,185,185,1,elektronik:elektronik-vitrini,185,,26.5,3.5,2711570,113012,2711570:113012,KUMTEL Elektrikli Setüstü Hotplate Ocak Lx-7021,KUMTEL,Ocak,https://www.trendyol.com/kumtel/elektrikli-setustu-hotplate-ocak-lx-7021-p-2711570?boutiqueId=61&merchantId=113012,KUMTEL,,1549,,,,TRY,"[""80 TL Kupon"",""Kargo Bedava"",""Peşin Fiyatına 3 Taksit""]",InStock,100 adetten fazla stok sunulmuştur,,,,,4.4,4152,2059,,864,"1,2B kişinin sepetinde","42,6B kişi favoriledi",Son 24 saatte 902 kişi görüntüledi,4999,TRY,0,1,1,4,11 saat 23 dakika içinde sipariş verirsen en geç yarın kargoda!,En Çok Satan 1. Ürün,https://cdn.dsmcdn.com/ty1610/prod/QC/20241202/10/4434e230-c72f-375f-b33a-542c20e938aa/1_org_zoom.jpg,"{""Kurulum Gerekli mi?"":""Evet"",""Genişlik"":""45 - 60 cm"",""Ocak Yüzeyi"":""Emaye"",""Garanti Tipi"":""Resmi Distribütör Garantili"",""Ocak Göz Sayısı"":""2 Gözü Elektrikli"",""Gaz Tipi"":""Elektrikli"",""Renk"":""Gri"",""Ocak Tipi"":""Elektrikli"",""Kullanım Şekli"":""Solo"",""Garanti Süresi"":""2 Yıl"",""Ücretsiz Kurulum/Montaj"":""Yok"",""Tema / Stil"":""Modern"",""Menşei"":""TR"",""Tamir Edilebilirlik"":""Yetkili Servis ile Tamiri Gerekir."",""Özellik"":""Uzun""}",20,5,refreshed,"[""daily_top""]",true,2026-08-21T12:30:04+03:00,0,"[""search_result_dom"",""product_detail_jsonld"",""product_detail_dom""]","{""title"":""observed"",""brand"":""observed"",""seller_name"":""observed"",""seller_score"":""unavailable"",""price"":""observed"",""original_price"":""unavailable"",""campaigns"":""observed"",""stock_status"":""observed"",""stock_signal"":""observed"",""rating"":""observed"",""rating_count"":""observed"",""review_count"":""observed"",""question_count"":""observed"",""delivery_summary"":""observed"",""shipping_cost"":""observed"",""properties"":""observed""}",true,
2026-08-21,2026-08-21T12:30:04+03:00,elektronik,BEST_SELLER,elektronik-vitrini,Trendyol Elektronik / En Çok Satan,186,8,186,186,2,elektronik:elektronik-vitrini,186,-16,33.1,0,844494728,109324,844494728:109324,Kiwi 4325w Yeni Ekstra Pencere Temizleme Aparatlı Koltuk Halı Yıkama Ve Leke Çıkartma Makinesi,Kiwi,,https://www.trendyol.com/kiwi/4325w-yeni-ekstra-pencere-temizleme-aparatli-koltuk-hali-yikama-ve-leke-cikartma-makinesi-p-844494728?boutiqueId=61&merchantId=109324,Fırsat Dünyası,9,6349,,,,TRY,"[""Kargo Bedava"",""Peşin Fiyatına 6 Taksit"",""Son 10 Günün En Düşük Fiyatı""]",InStock,100 adetten fazla stok sunulmuştur,,,,,4.5,13723,,0,7319,3B kişinin sepetinde,"346,9B kişi favoriledi","Son 24 saatte 2,7B kişi görüntüledi",,,0,,,,Tahmini Teslim:,,,{},0,,refreshed,"[""daily_top""]",true,2026-08-21T12:30:04+03:00,0,"[""search_result_dom"",""product_detail_jsonld"",""product_detail_dom""]","{""title"":""observed"",""brand"":""observed"",""seller_name"":""observed"",""seller_score"":""observed"",""price"":""observed"",""original_price"":""unavailable"",""campaigns"":""observed"",""stock_status"":""observed"",""stock_signal"":""observed"",""rating"":""observed"",""rating_count"":""observed"",""review_count"":""unavailable"",""question_count"":""observed"",""delivery_summary"":""observed"",""shipping_cost"":""unavailable"",""properties"":""observed""}",true,
2026-08-21,2026-08-21T12:30:04+03:00,elektronik,BEST_SELLER,elektronik-vitrini,Trendyol Elektronik / En Çok Satan,187,8,187,187,,elektronik:elektronik-vitrini,187,,13.6,16.4,1082014970,968,1082014970:968,"Philips Lumea 7000 Serisi BRI920/00 IPL Tüy Alma,Tüy Kısaltıcı,Vücut için 1 Başlık, Çanta",Philips,IPL Lazer Epilasyon Aleti,https://www.trendyol.com/philips/lumea-7000-serisi-bri920-00-ipl-tuy-alma-tuy-kisaltici-vucut-icin-1-baslik-canta-p-1082014970?boutiqueId=689770&merchantId=968,Trendyol,,9699,,,,TRY,"[""Kargo Bedava"",""Peşin Fiyatına 6 Taksit""]",InStock,100 adetten fazla stok sunulmuştur,,,,,4.2,94,49,,164,"4,5B kişinin sepetinde","43,7B kişi favoriledi","Son 24 saatte 10,5B kişi görüntüledi",4999,TRY,0,,1,4,2 saat 23 dakika içinde sipariş verirsen en geç bugün kargoda!,En Çok Ziyaret Edilen 2. Ürün,https://cdn.dsmcdn.com/ty1000310/product/media/images/prod/PIM/20260219/07/ee64c996-3a12-4360-a3c3-e765fd6427cb/1_org_zoom.jpg,"{""Renk"":""Beyaz"",""Tip"":""Kablolu"",""Atım Sayısı"":""200.000 - 250.000"",""Garanti Tipi"":""Resmi Distribütör Garantili"",""Uygulama Alanı"":""Vücut"",""Otomatik Kapanma"":""Var"",""Garanti Süresi"":""5 Yıl"",""Cilt Tonu Sensörü"":""Var"",""Kademe Ayarı"":""Var"",""Uygulama Üzerinden Kontrol"":""Var"",""Frekans"":""50 Hz / 60 Hz"",""Voltaj"":""220 - 240 V"",""Menşei"":""HU""}",20,5,refreshed,"[""daily_top""]",true,2026-08-21T12:30:04+03:00,0,"[""search_result_dom"",""product_detail_jsonld"",""product_detail_dom""]","{""title"":""observed"",""brand"":""observed"",""seller_name"":""observed"",""seller_score"":""unavailable"",""price"":""observed"",""original_price"":""unavailable"",""campaigns"":""observed"",""stock_status"":""observed"",""stock_signal"":""observed"",""rating"":""observed"",""rating_count"":""observed"",""review_count"":""observed"",""question_count"":""observed"",""delivery_summary"":""observed"",""shipping_cost"":""observed"",""properties"":""observed""}",true,
2026-08-21,2026-08-21T12:30:04+03:00,elektronik,BEST_SELLER,elektronik-vitrini,Trendyol Elektronik / En Çok Satan,188,8,188,188,2,elektronik:elektronik-vitrini,188,-23,31.7,0,384235844,200893,384235844:200893,"Philips 8000 Serisi Azur Buharlı Ütü, 3000W, 260 g Turbo Şok Buhar, Sıfır Yanık Riski, DST8050/20",Philips,,https://www.trendyol.com/philips/8000-serisi-azur-buharli-utu-3000w-260-g-turbo-sok-buhar-sifir-yanik-riski-dst8050-20-p-384235844?boutiqueId=61&merchantId=200893,ALDIMGİTTİ,94,6208,,,,TRY,"[""Kargo Bedava"",""Peşin Fiyatına 6 Taksit""]",InStock,10 adetten fazla stok sunulmuştur,,,,,4.4,9231,,0,1820,"2,4B kişinin sepetinde","258,7B kişi favoriledi","Son 24 saatte 3,2B kişi görüntüledi",,,0,,,,2 saat 23 dakika içinde sipariş verirsen en geç bugün kargoda!,En Çok Satan 2. Ürün,,{},0,,refreshed,"[""daily_top""]",true,2026-08-21T12:30:04+03:00,0,"[""search_result_dom"",""product_detail_jsonld"",""product_detail_dom""]","{""title"":""observed"",""brand"":""observed"",""seller_name"":""observed"",""seller_score"":""observed"",""price"":""observed"",""original_price"":""unavailable"",""campaigns"":""observed"",""stock_status"":""observed"",""stock_signal"":""observed"",""rating"":""observed"",""rating_count"":""observed"",""review_count"":""unavailable"",""question_count"":""observed"",""delivery_summary"":""observed"",""shipping_cost"":""unavailable"",""properties"":""observed""}",true,
2026-08-21,2026-08-21T12:30:04+03:00,elektronik,BEST_SELLER,elektronik-vitrini,Trendyol Elektronik / En Çok Satan,189,8,189,189,,elektronik:elektronik-vitrini,189,,30.6,6.4,727896305,109324,727896305:109324,"Arzum AR1139 Chefy El Blender 1500W, 2 Kademeli, Karıştırma Kabı, Beyaz",Arzum,Blender Seti,https://www.trendyol.com/arzum/ar1139-chefy-el-blender-1500w-2-kademeli-karistirma-kabi-beyaz-p-727896305?boutiqueId=61&merchantId=109324,Fırsat Dünyası,9,1431,1539,7,,TRY,"[""Kargo Bedava"",""Son 10 Günün En Düşük Fiyatı"",""Peşin Fiyatına 3 Taksit"",""Son 10 günün en düşük fiyatı""]",InStock,100 adetten fazla stok sunulmuştur,,,,,4.5,1729,878,,266,495 kişinin sepetinde,"28,7B kişi favoriledi",Son 24 saatte 761 kişi görüntüledi,4999,TRY,0,1,1,4,Tahmini Teslim:,,https://cdn.dsmcdn.com/ty1000423/product/media/images/prod/PIM/20260722/08/4abf6b0a-b79c-49c4-9701-1f11fa4a042d/1_org_zoom.jpg,"{""Güç"":""1200 Watt +"",""Garanti Tipi"":""Resmi Distribütör Garantili"",""Renk"":""Beyaz"",""Garanti Süresi"":""2 Yıl"",""Hacim"":""800 ml"",""Materyal"":""Çelik"",""Doğrayıcı"":""Yok"",""Blender Ayağı Materyali"":""Metal"",""Çırpıcı"":""Yok"",""Hız Ayarı"":""2 Kademeli"",""Rendeleme ve Dilimleme Diski"":""Yok"",""Tema / Stil"":""Klasik"",""Frekans"":""50 Hz / 60 Hz"",""Voltaj"":""220 - 240 V"",""Menşei"":""TR"",""Tamir Edilebilirlik"":""Tamir Edilebilir, Satıcı ile İletişime Geçiniz."",""Bakım Talimatları (Gıda Temas)"":""Ürünün kullanım ömrünü korumak için ürüne özel bakım talimatlarını takip ediniz."",""Özellik"":""Belirtilmemiş""}",20,5,refreshed,"[""daily_top""]",true,2026-08-21T12:30:04+03:00,0,"[""search_result_dom"",""product_detail_jsonld"",""product_detail_dom""]","{""title"":""observed"",""brand"":""observed"",""seller_name"":""observed"",""seller_score"":""observed"",""price"":""observed"",""original_price"":""observed"",""campaigns"":""observed"",""stock_status"":""observed"",""stock_signal"":""observed"",""rating"":""observed"",""rating_count"":""observed"",""review_count"":""observed"",""question_count"":""observed"",""delivery_summary"":""observed"",""shipping_cost"":""observed"",""properties"":""observed""}",true,
2026-08-21,2026-08-21T12:30:04+03:00,elektronik,BEST_SELLER,elektronik-vitrini,Trendyol Elektronik / En Çok Satan,190,8,190,190,1,elektronik:elektronik-vitrini,190,,26.2,3.8,55421094,286861,55421094:286861,"Sinbo SSM-2513 Granit Tost Makinesi – Hızlı Isınma, Yapışmaz Yüzey, Kolay Temizlik",Sinbo,Tost Makinesi,https://www.trendyol.com/sinbo/ssm-2513-granit-tost-makinesi-hizli-isinma-yapismaz-yuzey-kolay-temizlik-p-55421094?boutiqueId=61&merchantId=286861,SinAL,88,765,,,,TRY,"[""Kargo Bedava""]",InStock,100 adetten fazla stok sunulmuştur,,,,,3.6,3649,1879,,456,874 kişinin sepetinde,"80,1B kişi favoriledi","Son 24 saatte 1,2B kişi görüntüledi",4999,TRY,0,,1,4,Tahmini Teslim:,En Çok Satan 1. Ürün,https://cdn.dsmcdn.com/ty1000417/product/media/images/prod/PIM/20260713/11/6e8b1cc1-7afd-4130-959a-3db57c855b65/1_org_zoom.jpg,"{""Güç (Watt)"":""700-1000 Watt"",""Renk"":""Siyah"",""Garanti Tipi"":""Resmi Distribütör Garantili"",""Materyal"":""Döküm"",""Izgara Özelliği"":""Yok"",""Ekmek Dilim Kapasitesi"":""2"",""Isı Ayarı"":""1 Kademe"",""Plaka Kullanımı"":""Tek Yönlü"",""Çıkarılabilir Plaka"":""Yok"",""Garanti Süresi"":""2 Yıl"",""Tema / Stil"":""Modern"",""Frekans"":""50 Hz / 60 Hz"",""Voltaj"":""220 - 240 V"",""Menşei"":""TR"",""Tamir Edilebilirlik"":""Yetkili Servis ile Tamiri Gerekir."",""Gıda Temas Sembolü"":""Evet"",""Bakım Talimatları (Gıda Temas)"":""Ürünün kullanım ömrünü korumak için ürüne özel bakım talimatlarını takip ediniz."",""Özellik"":""Uzun""}",20,5,refreshed,"[""daily_top""]",true,2026-08-21T12:30:04+03:00,0,"[""search_result_dom"",""product_detail_jsonld"",""product_detail_dom""]","{""title"":""observed"",""brand"":""observed"",""seller_name"":""observed"",""seller_score"":""observed"",""price"":""observed"",""original_price"":""unavailable"",""campaigns"":""observed"",""stock_status"":""observed"",""stock_signal"":""observed"",""rating"":""observed"",""rating_count"":""observed"",""review_count"":""observed"",""question_count"":""observed"",""delivery_summary"":""observed"",""shipping_cost"":""observed"",""properties"":""observed""}",true,
2026-08-21,2026-08-21T12:30:04+03:00,elektronik,BEST_SELLER,elektronik-vitrini,Trendyol Elektronik / En Çok Satan,191,8,191,191,2,elektronik:elektronik-vitrini,191,-4,34.2,5.8,971379670,136965,971379670:136965,Omaze Mikrofonlu Karaoke Bluetooth Hoparlör Rgb Led Işıklı 5 Efektli Ses Bombası,Omaze,,https://www.trendyol.com/omaze/mikrofonlu-karaoke-bluetooth-hoparlor-rgb-led-isikli-5-efektli-ses-bombasi-p-971379670?boutiqueId=61&merchantId=136965,TeknoDrone,91,519,576.67,10,0,TRY,"[""Kargo Bedava""]",InStock,100 adetten fazla stok sunulmuştur,,,,,4.2,1053,,0,334,"1,9B kişinin sepetinde","35,2B kişi favoriledi","Son 24 saatte 1,1B kişi görüntüledi",,,0,,,,Tahmini Teslim:,En Çok Satan 2. Ürün,,{},0,,refreshed,"[""daily_top""]",true,2026-08-21T12:30:04+03:00,0,"[""search_result_dom"",""product_detail_jsonld"",""product_detail_dom""]","{""title"":""observed"",""brand"":""observed"",""seller_name"":""observed"",""seller_score"":""observed"",""price"":""observed"",""original_price"":""observed"",""campaigns"":""observed"",""stock_status"":""observed"",""stock_signal"":""observed"",""rating"":""observed"",""rating_count"":""observed"",""review_count"":""unavailable"",""question_count"":""observed"",""delivery_summary"":""observed"",""shipping_cost"":""unavailable"",""properties"":""observed""}",true,
2026-08-21,2026-08-21T12:30:04+03:00,elektronik,BEST_SELLER,elektronik-vitrini,Trendyol Elektronik / En Çok Satan,192,8,192,192,,elektronik:elektronik-vitrini,192,-20,30.3,0,2543106,107493,2543106:107493,"Sinbo SHB-3147 Çok Fonksiyonlu Blender Seti, Doğrayıcı, Çırpıcı, Paslanmaz Çelik Uç ve Ölçü Kabı",Sinbo,Blender Seti,https://www.trendyol.com/sinbo/shb-3147-cok-fonksiyonlu-blender-seti-dograyici-cirpici-paslanmaz-celik-uc-ve-olcu-kabi-p-2543106?boutiqueId=61&merchantId=107493,Kuzey Pazarlama,94,1159,,,0,TRY,"[""Kargo Bedava"",""Peşin Fiyatına 3 Taksit""]",InStock,100 adetten fazla stok sunulmuştur,,,,,3.9,11717,6175,-1,1768,"2,3B kişinin sepetinde","197,4B kişi favoriledi","Son 24 saatte 1,4B kişi görüntüledi",4999,TRY,0,3,1,6,2 saat 23 dakika içinde sipariş verirsen en geç bugün kargoda!,,https://cdn.dsmcdn.com/ty1000406/product/media/images/prod/PIM/20260617/06/bbc37a1f-bf7a-40f5-9759-d19334703084/1_org_zoom.jpg,"{""Güç"":""500 - 800 Watt"",""Garanti Tipi"":""Resmi Distribütör Garantili"",""Renk"":""Beyaz"",""Garanti Süresi"":""2 Yıl"",""Hacim"":""750 - 1000 ml"",""Materyal"":""Plastik"",""Doğrayıcı"":""Var"",""Blender Ayağı Materyali"":""Metal"",""Çırpıcı"":""Var"",""Hız Ayarı"":""2 Kademeli"",""Rendeleme ve Dilimleme Diski"":""Yok"",""Tema / Stil"":""Modern"",""Frekans"":""50 Hz / 60 Hz"",""Voltaj"":""220 - 240 V"",""Menşei"":""TR"",""Tamir Edilebilirlik"":""Tamir Edilebilir, Satıcı ile İletişime Geçiniz."",""Bakım Talimatları (Gıda Temas)"":""Ürünün kullanım ömrünü korumak için ürüne özel bakım talimatlarını takip ediniz."",""Özellik"":""Fonksiyonlu""}",20,5,refreshed,"[""daily_top""]",true,2026-08-21T12:30:04+03:00,0,"[""search_result_dom"",""product_detail_jsonld"",""product_detail_dom""]","{""title"":""observed"",""brand"":""observed"",""seller_name"":""observed"",""seller_score"":""observed"",""price"":""observed"",""original_price"":""unavailable"",""campaigns"":""observed"",""stock_status"":""observed"",""stock_signal"":""observed"",""rating"":""observed"",""rating_count"":""observed"",""review_count"":""observed"",""question_count"":""observed"",""delivery_summary"":""observed"",""shipping_cost"":""observed"",""properties"":""observed""}",true,
2026-08-21,2026-08-21T12:30:04+03:00,elektronik,BEST_SELLER,elektronik-vitrini,Trendyol Elektronik / En Çok Satan,193,9,193,193,,elektronik:elektronik-vitrini,193,-85,23.2,6.8,1136166555,107653,1136166555:107653,JOYSIDEA AYAKLI VANTİLATÖR KUMANDALI 90 DERECE SALINIMLI 16 İNÇ 8 KADEME HIZ AYARLI FN-99,JOYSIDEA,Vantilatör,https://www.trendyol.com/joysidea/ayakli-vantilator-kumandali-90-derece-salinimli-16-inc-8-kademe-hiz-ayarli-fn-99-p-1136166555?boutiqueId=61&merchantId=107653,TechPazar,87,749,,,-36.3,TRY,"[""15 TL Kupon"",""Kargo Bedava""]",InStock,100 adetten fazla stok sunulmuştur,,,,,3.3,1155,798,39,302,"3,2B kişinin sepetinde","20,4B kişi favoriledi",Son 24 saatte 632 kişi görüntüledi,4999,TRY,0,1,1,4,11 saat 23 dakika içinde sipariş verirsen en geç yarın kargoda!,,https://cdn.dsmcdn.com/ty1893/prod/QC_ENRICHMENT/20260504/18/6b3aba08-b049-3659-bb22-5ee053618512/1_org_zoom.jpg,"{""Tip"":""Ayaklı"",""Renk"":""Beyaz"",""Özellik"":""Soğutucu"",""Garanti Tipi"":""Resmi Distribütör Garantili"",""Garanti Süresi"":""2 Yıl"",""Menşei"":""CN"",""Tamir Edilebilirlik"":""Tamir Edilebilir, Satıcı ile İletişime Geçiniz.""}",20,5,refreshed,"[""daily_top"",""hot_change""]",true,2026-08-21T12:30:04+03:00,0,"[""search_result_dom"",""product_detail_jsonld"",""product_detail_dom""]","{""title"":""observed"",""brand"":""observed"",""seller_name"":""observed"",""seller_score"":""observed"",""price"":""observed"",""original_price"":""unavailable"",""campaigns"":""observed"",""stock_status"":""observed"",""stock_signal"":""observed"",""rating"":""observed"",""rating_count"":""observed"",""review_count"":""observed"",""question_count"":""observed"",""delivery_summary"":""observed"",""shipping_cost"":""observed"",""properties"":""observed""}",true,
2026-08-21,2026-08-21T12:30:04+03:00,elektronik,BEST_SELLER,elektronik-vitrini,Trendyol Elektronik / En Çok Satan,194,9,194,194,1,elektronik:elektronik-vitrini,194,-57,28.1,1.9,855317237,968,855317237:968,Xiaomi Redmi Watch 5 Active Akıllı Saat Siyah (Xiaomi Türkiye Garantili) Sesli Görüşme Özellikli,Xiaomi,Akıllı Saat,https://www.trendyol.com/xiaomi/redmi-watch-5-active-akilli-saat-siyah-xiaomi-turkiye-garantili-sesli-gorusme-ozellikli-p-855317237?boutiqueId=689770&merchantId=968,Trendyol,,1949,,,3.7,TRY,"[""Kargo Bedava"",""Peşin Fiyatına 3 Taksit""]",InStock,100 adetten fazla stok sunulmuştur,,,,,4.7,7537,3295,6,5003,"2,9B kişinin sepetinde","134,4B kişi favoriledi","Son 24 saatte 2,3B kişi görüntüledi",4999,TRY,0,1,1,4,2 saat 23 dakika içinde sipariş verirsen en geç bugün kargoda!,En Çok Satan 1. Ürün,https://cdn.dsmcdn.com/ty1767/prod/QC_PREP/20251003/13/be7d5007-02c9-3c69-b67a-b00946e03370/1_org_zoom.jpg,"{""Sim Kart Uyumu"":""Yok"",""Nabız Sensörü"":""Var"",""Renk"":""Siyah"",""Uyku Takibi"":""Var"",""Garanti Tipi"":""Resmi Distribütör Garantili"",""Kasa Renk"":""Gümüş"",""Kordon Renk"":""Gümüş"",""Batarya Kapasitesi Aralığı"":""200-300 mAh"",""Adımsayar"":""Var"",""GPS"":""Yok"",""Suya/Toza Dayanıklılık"":""Var"",""Kasa Çapı"":""46-50 mm"",""Titreşim"":""Var"",""Sesli Görüşme"":""Var"",""Garanti Süresi"":""2 Yıl"",""Menşei"":""DE"",""Kordon Materyali"":""Silikon"",""Tamir Edilebilirlik"":""Yetkili Servis ile Tamiri Gerekir."",""Özellik"":""Dikdörtgen"",""Kordon Boyutu"":""M/L""}",20,5,refreshed,"[""daily_top"",""hot_change""]",true,2026-08-21T12:30:04+03:00,0,"[""search_result_dom"",""product_detail_jsonld"",""product_detail_dom""]","{""title"":""observed"",""brand"":""observed"",""seller_name"":""observed"",""seller_score"":""unavailable"",""price"":""observed"",""original_price"":""unavailable"",""campaigns"":""observed"",""stock_status"":""observed"",""stock_signal"":""observed"",""rating"":""observed"",""rating_count"":""observed"",""review_count"":""observed"",""question_count"":""observed"",""delivery_summary"":""observed"",""shipping_cost"":""observed"",""properties"":""observed""}",true,
2026-08-21,2026-08-21T12:30:04+03:00,elektronik,BEST_SELLER,elektronik-vitrini,Trendyol Elektronik / En Çok Satan,195,9,195,195,1,elektronik:elektronik-vitrini,195,,15.7,14.3,1148210761,1016261,1148210761:1016261,Nazalya +5 Adet Koku Hediyeli Ultrasonik Oda ve Araç Hava Nemlendirici Buhar Makinesi Ve Aroma Difüzörü Koku,Nazalya,,https://www.trendyol.com/nazalya/5-adet-koku-hediyeli-ultrasonik-oda-ve-arac-hava-nemlendirici-buhar-makinesi-ve-aroma-difuzoru-koku-p-1148210761?boutiqueId=61&merchantId=1016261,Nazalya Store,88,395,,,,TRY,"[""Kargo Bedava"",""Trendyol Plus'a Özel""]",InStock,100 adetten fazla stok sunulmuştur,,,,,4,91,,,37,1B kişinin sepetinde,"5,1B kişi favoriledi",Son 24 saatte 831 kişi görüntüledi,,,0,,,,2 saat 23 dakika içinde sipariş verirsen en geç bugün kargoda!,En Çok Satan 1. Ürün,,{},0,,refreshed,"[""daily_top""]",true,2026-08-21T12:30:04+03:00,0,"[""search_result_dom"",""product_detail_jsonld"",""product_detail_dom""]","{""title"":""observed"",""brand"":""observed"",""seller_name"":""observed"",""seller_score"":""observed"",""price"":""observed"",""original_price"":""unavailable"",""campaigns"":""observed"",""stock_status"":""observed"",""stock_signal"":""observed"",""rating"":""observed"",""rating_count"":""observed"",""review_count"":""unavailable"",""question_count"":""observed"",""delivery_summary"":""observed"",""shipping_cost"":""unavailable"",""properties"":""observed""}",true,
2026-08-21,2026-08-21T12:30:04+03:00,elektronik,BEST_SELLER,elektronik-vitrini,Trendyol Elektronik / En Çok Satan,196,9,196,196,,elektronik:elektronik-vitrini,196,-29,12.9,17.1,1159316215,335426,1159316215:335426,KVK PRİVACY Su Geçirmez Telefon Kılıfı Waterproof Tüm Telefonlara Uyumlu Deniz Havuz Yağmur Korumalı Boyun Askılı Şeffaf Kılıf,KVK PRİVACY,Telefon Kılıfı,https://www.trendyol.com/kvk-privacy/su-gecirmez-telefon-kilifi-waterproof-tum-telefonlara-uyumlu-deniz-havuz-yagmur-korumali-boyun-askili-seffaf-kilif-p-1159316215?boutiqueId=61&merchantId=335426,KVK PRİVACY,,150,,,0,TRY,"[""Kargo Bedava""]",InStock,100 adetten fazla stok sunulmuştur,,,,,4,92,40,2,38,"1,8B kişinin sepetinde","3,9B kişi favoriledi",Son 24 saatte 901 kişi görüntüledi,4999,TRY,0,,1,4,2 saat 23 dakika içinde sipariş verirsen en geç bugün kargoda!,,https://cdn.dsmcdn.com/ty1903/prod/QC_PREP/20260622/17/f94420e5-6646-3c37-ade0-0bc4521ec971/1_org_zoom.jpg,"{""Materyal"":""Silikon"",""Cep Telefonu Modeli"":""iPhone 13"",""Renk"":""Şeffaf"",""Uyumlu Marka"":""Apple Uyumlu"",""Menşei"":""TR""}",20,4.95,refreshed,"[""daily_top""]",true,2026-08-21T12:30:04+03:00,0,"[""search_result_dom"",""product_detail_jsonld"",""product_detail_dom""]","{""title"":""observed"",""brand"":""observed"",""seller_name"":""observed"",""seller_score"":""unavailable"",""price"":""observed"",""original_price"":""unavailable"",""campaigns"":""observed"",""stock_status"":""observed"",""stock_signal"":""observed"",""rating"":""observed"",""rating_count"":""observed"",""review_count"":""observed"",""question_count"":""observed"",""delivery_summary"":""observed"",""shipping_cost"":""observed"",""properties"":""observed""}",true,
2026-08-21,2026-08-21T12:30:04+03:00,elektronik,BEST_SELLER,elektronik-vitrini,Trendyol Elektronik / En Çok Satan,197,9,197,197,,elektronik:elektronik-vitrini,197,-18,24.2,5.8,218105395,335426,218105395:335426,KVK PRİVACY Iphone 13/14/15 Uyumlu Şeffaf Kılıf Airbag Antishock Köşeli Darbe Emici Şeffaf Kılıf,KVK PRİVACY,Telefon Kılıfı,https://www.trendyol.com/kvk-privacy/iphone-13-14-15-uyumlu-seffaf-kilif-airbag-antishock-koseli-darbe-emici-seffaf-kilif-p-218105395?boutiqueId=61&merchantId=335426,KVK PRİVACY,,119.9,,,12.6,TRY,"[""Kargo Bedava""]",InStock,100 adetten fazla stok sunulmuştur,,,,,4.5,2062,1059,-1,275,965 kişinin sepetinde,"40,7B kişi favoriledi",Son 24 saatte 841 kişi görüntüledi,4999,TRY,0,,1,4,2 saat 23 dakika içinde sipariş verirsen en geç bugün kargoda!,,https://cdn.dsmcdn.com/ty1533/product/media/images/prod/QC/20240909/16/5c77a464-7093-3801-97c6-ed5557ba6d56/1_org_zoom.jpg,"{""Materyal"":""Silikon"",""Cep Telefonu Modeli"":""iPhone 13"",""Renk"":""Beyaz"",""Uyumlu Marka"":""Apple Uyumlu"",""Menşei"":""TR""}",20,5,refreshed,"[""daily_top""]",true,2026-08-21T12:30:04+03:00,0,"[""search_result_dom"",""product_detail_jsonld"",""product_detail_dom""]","{""title"":""observed"",""brand"":""observed"",""seller_name"":""observed"",""seller_score"":""unavailable"",""price"":""observed"",""original_price"":""unavailable"",""campaigns"":""observed"",""stock_status"":""observed"",""stock_signal"":""observed"",""rating"":""observed"",""rating_count"":""observed"",""review_count"":""observed"",""question_count"":""observed"",""delivery_summary"":""observed"",""shipping_cost"":""observed"",""properties"":""observed""}",true,
2026-08-21,2026-08-21T12:30:04+03:00,elektronik,BEST_SELLER,elektronik-vitrini,Trendyol Elektronik / En Çok Satan,198,9,198,198,,elektronik:elektronik-vitrini,198,-45,26.7,3.3,817266254,138366,817266254:138366,OSVELD Detox Vücut Yağ Analiz Özellikli Akıllı Tartı,OSVELD,Tartı,https://www.trendyol.com/osveld/detox-vucut-yag-analiz-ozellikli-akilli-tarti-p-817266254?boutiqueId=61&merchantId=138366,OSVELD,,1199,,,0,TRY,"[""Kargo Bedava"",""Peşin Fiyatına 3 Taksit""]",InStock,100 adetten fazla stok sunulmuştur,,,,,4.7,4445,2182,1,651,"4,2B kişinin sepetinde","255,1B kişi favoriledi",Son 24 saatte 748 kişi görüntüledi,4999,TRY,0,3,1,6,Tahmini Teslim:,En Çok Favorilenen 2. Ürün,https://cdn.dsmcdn.com/ty1442/product/media/images/prod/QC/20240725/15/013b6052-9cd2-3beb-b93b-d33245a86833/1_org_zoom.jpg,"{""Materyal"":""Cam"",""Garanti Tipi"":""İthalatçı Garantili"",""Renk"":""Beyaz"",""Garanti Süresi"":""2 Yıl"",""Bazal Metabolizma Hızı Ölçümü"":""Var"",""Bluetooth"":""Var"",""Vücut Kitle İndeksi Ölçümü"":""Var"",""Vücut Su Oranı Ölçümü"":""Var"",""LCD Ekran"":""Var"",""Uygulama Üzerinden Kontrol"":""Var"",""Menşei"":""NC"",""Özellik"":""Yağ""}",20,5,refreshed,"[""daily_top"",""hot_change""]",true,2026-08-21T12:30:04+03:00,0,"[""search_result_dom"",""product_detail_jsonld"",""product_detail_dom""]","{""title"":""observed"",""brand"":""observed"",""seller_name"":""observed"",""seller_score"":""unavailable"",""price"":""observed"",""original_price"":""unavailable"",""campaigns"":""observed"",""stock_status"":""observed"",""stock_signal"":""observed"",""rating"":""observed"",""rating_count"":""observed"",""review_count"":""observed"",""question_count"":""observed"",""delivery_summary"":""observed"",""shipping_cost"":""observed"",""properties"":""observed""}",true,
2026-08-21,2026-08-21T12:30:04+03:00,elektronik,BEST_SELLER,elektronik-vitrini,Trendyol Elektronik / En Çok Satan,199,9,199,199,,elektronik:elektronik-vitrini,199,-61,27.1,12,1158201488,810682,1158201488:810682,kawigo Pro2 iOS Androild Uyumlu Kulaklık TWS Kulakiçi Bluetooth Kulaklık Tüm Modellerle Uyumlu Kulaklık,kawigo,Kulak İçi Bluetooth Kulaklık,https://www.trendyol.com/kawigo/pro2-ios-androild-uyumlu-kulaklik-tws-kulakici-bluetooth-kulaklik-tum-modellerle-uyumlu-kulaklik-p-1158201488?boutiqueId=61&merchantId=810682,Kawigo,85,499.99,549.99,9.1,0,TRY,"[""Kargo Bedava""]",InStock,100 adetten fazla stok sunulmuştur,,,,,4.1,207,178,15,223,"2,5B kişinin sepetinde","6,3B kişi favoriledi","Son 24 saatte 1,2B kişi görüntüledi",4999,TRY,0,,1,4,23 dakika 29 saniye içinde sipariş verirsen en geç bugün kargoda!,,https://cdn.dsmcdn.com/ty1911/prod/QC_ENRICHMENT/20260706/13/2e66c191-fa3f-3206-9a82-93cc7883cde2/1_org_zoom.jpg,"{""Dokunmatik Kontrol"":""Var"",""Aktif Gürültü Önleme (ANC)"":""Yok"",""Garanti Tipi"":""İthalatçı Garantili"",""Renk"":""Beyaz"",""Suya/Tere Dayanıklılık"":""Var"",""Mikrofon"":""Var"",""Bluetooth Versiyon"":""5.0"",""Garanti Süresi"":""1 Yıl"",""Çift Telefon Desteği"":""Yok"",""Menşei"":""CN"",""Tamir Edilebilirlik"":""Tamir Edilebilir, Satıcı ile İletişime Geçiniz."",""Özellik"":""Kablosuz""}",20,5,refreshed,"[""daily_top"",""hot_change""]",true,2026-08-21T12:30:04+03:00,0,"[""search_result_dom"",""product_detail_jsonld"",""product_detail_dom""]","{""title"":""observed"",""brand"":""observed"",""seller_name"":""observed"",""seller_score"":""observed"",""price"":""observed"",""original_price"":""observed"",""campaigns"":""observed"",""stock_status"":""observed"",""stock_signal"":""observed"",""rating"":""observed"",""rating_count"":""observed"",""review_count"":""observed"",""question_count"":""observed"",""delivery_summary"":""observed"",""shipping_cost"":""observed"",""properties"":""observed""}",true,
2026-08-21,2026-08-21T12:30:04+03:00,elektronik,BEST_SELLER,elektronik-vitrini,Trendyol Elektronik / En Çok Satan,200,9,200,200,1,elektronik:elektronik-vitrini,200,-84,21.9,8.1,894794756,609792,894794756:609792,Apple EarPods (USB-C) Yeni Nesil,Apple,Kulakiçi Kulaklık,https://www.trendyol.com/apple/earpods-usb-c-yeni-nesil-p-894794756?boutiqueId=61&merchantId=609792,OĞUZHAN HD İLETİŞİM,89,999,,,0,TRY,"[""Kargo Bedava""]",InStock,50 adetten fazla stok sunulmuştur,,,,,4.7,1708,551,2,567,2B kişinin sepetinde,"69,9B kişi favoriledi","Son 24 saatte 1,6B kişi görüntüledi",4999,TRY,0,1,1,4,Tahmini Teslim:,En Çok Satan 1. Ürün,https://cdn.dsmcdn.com/ty1000058/product/media/images/prod/PIM/20260119/11/5ffa1643-abc1-428d-8ba8-4b8f3016cf6a/1_org_zoom.jpg,"{""Suya/Tere Dayanıklılık"":""Yok"",""Hoparlör / Kulaklık /Çıkış Fişi"":""1"",""Ses Özelliği"":""Stereo"",""Garanti Tipi"":""Resmi Distribütör Garantili"",""Renk"":""Beyaz"",""Aktif Gürültü Önleme (ANC)"":""Yok"",""Mikrofon"":""Var"",""Garanti Süresi"":""2 Yıl"",""Menşei"":""VN"",""Tamir Edilebilirlik"":""Tamir Edilmez."",""Özellik"":""Kablolu""}",20,5,refreshed,"[""daily_top"",""hot_change""]",true,2026-08-21T12:30:04+03:00,0,"[""search_result_dom"",""product_detail_jsonld"",""product_detail_dom""]","{""title"":""observed"",""brand"":""observed"",""seller_name"":""observed"",""seller_score"":""observed"",""price"":""observed"",""original_price"":""unavailable"",""campaigns"":""observed"",""stock_status"":""observed"",""stock_signal"":""observed"",""rating"":""observed"",""rating_count"":""observed"",""review_count"":""observed"",""question_count"":""observed"",""delivery_summary"":""observed"",""shipping_cost"":""observed"",""properties"":""observed""}",true,
