date,captured_at,query,sort,source_segment,source_query,segment_position,source_page,search_position,bestseller_rank,category_rank,rank_delta,trend_score,niche_score,product_id,merchant_id,title,brand,category,url,seller_name,seller_score,price,original_price,discount_percent,price_delta_percent,currency,campaigns,stock_status,stock_signal,sales_signal,sales_signal_min,rating,rating_count,review_count,review_delta,question_count,basket_signal,favorite_signal,view_signal,shipping_cost,shipping_currency,handling_days_min,handling_days_max,transit_days_min,transit_days_max,delivery_summary,badge,image_url,properties,sample_review_count,sample_review_avg,detail_status,detail_selection,detail_attempted,detail_refreshed_at,detail_age_days,data_sources,field_availability,detail_ok,detail_error
2026-08-14,2026-08-14T17:20:10+03:00,ev-yasam,BEST_SELLER,birlesik-ev-yasam,Trendyol seçili Ev & Yaşam kategorileri / En Çok Satan,1,1,1,1,1,,108.1,24.5,355544354,1181179,Canbay Store 24 Adet Ahşap Görünümlü Plastik A Kalite 24 Adet Siyah Askı Pantolon Gömlek Askı,Canbay Store,Askı,https://www.trendyol.com/canbay-store/24-adet-ahsap-gorunumlu-plastik-a-kalite-24-adet-siyah-aski-pantolon-gomlek-aski-p-355544354?boutiqueId=61&merchantId=1181179,Canbays,9,199.8,,,,TRY,"[""Kargo Bedava"",""Trendyol Plus'a Özel""]",InStock,100 adetten fazla stok sunulmuştur,Son 3 günde 2B+ ürün satıldı!,,4.3,10227,5753,,233,,,,4999,TRY,0,1,1,4,Tahmini Teslim:,En Çok Satan 1. Ürün,https://cdn.dsmcdn.com/ty1686/prod/QC_ENRICHMENT/20250529/16/134454fe-240e-367d-b732-8d83834cad27/1_org_zoom.jpg,"{""Materyal"":""Plastik"",""Parça Sayısı"":""24"",""Renk"":""Siyah"",""Kullanım Türü"":""Elbise"",""Menşei"":""TR""}",20,5,refreshed,"[""daily_top""]",true,2026-08-14T17:20:10+03:00,0,"[""search_result_dom"",""product_detail_jsonld"",""product_detail_dom""]","{""title"":""observed"",""brand"":""observed"",""seller_name"":""observed"",""seller_score"":""observed"",""price"":""observed"",""original_price"":""unavailable"",""campaigns"":""observed"",""stock_status"":""observed"",""stock_signal"":""observed"",""rating"":""observed"",""rating_count"":""observed"",""review_count"":""observed"",""question_count"":""observed"",""delivery_summary"":""observed"",""shipping_cost"":""observed"",""properties"":""observed""}",true,
2026-08-14,2026-08-14T17:20:10+03:00,ev-yasam,BEST_SELLER,birlesik-ev-yasam,Trendyol seçili Ev & Yaşam kategorileri / En Çok Satan,2,1,2,2,2,,134.9,76.1,53625340,123350,Orvila 5 Bölmeli Metal Elbise Askısı - Giysi Pantalon Eşarp Fular Kıyafet Gardrop Düzenleyici Organizer,Orvila,Askı,https://www.trendyol.com/orvila/5-bolmeli-metal-elbise-askisi-giysi-pantalon-esarp-fular-kiyafet-gardrop-duzenleyici-organizer-p-53625340?boutiqueId=61&merchantId=123350,Orvila,5,48.75,49.24,1,,TRY,"[""Sepette %1 İndirim"",""Kargo Bedava""]",InStock,100 adetten fazla stok sunulmuştur,"Son 3 günde 1,5B+ ürün satıldı!",1500,4.4,6289,3092,,154,"6,2B kişinin sepetinde","155,7B kişi favoriledi","Son 24 saatte 1,7B kişi görüntüledi",4999,TRY,0,1,1,4,6 saat 39 dakika içinde sipariş verirsen en geç yarın kargoda!,En Çok Satan 2. Ürün,https://cdn.dsmcdn.com/ty1600/prod/QC/20241109/23/cc7cf7f8-1357-3365-a0e9-9422a6b63183/1_org_zoom.jpg,"{""Materyal"":""Metal"",""Parça Sayısı"":""1 Parça"",""Renk"":""Metalik"",""Kullanım Türü"":""Pantolon"",""Menşei"":""TR""}",20,5,refreshed,"[""daily_top""]",true,2026-08-14T17:20:10+03:00,0,"[""search_result_dom"",""product_detail_jsonld"",""product_detail_dom""]","{""title"":""observed"",""brand"":""observed"",""seller_name"":""observed"",""seller_score"":""observed"",""price"":""observed"",""original_price"":""observed"",""campaigns"":""observed"",""stock_status"":""observed"",""stock_signal"":""observed"",""rating"":""observed"",""rating_count"":""observed"",""review_count"":""observed"",""question_count"":""observed"",""delivery_summary"":""observed"",""shipping_cost"":""observed"",""properties"":""observed""}",true,
2026-08-14,2026-08-14T17:20:10+03:00,ev-yasam,BEST_SELLER,birlesik-ev-yasam,Trendyol seçili Ev & Yaşam kategorileri / En Çok Satan,3,1,3,3,1,,124.9,73.5,812982023,638780,BEYZANA 3'lü Bambu Çok Amaçlı Sepet Dikdörtgen,BEYZANA,Sepet,https://www.trendyol.com/beyzana/3-lu-bambu-cok-amacli-sepet-dikdortgen-p-812982023?boutiqueId=61&merchantId=638780,BEYZANA,3,199.99,,,,TRY,"[""Kargo Bedava"",""Trendyol Plus'a Özel""]",InStock,100 adetten fazla stok sunulmuştur,Son 3 günde 1B+ ürün satıldı!,1000,4.5,13314,7328,,612,"9,6B kişinin sepetinde","515,2B kişi favoriledi","Son 24 saatte 4,3B kişi görüntüledi",4999,TRY,0,1,1,4,6 saat 39 dakika içinde sipariş verirsen en geç yarın kargoda!,En Çok Satan 1. Ürün,https://cdn.dsmcdn.com/ty1666/prod/QC/20250420/22/451e0a91-abe1-3088-9602-eb35cc4f72c4/1_org_zoom.jpg,"{""Materyal"":""Ahşap"",""Renk"":""Kahverengi"",""Boyut/Ebat"":""30 x 30"",""Parça Sayısı"":""3"",""Yıkama Talimatı"":""T101"",""Menşei"":""CN""}",20,5,refreshed,"[""daily_top""]",true,2026-08-14T17:20:10+03:00,0,"[""search_result_dom"",""product_detail_jsonld"",""product_detail_dom""]","{""title"":""observed"",""brand"":""observed"",""seller_name"":""observed"",""seller_score"":""observed"",""price"":""observed"",""original_price"":""unavailable"",""campaigns"":""observed"",""stock_status"":""observed"",""stock_signal"":""observed"",""rating"":""observed"",""rating_count"":""observed"",""review_count"":""observed"",""question_count"":""observed"",""delivery_summary"":""observed"",""shipping_cost"":""observed"",""properties"":""observed""}",true,
2026-08-14,2026-08-14T17:20:10+03:00,ev-yasam,BEST_SELLER,birlesik-ev-yasam,Trendyol seçili Ev & Yaşam kategorileri / En Çok Satan,4,1,4,4,1,,126.9,73,802483327,418720,Lilac Home Yapay Çiçek Elmas Saksıda 80 Cm Yoğun Yapraklı Koyu Yeşil Okaliptus Sarkıt,Lilac Home,,https://www.trendyol.com/lilac-home/yapay-cicek-elmas-saksida-80-cm-yogun-yaprakli-koyu-yesil-okaliptus-sarkit-p-802483327?boutiqueId=61&merchantId=418720,Lilac Home,,159.99,,,,TRY,"[""Kargo Bedava""]",InStock,100 adetten fazla stok sunulmuştur,Son 3 günde 1B+ ürün satıldı!,1000,4.6,23099,,,1068,"11,7B kişinin sepetinde","703,1B kişi favoriledi","Son 24 saatte 4,7B kişi görüntüledi",,,0,,,,Tahmini Teslim:,En Çok Satan 1. Ürün,,{},0,,refreshed,"[""daily_top""]",true,2026-08-14T17:20:10+03:00,0,"[""search_result_dom"",""product_detail_jsonld"",""product_detail_dom""]","{""title"":""observed"",""brand"":""observed"",""seller_name"":""observed"",""seller_score"":""unavailable"",""price"":""observed"",""original_price"":""unavailable"",""campaigns"":""observed"",""stock_status"":""observed"",""stock_signal"":""observed"",""rating"":""observed"",""rating_count"":""observed"",""review_count"":""unavailable"",""question_count"":""observed"",""delivery_summary"":""observed"",""shipping_cost"":""unavailable"",""properties"":""observed""}",true,
2026-08-14,2026-08-14T17:20:10+03:00,ev-yasam,BEST_SELLER,birlesik-ev-yasam,Trendyol seçili Ev & Yaşam kategorileri / En Çok Satan,5,1,5,5,,,118.1,74.4,854333979,311243,Vienev 13'lü Dolap Içi Çekmece Düzenleyici - Mutfak Çekmece Içi Kaşıklık Organizer,Vienev,Makyaj Organizerı,https://www.trendyol.com/vienev/13-lu-dolap-ici-cekmece-duzenleyici-mutfak-cekmece-ici-kasiklik-organizer-p-854333979?boutiqueId=61&merchantId=311243,Vienev,13,197.9,,,,TRY,"[""Kargo Bedava""]",InStock,100 adetten fazla stok sunulmuştur,Son 3 günde 1B+ ürün satıldı!,1000,4.6,6748,3224,,165,"4,6B kişinin sepetinde","267,9B kişi favoriledi","Son 24 saatte 4,5B kişi görüntüledi",4999,TRY,0,3,1,6,Tahmini Teslim:,,https://cdn.dsmcdn.com/ty1536/product/media/images/ty1537/prod/QC/20240912/09/231e745c-c59d-3171-ac3f-014d2e97a3c6/1_org_zoom.jpg,"{""Parça Sayısı"":""13"",""Materyal"":""Plastik"",""Renk"":""Beyaz"",""Menşei"":""TR""}",20,5,refreshed,"[""daily_top""]",true,2026-08-14T17:20:10+03:00,0,"[""search_result_dom"",""product_detail_jsonld"",""product_detail_dom""]","{""title"":""observed"",""brand"":""observed"",""seller_name"":""observed"",""seller_score"":""observed"",""price"":""observed"",""original_price"":""unavailable"",""campaigns"":""observed"",""stock_status"":""observed"",""stock_signal"":""observed"",""rating"":""observed"",""rating_count"":""observed"",""review_count"":""observed"",""question_count"":""observed"",""delivery_summary"":""observed"",""shipping_cost"":""observed"",""properties"":""observed""}",true,
2026-08-14,2026-08-14T17:20:10+03:00,ev-yasam,BEST_SELLER,birlesik-ev-yasam,Trendyol seçili Ev & Yaşam kategorileri / En Çok Satan,6,1,6,6,1,,113.5,76.5,996042727,716966,Dream Time Bambu Premium Sıvı Geçirmez Fitted Alez | Bambu Ultra Sessiz Yatak Koruyucu,Dream Time,Alez,https://www.trendyol.com/dream-time/bambu-premium-sivi-gecirmez-fitted-alez-bambu-ultra-sessiz-yatak-koruyucu-p-996042727?boutiqueId=61&merchantId=716966,Dream Time,,299.9,,,,TRY,"[""Kargo Bedava"",""Trendyol Plus'a Özel""]",InStock,100 adetten fazla stok sunulmuştur,Son 3 günde 1B+ ürün satıldı!,1000,4.4,3156,1535,,636,7B kişinin sepetinde,88B kişi favoriledi,"Son 24 saatte 3,2B kişi görüntüledi",4999,TRY,0,1,1,4,6 saat 39 dakika içinde sipariş verirsen en geç yarın kargoda!,En Çok Satan 1. Ürün,https://cdn.dsmcdn.com/ty1783/prod/QC_ENRICHMENT/20251102/10/51284de4-dbe9-3dd8-8e61-d55082ee9f59/1_org_zoom.jpg,"{""Materyal"":""Bambu + Polyester"",""Renk"":""Beyaz"",""Özellik"":""Su Geçirmez"",""Materyal Bileşeni"":""Bambu/pes Üst Yüzey & PU Membran"",""Yıkama Talimatı"":""T44"",""Paket İçeriği"":""1'li"",""Menşei"":""TR""}",20,5,refreshed,"[""daily_top""]",true,2026-08-14T17:20:10+03:00,0,"[""search_result_dom"",""product_detail_jsonld"",""product_detail_dom""]","{""title"":""observed"",""brand"":""observed"",""seller_name"":""observed"",""seller_score"":""unavailable"",""price"":""observed"",""original_price"":""unavailable"",""campaigns"":""observed"",""stock_status"":""observed"",""stock_signal"":""observed"",""rating"":""observed"",""rating_count"":""observed"",""review_count"":""observed"",""question_count"":""observed"",""delivery_summary"":""observed"",""shipping_cost"":""observed"",""properties"":""observed""}",true,
2026-08-14,2026-08-14T17:20:10+03:00,ev-yasam,BEST_SELLER,birlesik-ev-yasam,Trendyol seçili Ev & Yaşam kategorileri / En Çok Satan,7,1,7,7,1,,108.4,79.1,816189035,246399,thebestnzm ÇT Çeçem Ticaret Duvara Monte Mop Ve Paspas Tutucu Gold,thebestnzm,Askılık,https://www.trendyol.com/thebestnzm/ct-cecem-ticaret-duvara-monte-mop-ve-paspas-tutucu-gold-p-816189035?boutiqueId=61&merchantId=246399,Koza Gift,88,20.1,,,,TRY,"[""20 TL Kupon"",""Kargo Bedava""]",InStock,100 adetten fazla stok sunulmuştur,Son 3 günde 1B+ ürün satıldı!,1000,3.8,1446,628,,86,"1,9B kişinin sepetinde","71,7B kişi favoriledi",Son 24 saatte 1B kişi görüntüledi,4999,TRY,0,1,1,4,Tahmini Teslim:,En Çok Satan 1. Ürün,https://cdn.dsmcdn.com/ty1681/prod/QC/20250522/22/521468ef-a69d-3419-922d-5e6d7abf52cd/1_org_zoom.jpg,"{""Materyal"":""Belirtilmemiş"",""Renk"":""Beyaz"",""Yükseklik"":""3 cm"",""Genişlik"":""6 cm"",""Askılık Tipi"":""Duvara Monte"",""Stil"":""Klasik"",""Tema / Stil"":""Klasik"",""Menşei"":""TR""}",20,5,refreshed,"[""daily_top""]",true,2026-08-14T17:20:10+03:00,0,"[""search_result_dom"",""product_detail_jsonld"",""product_detail_dom""]","{""title"":""observed"",""brand"":""observed"",""seller_name"":""observed"",""seller_score"":""observed"",""price"":""observed"",""original_price"":""unavailable"",""campaigns"":""observed"",""stock_status"":""observed"",""stock_signal"":""observed"",""rating"":""observed"",""rating_count"":""observed"",""review_count"":""observed"",""question_count"":""observed"",""delivery_summary"":""observed"",""shipping_cost"":""observed"",""properties"":""observed""}",true,
2026-08-14,2026-08-14T17:20:10+03:00,ev-yasam,BEST_SELLER,birlesik-ev-yasam,Trendyol seçili Ev & Yaşam kategorileri / En Çok Satan,8,1,8,8,1,,114.4,71,943829884,152772,Serstil 6'lı Valiz Düzenleyici Bavul Içi Organizer Set Seyahat Hurcu Pembe Puantiyeli,Serstil,,https://www.trendyol.com/serstil/6-li-valiz-duzenleyici-bavul-ici-organizer-set-seyahat-hurcu-pembe-puantiyeli-p-943829884?boutiqueId=61&merchantId=152772,ESTİ,89,199.95,,,,TRY,"[""Kargo Bedava"",""Trendyol Plus'a Özel""]",InStock,100 adetten fazla stok sunulmuştur,Son 3 günde 1B+ ürün satıldı!,1000,4.6,6226,,,104,"7,9B kişinin sepetinde","197,7B kişi favoriledi","Son 24 saatte 3,8B kişi görüntüledi",,,0,,,,6 saat 39 dakika içinde sipariş verirsen en geç yarın kargoda!,En Çok Satan 1. Ürün,,{},0,,refreshed,"[""daily_top""]",true,2026-08-14T17:20:10+03:00,0,"[""search_result_dom"",""product_detail_jsonld"",""product_detail_dom""]","{""title"":""observed"",""brand"":""observed"",""seller_name"":""observed"",""seller_score"":""observed"",""price"":""observed"",""original_price"":""unavailable"",""campaigns"":""observed"",""stock_status"":""observed"",""stock_signal"":""observed"",""rating"":""observed"",""rating_count"":""observed"",""review_count"":""unavailable"",""question_count"":""observed"",""delivery_summary"":""observed"",""shipping_cost"":""unavailable"",""properties"":""observed""}",true,
2026-08-14,2026-08-14T17:20:10+03:00,ev-yasam,BEST_SELLER,birlesik-ev-yasam,Trendyol seçili Ev & Yaşam kategorileri / En Çok Satan,9,1,9,9,2,,111.1,71.4,82611235,246399,"Çiçek 1 adet beyaz renkli Çınar Islak Lale – Yapay Dekor, Masa Süsü",Çiçek,Yapay Çiçek,https://www.trendyol.com/cicek/1-adet-beyaz-renkli-cinar-islak-lale-yapay-dekor-masa-susu-p-82611235?boutiqueId=61&merchantId=246399,Koza Gift,88,24.99,,,,TRY,"[""Sepette %10 İndirim"",""Kargo Bedava"",""Son 10 Günün En Düşük Fiyatı"",""Trendyol Plus'a Özel""]",InStock,100 adetten fazla stok sunulmuştur,Son 3 günde 1B+ ürün satıldı!,1000,3.9,6670,4371,,1325,"1,9B kişinin sepetinde","185,3B kişi favoriledi","Son 24 saatte 1,7B kişi görüntüledi",4999,TRY,0,1,1,4,Tahmini Teslim:,En Çok Satan 2. Ürün,https://cdn.dsmcdn.com/ty1931/prod/QC_ENRICHMENT/20260521/15/801ddd98-0e99-3393-a7d9-590cf562ac26/1_org_zoom.jpg,"{""Renk"":""Beyaz"",""Yükseklik"":""11 - 30 cm"",""Çiçek Türü"":""Çiçek Buketi"",""Menşei"":""TR""}",20,5,refreshed,"[""daily_top""]",true,2026-08-14T17:20:10+03:00,0,"[""search_result_dom"",""product_detail_jsonld"",""product_detail_dom""]","{""title"":""observed"",""brand"":""observed"",""seller_name"":""observed"",""seller_score"":""observed"",""price"":""observed"",""original_price"":""unavailable"",""campaigns"":""observed"",""stock_status"":""observed"",""stock_signal"":""observed"",""rating"":""observed"",""rating_count"":""observed"",""review_count"":""observed"",""question_count"":""observed"",""delivery_summary"":""observed"",""shipping_cost"":""observed"",""properties"":""observed""}",true,
2026-08-14,2026-08-14T17:20:10+03:00,ev-yasam,BEST_SELLER,birlesik-ev-yasam,Trendyol seçili Ev & Yaşam kategorileri / En Çok Satan,10,1,10,10,1,,99.9,45.1,443041832,145854,Balkan Room 6'lı Beyaz Çekmece Içi Düzenleyici Organizer Set - Çok Amaçlı Dolap Içi Kutu Seti,Balkan Room,Dolap İçi Düzenleyici,https://www.trendyol.com/balkan-room/6-li-beyaz-cekmece-ici-duzenleyici-organizer-set-cok-amacli-dolap-ici-kutu-seti-p-443041832?boutiqueId=61&merchantId=145854,Balkan E-Ticaret Limited Şirketi,95,199.9,,,,TRY,"[""Kargo Bedava""]",InStock,100 adetten fazla stok sunulmuştur,Son 3 günde 500+ ürün satıldı!,500,4.6,10309,5505,,163,"6,4B kişinin sepetinde","310,4B kişi favoriledi","Son 24 saatte 3,1B kişi görüntüledi",4999,TRY,0,1,1,4,Tahmini Teslim:,En Çok Satan 1. Ürün,https://cdn.dsmcdn.com/ty1417/product/media/images/prod/QC/20240713/16/e1cf3be6-48a9-3d2a-b274-191ff3f4dde6/1_org_zoom.jpg,"{""Parça Sayısı"":""6"",""Materyal"":""Kumaş"",""Boyut/Ebat"":""28 x 28"",""Renk"":""Beyaz"",""Materyal Bileşeni"":""Mukavva"",""Menşei"":""TR""}",20,5,refreshed,"[""daily_top""]",true,2026-08-14T17:20:10+03:00,0,"[""search_result_dom"",""product_detail_jsonld"",""product_detail_dom""]","{""title"":""observed"",""brand"":""observed"",""seller_name"":""observed"",""seller_score"":""observed"",""price"":""observed"",""original_price"":""unavailable"",""campaigns"":""observed"",""stock_status"":""observed"",""stock_signal"":""observed"",""rating"":""observed"",""rating_count"":""observed"",""review_count"":""observed"",""question_count"":""observed"",""delivery_summary"":""observed"",""shipping_cost"":""observed"",""properties"":""observed""}",true,
2026-08-14,2026-08-14T17:20:10+03:00,ev-yasam,BEST_SELLER,birlesik-ev-yasam,Trendyol seçili Ev & Yaşam kategorileri / En Çok Satan,11,1,11,11,3,,97,45.5,452643875,152772,ESTİ 24 Adet - Ahşap Görünümlü Plastik A Kalite Siyah Elbise Askı,ESTİ,Askı,https://www.trendyol.com/esti/24-adet-ahsap-gorunumlu-plastik-a-kalite-siyah-elbise-aski-p-452643875?boutiqueId=61&merchantId=152772,ESTİ,24,332.5,,,,TRY,"[""Kargo Bedava"",""Trendyol Plus'a Özel""]",InStock,100 adetten fazla stok sunulmuştur,Son 3 günde 500+ ürün satıldı!,500,4.5,7708,4206,,158,"4,4B kişinin sepetinde","90,2B kişi favoriledi","Son 24 saatte 1,3B kişi görüntüledi",4999,TRY,0,1,1,4,6 saat 39 dakika içinde sipariş verirsen en geç yarın kargoda!,En Çok Satan 3. Ürün,https://cdn.dsmcdn.com/ty956/product/media/images/20230623/19/388668881/647049743/1/1_org_zoom.jpg,"{""Materyal"":""Plastik"",""Parça Sayısı"":""24"",""Renk"":""Siyah"",""Kullanım Türü"":""Elbise"",""Menşei"":""TR""}",20,5,refreshed,"[""daily_top""]",true,2026-08-14T17:20:10+03:00,0,"[""search_result_dom"",""product_detail_jsonld"",""product_detail_dom""]","{""title"":""observed"",""brand"":""observed"",""seller_name"":""observed"",""seller_score"":""observed"",""price"":""observed"",""original_price"":""unavailable"",""campaigns"":""observed"",""stock_status"":""observed"",""stock_signal"":""observed"",""rating"":""observed"",""rating_count"":""observed"",""review_count"":""observed"",""question_count"":""observed"",""delivery_summary"":""observed"",""shipping_cost"":""observed"",""properties"":""observed""}",true,
2026-08-14,2026-08-14T17:20:10+03:00,ev-yasam,BEST_SELLER,birlesik-ev-yasam,Trendyol seçili Ev & Yaşam kategorileri / En Çok Satan,12,1,12,12,1,,96.5,44,842128116,180667,Nandy Home 20'li Set Kendinden Kapaklı Derin Dondurucuya Uygun Saklama Kabı 1 Lt. ve 2 Lt.,Nandy Home,Saklama Kabı,https://www.trendyol.com/nandy-home/20-li-set-kendinden-kapakli-derin-dondurucuya-uygun-saklama-kabi-1-lt-ve-2-lt-p-842128116?boutiqueId=61&merchantId=180667,Nandy Home,20,344.06,,,,TRY,"[""Kargo Bedava""]",InStock,10 adetten fazla stok sunulmuştur,Son 3 günde 500+ ürün satıldı!,500,4.1,12781,6419,,450,"6,4B kişinin sepetinde","525,6B kişi favoriledi","Son 24 saatte 5,6B kişi görüntüledi",4999,TRY,0,1,1,4,6 saat 39 dakika içinde sipariş verirsen en geç yarın kargoda!,En Çok Satan 1. Ürün,https://cdn.dsmcdn.com/ty1931/prod/QC_ENRICHMENT/20260520/17/c74f6a6f-90db-3e88-9ead-fb0d3585417c/1_org_zoom.jpg,"{""Materyal"":""Plastik"",""Parça Sayısı"":""2"",""Renk"":""Beyaz"",""Hacim"":""2 L"",""Menşei"":""TR"",""Bakım Talimatları (Gıda Temas)"":""Ürünün kullanım ömrünü korumak için ürüne özel bakım talimatlarını takip ediniz.""}",20,5,refreshed,"[""daily_top""]",true,2026-08-14T17:20:10+03:00,0,"[""search_result_dom"",""product_detail_jsonld"",""product_detail_dom""]","{""title"":""observed"",""brand"":""observed"",""seller_name"":""observed"",""seller_score"":""observed"",""price"":""observed"",""original_price"":""unavailable"",""campaigns"":""observed"",""stock_status"":""observed"",""stock_signal"":""observed"",""rating"":""observed"",""rating_count"":""observed"",""review_count"":""observed"",""question_count"":""observed"",""delivery_summary"":""observed"",""shipping_cost"":""observed"",""properties"":""observed""}",true,
2026-08-14,2026-08-14T17:20:10+03:00,ev-yasam,BEST_SELLER,birlesik-ev-yasam,Trendyol seçili Ev & Yaşam kategorileri / En Çok Satan,13,1,13,13,,,87.2,50.3,888694991,271062,"Ecolux 6 Adet 3.5 Lt Dolap Içi, Buzdolabı Düzenleyici, Banyo, Mutfak Organizeri Sepet BEYAZ 24cm16cm11cm",Ecolux,Buzdolabı Düzenleyici,https://www.trendyol.com/ecolux/6-adet-3-5-lt-dolap-ici-buzdolabi-duzenleyici-banyo-mutfak-organizeri-sepet-beyaz-24cm16cm11cm-p-888694991?boutiqueId=61&merchantId=271062,Ecolux,6,199.9,,,,TRY,"[""Kargo Bedava"",""Trendyol Plus'a Özel""]",InStock,100 adetten fazla stok sunulmuştur,Son 3 günde 500+ ürün satıldı!,500,4.7,1570,789,,79,"3,6B kişinin sepetinde","68,4B kişi favoriledi","Son 24 saatte 2,7B kişi görüntüledi",4999,TRY,0,1,1,4,Tahmini Teslim:,,https://cdn.dsmcdn.com/ty1659/prod/QC/20250408/20/b0126a56-92b3-35b1-a075-ba1dc3f02c27/1_org_zoom.jpg,"{""Parça Sayısı"":""6"",""Materyal"":""Plastik"",""Boyut/Ebat"":""100 x 100"",""Diğer Özellikler"":""yıkanabilir"",""Menşei"":""TR""}",20,5,refreshed,"[""daily_top""]",true,2026-08-14T17:20:10+03:00,0,"[""search_result_dom"",""product_detail_jsonld"",""product_detail_dom""]","{""title"":""observed"",""brand"":""observed"",""seller_name"":""observed"",""seller_score"":""observed"",""price"":""observed"",""original_price"":""unavailable"",""campaigns"":""observed"",""stock_status"":""observed"",""stock_signal"":""observed"",""rating"":""observed"",""rating_count"":""observed"",""review_count"":""observed"",""question_count"":""observed"",""delivery_summary"":""observed"",""shipping_cost"":""observed"",""properties"":""observed""}",true,
2026-08-14,2026-08-14T17:20:10+03:00,ev-yasam,BEST_SELLER,birlesik-ev-yasam,Trendyol seçili Ev & Yaşam kategorileri / En Çok Satan,14,1,14,14,1,,95.6,43,769920548,152772,Serstil 8 Adet - Antrasit Çizgili Büyük Boy Baza Altı Ve Çekyat Tipi Hurç 65 x 45 x 22 cm,Serstil,,https://www.trendyol.com/serstil/8-adet-antrasit-cizgili-buyuk-boy-baza-alti-ve-cekyat-tipi-hurc-65-x-45-x-22-cm-p-769920548?boutiqueId=61&merchantId=152772,ESTİ,89,479,,,,TRY,"[""Kargo Bedava"",""Trendyol Plus'a Özel""]",InStock,100 adetten fazla stok sunulmuştur,Son 3 günde 500+ ürün satıldı!,500,4.6,16043,,,660,"5,3B kişinin sepetinde","338,3B kişi favoriledi","Son 24 saatte 3,4B kişi görüntüledi",,,0,,,,6 saat 39 dakika içinde sipariş verirsen en geç yarın kargoda!,En Çok Satan 1. Ürün,,{},0,,refreshed,"[""daily_top""]",true,2026-08-14T17:20:10+03:00,0,"[""search_result_dom"",""product_detail_jsonld"",""product_detail_dom""]","{""title"":""observed"",""brand"":""observed"",""seller_name"":""observed"",""seller_score"":""observed"",""price"":""observed"",""original_price"":""unavailable"",""campaigns"":""observed"",""stock_status"":""observed"",""stock_signal"":""observed"",""rating"":""observed"",""rating_count"":""observed"",""review_count"":""unavailable"",""question_count"":""observed"",""delivery_summary"":""observed"",""shipping_cost"":""unavailable"",""properties"":""observed""}",true,
2026-08-14,2026-08-14T17:20:10+03:00,ev-yasam,BEST_SELLER,birlesik-ev-yasam,Trendyol seçili Ev & Yaşam kategorileri / En Çok Satan,15,1,15,15,1,,137.5,45,1046142187,1131657,Storlant Mat Bambu Orta Gramajlı 1/3 Sık Pileli Ütü Gerektirmez Tül Perde | Sade ve Kaliteli Dokuma,Storlant,,https://www.trendyol.com/storlant/mat-bambu-orta-gramajli-1-3-sik-pileli-utu-gerektirmez-tul-perde-sade-ve-kaliteli-dokuma-p-1046142187?boutiqueId=61&merchantId=1131657,STORLANT,92,0.01,0.02,50,,TRY,"[""Sepette %72 İndirim"",""Süper Fırsat Ürünü"",""Kargo Bedava""]",InStock,100 adetten fazla stok sunulmuştur,Son 3 günde 500+ ürün satıldı!,500,4.5,2700,,,501,"9,7B kişinin sepetinde","63,8B kişi favoriledi","Son 24 saatte 5,7B kişi görüntüledi",,,0,,,,6 saat 39 dakika içinde sipariş verirsen en geç yarın kargoda!,En Çok Satan 1. Ürün,,{},0,,refreshed,"[""daily_top""]",true,2026-08-14T17:20:10+03:00,0,"[""search_result_dom"",""product_detail_jsonld"",""product_detail_dom""]","{""title"":""observed"",""brand"":""observed"",""seller_name"":""observed"",""seller_score"":""observed"",""price"":""observed"",""original_price"":""observed"",""campaigns"":""observed"",""stock_status"":""observed"",""stock_signal"":""observed"",""rating"":""observed"",""rating_count"":""observed"",""review_count"":""unavailable"",""question_count"":""observed"",""delivery_summary"":""observed"",""shipping_cost"":""unavailable"",""properties"":""observed""}",true,
2026-08-14,2026-08-14T17:20:10+03:00,ev-yasam,BEST_SELLER,birlesik-ev-yasam,Trendyol seçili Ev & Yaşam kategorileri / En Çok Satan,16,1,16,16,1,,88.4,42,772042373,638780,BEYZANA Bambu Kirli Çamaşır Sepeti Dikdörtgen -katlanabilir Bambu Kirli Çamaşır Sepeti,BEYZANA,Çamaşır Sepeti,https://www.trendyol.com/beyzana/bambu-kirli-camasir-sepeti-dikdortgen-katlanabilir-bambu-kirli-camasir-sepeti-p-772042373?boutiqueId=61&merchantId=638780,BEYZANA,,429.99,,,,TRY,"[""Kargo Bedava""]",InStock,100 adetten fazla stok sunulmuştur,Son 3 günde 500+ ürün satıldı!,500,4.2,12445,6319,,976,"4,5B kişinin sepetinde","372,7B kişi favoriledi","Son 24 saatte 3,6B kişi görüntüledi",4999,TRY,0,1,1,4,6 saat 39 dakika içinde sipariş verirsen en geç yarın kargoda!,En Çok Satan 1. Ürün,https://cdn.dsmcdn.com/ty1718/prod/QC_ENRICHMENT/20250727/12/5cfb3e4a-d940-3b10-8ae2-ec0dcce72a49/1_org_zoom.jpg,"{""Materyal"":""Bambu"",""Renk"":""Bej"",""Hacim"":""50-99 L"",""Boyut/Ebat"":""35 x 50"",""Yıkama Talimatı"":""T101"",""Materyal Bileşeni"":""BAMBU"",""Menşei"":""CN""}",20,5,refreshed,"[""daily_top""]",true,2026-08-14T17:20:10+03:00,0,"[""search_result_dom"",""product_detail_jsonld"",""product_detail_dom""]","{""title"":""observed"",""brand"":""observed"",""seller_name"":""observed"",""seller_score"":""unavailable"",""price"":""observed"",""original_price"":""unavailable"",""campaigns"":""observed"",""stock_status"":""observed"",""stock_signal"":""observed"",""rating"":""observed"",""rating_count"":""observed"",""review_count"":""observed"",""question_count"":""observed"",""delivery_summary"":""observed"",""shipping_cost"":""observed"",""properties"":""observed""}",true,
2026-08-14,2026-08-14T17:20:10+03:00,ev-yasam,BEST_SELLER,birlesik-ev-yasam,Trendyol seçili Ev & Yaşam kategorileri / En Çok Satan,17,1,17,17,1,,134.1,43.4,985088833,1131657,"Storlant Kırık Beyaz Saten Güneşlik – Fon Veya Tül Fark Etmez, Her Kombine Yakışır! Tüm Odalara Şıklık Katar!",Storlant,,https://www.trendyol.com/storlant/kirik-beyaz-saten-guneslik-fon-veya-tul-fark-etmez-her-kombine-yakisir-tum-odalara-siklik-katar-p-985088833?boutiqueId=61&merchantId=1131657,STORLANT,92,0.01,0.02,50,,TRY,"[""Sepette %62 İndirim"",""Süper Fırsat Ürünü"",""Sepette %56 İndirim"",""Kargo Bedava""]",InStock,100 adetten fazla stok sunulmuştur,Son 3 günde 500+ ürün satıldı!,500,4.7,3289,,,353,"5,3B kişinin sepetinde","33,3B kişi favoriledi","Son 24 saatte 2,3B kişi görüntüledi",,,0,,,,6 saat 39 dakika içinde sipariş verirsen en geç yarın kargoda!,En Çok Satan 1. Ürün,,{},0,,refreshed,"[""daily_top""]",true,2026-08-14T17:20:10+03:00,0,"[""search_result_dom"",""product_detail_jsonld"",""product_detail_dom""]","{""title"":""observed"",""brand"":""observed"",""seller_name"":""observed"",""seller_score"":""observed"",""price"":""observed"",""original_price"":""observed"",""campaigns"":""observed"",""stock_status"":""observed"",""stock_signal"":""observed"",""rating"":""observed"",""rating_count"":""observed"",""review_count"":""unavailable"",""question_count"":""observed"",""delivery_summary"":""observed"",""shipping_cost"":""unavailable"",""properties"":""observed""}",true,
2026-08-14,2026-08-14T17:20:10+03:00,ev-yasam,BEST_SELLER,birlesik-ev-yasam,Trendyol seçili Ev & Yaşam kategorileri / En Çok Satan,18,1,18,18,1,,86.4,41,758157346,105683,Varol 2 Adet Gold Serisi 1200Gr Nano Jel Yastık 50x70cm,Varol,Yastık,https://www.trendyol.com/varol/2-adet-gold-serisi-1200gr-nano-jel-yastik-50x70cm-p-758157346?boutiqueId=61&merchantId=105683,Varol Tekstil,88,799,,,,TRY,"[""Kargo Bedava""]",InStock,100 adetten fazla stok sunulmuştur,Son 3 günde 500+ ürün satıldı!,500,4.6,20630,11172,,1268,"7,3B kişinin sepetinde","419,4B kişi favoriledi",Son 24 saatte 2B kişi görüntüledi,4999,TRY,0,3,1,6,Tahmini Teslim:,En Çok Satan 1. Ürün,https://cdn.dsmcdn.com/ty1663/prod/QC/20250411/20/49f2436b-e3bc-38b8-879d-bceacacb9fdc/1_org_zoom.jpg,"{""Boyut/Ebat"":""50 x 70"",""Dış Materyal"":""Pamuklu"",""Dolgu Materyali"":""Nano Elyaf"",""Renk"":""Beyaz"",""Özellik"":""Hava Geçirgen"",""Ağırlık"":""650 + gr"",""Materyal Bileşeni"":""pamuk silikonize elyaf"",""Yıkama Talimatı"":""T44"",""Menşei"":""TR""}",20,5,refreshed,"[""daily_top""]",true,2026-08-14T17:20:10+03:00,0,"[""search_result_dom"",""product_detail_jsonld"",""product_detail_dom""]","{""title"":""observed"",""brand"":""observed"",""seller_name"":""observed"",""seller_score"":""observed"",""price"":""observed"",""original_price"":""unavailable"",""campaigns"":""observed"",""stock_status"":""observed"",""stock_signal"":""observed"",""rating"":""observed"",""rating_count"":""observed"",""review_count"":""observed"",""question_count"":""observed"",""delivery_summary"":""observed"",""shipping_cost"":""observed"",""properties"":""observed""}",true,
2026-08-14,2026-08-14T17:20:10+03:00,ev-yasam,BEST_SELLER,birlesik-ev-yasam,Trendyol seçili Ev & Yaşam kategorileri / En Çok Satan,19,1,19,19,1,,86.8,40.7,60217450,968,TEFAL Manuel Rondo 500 ml Kapasiteli Siyah,TEFAL,El Rondosu,https://www.trendyol.com/tefal/manuel-rondo-500-ml-kapasiteli-siyah-p-60217450?boutiqueId=689770&merchantId=968,Trendyol,,759.05,799,5,,TRY,"[""Kargo Bedava""]",InStock,100 adetten fazla stok sunulmuştur,Son 3 günde 500+ ürün satıldı!,500,4.7,8857,5355,,680,"5,7B kişinin sepetinde","310,2B kişi favoriledi","Son 24 saatte 3,5B kişi görüntüledi",4999,TRY,0,3,1,6,Tahmini Teslim:,En Çok Satan 1. Ürün,https://cdn.dsmcdn.com/ty1000426/product/media/images/prod/PIM/20260811/08/8c15522c-7e9f-4e30-86a1-5e0ce35e65ca/1_org_zoom.jpg,"{""Renk"":""Siyah"",""Menşei"":""CN"",""Bakım Talimatları (Gıda Temas)"":""Ürünün kullanım ömrünü korumak için ürüne özel bakım talimatlarını takip ediniz."",""Materyal"":""Plastik""}",20,5,refreshed,"[""daily_top""]",true,2026-08-14T17:20:10+03:00,0,"[""search_result_dom"",""product_detail_jsonld"",""product_detail_dom""]","{""title"":""observed"",""brand"":""observed"",""seller_name"":""observed"",""seller_score"":""unavailable"",""price"":""observed"",""original_price"":""observed"",""campaigns"":""observed"",""stock_status"":""observed"",""stock_signal"":""observed"",""rating"":""observed"",""rating_count"":""observed"",""review_count"":""observed"",""question_count"":""observed"",""delivery_summary"":""observed"",""shipping_cost"":""observed"",""properties"":""observed""}",true,
2026-08-14,2026-08-14T17:20:10+03:00,ev-yasam,BEST_SELLER,birlesik-ev-yasam,Trendyol seçili Ev & Yaşam kategorileri / En Çok Satan,20,1,20,20,1,,71.9,48.1,994085835,638780,AKDAG HOME Tekli Paslanmaz Bulaşık Süngeri Tutucu Yapışkanlı Askılık Çift Taraflı Yapışkanlı Gri,AKDAG HOME,Düzenleyici,https://www.trendyol.com/akdag-home/tekli-paslanmaz-bulasik-sungeri-tutucu-yapiskanli-askilik-cift-tarafli-yapiskanli-gri-p-994085835?boutiqueId=61&merchantId=638780,BEYZANA,89,74.99,,,,TRY,"[""Kargo Bedava""]",InStock,100 adetten fazla stok sunulmuştur,Son 3 günde 500+ ürün satıldı!,500,4,1089,543,,56,"3,4B kişinin sepetinde",73B kişi favoriledi,"Son 24 saatte 1,1B kişi görüntüledi",4999,TRY,0,1,1,4,6 saat 38 dakika içinde sipariş verirsen en geç yarın kargoda!,En Çok Satan 1. Ürün,https://cdn.dsmcdn.com/ty1764/prod/QC_ENRICHMENT/20250930/20/f64d6196-1d6d-3200-9b78-2a7fe1240b7d/1_org_zoom.jpg,"{""Materyal"":""Çelik"",""Menşei"":""CN"",""Bakım Talimatları (Genel)"":""Ürünün kullanım ömrünü korumak için ürüne özel bakım talimatlarını takip ediniz.""}",20,5,refreshed,"[""daily_top""]",true,2026-08-14T17:20:10+03:00,0,"[""search_result_dom"",""product_detail_jsonld"",""product_detail_dom""]","{""title"":""observed"",""brand"":""observed"",""seller_name"":""observed"",""seller_score"":""observed"",""price"":""observed"",""original_price"":""unavailable"",""campaigns"":""observed"",""stock_status"":""observed"",""stock_signal"":""observed"",""rating"":""observed"",""rating_count"":""observed"",""review_count"":""observed"",""question_count"":""observed"",""delivery_summary"":""observed"",""shipping_cost"":""observed"",""properties"":""observed""}",true,
2026-08-14,2026-08-14T17:20:10+03:00,ev-yasam,BEST_SELLER,birlesik-ev-yasam,Trendyol seçili Ev & Yaşam kategorileri / En Çok Satan,21,1,21,21,1,,64.9,52.6,1087970728,638780,BEYZANA 1 Adet Paspas Süpürge Fırça ve Mop Askısı Sap Tutucu Mutfak Askı,BEYZANA,Banyo Askısı,https://www.trendyol.com/beyzana/1-adet-paspas-supurge-firca-ve-mop-askisi-sap-tutucu-mutfak-aski-p-1087970728?boutiqueId=61&merchantId=638780,BEYZANA,1,24.99,,,,TRY,"[""Kargo Bedava""]",InStock,100 adetten fazla stok sunulmuştur,Son 3 günde 500+ ürün satıldı!,500,3.9,305,127,,24,1B kişinin sepetinde,"18,5B kişi favoriledi",Son 24 saatte 575 kişi görüntüledi,4999,TRY,0,1,1,4,6 saat 38 dakika içinde sipariş verirsen en geç yarın kargoda!,En Çok Satan 1. Ürün,https://cdn.dsmcdn.com/ty1932/prod/QC_ENRICHMENT/20260428/14/000afb75-e383-3dca-8772-638f079aa563/1_org_zoom.jpg,"{""Renk"":""Beyaz"",""Menşei"":""CN""}",20,5,refreshed,"[""daily_top""]",true,2026-08-14T17:20:10+03:00,0,"[""search_result_dom"",""product_detail_jsonld"",""product_detail_dom""]","{""title"":""observed"",""brand"":""observed"",""seller_name"":""observed"",""seller_score"":""observed"",""price"":""observed"",""original_price"":""unavailable"",""campaigns"":""observed"",""stock_status"":""observed"",""stock_signal"":""observed"",""rating"":""observed"",""rating_count"":""observed"",""review_count"":""observed"",""question_count"":""observed"",""delivery_summary"":""observed"",""shipping_cost"":""observed"",""properties"":""observed""}",true,
2026-08-14,2026-08-14T17:20:10+03:00,ev-yasam,BEST_SELLER,birlesik-ev-yasam,Trendyol seçili Ev & Yaşam kategorileri / En Çok Satan,22,1,22,22,1,,66.6,48.4,920511599,106777,Bella Maison Shape Cup Naturel (220 cc),Bella Maison,Kase,https://www.trendyol.com/bella-maison/shape-cup-naturel-220-cc-p-920511599?boutiqueId=61&merchantId=106777,Bella Maison,,239.54,,,,TRY,"[""Kargo Bedava"",""Trendyol Plus'a Özel""]",InStock,100 adetten fazla stok sunulmuştur,Son 3 günde 500+ ürün satıldı!,500,4.7,612,376,,63,"1,8B kişinin sepetinde","77,1B kişi favoriledi","Son 24 saatte 1,4B kişi görüntüledi",4999,TRY,0,3,1,6,Tahmini Teslim:,En Çok Satan 1. Ürün,https://cdn.dsmcdn.com/ty1830/prod/QC_ENRICHMENT/20260227/23/83f3b018-f7f4-3ff0-94f5-7dfcab5a3208/1_org_zoom.jpg,"{""Parça Sayısı"":""1"",""Hacim"":""220 ml"",""Ürün Tipi"":""Çerezlik"",""Renk"":""Pembe"",""Menşei"":""CZ"",""Materyal"":""Cam"",""Bakım Talimatları (Gıda Temas)"":""Ürünün kullanım ömrünü korumak için ürüne özel bakım talimatlarını takip ediniz.""}",20,5,refreshed,"[""daily_top""]",true,2026-08-14T17:20:10+03:00,0,"[""search_result_dom"",""product_detail_jsonld"",""product_detail_dom""]","{""title"":""observed"",""brand"":""observed"",""seller_name"":""observed"",""seller_score"":""unavailable"",""price"":""observed"",""original_price"":""unavailable"",""campaigns"":""observed"",""stock_status"":""observed"",""stock_signal"":""observed"",""rating"":""observed"",""rating_count"":""observed"",""review_count"":""observed"",""question_count"":""observed"",""delivery_summary"":""observed"",""shipping_cost"":""observed"",""properties"":""observed""}",true,
2026-08-14,2026-08-14T17:20:10+03:00,ev-yasam,BEST_SELLER,birlesik-ev-yasam,Trendyol seçili Ev & Yaşam kategorileri / En Çok Satan,23,1,23,23,1,,59.3,53.2,1159329481,450512,Lavine (6 Adet) Çamaşır Mandalı Güçlü Tutuş Yeni Nesil Yaysız Paslanmaz Kurutmalık Mandalı,Lavine,Çamaşır İpi & Mandal,https://www.trendyol.com/lavine/6-adet-camasir-mandali-guclu-tutus-yeni-nesil-yaysiz-paslanmaz-kurutmalik-mandali-p-1159329481?boutiqueId=61&merchantId=450512,obido,93,49.99,,,,TRY,"[""Kargo Bedava"",""Trendyol Plus'a Özel""]",InStock,100 adetten fazla stok sunulmuştur,Son 3 günde 500+ ürün satıldı!,500,4.7,133,80,,9,"1,2B kişinin sepetinde",7B kişi favoriledi,Son 24 saatte 470 kişi görüntüledi,4999,TRY,0,1,1,4,Tahmini Teslim:,En Çok Satan 1. Ürün,https://cdn.dsmcdn.com/ty1929/prod/QC_PREP/20260622/19/f52ada01-6548-3ded-8bef-a95c32328415/1_org_zoom.jpg,"{""Uzunluk"":""5"",""Menşei"":""TR""}",20,5,refreshed,"[""daily_top""]",true,2026-08-14T17:20:10+03:00,0,"[""search_result_dom"",""product_detail_jsonld"",""product_detail_dom""]","{""title"":""observed"",""brand"":""observed"",""seller_name"":""observed"",""seller_score"":""observed"",""price"":""observed"",""original_price"":""unavailable"",""campaigns"":""observed"",""stock_status"":""observed"",""stock_signal"":""observed"",""rating"":""observed"",""rating_count"":""observed"",""review_count"":""observed"",""question_count"":""observed"",""delivery_summary"":""observed"",""shipping_cost"":""observed"",""properties"":""observed""}",true,
2026-08-14,2026-08-14T17:20:10+03:00,ev-yasam,BEST_SELLER,birlesik-ev-yasam,Trendyol seçili Ev & Yaşam kategorileri / En Çok Satan,24,1,24,24,1,,74.9,38,62204500,165535,EFFE YAPI DEKOR Gold Metal Çerçeveli Oval Ayaklı Boy Aynası 180 x 70 Cm,EFFE YAPI DEKOR,Ayna,https://www.trendyol.com/effe-yapi-dekor/gold-metal-cerceveli-oval-ayakli-boy-aynasi-180-x-70-cm-p-62204500?boutiqueId=61&merchantId=165535,Effe Yapi Dekor,85,1650,,,,TRY,"[""Kargo Bedava"",""Peşin Fiyatına 3 Taksit""]",InStock,100 adetten fazla stok sunulmuştur,Son 3 günde 500+ ürün satıldı!,500,4.8,22039,12779,,1789,"8,4B kişinin sepetinde","775,4B kişi favoriledi","Son 24 saatte 6,2B kişi görüntüledi",4999,TRY,0,12,1,15,Tahmini Teslim:,En Çok Satan 1. Ürün,https://cdn.dsmcdn.com/ty1346/product/media/images/prod/QC/20240603/10/318a96b3-737f-33ba-be18-0d19884a0c8e/1_org_zoom.jpg,"{""Materyal"":""Metal"",""Renk"":""Altın"",""Şekil"":""Oval"",""Çeşit"":""Ayaklı Boy Aynası"",""Menşei"":""TR"",""Özellik"":""Ayaklı""}",20,5,refreshed,"[""daily_top""]",true,2026-08-14T17:20:10+03:00,0,"[""search_result_dom"",""product_detail_jsonld"",""product_detail_dom""]","{""title"":""observed"",""brand"":""observed"",""seller_name"":""observed"",""seller_score"":""observed"",""price"":""observed"",""original_price"":""unavailable"",""campaigns"":""observed"",""stock_status"":""observed"",""stock_signal"":""observed"",""rating"":""observed"",""rating_count"":""observed"",""review_count"":""observed"",""question_count"":""observed"",""delivery_summary"":""observed"",""shipping_cost"":""observed"",""properties"":""observed""}",true,
2026-08-14,2026-08-14T17:20:10+03:00,ev-yasam,BEST_SELLER,birlesik-ev-yasam,Trendyol seçili Ev & Yaşam kategorileri / En Çok Satan,25,2,25,25,1,,64.8,42.7,1070017994,817862,Genel Markalar Dekoratif Led Tealight Mumluk | Masaüstü Aydınlatma | 2'li Set,Genel Markalar,,https://www.trendyol.com/genel-markalar/dekoratif-led-tealight-mumluk-masaustu-aydinlatma-2-li-set-p-1070017994?boutiqueId=61&merchantId=817862,RubatrendCookieCutter,92,144,,,,TRY,"[""15 TL Kupon"",""Kargo Bedava"",""Trendyol Plus'a Özel""]",InStock,100 adetten fazla stok sunulmuştur,Son 3 günde 500+ ürün satıldı!,500,3.8,1242,,,123,"7,9B kişinin sepetinde","147,3B kişi favoriledi","Son 24 saatte 5,9B kişi görüntüledi",,,0,,,,6 saat 38 dakika içinde sipariş verirsen en geç yarın kargoda!,En Çok Satan 1. Ürün,,{},0,,refreshed,"[""daily_top""]",true,2026-08-14T17:20:10+03:00,0,"[""search_result_dom"",""product_detail_jsonld"",""product_detail_dom""]","{""title"":""observed"",""brand"":""observed"",""seller_name"":""observed"",""seller_score"":""observed"",""price"":""observed"",""original_price"":""unavailable"",""campaigns"":""observed"",""stock_status"":""observed"",""stock_signal"":""observed"",""rating"":""observed"",""rating_count"":""observed"",""review_count"":""unavailable"",""question_count"":""observed"",""delivery_summary"":""observed"",""shipping_cost"":""unavailable"",""properties"":""observed""}",true,
2026-08-14,2026-08-14T17:20:10+03:00,ev-yasam,BEST_SELLER,birlesik-ev-yasam,Trendyol seçili Ev & Yaşam kategorileri / En Çok Satan,26,2,26,26,1,,58.9,46.1,895045927,137544,Kitchen Beauty 15 Bölmeli Büyük Boy Silikon Buz Kalıbı Silikon Kare Buzluk Kokteyl Sunum Buz Kalıbı Et Suyu Saklama,Kitchen Beauty,Buz Kalıbı,https://www.trendyol.com/kitchen-beauty/15-bolmeli-buyuk-boy-silikon-buz-kalibi-silikon-kare-buzluk-kokteyl-sunum-buz-kalibi-et-suyu-saklama-p-895045927?boutiqueId=61&merchantId=137544,Eymen Ticaret,89,74.95,,,,TRY,"[""Kargo Bedava"",""Trendyol Plus'a Özel""]",InStock,100 adetten fazla stok sunulmuştur,Son 3 günde 500+ ürün satıldı!,500,4.5,811,407,,40,"1,2B kişinin sepetinde","27,1B kişi favoriledi",Son 24 saatte 732 kişi görüntüledi,4999,TRY,0,1,1,4,Tahmini Teslim:,En Çok Satan 1. Ürün,https://cdn.dsmcdn.com/ty1903/prod/QC_ENRICHMENT/20260804/07/44917140-8196-36c1-b77d-fc8ee4dbc777/1_org_zoom.jpg,"{""Boyut/Ebat"":""10 x 10"",""Materyal"":""Silikon"",""Menşei"":""TR"",""Bakım Talimatları (Gıda Temas)"":""Ürünün kullanım ömrünü korumak için ürüne özel bakım talimatlarını takip ediniz.""}",20,5,refreshed,"[""daily_top""]",true,2026-08-14T17:20:10+03:00,0,"[""search_result_dom"",""product_detail_jsonld"",""product_detail_dom""]","{""title"":""observed"",""brand"":""observed"",""seller_name"":""observed"",""seller_score"":""observed"",""price"":""observed"",""original_price"":""unavailable"",""campaigns"":""observed"",""stock_status"":""observed"",""stock_signal"":""observed"",""rating"":""observed"",""rating_count"":""observed"",""review_count"":""observed"",""question_count"":""observed"",""delivery_summary"":""observed"",""shipping_cost"":""observed"",""properties"":""observed""}",true,
2026-08-14,2026-08-14T17:20:10+03:00,ev-yasam,BEST_SELLER,birlesik-ev-yasam,Trendyol seçili Ev & Yaşam kategorileri / En Çok Satan,27,2,27,27,4,,56.5,46,898206718,1051046,"Webmall 40 Adet - Siyah Elbise, Fular, Gömlek, Tişört Askısı Kırılmaz Askı",Webmall,Askı,https://www.trendyol.com/webmall/40-adet-siyah-elbise-fular-gomlek-tisort-askisi-kirilmaz-aski-p-898206718?boutiqueId=61&merchantId=1051046,Webmall,9,184,,,,TRY,"[""Kargo Bedava""]",InStock,100 adetten fazla stok sunulmuştur,Son 3 günde 500+ ürün satıldı!,500,4.3,758,364,,29,2B kişinin sepetinde,16B kişi favoriledi,Son 24 saatte 1B kişi görüntüledi,4999,TRY,0,1,1,4,6 saat 38 dakika içinde sipariş verirsen en geç yarın kargoda!,En Çok Satan 4. Ürün,https://cdn.dsmcdn.com/ty1674/prod/QC/20250506/12/e776bfdd-0607-394d-9b51-477b6bfc17c3/1_org_zoom.jpg,"{""Materyal"":""Plastik"",""Parça Sayısı"":""40"",""Renk"":""Siyah"",""Kullanım Türü"":""Elbise"",""Menşei"":""TR""}",20,5,refreshed,"[""daily_top""]",true,2026-08-14T17:20:10+03:00,0,"[""search_result_dom"",""product_detail_jsonld"",""product_detail_dom""]","{""title"":""observed"",""brand"":""observed"",""seller_name"":""observed"",""seller_score"":""observed"",""price"":""observed"",""original_price"":""unavailable"",""campaigns"":""observed"",""stock_status"":""observed"",""stock_signal"":""observed"",""rating"":""observed"",""rating_count"":""observed"",""review_count"":""observed"",""question_count"":""observed"",""delivery_summary"":""observed"",""shipping_cost"":""observed"",""properties"":""observed""}",true,
2026-08-14,2026-08-14T17:20:10+03:00,ev-yasam,BEST_SELLER,birlesik-ev-yasam,Trendyol seçili Ev & Yaşam kategorileri / En Çok Satan,28,2,28,28,1,,57.8,42.2,742271416,652389,KARTEYA Siyah Rulo Havluluk Peçetelik Yapışkanlı Pratik Banyo Mutfak Askısı Kağıt Rulo Havluluk,KARTEYA,Peçetelik,https://www.trendyol.com/karteya/siyah-rulo-havluluk-pecetelik-yapiskanli-pratik-banyo-mutfak-askisi-kagit-rulo-havluluk-p-742271416?boutiqueId=61&merchantId=652389,EYA Grup,91,46.55,,,,TRY,"[""Kargo Bedava"",""Trendyol Plus'a Özel""]",InStock,100 adetten fazla stok sunulmuştur,Son 3 günde 500+ ürün satıldı!,500,4.6,1994,956,,82,"1,6B kişinin sepetinde","36,9B kişi favoriledi",Son 24 saatte 950 kişi görüntüledi,4999,TRY,0,1,1,4,6 saat 38 dakika içinde sipariş verirsen en geç yarın kargoda!,En Çok Satan 1. Ürün,https://cdn.dsmcdn.com/ty1818/prod/QC_ENRICHMENT/20260203/19/bdb71a67-ef8a-3d5a-ad91-274558272dd9/1_org_zoom.jpg,"{""Boyut/Ebat"":""28 x 6"",""Renk"":""Siyah"",""Materyal"":""Çelik"",""Menşei"":""TR"",""Bakım Talimatları (Genel)"":""Nemli bir bezle silin.""}",20,5,refreshed,"[""daily_top""]",true,2026-08-14T17:20:10+03:00,0,"[""search_result_dom"",""product_detail_jsonld"",""product_detail_dom""]","{""title"":""observed"",""brand"":""observed"",""seller_name"":""observed"",""seller_score"":""observed"",""price"":""observed"",""original_price"":""unavailable"",""campaigns"":""observed"",""stock_status"":""observed"",""stock_signal"":""observed"",""rating"":""observed"",""rating_count"":""observed"",""review_count"":""observed"",""question_count"":""observed"",""delivery_summary"":""observed"",""shipping_cost"":""observed"",""properties"":""observed""}",true,
2026-08-14,2026-08-14T17:20:10+03:00,ev-yasam,BEST_SELLER,birlesik-ev-yasam,Trendyol seçili Ev & Yaşam kategorileri / En Çok Satan,29,2,29,29,3,,56.9,40.6,977397685,418720,Lilac Home Yapay Çiçek Top Krizantem 7’li Kar Topu Demeti 30 Cm Beyaz,Lilac Home,Yapay Çiçek,https://www.trendyol.com/lilac-home/yapay-cicek-top-krizantem-7-li-kar-topu-demeti-30-cm-beyaz-p-977397685?boutiqueId=61&merchantId=418720,Lilac Home,,178.99,,,,TRY,"[""Kargo Bedava""]",InStock,100 adetten fazla stok sunulmuştur,Son 3 günde 500+ ürün satıldı!,500,4,2323,1277,,134,"5,6B kişinin sepetinde","179,9B kişi favoriledi",Son 24 saatte 3B kişi görüntüledi,4999,TRY,0,1,1,4,Tahmini Teslim:,En Çok Satan 3. Ürün,https://cdn.dsmcdn.com/ty1739/prod/QC_PREP/20250824/16/e61a61a6-0d58-3eca-8f4c-62e030a5b274/1_org_zoom.jpg,"{""Renk"":""Beyaz"",""Çiçek Türü"":""Demet"",""Menşei"":""CN""}",20,5,refreshed,"[""daily_top""]",true,2026-08-14T17:20:10+03:00,0,"[""search_result_dom"",""product_detail_jsonld"",""product_detail_dom""]","{""title"":""observed"",""brand"":""observed"",""seller_name"":""observed"",""seller_score"":""unavailable"",""price"":""observed"",""original_price"":""unavailable"",""campaigns"":""observed"",""stock_status"":""observed"",""stock_signal"":""observed"",""rating"":""observed"",""rating_count"":""observed"",""review_count"":""observed"",""question_count"":""observed"",""delivery_summary"":""observed"",""shipping_cost"":""observed"",""properties"":""observed""}",true,
2026-08-14,2026-08-14T17:20:10+03:00,ev-yasam,BEST_SELLER,birlesik-ev-yasam,Trendyol seçili Ev & Yaşam kategorileri / En Çok Satan,30,2,30,30,1,,51.1,43.9,6349263,311243,Vienev Ayarlı Ayakkabı Rampası 10'lu Set,Vienev,Ayakkabı Düzenleyici,https://www.trendyol.com/vienev/ayarli-ayakkabi-rampasi-10-lu-set-p-6349263?boutiqueId=61&merchantId=311243,Vienev,,278.9,,,,TRY,"[""Kargo Bedava""]",InStock,100 adetten fazla stok sunulmuştur,Son 3 günde 500+ ürün satıldı!,500,4.3,755,427,,38,1B kişinin sepetinde,"15,2B kişi favoriledi",Son 24 saatte 766 kişi görüntüledi,4999,TRY,0,1,1,4,6 saat 38 dakika içinde sipariş verirsen en geç yarın kargoda!,En Çok Satan 1. Ürün,https://cdn.dsmcdn.com/ty1921/prod/QC_ENRICHMENT/20260810/17/76a0b967-3d02-35c4-8cee-160392c339b9/1_org_zoom.jpg,"{""Materyal"":""Plastik"",""Parça Sayısı"":""10"",""Renk"":""Siyah"",""Menşei"":""TR""}",20,5,refreshed,"[""daily_top""]",true,2026-08-14T17:20:10+03:00,0,"[""search_result_dom"",""product_detail_jsonld"",""product_detail_dom""]","{""title"":""observed"",""brand"":""observed"",""seller_name"":""observed"",""seller_score"":""unavailable"",""price"":""observed"",""original_price"":""unavailable"",""campaigns"":""observed"",""stock_status"":""observed"",""stock_signal"":""observed"",""rating"":""observed"",""rating_count"":""observed"",""review_count"":""observed"",""question_count"":""observed"",""delivery_summary"":""observed"",""shipping_cost"":""observed"",""properties"":""observed""}",true,
2026-08-14,2026-08-14T17:20:10+03:00,ev-yasam,BEST_SELLER,birlesik-ev-yasam,Trendyol seçili Ev & Yaşam kategorileri / En Çok Satan,31,2,31,31,,,61.4,34.5,37258722,128977,ACAR Karat 9 Parça Rendeli Karıştırma ve Saklama Kabı (16-20-24 cm),ACAR,Saklama Kabı,https://www.trendyol.com/acar/karat-9-parca-rendeli-karistirma-ve-saklama-kabi-16-20-24-cm-p-37258722?boutiqueId=61&merchantId=128977,Acar Home,85,889.18,,,,TRY,"[""Kargo Bedava"",""Son 10 Günün En Düşük Fiyatı""]",InStock,100 adetten fazla stok sunulmuştur,Son 3 günde 500+ ürün satıldı!,500,4.7,24574,14889,,885,"8,6B kişinin sepetinde",709B kişi favoriledi,"Son 24 saatte 4,4B kişi görüntüledi",4999,TRY,0,1,1,4,Tahmini Teslim:,En Çok Favorilenen 1. Ürün,https://cdn.dsmcdn.com/ty1898/prod/QC_ENRICHMENT/20260722/09/69098ab4-b0d6-368b-802a-eeda8d713705/1_org_zoom.jpg,"{""Materyal"":""Çelik"",""Parça Sayısı"":""9"",""Renk"":""Siyah"",""Hacim"":""1,35 L"",""Menşei"":""TR"",""Bakım Talimatları (Gıda Temas)"":""Bulaşık makinesinde yıkanabilir."",""Gıda Temas Sembolü"":""Evet""}",20,5,refreshed,"[""daily_top""]",true,2026-08-14T17:20:10+03:00,0,"[""search_result_dom"",""product_detail_jsonld"",""product_detail_dom""]","{""title"":""observed"",""brand"":""observed"",""seller_name"":""observed"",""seller_score"":""observed"",""price"":""observed"",""original_price"":""unavailable"",""campaigns"":""observed"",""stock_status"":""observed"",""stock_signal"":""observed"",""rating"":""observed"",""rating_count"":""observed"",""review_count"":""observed"",""question_count"":""observed"",""delivery_summary"":""observed"",""shipping_cost"":""observed"",""properties"":""observed""}",true,
2026-08-14,2026-08-14T17:20:10+03:00,ev-yasam,BEST_SELLER,birlesik-ev-yasam,Trendyol seçili Ev & Yaşam kategorileri / En Çok Satan,32,2,32,32,,,46.7,43.3,931399769,956809,innossa pleksi dekorasyon Düz Kulp Matgold Şeffaf Pleksi kahve sunum Tepsi ( 1 Adet),innossa pleksi dekorasyon,Tepsi,https://www.trendyol.com/innossa-pleksi-dekorasyon/duz-kulp-matgold-seffaf-pleksi-kahve-sunum-tepsi-1-adet-p-931399769?boutiqueId=61&merchantId=956809,NEEV,94,216,,,,TRY,"[""Kargo Bedava"",""Trendyol Plus'a Özel""]",InStock,100 adetten fazla stok sunulmuştur,Son 3 günde 500+ ürün satıldı!,500,4.5,565,384,,115,"2,5B kişinin sepetinde","38,2B kişi favoriledi","Son 24 saatte 2,5B kişi görüntüledi",4999,TRY,0,1,1,4,6 saat 38 dakika içinde sipariş verirsen en geç yarın kargoda!,,https://cdn.dsmcdn.com/ty1931/prod/QC_ENRICHMENT/20260614/00/46a4cec1-2d18-3b33-a275-e910256f108c/1_org_zoom.jpg,"{""Materyal"":""Akrilik"",""Renk"":""Beyaz"",""Boyut/Ebat"":""20 x 23"",""Parça Sayısı"":""1"",""Menşei"":""TR"",""Bakım Talimatları (Gıda Temas)"":""Bulaşık makinesinde yıkanılamaz.""}",20,5,refreshed,"[""daily_top""]",true,2026-08-14T17:20:10+03:00,0,"[""search_result_dom"",""product_detail_jsonld"",""product_detail_dom""]","{""title"":""observed"",""brand"":""observed"",""seller_name"":""observed"",""seller_score"":""observed"",""price"":""observed"",""original_price"":""unavailable"",""campaigns"":""observed"",""stock_status"":""observed"",""stock_signal"":""observed"",""rating"":""observed"",""rating_count"":""observed"",""review_count"":""observed"",""question_count"":""observed"",""delivery_summary"":""observed"",""shipping_cost"":""observed"",""properties"":""observed""}",true,
2026-08-14,2026-08-14T17:20:10+03:00,ev-yasam,BEST_SELLER,birlesik-ev-yasam,Trendyol seçili Ev & Yaşam kategorileri / En Çok Satan,33,2,33,33,2,,48,39.5,844923390,996376,VİE HOUSE Yapışkanlı Siyah Kağıt Havluluk Rulo Havluluk Peçetelik Yapışkanlı Tasarım Askı,VİE HOUSE,Peçetelik,https://www.trendyol.com/vie-house/yapiskanli-siyah-kagit-havluluk-rulo-havluluk-pecetelik-yapiskanli-tasarim-aski-p-844923390?boutiqueId=61&merchantId=996376,VİE HOUSE,94,61.49,,,,TRY,"[""Kargo Bedava""]",InStock,100 adetten fazla stok sunulmuştur,Son 3 günde 500+ ürün satıldı!,500,4.5,2044,998,,76,"2,5B kişinin sepetinde","78,1B kişi favoriledi",Son 24 saatte 724 kişi görüntüledi,4999,TRY,0,1,1,4,Tahmini Teslim:,En Çok Satan 2. Ürün,https://cdn.dsmcdn.com/ty1782/prod/QC_ENRICHMENT/20251030/15/eeca7963-57a5-3c4a-8ba4-d833ef60a532/1_org_zoom.jpg,"{""Boyut/Ebat"":""25 x 6"",""Renk"":""Siyah"",""Materyal"":""Metal"",""Menşei"":""TR"",""Bakım Talimatları (Genel)"":""Nemli bir bezle silin.""}",20,5,refreshed,"[""daily_top""]",true,2026-08-14T17:20:10+03:00,0,"[""search_result_dom"",""product_detail_jsonld"",""product_detail_dom""]","{""title"":""observed"",""brand"":""observed"",""seller_name"":""observed"",""seller_score"":""observed"",""price"":""observed"",""original_price"":""unavailable"",""campaigns"":""observed"",""stock_status"":""observed"",""stock_signal"":""observed"",""rating"":""observed"",""rating_count"":""observed"",""review_count"":""observed"",""question_count"":""observed"",""delivery_summary"":""observed"",""shipping_cost"":""observed"",""properties"":""observed""}",true,
2026-08-14,2026-08-14T17:20:10+03:00,ev-yasam,BEST_SELLER,birlesik-ev-yasam,Trendyol seçili Ev & Yaşam kategorileri / En Çok Satan,34,2,34,34,1,,53.7,33,131717013,609933,Solingen Simli Siyah 6’lı Tırtıklı Meyve Bıçağı,Solingen,Bıçak ve Bıçak Seti,https://www.trendyol.com/solingen/simli-siyah-6-li-tirtikli-meyve-bicagi-p-131717013?boutiqueId=61&merchantId=609933,SOLİNGENWORLD,95,189,,,,TRY,"[""Kargo Bedava""]",InStock,100 adetten fazla stok sunulmuştur,Son 3 günde 500+ ürün satıldı!,500,4.6,15652,9238,,427,"3,3B kişinin sepetinde","272,1B kişi favoriledi","Son 24 saatte 1,4B kişi görüntüledi",4999,TRY,0,1,1,4,6 saat 38 dakika içinde sipariş verirsen en geç yarın kargoda!,En Çok Satan 1. Ürün,https://cdn.dsmcdn.com/ty1842/prod/QC_ENRICHMENT/20260324/10/67735926-c282-36db-94f9-7b5abf313072/1_org_zoom.jpg,"{""Materyal"":""Çelik"",""Parça Sayısı"":""6"",""Ürün Tipi"":""Meyve Bıçağı"",""Menşei"":""DE"",""Bakım Talimatları (Gıda Temas)"":""Bulaşık makinesinde yıkanılamaz."",""Gıda Temas Sembolü"":""Hayır""}",20,5,refreshed,"[""daily_top""]",true,2026-08-14T17:20:10+03:00,0,"[""search_result_dom"",""product_detail_jsonld"",""product_detail_dom""]","{""title"":""observed"",""brand"":""observed"",""seller_name"":""observed"",""seller_score"":""observed"",""price"":""observed"",""original_price"":""unavailable"",""campaigns"":""observed"",""stock_status"":""observed"",""stock_signal"":""observed"",""rating"":""observed"",""rating_count"":""observed"",""review_count"":""observed"",""question_count"":""observed"",""delivery_summary"":""observed"",""shipping_cost"":""observed"",""properties"":""observed""}",true,
2026-08-14,2026-08-14T17:20:10+03:00,ev-yasam,BEST_SELLER,birlesik-ev-yasam,Trendyol seçili Ev & Yaşam kategorileri / En Çok Satan,35,2,35,35,3,,41,41.5,1096698146,517848,"icone life 18’li Antrasit Erzak & Bakliyat Saklama Kabı Seti | 3 Farklı Boy | Etiket Hediyeli (1,75–1,2–0,55 L)",icone life,Saklama Kabı,https://www.trendyol.com/icone-life/18-li-antrasit-erzak-bakliyat-saklama-kabi-seti-3-farkli-boy-etiket-hediyeli-1-75-1-2-0-55-l-p-1096698146?boutiqueId=61&merchantId=517848,FBZHOME,92,389.9,,,,TRY,"[""Kargo Bedava""]",InStock,100 adetten fazla stok sunulmuştur,Son 3 günde 500+ ürün satıldı!,500,4.7,1097,418,,101,"3,1B kişinin sepetinde","39,1B kişi favoriledi",Son 24 saatte 2B kişi görüntüledi,4999,TRY,0,1,1,4,Tahmini Teslim:,En Çok Satan 3. Ürün,https://cdn.dsmcdn.com/ty1818/prod/QC_PREP/20260204/10/fc8d234a-f5bb-3a8a-98f3-2525291221d8/1_org_zoom.jpg,"{""Materyal"":""Plastik"",""Parça Sayısı"":""Belirtilmemiş"",""Renk"":""Gri"",""Hacim"":""1700 cc"",""Menşei"":""TR"",""Bakım Talimatları (Gıda Temas)"":""Bulaşık makinesinde yıkanabilir."",""Gıda Temas Sembolü"":""Evet""}",20,5,refreshed,"[""daily_top""]",true,2026-08-14T17:20:10+03:00,0,"[""search_result_dom"",""product_detail_jsonld"",""product_detail_dom""]","{""title"":""observed"",""brand"":""observed"",""seller_name"":""observed"",""seller_score"":""observed"",""price"":""observed"",""original_price"":""unavailable"",""campaigns"":""observed"",""stock_status"":""observed"",""stock_signal"":""observed"",""rating"":""observed"",""rating_count"":""observed"",""review_count"":""observed"",""question_count"":""observed"",""delivery_summary"":""observed"",""shipping_cost"":""observed"",""properties"":""observed""}",true,
2026-08-14,2026-08-14T17:20:10+03:00,ev-yasam,BEST_SELLER,birlesik-ev-yasam,Trendyol seçili Ev & Yaşam kategorileri / En Çok Satan,36,2,36,36,,,52.4,32,668790583,152772,Serstil 6'lı Valiz Düzenleyici Bavul Içi Organizer Set Seyahat Hurcu Gri Puantiyeli,Serstil,,https://www.trendyol.com/serstil/6-li-valiz-duzenleyici-bavul-ici-organizer-set-seyahat-hurcu-gri-puantiyeli-p-668790583?boutiqueId=61&merchantId=152772,ESTİ,89,199.99,,,,TRY,"[""Kargo Bedava"",""Trendyol Plus'a Özel""]",InStock,100 adetten fazla stok sunulmuştur,Son 3 günde 500+ ürün satıldı!,500,4.6,19811,,,293,"4,1B kişinin sepetinde","327,4B kişi favoriledi","Son 24 saatte 1,5B kişi görüntüledi",,,0,,,,6 saat 38 dakika içinde sipariş verirsen en geç yarın kargoda!,En Çok Favorilenen 1. Ürün,,{},0,,refreshed,"[""daily_top""]",true,2026-08-14T17:20:10+03:00,0,"[""search_result_dom"",""product_detail_jsonld"",""product_detail_dom""]","{""title"":""observed"",""brand"":""observed"",""seller_name"":""observed"",""seller_score"":""observed"",""price"":""observed"",""original_price"":""unavailable"",""campaigns"":""observed"",""stock_status"":""observed"",""stock_signal"":""observed"",""rating"":""observed"",""rating_count"":""observed"",""review_count"":""unavailable"",""question_count"":""observed"",""delivery_summary"":""observed"",""shipping_cost"":""unavailable"",""properties"":""observed""}",true,
2026-08-14,2026-08-14T17:20:10+03:00,ev-yasam,BEST_SELLER,birlesik-ev-yasam,Trendyol seçili Ev & Yaşam kategorileri / En Çok Satan,37,2,37,37,2,,41.8,35.7,833004143,550676,zabata 7x7 CM Süper Güçlü Yapışkanlı Banyo Askısı Yedek 4 Adet Sticker Raf Tutucu Askı,zabata,Banyo Askısı,https://www.trendyol.com/zabata/7x7-cm-super-guclu-yapiskanli-banyo-askisi-yedek-4-adet-sticker-raf-tutucu-aski-p-833004143?boutiqueId=61&merchantId=550676,Zabata Türkiye,94,117.8,,,,TRY,"[""Kargo Bedava"",""Trendyol Plus'a Özel""]",InStock,100 adetten fazla stok sunulmuştur,Son 3 günde 500+ ürün satıldı!,500,4.5,4113,1700,,134,2B kişinin sepetinde,"40,3B kişi favoriledi",Son 24 saatte 588 kişi görüntüledi,4999,TRY,0,1,1,4,Tahmini Teslim:,En Çok Satan 2. Ürün,https://cdn.dsmcdn.com/ty1531/product/media/images/prod/QC/20240907/14/0426c41e-6bf0-35f7-8ea2-746717ec14af/1_org_zoom.jpg,"{""Renk"":""Şeffaf"",""Tip"":""Banyo Duş Rafı"",""Diğer Özellikler"":""GÜÇLÜ YAPIŞMA"",""Menşei"":""TR"",""Bakım Talimatları (Genel)"":""Ürünün kullanım ömrünü korumak için ürüne özel bakım talimatlarını takip ediniz.""}",20,5,refreshed,"[""daily_top""]",true,2026-08-14T17:20:10+03:00,0,"[""search_result_dom"",""product_detail_jsonld"",""product_detail_dom""]","{""title"":""observed"",""brand"":""observed"",""seller_name"":""observed"",""seller_score"":""observed"",""price"":""observed"",""original_price"":""unavailable"",""campaigns"":""observed"",""stock_status"":""observed"",""stock_signal"":""observed"",""rating"":""observed"",""rating_count"":""observed"",""review_count"":""observed"",""question_count"":""observed"",""delivery_summary"":""observed"",""shipping_cost"":""observed"",""properties"":""observed""}",true,
2026-08-14,2026-08-14T17:20:10+03:00,ev-yasam,BEST_SELLER,birlesik-ev-yasam,Trendyol seçili Ev & Yaşam kategorileri / En Çok Satan,38,2,38,38,1,,28.9,46.1,1167180113,417967,Decomia Home Dijital Kaymaz Yıkanabilir Renkli Salon Halısı Mutfak Halısı Koridor Halısı,Decomia Home,,https://www.trendyol.com/decomia-home/dijital-kaymaz-yikanabilir-renkli-salon-halisi-mutfak-halisi-koridor-halisi-p-1167180113?boutiqueId=61&merchantId=417967,Decomia Home,,29.9,,,,TRY,"[""Sepette %15 İndirim"",""Kargo Bedava"",""Trendyol Plus'a Özel""]",InStock,100 adetten fazla stok sunulmuştur,Son 3 günde 500+ ürün satıldı!,500,4.8,71,,,33,"5,4B kişinin sepetinde","18,5B kişi favoriledi","Son 24 saatte 4,6B kişi görüntüledi",,,0,,,,Tahmini Teslim:,En Çok Satan 1. Ürün,,{},0,,refreshed,"[""daily_top""]",true,2026-08-14T17:20:10+03:00,0,"[""search_result_dom"",""product_detail_jsonld"",""product_detail_dom""]","{""title"":""observed"",""brand"":""observed"",""seller_name"":""observed"",""seller_score"":""unavailable"",""price"":""observed"",""original_price"":""unavailable"",""campaigns"":""observed"",""stock_status"":""observed"",""stock_signal"":""observed"",""rating"":""observed"",""rating_count"":""observed"",""review_count"":""unavailable"",""question_count"":""observed"",""delivery_summary"":""observed"",""shipping_cost"":""unavailable"",""properties"":""observed""}",true,
2026-08-14,2026-08-14T17:20:10+03:00,ev-yasam,BEST_SELLER,birlesik-ev-yasam,Trendyol seçili Ev & Yaşam kategorileri / En Çok Satan,39,2,39,39,5,,41.9,30.6,114285258,246399,Genel Markalar 5 Katlı Metal Pantolon Askısı Dolap Elbise Askısı Giysi Eşarp Fular Havlu Kravat Düzenleyici,Genel Markalar,,https://www.trendyol.com/genel-markalar/5-katli-metal-pantolon-askisi-dolap-elbise-askisi-giysi-esarp-fular-havlu-kravat-duzenleyici-p-114285258?boutiqueId=61&merchantId=246399,Koza Gift,88,43.97,,,,TRY,"[""10 TL Kupon"",""Kargo Bedava""]",InStock,100 adetten fazla stok sunulmuştur,Son 3 günde 500+ ürün satıldı!,500,4.1,5409,,,251,2B kişinin sepetinde,"119,6B kişi favoriledi",Son 24 saatte 595 kişi görüntüledi,,,0,,,,Tahmini Teslim:,En Çok Satan 5. Ürün,,{},0,,refreshed,"[""daily_top""]",true,2026-08-14T17:20:10+03:00,0,"[""search_result_dom"",""product_detail_jsonld"",""product_detail_dom""]","{""title"":""observed"",""brand"":""observed"",""seller_name"":""observed"",""seller_score"":""observed"",""price"":""observed"",""original_price"":""unavailable"",""campaigns"":""observed"",""stock_status"":""observed"",""stock_signal"":""observed"",""rating"":""observed"",""rating_count"":""observed"",""review_count"":""unavailable"",""question_count"":""observed"",""delivery_summary"":""observed"",""shipping_cost"":""unavailable"",""properties"":""observed""}",true,
2026-08-14,2026-08-14T17:20:10+03:00,ev-yasam,BEST_SELLER,birlesik-ev-yasam,Trendyol seçili Ev & Yaşam kategorileri / En Çok Satan,40,2,40,40,2,,35.6,34.4,886013462,675708,Home Takı Kanca Rayı Organizer Askılık 10 Bölmeli Askılık 14 cm,Home,Askılık,https://www.trendyol.com/home/taki-kanca-rayi-organizer-askilik-10-bolmeli-askilik-14-cm-p-886013462?boutiqueId=61&merchantId=675708,Past Store,96,23.13,,,,TRY,"[""20 TL Kupon"",""Kargo Bedava""]",InStock,100 adetten fazla stok sunulmuştur,Son 3 günde 500+ ürün satıldı!,500,3.6,2737,1599,,192,"2,2B kişinin sepetinde","138,8B kişi favoriledi",Son 24 saatte 1B kişi görüntüledi,4999,TRY,0,1,1,4,Tahmini Teslim:,En Çok Satan 2. Ürün,https://cdn.dsmcdn.com/ty1615/prod/QC/20241220/21/ce2fd0b2-566d-3e59-90ef-ec3d6a774fa7/1_org_zoom.jpg,"{""Materyal"":""Plastik"",""Renk"":""Beyaz"",""Yükseklik"":""3 cm"",""Genişlik"":""14 cm"",""Askılık Tipi"":""Duvara Monte"",""Stil"":""Modern"",""Tema / Stil"":""Modern"",""Menşei"":""TR"",""Paket Derinlik"":""4 cm"",""Paket Genişlik"":""8 cm"",""Paket Yükseklik"":""4 cm""}",20,5,refreshed,"[""daily_top""]",true,2026-08-14T17:20:10+03:00,0,"[""search_result_dom"",""product_detail_jsonld"",""product_detail_dom""]","{""title"":""observed"",""brand"":""observed"",""seller_name"":""observed"",""seller_score"":""observed"",""price"":""observed"",""original_price"":""unavailable"",""campaigns"":""observed"",""stock_status"":""observed"",""stock_signal"":""observed"",""rating"":""observed"",""rating_count"":""observed"",""review_count"":""observed"",""question_count"":""observed"",""delivery_summary"":""observed"",""shipping_cost"":""observed"",""properties"":""observed""}",true,
2026-08-14,2026-08-14T17:20:10+03:00,ev-yasam,BEST_SELLER,birlesik-ev-yasam,Trendyol seçili Ev & Yaşam kategorileri / En Çok Satan,41,2,41,41,1,,28.6,40.9,938006634,107113,English Home Winnie Porselen 4 Parça 2 Kişilik Kahve Fincan Takımı 90 ml Yeşil-Turuncu,English Home,,https://www.trendyol.com/english-home/winnie-porselen-4-parca-2-kisilik-kahve-fincan-takimi-90-ml-yesil-turuncu-p-938006634?boutiqueId=61&merchantId=107113,English Home,,500,,,,TRY,"[""Sepette %5 İndirim"",""Kargo Bedava""]",InStock,100 adetten fazla stok sunulmuştur,Son 3 günde 500+ ürün satıldı!,500,4.5,209,,,15,"1,5B kişinin sepetinde",28B kişi favoriledi,"Son 24 saatte 4,6B kişi görüntüledi",,,0,,,,Tahmini Teslim:,En Çok Satan 1. Ürün,,{},0,,refreshed,"[""daily_top""]",true,2026-08-14T17:20:10+03:00,0,"[""search_result_dom"",""product_detail_jsonld"",""product_detail_dom""]","{""title"":""observed"",""brand"":""observed"",""seller_name"":""observed"",""seller_score"":""unavailable"",""price"":""observed"",""original_price"":""unavailable"",""campaigns"":""observed"",""stock_status"":""observed"",""stock_signal"":""observed"",""rating"":""observed"",""rating_count"":""observed"",""review_count"":""unavailable"",""question_count"":""observed"",""delivery_summary"":""observed"",""shipping_cost"":""unavailable"",""properties"":""observed""}",true,
2026-08-14,2026-08-14T17:20:10+03:00,ev-yasam,BEST_SELLER,birlesik-ev-yasam,Trendyol seçili Ev & Yaşam kategorileri / En Çok Satan,42,2,42,42,,,31.4,37.6,1087200143,958798,EJMEL A Kalite Elma sandalye kılıfı bohem sandalye kılıfı esnek kumaş lastikli model alt-üst 2 parça,EJMEL,,https://www.trendyol.com/ejmel/a-kalite-elma-sandalye-kilifi-bohem-sandalye-kilifi-esnek-kumas-lastikli-model-alt-ust-2-parca-p-1087200143?boutiqueId=61&merchantId=958798,Arzu Home,92,70.6,,,,TRY,"[""Kargo Bedava""]",InStock,100 adetten fazla stok sunulmuştur,Son 3 günde 500+ ürün satıldı!,500,4.6,476,,,264,1B kişinin sepetinde,"13,3B kişi favoriledi",Son 24 saatte 745 kişi görüntüledi,,,0,,,,Tahmini Teslim:,,,{},0,,refreshed,"[""daily_top""]",true,2026-08-14T17:20:10+03:00,0,"[""search_result_dom"",""product_detail_jsonld"",""product_detail_dom""]","{""title"":""observed"",""brand"":""observed"",""seller_name"":""observed"",""seller_score"":""observed"",""price"":""observed"",""original_price"":""unavailable"",""campaigns"":""observed"",""stock_status"":""observed"",""stock_signal"":""observed"",""rating"":""observed"",""rating_count"":""observed"",""review_count"":""unavailable"",""question_count"":""observed"",""delivery_summary"":""observed"",""shipping_cost"":""unavailable"",""properties"":""observed""}",true,
2026-08-14,2026-08-14T17:20:10+03:00,ev-yasam,BEST_SELLER,birlesik-ev-yasam,Trendyol seçili Ev & Yaşam kategorileri / En Çok Satan,43,2,43,43,1,,22.7,45.8,856281696,678447,varje think outside the box Dekoratif Duvar Paneli ( 54 X 100 Cm ) Boyanabilir Ahşap 6 Mm Ham Mdf Duvar Paneli,varje think outside the box,Duvar Dekorasyon Ürünü,https://www.trendyol.com/varje-think-outside-the-box/dekoratif-duvar-paneli-54-x-100-cm-boyanabilir-ahsap-6-mm-ham-mdf-duvar-paneli-p-856281696?boutiqueId=61&merchantId=678447,TOOALL STYLE,91,114.72,,,,TRY,"[""Kargo Bedava"",""Trendyol Plus'a Özel""]",InStock,100 adetten fazla stok sunulmuştur,Son 3 günde 500+ ürün satıldı!,500,4.5,63,38,,208,"1,1B kişinin sepetinde","9,1B kişi favoriledi","Son 24 saatte 1,2B kişi görüntüledi",4999,TRY,0,3,1,6,Tahmini Teslim:,En Çok Satan 1. Ürün,https://cdn.dsmcdn.com/ty1912/prod/QC_ENRICHMENT/20260807/16/c1a83965-d627-3ce7-a5b8-58702cd00995/1_org_zoom.jpg,"{""Renk"":""Beyaz"",""Materyal"":""Ahşap"",""Tema / Stil"":""İskandinav"",""Parça Sayısı"":""1 Parça"",""Menşei"":""TR""}",20,5,refreshed,"[""daily_top""]",true,2026-08-14T17:20:10+03:00,0,"[""search_result_dom"",""product_detail_jsonld"",""product_detail_dom""]","{""title"":""observed"",""brand"":""observed"",""seller_name"":""observed"",""seller_score"":""observed"",""price"":""observed"",""original_price"":""unavailable"",""campaigns"":""observed"",""stock_status"":""observed"",""stock_signal"":""observed"",""rating"":""observed"",""rating_count"":""observed"",""review_count"":""observed"",""question_count"":""observed"",""delivery_summary"":""observed"",""shipping_cost"":""observed"",""properties"":""observed""}",true,
2026-08-14,2026-08-14T17:20:10+03:00,ev-yasam,BEST_SELLER,birlesik-ev-yasam,Trendyol seçili Ev & Yaşam kategorileri / En Çok Satan,44,2,44,44,3,,36.2,31.8,831620233,120834,Hagen 6lı Kapı Arkası Askılık Banyo Askısı Duvar Askısı Elbise Kıyafet Askısı Premium Üretim,Hagen,,https://www.trendyol.com/hagen/6li-kapi-arkasi-askilik-banyo-askisi-duvar-askisi-elbise-kiyafet-askisi-premium-uretim-p-831620233?boutiqueId=61&merchantId=120834,HAGEN HOME,96,189.74,,,,TRY,"[""Kargo Bedava""]",InStock,100 adetten fazla stok sunulmuştur,Son 3 günde 500+ ürün satıldı!,500,4.6,1861,,,122,"1,2B kişinin sepetinde","47,3B kişi favoriledi",Son 24 saatte 981 kişi görüntüledi,,,0,,,,Tahmini Teslim:,En Çok Satan 3. Ürün,,{},0,,refreshed,"[""daily_top""]",true,2026-08-14T17:20:10+03:00,0,"[""search_result_dom"",""product_detail_jsonld"",""product_detail_dom""]","{""title"":""observed"",""brand"":""observed"",""seller_name"":""observed"",""seller_score"":""observed"",""price"":""observed"",""original_price"":""unavailable"",""campaigns"":""observed"",""stock_status"":""observed"",""stock_signal"":""observed"",""rating"":""observed"",""rating_count"":""observed"",""review_count"":""unavailable"",""question_count"":""observed"",""delivery_summary"":""observed"",""shipping_cost"":""unavailable"",""properties"":""observed""}",true,
2026-08-14,2026-08-14T17:20:10+03:00,ev-yasam,BEST_SELLER,birlesik-ev-yasam,Trendyol seçili Ev & Yaşam kategorileri / En Çok Satan,45,2,45,45,4,,36.3,31.2,752099189,180667,"Nandy Home Etiketli 15'li Antrasit Ekonomik Kırılmaz Saklama Kabı Seti x5 - 1,75/1,2/0,5 Lt",Nandy Home,Saklama Kabı,https://www.trendyol.com/nandy-home/etiketli-15-li-antrasit-ekonomik-kirilmaz-saklama-kabi-seti-x5-1-75-1-2-0-5-lt-p-752099189?boutiqueId=61&merchantId=180667,Nandy Home,,340.5,,,,TRY,"[""Kargo Bedava""]",InStock,100 adetten fazla stok sunulmuştur,Son 3 günde 500+ ürün satıldı!,500,4.4,3863,1965,,231,"3,7B kişinin sepetinde","100,2B kişi favoriledi","Son 24 saatte 2,2B kişi görüntüledi",4999,TRY,0,1,1,4,6 saat 37 dakika içinde sipariş verirsen en geç yarın kargoda!,En Çok Satan 4. Ürün,https://cdn.dsmcdn.com/ty986/product/media/images/prod/SPM/PIM/20230815/17/b7d0bda8-943d-3e63-8a2c-3e492ad2df0b/1_org_zoom.jpg,"{""Materyal"":""Plastik"",""Parça Sayısı"":""1 Parça"",""Renk"":""Sarı"",""Hacim"":""500 ml"",""Menşei"":""UM"",""Bakım Talimatları (Gıda Temas)"":""Ürünün kullanım ömrünü korumak için ürüne özel bakım talimatlarını takip ediniz.""}",20,5,refreshed,"[""daily_top""]",true,2026-08-14T17:20:10+03:00,0,"[""search_result_dom"",""product_detail_jsonld"",""product_detail_dom""]","{""title"":""observed"",""brand"":""observed"",""seller_name"":""observed"",""seller_score"":""unavailable"",""price"":""observed"",""original_price"":""unavailable"",""campaigns"":""observed"",""stock_status"":""observed"",""stock_signal"":""observed"",""rating"":""observed"",""rating_count"":""observed"",""review_count"":""observed"",""question_count"":""observed"",""delivery_summary"":""observed"",""shipping_cost"":""observed"",""properties"":""observed""}",true,
2026-08-14,2026-08-14T17:20:10+03:00,ev-yasam,BEST_SELLER,birlesik-ev-yasam,Trendyol seçili Ev & Yaşam kategorileri / En Çok Satan,46,2,46,46,1,,39.9,27.1,746372196,993652,ESIVITALIA Döküm Granit 3'lü Sahan 18-20-22 Cm Siyah,ESIVITALIA,Sahan,https://www.trendyol.com/esivitalia/dokum-granit-3-lu-sahan-18-20-22-cm-siyah-p-746372196?boutiqueId=61&merchantId=993652,BOZKURTLAR MUTFAK EŞYALARI,78,568.96,,,,TRY,"[""Kargo Bedava""]",InStock,100 adetten fazla stok sunulmuştur,Son 3 günde 500+ ürün satıldı!,500,4.1,11817,5448,,936,"1,7B kişinin sepetinde","141,3B kişi favoriledi","Son 24 saatte 1,7B kişi görüntüledi",4999,TRY,0,3,1,6,Tahmini Teslim:,En Çok Satan 1. Ürün,https://cdn.dsmcdn.com/ty1480/product/media/images/prod/QC/20240814/00/05c0e44f-c7de-3a2e-838e-9c6a30e193bb/1_org_zoom.jpg,"{""Boyut/Ebat"":""180 x 275"",""Renk"":""Siyah"",""Parça Sayısı"":""3"",""Özellik"":""Yapışmaz Taban"",""Menşei"":""TR"",""Bakım Talimatları (Gıda Temas)"":""Ürünün kullanım ömrünü korumak için ürüne özel bakım talimatlarını takip ediniz.""}",20,5,refreshed,"[""daily_top""]",true,2026-08-14T17:20:10+03:00,0,"[""search_result_dom"",""product_detail_jsonld"",""product_detail_dom""]","{""title"":""observed"",""brand"":""observed"",""seller_name"":""observed"",""seller_score"":""observed"",""price"":""observed"",""original_price"":""unavailable"",""campaigns"":""observed"",""stock_status"":""observed"",""stock_signal"":""observed"",""rating"":""observed"",""rating_count"":""observed"",""review_count"":""observed"",""question_count"":""observed"",""delivery_summary"":""observed"",""shipping_cost"":""observed"",""properties"":""observed""}",true,
2026-08-14,2026-08-14T17:20:10+03:00,ev-yasam,BEST_SELLER,birlesik-ev-yasam,Trendyol seçili Ev & Yaşam kategorileri / En Çok Satan,47,2,47,47,6,,97.5,27.8,100021512,250815,Lilya Home Metal Pantolon Eşarp Askısı 5 Katlı Boncuk Uçlu 1 Adet,Lilya Home,Askı,https://www.trendyol.com/lilya-home/metal-pantolon-esarp-askisi-5-katli-boncuk-uclu-1-adet-p-100021512?boutiqueId=61&merchantId=250815,Lilya Home,,34.99,84.99,58.8,,TRY,"[""Son 10 Günün En Düşük Fiyatı"",""Süper Fırsat Ürünü"",""Kargo Bedava"",""Son 10 günün en düşük fiyatı""]",InStock,100 adetten fazla stok sunulmuştur,Son 3 günde 500+ ürün satıldı!,500,4.5,6887,3847,,137,689 kişinin sepetinde,"97,9B kişi favoriledi",,4999,TRY,0,1,1,4,Tahmini Teslim:,En Çok Satan 6. Ürün,https://cdn.dsmcdn.com/ty1586/prod/QC/20241015/14/f29ef7d4-bbca-383b-87c3-fadb358b81ca/1_org_zoom.jpg,"{""Materyal"":""Metal"",""Parça Sayısı"":""1 Parça"",""Renk"":""Metalik"",""Kullanım Türü"":""Pantolon"",""Menşei"":""TR""}",20,5,refreshed,"[""daily_top""]",true,2026-08-14T17:20:10+03:00,0,"[""search_result_dom"",""product_detail_jsonld"",""product_detail_dom""]","{""title"":""observed"",""brand"":""observed"",""seller_name"":""observed"",""seller_score"":""unavailable"",""price"":""observed"",""original_price"":""observed"",""campaigns"":""observed"",""stock_status"":""observed"",""stock_signal"":""observed"",""rating"":""observed"",""rating_count"":""observed"",""review_count"":""observed"",""question_count"":""observed"",""delivery_summary"":""observed"",""shipping_cost"":""observed"",""properties"":""observed""}",true,
2026-08-14,2026-08-14T17:20:10+03:00,ev-yasam,BEST_SELLER,birlesik-ev-yasam,Trendyol seçili Ev & Yaşam kategorileri / En Çok Satan,48,2,48,48,1,,43.8,26,666992559,689343,MetaQuartz Aksesuar Orjinal Metal- İskandinav Kadran Gold (BÜYÜK BOY 50X75CM) ( 3adet Pil Gelmektedir)-Metal Duvar Saati,MetaQuartz Aksesuar,,https://www.trendyol.com/metaquartz-aksesuar/orjinal-metal-iskandinav-kadran-gold-buyuk-boy-50x75cm-3adet-pil-gelmektedir-metal-duvar-saati-p-666992559?boutiqueId=61&merchantId=689343,MetaQuartz Aksesuar,,1140,,,,TRY,"[""Kargo Bedava"",""Trendyol Plus'a Özel""]",InStock,100 adetten fazla stok sunulmuştur,Son 3 günde 500+ ürün satıldı!,500,4.5,16874,,,558,8B kişinin sepetinde,"715,7B kişi favoriledi","Son 24 saatte 6,3B kişi görüntüledi",,,0,,,,Tahmini Teslim:,En Çok Satan 1. Ürün,,{},0,,refreshed,"[""daily_top""]",true,2026-08-14T17:20:10+03:00,0,"[""search_result_dom"",""product_detail_jsonld"",""product_detail_dom""]","{""title"":""observed"",""brand"":""observed"",""seller_name"":""observed"",""seller_score"":""unavailable"",""price"":""observed"",""original_price"":""unavailable"",""campaigns"":""observed"",""stock_status"":""observed"",""stock_signal"":""observed"",""rating"":""observed"",""rating_count"":""observed"",""review_count"":""unavailable"",""question_count"":""observed"",""delivery_summary"":""observed"",""shipping_cost"":""unavailable"",""properties"":""observed""}",true,
2026-08-14,2026-08-14T17:20:10+03:00,ev-yasam,BEST_SELLER,birlesik-ev-yasam,Trendyol seçili Ev & Yaşam kategorileri / En Çok Satan,49,3,49,49,2,,27.7,37.8,958503412,1023658,"YEGGE Çekmece ve Dolap içi Düzenleyici, Raf Düzenleyici, Katlanabilir Çorap ve Çamaşır Organizer Kutu",YEGGE,,https://www.trendyol.com/yegge/cekmece-ve-dolap-ici-duzenleyici-raf-duzenleyici-katlanabilir-corap-ve-camasir-organizer-kutu-p-958503412?boutiqueId=61&merchantId=1023658,Purple Home,91,66.5,,,,TRY,"[""Kargo Bedava""]",InStock,100 adetten fazla stok sunulmuştur,Son 3 günde 500+ ürün satıldı!,500,4.2,161,,,34,"1,8B kişinin sepetinde",24B kişi favoriledi,Son 24 saatte 1B kişi görüntüledi,,,0,,,,6 saat 37 dakika içinde sipariş verirsen en geç yarın kargoda!,En Çok Satan 2. Ürün,,{},0,,refreshed,"[""daily_top""]",true,2026-08-14T17:20:10+03:00,0,"[""search_result_dom"",""product_detail_jsonld"",""product_detail_dom""]","{""title"":""observed"",""brand"":""observed"",""seller_name"":""observed"",""seller_score"":""observed"",""price"":""observed"",""original_price"":""unavailable"",""campaigns"":""observed"",""stock_status"":""observed"",""stock_signal"":""observed"",""rating"":""observed"",""rating_count"":""observed"",""review_count"":""unavailable"",""question_count"":""observed"",""delivery_summary"":""observed"",""shipping_cost"":""unavailable"",""properties"":""observed""}",true,
2026-08-14,2026-08-14T17:20:10+03:00,ev-yasam,BEST_SELLER,birlesik-ev-yasam,Trendyol seçili Ev & Yaşam kategorileri / En Çok Satan,50,3,50,50,5,,26,39,975527753,1117104,"Ezupack 25 Adet Sızdırmaz 120 ml Mini Saklama Kabı Sosluk Buzluk Kabı, Et Suyu, Kemik Suyu, Sos Kabı Mutfak",Ezupack,Saklama Kabı,https://www.trendyol.com/ezupack/25-adet-sizdirmaz-120-ml-mini-saklama-kabi-sosluk-buzluk-kabi-et-suyu-kemik-suyu-sos-kabi-mutfak-p-975527753?boutiqueId=61&merchantId=1117104,Ezupack,25,74.9,,,,TRY,"[""Kargo Bedava"",""Trendyol Plus'a Özel""]",InStock,100 adetten fazla stok sunulmuştur,Son 3 günde 500+ ürün satıldı!,500,4.6,175,99,,17,"1,5B kişinin sepetinde","7,9B kişi favoriledi",Son 24 saatte 643 kişi görüntüledi,4999,TRY,0,1,1,4,Tahmini Teslim:,En Çok Satan 5. Ürün,https://cdn.dsmcdn.com/ty1892/prod/QC_ENRICHMENT/20260714/20/d071ee94-1098-3ddb-830a-ff1c30a6a023/1_org_zoom.jpg,"{""Materyal"":""Plastik"",""Parça Sayısı"":""25+"",""Renk"":""Çok Renkli"",""Hacim"":""0,6 ml"",""Menşei"":""TR"",""Bakım Talimatları (Gıda Temas)"":""Bulaşık makinesinde yıkanabilir."",""Gıda Temas Sembolü"":""Evet""}",20,5,refreshed,"[""daily_top""]",true,2026-08-14T17:20:10+03:00,0,"[""search_result_dom"",""product_detail_jsonld"",""product_detail_dom""]","{""title"":""observed"",""brand"":""observed"",""seller_name"":""observed"",""seller_score"":""observed"",""price"":""observed"",""original_price"":""unavailable"",""campaigns"":""observed"",""stock_status"":""observed"",""stock_signal"":""observed"",""rating"":""observed"",""rating_count"":""observed"",""review_count"":""observed"",""question_count"":""observed"",""delivery_summary"":""observed"",""shipping_cost"":""observed"",""properties"":""observed""}",true,
2026-08-14,2026-08-14T17:20:10+03:00,ev-yasam,BEST_SELLER,birlesik-ev-yasam,Trendyol seçili Ev & Yaşam kategorileri / En Çok Satan,51,3,51,51,1,,33.4,31.6,1090177790,311492,"KAMİZ Fırfırlı Koltuk Örtüsü Bohem Pamuk Keten | Kaymaz, Yıkanabilir, Modern Şık Tasarım",KAMİZ,,https://www.trendyol.com/kamiz/firfirli-koltuk-ortusu-bohem-pamuk-keten-kaymaz-yikanabilir-modern-sik-tasarim-p-1090177790?boutiqueId=61&merchantId=311492,KAMİZ,,349.9,,,,TRY,"[""Kargo Bedava""]",InStock,100 adetten fazla stok sunulmuştur,Son 3 günde 500+ ürün satıldı!,500,4.6,833,,,284,"3,3B kişinin sepetinde","72,7B kişi favoriledi",Son 24 saatte 3B kişi görüntüledi,,,0,,,,6 saat 37 dakika içinde sipariş verirsen en geç yarın kargoda!,En Çok Satan 1. Ürün,,{},0,,refreshed,"[""daily_top""]",true,2026-08-14T17:20:10+03:00,0,"[""search_result_dom"",""product_detail_jsonld"",""product_detail_dom""]","{""title"":""observed"",""brand"":""observed"",""seller_name"":""observed"",""seller_score"":""unavailable"",""price"":""observed"",""original_price"":""unavailable"",""campaigns"":""observed"",""stock_status"":""observed"",""stock_signal"":""observed"",""rating"":""observed"",""rating_count"":""observed"",""review_count"":""unavailable"",""question_count"":""observed"",""delivery_summary"":""observed"",""shipping_cost"":""unavailable"",""properties"":""observed""}",true,
2026-08-14,2026-08-14T17:20:10+03:00,ev-yasam,BEST_SELLER,birlesik-ev-yasam,Trendyol seçili Ev & Yaşam kategorileri / En Çok Satan,52,3,52,52,3,,23.4,24.1,971174145,1024262,"adornazzle 1 Adet Yapışkanlı Pratik Mop Tutucu, Temizlik Fırçası Tutucu, Şemsiye Tutucu, Fırça Kepçe Tutucu",adornazzle,Banyo Askısı,https://www.trendyol.com/adornazzle/1-adet-yapiskanli-pratik-mop-tutucu-temizlik-fircasi-tutucu-semsiye-tutucu-firca-kepce-tutucu-p-971174145?boutiqueId=61&merchantId=1024262,ADORNAZZLE,96,34.9,,,,TRY,"[""Kargo Bedava""]",InStock,100 adetten fazla stok sunulmuştur,Son 3 günde 250+ ürün satıldı!,250,4,383,201,,20,"1,4B kişinin sepetinde","23,2B kişi favoriledi",Son 24 saatte 652 kişi görüntüledi,4999,TRY,0,1,1,4,Tahmini Teslim:,En Çok Satan 3. Ürün,https://cdn.dsmcdn.com/ty1851/prod/QC_ENRICHMENT/20260411/18/5ec64162-53d4-32c6-9c83-639fdea6299e/1_org_zoom.jpg,"{""Renk"":""Gri"",""Tip"":""Askı Seti"",""Menşei"":""CN"",""Bakım Talimatları (Genel)"":""Nemli bir bezle silin.""}",20,5,refreshed,"[""daily_top""]",true,2026-08-14T17:20:10+03:00,0,"[""search_result_dom"",""product_detail_jsonld"",""product_detail_dom""]","{""title"":""observed"",""brand"":""observed"",""seller_name"":""observed"",""seller_score"":""observed"",""price"":""observed"",""original_price"":""unavailable"",""campaigns"":""observed"",""stock_status"":""observed"",""stock_signal"":""observed"",""rating"":""observed"",""rating_count"":""observed"",""review_count"":""observed"",""question_count"":""observed"",""delivery_summary"":""observed"",""shipping_cost"":""observed"",""properties"":""observed""}",true,
2026-08-14,2026-08-14T17:20:10+03:00,ev-yasam,BEST_SELLER,birlesik-ev-yasam,Trendyol seçili Ev & Yaşam kategorileri / En Çok Satan,53,3,53,53,3,,31.4,16.1,754534944,550676,zabata Dolap Içi Düzenleyici Organizer Tezgah Banyo Tabak Bardak Mutfak Banyo Düzenleme,zabata,Dolap İçi Düzenleyici,https://www.trendyol.com/zabata/dolap-ici-duzenleyici-organizer-tezgah-banyo-tabak-bardak-mutfak-banyo-duzenleme-p-754534944?boutiqueId=61&merchantId=550676,Zabata Türkiye,94,149,,,,TRY,"[""Kargo Bedava""]",InStock,100 adetten fazla stok sunulmuştur,Son 3 günde 250+ ürün satıldı!,250,4.5,3469,1971,,173,"1,5B kişinin sepetinde","104,6B kişi favoriledi",Son 24 saatte 728 kişi görüntüledi,4999,TRY,0,1,1,4,Tahmini Teslim:,En Çok Satan 3. Ürün,https://cdn.dsmcdn.com/ty1337/product/media/images/prod/QC/20240528/09/bcc6ae61-6cab-31cd-bc35-c70a7ecfb2d1/1_org_zoom.jpg,"{""Parça Sayısı"":""1 Parça"",""Materyal"":""Metal"",""Boyut/Ebat"":""30 x 30"",""Renk"":""Siyah"",""Materyal Bileşeni"":""Metal Üzeri Elektrostatik Boya"",""Menşei"":""TR""}",20,5,refreshed,"[""daily_top""]",true,2026-08-14T17:20:10+03:00,0,"[""search_result_dom"",""product_detail_jsonld"",""product_detail_dom""]","{""title"":""observed"",""brand"":""observed"",""seller_name"":""observed"",""seller_score"":""observed"",""price"":""observed"",""original_price"":""unavailable"",""campaigns"":""observed"",""stock_status"":""observed"",""stock_signal"":""observed"",""rating"":""observed"",""rating_count"":""observed"",""review_count"":""observed"",""question_count"":""observed"",""delivery_summary"":""observed"",""shipping_cost"":""observed"",""properties"":""observed""}",true,
2026-08-14,2026-08-14T17:20:10+03:00,ev-yasam,BEST_SELLER,birlesik-ev-yasam,Trendyol seçili Ev & Yaşam kategorileri / En Çok Satan,54,3,54,54,1,,42.5,25,861362964,541829,aymumi home Dekoratif 5li Set Mum Çizgili Vazo Tealight mumluk ve Oda Kokusu Seti,aymumi home,Mum ve Kandil,https://www.trendyol.com/aymumi-home/dekoratif-5li-set-mum-cizgili-vazo-tealight-mumluk-ve-oda-kokusu-seti-p-861362964?boutiqueId=61&merchantId=541829,QULİFE,82,164.44,,,,TRY,"[""Kargo Bedava""]",InStock,100 adetten fazla stok sunulmuştur,Son 3 günde 500+ ürün satıldı!,500,4,19864,11431,,403,"9,7B kişinin sepetinde","824,6B kişi favoriledi","Son 24 saatte 4,5B kişi görüntüledi",4999,TRY,0,1,1,4,Tahmini Teslim:,En Çok Satan 1. Ürün,https://cdn.dsmcdn.com/ty1784/prod/QC_ENRICHMENT/20251029/18/a19c310e-5527-3f70-b32b-c90ef6476860/1_org_zoom.jpg,"{""Renk"":""Beyaz"",""Özellik"":""Kokulu"",""Boyut/Ebat"":""6 x 16"",""Parça Sayısı"":""6"",""Koku Aroması"":""Fresh"",""Menşei"":""TR""}",20,5,refreshed,"[""daily_top""]",true,2026-08-14T17:20:10+03:00,0,"[""search_result_dom"",""product_detail_jsonld"",""product_detail_dom""]","{""title"":""observed"",""brand"":""observed"",""seller_name"":""observed"",""seller_score"":""observed"",""price"":""observed"",""original_price"":""unavailable"",""campaigns"":""observed"",""stock_status"":""observed"",""stock_signal"":""observed"",""rating"":""observed"",""rating_count"":""observed"",""review_count"":""observed"",""question_count"":""observed"",""delivery_summary"":""observed"",""shipping_cost"":""observed"",""properties"":""observed""}",true,
2026-08-14,2026-08-14T17:20:10+03:00,ev-yasam,BEST_SELLER,birlesik-ev-yasam,Trendyol seçili Ev & Yaşam kategorileri / En Çok Satan,55,3,55,55,1,,36.3,12.5,55203169,247267,CAROLİNA 227 Rabisli Ütü masası,CAROLİNA,Ütü Masası ve Aksesuarı,https://www.trendyol.com/carolina/227-rabisli-utu-masasi-p-55203169?boutiqueId=61&merchantId=247267,MYDAS PRATİK EV GEREÇLERİ,88,997.49,,,,TRY,"[""Kargo Bedava"",""Peşin Fiyatına 3 Taksit"",""Trendyol Plus'a Özel""]",InStock,100 adetten fazla stok sunulmuştur,Son 3 günde 250+ ürün satıldı!,250,4.1,15817,8092,,1404,"2,9B kişinin sepetinde","142,9B kişi favoriledi","Son 24 saatte 1,8B kişi görüntüledi",4999,TRY,0,3,1,6,Tahmini Teslim:,En Çok Satan 1. Ürün,https://cdn.dsmcdn.com/ty1000421/product/media/images/prod/PIM/20260724/05/35bb7214-3f17-4e9f-a2a4-b1879e255f48/1_org_zoom.jpg,"{""Renk"":""Gri"",""Menşei"":""TR"",""Özellik"":""Isıya Dayanıklı""}",20,5,refreshed,"[""daily_top""]",true,2026-08-14T17:20:10+03:00,0,"[""search_result_dom"",""product_detail_jsonld"",""product_detail_dom""]","{""title"":""observed"",""brand"":""observed"",""seller_name"":""observed"",""seller_score"":""observed"",""price"":""observed"",""original_price"":""unavailable"",""campaigns"":""observed"",""stock_status"":""observed"",""stock_signal"":""observed"",""rating"":""observed"",""rating_count"":""observed"",""review_count"":""observed"",""question_count"":""observed"",""delivery_summary"":""observed"",""shipping_cost"":""observed"",""properties"":""observed""}",true,
2026-08-14,2026-08-14T17:20:10+03:00,ev-yasam,BEST_SELLER,birlesik-ev-yasam,Trendyol seçili Ev & Yaşam kategorileri / En Çok Satan,56,3,56,56,,,33.3,31.7,958623353,638780,BEYZANA Yeni Nesil Basmalı Çift Buz Kalıbı Buzluk – Kapaklı Saklama Kutulu 28 28 56 Bölmeli 10x20 Cm,BEYZANA,Buz Kalıbı,https://www.trendyol.com/beyzana/yeni-nesil-basmali-cift-buz-kalibi-buzluk-kapakli-saklama-kutulu-28-28-56-bolmeli-10x20-cm-p-958623353?boutiqueId=61&merchantId=638780,BEYZANA,,199.99,,,,TRY,"[""Kargo Bedava""]",InStock,100 adetten fazla stok sunulmuştur,Son 3 günde 500+ ürün satıldı!,500,4,1758,811,,107,"5,3B kişinin sepetinde","167,2B kişi favoriledi","Son 24 saatte 3,2B kişi görüntüledi",4999,TRY,0,1,1,4,6 saat 37 dakika içinde sipariş verirsen en geç yarın kargoda!,En Çok Ziyaret Edilen 1. Ürün,https://cdn.dsmcdn.com/ty1713/prod/QC_ENRICHMENT/20250724/15/152c5c48-c249-33cb-9485-c152ad0aa955/1_org_zoom.jpg,"{""Boyut/Ebat"":""12 x 19"",""Materyal"":""Plastik"",""Menşei"":""CN"",""Gıda Temas Sembolü"":""Evet"",""Bakım Talimatları (Gıda Temas)"":""Elde yıkanmalıdır.""}",20,5,refreshed,"[""daily_top""]",true,2026-08-14T17:20:10+03:00,0,"[""search_result_dom"",""product_detail_jsonld"",""product_detail_dom""]","{""title"":""observed"",""brand"":""observed"",""seller_name"":""observed"",""seller_score"":""unavailable"",""price"":""observed"",""original_price"":""unavailable"",""campaigns"":""observed"",""stock_status"":""observed"",""stock_signal"":""observed"",""rating"":""observed"",""rating_count"":""observed"",""review_count"":""observed"",""question_count"":""observed"",""delivery_summary"":""observed"",""shipping_cost"":""observed"",""properties"":""observed""}",true,
2026-08-14,2026-08-14T17:20:10+03:00,ev-yasam,BEST_SELLER,birlesik-ev-yasam,Trendyol seçili Ev & Yaşam kategorileri / En Çok Satan,57,3,57,57,4,,18.7,28.8,1157720604,1142113,"Fast Story Beyaz Amerikan Kapı Arkası Askılık Mutfak Banyo Düzenleyici , Elbise Askısı, Askılık, Askı, Plastik Askı",Fast Story,Askılık,https://www.trendyol.com/fast-story/beyaz-amerikan-kapi-arkasi-askilik-mutfak-banyo-duzenleyici-elbise-askisi-askilik-aski-plastik-aski-p-1157720604?boutiqueId=61&merchantId=1142113,Fast Story,92,34.99,,,,TRY,"[""Kargo Bedava""]",InStock,100 adetten fazla stok sunulmuştur,Son 3 günde 250+ ürün satıldı!,250,3.6,96,50,,17,"1,5B kişinin sepetinde",7B kişi favoriledi,Son 24 saatte 628 kişi görüntüledi,4999,TRY,0,1,1,4,Tahmini Teslim:,En Çok Satan 4. Ürün,https://cdn.dsmcdn.com/ty1906/prod/QC_ENRICHMENT/20260623/13/4a99d3d3-7b3a-3bda-bbf9-6dd685719ee3/1_org_zoom.jpg,"{""Materyal"":""Plastik"",""Renk"":""Beyaz"",""Yükseklik"":""9 cm"",""Genişlik"":""30 cm"",""Askılık Tipi"":""Ayaklı Askılık"",""Stil"":""Modern"",""Menşei"":""TR""}",20,5,refreshed,"[""daily_top""]",true,2026-08-14T17:20:10+03:00,0,"[""search_result_dom"",""product_detail_jsonld"",""product_detail_dom""]","{""title"":""observed"",""brand"":""observed"",""seller_name"":""observed"",""seller_score"":""observed"",""price"":""observed"",""original_price"":""unavailable"",""campaigns"":""observed"",""stock_status"":""observed"",""stock_signal"":""observed"",""rating"":""observed"",""rating_count"":""observed"",""review_count"":""observed"",""question_count"":""observed"",""delivery_summary"":""observed"",""shipping_cost"":""observed"",""properties"":""observed""}",true,
2026-08-14,2026-08-14T17:20:10+03:00,ev-yasam,BEST_SELLER,birlesik-ev-yasam,Trendyol seçili Ev & Yaşam kategorileri / En Çok Satan,58,3,58,58,2,,31.4,33.6,952486288,380979,AYGÖREN HOME 3 Lü Kare Stil Pinterest Sepet Dekoratif Ev Düzenleyici,AYGÖREN HOME,Sepet,https://www.trendyol.com/aygoren-home/3-lu-kare-stil-pinterest-sepet-dekoratif-ev-duzenleyici-p-952486288?boutiqueId=61&merchantId=380979,Mutlu Pastacılık ve Malzemeleri,89,199,,,,TRY,"[""Kargo Bedava""]",InStock,100 adetten fazla stok sunulmuştur,Son 3 günde 500+ ürün satıldı!,500,4.4,942,473,,45,"5,7B kişinin sepetinde","72,9B kişi favoriledi",Son 24 saatte 2B kişi görüntüledi,4999,TRY,0,1,1,4,Tahmini Teslim:,En Çok Satan 2. Ürün,https://cdn.dsmcdn.com/ty1704/prod/QC_PREP/20250704/15/fd5eb084-6b09-397d-b5a7-a71c11573443/1_org_zoom.jpg,"{""Materyal"":""Hasır"",""Renk"":""Kahverengi"",""Boyut/Ebat"":""30 x 30"",""Hacim"":""2,9 L"",""Parça Sayısı"":""3"",""Yıkama Talimatı"":""T101"",""Materyal Bileşeni"":""Hasır Bambu"",""Menşei"":""CN""}",20,5,refreshed,"[""daily_top""]",true,2026-08-14T17:20:10+03:00,0,"[""search_result_dom"",""product_detail_jsonld"",""product_detail_dom""]","{""title"":""observed"",""brand"":""observed"",""seller_name"":""observed"",""seller_score"":""observed"",""price"":""observed"",""original_price"":""unavailable"",""campaigns"":""observed"",""stock_status"":""observed"",""stock_signal"":""observed"",""rating"":""observed"",""rating_count"":""observed"",""review_count"":""observed"",""question_count"":""observed"",""delivery_summary"":""observed"",""shipping_cost"":""observed"",""properties"":""observed""}",true,
2026-08-14,2026-08-14T17:20:10+03:00,ev-yasam,BEST_SELLER,birlesik-ev-yasam,Trendyol seçili Ev & Yaşam kategorileri / En Çok Satan,59,3,59,59,1,,32.2,15.3,951979916,618092,VİGENTİNO 10’lu Modüler Kaşıklık Seti - Mutfak Düzenleyici Çekmece İçi Organizer,VİGENTİNO,,https://www.trendyol.com/vigentino/10-lu-moduler-kasiklik-seti-mutfak-duzenleyici-cekmece-ici-organizer-p-951979916?boutiqueId=61&merchantId=618092,VİGENTİNO,10,195.9,,,,TRY,"[""Kargo Bedava""]",InStock,100 adetten fazla stok sunulmuştur,Son 3 günde 250+ ürün satıldı!,250,4.7,2503,,,144,"3,2B kişinin sepetinde","91,7B kişi favoriledi","Son 24 saatte 2,2B kişi görüntüledi",,,0,,,,Tahmini Teslim:,En Çok Satan 1. Ürün,,{},0,,refreshed,"[""daily_top""]",true,2026-08-14T17:20:10+03:00,0,"[""search_result_dom"",""product_detail_jsonld"",""product_detail_dom""]","{""title"":""observed"",""brand"":""observed"",""seller_name"":""observed"",""seller_score"":""observed"",""price"":""observed"",""original_price"":""unavailable"",""campaigns"":""observed"",""stock_status"":""observed"",""stock_signal"":""observed"",""rating"":""observed"",""rating_count"":""observed"",""review_count"":""unavailable"",""question_count"":""observed"",""delivery_summary"":""observed"",""shipping_cost"":""unavailable"",""properties"":""observed""}",true,
2026-08-14,2026-08-14T17:20:10+03:00,ev-yasam,BEST_SELLER,birlesik-ev-yasam,Trendyol seçili Ev & Yaşam kategorileri / En Çok Satan,60,3,60,60,2,,33.3,31.7,473798271,714588,"usta mekan Siyah 2 Katlı Banyo Kozmetik Takı Makyaj Düzenleyici ,Çok Amaçlı Organizer ,Servis Sunum Tepsisi ,Ikramlık",usta mekan,Makyaj Organizerı,https://www.trendyol.com/usta-mekan/siyah-2-katli-banyo-kozmetik-taki-makyaj-duzenleyici-cok-amacli-organizer-servis-sunum-tepsisi-ikramlik-p-473798271?boutiqueId=61&merchantId=714588,MAYAA HOME,92,166.85,,,,TRY,"[""Kargo Bedava""]",InStock,100 adetten fazla stok sunulmuştur,Son 3 günde 500+ ürün satıldı!,500,4.4,1568,824,,99,"4,4B kişinin sepetinde","89,1B kişi favoriledi","Son 24 saatte 2,5B kişi görüntüledi",4999,TRY,0,3,1,6,6 saat 37 dakika içinde sipariş verirsen en geç yarın kargoda!,En Çok Satan 2. Ürün,https://cdn.dsmcdn.com/ty1496/product/media/images/prod/QC/20240821/10/2889da05-f866-3982-be45-6e42d6c2a6e4/1_org_zoom.jpg,"{""Parça Sayısı"":""1 Parça"",""Materyal"":""Metal"",""Renk"":""Siyah"",""Menşei"":""TR"",""Bölme Sayısı"":""2""}",20,5,refreshed,"[""daily_top""]",true,2026-08-14T17:20:10+03:00,0,"[""search_result_dom"",""product_detail_jsonld"",""product_detail_dom""]","{""title"":""observed"",""brand"":""observed"",""seller_name"":""observed"",""seller_score"":""observed"",""price"":""observed"",""original_price"":""unavailable"",""campaigns"":""observed"",""stock_status"":""observed"",""stock_signal"":""observed"",""rating"":""observed"",""rating_count"":""observed"",""review_count"":""observed"",""question_count"":""observed"",""delivery_summary"":""observed"",""shipping_cost"":""observed"",""properties"":""observed""}",true,
2026-08-14,2026-08-14T17:20:10+03:00,ev-yasam,BEST_SELLER,birlesik-ev-yasam,Trendyol seçili Ev & Yaşam kategorileri / En Çok Satan,61,3,61,61,2,,30.4,17.1,463380012,716966,Dream Time Sıvı Geçirmez Soft Micro Fitted Alez | Ultra Sessiz Full Kenarlı Antibakteriyel Su Geçirmez Yatak Koruyucu,Dream Time,,https://www.trendyol.com/dream-time/sivi-gecirmez-soft-micro-fitted-alez-ultra-sessiz-full-kenarli-antibakteriyel-su-gecirmez-yatak-koruyucu-p-463380012?boutiqueId=61&merchantId=716966,Dream Time,,99.98,,,,TRY,"[""Son 10 Günün En Düşük Fiyatı"",""Kargo Bedava"",""Trendyol Plus'a Özel""]",InStock,100 adetten fazla stok sunulmuştur,Son 3 günde 250+ ürün satıldı!,250,4.4,1500,,,242,"2,7B kişinin sepetinde","26,3B kişi favoriledi","Son 24 saatte 1,3B kişi görüntüledi",,,0,,,,6 saat 37 dakika içinde sipariş verirsen en geç yarın kargoda!,En Çok Satan 2. Ürün,,{},0,,refreshed,"[""daily_top""]",true,2026-08-14T17:20:10+03:00,0,"[""search_result_dom"",""product_detail_jsonld"",""product_detail_dom""]","{""title"":""observed"",""brand"":""observed"",""seller_name"":""observed"",""seller_score"":""unavailable"",""price"":""observed"",""original_price"":""unavailable"",""campaigns"":""observed"",""stock_status"":""observed"",""stock_signal"":""observed"",""rating"":""observed"",""rating_count"":""observed"",""review_count"":""unavailable"",""question_count"":""observed"",""delivery_summary"":""observed"",""shipping_cost"":""unavailable"",""properties"":""observed""}",true,
2026-08-14,2026-08-14T17:20:10+03:00,ev-yasam,BEST_SELLER,birlesik-ev-yasam,Trendyol seçili Ev & Yaşam kategorileri / En Çok Satan,62,3,62,62,1,,18.1,29.4,1174231701,638780,"BEYZANA 5 i 1 Yerde Çok Fonksiyonlu Sebze Soyacağı Kesme, Soyma, Açma, Rendeleme, Dilimleme Dahil Paslanmaz Çelik",BEYZANA,Soyacak,https://www.trendyol.com/beyzana/5-i-1-yerde-cok-fonksiyonlu-sebze-soyacagi-kesme-soyma-acma-rendeleme-dilimleme-dahil-paslanmaz-celik-p-1174231701?boutiqueId=61&merchantId=638780,BEYZANA,5,199.8,,,,TRY,"[""Kargo Bedava""]",InStock,100 adetten fazla stok sunulmuştur,Son 3 günde 250+ ürün satıldı!,250,2.5,61,43,,7,"9,2B kişinin sepetinde","18,9B kişi favoriledi","Son 24 saatte 1,9B kişi görüntüledi",4999,TRY,0,1,1,4,6 saat 37 dakika içinde sipariş verirsen en geç yarın kargoda!,En Çok Satan 1. Ürün,https://cdn.dsmcdn.com/ty1908/prod/QC_PREP/20260721/21/b3197778-13d2-302e-abea-e3dcc5ad1ddc/1_org_zoom.jpg,"{""Renk"":""Kahverengi"",""Menşei"":""CN"",""Bakım Talimatları (Gıda Temas)"":""Elde yıkanmalıdır.""}",20,3.25,refreshed,"[""daily_top""]",true,2026-08-14T17:20:10+03:00,0,"[""search_result_dom"",""product_detail_jsonld"",""product_detail_dom""]","{""title"":""observed"",""brand"":""observed"",""seller_name"":""observed"",""seller_score"":""observed"",""price"":""observed"",""original_price"":""unavailable"",""campaigns"":""observed"",""stock_status"":""observed"",""stock_signal"":""observed"",""rating"":""observed"",""rating_count"":""observed"",""review_count"":""observed"",""question_count"":""observed"",""delivery_summary"":""observed"",""shipping_cost"":""observed"",""properties"":""observed""}",true,
2026-08-14,2026-08-14T17:20:10+03:00,ev-yasam,BEST_SELLER,birlesik-ev-yasam,Trendyol seçili Ev & Yaşam kategorileri / En Çok Satan,63,3,63,63,2,,18.1,29.4,1163432779,231349,"Gizo Home YMN | Pamuklu Keten Bohem Fırfırlı Koltuk Örtüsü | Yıkanabilir, Kaymaz, Modern Çekyat Örtüsü, Kanepe Örtüsü Şık Tasarım",Gizo Home,Koltuk Örtüsü,https://www.trendyol.com/gizo-home/ymn-pamuklu-keten-bohem-firfirli-koltuk-ortusu-yikanabilir-kaymaz-modern-cekyat-ortusu-kanepe-ortusu-sik-tasarim-p-1163432779?boutiqueId=61&merchantId=231349,BabadaHome,93,299.99,,,,TRY,"[""Kargo Bedava""]",InStock,100 adetten fazla stok sunulmuştur,Son 3 günde 250+ ürün satıldı!,250,4.6,53,43,,33,700 kişinin sepetinde,"2,9B kişi favoriledi",Son 24 saatte 2B kişi görüntüledi,4999,TRY,0,1,1,4,6 saat 36 dakika içinde sipariş verirsen en geç yarın kargoda!,En Çok Satan 2. Ürün,https://cdn.dsmcdn.com/ty1913/prod/QC_PREP/20260702/01/b63b3f44-33ad-3749-9ffc-46cd7da0cc18/1_org_zoom.jpg,"{""Materyal"":""Pamuk"",""Boyut/Ebat"":""90 x 200"",""Renk"":""Ekru"",""Desen"":""Düz"",""Yıkama Talimatı"":""T08"",""Materyal Bileşeni"":""%80 Pamuk %10 Pamukpes %10 Pamuk Keten"",""Paket İçeriği"":""1'li"",""Menşei"":""TR""}",20,5,refreshed,"[""daily_top""]",true,2026-08-14T17:20:10+03:00,0,"[""search_result_dom"",""product_detail_jsonld"",""product_detail_dom""]","{""title"":""observed"",""brand"":""observed"",""seller_name"":""observed"",""seller_score"":""observed"",""price"":""observed"",""original_price"":""unavailable"",""campaigns"":""observed"",""stock_status"":""observed"",""stock_signal"":""observed"",""rating"":""observed"",""rating_count"":""observed"",""review_count"":""observed"",""question_count"":""observed"",""delivery_summary"":""observed"",""shipping_cost"":""observed"",""properties"":""observed""}",true,
2026-08-14,2026-08-14T17:20:10+03:00,ev-yasam,BEST_SELLER,birlesik-ev-yasam,Trendyol seçili Ev & Yaşam kategorileri / En Çok Satan,64,3,64,64,,,31.5,16,686016403,180667,Nandy Home 6 Adet Jumbo Boy Dikdörtgen Saklama Kabı 2000 Ml Antrasit,Nandy Home,,https://www.trendyol.com/nandy-home/6-adet-jumbo-boy-dikdortgen-saklama-kabi-2000-ml-antrasit-p-686016403?boutiqueId=61&merchantId=180667,Nandy Home,6,186.84,,,,TRY,"[""Kargo Bedava""]",InStock,100 adetten fazla stok sunulmuştur,Son 3 günde 250+ ürün satıldı!,250,4.5,2052,,,119,2B kişinin sepetinde,"46,7B kişi favoriledi","Son 24 saatte 1,7B kişi görüntüledi",,,0,,,,6 saat 36 dakika içinde sipariş verirsen en geç yarın kargoda!,,,{},0,,refreshed,"[""daily_top""]",true,2026-08-14T17:20:10+03:00,0,"[""search_result_dom"",""product_detail_jsonld"",""product_detail_dom""]","{""title"":""observed"",""brand"":""observed"",""seller_name"":""observed"",""seller_score"":""observed"",""price"":""observed"",""original_price"":""unavailable"",""campaigns"":""observed"",""stock_status"":""observed"",""stock_signal"":""observed"",""rating"":""observed"",""rating_count"":""observed"",""review_count"":""unavailable"",""question_count"":""observed"",""delivery_summary"":""observed"",""shipping_cost"":""unavailable"",""properties"":""observed""}",true,
2026-08-14,2026-08-14T17:20:10+03:00,ev-yasam,BEST_SELLER,birlesik-ev-yasam,Trendyol seçili Ev & Yaşam kategorileri / En Çok Satan,65,3,65,65,,,39.2,12.5,43257286,323918,Formeya Classic Mikro Fitted Full Kenar Su Sıvı Geçirmez Yatak Koruyucu Alez Bebek-Tek-Çift Kişilik Battal,Formeya,,https://www.trendyol.com/formeya/classic-mikro-fitted-full-kenar-su-sivi-gecirmez-yatak-koruyucu-alez-bebek-tek-cift-kisilik-battal-p-43257286?boutiqueId=61&merchantId=323918,Formeya,,98.9,,,,TRY,"[""Kargo Bedava"",""Trendyol Plus'a Özel""]",InStock,100 adetten fazla stok sunulmuştur,Son 3 günde 250+ ürün satıldı!,250,4.4,18669,,,1815,3B kişinin sepetinde,"278,3B kişi favoriledi","Son 24 saatte 1,7B kişi görüntüledi",,,0,,,,Tahmini Teslim:,En Çok Favorilenen 1. Ürün,,{},0,,refreshed,"[""daily_top""]",true,2026-08-14T17:20:10+03:00,0,"[""search_result_dom"",""product_detail_jsonld"",""product_detail_dom""]","{""title"":""observed"",""brand"":""observed"",""seller_name"":""observed"",""seller_score"":""unavailable"",""price"":""observed"",""original_price"":""unavailable"",""campaigns"":""observed"",""stock_status"":""observed"",""stock_signal"":""observed"",""rating"":""observed"",""rating_count"":""observed"",""review_count"":""unavailable"",""question_count"":""observed"",""delivery_summary"":""observed"",""shipping_cost"":""unavailable"",""properties"":""observed""}",true,
2026-08-14,2026-08-14T17:20:10+03:00,ev-yasam,BEST_SELLER,birlesik-ev-yasam,Trendyol seçili Ev & Yaşam kategorileri / En Çok Satan,66,3,66,66,,,27.7,2.3,448366120,137544,Kitchen Beauty Küre Buz Kalıbı Kapaklı 33 Hazneli Yuvarlak Buz Kalıbı Kokteyl Sunum Buz Kalıbı,Kitchen Beauty,Buz Kalıbı,https://www.trendyol.com/kitchen-beauty/kure-buz-kalibi-kapakli-33-hazneli-yuvarlak-buz-kalibi-kokteyl-sunum-buz-kalibi-p-448366120?boutiqueId=61&merchantId=137544,Eymen Ticaret,89,46.75,,,,TRY,"[""Kargo Bedava""]",InStock,100 adetten fazla stok sunulmuştur,Son 3 günde 250+ ürün satıldı!,,4,5352,2871,,109,,,,4999,TRY,0,3,1,6,Tahmini Teslim:,,https://cdn.dsmcdn.com/ty962/product/media/images/20230704/19/390956809/642120513/1/1_org_zoom.jpg,"{""Boyut/Ebat"":""10 x 18"",""Materyal"":""Plastik"",""Menşei"":""TR"",""Bakım Talimatları (Gıda Temas)"":""Ürünün kullanım ömrünü korumak için ürüne özel bakım talimatlarını takip ediniz.""}",20,5,refreshed,"[""daily_top""]",true,2026-08-14T17:20:10+03:00,0,"[""search_result_dom"",""product_detail_jsonld"",""product_detail_dom""]","{""title"":""observed"",""brand"":""observed"",""seller_name"":""observed"",""seller_score"":""observed"",""price"":""observed"",""original_price"":""unavailable"",""campaigns"":""observed"",""stock_status"":""observed"",""stock_signal"":""observed"",""rating"":""observed"",""rating_count"":""observed"",""review_count"":""observed"",""question_count"":""observed"",""delivery_summary"":""observed"",""shipping_cost"":""observed"",""properties"":""observed""}",true,
2026-08-14,2026-08-14T17:20:10+03:00,ev-yasam,BEST_SELLER,birlesik-ev-yasam,Trendyol seçili Ev & Yaşam kategorileri / En Çok Satan,67,3,67,67,2,,31.9,33.1,951250080,1119408,"ARİFE HOME Sandalye Kılıfı ,lıkralı ,yıkanabılır 1 Adet Krem Renk Yüksek Kalite",ARİFE HOME,,https://www.trendyol.com/arife-home/sandalye-kilifi-likrali-yikanabilir-1-adet-krem-renk-yuksek-kalite-p-951250080?boutiqueId=61&merchantId=1119408,ARİFE HOME,89,79,,,,TRY,"[""Kargo Bedava""]",InStock,100 adetten fazla stok sunulmuştur,Son 3 günde 500+ ürün satıldı!,500,4.5,539,,,119,532 kişinin sepetinde,"11,5B kişi favoriledi",Son 24 saatte 545 kişi görüntüledi,,,0,,,,Tahmini Teslim:,En Çok Satan 2. Ürün,,{},0,,refreshed,"[""daily_top""]",true,2026-08-14T17:20:10+03:00,0,"[""search_result_dom"",""product_detail_jsonld"",""product_detail_dom""]","{""title"":""observed"",""brand"":""observed"",""seller_name"":""observed"",""seller_score"":""observed"",""price"":""observed"",""original_price"":""unavailable"",""campaigns"":""observed"",""stock_status"":""observed"",""stock_signal"":""observed"",""rating"":""observed"",""rating_count"":""observed"",""review_count"":""unavailable"",""question_count"":""observed"",""delivery_summary"":""observed"",""shipping_cost"":""unavailable"",""properties"":""observed""}",true,
2026-08-14,2026-08-14T17:20:10+03:00,ev-yasam,BEST_SELLER,birlesik-ev-yasam,Trendyol seçili Ev & Yaşam kategorileri / En Çok Satan,68,3,68,68,,,25.7,21.8,1063931530,1011549,Spartek home textile 6 Parça Çizgili -Seyahat Valiz Bavul Organizer Seti Filesiz – Hurç ve Çanta Takımı,Spartek home textile,Hurç,https://www.trendyol.com/spartek-home-textile/6-parca-cizgili-seyahat-valiz-bavul-organizer-seti-filesiz-hurc-ve-canta-takimi-p-1063931530?boutiqueId=61&merchantId=1011549,Spartek home textile,6,160.69,,,,TRY,"[""Kargo Bedava""]",InStock,100 adetten fazla stok sunulmuştur,Son 3 günde 250+ ürün satıldı!,250,4.3,833,390,,38,"2,7B kişinin sepetinde","31,4B kişi favoriledi","Son 24 saatte 1,9B kişi görüntüledi",4999,TRY,0,1,1,4,Tahmini Teslim:,,https://cdn.dsmcdn.com/ty1797/prod/QC_PREP/20251209/17/ead28ee1-c085-3a81-a88b-532c3e1dc38c/1_org_zoom.jpg,"{""Boyut/Ebat"":""35 x 25"",""Materyal"":""Kumaş"",""Renk"":""Gri"",""Parça Sayısı"":""6"",""Materyal Bileşeni"":""tela kumaş"",""Yıkama Talimatı"":""T08"",""Menşei"":""TR""}",20,5,refreshed,"[""daily_top""]",true,2026-08-14T17:20:10+03:00,0,"[""search_result_dom"",""product_detail_jsonld"",""product_detail_dom""]","{""title"":""observed"",""brand"":""observed"",""seller_name"":""observed"",""seller_score"":""observed"",""price"":""observed"",""original_price"":""unavailable"",""campaigns"":""observed"",""stock_status"":""observed"",""stock_signal"":""observed"",""rating"":""observed"",""rating_count"":""observed"",""review_count"":""observed"",""question_count"":""observed"",""delivery_summary"":""observed"",""shipping_cost"":""observed"",""properties"":""observed""}",true,
2026-08-14,2026-08-14T17:20:10+03:00,ev-yasam,BEST_SELLER,birlesik-ev-yasam,Trendyol seçili Ev & Yaşam kategorileri / En Çok Satan,69,3,69,69,,,25.7,21.8,996340225,180667,Nandy Home 6 Adet 1170Ml. Freshbox Saklama Kabı Seti - Mikrodalga ve Difrize Uyumlu,Nandy Home,,https://www.trendyol.com/nandy-home/6-adet-1170ml-freshbox-saklama-kabi-seti-mikrodalga-ve-difrize-uyumlu-p-996340225?boutiqueId=61&merchantId=180667,Nandy Home,6,161.56,,,,TRY,"[""Kargo Bedava""]",InStock,100 adetten fazla stok sunulmuştur,Son 3 günde 250+ ürün satıldı!,250,4.4,389,,,21,"2,2B kişinin sepetinde","27,7B kişi favoriledi","Son 24 saatte 1,5B kişi görüntüledi",,,0,,,,6 saat 36 dakika içinde sipariş verirsen en geç yarın kargoda!,,,{},0,,refreshed,"[""daily_top""]",true,2026-08-14T17:20:10+03:00,0,"[""search_result_dom"",""product_detail_jsonld"",""product_detail_dom""]","{""title"":""observed"",""brand"":""observed"",""seller_name"":""observed"",""seller_score"":""observed"",""price"":""observed"",""original_price"":""unavailable"",""campaigns"":""observed"",""stock_status"":""observed"",""stock_signal"":""observed"",""rating"":""observed"",""rating_count"":""observed"",""review_count"":""unavailable"",""question_count"":""observed"",""delivery_summary"":""observed"",""shipping_cost"":""unavailable"",""properties"":""observed""}",true,
2026-08-14,2026-08-14T17:20:10+03:00,ev-yasam,BEST_SELLER,birlesik-ev-yasam,Trendyol seçili Ev & Yaşam kategorileri / En Çok Satan,70,3,70,70,2,,25.9,21.6,1040037192,677198,Amentes Led Işıklı Usb Şarjlı Dikdörtgen Masa Üstü Makyaj Aynası Makyaj Aynası Dokunmatik,Amentes,Ayna,https://www.trendyol.com/amentes/led-isikli-usb-sarjli-dikdortgen-masa-ustu-makyaj-aynasi-makyaj-aynasi-dokunmatik-p-1040037192?boutiqueId=61&merchantId=677198,Amentes,,184.9,,,,TRY,"[""Kargo Bedava""]",InStock,100 adetten fazla stok sunulmuştur,Son 3 günde 250+ ürün satıldı!,250,3.8,676,403,,209,4B kişinin sepetinde,"35,2B kişi favoriledi","Son 24 saatte 2,1B kişi görüntüledi",4999,TRY,0,3,1,6,Tahmini Teslim:,En Çok Satan 2. Ürün,https://cdn.dsmcdn.com/ty1739/prod/QC_PREP/20250827/18/87721c2d-e6b5-3fee-baf7-845412fc2235/1_org_zoom.jpg,"{""Materyal"":""Plastik"",""Renk"":""Çok Renkli"",""Şekil"":""Dikdörtgen"",""Çeşit"":""LED Işıklı Ayna"",""Menşei"":""CN""}",20,5,refreshed,"[""daily_top""]",true,2026-08-14T17:20:10+03:00,0,"[""search_result_dom"",""product_detail_jsonld"",""product_detail_dom""]","{""title"":""observed"",""brand"":""observed"",""seller_name"":""observed"",""seller_score"":""unavailable"",""price"":""observed"",""original_price"":""unavailable"",""campaigns"":""observed"",""stock_status"":""observed"",""stock_signal"":""observed"",""rating"":""observed"",""rating_count"":""observed"",""review_count"":""observed"",""question_count"":""observed"",""delivery_summary"":""observed"",""shipping_cost"":""observed"",""properties"":""observed""}",true,
2026-08-14,2026-08-14T17:20:10+03:00,ev-yasam,BEST_SELLER,birlesik-ev-yasam,Trendyol seçili Ev & Yaşam kategorileri / En Çok Satan,71,3,71,71,,,26,22.5,1153451523,984526,Galeriyo Ayarlanabilir Gri Kaşıklık Organizer – Genişleyebilir Çekmece İçi Düzenleyici Gri-Antrasit,Galeriyo,,https://www.trendyol.com/galeriyo/ayarlanabilir-gri-kasiklik-organizer-genisleyebilir-cekmece-ici-duzenleyici-gri-antrasit-p-1153451523?boutiqueId=61&merchantId=984526,Galeriyo,91,155.71,157.28,1,,TRY,"[""Sepette %1 İndirim"",""Kargo Bedava""]",InStock,100 adetten fazla stok sunulmuştur,Son 3 günde 250+ ürün satıldı!,250,4.5,317,,,40,3B kişinin sepetinde,"23,5B kişi favoriledi","Son 24 saatte 1,8B kişi görüntüledi",,,0,,,,Tahmini Teslim:,,,{},0,,refreshed,"[""daily_top""]",true,2026-08-14T17:20:10+03:00,0,"[""search_result_dom"",""product_detail_jsonld"",""product_detail_dom""]","{""title"":""observed"",""brand"":""observed"",""seller_name"":""observed"",""seller_score"":""observed"",""price"":""observed"",""original_price"":""observed"",""campaigns"":""observed"",""stock_status"":""observed"",""stock_signal"":""observed"",""rating"":""observed"",""rating_count"":""observed"",""review_count"":""unavailable"",""question_count"":""observed"",""delivery_summary"":""observed"",""shipping_cost"":""unavailable"",""properties"":""observed""}",true,
2026-08-14,2026-08-14T17:20:10+03:00,ev-yasam,BEST_SELLER,birlesik-ev-yasam,Trendyol seçili Ev & Yaşam kategorileri / En Çok Satan,72,3,72,72,,,37.6,12.5,44481914,133427,Nart Home Yatak Alezi Pamuklu Kapitone Fitted Full Kenar Sıvı Geçirmez Yatak Koruyucu Beyaz,Nart Home,,https://www.trendyol.com/nart-home/yatak-alezi-pamuklu-kapitone-fitted-full-kenar-sivi-gecirmez-yatak-koruyucu-beyaz-p-44481914?boutiqueId=61&merchantId=133427,Nart Home,,469.9,,,,TRY,"[""Kargo Bedava"",""Trendyol Plus'a Özel""]",InStock,100 adetten fazla stok sunulmuştur,Son 3 günde 250+ ürün satıldı!,250,4.6,11887,,,1571,"3,2B kişinin sepetinde","180,8B kişi favoriledi","Son 24 saatte 1,4B kişi görüntüledi",,,0,,,,Tahmini Teslim:,,,{},0,,refreshed,"[""daily_top""]",true,2026-08-14T17:20:10+03:00,0,"[""search_result_dom"",""product_detail_jsonld"",""product_detail_dom""]","{""title"":""observed"",""brand"":""observed"",""seller_name"":""observed"",""seller_score"":""unavailable"",""price"":""observed"",""original_price"":""unavailable"",""campaigns"":""observed"",""stock_status"":""observed"",""stock_signal"":""observed"",""rating"":""observed"",""rating_count"":""observed"",""review_count"":""unavailable"",""question_count"":""observed"",""delivery_summary"":""observed"",""shipping_cost"":""unavailable"",""properties"":""observed""}",true,
2026-08-14,2026-08-14T17:20:10+03:00,ev-yasam,BEST_SELLER,birlesik-ev-yasam,Trendyol seçili Ev & Yaşam kategorileri / En Çok Satan,73,4,73,73,4,,30.1,17.4,927659821,661551,Yapay Çiçek Deposu 5 Dallı Gerçek Dokulu Vintage Okaliptus Demeti 45 cm,Yapay Çiçek Deposu,Yapay Çiçek,https://www.trendyol.com/yapay-cicek-deposu/5-dalli-gercek-dokulu-vintage-okaliptus-demeti-45-cm-p-927659821?boutiqueId=61&merchantId=661551,Çiçekburada,93,199.9,,,,TRY,"[""Kargo Bedava""]",InStock,100 adetten fazla stok sunulmuştur,Son 3 günde 250+ ürün satıldı!,250,4.6,2501,1376,,79,"2,7B kişinin sepetinde","163,6B kişi favoriledi","Son 24 saatte 1,9B kişi görüntüledi",4999,TRY,0,1,1,4,Tahmini Teslim:,En Çok Satan 4. Ürün,https://cdn.dsmcdn.com/ty1664/prod/QC/20250415/19/a1d80c1c-9b36-3714-96ba-35483e3f4f72/1_org_zoom.jpg,"{""Renk"":""Yeşil"",""Yükseklik"":""31 - 45 cm"",""Çiçek Türü"":""Demet"",""Menşei"":""CN""}",20,5,refreshed,"[""daily_top""]",true,2026-08-14T17:20:10+03:00,0,"[""search_result_dom"",""product_detail_jsonld"",""product_detail_dom""]","{""title"":""observed"",""brand"":""observed"",""seller_name"":""observed"",""seller_score"":""observed"",""price"":""observed"",""original_price"":""unavailable"",""campaigns"":""observed"",""stock_status"":""observed"",""stock_signal"":""observed"",""rating"":""observed"",""rating_count"":""observed"",""review_count"":""observed"",""question_count"":""observed"",""delivery_summary"":""observed"",""shipping_cost"":""observed"",""properties"":""observed""}",true,
2026-08-14,2026-08-14T17:20:10+03:00,ev-yasam,BEST_SELLER,birlesik-ev-yasam,Trendyol seçili Ev & Yaşam kategorileri / En Çok Satan,74,4,74,74,4,,34.6,12.9,811173329,880842,teknotrust Mutfak Kaydırmaz Şeffaf Raflık Kaymaz Dolap İçi Çekmece Örtüsü Pvc 45x300 Cm Koruyucu Eva Kalınn,teknotrust,,https://www.trendyol.com/teknotrust/mutfak-kaydirmaz-seffaf-raflik-kaymaz-dolap-ici-cekmece-ortusu-pvc-45x300-cm-koruyucu-eva-kalinn-p-811173329?boutiqueId=61&merchantId=880842,Lara İSTOÇ,88,199.99,,,,TRY,"[""Kargo Bedava"",""Trendyol Plus'a Özel""]",InStock,100 adetten fazla stok sunulmuştur,Son 3 günde 250+ ürün satıldı!,250,4.4,5043,,,503,"1,8B kişinin sepetinde","143,5B kişi favoriledi","Son 24 saatte 1,3B kişi görüntüledi",,,0,,,,Tahmini Teslim:,En Çok Satan 4. Ürün,,{},0,,refreshed,"[""daily_top""]",true,2026-08-14T17:20:10+03:00,0,"[""search_result_dom"",""product_detail_jsonld"",""product_detail_dom""]","{""title"":""observed"",""brand"":""observed"",""seller_name"":""observed"",""seller_score"":""observed"",""price"":""observed"",""original_price"":""unavailable"",""campaigns"":""observed"",""stock_status"":""observed"",""stock_signal"":""observed"",""rating"":""observed"",""rating_count"":""observed"",""review_count"":""unavailable"",""question_count"":""observed"",""delivery_summary"":""observed"",""shipping_cost"":""unavailable"",""properties"":""observed""}",true,
2026-08-14,2026-08-14T17:20:10+03:00,ev-yasam,BEST_SELLER,birlesik-ev-yasam,Trendyol seçili Ev & Yaşam kategorileri / En Çok Satan,75,4,75,75,,,24.1,23.4,926317511,677198,Amentes 1 Adet Bambu Oval Sunum Ve Servis Tepsisi - Ahşap Tepsi - Yağdanlık Altlığı,Amentes,Tepsi,https://www.trendyol.com/amentes/1-adet-bambu-oval-sunum-ve-servis-tepsisi-ahsap-tepsi-yagdanlik-altligi-p-926317511?boutiqueId=61&merchantId=677198,Amentes,1,28.96,,,,TRY,"[""Kargo Bedava""]",InStock,100 adetten fazla stok sunulmuştur,Son 3 günde 250+ ürün satıldı!,250,4.2,459,243,,24,970 kişinin sepetinde,10B kişi favoriledi,Son 24 saatte 414 kişi görüntüledi,4999,TRY,0,1,1,4,Tahmini Teslim:,,https://cdn.dsmcdn.com/ty1761/prod/QC_ENRICHMENT/20250920/16/d1e531e1-1956-3e6b-b382-aebf7b3615c0/1_org_zoom.jpg,"{""Materyal"":""Bambu"",""Renk"":""Bej"",""Boyut/Ebat"":""12 x 14"",""Parça Sayısı"":""1"",""Menşei"":""CN"",""Gıda Temas Sembolü"":""Evet"",""Bakım Talimatları (Gıda Temas)"":""Mikrodalga fırında kullanılamaz.""}",20,5,refreshed,"[""daily_top""]",true,2026-08-14T17:20:10+03:00,0,"[""search_result_dom"",""product_detail_jsonld"",""product_detail_dom""]","{""title"":""observed"",""brand"":""observed"",""seller_name"":""observed"",""seller_score"":""observed"",""price"":""observed"",""original_price"":""unavailable"",""campaigns"":""observed"",""stock_status"":""observed"",""stock_signal"":""observed"",""rating"":""observed"",""rating_count"":""observed"",""review_count"":""observed"",""question_count"":""observed"",""delivery_summary"":""observed"",""shipping_cost"":""observed"",""properties"":""observed""}",true,
2026-08-14,2026-08-14T17:20:10+03:00,ev-yasam,BEST_SELLER,birlesik-ev-yasam,Trendyol seçili Ev & Yaşam kategorileri / En Çok Satan,76,4,76,76,1,,25.5,22,929808760,106777,Bella Maison Lemoncello Porselen Makarna Tabağı (27 cm),Bella Maison,Yemek Tabağı,https://www.trendyol.com/bella-maison/lemoncello-porselen-makarna-tabagi-27-cm-p-929808760?boutiqueId=61&merchantId=106777,Bella Maison,,386.99,,,,TRY,"[""Kargo Bedava""]",InStock,100 adetten fazla stok sunulmuştur,Son 3 günde 250+ ürün satıldı!,250,4.5,779,364,,20,"2,8B kişinin sepetinde","86,3B kişi favoriledi","Son 24 saatte 2,4B kişi görüntüledi",4999,TRY,0,3,1,6,Tahmini Teslim:,En Çok Satan 1. Ürün,https://cdn.dsmcdn.com/ty1824/prod/QC_ENRICHMENT/20260213/12/d07b9db1-cccf-3e03-819b-c24825b62c7b/1_org_zoom.jpg,"{""Materyal"":""Porselen"",""Parça Sayısı"":""1"",""Renk"":""Kahverengi"",""Boyut/Ebat"":""27 cm"",""Özellik"":""Belirtilmemiş"",""Tema / Stil"":""Belirtilmemiş"",""Şekil"":""Yuvarlak"",""Ürün Tipi"":""Servis Tabağı"",""Menşei"":""TR"",""Bakım Talimatları (Gıda Temas)"":""Ürünün kullanım ömrünü korumak için ürüne özel bakım talimatlarını takip ediniz.""}",20,5,refreshed,"[""daily_top""]",true,2026-08-14T17:20:10+03:00,0,"[""search_result_dom"",""product_detail_jsonld"",""product_detail_dom""]","{""title"":""observed"",""brand"":""observed"",""seller_name"":""observed"",""seller_score"":""unavailable"",""price"":""observed"",""original_price"":""unavailable"",""campaigns"":""observed"",""stock_status"":""observed"",""stock_signal"":""observed"",""rating"":""observed"",""rating_count"":""observed"",""review_count"":""observed"",""question_count"":""observed"",""delivery_summary"":""observed"",""shipping_cost"":""observed"",""properties"":""observed""}",true,
2026-08-14,2026-08-14T17:20:10+03:00,ev-yasam,BEST_SELLER,birlesik-ev-yasam,Trendyol seçili Ev & Yaşam kategorileri / En Çok Satan,77,4,77,77,,,31,16.5,1045038993,152772,Serstil 6'lı Çekmece Içi Düzenleyici Organizer Set - Çok Amaçlı Dolap Içi Kutu Seti - Pembe Benekli,Serstil,,https://www.trendyol.com/serstil/6-li-cekmece-ici-duzenleyici-organizer-set-cok-amacli-dolap-ici-kutu-seti-pembe-benekli-p-1045038993?boutiqueId=61&merchantId=152772,ESTİ,89,279.9,,,,TRY,"[""Kargo Bedava"",""Trendyol Plus'a Özel""]",InStock,100 adetten fazla stok sunulmuştur,Son 3 günde 250+ ürün satıldı!,250,4.4,1768,,,88,"4,2B kişinin sepetinde","123,6B kişi favoriledi","Son 24 saatte 2,4B kişi görüntüledi",,,0,,,,6 saat 36 dakika içinde sipariş verirsen en geç yarın kargoda!,En Çok Ziyaret Edilen 3. Ürün,,{},0,,refreshed,"[""daily_top""]",true,2026-08-14T17:20:10+03:00,0,"[""search_result_dom"",""product_detail_jsonld"",""product_detail_dom""]","{""title"":""observed"",""brand"":""observed"",""seller_name"":""observed"",""seller_score"":""observed"",""price"":""observed"",""original_price"":""unavailable"",""campaigns"":""observed"",""stock_status"":""observed"",""stock_signal"":""observed"",""rating"":""observed"",""rating_count"":""observed"",""review_count"":""unavailable"",""question_count"":""observed"",""delivery_summary"":""observed"",""shipping_cost"":""unavailable"",""properties"":""observed""}",true,
2026-08-14,2026-08-14T17:20:10+03:00,ev-yasam,BEST_SELLER,birlesik-ev-yasam,Trendyol seçili Ev & Yaşam kategorileri / En Çok Satan,78,4,78,78,3,,26.7,20.8,1057361019,958798,EJMEL JAKAR KUMAŞ Sandalye Kılıfı Büyük Oval Yıkanabilir Streç Lastikli kumaş Sandalye Örtüsü 1 Adet,EJMEL,,https://www.trendyol.com/ejmel/jakar-kumas-sandalye-kilifi-buyuk-oval-yikanabilir-strec-lastikli-kumas-sandalye-ortusu-1-adet-p-1057361019?boutiqueId=61&merchantId=958798,Arzu Home,92,129.65,,,,TRY,"[""Kargo Bedava""]",InStock,100 adetten fazla stok sunulmuştur,Son 3 günde 250+ ürün satıldı!,250,4.4,513,,,379,657 kişinin sepetinde,"19,7B kişi favoriledi",Son 24 saatte 477 kişi görüntüledi,,,0,,,,Tahmini Teslim:,En Çok Satan 3. Ürün,,{},0,,refreshed,"[""daily_top""]",true,2026-08-14T17:20:10+03:00,0,"[""search_result_dom"",""product_detail_jsonld"",""product_detail_dom""]","{""title"":""observed"",""brand"":""observed"",""seller_name"":""observed"",""seller_score"":""observed"",""price"":""observed"",""original_price"":""unavailable"",""campaigns"":""observed"",""stock_status"":""observed"",""stock_signal"":""observed"",""rating"":""observed"",""rating_count"":""observed"",""review_count"":""unavailable"",""question_count"":""observed"",""delivery_summary"":""observed"",""shipping_cost"":""unavailable"",""properties"":""observed""}",true,
2026-08-14,2026-08-14T17:20:10+03:00,ev-yasam,BEST_SELLER,birlesik-ev-yasam,Trendyol seçili Ev & Yaşam kategorileri / En Çok Satan,79,4,79,79,,,32.8,14.7,868009383,180667,Nandy Home 3 Adet Çekmece İçi Bıçaklık & Kaşıklık Organizer,Nandy Home,Kaşıklık,https://www.trendyol.com/nandy-home/3-adet-cekmece-ici-bicaklik-kasiklik-organizer-p-868009383?boutiqueId=61&merchantId=180667,Nandy Home,3,144.84,,,,TRY,"[""Kargo Bedava""]",InStock,100 adetten fazla stok sunulmuştur,Son 3 günde 250+ ürün satıldı!,250,4.7,5859,2994,,133,"1,9B kişinin sepetinde","142,9B kişi favoriledi","Son 24 saatte 1,1B kişi görüntüledi",4999,TRY,0,1,1,4,6 saat 36 dakika içinde sipariş verirsen en geç yarın kargoda!,En Çok Favorilenen 2. Ürün,https://cdn.dsmcdn.com/ty1590/prod/QC/20241021/12/cecdcb65-a0c6-3b6d-9ab0-f7f6c52d0bf0/1_org_zoom.jpg,"{""Materyal"":""Plastik"",""Boyut/Ebat"":""30 x 34"",""Renk"":""Beyaz"",""Bakım Talimatları (Gıda Temas)"":""Ürünün kullanım ömrünü korumak için ürüne özel bakım talimatlarını takip ediniz.""}",20,5,refreshed,"[""daily_top""]",true,2026-08-14T17:20:10+03:00,0,"[""search_result_dom"",""product_detail_jsonld"",""product_detail_dom""]","{""title"":""observed"",""brand"":""observed"",""seller_name"":""observed"",""seller_score"":""observed"",""price"":""observed"",""original_price"":""unavailable"",""campaigns"":""observed"",""stock_status"":""observed"",""stock_signal"":""observed"",""rating"":""observed"",""rating_count"":""observed"",""review_count"":""observed"",""question_count"":""observed"",""delivery_summary"":""observed"",""shipping_cost"":""observed"",""properties"":""observed""}",true,
2026-08-14,2026-08-14T17:20:10+03:00,ev-yasam,BEST_SELLER,birlesik-ev-yasam,Trendyol seçili Ev & Yaşam kategorileri / En Çok Satan,80,4,80,80,1,,43.9,13.6,982523847,1165280,Genel Markalar 2'li Modern Dekorasyon İçin Şık Beyaz Çizgili Seramik Çiçek Vazo 19cm - Minimal ve Zarif Vazo Modeli,Genel Markalar,,https://www.trendyol.com/genel-markalar/2-li-modern-dekorasyon-icin-sik-beyaz-cizgili-seramik-cicek-vazo-19cm-minimal-ve-zarif-vazo-modeli-p-982523847?boutiqueId=61&merchantId=1165280,Ritual House,91,108,120,10,,TRY,"[""Sepette %10 İndirim"",""Kargo Bedava""]",InStock,10 adetten fazla stok sunulmuştur,Son 3 günde 250+ ürün satıldı!,250,3.8,4063,,,600,"3,1B kişinin sepetinde","213,2B kişi favoriledi",Son 24 saatte 3B kişi görüntüledi,,,0,,,,6 saat 36 dakika içinde sipariş verirsen en geç yarın kargoda!,En Çok Satan 1. Ürün,,{},0,,refreshed,"[""daily_top""]",true,2026-08-14T17:20:10+03:00,0,"[""search_result_dom"",""product_detail_jsonld"",""product_detail_dom""]","{""title"":""observed"",""brand"":""observed"",""seller_name"":""observed"",""seller_score"":""observed"",""price"":""observed"",""original_price"":""observed"",""campaigns"":""observed"",""stock_status"":""observed"",""stock_signal"":""observed"",""rating"":""observed"",""rating_count"":""observed"",""review_count"":""unavailable"",""question_count"":""observed"",""delivery_summary"":""observed"",""shipping_cost"":""unavailable"",""properties"":""observed""}",true,
2026-08-14,2026-08-14T17:20:10+03:00,ev-yasam,BEST_SELLER,birlesik-ev-yasam,Trendyol seçili Ev & Yaşam kategorileri / En Çok Satan,81,4,81,81,2,,32,15.5,3130923,154765,TEFAL K1320404 Manual 900 ml Rondo [Siyah - Sarı] - 2100105212,TEFAL,El Rondosu,https://www.trendyol.com/tefal/k1320404-manual-900-ml-rondo-siyah-sari-2100105212-p-3130923?boutiqueId=61&merchantId=154765,SALMANLI,9,1172.77,,,,TRY,"[""Kargo Bedava"",""Sepette %10 İndirim"",""Peşin Fiyatına 3 Taksit"",""Son 10 Günün En Düşük Fiyatı""]",InStock,10 adetten fazla stok sunulmuştur,Son 3 günde 250+ ürün satıldı!,250,4.8,3982,2337,,503,"2,8B kişinin sepetinde","129,2B kişi favoriledi","Son 24 saatte 1,7B kişi görüntüledi",4999,TRY,0,1,1,4,6 saat 36 dakika içinde sipariş verirsen en geç yarın kargoda!,En Çok Satan 2. Ürün,https://cdn.dsmcdn.com/ty1894/prod/QC_ENRICHMENT/20260804/20/4011a2fd-5663-34b2-9f08-938442f79f9c/1_org_zoom.jpg,"{""Renk"":""Siyah"",""Menşei"":""DE"",""Bakım Talimatları (Gıda Temas)"":""Ürünün kullanım ömrünü korumak için ürüne özel bakım talimatlarını takip ediniz."",""Materyal"":""Plastik""}",20,5,refreshed,"[""daily_top""]",true,2026-08-14T17:20:10+03:00,0,"[""search_result_dom"",""product_detail_jsonld"",""product_detail_dom""]","{""title"":""observed"",""brand"":""observed"",""seller_name"":""observed"",""seller_score"":""observed"",""price"":""observed"",""original_price"":""unavailable"",""campaigns"":""observed"",""stock_status"":""observed"",""stock_signal"":""observed"",""rating"":""observed"",""rating_count"":""observed"",""review_count"":""observed"",""question_count"":""observed"",""delivery_summary"":""observed"",""shipping_cost"":""observed"",""properties"":""observed""}",true,
2026-08-14,2026-08-14T17:20:10+03:00,ev-yasam,BEST_SELLER,birlesik-ev-yasam,Trendyol seçili Ev & Yaşam kategorileri / En Çok Satan,82,4,82,82,,,29,18.5,967558906,244060,Metsar Home 20’li Set Şeffaf Ayakkabı Kutusu Erkek& Bayan– Ayakkabı Saklama Kutusu Düzenleyici Organizer,Metsar Home,Ayakkabı Düzenleyici,https://www.trendyol.com/metsar-home/20-li-set-seffaf-ayakkabi-kutusu-erkek-bayan-ayakkabi-saklama-kutusu-duzenleyici-organizer-p-967558906?boutiqueId=61&merchantId=244060,Metsar Home,20,921.5,,,,TRY,"[""Kargo Bedava"",""Son 10 Günün En Düşük Fiyatı"",""Trendyol Plus'a Özel""]",InStock,100 adetten fazla stok sunulmuştur,Son 3 günde 250+ ürün satıldı!,250,4.1,1932,1003,,122,"2,9B kişinin sepetinde","68,8B kişi favoriledi","Son 24 saatte 2,8B kişi görüntüledi",4999,TRY,0,1,1,4,Tahmini Teslim:,En Çok Ziyaret Edilen 1. Ürün,https://cdn.dsmcdn.com/ty1763/prod/QC_ENRICHMENT/20250924/22/1c7c221c-ca25-3f05-ac01-b58a971c734b/1_org_zoom.jpg,"{""Materyal"":""Plastik"",""Parça Sayısı"":""11-20"",""Renk"":""Beyaz"",""Menşei"":""TR""}",20,5,refreshed,"[""daily_top""]",true,2026-08-14T17:20:10+03:00,0,"[""search_result_dom"",""product_detail_jsonld"",""product_detail_dom""]","{""title"":""observed"",""brand"":""observed"",""seller_name"":""observed"",""seller_score"":""observed"",""price"":""observed"",""original_price"":""unavailable"",""campaigns"":""observed"",""stock_status"":""observed"",""stock_signal"":""observed"",""rating"":""observed"",""rating_count"":""observed"",""review_count"":""observed"",""question_count"":""observed"",""delivery_summary"":""observed"",""shipping_cost"":""observed"",""properties"":""observed""}",true,
2026-08-14,2026-08-14T17:20:10+03:00,ev-yasam,BEST_SELLER,birlesik-ev-yasam,Trendyol seçili Ev & Yaşam kategorileri / En Çok Satan,83,4,83,83,3,,34.5,13,50446232,165535,EFFE YAPI DEKOR Altın Metal Çerçeveli Ayaklı Boy Aynası 180x60 cm,EFFE YAPI DEKOR,Ayna,https://www.trendyol.com/effe-yapi-dekor/altin-metal-cerceveli-ayakli-boy-aynasi-180x60-cm-p-50446232?boutiqueId=61&merchantId=165535,Effe Yapi Dekor,85,1550,,,,TRY,"[""Kargo Bedava"",""Peşin Fiyatına 3 Taksit""]",InStock,100 adetten fazla stok sunulmuştur,Son 3 günde 250+ ürün satıldı!,250,4.8,8609,4874,,1122,"6,2B kişinin sepetinde","359,2B kişi favoriledi","Son 24 saatte 3,1B kişi görüntüledi",4999,TRY,0,12,1,15,Tahmini Teslim:,En Çok Satan 3. Ürün,https://cdn.dsmcdn.com/ty1613/prod/QC/20241209/11/101dfab8-76f7-399a-a974-0926fb7a7401/1_org_zoom.jpg,"{""Materyal"":""Metal"",""Renk"":""Altın"",""Şekil"":""Dikdörtgen"",""Çeşit"":""Ayaklı Boy Aynası""}",20,5,refreshed,"[""daily_top""]",true,2026-08-14T17:20:10+03:00,0,"[""search_result_dom"",""product_detail_jsonld"",""product_detail_dom""]","{""title"":""observed"",""brand"":""observed"",""seller_name"":""observed"",""seller_score"":""observed"",""price"":""observed"",""original_price"":""unavailable"",""campaigns"":""observed"",""stock_status"":""observed"",""stock_signal"":""observed"",""rating"":""observed"",""rating_count"":""observed"",""review_count"":""observed"",""question_count"":""observed"",""delivery_summary"":""observed"",""shipping_cost"":""observed"",""properties"":""observed""}",true,
2026-08-14,2026-08-14T17:20:10+03:00,ev-yasam,BEST_SELLER,birlesik-ev-yasam,Trendyol seçili Ev & Yaşam kategorileri / En Çok Satan,84,4,84,84,1,,25.8,21.7,1055252680,716966,Dream Time 2 Adet Bambu Lüks Sıvı Geçirmez Yastık Alezi | 50x70cm Su Geçirmez Jakarlı Yastık Alezi 2'li Set,Dream Time,Yastık Alezi,https://www.trendyol.com/dream-time/2-adet-bambu-luks-sivi-gecirmez-yastik-alezi-50x70cm-su-gecirmez-jakarli-yastik-alezi-2-li-set-p-1055252680?boutiqueId=61&merchantId=716966,Dream Time,2,249.9,,,,TRY,"[""Kargo Bedava"",""Trendyol Plus'a Özel""]",InStock,100 adetten fazla stok sunulmuştur,Son 3 günde 250+ ürün satıldı!,250,4.4,915,395,,72,"1,9B kişinin sepetinde","22,6B kişi favoriledi",Son 24 saatte 985 kişi görüntüledi,4999,TRY,0,1,1,4,6 saat 36 dakika içinde sipariş verirsen en geç yarın kargoda!,En Çok Satan 1. Ürün,https://cdn.dsmcdn.com/ty1793/prod/QC_PREP/20251123/11/4efdd08b-cbe3-391d-9f88-62eb305ee035/1_org_zoom.jpg,"{""Materyal"":""Bambu + Polyester"",""Paket İçeriği"":""2'li"",""Boyut/Ebat"":""50 x 70"",""Renk"":""Beyaz"",""Özellik"":""Su Geçirmez"",""Materyal Bileşeni"":""Jakarlı Bambu Örme Kumaş"",""Yıkama Talimatı"":""https://cdn.dsmcdn.com/ty376/product/charts/carelabel/wash_at_30_delicate.jpg"",""Menşei"":""TR""}",20,5,refreshed,"[""daily_top""]",true,2026-08-14T17:20:10+03:00,0,"[""search_result_dom"",""product_detail_jsonld"",""product_detail_dom""]","{""title"":""observed"",""brand"":""observed"",""seller_name"":""observed"",""seller_score"":""observed"",""price"":""observed"",""original_price"":""unavailable"",""campaigns"":""observed"",""stock_status"":""observed"",""stock_signal"":""observed"",""rating"":""observed"",""rating_count"":""observed"",""review_count"":""observed"",""question_count"":""observed"",""delivery_summary"":""observed"",""shipping_cost"":""observed"",""properties"":""observed""}",true,
2026-08-14,2026-08-14T17:20:10+03:00,ev-yasam,BEST_SELLER,birlesik-ev-yasam,Trendyol seçili Ev & Yaşam kategorileri / En Çok Satan,85,4,85,85,4,,31.2,16.3,739257945,137544,Kitchen Beauty 6 Bölmeli Büyük Boy Silikon Buz Kalıbı Silikon Kare Buzluk Kokteyl Sunum Buz Kalıbı Et Suyu Saklama,Kitchen Beauty,Buz Kalıbı,https://www.trendyol.com/kitchen-beauty/6-bolmeli-buyuk-boy-silikon-buz-kalibi-silikon-kare-buzluk-kokteyl-sunum-buz-kalibi-et-suyu-saklama-p-739257945?boutiqueId=61&merchantId=137544,Eymen Ticaret,89,74.99,,,,TRY,"[""Kargo Bedava""]",InStock,100 adetten fazla stok sunulmuştur,Son 3 günde 250+ ürün satıldı!,250,4.3,3417,1858,,82,"1,4B kişinin sepetinde","75,3B kişi favoriledi",Son 24 saatte 354 kişi görüntüledi,4999,TRY,0,1,1,4,Tahmini Teslim:,En Çok Satan 4. Ürün,https://cdn.dsmcdn.com/ty1422/product/media/images/prod/QC/20240716/21/49618051-3aa7-3d54-9725-5799211f9d91/1_org_zoom.jpg,"{""Boyut/Ebat"":""36 x 50"",""Materyal"":""Silikon"",""Menşei"":""TR"",""Bakım Talimatları (Gıda Temas)"":""Ürünün kullanım ömrünü korumak için ürüne özel bakım talimatlarını takip ediniz.""}",20,5,refreshed,"[""daily_top""]",true,2026-08-14T17:20:10+03:00,0,"[""search_result_dom"",""product_detail_jsonld"",""product_detail_dom""]","{""title"":""observed"",""brand"":""observed"",""seller_name"":""observed"",""seller_score"":""observed"",""price"":""observed"",""original_price"":""unavailable"",""campaigns"":""observed"",""stock_status"":""observed"",""stock_signal"":""observed"",""rating"":""observed"",""rating_count"":""observed"",""review_count"":""observed"",""question_count"":""observed"",""delivery_summary"":""observed"",""shipping_cost"":""observed"",""properties"":""observed""}",true,
2026-08-14,2026-08-14T17:20:10+03:00,ev-yasam,BEST_SELLER,birlesik-ev-yasam,Trendyol seçili Ev & Yaşam kategorileri / En Çok Satan,86,4,86,86,1,,37,12.5,98119438,596436,TREND STOR PERDE Ekru Geniş Plise Etek Dilimli Zebra Stor Güneşlik Perde,TREND STOR PERDE,Stor Perde,https://www.trendyol.com/trend-stor-perde/ekru-genis-plise-etek-dilimli-zebra-stor-guneslik-perde-p-98119438?boutiqueId=61&merchantId=596436,Kidmex,91,484.99,,,,TRY,"[""Kargo Bedava""]",InStock,100 adetten fazla stok sunulmuştur,Son 3 günde 250+ ürün satıldı!,250,4.5,16691,10059,,5426,"4,1B kişinin sepetinde","133,4B kişi favoriledi","Son 24 saatte 1,6B kişi görüntüledi",4999,TRY,0,4,1,7,Tahmini Teslim:,En Çok Satan 1. Ürün,https://cdn.dsmcdn.com/ty1533/product/media/images/prod/QC/20240910/08/e5791e89-1bc3-3952-891b-c39b8d21d4c0/1_org_zoom.jpg,"{""Tip"":""Zebra"",""Renk"":""Ekru"",""Materyal"":""Polyester"",""Desen"":""Düz"",""Işık Geçirgenliği"":""Oda Karanlığı"",""Yıkama Talimatı"":""T101"",""Materyal Bileşeni"":""70% Polyester ve, 30% pamuk bileşkesi"",""Menşei"":""TR""}",20,5,refreshed,"[""daily_top""]",true,2026-08-14T17:20:10+03:00,0,"[""search_result_dom"",""product_detail_jsonld"",""product_detail_dom""]","{""title"":""observed"",""brand"":""observed"",""seller_name"":""observed"",""seller_score"":""observed"",""price"":""observed"",""original_price"":""unavailable"",""campaigns"":""observed"",""stock_status"":""observed"",""stock_signal"":""observed"",""rating"":""observed"",""rating_count"":""observed"",""review_count"":""observed"",""question_count"":""observed"",""delivery_summary"":""observed"",""shipping_cost"":""observed"",""properties"":""observed""}",true,
2026-08-14,2026-08-14T17:20:10+03:00,ev-yasam,BEST_SELLER,birlesik-ev-yasam,Trendyol seçili Ev & Yaşam kategorileri / En Çok Satan,87,4,87,87,,,30.9,16.6,970756838,1011549,Spartek home textile 6'lı krem - Çekmece Dolap içi Düzenleyici Kutu,Spartek home textile,Dolap İçi Düzenleyici,https://www.trendyol.com/spartek-home-textile/6-li-krem-cekmece-dolap-ici-duzenleyici-kutu-p-970756838?boutiqueId=61&merchantId=1011549,Spartek home textile,6,189.9,,,,TRY,"[""Kargo Bedava"",""Trendyol Plus'a Özel""]",InStock,100 adetten fazla stok sunulmuştur,Son 3 günde 250+ ürün satıldı!,250,4.4,3504,1751,,118,"3,9B kişinin sepetinde","157,7B kişi favoriledi","Son 24 saatte 1,8B kişi görüntüledi",4999,TRY,0,1,1,4,Tahmini Teslim:,En Çok Ziyaret Edilen 5. Ürün,https://cdn.dsmcdn.com/ty1726/prod/QC_PREP/20250813/13/a9c61824-28f2-3b67-933d-6a26a70c5cd0/1_org_zoom.jpg,"{""Parça Sayısı"":""6"",""Materyal"":""Kumaş"",""Boyut/Ebat"":""28 x 28"",""Renk"":""Krem"",""Materyal Bileşeni"":""tgela kumaş dopppel karton"",""Menşei"":""TR""}",20,5,refreshed,"[""daily_top""]",true,2026-08-14T17:20:10+03:00,0,"[""search_result_dom"",""product_detail_jsonld"",""product_detail_dom""]","{""title"":""observed"",""brand"":""observed"",""seller_name"":""observed"",""seller_score"":""observed"",""price"":""observed"",""original_price"":""unavailable"",""campaigns"":""observed"",""stock_status"":""observed"",""stock_signal"":""observed"",""rating"":""observed"",""rating_count"":""observed"",""review_count"":""observed"",""question_count"":""observed"",""delivery_summary"":""observed"",""shipping_cost"":""observed"",""properties"":""observed""}",true,
2026-08-14,2026-08-14T17:20:10+03:00,ev-yasam,BEST_SELLER,birlesik-ev-yasam,Trendyol seçili Ev & Yaşam kategorileri / En Çok Satan,88,4,88,88,2,,16.3,31.2,1167354761,956809,"Neev Trend Sunum Tepsisi, Kalın Şeffaf Gövde, Zarif Mat Gold Paslanmaz Metal Kulplu, Koruyucu Ayaklı ( 1 Adet )",Neev,Tepsi,https://www.trendyol.com/neev/trend-sunum-tepsisi-kalin-seffaf-govde-zarif-mat-gold-paslanmaz-metal-kulplu-koruyucu-ayakli-1-adet-p-1167354761?boutiqueId=61&merchantId=956809,NEEV,94,189.56,,,,TRY,"[""Kargo Bedava"",""Trendyol Plus'a Özel""]",InStock,100 adetten fazla stok sunulmuştur,Son 3 günde 250+ ürün satıldı!,250,4.5,31,25,,8,798 kişinin sepetinde,2B kişi favoriledi,Son 24 saatte 935 kişi görüntüledi,4999,TRY,0,1,1,4,6 saat 35 dakika içinde sipariş verirsen en geç yarın kargoda!,En Çok Satan 2. Ürün,https://cdn.dsmcdn.com/ty1897/prod/QC_ENRICHMENT/20260801/20/26284607-f439-3533-8baf-8aa0f81e24b7/1_org_zoom.jpg,"{""Materyal"":""Plastik"",""Renk"":""Şeffaf"",""Boyut/Ebat"":""20 x 23"",""Parça Sayısı"":""1"",""Menşei"":""TR"",""Gıda Temas Sembolü"":""Hayır"",""Bakım Talimatları (Gıda Temas)"":""Elde yıkanmalıdır.""}",20,5,refreshed,"[""daily_top""]",true,2026-08-14T17:20:10+03:00,0,"[""search_result_dom"",""product_detail_jsonld"",""product_detail_dom""]","{""title"":""observed"",""brand"":""observed"",""seller_name"":""observed"",""seller_score"":""observed"",""price"":""observed"",""original_price"":""unavailable"",""campaigns"":""observed"",""stock_status"":""observed"",""stock_signal"":""observed"",""rating"":""observed"",""rating_count"":""observed"",""review_count"":""observed"",""question_count"":""observed"",""delivery_summary"":""observed"",""shipping_cost"":""observed"",""properties"":""observed""}",true,
2026-08-14,2026-08-14T17:20:10+03:00,ev-yasam,BEST_SELLER,birlesik-ev-yasam,Trendyol seçili Ev & Yaşam kategorileri / En Çok Satan,89,4,89,89,2,,29.8,17.7,859339207,628337,ESMİLA 10 Adet Kadın Ayakkabı Kutusu Şeffaf Ayakkabı Düzenleyici Organizer Hava Kanallı İstiflenebilir Kutu,ESMİLA,Ayakkabı Düzenleyici,https://www.trendyol.com/esmila/10-adet-kadin-ayakkabi-kutusu-seffaf-ayakkabi-duzenleyici-organizer-hava-kanalli-istiflenebilir-kutu-p-859339207?boutiqueId=61&merchantId=628337,ESMİLA home,91,393.93,,,,TRY,"[""Kargo Bedava""]",InStock,100 adetten fazla stok sunulmuştur,Son 3 günde 250+ ürün satıldı!,250,4.2,2280,1274,,242,"1,7B kişinin sepetinde","51,4B kişi favoriledi","Son 24 saatte 1,4B kişi görüntüledi",4999,TRY,0,1,1,4,Tahmini Teslim:,En Çok Satan 2. Ürün,https://cdn.dsmcdn.com/ty1833/prod/QC_ENRICHMENT/20260306/00/bbc32032-7f6e-324f-940d-89222db4d7cc/1_org_zoom.jpg,"{""Materyal"":""Plastik"",""Parça Sayısı"":""10"",""Renk"":""Turuncu"",""Menşei"":""TR""}",20,5,refreshed,"[""daily_top""]",true,2026-08-14T17:20:10+03:00,0,"[""search_result_dom"",""product_detail_jsonld"",""product_detail_dom""]","{""title"":""observed"",""brand"":""observed"",""seller_name"":""observed"",""seller_score"":""observed"",""price"":""observed"",""original_price"":""unavailable"",""campaigns"":""observed"",""stock_status"":""observed"",""stock_signal"":""observed"",""rating"":""observed"",""rating_count"":""observed"",""review_count"":""observed"",""question_count"":""observed"",""delivery_summary"":""observed"",""shipping_cost"":""observed"",""properties"":""observed""}",true,
2026-08-14,2026-08-14T17:20:10+03:00,ev-yasam,BEST_SELLER,birlesik-ev-yasam,Trendyol seçili Ev & Yaşam kategorileri / En Çok Satan,90,4,90,90,,,0,,1094841021,1042774,SENNORA Bohem Sandalye Kılıfı -Sırt Kısmı Arkası Tam Kaplama -Esnek Lastikli Yıkanabilir Yeni Ürün,SENNORA,,https://www.trendyol.com/sennora/bohem-sandalye-kilifi-sirt-kismi-arkasi-tam-kaplama-esnek-lastikli-yikanabilir-yeni-urun-p-1094841021?boutiqueId=61&merchantId=1042774,Sennora Home,92,133.75,,,,TRY,"[""Kargo Bedava""]",InStock,100 adetten fazla stok sunulmuştur,Son 3 günde 250+ ürün satıldı!,,,,,,,,,,,,0,,,,6 saat 35 dakika içinde sipariş verirsen en geç yarın kargoda!,En Çok Ziyaret Edilen 1. Ürün,,{},0,,refreshed,"[""daily_top""]",true,2026-08-14T17:20:10+03:00,0,"[""search_result_dom"",""product_detail_jsonld"",""product_detail_dom""]","{""title"":""observed"",""brand"":""observed"",""seller_name"":""observed"",""seller_score"":""observed"",""price"":""observed"",""original_price"":""unavailable"",""campaigns"":""observed"",""stock_status"":""observed"",""stock_signal"":""observed"",""rating"":""unavailable"",""rating_count"":""unavailable"",""review_count"":""unavailable"",""question_count"":""unavailable"",""delivery_summary"":""observed"",""shipping_cost"":""unavailable"",""properties"":""observed""}",true,
2026-08-14,2026-08-14T17:20:10+03:00,ev-yasam,BEST_SELLER,birlesik-ev-yasam,Trendyol seçili Ev & Yaşam kategorileri / En Çok Satan,91,4,91,91,,,43.6,14.4,448202121,596436,Kidmex Antrasit Plise Katlanır Cam Balkon Perdesi - Ofis Perdesi - Mutfak Perdesi - Salon Perdesi -,Kidmex,,https://www.trendyol.com/kidmex/antrasit-plise-katlanir-cam-balkon-perdesi-ofis-perdesi-mutfak-perdesi-salon-perdesi-p-448202121?boutiqueId=61&merchantId=596436,Kidmex,,424.99,474.99,10.5,,TRY,"[""Kargo Bedava""]",InStock,100 adetten fazla stok sunulmuştur,Son 3 günde 250+ ürün satıldı!,250,4.6,3299,,,1819,"2,6B kişinin sepetinde","109,8B kişi favoriledi","Son 24 saatte 2,5B kişi görüntüledi",,,0,,,,Tahmini Teslim:,,,{},0,,refreshed,"[""daily_top""]",true,2026-08-14T17:20:10+03:00,0,"[""search_result_dom"",""product_detail_jsonld"",""product_detail_dom""]","{""title"":""observed"",""brand"":""observed"",""seller_name"":""observed"",""seller_score"":""unavailable"",""price"":""observed"",""original_price"":""observed"",""campaigns"":""observed"",""stock_status"":""observed"",""stock_signal"":""observed"",""rating"":""observed"",""rating_count"":""observed"",""review_count"":""unavailable"",""question_count"":""observed"",""delivery_summary"":""observed"",""shipping_cost"":""unavailable"",""properties"":""observed""}",true,
2026-08-14,2026-08-14T17:20:10+03:00,ev-yasam,BEST_SELLER,birlesik-ev-yasam,Trendyol seçili Ev & Yaşam kategorileri / En Çok Satan,92,4,92,92,1,,35.3,12.5,48001460,246399,Genel Markalar Paslanmaz Çelik Kurabiye Helva Dondurma Servis Sunum Kaşığı,Genel Markalar,Çatal Kaşık Bıçak,https://www.trendyol.com/genel-markalar/paslanmaz-celik-kurabiye-helva-dondurma-servis-sunum-kasigi-p-48001460?boutiqueId=61&merchantId=246399,Koza Gift,88,113,,,,TRY,"[""Kargo Bedava""]",InStock,100 adetten fazla stok sunulmuştur,Son 3 günde 250+ ürün satıldı!,250,4.2,11010,6184,,265,"2,5B kişinin sepetinde","79,9B kişi favoriledi",Son 24 saatte 740 kişi görüntüledi,4999,TRY,0,1,1,4,Tahmini Teslim:,En Çok Satan 1. Ürün,https://cdn.dsmcdn.com/ty1538/product/media/images/prod/QC/20240911/15/9d0a5efa-0941-387b-a3ae-da8d204605cc/1_org_zoom.jpg,"{""Materyal"":""Çelik"",""Parça Sayısı"":""1 Parça"",""Renk"":""Gümüş"",""Kişi Sayısı"":""1 Kişilik"",""Ürün Tipi"":""Dondurma Kaşığı"",""Menşei"":""TR"",""Garanti Süresi"":""2 Yıl"",""Bakım Talimatları (Gıda Temas)"":""Gıda ile temas güvenlidir.""}",20,5,refreshed,"[""daily_top""]",true,2026-08-14T17:20:10+03:00,0,"[""search_result_dom"",""product_detail_jsonld"",""product_detail_dom""]","{""title"":""observed"",""brand"":""observed"",""seller_name"":""observed"",""seller_score"":""observed"",""price"":""observed"",""original_price"":""unavailable"",""campaigns"":""observed"",""stock_status"":""observed"",""stock_signal"":""observed"",""rating"":""observed"",""rating_count"":""observed"",""review_count"":""observed"",""question_count"":""observed"",""delivery_summary"":""observed"",""shipping_cost"":""observed"",""properties"":""observed""}",true,
2026-08-14,2026-08-14T17:20:10+03:00,ev-yasam,BEST_SELLER,birlesik-ev-yasam,Trendyol seçili Ev & Yaşam kategorileri / En Çok Satan,93,4,93,93,,,28.1,19.4,758832272,239163,"SUVAY %100 Pamuklu Sıvı Geçirmez Bebek Ve Çocuk Yatak Koruyucu Alez, Park Beşik, Kreş Anaokulu Alezi",SUVAY,Alez,https://www.trendyol.com/suvay/100-pamuklu-sivi-gecirmez-bebek-ve-cocuk-yatak-koruyucu-alez-park-besik-kres-anaokulu-alezi-p-758832272?boutiqueId=61&merchantId=239163,SUVAY,,153.7,,,,TRY,"[""Kargo Bedava""]",InStock,100 adetten fazla stok sunulmuştur,Son 3 günde 250+ ürün satıldı!,250,4.6,1764,766,,153,"1,2B kişinin sepetinde",28B kişi favoriledi,Son 24 saatte 781 kişi görüntüledi,4999,TRY,0,1,1,4,Tahmini Teslim:,,https://cdn.dsmcdn.com/ty1690/prod/QC_ENRICHMENT/20250605/00/a3a03927-ec82-32d8-9450-3d8249a74745/1_org_zoom.jpg,"{""Materyal"":""Pamuklu"",""Renk"":""Beyaz"",""Özellik"":""Su Geçirmez"",""Materyal Bileşeni"":""%50 Pamuk, %50 Polyester"",""Yıkama Talimatı"":""Type 1"",""Paket İçeriği"":""1'li"",""Menşei"":""TR""}",20,5,refreshed,"[""daily_top""]",true,2026-08-14T17:20:10+03:00,0,"[""search_result_dom"",""product_detail_jsonld"",""product_detail_dom""]","{""title"":""observed"",""brand"":""observed"",""seller_name"":""observed"",""seller_score"":""unavailable"",""price"":""observed"",""original_price"":""unavailable"",""campaigns"":""observed"",""stock_status"":""observed"",""stock_signal"":""observed"",""rating"":""observed"",""rating_count"":""observed"",""review_count"":""observed"",""question_count"":""observed"",""delivery_summary"":""observed"",""shipping_cost"":""observed"",""properties"":""observed""}",true,
2026-08-14,2026-08-14T17:20:10+03:00,ev-yasam,BEST_SELLER,birlesik-ev-yasam,Trendyol seçili Ev & Yaşam kategorileri / En Çok Satan,94,4,94,94,5,,24,23.5,1097414898,661551,Yapay Çiçek Deposu Yapay Olivea Zeytin Dalı Demeti 45 cm,Yapay Çiçek Deposu,Yapay Çiçek,https://www.trendyol.com/yapay-cicek-deposu/yapay-olivea-zeytin-dali-demeti-45-cm-p-1097414898?boutiqueId=61&merchantId=661551,Çiçekburada,93,199.98,,,,TRY,"[""Kargo Bedava""]",InStock,100 adetten fazla stok sunulmuştur,Son 3 günde 250+ ürün satıldı!,250,4.3,408,234,,35,"1,9B kişinin sepetinde",45B kişi favoriledi,Son 24 saatte 2B kişi görüntüledi,4999,TRY,0,1,1,4,Tahmini Teslim:,En Çok Satan 5. Ürün,https://cdn.dsmcdn.com/ty1821/prod/QC_PREP/20260205/15/8a7a0ca0-4206-3748-b784-697429daa557/1_org_zoom.jpg,"{""Renk"":""Yeşil"",""Yükseklik"":""31 - 45 cm"",""Çiçek Türü"":""Demet"",""Menşei"":""CN""}",20,5,refreshed,"[""daily_top""]",true,2026-08-14T17:20:10+03:00,0,"[""search_result_dom"",""product_detail_jsonld"",""product_detail_dom""]","{""title"":""observed"",""brand"":""observed"",""seller_name"":""observed"",""seller_score"":""observed"",""price"":""observed"",""original_price"":""unavailable"",""campaigns"":""observed"",""stock_status"":""observed"",""stock_signal"":""observed"",""rating"":""observed"",""rating_count"":""observed"",""review_count"":""observed"",""question_count"":""observed"",""delivery_summary"":""observed"",""shipping_cost"":""observed"",""properties"":""observed""}",true,
2026-08-14,2026-08-14T17:20:10+03:00,ev-yasam,BEST_SELLER,birlesik-ev-yasam,Trendyol seçili Ev & Yaşam kategorileri / En Çok Satan,95,4,95,95,3,,25.6,22.9,1153465941,984526,Galeriyo Şeffaf Kapaklı 360 Dönebilen Fırça Kozmetik Makyaj Düzenleyici Organizer Beyaz,Galeriyo,,https://www.trendyol.com/galeriyo/seffaf-kapakli-360-donebilen-firca-kozmetik-makyaj-duzenleyici-organizer-beyaz-p-1153465941?boutiqueId=61&merchantId=984526,Galeriyo,91,197.01,199,1,,TRY,"[""Sepette %1 İndirim"",""Kargo Bedava""]",InStock,100 adetten fazla stok sunulmuştur,Son 3 günde 250+ ürün satıldı!,250,4.4,278,,,16,"3,3B kişinin sepetinde","25,9B kişi favoriledi","Son 24 saatte 1,8B kişi görüntüledi",,,0,,,,Tahmini Teslim:,En Çok Satan 3. Ürün,,{},0,,refreshed,"[""daily_top""]",true,2026-08-14T17:20:10+03:00,0,"[""search_result_dom"",""product_detail_jsonld"",""product_detail_dom""]","{""title"":""observed"",""brand"":""observed"",""seller_name"":""observed"",""seller_score"":""observed"",""price"":""observed"",""original_price"":""observed"",""campaigns"":""observed"",""stock_status"":""observed"",""stock_signal"":""observed"",""rating"":""observed"",""rating_count"":""observed"",""review_count"":""unavailable"",""question_count"":""observed"",""delivery_summary"":""observed"",""shipping_cost"":""unavailable"",""properties"":""observed""}",true,
2026-08-14,2026-08-14T17:20:10+03:00,ev-yasam,BEST_SELLER,birlesik-ev-yasam,Trendyol seçili Ev & Yaşam kategorileri / En Çok Satan,96,4,96,96,2,,45.9,12.5,51738600,612,Madame Coco Klimalı Yastık - Beyaz/Açık Gri - 50x70 cm,Madame Coco,Yastık,https://www.trendyol.com/madame-coco/klimali-yastik-beyaz-acik-gri-50x70-cm-p-51738600?boutiqueId=61&merchantId=612,Madame Coco,,359.99,399.99,10,,TRY,"[""Sepette %10 İndirim"",""Kargo Bedava""]",InStock,100 adetten fazla stok sunulmuştur,Son 3 günde 250+ ürün satıldı!,250,4.4,18020,7206,,793,"4,1B kişinin sepetinde",294B kişi favoriledi,"Son 24 saatte 1,7B kişi görüntüledi",4999,TRY,0,3,1,6,Tahmini Teslim:,En Çok Satan 2. Ürün,https://cdn.dsmcdn.com/ty1796/prod/QC_ENRICHMENT/20251202/13/1bf177cc-594f-3755-b87a-7e2ad18b71a6/1_org_zoom.jpg,"{""Boyut/Ebat"":""50 x 70"",""Dış Materyal"":""Mikrofiber"",""Dolgu Materyali"":""Silikon"",""Renk"":""Çok Renkli"",""Özellik"":""Antibakteriyel"",""Ağırlık"":""650 + gr"",""Materyal Bileşeni"":""Kumaş 100 Polyester Dolgu 100 Polyester"",""Yıkama Talimatı"":""<p><strong>Yıkama Talimatları: <br></strong>*30 Derecede yıkayınız. <br>*Ütülemeyiniz. <br>*Ağartıcı kullanmayınız. <br>*Makine kurutma yapmayınız. <br>*Kuru temizleme yapılamaz.<br></p>"",""Menşei"":""TR""}",20,5,refreshed,"[""daily_top""]",true,2026-08-14T17:20:10+03:00,0,"[""search_result_dom"",""product_detail_jsonld"",""product_detail_dom""]","{""title"":""observed"",""brand"":""observed"",""seller_name"":""observed"",""seller_score"":""unavailable"",""price"":""observed"",""original_price"":""observed"",""campaigns"":""observed"",""stock_status"":""observed"",""stock_signal"":""observed"",""rating"":""observed"",""rating_count"":""observed"",""review_count"":""observed"",""question_count"":""observed"",""delivery_summary"":""observed"",""shipping_cost"":""observed"",""properties"":""observed""}",true,
2026-08-14,2026-08-14T17:20:10+03:00,ev-yasam,BEST_SELLER,birlesik-ev-yasam,Trendyol seçili Ev & Yaşam kategorileri / En Çok Satan,97,5,97,97,,,16,31.5,1164493499,717949,BASHTUGH TİCARET Bohem Sandalye Örtüsü Arkası Tam Kaplama Yıkanabilir Esnek Lastikli Mutfak Sandalye Kılıfı Alt Üst 2Parça Takım Chair Cover,BASHTUGH TİCARET,,https://www.trendyol.com/bashtugh-ticaret/bohem-sandalye-ortusu-arkasi-tam-kaplama-yikanabilir-esnek-lastikli-mutfak-sandalye-kilifi-alt-ust-2parca-takim-chair-cover-p-1164493499?boutiqueId=61&merchantId=717949,BASHTUGH TİCARET,88,129,,,,TRY,"[""Kargo Bedava""]",InStock,100 adetten fazla stok sunulmuştur,Son 3 günde 250+ ürün satıldı!,250,4.3,23,,,41,691 kişinin sepetinde,"2,1B kişi favoriledi",Son 24 saatte 893 kişi görüntüledi,,,0,,,,Tahmini Teslim:,En Çok Ziyaret Edilen 2. Ürün,,{},0,,refreshed,"[""daily_top""]",true,2026-08-14T17:20:10+03:00,0,"[""search_result_dom"",""product_detail_jsonld"",""product_detail_dom""]","{""title"":""observed"",""brand"":""observed"",""seller_name"":""observed"",""seller_score"":""observed"",""price"":""observed"",""original_price"":""unavailable"",""campaigns"":""observed"",""stock_status"":""observed"",""stock_signal"":""observed"",""rating"":""observed"",""rating_count"":""observed"",""review_count"":""unavailable"",""question_count"":""observed"",""delivery_summary"":""observed"",""shipping_cost"":""unavailable"",""properties"":""observed""}",true,
2026-08-14,2026-08-14T17:20:10+03:00,ev-yasam,BEST_SELLER,birlesik-ev-yasam,Trendyol seçili Ev & Yaşam kategorileri / En Çok Satan,98,5,98,98,5,,29.7,17.8,797264329,652389,"KARTEYA 10 lu Güçlü Kendinden Yapışkanlı Kancalar Köşe Rafı Banyo Rafı Duş Rafı Kancası, Su Geçirmez Askı",KARTEYA,Banyo Askısı,https://www.trendyol.com/karteya/10-lu-guclu-kendinden-yapiskanli-kancalar-kose-rafi-banyo-rafi-dus-rafi-kancasi-su-gecirmez-aski-p-797264329?boutiqueId=61&merchantId=652389,EYA Grup,91,66.67,,,,TRY,"[""Kargo Bedava"",""Trendyol Plus'a Özel""]",InStock,100 adetten fazla stok sunulmuştur,Son 3 günde 250+ ürün satıldı!,250,4.5,2526,1210,,115,1B kişinin sepetinde,"20,4B kişi favoriledi",Son 24 saatte 485 kişi görüntüledi,4999,TRY,0,1,1,4,6 saat 35 dakika içinde sipariş verirsen en geç yarın kargoda!,En Çok Satan 5. Ürün,https://cdn.dsmcdn.com/ty1660/prod/QC/20250407/20/58fcc7d3-3528-300e-bbe3-3dcee79a1563/1_org_zoom.jpg,"{""Renk"":""Çok Renkli"",""Tip"":""Askı Seti"",""Diğer Özellikler"":""Sihirli yapışkanı görseldeki kullanım talimatına uygun yapıştırınız."",""Menşei"":""TR"",""Bakım Talimatları (Genel)"":""Nemli bir bezle silin.""}",20,5,refreshed,"[""daily_top""]",true,2026-08-14T17:20:10+03:00,0,"[""search_result_dom"",""product_detail_jsonld"",""product_detail_dom""]","{""title"":""observed"",""brand"":""observed"",""seller_name"":""observed"",""seller_score"":""observed"",""price"":""observed"",""original_price"":""unavailable"",""campaigns"":""observed"",""stock_status"":""observed"",""stock_signal"":""observed"",""rating"":""observed"",""rating_count"":""observed"",""review_count"":""observed"",""question_count"":""observed"",""delivery_summary"":""observed"",""shipping_cost"":""observed"",""properties"":""observed""}",true,
2026-08-14,2026-08-14T17:20:10+03:00,ev-yasam,BEST_SELLER,birlesik-ev-yasam,Trendyol seçili Ev & Yaşam kategorileri / En Çok Satan,99,5,99,99,,,25.4,22.1,1035480304,1162000,EVONİTA Katlanabilir Çamaşır Leğeni 25 Lt Akordiyon Katlanır Sepet Yer Kaplamaz Pratik Banyo Düzenleyici,EVONİTA,,https://www.trendyol.com/evonita/katlanabilir-camasir-legeni-25-lt-akordiyon-katlanir-sepet-yer-kaplamaz-pratik-banyo-duzenleyici-p-1035480304?boutiqueId=61&merchantId=1162000,Evonita,88,295.49,,,,TRY,"[""Kargo Bedava""]",InStock,100 adetten fazla stok sunulmuştur,Son 3 günde 250+ ürün satıldı!,250,4.8,355,,,22,805 kişinin sepetinde,"9,4B kişi favoriledi",Son 24 saatte 874 kişi görüntüledi,,,0,,,,Tahmini Teslim:,,,{},0,,refreshed,"[""daily_top""]",true,2026-08-14T17:20:10+03:00,0,"[""search_result_dom"",""product_detail_jsonld"",""product_detail_dom""]","{""title"":""observed"",""brand"":""observed"",""seller_name"":""observed"",""seller_score"":""observed"",""price"":""observed"",""original_price"":""unavailable"",""campaigns"":""observed"",""stock_status"":""observed"",""stock_signal"":""observed"",""rating"":""observed"",""rating_count"":""observed"",""review_count"":""unavailable"",""question_count"":""observed"",""delivery_summary"":""observed"",""shipping_cost"":""unavailable"",""properties"":""observed""}",true,
2026-08-14,2026-08-14T17:20:10+03:00,ev-yasam,BEST_SELLER,birlesik-ev-yasam,Trendyol seçili Ev & Yaşam kategorileri / En Çok Satan,100,5,100,100,1,,30.3,17.2,868581639,106777,Bella Maison Marbella Cam Kesme Tahtası Ekru (35x25 cm),Bella Maison,Kesme Tahtası,https://www.trendyol.com/bella-maison/marbella-cam-kesme-tahtasi-ekru-35x25-cm-p-868581639?boutiqueId=61&merchantId=106777,Bella Maison,,315,,,,TRY,"[""Kargo Bedava"",""Trendyol Plus'a Özel""]",InStock,100 adetten fazla stok sunulmuştur,Son 3 günde 250+ ürün satıldı!,250,4.6,2708,1465,,65,"4,8B kişinin sepetinde","157,8B kişi favoriledi","Son 24 saatte 1,8B kişi görüntüledi",4999,TRY,0,3,1,6,Tahmini Teslim:,En Çok Satan 1. Ürün,https://cdn.dsmcdn.com/ty1858/prod/QC_ENRICHMENT/20260421/11/d26a1757-5577-320f-9be6-5bab0cfc86d2/1_org_zoom.jpg,"{""Boyut/Ebat"":""35 x 25"",""Materyal"":""Cam"",""Parça Sayısı"":""1 Parça"",""Renk"":""Ekru"",""Menşei"":""TR"",""Bakım Talimatları (Gıda Temas)"":""Ürünün kullanım ömrünü korumak için ürüne özel bakım talimatlarını takip ediniz."",""Gıda Temas Sembolü"":""Evet""}",20,5,refreshed,"[""daily_top""]",true,2026-08-14T17:20:10+03:00,0,"[""search_result_dom"",""product_detail_jsonld"",""product_detail_dom""]","{""title"":""observed"",""brand"":""observed"",""seller_name"":""observed"",""seller_score"":""unavailable"",""price"":""observed"",""original_price"":""unavailable"",""campaigns"":""observed"",""stock_status"":""observed"",""stock_signal"":""observed"",""rating"":""observed"",""rating_count"":""observed"",""review_count"":""observed"",""question_count"":""observed"",""delivery_summary"":""observed"",""shipping_cost"":""observed"",""properties"":""observed""}",true,
2026-08-14,2026-08-14T17:20:10+03:00,ev-yasam,BEST_SELLER,birlesik-ev-yasam,Trendyol seçili Ev & Yaşam kategorileri / En Çok Satan,101,5,101,101,,,33.7,13.8,748165402,652389,KARTEYA Yapışkanlı 4 lü Siyah Uzun Havluluk Rulo Havluluk Wc Tuvalet Kağıtlık Yuvarlak Havluluk Set,KARTEYA,Banyo Askısı,https://www.trendyol.com/karteya/yapiskanli-4-lu-siyah-uzun-havluluk-rulo-havluluk-wc-tuvalet-kagitlik-yuvarlak-havluluk-set-p-748165402?boutiqueId=61&merchantId=652389,EYA Grup,91,194.75,,,,TRY,"[""20 TL Kupon"",""Kargo Bedava"",""Trendyol Plus'a Özel""]",InStock,100 adetten fazla stok sunulmuştur,Son 3 günde 250+ ürün satıldı!,250,4.4,7115,3867,,511,"2,9B kişinin sepetinde","123,4B kişi favoriledi",Son 24 saatte 1B kişi görüntüledi,4999,TRY,0,1,1,4,6 saat 35 dakika içinde sipariş verirsen en geç yarın kargoda!,En Çok Ziyaret Edilen 1. Ürün,https://cdn.dsmcdn.com/ty1352/product/media/images/prod/QC/20240606/11/47b4ace1-563c-376c-9ba3-53b57086bf77/1_org_zoom.jpg,"{""Renk"":""Siyah"",""Tip"":""Havlu Askılığı"",""Diğer Özellikler"":""Çok amaçlı"",""Menşei"":""TR"",""Bakım Talimatları (Genel)"":""Ürünün kullanım ömrünü korumak için ürüne özel bakım talimatlarını takip ediniz.""}",20,5,refreshed,"[""daily_top""]",true,2026-08-14T17:20:10+03:00,0,"[""search_result_dom"",""product_detail_jsonld"",""product_detail_dom""]","{""title"":""observed"",""brand"":""observed"",""seller_name"":""observed"",""seller_score"":""observed"",""price"":""observed"",""original_price"":""unavailable"",""campaigns"":""observed"",""stock_status"":""observed"",""stock_signal"":""observed"",""rating"":""observed"",""rating_count"":""observed"",""review_count"":""observed"",""question_count"":""observed"",""delivery_summary"":""observed"",""shipping_cost"":""observed"",""properties"":""observed""}",true,
2026-08-14,2026-08-14T17:20:10+03:00,ev-yasam,BEST_SELLER,birlesik-ev-yasam,Trendyol seçili Ev & Yaşam kategorileri / En Çok Satan,102,5,102,102,7,,27.6,19.9,846368456,858465,ARVALE 1 Adet Çift Taraflı Yapışkanlı Geçmeli Klips Eşya Sabitleme Askısı Şeffaf Duvar Kancası,ARVALE,Askı,https://www.trendyol.com/arvale/1-adet-cift-tarafli-yapiskanli-gecmeli-klips-esya-sabitleme-askisi-seffaf-duvar-kancasi-p-846368456?boutiqueId=61&merchantId=858465,ARVALE,1,19.99,,,,TRY,"[""Kargo Bedava""]",InStock,100 adetten fazla stok sunulmuştur,Son 3 günde 250+ ürün satıldı!,250,4,1349,659,,102,451 kişinin sepetinde,"35,2B kişi favoriledi",,4999,TRY,0,1,1,4,Tahmini Teslim:,En Çok Satan 7. Ürün,https://cdn.dsmcdn.com/ty1843/prod/QC_ENRICHMENT/20260324/10/776e14c3-c3fd-3db1-b2d9-0eb04fe7e4c7/1_org_zoom.jpg,"{""Materyal"":""Plastik"",""Parça Sayısı"":""1"",""Renk"":""Turuncu"",""Kullanım Türü"":""Elbise"",""Menşei"":""CN""}",20,5,refreshed,"[""daily_top""]",true,2026-08-14T17:20:10+03:00,0,"[""search_result_dom"",""product_detail_jsonld"",""product_detail_dom""]","{""title"":""observed"",""brand"":""observed"",""seller_name"":""observed"",""seller_score"":""observed"",""price"":""observed"",""original_price"":""unavailable"",""campaigns"":""observed"",""stock_status"":""observed"",""stock_signal"":""observed"",""rating"":""observed"",""rating_count"":""observed"",""review_count"":""observed"",""question_count"":""observed"",""delivery_summary"":""observed"",""shipping_cost"":""observed"",""properties"":""observed""}",true,
2026-08-14,2026-08-14T17:20:10+03:00,ev-yasam,BEST_SELLER,birlesik-ev-yasam,Trendyol seçili Ev & Yaşam kategorileri / En Çok Satan,103,5,103,103,,,17.9,29.6,1087972788,638780,BEYZANA 10 Adet Güçlü Kendinden Yapışkanlı Raf Çerçeve Tutucu Kanca Askı,BEYZANA,Banyo Askısı,https://www.trendyol.com/beyzana/10-adet-guclu-kendinden-yapiskanli-raf-cerceve-tutucu-kanca-aski-p-1087972788?boutiqueId=61&merchantId=638780,BEYZANA,10,32.98,,,,TRY,"[""Kargo Bedava""]",InStock,100 adetten fazla stok sunulmuştur,Son 3 günde 250+ ürün satıldı!,250,4,116,40,,11,631 kişinin sepetinde,"5,2B kişi favoriledi",,4999,TRY,0,1,1,4,6 saat 35 dakika içinde sipariş verirsen en geç yarın kargoda!,,https://cdn.dsmcdn.com/ty1829/prod/QC_ENRICHMENT/20260217/00/410c7f2c-5fca-3be7-8ca7-b7f264818349/1_org_zoom.jpg,"{""Renk"":""Beyaz"",""Menşei"":""CN""}",20,5,refreshed,"[""daily_top""]",true,2026-08-14T17:20:10+03:00,0,"[""search_result_dom"",""product_detail_jsonld"",""product_detail_dom""]","{""title"":""observed"",""brand"":""observed"",""seller_name"":""observed"",""seller_score"":""observed"",""price"":""observed"",""original_price"":""unavailable"",""campaigns"":""observed"",""stock_status"":""observed"",""stock_signal"":""observed"",""rating"":""observed"",""rating_count"":""observed"",""review_count"":""observed"",""question_count"":""observed"",""delivery_summary"":""observed"",""shipping_cost"":""observed"",""properties"":""observed""}",true,
2026-08-14,2026-08-14T17:20:10+03:00,ev-yasam,BEST_SELLER,birlesik-ev-yasam,Trendyol seçili Ev & Yaşam kategorileri / En Çok Satan,104,5,104,104,,,27.4,20.1,901523612,779,"HERA CONCEPT 4 ADET Lüks Dolap Düzenleyici, Raf Düzenleyici, Katlanabilir Kıyafet Saklama Kutusu-45 cmx30 cmx20cm",HERA CONCEPT,Dolap İçi Düzenleyici,https://www.trendyol.com/hera-concept/4-adet-luks-dolap-duzenleyici-raf-duzenleyici-katlanabilir-kiyafet-saklama-kutusu-45-cmx30-cmx20cm-p-901523612?boutiqueId=61&merchantId=779,She Berrak,93,313.4,,,,TRY,"[""Kargo Bedava"",""Trendyol Plus'a Özel""]",InStock,100 adetten fazla stok sunulmuştur,Son 3 günde 250+ ürün satıldı!,250,4.4,1378,622,,68,2B kişinin sepetinde,"63,8B kişi favoriledi","Son 24 saatte 1,9B kişi görüntüledi",4999,TRY,0,1,1,4,Tahmini Teslim:,En Çok Ziyaret Edilen 4. Ürün,https://cdn.dsmcdn.com/ty1924/prod/QC_ENRICHMENT/20260721/01/bdbe2616-dbaa-3006-bfa0-0dfe1c482f10/1_org_zoom.jpg,"{""Parça Sayısı"":""4"",""Materyal"":""Kumaş"",""Boyut/Ebat"":""40 x 30"",""Renk"":""Gri"",""Menşei"":""TR""}",20,5,refreshed,"[""daily_top""]",true,2026-08-14T17:20:10+03:00,0,"[""search_result_dom"",""product_detail_jsonld"",""product_detail_dom""]","{""title"":""observed"",""brand"":""observed"",""seller_name"":""observed"",""seller_score"":""observed"",""price"":""observed"",""original_price"":""unavailable"",""campaigns"":""observed"",""stock_status"":""observed"",""stock_signal"":""observed"",""rating"":""observed"",""rating_count"":""observed"",""review_count"":""observed"",""question_count"":""observed"",""delivery_summary"":""observed"",""shipping_cost"":""observed"",""properties"":""observed""}",true,
2026-08-14,2026-08-14T17:20:10+03:00,ev-yasam,BEST_SELLER,birlesik-ev-yasam,Trendyol seçili Ev & Yaşam kategorileri / En Çok Satan,105,5,105,105,1,,28.3,19.2,1046634886,350340,"Wellstil Nuvé | %100 Pamuk Tül Runner, Bohem, Düğün Nişan Organizasyon Masa Örtüsü 90 x 200 cm Bej",Wellstil,,https://www.trendyol.com/wellstil/nuve-100-pamuk-tul-runner-bohem-dugun-nisan-organizasyon-masa-ortusu-90-x-200-cm-bej-p-1046634886?boutiqueId=61&merchantId=350340,Wellstil,,299.9,,,,TRY,"[""Kargo Bedava"",""Trendyol Plus'a Özel""]",InStock,100 adetten fazla stok sunulmuştur,Son 3 günde 250+ ürün satıldı!,250,4.7,817,,,78,2B kişinin sepetinde,"71,8B kişi favoriledi","Son 24 saatte 1,3B kişi görüntüledi",,,0,,,,6 saat 35 dakika içinde sipariş verirsen en geç yarın kargoda!,En Çok Satan 1. Ürün,,{},0,,refreshed,"[""daily_top""]",true,2026-08-14T17:20:10+03:00,0,"[""search_result_dom"",""product_detail_jsonld"",""product_detail_dom""]","{""title"":""observed"",""brand"":""observed"",""seller_name"":""observed"",""seller_score"":""unavailable"",""price"":""observed"",""original_price"":""unavailable"",""campaigns"":""observed"",""stock_status"":""observed"",""stock_signal"":""observed"",""rating"":""observed"",""rating_count"":""observed"",""review_count"":""unavailable"",""question_count"":""observed"",""delivery_summary"":""observed"",""shipping_cost"":""unavailable"",""properties"":""observed""}",true,
2026-08-14,2026-08-14T17:20:10+03:00,ev-yasam,BEST_SELLER,birlesik-ev-yasam,Trendyol seçili Ev & Yaşam kategorileri / En Çok Satan,106,5,106,106,,,35.1,12.5,170614230,112570,Bino Banyo Kozmetik Takı Düzenleyici Çok Amaçlı Organizer 2 Katlı Servis Sunum Tepsisi Ikramlık Gold,Bino,Makyaj Organizerı,https://www.trendyol.com/bino/banyo-kozmetik-taki-duzenleyici-cok-amacli-organizer-2-katli-servis-sunum-tepsisi-ikramlik-gold-p-170614230?boutiqueId=61&merchantId=112570,Bino Home,88,399.74,,,,TRY,"[""Kargo Bedava""]",InStock,100 adetten fazla stok sunulmuştur,Son 3 günde 250+ ürün satıldı!,250,4.7,10265,5757,,662,"2,6B kişinin sepetinde","334,7B kişi favoriledi","Son 24 saatte 2,2B kişi görüntüledi",4999,TRY,0,1,1,4,6 saat 35 dakika içinde sipariş verirsen en geç yarın kargoda!,,https://cdn.dsmcdn.com/ty214/product/media/images/20211028/15/158766855/278462727/2/2_org_zoom.jpg,"{""Parça Sayısı"":""2"",""Materyal"":""Metal"",""Renk"":""Altın"",""Menşei"":""UM"",""Bölme Sayısı"":""2""}",20,5,refreshed,"[""daily_top""]",true,2026-08-14T17:20:10+03:00,0,"[""search_result_dom"",""product_detail_jsonld"",""product_detail_dom""]","{""title"":""observed"",""brand"":""observed"",""seller_name"":""observed"",""seller_score"":""observed"",""price"":""observed"",""original_price"":""unavailable"",""campaigns"":""observed"",""stock_status"":""observed"",""stock_signal"":""observed"",""rating"":""observed"",""rating_count"":""observed"",""review_count"":""observed"",""question_count"":""observed"",""delivery_summary"":""observed"",""shipping_cost"":""observed"",""properties"":""observed""}",true,
2026-08-14,2026-08-14T17:20:10+03:00,ev-yasam,BEST_SELLER,birlesik-ev-yasam,Trendyol seçili Ev & Yaşam kategorileri / En Çok Satan,107,5,107,107,1,,13.3,34.2,1156808324,1117275,DGM YAPI DOLAP İÇİNE SUNTALAM RAF ÖLÇÜYE GÖRE KESİM YAPILIR,DGM YAPI,Duvar Rafı,https://www.trendyol.com/dgm-yapi/dolap-icine-suntalam-raf-olcuye-gore-kesim-yapilir-p-1156808324?boutiqueId=61&merchantId=1117275,DGM YAPI,98,50,,,,TRY,"[""Kargo Bedava""]",InStock,Son 2 Ürün,Son 3 günde 250+ ürün satıldı!,250,5,13,10,,155,570 kişinin sepetinde,"2,9B kişi favoriledi",,4999,TRY,0,4,1,7,Tahmini Teslim:,En Çok Satan 1. Ürün,https://cdn.dsmcdn.com/ty1929/prod/QC_PREP/20260615/23/6f0e1c2d-f5be-3a53-a831-e83691c568db/1_org_zoom.jpg,"{""Renk"":""Beyaz"",""Materyal"":""Suntalam"",""Derinlik"":""7 cm"",""Genişlik"":""7 cm"",""Stil"":""Modern"",""Tema / Stil"":""Modern"",""Menşei"":""TR""}",10,5,refreshed,"[""daily_top""]",true,2026-08-14T17:20:10+03:00,0,"[""search_result_dom"",""product_detail_jsonld"",""product_detail_dom""]","{""title"":""observed"",""brand"":""observed"",""seller_name"":""observed"",""seller_score"":""observed"",""price"":""observed"",""original_price"":""unavailable"",""campaigns"":""observed"",""stock_status"":""observed"",""stock_signal"":""observed"",""rating"":""observed"",""rating_count"":""observed"",""review_count"":""observed"",""question_count"":""observed"",""delivery_summary"":""observed"",""shipping_cost"":""observed"",""properties"":""observed""}",true,
2026-08-14,2026-08-14T17:20:10+03:00,ev-yasam,BEST_SELLER,birlesik-ev-yasam,Trendyol seçili Ev & Yaşam kategorileri / En Çok Satan,108,5,108,108,2,,26.7,20.8,1120650661,639472,VOPTEKS Siyah Halı Salon Halısı Makinede Yıkanabilir Kaymaz Taban Halı,VOPTEKS,Halı,https://www.trendyol.com/vopteks/siyah-hali-salon-halisi-makinede-yikanabilir-kaymaz-taban-hali-p-1120650661?boutiqueId=61&merchantId=639472,VOPTEKS,,32.59,,,,TRY,"[""Sepette %30 İndirim"",""Kargo Bedava"",""Trendyol Plus'a Özel""]",InStock,100 adetten fazla stok sunulmuştur,Son 3 günde 250+ ürün satıldı!,250,4.3,963,509,,296,"6,2B kişinin sepetinde","58,6B kişi favoriledi",Son 24 saatte 3B kişi görüntüledi,4999,TRY,0,4,1,7,Tahmini Teslim:,En Çok Satan 2. Ürün,https://cdn.dsmcdn.com/ty1905/prod/QC_ENRICHMENT/20260428/11/67015f88-5041-3d23-926d-973fa6a9836a/1_org_zoom.jpg,"{""Özellik"":""Yıkanabilir"",""Materyal"":""Polyester"",""Tema / Stil"":""Çizgili"",""Renk"":""Gri"",""Üretim Şekli"":""Dijital Baskı"",""Taban"":""Dot"",""Şekil"":""Dikdörtgen"",""Hav Yüksekliği"":""Orta (6 - 12 mm)"",""Kullanım Alanı"":""Salon / Oturma Odası"",""Saçak Tipi"":""Saçaksız (Overlok)"",""Menşei"":""TR""}",20,5,refreshed,"[""daily_top""]",true,2026-08-14T17:20:10+03:00,0,"[""search_result_dom"",""product_detail_jsonld"",""product_detail_dom""]","{""title"":""observed"",""brand"":""observed"",""seller_name"":""observed"",""seller_score"":""unavailable"",""price"":""observed"",""original_price"":""unavailable"",""campaigns"":""observed"",""stock_status"":""observed"",""stock_signal"":""observed"",""rating"":""observed"",""rating_count"":""observed"",""review_count"":""observed"",""question_count"":""observed"",""delivery_summary"":""observed"",""shipping_cost"":""observed"",""properties"":""observed""}",true,
2026-08-14,2026-08-14T17:20:10+03:00,ev-yasam,BEST_SELLER,birlesik-ev-yasam,Trendyol seçili Ev & Yaşam kategorileri / En Çok Satan,109,5,109,109,1,,24.7,22.8,933924241,1007142,"Calmera Çizgili Peştemal | Pamuk - Doğal Saçaklı | Plaj, Havuz, Spa, Sauna, Spor, Seyahat Havlusu - Bej",Calmera,,https://www.trendyol.com/calmera/cizgili-pestemal-pamuk-dogal-sacakli-plaj-havuz-spa-sauna-spor-seyahat-havlusu-bej-p-933924241?boutiqueId=61&merchantId=1007142,CALMERA,92,199.9,,,,TRY,"[""Kargo Bedava""]",InStock,100 adetten fazla stok sunulmuştur,Son 3 günde 250+ ürün satıldı!,250,4.5,285,,,19,"2,1B kişinin sepetinde","23,8B kişi favoriledi","Son 24 saatte 1,4B kişi görüntüledi",,,0,,,,Tahmini Teslim:,En Çok Satan 1. Ürün,,{},0,,refreshed,"[""daily_top""]",true,2026-08-14T17:20:10+03:00,0,"[""search_result_dom"",""product_detail_jsonld"",""product_detail_dom""]","{""title"":""observed"",""brand"":""observed"",""seller_name"":""observed"",""seller_score"":""observed"",""price"":""observed"",""original_price"":""unavailable"",""campaigns"":""observed"",""stock_status"":""observed"",""stock_signal"":""observed"",""rating"":""observed"",""rating_count"":""observed"",""review_count"":""unavailable"",""question_count"":""observed"",""delivery_summary"":""observed"",""shipping_cost"":""unavailable"",""properties"":""observed""}",true,
2026-08-14,2026-08-14T17:20:10+03:00,ev-yasam,BEST_SELLER,birlesik-ev-yasam,Trendyol seçili Ev & Yaşam kategorileri / En Çok Satan,110,5,110,110,2,,24.6,22.9,97869312,246399,Genel Markalar Metal Paslanmaz Çelik Chopstick Çin Çubuğu,Genel Markalar,Çatal Kaşık Bıçak,https://www.trendyol.com/genel-markalar/metal-paslanmaz-celik-chopstick-cin-cubugu-p-97869312?boutiqueId=61&merchantId=246399,Koza Gift,88,19,,,,TRY,"[""Kargo Bedava""]",InStock,100 adetten fazla stok sunulmuştur,Son 3 günde 250+ ürün satıldı!,250,4,527,277,,78,"1,1B kişinin sepetinde","19,6B kişi favoriledi",Son 24 saatte 381 kişi görüntüledi,4999,TRY,0,1,1,4,Tahmini Teslim:,En Çok Satan 2. Ürün,https://cdn.dsmcdn.com/ty1547/product/media/images/ty1545/prod/QC/20240914/22/49298641-7f76-31b4-8457-f2d7f71648e0/1_org_zoom.jpg,"{""Materyal"":""Paslanmaz Çelik"",""Parça Sayısı"":""1"",""Renk"":""Gri"",""Kişi Sayısı"":""1 Kişilik"",""Ürün Tipi"":""Bıçak Seti"",""Menşei"":""CN"",""Garanti Süresi"":""1 Yıl"",""Bakım Talimatları (Gıda Temas)"":""Ürünün kullanım ömrünü korumak için ürüne özel bakım talimatlarını takip ediniz.""}",20,5,refreshed,"[""daily_top""]",true,2026-08-14T17:20:10+03:00,0,"[""search_result_dom"",""product_detail_jsonld"",""product_detail_dom""]","{""title"":""observed"",""brand"":""observed"",""seller_name"":""observed"",""seller_score"":""observed"",""price"":""observed"",""original_price"":""unavailable"",""campaigns"":""observed"",""stock_status"":""observed"",""stock_signal"":""observed"",""rating"":""observed"",""rating_count"":""observed"",""review_count"":""observed"",""question_count"":""observed"",""delivery_summary"":""observed"",""shipping_cost"":""observed"",""properties"":""observed""}",true,
2026-08-14,2026-08-14T17:20:10+03:00,ev-yasam,BEST_SELLER,birlesik-ev-yasam,Trendyol seçili Ev & Yaşam kategorileri / En Çok Satan,111,5,111,111,1,,37.9,14.6,822732508,433925,"Vayomy Şarjlı Otomatik Damacana Su Pompası 1200 Mah Bataryalı (BPA IÇERMEZ ,CE BELGELİDİR)",Vayomy,,https://www.trendyol.com/vayomy/sarjli-otomatik-damacana-su-pompasi-1200-mah-bataryali-bpa-icermez-ce-belgelidir-p-822732508?boutiqueId=61&merchantId=433925,Meriç Mağazacılık,86,294.5,310,5,,TRY,"[""Sepette %5 İndirim"",""15 TL Kupon"",""Kargo Bedava""]",InStock,100 adetten fazla stok sunulmuştur,Son 3 günde 250+ ürün satıldı!,250,4.3,3061,,,473,"1,6B kişinin sepetinde","21,5B kişi favoriledi",Son 24 saatte 714 kişi görüntüledi,,,0,,,,Tahmini Teslim:,En Çok Satan 1. Ürün,,{},0,,refreshed,"[""daily_top""]",true,2026-08-14T17:20:10+03:00,0,"[""search_result_dom"",""product_detail_jsonld"",""product_detail_dom""]","{""title"":""observed"",""brand"":""observed"",""seller_name"":""observed"",""seller_score"":""observed"",""price"":""observed"",""original_price"":""observed"",""campaigns"":""observed"",""stock_status"":""observed"",""stock_signal"":""observed"",""rating"":""observed"",""rating_count"":""observed"",""review_count"":""unavailable"",""question_count"":""observed"",""delivery_summary"":""observed"",""shipping_cost"":""unavailable"",""properties"":""observed""}",true,
2026-08-14,2026-08-14T17:20:10+03:00,ev-yasam,BEST_SELLER,birlesik-ev-yasam,Trendyol seçili Ev & Yaşam kategorileri / En Çok Satan,112,5,112,112,,,24.3,23.2,1131825106,779,HERA CONCEPT 6'lı Çekmece Dolap Içi Düzenleyici Kutu Set-KREM,HERA CONCEPT,,https://www.trendyol.com/hera-concept/6-li-cekmece-dolap-ici-duzenleyici-kutu-set-krem-p-1131825106?boutiqueId=61&merchantId=779,She Berrak,93,199.9,,,,TRY,"[""Kargo Bedava"",""Trendyol Plus'a Özel""]",InStock,100 adetten fazla stok sunulmuştur,Son 3 günde 250+ ürün satıldı!,250,4,259,,,20,"2,6B kişinin sepetinde","26,7B kişi favoriledi","Son 24 saatte 1,7B kişi görüntüledi",,,0,,,,Tahmini Teslim:,En Çok Ziyaret Edilen 6. Ürün,,{},0,,refreshed,"[""daily_top""]",true,2026-08-14T17:20:10+03:00,0,"[""search_result_dom"",""product_detail_jsonld"",""product_detail_dom""]","{""title"":""observed"",""brand"":""observed"",""seller_name"":""observed"",""seller_score"":""observed"",""price"":""observed"",""original_price"":""unavailable"",""campaigns"":""observed"",""stock_status"":""observed"",""stock_signal"":""observed"",""rating"":""observed"",""rating_count"":""observed"",""review_count"":""unavailable"",""question_count"":""observed"",""delivery_summary"":""observed"",""shipping_cost"":""unavailable"",""properties"":""observed""}",true,
2026-08-14,2026-08-14T17:20:10+03:00,ev-yasam,BEST_SELLER,birlesik-ev-yasam,Trendyol seçili Ev & Yaşam kategorileri / En Çok Satan,113,5,113,113,1,,25.1,22.4,1130981614,792678,YAZAL3D 6’lı Fiyonk Tasarımlı Lokumluk Seti –Dekoratif Kahve Yanı Lokum Kasesi | Şık Sunumluk & Hediyelik,YAZAL3D,,https://www.trendyol.com/yazal3d/6-li-fiyonk-tasarimli-lokumluk-seti-dekoratif-kahve-yani-lokum-kasesi-sik-sunumluk-hediyelik-p-1130981614?boutiqueId=61&merchantId=792678,PureGlow,82,170,,,,TRY,"[""Kargo Bedava""]",InStock,10 adetten fazla stok sunulmuştur,Son 3 günde 250+ ürün satıldı!,250,3.3,321,,,52,"6,7B kişinin sepetinde","102,4B kişi favoriledi","Son 24 saatte 5,6B kişi görüntüledi",,,0,,,,6 saat 34 dakika içinde sipariş verirsen en geç yarın kargoda!,En Çok Satan 1. Ürün,,{},0,,refreshed,"[""daily_top""]",true,2026-08-14T17:20:10+03:00,0,"[""search_result_dom"",""product_detail_jsonld"",""product_detail_dom""]","{""title"":""observed"",""brand"":""observed"",""seller_name"":""observed"",""seller_score"":""observed"",""price"":""observed"",""original_price"":""unavailable"",""campaigns"":""observed"",""stock_status"":""observed"",""stock_signal"":""observed"",""rating"":""observed"",""rating_count"":""observed"",""review_count"":""unavailable"",""question_count"":""observed"",""delivery_summary"":""observed"",""shipping_cost"":""unavailable"",""properties"":""observed""}",true,
2026-08-14,2026-08-14T17:20:10+03:00,ev-yasam,BEST_SELLER,birlesik-ev-yasam,Trendyol seçili Ev & Yaşam kategorileri / En Çok Satan,114,5,114,114,1,,34.8,12.7,640485813,1192126,Genel Markalar Kare Kırlent Iç Yastık 2 Adet elyaf Dolgulu Kırlent 10 Farklı Ölçü Seçeneği,Genel Markalar,,https://www.trendyol.com/genel-markalar/kare-kirlent-ic-yastik-2-adet-elyaf-dolgulu-kirlent-10-farkli-olcu-secenegi-p-640485813?boutiqueId=61&merchantId=1192126,ElGrande,78,100.85,,,,TRY,"[""Kargo Bedava"",""Trendyol Plus'a Özel""]",InStock,100 adetten fazla stok sunulmuştur,Son 3 günde 250+ ürün satıldı!,250,3.9,5254,,,770,"1,6B kişinin sepetinde",89B kişi favoriledi,Son 24 saatte 840 kişi görüntüledi,,,0,,,,6 saat 34 dakika içinde sipariş verirsen en geç yarın kargoda!,En Çok Satan 1. Ürün,,{},0,,refreshed,"[""daily_top""]",true,2026-08-14T17:20:10+03:00,0,"[""search_result_dom"",""product_detail_jsonld"",""product_detail_dom""]","{""title"":""observed"",""brand"":""observed"",""seller_name"":""observed"",""seller_score"":""observed"",""price"":""observed"",""original_price"":""unavailable"",""campaigns"":""observed"",""stock_status"":""observed"",""stock_signal"":""observed"",""rating"":""observed"",""rating_count"":""observed"",""review_count"":""unavailable"",""question_count"":""observed"",""delivery_summary"":""observed"",""shipping_cost"":""unavailable"",""properties"":""observed""}",true,
2026-08-14,2026-08-14T17:20:10+03:00,ev-yasam,BEST_SELLER,birlesik-ev-yasam,Trendyol seçili Ev & Yaşam kategorileri / En Çok Satan,115,5,115,115,1,,34.5,13,839820584,993652,ESIVITALIA 3'lü Döküm Granit Sahan Seti Tava 18-20-22,ESIVITALIA,Tava,https://www.trendyol.com/esivitalia/3-lu-dokum-granit-sahan-seti-tava-18-20-22-p-839820584?boutiqueId=61&merchantId=993652,BOZKURTLAR MUTFAK EŞYALARI,78,497.19,,,,TRY,"[""Kargo Bedava""]",InStock,100 adetten fazla stok sunulmuştur,Son 3 günde 250+ ürün satıldı!,250,4.1,13239,4937,,664,"2,9B kişinin sepetinde","203,5B kişi favoriledi","Son 24 saatte 1,7B kişi görüntüledi",4999,TRY,0,3,1,6,Tahmini Teslim:,En Çok Satan 1. Ürün,https://cdn.dsmcdn.com/ty1586/prod/QC/20241015/00/b53b713e-c3a8-392a-ae7f-a959dd1839d4/1_org_zoom.jpg,"{""Boyut/Ebat"":""22 cm"",""Parça Sayısı"":""3"",""Özellik"":""Fırında kullanılabilir"",""Ürün Tipi"":""Kızartma Tavası"",""Dış Materyal"":""Granit"",""İç Materyal"":""Granit"",""Menşei"":""TR"",""Bakım Talimatları (Gıda Temas)"":""Elde yıkanmalıdır."",""Materyal"":""Döküm"",""Renk"":""Gri""}",20,5,refreshed,"[""daily_top""]",true,2026-08-14T17:20:10+03:00,0,"[""search_result_dom"",""product_detail_jsonld"",""product_detail_dom""]","{""title"":""observed"",""brand"":""observed"",""seller_name"":""observed"",""seller_score"":""observed"",""price"":""observed"",""original_price"":""unavailable"",""campaigns"":""observed"",""stock_status"":""observed"",""stock_signal"":""observed"",""rating"":""observed"",""rating_count"":""observed"",""review_count"":""observed"",""question_count"":""observed"",""delivery_summary"":""observed"",""shipping_cost"":""observed"",""properties"":""observed""}",true,
2026-08-14,2026-08-14T17:20:10+03:00,ev-yasam,BEST_SELLER,birlesik-ev-yasam,Trendyol seçili Ev & Yaşam kategorileri / En Çok Satan,116,5,116,116,3,,30.3,17.2,971678237,1064746,HURCEVİM 6 Adet - Antrasit Çizgili Büyük Boy Hurç Seti - Baza Altı Ve Çekyat Tipi Organizer - 65 x 45 x 22 Cm,HURCEVİM,Hurç,https://www.trendyol.com/hurcevim/6-adet-antrasit-cizgili-buyuk-boy-hurc-seti-baza-alti-ve-cekyat-tipi-organizer-65-x-45-x-22-cm-p-971678237?boutiqueId=61&merchantId=1064746,HURCEVİM,9,271.31,,,,TRY,"[""Kargo Bedava"",""Trendyol Plus'a Özel""]",InStock,100 adetten fazla stok sunulmuştur,Son 3 günde 250+ ürün satıldı!,250,4.1,3005,1449,,115,"2,6B kişinin sepetinde","76,1B kişi favoriledi","Son 24 saatte 1,6B kişi görüntüledi",4999,TRY,0,1,1,4,6 saat 34 dakika içinde sipariş verirsen en geç yarın kargoda!,En Çok Satan 3. Ürün,https://cdn.dsmcdn.com/ty1764/prod/QC_ENRICHMENT/20250930/22/0bb0f7a7-df96-394e-b3c5-7fdbbd807c39/1_org_zoom.jpg,"{""Boyut/Ebat"":""45 x 65"",""Materyal"":""Polipropilen"",""Renk"":""Gri"",""Parça Sayısı"":""6"",""Materyal Bileşeni"":""100% Polipropilen"",""Yıkama Talimatı"":""T08"",""Menşei"":""TR""}",20,5,refreshed,"[""daily_top""]",true,2026-08-14T17:20:10+03:00,0,"[""search_result_dom"",""product_detail_jsonld"",""product_detail_dom""]","{""title"":""observed"",""brand"":""observed"",""seller_name"":""observed"",""seller_score"":""observed"",""price"":""observed"",""original_price"":""unavailable"",""campaigns"":""observed"",""stock_status"":""observed"",""stock_signal"":""observed"",""rating"":""observed"",""rating_count"":""observed"",""review_count"":""observed"",""question_count"":""observed"",""delivery_summary"":""observed"",""shipping_cost"":""observed"",""properties"":""observed""}",true,
2026-08-14,2026-08-14T17:20:10+03:00,ev-yasam,BEST_SELLER,birlesik-ev-yasam,Trendyol seçili Ev & Yaşam kategorileri / En Çok Satan,117,5,117,117,7,,29,18.5,889725373,550676,zabata Yapışkanlı 2 Adet Çift Kancalı Banyo Mutfak Askısı Metal Askılık Duvar Askı Organizer,zabata,Banyo Askısı,https://www.trendyol.com/zabata/yapiskanli-2-adet-cift-kancali-banyo-mutfak-askisi-metal-askilik-duvar-aski-organizer-p-889725373?boutiqueId=61&merchantId=550676,Zabata Türkiye,94,117.8,,,,TRY,"[""Kargo Bedava"",""Trendyol Plus'a Özel""]",InStock,100 adetten fazla stok sunulmuştur,Son 3 günde 250+ ürün satıldı!,250,4.6,2257,1012,,83,"1,2B kişinin sepetinde","32,2B kişi favoriledi",Son 24 saatte 423 kişi görüntüledi,4999,TRY,0,1,1,4,Tahmini Teslim:,En Çok Satan 7. Ürün,https://cdn.dsmcdn.com/ty1620/prod/QC/20250108/09/66bbac6d-f6d2-37fe-9416-90a6686322ae/1_org_zoom.jpg,"{""Renk"":""Siyah"",""Tip"":""Askı Seti"",""Diğer Özellikler"":""2'Li Çok Yönlü Kullanım"",""Menşei"":""TR"",""Bakım Talimatları (Genel)"":""Nemli bir bezle silin.""}",20,5,refreshed,"[""daily_top""]",true,2026-08-14T17:20:10+03:00,0,"[""search_result_dom"",""product_detail_jsonld"",""product_detail_dom""]","{""title"":""observed"",""brand"":""observed"",""seller_name"":""observed"",""seller_score"":""observed"",""price"":""observed"",""original_price"":""unavailable"",""campaigns"":""observed"",""stock_status"":""observed"",""stock_signal"":""observed"",""rating"":""observed"",""rating_count"":""observed"",""review_count"":""observed"",""question_count"":""observed"",""delivery_summary"":""observed"",""shipping_cost"":""observed"",""properties"":""observed""}",true,
2026-08-14,2026-08-14T17:20:10+03:00,ev-yasam,BEST_SELLER,birlesik-ev-yasam,Trendyol seçili Ev & Yaşam kategorileri / En Çok Satan,118,5,118,118,,,24.3,24.2,1153992380,984526,Galeriyo Makyaj Organizeri Çekmeceli Tavşan ve 360 Derece Dönebilen 5 Bölmeli İkili Set Beyaz,Galeriyo,Makyaj Organizerı,https://www.trendyol.com/galeriyo/makyaj-organizeri-cekmeceli-tavsan-ve-360-derece-donebilen-5-bolmeli-ikili-set-beyaz-p-1153992380?boutiqueId=61&merchantId=984526,Galeriyo,91,252.66,255.21,1,,TRY,"[""Sepette %1 İndirim"",""Kargo Bedava""]",InStock,100 adetten fazla stok sunulmuştur,Son 3 günde 250+ ürün satıldı!,250,4.4,324,192,,24,"5,4B kişinin sepetinde","44,6B kişi favoriledi","Son 24 saatte 3,9B kişi görüntüledi",4999,TRY,0,3,1,6,Tahmini Teslim:,,https://cdn.dsmcdn.com/ty1894/prod/QC_PREP/20260606/09/1d086de6-2550-3f0a-8a69-e4ff79da1656/1_org_zoom.jpg,"{""Parça Sayısı"":""2"",""Materyal"":""Plastik"",""Renk"":""Beyaz"",""Menşei"":""TR"",""Bölme Sayısı"":""5""}",20,5,refreshed,"[""daily_top""]",true,2026-08-14T17:20:10+03:00,0,"[""search_result_dom"",""product_detail_jsonld"",""product_detail_dom""]","{""title"":""observed"",""brand"":""observed"",""seller_name"":""observed"",""seller_score"":""observed"",""price"":""observed"",""original_price"":""observed"",""campaigns"":""observed"",""stock_status"":""observed"",""stock_signal"":""observed"",""rating"":""observed"",""rating_count"":""observed"",""review_count"":""observed"",""question_count"":""observed"",""delivery_summary"":""observed"",""shipping_cost"":""observed"",""properties"":""observed""}",true,
2026-08-14,2026-08-14T17:20:10+03:00,ev-yasam,BEST_SELLER,birlesik-ev-yasam,Trendyol seçili Ev & Yaşam kategorileri / En Çok Satan,119,5,119,119,,,41.2,12.5,330080473,555137,Glamis Selen Concept El Yapımı Büyük Boy Cam Salata Kasesi,Glamis,Kase,https://www.trendyol.com/glamis/selen-concept-el-yapimi-buyuk-boy-cam-salata-kasesi-p-330080473?boutiqueId=61&merchantId=555137,SELEN CONCEPT,94,308.03,,,,TRY,"[""Kargo Bedava"",""Trendyol Plus'a Özel""]",InStock,100 adetten fazla stok sunulmuştur,Son 3 günde 250+ ürün satıldı!,250,4.6,33274,,,535,"2,9B kişinin sepetinde","942,4B kişi favoriledi","Son 24 saatte 1,9B kişi görüntüledi",4999,TRY,0,1,1,4,Tahmini Teslim:,,https://cdn.dsmcdn.com/ty1813/prod/QC_ENRICHMENT/20260117/11/823b9031-484d-3a4d-b50b-23d411e06689/1_org_zoom.jpg,"{""Parça Sayısı"":""1 Parça"",""Hacim"":""2 L"",""Ürün Tipi"":""Salata Kasesi"",""Renk"":""Beyaz"",""Menşei"":""TR"",""Materyal"":""Cam"",""Bakım Talimatları (Gıda Temas)"":""Gıda ile temas güvenlidir."",""Gıda Temas Sembolü"":""Evet""}",0,,refreshed,"[""daily_top""]",true,2026-08-14T17:20:10+03:00,0,"[""search_result_dom"",""product_detail_jsonld"",""product_detail_dom""]","{""title"":""observed"",""brand"":""observed"",""seller_name"":""observed"",""seller_score"":""observed"",""price"":""observed"",""original_price"":""unavailable"",""campaigns"":""observed"",""stock_status"":""observed"",""stock_signal"":""observed"",""rating"":""observed"",""rating_count"":""observed"",""review_count"":""unavailable"",""question_count"":""observed"",""delivery_summary"":""observed"",""shipping_cost"":""observed"",""properties"":""observed""}",true,
2026-08-14,2026-08-14T17:20:10+03:00,ev-yasam,BEST_SELLER,birlesik-ev-yasam,Trendyol seçili Ev & Yaşam kategorileri / En Çok Satan,120,5,120,120,,,34.6,12.9,737691218,349661,risingmaber Metal Beyaz Amerikan Kapı Arkası Askılık Organizer Askılık Ve Mutfak Banyo Kapı Arkası Askılık Mt60b,risingmaber,Askılık,https://www.trendyol.com/risingmaber/metal-beyaz-amerikan-kapi-arkasi-askilik-organizer-askilik-ve-mutfak-banyo-kapi-arkasi-askilik-mt60b-p-737691218?boutiqueId=61&merchantId=349661,Risingmaber,95,169.99,,,,TRY,"[""Kargo Bedava""]",InStock,100 adetten fazla stok sunulmuştur,Son 3 günde 250+ ürün satıldı!,250,4.4,9345,4949,,465,"1,4B kişinin sepetinde","128,1B kişi favoriledi",Son 24 saatte 529 kişi görüntüledi,4999,TRY,0,1,1,4,Tahmini Teslim:,,https://cdn.dsmcdn.com/ty1704/prod/QC_ENRICHMENT/20250705/15/13754b4c-01f1-3dcb-abfc-63baf0351313/1_org_zoom.jpg,"{""Materyal"":""Metal"",""Renk"":""Beyaz"",""Yükseklik"":""10 cm"",""Genişlik"":""40 cm"",""Askılık Tipi"":""Duvara Monte"",""Stil"":""Modern"",""Tema / Stil"":""Modern"",""Menşei"":""TR""}",20,5,refreshed,"[""daily_top""]",true,2026-08-14T17:20:10+03:00,0,"[""search_result_dom"",""product_detail_jsonld"",""product_detail_dom""]","{""title"":""observed"",""brand"":""observed"",""seller_name"":""observed"",""seller_score"":""observed"",""price"":""observed"",""original_price"":""unavailable"",""campaigns"":""observed"",""stock_status"":""observed"",""stock_signal"":""observed"",""rating"":""observed"",""rating_count"":""observed"",""review_count"":""observed"",""question_count"":""observed"",""delivery_summary"":""observed"",""shipping_cost"":""observed"",""properties"":""observed""}",true,
2026-08-14,2026-08-14T17:20:10+03:00,ev-yasam,BEST_SELLER,birlesik-ev-yasam,Trendyol seçili Ev & Yaşam kategorileri / En Çok Satan,121,6,121,121,1,,31.9,15.6,883959353,135535,Devecioğlu Harbinger MM016 ALENDA (Siyah) Kalın Borulu Çamaşır Kurutma Askılığı,Devecioğlu,Çamaşırlık,https://www.trendyol.com/devecioglu/harbinger-mm016-alenda-siyah-kalin-borulu-camasir-kurutma-askiligi-p-883959353?boutiqueId=61&merchantId=135535,billhom,93,959,,,,TRY,"[""Kargo Bedava""]",InStock,100 adetten fazla stok sunulmuştur,Son 3 günde 250+ ürün satıldı!,250,4.4,4765,2278,,294,"2,3B kişinin sepetinde","84,2B kişi favoriledi","Son 24 saatte 1,6B kişi görüntüledi",4999,TRY,0,1,1,4,6 saat 34 dakika içinde sipariş verirsen en geç yarın kargoda!,En Çok Satan 1. Ürün,https://cdn.dsmcdn.com/ty1858/prod/QC_ENRICHMENT/20260423/13/fcdc93f7-d69e-305f-93d8-275c953803bf/1_org_zoom.jpg,"{""Renk"":""Siyah"",""Materyal"":""Metal"",""Menşei"":""TR""}",20,5,refreshed,"[""daily_top""]",true,2026-08-14T17:20:10+03:00,0,"[""search_result_dom"",""product_detail_jsonld"",""product_detail_dom""]","{""title"":""observed"",""brand"":""observed"",""seller_name"":""observed"",""seller_score"":""observed"",""price"":""observed"",""original_price"":""unavailable"",""campaigns"":""observed"",""stock_status"":""observed"",""stock_signal"":""observed"",""rating"":""observed"",""rating_count"":""observed"",""review_count"":""observed"",""question_count"":""observed"",""delivery_summary"":""observed"",""shipping_cost"":""observed"",""properties"":""observed""}",true,
2026-08-14,2026-08-14T17:20:10+03:00,ev-yasam,BEST_SELLER,birlesik-ev-yasam,Trendyol seçili Ev & Yaşam kategorileri / En Çok Satan,122,6,122,122,3,,30.6,16.9,845863045,1202672,Genel Markalar Katlanabilir Cam Balkon Plise Perde Beyaz,Genel Markalar,Stor Perde,https://www.trendyol.com/genel-markalar/katlanabilir-cam-balkon-plise-perde-beyaz-p-845863045?boutiqueId=61&merchantId=1202672,Plicerra,77,280,,,,TRY,"[""Sepette %30 İndirim"",""Kargo Bedava""]",InStock,10 adetten fazla stok sunulmuştur,Son 3 günde 250+ ürün satıldı!,250,4.4,2522,1562,,5308,"2,1B kişinin sepetinde","86,9B kişi favoriledi","Son 24 saatte 1,8B kişi görüntüledi",4999,TRY,0,3,1,6,Tahmini Teslim:,En Çok Satan 3. Ürün,https://cdn.dsmcdn.com/ty1641/prod/QC/20250222/19/58b5e7fe-5fcf-31d7-bdc5-9024d5e859cc/1_org_zoom.jpg,"{""Tip"":""Klasik Stor"",""Renk"":""Beyaz"",""Materyal"":""Polyester"",""Desen"":""Düz"",""Işık Geçirgenliği"":""Oda Karanlığı"",""Yıkama Talimatı"":""T100"",""Materyal Bileşeni"":""80% Polyester, 20% Pamuk"",""Menşei"":""TR"",""Paket Yükseklik"":""80 cm"",""Paket Derinlik"":""4 cm"",""Paket Genişlik"":""100 cm""}",20,5,refreshed,"[""daily_top""]",true,2026-08-14T17:20:10+03:00,0,"[""search_result_dom"",""product_detail_jsonld"",""product_detail_dom""]","{""title"":""observed"",""brand"":""observed"",""seller_name"":""observed"",""seller_score"":""observed"",""price"":""observed"",""original_price"":""unavailable"",""campaigns"":""observed"",""stock_status"":""observed"",""stock_signal"":""observed"",""rating"":""observed"",""rating_count"":""observed"",""review_count"":""observed"",""question_count"":""observed"",""delivery_summary"":""observed"",""shipping_cost"":""observed"",""properties"":""observed""}",true,
2026-08-14,2026-08-14T17:20:10+03:00,ev-yasam,BEST_SELLER,birlesik-ev-yasam,Trendyol seçili Ev & Yaşam kategorileri / En Çok Satan,123,6,123,123,1,,32.5,15,314125417,145833,MissClean Gri Renk Mikrofiber Bulaşık Kurulama Matı Kurutma Örtüsü Tezgah Üstü Süper Emici 36*45 Cm,MissClean,,https://www.trendyol.com/missclean/gri-renk-mikrofiber-bulasik-kurulama-mati-kurutma-ortusu-tezgah-ustu-super-emici-36-45-cm-p-314125417?boutiqueId=61&merchantId=145833,MissClean,,149.9,,,,TRY,"[""Kargo Bedava""]",InStock,100 adetten fazla stok sunulmuştur,Son 3 günde 250+ ürün satıldı!,250,4.6,2726,,,103,"1,9B kişinin sepetinde","82,2B kişi favoriledi",Son 24 saatte 898 kişi görüntüledi,,,0,,,,Tahmini Teslim:,En Çok Satan 1. Ürün,,{},0,,refreshed,"[""daily_top""]",true,2026-08-14T17:20:10+03:00,0,"[""search_result_dom"",""product_detail_jsonld"",""product_detail_dom""]","{""title"":""observed"",""brand"":""observed"",""seller_name"":""observed"",""seller_score"":""unavailable"",""price"":""observed"",""original_price"":""unavailable"",""campaigns"":""observed"",""stock_status"":""observed"",""stock_signal"":""observed"",""rating"":""observed"",""rating_count"":""observed"",""review_count"":""unavailable"",""question_count"":""observed"",""delivery_summary"":""observed"",""shipping_cost"":""unavailable"",""properties"":""observed""}",true,
2026-08-14,2026-08-14T17:20:10+03:00,ev-yasam,BEST_SELLER,birlesik-ev-yasam,Trendyol seçili Ev & Yaşam kategorileri / En Çok Satan,124,6,124,124,1,,37.2,12.5,854416914,4591,Porsima Simple Standlı 12 Li Kendinden Yapışkanlı Kaşıklı Kapaklı Baharatlık Takımı-etiketli Baharatlık-,Porsima,Baharatlık,https://www.trendyol.com/porsima/simple-standli-12-li-kendinden-yapiskanli-kasikli-kapakli-baharatlik-takimi-etiketli-baharatlik-p-854416914?boutiqueId=61&merchantId=4591,Turuncu Elma,88,359.9,,,,TRY,"[""Kargo Bedava""]",InStock,100 adetten fazla stok sunulmuştur,Son 3 günde 250+ ürün satıldı!,250,4.4,20085,10456,,1834,"2,9B kişinin sepetinde","267,3B kişi favoriledi",Son 24 saatte 2B kişi görüntüledi,4999,TRY,0,1,1,4,Tahmini Teslim:,En Çok Satan 1. Ürün,https://cdn.dsmcdn.com/ty1782/prod/QC_ENRICHMENT/20251101/10/ade939f5-78ce-3ab3-9294-d083aa5bcb83/1_org_zoom.jpg,"{""Hacim"":""300 ml"",""Parça Sayısı"":""24"",""Menşei"":""TR"",""Bakım Talimatları (Gıda Temas)"":""Ürünün kullanım ömrünü korumak için ürüne özel bakım talimatlarını takip ediniz."",""Materyal"":""Plastik""}",20,5,refreshed,"[""daily_top""]",true,2026-08-14T17:20:10+03:00,0,"[""search_result_dom"",""product_detail_jsonld"",""product_detail_dom""]","{""title"":""observed"",""brand"":""observed"",""seller_name"":""observed"",""seller_score"":""observed"",""price"":""observed"",""original_price"":""unavailable"",""campaigns"":""observed"",""stock_status"":""observed"",""stock_signal"":""observed"",""rating"":""observed"",""rating_count"":""observed"",""review_count"":""observed"",""question_count"":""observed"",""delivery_summary"":""observed"",""shipping_cost"":""observed"",""properties"":""observed""}",true,
2026-08-14,2026-08-14T17:20:10+03:00,ev-yasam,BEST_SELLER,birlesik-ev-yasam,Trendyol seçili Ev & Yaşam kategorileri / En Çok Satan,125,6,125,125,4,,31.8,15.7,1039152218,1011549,Spartek home textile 6 Adet- Antrasit Çizgili Orta Boy Baza Altı Ve Çekyat Tipi Hurç 55x35x22 Cm,Spartek home textile,,https://www.trendyol.com/spartek-home-textile/6-adet-antrasit-cizgili-orta-boy-baza-alti-ve-cekyat-tipi-hurc-55x35x22-cm-p-1039152218?boutiqueId=61&merchantId=1011549,Spartek home textile,6,389.9,,,,TRY,"[""Kargo Bedava"",""Trendyol Plus'a Özel""]",InStock,100 adetten fazla stok sunulmuştur,Son 3 günde 250+ ürün satıldı!,250,4.5,2241,,,111,2B kişinin sepetinde,"64,8B kişi favoriledi","Son 24 saatte 1,2B kişi görüntüledi",,,0,,,,Tahmini Teslim:,En Çok Satan 4. Ürün,,{},0,,refreshed,"[""daily_top""]",true,2026-08-14T17:20:10+03:00,0,"[""search_result_dom"",""product_detail_jsonld"",""product_detail_dom""]","{""title"":""observed"",""brand"":""observed"",""seller_name"":""observed"",""seller_score"":""observed"",""price"":""observed"",""original_price"":""unavailable"",""campaigns"":""observed"",""stock_status"":""observed"",""stock_signal"":""observed"",""rating"":""observed"",""rating_count"":""observed"",""review_count"":""unavailable"",""question_count"":""observed"",""delivery_summary"":""observed"",""shipping_cost"":""unavailable"",""properties"":""observed""}",true,
2026-08-14,2026-08-14T17:20:10+03:00,ev-yasam,BEST_SELLER,birlesik-ev-yasam,Trendyol seçili Ev & Yaşam kategorileri / En Çok Satan,126,6,126,126,1,,44,12.6,3130742,968,Emsan Griss Hardstone Gri Döküm Kek Kalıbı 24 cm,Emsan,,https://www.trendyol.com/emsan/griss-hardstone-gri-dokum-kek-kalibi-24-cm-p-3130742?boutiqueId=689733&merchantId=968,Trendyol,,499.99,549.99,9.1,,TRY,"[""Son 10 Günün En Düşük Fiyatı"",""Kargo Bedava"",""Son 10 günün en düşük fiyatı""]",InStock,100 adetten fazla stok sunulmuştur,Son 3 günde 250+ ürün satıldı!,250,4.8,5470,,,161,"1,6B kişinin sepetinde","115,4B kişi favoriledi","Son 24 saatte 1,4B kişi görüntüledi",,,0,,,,Tahmini Teslim:,En Çok Satan 1. Ürün,,{},0,,refreshed,"[""daily_top""]",true,2026-08-14T17:20:10+03:00,0,"[""search_result_dom"",""product_detail_jsonld"",""product_detail_dom""]","{""title"":""observed"",""brand"":""observed"",""seller_name"":""observed"",""seller_score"":""unavailable"",""price"":""observed"",""original_price"":""observed"",""campaigns"":""observed"",""stock_status"":""observed"",""stock_signal"":""observed"",""rating"":""observed"",""rating_count"":""observed"",""review_count"":""unavailable"",""question_count"":""observed"",""delivery_summary"":""observed"",""shipping_cost"":""unavailable"",""properties"":""observed""}",true,
2026-08-14,2026-08-14T17:20:10+03:00,ev-yasam,BEST_SELLER,birlesik-ev-yasam,Trendyol seçili Ev & Yaşam kategorileri / En Çok Satan,127,6,127,127,,,32.9,18.6,962499019,1119631,"Yunus Göksu Design Mutfak Rulo Tutucusu- Düzenleyicisi (1 adet, 2' li ürün)",Yunus Göksu Design,,https://www.trendyol.com/yunus-goksu-design/mutfak-rulo-tutucusu-duzenleyicisi-1-adet-2-li-urun-p-962499019?boutiqueId=61&merchantId=1119631,Innoway,9,171.84,179,4,,TRY,"[""Sepette %4 İndirim"",""Kargo Bedava"",""Trendyol Plus'a Özel""]",InStock,100 adetten fazla stok sunulmuştur,Son 3 günde 250+ ürün satıldı!,250,3.3,980,,,65,"7,9B kişinin sepetinde","236,1B kişi favoriledi","Son 24 saatte 2,5B kişi görüntüledi",,,0,,,,Tahmini Teslim:,En Çok Ziyaret Edilen 2. Ürün,,{},0,,refreshed,"[""daily_top""]",true,2026-08-14T17:20:10+03:00,0,"[""search_result_dom"",""product_detail_jsonld"",""product_detail_dom""]","{""title"":""observed"",""brand"":""observed"",""seller_name"":""observed"",""seller_score"":""observed"",""price"":""observed"",""original_price"":""observed"",""campaigns"":""observed"",""stock_status"":""observed"",""stock_signal"":""observed"",""rating"":""observed"",""rating_count"":""observed"",""review_count"":""unavailable"",""question_count"":""observed"",""delivery_summary"":""observed"",""shipping_cost"":""unavailable"",""properties"":""observed""}",true,
2026-08-14,2026-08-14T17:20:10+03:00,ev-yasam,BEST_SELLER,birlesik-ev-yasam,Trendyol seçili Ev & Yaşam kategorileri / En Çok Satan,128,6,128,128,2,,21,26.5,948778067,106777,Bella Maison Rosy Örgü Amerikan Servis Kahverengi (35 cm),Bella Maison,Runner & Amerikan Servisi,https://www.trendyol.com/bella-maison/rosy-orgu-amerikan-servis-kahverengi-35-cm-p-948778067?boutiqueId=61&merchantId=106777,Bella Maison,,212.62,,,,TRY,"[""Kargo Bedava"",""Trendyol Plus'a Özel""]",InStock,100 adetten fazla stok sunulmuştur,Son 3 günde 250+ ürün satıldı!,250,4.7,198,98,,14,549 kişinin sepetinde,"40,6B kişi favoriledi","Son 24 saatte 1,3B kişi görüntüledi",4999,TRY,0,3,1,6,Tahmini Teslim:,En Çok Satan 2. Ürün,https://cdn.dsmcdn.com/ty1825/prod/QC_ENRICHMENT/20260213/12/f1ea9d80-e343-3b31-9ae6-752f5a4552de/1_org_zoom.jpg,"{""Boyut/Ebat"":""35 x 35"",""Şekil"":""Yuvarlak"",""Renk"":""Kahverengi"",""Materyal"":""Polipropilen"",""Parça Sayısı"":""1 Parça"",""Materyal Bileşeni"":""100% Polipropilen"",""Menşei"":""TR"",""Bakım Talimatları (Genel)"":""Ürünün kullanım ömrünü korumak için ürüne özel bakım talimatlarını takip ediniz.""}",20,5,refreshed,"[""daily_top""]",true,2026-08-14T17:20:10+03:00,0,"[""search_result_dom"",""product_detail_jsonld"",""product_detail_dom""]","{""title"":""observed"",""brand"":""observed"",""seller_name"":""observed"",""seller_score"":""unavailable"",""price"":""observed"",""original_price"":""unavailable"",""campaigns"":""observed"",""stock_status"":""observed"",""stock_signal"":""observed"",""rating"":""observed"",""rating_count"":""observed"",""review_count"":""observed"",""question_count"":""observed"",""delivery_summary"":""observed"",""shipping_cost"":""observed"",""properties"":""observed""}",true,
2026-08-14,2026-08-14T17:20:10+03:00,ev-yasam,BEST_SELLER,birlesik-ev-yasam,Trendyol seçili Ev & Yaşam kategorileri / En Çok Satan,129,6,129,129,9,,32.2,15.3,837760205,152772,"ESTİ 12 Adet - Ahşap Görünümlü Çocuk Ve Bebek Elbise ,kıyafet Askısı",ESTİ,,https://www.trendyol.com/esti/12-adet-ahsap-gorunumlu-cocuk-ve-bebek-elbise-kiyafet-askisi-p-837760205?boutiqueId=61&merchantId=152772,ESTİ,12,199.9,,,,TRY,"[""Kargo Bedava"",""Trendyol Plus'a Özel""]",InStock,100 adetten fazla stok sunulmuştur,Son 3 günde 250+ ürün satıldı!,250,4.5,2543,,,82,1B kişinin sepetinde,"38,9B kişi favoriledi",Son 24 saatte 647 kişi görüntüledi,,,0,,,,6 saat 33 dakika içinde sipariş verirsen en geç yarın kargoda!,En Çok Satan 9. Ürün,,{},0,,refreshed,"[""daily_top""]",true,2026-08-14T17:20:10+03:00,0,"[""search_result_dom"",""product_detail_jsonld"",""product_detail_dom""]","{""title"":""observed"",""brand"":""observed"",""seller_name"":""observed"",""seller_score"":""observed"",""price"":""observed"",""original_price"":""unavailable"",""campaigns"":""observed"",""stock_status"":""observed"",""stock_signal"":""observed"",""rating"":""observed"",""rating_count"":""observed"",""review_count"":""unavailable"",""question_count"":""observed"",""delivery_summary"":""observed"",""shipping_cost"":""unavailable"",""properties"":""observed""}",true,
2026-08-14,2026-08-14T17:20:10+03:00,ev-yasam,BEST_SELLER,birlesik-ev-yasam,Trendyol seçili Ev & Yaşam kategorileri / En Çok Satan,130,6,130,130,1,,33.1,14.4,646272082,267910,Genel Markalar Dekoratif Modem Saklama Kutusu,Genel Markalar,Dekoratif Kutu,https://www.trendyol.com/genel-markalar/dekoratif-modem-saklama-kutusu-p-646272082?boutiqueId=61&merchantId=267910,Makbulce,82,263.49,,,,TRY,"[""Kargo Bedava""]",InStock,100 adetten fazla stok sunulmuştur,Son 3 günde 250+ ürün satıldı!,250,4.1,6168,3249,,1263,"1,9B kişinin sepetinde","129,5B kişi favoriledi","Son 24 saatte 1,8B kişi görüntüledi",4999,TRY,0,1,1,4,Tahmini Teslim:,En Çok Satan 1. Ürün,https://cdn.dsmcdn.com/ty1641/prod/QC/20250226/21/dfac1942-afd8-3342-9946-a77537d1c3b2/1_org_zoom.jpg,"{""Renk"":""Beyaz"",""Boyut/Ebat"":""32 x 40"",""Parça Sayısı"":""1"",""Materyal"":""Ahşap"",""Menşei"":""TR""}",20,5,refreshed,"[""daily_top""]",true,2026-08-14T17:20:10+03:00,0,"[""search_result_dom"",""product_detail_jsonld"",""product_detail_dom""]","{""title"":""observed"",""brand"":""observed"",""seller_name"":""observed"",""seller_score"":""observed"",""price"":""observed"",""original_price"":""unavailable"",""campaigns"":""observed"",""stock_status"":""observed"",""stock_signal"":""observed"",""rating"":""observed"",""rating_count"":""observed"",""review_count"":""observed"",""question_count"":""observed"",""delivery_summary"":""observed"",""shipping_cost"":""observed"",""properties"":""observed""}",true,
2026-08-14,2026-08-14T17:20:10+03:00,ev-yasam,BEST_SELLER,birlesik-ev-yasam,Trendyol seçili Ev & Yaşam kategorileri / En Çok Satan,131,6,131,131,,,36.1,12.5,452631729,152772,ESTİ 24 Adet - Beyaz Ahşap Görünümlü Plastik A Kalite Elbise Askı,ESTİ,,https://www.trendyol.com/esti/24-adet-beyaz-ahsap-gorunumlu-plastik-a-kalite-elbise-aski-p-452631729?boutiqueId=61&merchantId=152772,ESTİ,24,499.99,,,,TRY,"[""Kargo Bedava"",""Trendyol Plus'a Özel""]",InStock,100 adetten fazla stok sunulmuştur,Son 3 günde 250+ ürün satıldı!,250,4.4,7681,,,249,"1,2B kişinin sepetinde","103,6B kişi favoriledi",Son 24 saatte 524 kişi görüntüledi,,,0,,,,6 saat 33 dakika içinde sipariş verirsen en geç yarın kargoda!,,,{},0,,refreshed,"[""daily_top""]",true,2026-08-14T17:20:10+03:00,0,"[""search_result_dom"",""product_detail_jsonld"",""product_detail_dom""]","{""title"":""observed"",""brand"":""observed"",""seller_name"":""observed"",""seller_score"":""observed"",""price"":""observed"",""original_price"":""unavailable"",""campaigns"":""observed"",""stock_status"":""observed"",""stock_signal"":""observed"",""rating"":""observed"",""rating_count"":""observed"",""review_count"":""unavailable"",""question_count"":""observed"",""delivery_summary"":""observed"",""shipping_cost"":""unavailable"",""properties"":""observed""}",true,
2026-08-14,2026-08-14T17:20:10+03:00,ev-yasam,BEST_SELLER,birlesik-ev-yasam,Trendyol seçili Ev & Yaşam kategorileri / En Çok Satan,132,6,132,132,1,,35.6,12.5,43469566,104968,Nehir Sahra Sade 6 Parça Paslanmaz Çelik Servis Takımı,Nehir,Servis Maşa Seti,https://www.trendyol.com/nehir/sahra-sade-6-parca-paslanmaz-celik-servis-takimi-p-43469566?boutiqueId=61&merchantId=104968,Happy Center,92,1019,,,,TRY,"[""40 TL Kupon"",""Kargo Bedava"",""Peşin Fiyatına 3 Taksit""]",InStock,100 adetten fazla stok sunulmuştur,Son 3 günde 250+ ürün satıldı!,250,4.6,11148,6706,,614,4B kişinin sepetinde,"376,5B kişi favoriledi","Son 24 saatte 2,7B kişi görüntüledi",4999,TRY,0,1,1,4,Tahmini Teslim:,En Çok Satan 1. Ürün,https://cdn.dsmcdn.com/ty1578/product/media/images/prod/PIM/20241004/15/11cb6606-32d3-4271-8b63-681272e2d5ce/1_org_zoom.jpg,"{""Parça Sayısı"":""Belirtilmemiş"",""Renk"":""Gri"",""Materyal"":""Çelik"",""Özellik"":""BPA Free"",""Menşei"":""TR"",""Bakım Talimatları (Genel)"":""Ürünün kullanım ömrünü korumak için ürüne özel bakım talimatlarını takip ediniz.""}",20,5,refreshed,"[""daily_top""]",true,2026-08-14T17:20:10+03:00,0,"[""search_result_dom"",""product_detail_jsonld"",""product_detail_dom""]","{""title"":""observed"",""brand"":""observed"",""seller_name"":""observed"",""seller_score"":""observed"",""price"":""observed"",""original_price"":""unavailable"",""campaigns"":""observed"",""stock_status"":""observed"",""stock_signal"":""observed"",""rating"":""observed"",""rating_count"":""observed"",""review_count"":""observed"",""question_count"":""observed"",""delivery_summary"":""observed"",""shipping_cost"":""observed"",""properties"":""observed""}",true,
2026-08-14,2026-08-14T17:20:10+03:00,ev-yasam,BEST_SELLER,birlesik-ev-yasam,Trendyol seçili Ev & Yaşam kategorileri / En Çok Satan,133,6,133,133,,,24.1,23.4,1129343746,323773,"Sarkap Home Lemon Desing 34 cm Tepsi ve 10x3,2 cm 6'lı Çerezlik Seti - Kırmızı",Sarkap,,https://www.trendyol.com/sarkap/home-lemon-desing-34-cm-tepsi-ve-10x3-2-cm-6-li-cerezlik-seti-kirmizi-p-1129343746?boutiqueId=61&merchantId=323773,SARKAP HOME,86,366.84,,,,TRY,"[""Kargo Bedava""]",InStock,100 adetten fazla stok sunulmuştur,Son 3 günde 250+ ürün satıldı!,250,4.1,240,,,36,"4,5B kişinin sepetinde","72,1B kişi favoriledi","Son 24 saatte 3,2B kişi görüntüledi",,,0,,,,Tahmini Teslim:,En Çok Ziyaret Edilen 1. Ürün,,{},0,,refreshed,"[""daily_top""]",true,2026-08-14T17:20:10+03:00,0,"[""search_result_dom"",""product_detail_jsonld"",""product_detail_dom""]","{""title"":""observed"",""brand"":""observed"",""seller_name"":""observed"",""seller_score"":""observed"",""price"":""observed"",""original_price"":""unavailable"",""campaigns"":""observed"",""stock_status"":""observed"",""stock_signal"":""observed"",""rating"":""observed"",""rating_count"":""observed"",""review_count"":""unavailable"",""question_count"":""observed"",""delivery_summary"":""observed"",""shipping_cost"":""unavailable"",""properties"":""observed""}",true,
2026-08-14,2026-08-14T17:20:10+03:00,ev-yasam,BEST_SELLER,birlesik-ev-yasam,Trendyol seçili Ev & Yaşam kategorileri / En Çok Satan,134,6,134,134,,,30.7,16.8,958812710,779,HERA CONCEPT 6'lı Çekmece Dolap Içi Düzenleyici Kutu Set Antrasit,HERA CONCEPT,,https://www.trendyol.com/hera-concept/6-li-cekmece-dolap-ici-duzenleyici-kutu-set-antrasit-p-958812710?boutiqueId=61&merchantId=779,She Berrak,93,279.9,,,,TRY,"[""Kargo Bedava"",""Trendyol Plus'a Özel""]",InStock,100 adetten fazla stok sunulmuştur,Son 3 günde 250+ ürün satıldı!,250,4.5,1636,,,41,"1,7B kişinin sepetinde","62,8B kişi favoriledi","Son 24 saatte 1,2B kişi görüntüledi",,,0,,,,Tahmini Teslim:,,,{},0,,refreshed,"[""daily_top""]",true,2026-08-14T17:20:10+03:00,0,"[""search_result_dom"",""product_detail_jsonld"",""product_detail_dom""]","{""title"":""observed"",""brand"":""observed"",""seller_name"":""observed"",""seller_score"":""observed"",""price"":""observed"",""original_price"":""unavailable"",""campaigns"":""observed"",""stock_status"":""observed"",""stock_signal"":""observed"",""rating"":""observed"",""rating_count"":""observed"",""review_count"":""unavailable"",""question_count"":""observed"",""delivery_summary"":""observed"",""shipping_cost"":""unavailable"",""properties"":""observed""}",true,
2026-08-14,2026-08-14T17:20:10+03:00,ev-yasam,BEST_SELLER,birlesik-ev-yasam,Trendyol seçili Ev & Yaşam kategorileri / En Çok Satan,135,6,135,135,,,36.3,12.5,862906981,242433,"Mowo Home Beyaz 2 Katlı Düzenleyici Mutfak Rafı Banyo Rafı, Dolap Tezgah Altı Evye Altı Deterjanlık",Mowo Home,,https://www.trendyol.com/mowo-home/beyaz-2-katli-duzenleyici-mutfak-rafi-banyo-rafi-dolap-tezgah-alti-evye-alti-deterjanlik-p-862906981?boutiqueId=61&merchantId=242433,MoWo Home,96,249.9,,,,TRY,"[""Kargo Bedava"",""Trendyol Plus'a Özel""]",InStock,100 adetten fazla stok sunulmuştur,Son 3 günde 250+ ürün satıldı!,250,4.8,8073,,,132,"2,5B kişinin sepetinde","204,4B kişi favoriledi","Son 24 saatte 1,2B kişi görüntüledi",,,0,,,,Tahmini Teslim:,,,{},0,,refreshed,"[""daily_top""]",true,2026-08-14T17:20:10+03:00,0,"[""search_result_dom"",""product_detail_jsonld"",""product_detail_dom""]","{""title"":""observed"",""brand"":""observed"",""seller_name"":""observed"",""seller_score"":""observed"",""price"":""observed"",""original_price"":""unavailable"",""campaigns"":""observed"",""stock_status"":""observed"",""stock_signal"":""observed"",""rating"":""observed"",""rating_count"":""observed"",""review_count"":""unavailable"",""question_count"":""observed"",""delivery_summary"":""observed"",""shipping_cost"":""unavailable"",""properties"":""observed""}",true,
2026-08-14,2026-08-14T17:20:10+03:00,ev-yasam,BEST_SELLER,birlesik-ev-yasam,Trendyol seçili Ev & Yaşam kategorileri / En Çok Satan,136,6,136,136,,,39.1,12.5,233099516,281945,Taç Bambu Şantuklu Kırışmaz Ütü Istemez Tül Perde Pileli Tül,Taç,,https://www.trendyol.com/tac/bambu-santuklu-kirismaz-utu-istemez-tul-perde-pileli-tul-p-233099516?boutiqueId=61&merchantId=281945,Pasamanlar,82,1.39,,,,TRY,"[""Kargo Bedava""]",InStock,50 adetten fazla stok sunulmuştur,Son 3 günde 250+ ürün satıldı!,250,4,18543,,,11072,"4,2B kişinin sepetinde","214,7B kişi favoriledi","Son 24 saatte 1,7B kişi görüntüledi",,,0,,,,Tahmini Teslim:,En Çok Favorilenen 1. Ürün,,{},0,,refreshed,"[""daily_top""]",true,2026-08-14T17:20:10+03:00,0,"[""search_result_dom"",""product_detail_jsonld"",""product_detail_dom""]","{""title"":""observed"",""brand"":""observed"",""seller_name"":""observed"",""seller_score"":""observed"",""price"":""observed"",""original_price"":""unavailable"",""campaigns"":""observed"",""stock_status"":""observed"",""stock_signal"":""observed"",""rating"":""observed"",""rating_count"":""observed"",""review_count"":""unavailable"",""question_count"":""observed"",""delivery_summary"":""observed"",""shipping_cost"":""unavailable"",""properties"":""observed""}",true,
2026-08-14,2026-08-14T17:20:10+03:00,ev-yasam,BEST_SELLER,birlesik-ev-yasam,Trendyol seçili Ev & Yaşam kategorileri / En Çok Satan,137,6,137,137,1,,17,30.5,1118875370,556699,HaBu Lab Dekoratif Tavşan Kürdanlık – Tavşan Biblo Organizer – 3D Baskı Ev Dekoru,HaBu Lab,Dekoratif Obje Biblo,https://www.trendyol.com/habu-lab/dekoratif-tavsan-kurdanlik-tavsan-biblo-organizer-3d-baski-ev-dekoru-p-1118875370?boutiqueId=61&merchantId=556699,Rubatrend Kozmetik,91,34.8,,,,TRY,"[""10 TL Kupon"",""Kargo Bedava"",""Trendyol Plus'a Özel""]",InStock,100 adetten fazla stok sunulmuştur,Son 3 günde 250+ ürün satıldı!,250,4,56,31,,8,"1,9B kişinin sepetinde",16B kişi favoriledi,"Son 24 saatte 1,1B kişi görüntüledi",4999,TRY,0,1,1,4,6 saat 33 dakika içinde sipariş verirsen en geç yarın kargoda!,En Çok Satan 1. Ürün,https://cdn.dsmcdn.com/ty1837/prod/QC_PREP/20260314/00/7dfbd7ac-6f8d-31d8-be77-0dfab1b51d79/1_org_zoom.jpg,"{""Materyal"":""Plastik"",""Renk"":""Beyaz"",""Boyut/Ebat"":""7 x 10"",""Parça Sayısı"":""1"",""Tema / Stil"":""Modern"",""Menşei"":""TR""}",20,4.9,refreshed,"[""daily_top""]",true,2026-08-14T17:20:10+03:00,0,"[""search_result_dom"",""product_detail_jsonld"",""product_detail_dom""]","{""title"":""observed"",""brand"":""observed"",""seller_name"":""observed"",""seller_score"":""observed"",""price"":""observed"",""original_price"":""unavailable"",""campaigns"":""observed"",""stock_status"":""observed"",""stock_signal"":""observed"",""rating"":""observed"",""rating_count"":""observed"",""review_count"":""observed"",""question_count"":""observed"",""delivery_summary"":""observed"",""shipping_cost"":""observed"",""properties"":""observed""}",true,
2026-08-14,2026-08-14T17:20:10+03:00,ev-yasam,BEST_SELLER,birlesik-ev-yasam,Trendyol seçili Ev & Yaşam kategorileri / En Çok Satan,138,6,138,138,1,,25.8,21.7,1101032458,356254,Kiwi KCW-1224 Şarjlı Kablosuz Çırpıcı & Süt Köpürtücü | Paslanmaz Çelik Aparat & Type-C Şarj,Kiwi,Çırpıcı,https://www.trendyol.com/kiwi/kcw-1224-sarjli-kablosuz-cirpici-sut-kopurtucu-paslanmaz-celik-aparat-type-c-sarj-p-1101032458?boutiqueId=61&merchantId=356254,DoganBazaar,9,529,,,,TRY,"[""Kargo Bedava""]",InStock,100 adetten fazla stok sunulmuştur,Son 3 günde 250+ ürün satıldı!,250,4.8,821,398,,105,"2,9B kişinin sepetinde","57,5B kişi favoriledi","Son 24 saatte 1,4B kişi görüntüledi",4999,TRY,0,1,1,4,Tahmini Teslim:,En Çok Satan 1. Ürün,https://cdn.dsmcdn.com/ty1000329/product/media/images/prod/PIM/20260219/12/a384d4b0-a621-4850-9995-2c4b73d14a5e/1_org_zoom.jpg,"{""Materyal"":""Paslanmaz Çelik"",""Parça Sayısı"":""2"",""Menşei"":""TR"",""Bakım Talimatları (Gıda Temas)"":""Elde yıkanmalıdır."",""Gıda Temas Sembolü"":""Evet""}",20,5,refreshed,"[""daily_top""]",true,2026-08-14T17:20:10+03:00,0,"[""search_result_dom"",""product_detail_jsonld"",""product_detail_dom""]","{""title"":""observed"",""brand"":""observed"",""seller_name"":""observed"",""seller_score"":""observed"",""price"":""observed"",""original_price"":""unavailable"",""campaigns"":""observed"",""stock_status"":""observed"",""stock_signal"":""observed"",""rating"":""observed"",""rating_count"":""observed"",""review_count"":""observed"",""question_count"":""observed"",""delivery_summary"":""observed"",""shipping_cost"":""observed"",""properties"":""observed""}",true,
2026-08-14,2026-08-14T17:20:10+03:00,ev-yasam,BEST_SELLER,birlesik-ev-yasam,Trendyol seçili Ev & Yaşam kategorileri / En Çok Satan,139,6,139,139,2,,24.1,23.4,1015629005,128088,FARALYAHOME Doğal Traverten Mermer Yağlık Altlığı -Sıvı sabunluk altlığı-sunumluk 20x10 cm Ahşap Ayaklı,FARALYAHOME,Yemek Tabağı,https://www.trendyol.com/faralyahome/dogal-traverten-mermer-yaglik-altligi-sivi-sabunluk-altligi-sunumluk-20x10-cm-ahsap-ayakli-p-1015629005?boutiqueId=61&merchantId=128088,FARALYAHOME,92,199,,,,TRY,"[""Kargo Bedava"",""Trendyol Plus'a Özel""]",InStock,100 adetten fazla stok sunulmuştur,Son 3 günde 250+ ürün satıldı!,250,4.3,444,245,,55,"4,2B kişinin sepetinde","79,7B kişi favoriledi","Son 24 saatte 2,7B kişi görüntüledi",4999,TRY,0,3,1,6,Tahmini Teslim:,En Çok Satan 2. Ürün,https://cdn.dsmcdn.com/ty1942/prod/QC_ENRICHMENT/20260603/09/edec715a-cc3a-3af1-93a0-1f09b4616cee/1_org_zoom.jpg,"{""Materyal"":""Mermer"",""Parça Sayısı"":""1"",""Renk"":""Bej"",""Boyut/Ebat"":""10 x 20"",""Özellik"":""BPA Free"",""Tema / Stil"":""Doğa"",""Şekil"":""Dikdörtgen"",""Ürün Tipi"":""Sunum Tabağı"",""Menşei"":""TR"",""Bakım Talimatları (Gıda Temas)"":""Gıda ile temas güvenlidir."",""Gıda Temas Sembolü"":""Evet""}",20,5,refreshed,"[""daily_top""]",true,2026-08-14T17:20:10+03:00,0,"[""search_result_dom"",""product_detail_jsonld"",""product_detail_dom""]","{""title"":""observed"",""brand"":""observed"",""seller_name"":""observed"",""seller_score"":""observed"",""price"":""observed"",""original_price"":""unavailable"",""campaigns"":""observed"",""stock_status"":""observed"",""stock_signal"":""observed"",""rating"":""observed"",""rating_count"":""observed"",""review_count"":""observed"",""question_count"":""observed"",""delivery_summary"":""observed"",""shipping_cost"":""observed"",""properties"":""observed""}",true,
2026-08-14,2026-08-14T17:20:10+03:00,ev-yasam,BEST_SELLER,birlesik-ev-yasam,Trendyol seçili Ev & Yaşam kategorileri / En Çok Satan,140,6,140,140,2,,81.5,16,985087537,1131657,"Storlant Kar Beyaz Saten Güneşlik – Fon Veya Tül Fark Etmez, Her Kombine Yakışır! Tüm Odalara Şıklık Katar!",Storlant,,https://www.trendyol.com/storlant/kar-beyaz-saten-guneslik-fon-veya-tul-fark-etmez-her-kombine-yakisir-tum-odalara-siklik-katar-p-985087537?boutiqueId=61&merchantId=1131657,STORLANT,92,0.01,0.02,50,,TRY,"[""Sepette %71 İndirim"",""Süper Fırsat Ürünü"",""Sepette %36 İndirim"",""Kargo Bedava""]",InStock,100 adetten fazla stok sunulmuştur,Son 3 günde 250+ ürün satıldı!,250,4.7,2079,,,261,"1,1B kişinin sepetinde","15,1B kişi favoriledi",Son 24 saatte 549 kişi görüntüledi,,,0,,,,6 saat 33 dakika içinde sipariş verirsen en geç yarın kargoda!,En Çok Satan 2. Ürün,,{},0,,refreshed,"[""daily_top""]",true,2026-08-14T17:20:10+03:00,0,"[""search_result_dom"",""product_detail_jsonld"",""product_detail_dom""]","{""title"":""observed"",""brand"":""observed"",""seller_name"":""observed"",""seller_score"":""observed"",""price"":""observed"",""original_price"":""observed"",""campaigns"":""observed"",""stock_status"":""observed"",""stock_signal"":""observed"",""rating"":""observed"",""rating_count"":""observed"",""review_count"":""unavailable"",""question_count"":""observed"",""delivery_summary"":""observed"",""shipping_cost"":""unavailable"",""properties"":""observed""}",true,
2026-08-14,2026-08-14T17:20:10+03:00,ev-yasam,BEST_SELLER,birlesik-ev-yasam,Trendyol seçili Ev & Yaşam kategorileri / En Çok Satan,141,6,141,141,4,,29.4,18.1,987900284,1142113,Fast Story 4' Lü Beyaz Kaşıklık Seti Mutfak Düzenleyici Çekmece Ve Dolap Içi Organizer Bıçaklık Kepçelik Kutusu,Fast Story,Kaşıklık,https://www.trendyol.com/fast-story/4-lu-beyaz-kasiklik-seti-mutfak-duzenleyici-cekmece-ve-dolap-ici-organizer-bicaklik-kepcelik-kutusu-p-987900284?boutiqueId=61&merchantId=1142113,Fast Story,92,199.5,,,,TRY,"[""Kargo Bedava""]",InStock,100 adetten fazla stok sunulmuştur,Son 3 günde 250+ ürün satıldı!,250,4.3,1908,1120,,116,"1,1B kişinin sepetinde","57,1B kişi favoriledi","Son 24 saatte 1,6B kişi görüntüledi",4999,TRY,0,1,1,4,Tahmini Teslim:,En Çok Satan 4. Ürün,https://cdn.dsmcdn.com/ty1766/prod/QC_ENRICHMENT/20250930/00/1db6dc4d-8198-3392-82e6-e84e2bc72cec/1_org_zoom.jpg,"{""Materyal"":""Plastik"",""Boyut/Ebat"":""30 x 34"",""Renk"":""Beyaz"",""Menşei"":""TR"",""Bakım Talimatları (Gıda Temas)"":""Bulaşık makinesinde yıkanabilir.""}",20,5,refreshed,"[""daily_top""]",true,2026-08-14T17:20:10+03:00,0,"[""search_result_dom"",""product_detail_jsonld"",""product_detail_dom""]","{""title"":""observed"",""brand"":""observed"",""seller_name"":""observed"",""seller_score"":""observed"",""price"":""observed"",""original_price"":""unavailable"",""campaigns"":""observed"",""stock_status"":""observed"",""stock_signal"":""observed"",""rating"":""observed"",""rating_count"":""observed"",""review_count"":""observed"",""question_count"":""observed"",""delivery_summary"":""observed"",""shipping_cost"":""observed"",""properties"":""observed""}",true,
2026-08-14,2026-08-14T17:20:10+03:00,ev-yasam,BEST_SELLER,birlesik-ev-yasam,Trendyol seçili Ev & Yaşam kategorileri / En Çok Satan,142,6,142,142,1,,24.4,23.1,1149715939,323773,Sarkap Home 26 Cm Sardines Mavi Meyve Tabağı ve 4'lü Çerezlik Seti,Sarkap,,https://www.trendyol.com/sarkap/home-26-cm-sardines-mavi-meyve-tabagi-ve-4-lu-cerezlik-seti-p-1149715939?boutiqueId=61&merchantId=323773,SARKAP HOME,86,317.2,,,,TRY,"[""Kargo Bedava""]",InStock,100 adetten fazla stok sunulmuştur,Son 3 günde 250+ ürün satıldı!,250,4.5,266,,,27,"2,6B kişinin sepetinde",72B kişi favoriledi,Son 24 saatte 3B kişi görüntüledi,,,0,,,,Tahmini Teslim:,En Çok Satan 1. Ürün,,{},0,,refreshed,"[""daily_top""]",true,2026-08-14T17:20:10+03:00,0,"[""search_result_dom"",""product_detail_jsonld"",""product_detail_dom""]","{""title"":""observed"",""brand"":""observed"",""seller_name"":""observed"",""seller_score"":""observed"",""price"":""observed"",""original_price"":""unavailable"",""campaigns"":""observed"",""stock_status"":""observed"",""stock_signal"":""observed"",""rating"":""observed"",""rating_count"":""observed"",""review_count"":""unavailable"",""question_count"":""observed"",""delivery_summary"":""observed"",""shipping_cost"":""unavailable"",""properties"":""observed""}",true,
2026-08-14,2026-08-14T17:20:10+03:00,ev-yasam,BEST_SELLER,birlesik-ev-yasam,Trendyol seçili Ev & Yaşam kategorileri / En Çok Satan,143,6,143,143,1,,26.8,20.7,959933156,1143469,ELSA 2'li Bambu Kapaklı Borosilikat Cam Yağlık Sirkelik 900 ml 2 ADET (Bambu Altlık Dahil),ELSA,Yağdanlık,https://www.trendyol.com/elsa/2-li-bambu-kapakli-borosilikat-cam-yaglik-sirkelik-900-ml-2-adet-bambu-altlik-dahil-p-959933156?boutiqueId=61&merchantId=1143469,Elsa Home,84,349,,,,TRY,"[""Sepette %2 İndirim"",""Kargo Bedava""]",InStock,100 adetten fazla stok sunulmuştur,Son 3 günde 250+ ürün satıldı!,250,4,928,533,,89,"1,9B kişinin sepetinde","28,4B kişi favoriledi","Son 24 saatte 1,2B kişi görüntüledi",4999,TRY,0,1,1,4,6 saat 33 dakika içinde sipariş verirsen en geç yarın kargoda!,En Çok Satan 1. Ürün,https://cdn.dsmcdn.com/ty1713/prod/QC_ENRICHMENT/20250726/09/66dac30d-55ec-3106-a290-0b9fcc8a7ed6/1_org_zoom.jpg,"{""Renk"":""Beyaz"",""Hacim"":""900 ml"",""Parça Sayısı"":""3"",""Menşei"":""CN"",""Bakım Talimatları (Gıda Temas)"":""Elde yıkanmalıdır."",""Gıda Temas Sembolü"":""Evet""}",20,5,refreshed,"[""daily_top""]",true,2026-08-14T17:20:10+03:00,0,"[""search_result_dom"",""product_detail_jsonld"",""product_detail_dom""]","{""title"":""observed"",""brand"":""observed"",""seller_name"":""observed"",""seller_score"":""observed"",""price"":""observed"",""original_price"":""unavailable"",""campaigns"":""observed"",""stock_status"":""observed"",""stock_signal"":""observed"",""rating"":""observed"",""rating_count"":""observed"",""review_count"":""observed"",""question_count"":""observed"",""delivery_summary"":""observed"",""shipping_cost"":""observed"",""properties"":""observed""}",true,
2026-08-14,2026-08-14T17:20:10+03:00,ev-yasam,BEST_SELLER,birlesik-ev-yasam,Trendyol seçili Ev & Yaşam kategorileri / En Çok Satan,144,6,144,144,,,36.2,12.5,730688857,109523,BabyLondy 24 Adet Ahşap Görünümlü Plastik A Kalite Siyah Elbise Askı,BabyLondy,Askı,https://www.trendyol.com/babylondy/24-adet-ahsap-gorunumlu-plastik-a-kalite-siyah-elbise-aski-p-730688857?boutiqueId=61&merchantId=109523,ArenaStore,92,285,,,,TRY,"[""Kargo Bedava""]",InStock,100 adetten fazla stok sunulmuştur,Son 3 günde 250+ ürün satıldı!,250,4.6,14515,7876,,338,939 kişinin sepetinde,"133,8B kişi favoriledi",Son 24 saatte 417 kişi görüntüledi,4999,TRY,0,1,1,4,6 saat 33 dakika içinde sipariş verirsen en geç yarın kargoda!,,https://cdn.dsmcdn.com/ty1688/prod/QC_ENRICHMENT/20250603/10/07eabf1b-de59-32ab-b177-38e54d40459c/1_org_zoom.jpg,"{""Materyal"":""Plastik"",""Parça Sayısı"":""24"",""Renk"":""Siyah"",""Kullanım Türü"":""Pantolon"",""Menşei"":""TR""}",20,5,refreshed,"[""daily_top""]",true,2026-08-14T17:20:10+03:00,0,"[""search_result_dom"",""product_detail_jsonld"",""product_detail_dom""]","{""title"":""observed"",""brand"":""observed"",""seller_name"":""observed"",""seller_score"":""observed"",""price"":""observed"",""original_price"":""unavailable"",""campaigns"":""observed"",""stock_status"":""observed"",""stock_signal"":""observed"",""rating"":""observed"",""rating_count"":""observed"",""review_count"":""observed"",""question_count"":""observed"",""delivery_summary"":""observed"",""shipping_cost"":""observed"",""properties"":""observed""}",true,
2026-08-14,2026-08-14T17:20:10+03:00,ev-yasam,BEST_SELLER,birlesik-ev-yasam,Trendyol seçili Ev & Yaşam kategorileri / En Çok Satan,145,7,145,145,,,44.6,30.4,1049456641,612,Madame Coco 2'li Klimalı Yastık - Beyaz/Açık Gri - 50x70 cm,Madame Coco,Yastık,https://www.trendyol.com/madame-coco/2-li-klimali-yastik-beyaz-acik-gri-50x70-cm-p-1049456641?boutiqueId=61&merchantId=612,Madame Coco,,701.99,779.99,10,,TRY,"[""Sepette %10 İndirim"",""Kargo Bedava""]",InStock,100 adetten fazla stok sunulmuştur,Son 3 günde 500+ ürün satıldı!,500,4.4,3980,1182,,101,4B kişinin sepetinde,"75,9B kişi favoriledi","Son 24 saatte 1,7B kişi görüntüledi",4999,TRY,0,1,1,4,Tahmini Teslim:,,https://cdn.dsmcdn.com/ty1789/prod/QC_PREP/20251113/15/a3fdba5a-438e-3db8-9be9-dc41499681bb/1_org_zoom.jpg,"{""Boyut/Ebat"":""50 x 70"",""Dış Materyal"":""Mikrofiber"",""Dolgu Materyali"":""Silikon"",""Renk"":""Çok Renkli"",""Materyal Bileşeni"":""Kumaş 100 Polyester Dolgu 100 Polyester"",""Yıkama Talimatı"":""<p><strong>Yıkama Talimatları:<br></strong>*30 Derecede yıkayınız.<br>*Ütülemeyiniz.<br>*Ağartıcı kullanmayınız.<br>*Makine kurutma yapmayınız.<br>*Kuru temizleme yapılamaz.<br></p>"",""Menşei"":""TR""}",20,5,refreshed,"[""daily_top""]",true,2026-08-14T17:20:10+03:00,0,"[""search_result_dom"",""product_detail_jsonld"",""product_detail_dom""]","{""title"":""observed"",""brand"":""observed"",""seller_name"":""observed"",""seller_score"":""unavailable"",""price"":""observed"",""original_price"":""observed"",""campaigns"":""observed"",""stock_status"":""observed"",""stock_signal"":""observed"",""rating"":""observed"",""rating_count"":""observed"",""review_count"":""observed"",""question_count"":""observed"",""delivery_summary"":""observed"",""shipping_cost"":""observed"",""properties"":""observed""}",true,
2026-08-14,2026-08-14T17:20:10+03:00,ev-yasam,BEST_SELLER,birlesik-ev-yasam,Trendyol seçili Ev & Yaşam kategorileri / En Çok Satan,146,7,146,146,6,,18.4,29.1,1098999169,1024262,"adornazzle 1 Adet Şeffaf Yapışkanlı Askı, Duvar Kancası, Matkap Gerektirmez Askı, İz Bırakmayan Askılık Aparatı",adornazzle,Askılık,https://www.trendyol.com/adornazzle/1-adet-seffaf-yapiskanli-aski-duvar-kancasi-matkap-gerektirmez-aski-iz-birakmayan-askilik-aparati-p-1098999169?boutiqueId=61&merchantId=1024262,ADORNAZZLE,96,16.5,,,,TRY,"[""Kargo Bedava""]",InStock,100 adetten fazla stok sunulmuştur,Son 3 günde 250+ ürün satıldı!,250,4.4,92,47,,4,,"2,7B kişi favoriledi",,4999,TRY,0,1,1,4,Tahmini Teslim:,En Çok Satan 6. Ürün,https://cdn.dsmcdn.com/ty1823/prod/QC_PREP/20260208/16/80a33709-4005-33ff-adc3-baf9293ae8ea/1_org_zoom.jpg,"{""Materyal"":""Plastik"",""Renk"":""Beyaz"",""Yükseklik"":""6 cm"",""Genişlik"":""6 cm"",""Askılık Tipi"":""Duvara Monte"",""Stil"":""Retro"",""Tema / Stil"":""Modern"",""Menşei"":""CN"",""Paket Derinlik"":""6 cm"",""Paket Genişlik"":""9 cm"",""Paket Yükseklik"":""9 cm""}",20,5,refreshed,"[""daily_top""]",true,2026-08-14T17:20:10+03:00,0,"[""search_result_dom"",""product_detail_jsonld"",""product_detail_dom""]","{""title"":""observed"",""brand"":""observed"",""seller_name"":""observed"",""seller_score"":""observed"",""price"":""observed"",""original_price"":""unavailable"",""campaigns"":""observed"",""stock_status"":""observed"",""stock_signal"":""observed"",""rating"":""observed"",""rating_count"":""observed"",""review_count"":""observed"",""question_count"":""observed"",""delivery_summary"":""observed"",""shipping_cost"":""observed"",""properties"":""observed""}",true,
2026-08-14,2026-08-14T17:20:10+03:00,ev-yasam,BEST_SELLER,birlesik-ev-yasam,Trendyol seçili Ev & Yaşam kategorileri / En Çok Satan,147,7,147,147,2,,30.8,16.7,1044259056,438262,Rex Aksesuar 3’lü Hayalet Led Biblo Seti – Dekoratif Lamba| Okuyan – Kalpli – Balonlu Hayalet Masa Üstü Dekor,Rex Aksesuar,,https://www.trendyol.com/rex-aksesuar/3-lu-hayalet-led-biblo-seti-dekoratif-lamba-okuyan-kalpli-balonlu-hayalet-masa-ustu-dekor-p-1044259056?boutiqueId=61&merchantId=438262,Rex Aksesuar,94,199.98,,,,TRY,"[""Kargo Bedava""]",InStock,100 adetten fazla stok sunulmuştur,Son 3 günde 250+ ürün satıldı!,250,4.1,1690,,,145,"3,9B kişinin sepetinde","138,8B kişi favoriledi","Son 24 saatte 1,9B kişi görüntüledi",,,0,,,,Tahmini Teslim:,En Çok Satan 2. Ürün,,{},0,,refreshed,"[""daily_top""]",true,2026-08-14T17:20:10+03:00,0,"[""search_result_dom"",""product_detail_jsonld"",""product_detail_dom""]","{""title"":""observed"",""brand"":""observed"",""seller_name"":""observed"",""seller_score"":""observed"",""price"":""observed"",""original_price"":""unavailable"",""campaigns"":""observed"",""stock_status"":""observed"",""stock_signal"":""observed"",""rating"":""observed"",""rating_count"":""observed"",""review_count"":""unavailable"",""question_count"":""observed"",""delivery_summary"":""observed"",""shipping_cost"":""unavailable"",""properties"":""observed""}",true,
2026-08-14,2026-08-14T17:20:10+03:00,ev-yasam,BEST_SELLER,birlesik-ev-yasam,Trendyol seçili Ev & Yaşam kategorileri / En Çok Satan,148,7,148,148,1,,32.6,14.9,779870658,155934,"BRITA MAXTRA PRO Pure Performance Yedek Su Arıtma Filtresi, 6’lı",BRITA,Sürahi & Karaf,https://www.trendyol.com/brita/maxtra-pro-pure-performance-yedek-su-aritma-filtresi-6-li-p-779870658?boutiqueId=61&merchantId=155934,BRITA,,1327.21,,,,TRY,"[""Kargo Bedava"",""Peşin Fiyatına 3 Taksit""]",InStock,100 adetten fazla stok sunulmuştur,Son 3 günde 250+ ürün satıldı!,250,4.8,7216,2847,,558,915 kişinin sepetinde,"40,2B kişi favoriledi",Son 24 saatte 453 kişi görüntüledi,4999,TRY,0,3,1,6,Tahmini Teslim:,En Çok Satan 1. Ürün,https://cdn.dsmcdn.com/ty1752/prod/QC_ENRICHMENT/20250915/10/c9719985-b2b7-304d-ae29-8def1a93e7d7/1_org_zoom.jpg,"{""Renk"":""Beyaz"",""Hacim"":""150 L"",""Parça Sayısı"":""4+"",""Özellik"":""BPA Free"",""Menşei"":""DE"",""Materyal"":""Plastik"",""Bakım Talimatları (Gıda Temas)"":""Dondurucuda saklanamaz.""}",20,5,refreshed,"[""daily_top""]",true,2026-08-14T17:20:10+03:00,0,"[""search_result_dom"",""product_detail_jsonld"",""product_detail_dom""]","{""title"":""observed"",""brand"":""observed"",""seller_name"":""observed"",""seller_score"":""unavailable"",""price"":""observed"",""original_price"":""unavailable"",""campaigns"":""observed"",""stock_status"":""observed"",""stock_signal"":""observed"",""rating"":""observed"",""rating_count"":""observed"",""review_count"":""observed"",""question_count"":""observed"",""delivery_summary"":""observed"",""shipping_cost"":""observed"",""properties"":""observed""}",true,
2026-08-14,2026-08-14T17:20:10+03:00,ev-yasam,BEST_SELLER,birlesik-ev-yasam,Trendyol seçili Ev & Yaşam kategorileri / En Çok Satan,149,7,149,149,,,29.7,17.8,304891557,168617,Faiend Sandalye Kılıfı Yıkanabilir Likralı Esnek Lastikli Sandalye Örtü,Faiend,,https://www.trendyol.com/faiend/sandalye-kilifi-yikanabilir-likrali-esnek-lastikli-sandalye-ortu-p-304891557?boutiqueId=61&merchantId=168617,Faiend Home,89,68,,,,TRY,"[""Kargo Bedava"",""Trendyol Plus'a Özel""]",InStock,100 adetten fazla stok sunulmuştur,Son 3 günde 250+ ürün satıldı!,250,4.3,1215,,,134,,"8,5B kişi favoriledi",Son 24 saatte 309 kişi görüntüledi,,,0,,,,6 saat 33 dakika içinde sipariş verirsen en geç yarın kargoda!,,,{},0,,refreshed,"[""daily_top""]",true,2026-08-14T17:20:10+03:00,0,"[""search_result_dom"",""product_detail_jsonld"",""product_detail_dom""]","{""title"":""observed"",""brand"":""observed"",""seller_name"":""observed"",""seller_score"":""observed"",""price"":""observed"",""original_price"":""unavailable"",""campaigns"":""observed"",""stock_status"":""observed"",""stock_signal"":""observed"",""rating"":""observed"",""rating_count"":""observed"",""review_count"":""unavailable"",""question_count"":""observed"",""delivery_summary"":""observed"",""shipping_cost"":""unavailable"",""properties"":""observed""}",true,
2026-08-14,2026-08-14T17:20:10+03:00,ev-yasam,BEST_SELLER,birlesik-ev-yasam,Trendyol seçili Ev & Yaşam kategorileri / En Çok Satan,150,7,150,150,2,,30.2,17.3,2088770,890514,Genel Markalar 12'li Muffin Kalıbı,Genel Markalar,,https://www.trendyol.com/genel-markalar/12-li-muffin-kalibi-p-2088770?boutiqueId=61&merchantId=890514,4berry,92,192,,,,TRY,"[""Kargo Bedava""]",InStock,100 adetten fazla stok sunulmuştur,Son 3 günde 250+ ürün satıldı!,250,4.2,1405,,,117,"1,5B kişinin sepetinde","49,5B kişi favoriledi",Son 24 saatte 684 kişi görüntüledi,,,0,,,,6 saat 33 dakika içinde sipariş verirsen en geç yarın kargoda!,En Çok Satan 2. Ürün,,{},0,,refreshed,"[""daily_top""]",true,2026-08-14T17:20:10+03:00,0,"[""search_result_dom"",""product_detail_jsonld"",""product_detail_dom""]","{""title"":""observed"",""brand"":""observed"",""seller_name"":""observed"",""seller_score"":""observed"",""price"":""observed"",""original_price"":""unavailable"",""campaigns"":""observed"",""stock_status"":""observed"",""stock_signal"":""observed"",""rating"":""observed"",""rating_count"":""observed"",""review_count"":""unavailable"",""question_count"":""observed"",""delivery_summary"":""observed"",""shipping_cost"":""unavailable"",""properties"":""observed""}",true,
2026-08-14,2026-08-14T17:20:10+03:00,ev-yasam,BEST_SELLER,birlesik-ev-yasam,Trendyol seçili Ev & Yaşam kategorileri / En Çok Satan,151,7,151,151,,,33.4,14.1,898542774,180667,Nandy Home SmartDuo İki Bölmeli Çamaşır Sepeti 84Lt.,Nandy Home,,https://www.trendyol.com/nandy-home/smartduo-iki-bolmeli-camasir-sepeti-84lt-p-898542774?boutiqueId=61&merchantId=180667,Nandy Home,,1105.97,,,,TRY,"[""Kargo Bedava"",""Peşin Fiyatına 3 Taksit""]",InStock,100 adetten fazla stok sunulmuştur,Son 3 günde 250+ ürün satıldı!,250,4.5,3505,,,170,"3,3B kişinin sepetinde","178,2B kişi favoriledi","Son 24 saatte 3,5B kişi görüntüledi",,,0,,,,6 saat 33 dakika içinde sipariş verirsen en geç yarın kargoda!,En Çok Ziyaret Edilen 2. Ürün,,{},0,,refreshed,"[""daily_top""]",true,2026-08-14T17:20:10+03:00,0,"[""search_result_dom"",""product_detail_jsonld"",""product_detail_dom""]","{""title"":""observed"",""brand"":""observed"",""seller_name"":""observed"",""seller_score"":""unavailable"",""price"":""observed"",""original_price"":""unavailable"",""campaigns"":""observed"",""stock_status"":""observed"",""stock_signal"":""observed"",""rating"":""observed"",""rating_count"":""observed"",""review_count"":""unavailable"",""question_count"":""observed"",""delivery_summary"":""observed"",""shipping_cost"":""unavailable"",""properties"":""observed""}",true,
2026-08-14,2026-08-14T17:20:10+03:00,ev-yasam,BEST_SELLER,birlesik-ev-yasam,Trendyol seçili Ev & Yaşam kategorileri / En Çok Satan,152,7,152,152,3,,27.2,20.3,953032164,463574,"PARLAPACK Plastik Tatlı Kasesi 50 ADET 200 CC Kübik Prizma KaseKAPAKSIZ Magnolya,Puding,Meze,Tiramisu",PARLAPACK,Kase,https://www.trendyol.com/parlapack/plastik-tatli-kasesi-50-adet-200-cc-kubik-prizma-kasekapaksiz-magnolya-puding-meze-tiramisu-p-953032164?boutiqueId=61&merchantId=463574,ELF TEKNO,89,270,,,,TRY,"[""Kargo Bedava""]",InStock,100 adetten fazla stok sunulmuştur,Son 3 günde 250+ ürün satıldı!,250,4.3,1204,587,,137,"2,3B kişinin sepetinde","96,5B kişi favoriledi","Son 24 saatte 1,1B kişi görüntüledi",4999,TRY,0,1,1,4,Tahmini Teslim:,En Çok Satan 3. Ürün,https://cdn.dsmcdn.com/ty1774/prod/QC_ENRICHMENT/20251015/10/e8d0cf65-3f57-3178-8773-a96f80ce04ae/1_org_zoom.jpg,"{""Parça Sayısı"":""6+"",""Hacim"":""200 ml"",""Ürün Tipi"":""Kase"",""Renk"":""Gri"",""Menşei"":""TR"",""Materyal"":""Sert Plastik"",""Bakım Talimatları (Gıda Temas)"":""Elde yıkanmalıdır."",""Gıda Temas Sembolü"":""Hayır""}",20,5,refreshed,"[""daily_top""]",true,2026-08-14T17:20:10+03:00,0,"[""search_result_dom"",""product_detail_jsonld"",""product_detail_dom""]","{""title"":""observed"",""brand"":""observed"",""seller_name"":""observed"",""seller_score"":""observed"",""price"":""observed"",""original_price"":""unavailable"",""campaigns"":""observed"",""stock_status"":""observed"",""stock_signal"":""observed"",""rating"":""observed"",""rating_count"":""observed"",""review_count"":""observed"",""question_count"":""observed"",""delivery_summary"":""observed"",""shipping_cost"":""observed"",""properties"":""observed""}",true,
2026-08-14,2026-08-14T17:20:10+03:00,ev-yasam,BEST_SELLER,birlesik-ev-yasam,Trendyol seçili Ev & Yaşam kategorileri / En Çok Satan,153,7,153,153,5,,17.7,29.8,1163778739,693895,Leila Kristal Mika Sunum Tepsisi - Pirinç Kaplama Metal Kulplu Şeffaf Organizer 25x21 cm,Leila,,https://www.trendyol.com/leila/kristal-mika-sunum-tepsisi-pirinc-kaplama-metal-kulplu-seffaf-organizer-25x21-cm-p-1163778739?boutiqueId=61&merchantId=693895,Leila Home,87,349,,,,TRY,"[""Kargo Bedava""]",InStock,100 adetten fazla stok sunulmuştur,Son 3 günde 250+ ürün satıldı!,250,4.3,38,,,13,975 kişinin sepetinde,"8,6B kişi favoriledi","Son 24 saatte 1,3B kişi görüntüledi",,,0,,,,6 saat 32 dakika içinde sipariş verirsen en geç yarın kargoda!,En Çok Satan 5. Ürün,,{},0,,refreshed,"[""daily_top""]",true,2026-08-14T17:20:10+03:00,0,"[""search_result_dom"",""product_detail_jsonld"",""product_detail_dom""]","{""title"":""observed"",""brand"":""observed"",""seller_name"":""observed"",""seller_score"":""observed"",""price"":""observed"",""original_price"":""unavailable"",""campaigns"":""observed"",""stock_status"":""observed"",""stock_signal"":""observed"",""rating"":""observed"",""rating_count"":""observed"",""review_count"":""unavailable"",""question_count"":""observed"",""delivery_summary"":""observed"",""shipping_cost"":""unavailable"",""properties"":""observed""}",true,
2026-08-14,2026-08-14T17:20:10+03:00,ev-yasam,BEST_SELLER,birlesik-ev-yasam,Trendyol seçili Ev & Yaşam kategorileri / En Çok Satan,154,7,154,154,,,34.4,13.1,794694788,550676,zabata Yapışkanlı Raflı Kağıt Rulo Havluluk Peçetelik Havlu Kağıltlık Siyah Banyo Mutfak Düzenleyici Raf,zabata,Peçetelik,https://www.trendyol.com/zabata/yapiskanli-rafli-kagit-rulo-havluluk-pecetelik-havlu-kagiltlik-siyah-banyo-mutfak-duzenleyici-raf-p-794694788?boutiqueId=61&merchantId=550676,Zabata Türkiye,94,149,,,,TRY,"[""Kargo Bedava""]",InStock,100 adetten fazla stok sunulmuştur,Son 3 günde 250+ ürün satıldı!,250,4.6,9017,4720,,458,"1,8B kişinin sepetinde","110,6B kişi favoriledi",Son 24 saatte 674 kişi görüntüledi,4999,TRY,0,1,1,4,Tahmini Teslim:,,https://cdn.dsmcdn.com/ty1646/prod/QC/20250228/17/9a0a41ff-31f1-3e62-beb4-e92a56d169b6/1_org_zoom.jpg,"{""Renk"":""Siyah"",""Menşei"":""TR""}",20,5,refreshed,"[""daily_top""]",true,2026-08-14T17:20:10+03:00,0,"[""search_result_dom"",""product_detail_jsonld"",""product_detail_dom""]","{""title"":""observed"",""brand"":""observed"",""seller_name"":""observed"",""seller_score"":""observed"",""price"":""observed"",""original_price"":""unavailable"",""campaigns"":""observed"",""stock_status"":""observed"",""stock_signal"":""observed"",""rating"":""observed"",""rating_count"":""observed"",""review_count"":""observed"",""question_count"":""observed"",""delivery_summary"":""observed"",""shipping_cost"":""observed"",""properties"":""observed""}",true,
2026-08-14,2026-08-14T17:20:10+03:00,ev-yasam,BEST_SELLER,birlesik-ev-yasam,Trendyol seçili Ev & Yaşam kategorileri / En Çok Satan,155,7,155,155,,,41.1,12.5,303965226,737675,"SUPERPUP Saklama Kabı 10 Adet 2 Lt Kilitli, Dondurucu,buzdolabı,erzak,oyuncak,yemek,kahve,malzeme Kutusu,gıda",SUPERPUP,Saklama Kabı,https://www.trendyol.com/superpup/saklama-kabi-10-adet-2-lt-kilitli-dondurucu-buzdolabi-erzak-oyuncak-yemek-kahve-malzeme-kutusu-gida-p-303965226?boutiqueId=61&merchantId=737675,SUPERPUP,,189.9,199.9,5,,TRY,"[""Sepette %5 İndirim"",""Kargo Bedava""]",InStock,100 adetten fazla stok sunulmuştur,Son 3 günde 250+ ürün satıldı!,250,4.5,12739,7699,,513,"1,2B kişinin sepetinde","163,8B kişi favoriledi",Son 24 saatte 680 kişi görüntüledi,4999,TRY,0,3,1,6,6 saat 32 dakika içinde sipariş verirsen en geç yarın kargoda!,,https://cdn.dsmcdn.com/ty1585/prod/QC/20241014/13/b5868920-983b-375a-a8a3-ecc988b6ddf2/1_org_zoom.jpg,"{""Materyal"":""Plastik"",""Parça Sayısı"":""10'lu"",""Renk"":""Beyaz"",""Hacim"":""2 L"",""Menşei"":""TR"",""Bakım Talimatları (Gıda Temas)"":""Ürünün kullanım ömrünü korumak için ürüne özel bakım talimatlarını takip ediniz.""}",20,5,refreshed,"[""daily_top""]",true,2026-08-14T17:20:10+03:00,0,"[""search_result_dom"",""product_detail_jsonld"",""product_detail_dom""]","{""title"":""observed"",""brand"":""observed"",""seller_name"":""observed"",""seller_score"":""unavailable"",""price"":""observed"",""original_price"":""observed"",""campaigns"":""observed"",""stock_status"":""observed"",""stock_signal"":""observed"",""rating"":""observed"",""rating_count"":""observed"",""review_count"":""observed"",""question_count"":""observed"",""delivery_summary"":""observed"",""shipping_cost"":""observed"",""properties"":""observed""}",true,
2026-08-14,2026-08-14T17:20:10+03:00,ev-yasam,BEST_SELLER,birlesik-ev-yasam,Trendyol seçili Ev & Yaşam kategorileri / En Çok Satan,156,7,156,156,,,29.3,18.2,1017995556,311492,KAMİZ Bohem Runner Masa Örtüsü Doğal Bej Modern Ev Dekoru Düğün Nişan Masa Örtüsü Çeyiz Seti %100 Pamuk,KAMİZ,,https://www.trendyol.com/kamiz/bohem-runner-masa-ortusu-dogal-bej-modern-ev-dekoru-dugun-nisan-masa-ortusu-ceyiz-seti-100-pamuk-p-1017995556?boutiqueId=61&merchantId=311492,KAMİZ,,299.9,,,,TRY,"[""Kargo Bedava""]",InStock,100 adetten fazla stok sunulmuştur,Son 3 günde 250+ ürün satıldı!,250,4.5,1101,,,123,"2,1B kişinin sepetinde","147,2B kişi favoriledi","Son 24 saatte 1,7B kişi görüntüledi",,,0,,,,Tahmini Teslim:,En Çok Ziyaret Edilen 3. Ürün,,{},0,,refreshed,"[""daily_top""]",true,2026-08-14T17:20:10+03:00,0,"[""search_result_dom"",""product_detail_jsonld"",""product_detail_dom""]","{""title"":""observed"",""brand"":""observed"",""seller_name"":""observed"",""seller_score"":""unavailable"",""price"":""observed"",""original_price"":""unavailable"",""campaigns"":""observed"",""stock_status"":""observed"",""stock_signal"":""observed"",""rating"":""observed"",""rating_count"":""observed"",""review_count"":""unavailable"",""question_count"":""observed"",""delivery_summary"":""observed"",""shipping_cost"":""unavailable"",""properties"":""observed""}",true,
2026-08-14,2026-08-14T17:20:10+03:00,ev-yasam,BEST_SELLER,birlesik-ev-yasam,Trendyol seçili Ev & Yaşam kategorileri / En Çok Satan,157,7,157,157,2,,27.3,20.2,803104355,430442,"Genel Markalar Ütü Altı Tüm Ütülere Uyumlu Teflon Ütü Tabanı, Yanmaz Yapışmaz Kumaşı Parlatmayan Ütü Taban Altlığı",Genel Markalar,Ütü Masası ve Aksesuarı,https://www.trendyol.com/genel-markalar/utu-alti-tum-utulere-uyumlu-teflon-utu-tabani-yanmaz-yapismaz-kumasi-parlatmayan-utu-taban-altligi-p-803104355?boutiqueId=61&merchantId=430442,Shiro,95,126.42,,,,TRY,"[""Son 10 Günün En Düşük Fiyatı"",""Kargo Bedava"",""Trendyol Plus'a Özel""]",InStock,100 adetten fazla stok sunulmuştur,Son 3 günde 250+ ürün satıldı!,250,4.5,1250,616,,63,698 kişinin sepetinde,"6,2B kişi favoriledi",Son 24 saatte 606 kişi görüntüledi,4999,TRY,0,1,1,4,Tahmini Teslim:,En Çok Satan 2. Ürün,https://cdn.dsmcdn.com/ty1159/product/media/images/prod/SPM/PIM/20240203/17/b499ab60-27c4-3eed-82c0-222218c1737d/1_org_zoom.jpg,"{""Renk"":""Krem"",""Menşei"":""UM""}",20,5,refreshed,"[""daily_top""]",true,2026-08-14T17:20:10+03:00,0,"[""search_result_dom"",""product_detail_jsonld"",""product_detail_dom""]","{""title"":""observed"",""brand"":""observed"",""seller_name"":""observed"",""seller_score"":""observed"",""price"":""observed"",""original_price"":""unavailable"",""campaigns"":""observed"",""stock_status"":""observed"",""stock_signal"":""observed"",""rating"":""observed"",""rating_count"":""observed"",""review_count"":""observed"",""question_count"":""observed"",""delivery_summary"":""observed"",""shipping_cost"":""observed"",""properties"":""observed""}",true,
2026-08-14,2026-08-14T17:20:10+03:00,ev-yasam,BEST_SELLER,birlesik-ev-yasam,Trendyol seçili Ev & Yaşam kategorileri / En Çok Satan,158,7,158,158,,,34.8,12.7,939718795,311492,KAMİZ Fırfırlı Keten Runner & 6'lı Fıfırlı Supla Seti - 7 Parça Çeyiz Seti,KAMİZ,,https://www.trendyol.com/kamiz/firfirli-keten-runner-6-li-fifirli-supla-seti-7-parca-ceyiz-seti-p-939718795?boutiqueId=61&merchantId=311492,KAMİZ,,251.6,,,,TRY,"[""Kargo Bedava"",""Trendyol Plus'a Özel""]",InStock,100 adetten fazla stok sunulmuştur,Son 3 günde 250+ ürün satıldı!,250,4.3,5334,,,343,5B kişinin sepetinde,"416,3B kişi favoriledi",Son 24 saatte 3B kişi görüntüledi,,,0,,,,Tahmini Teslim:,,,{},0,,refreshed,"[""daily_top""]",true,2026-08-14T17:20:10+03:00,0,"[""search_result_dom"",""product_detail_jsonld"",""product_detail_dom""]","{""title"":""observed"",""brand"":""observed"",""seller_name"":""observed"",""seller_score"":""unavailable"",""price"":""observed"",""original_price"":""unavailable"",""campaigns"":""observed"",""stock_status"":""observed"",""stock_signal"":""observed"",""rating"":""observed"",""rating_count"":""observed"",""review_count"":""unavailable"",""question_count"":""observed"",""delivery_summary"":""observed"",""shipping_cost"":""unavailable"",""properties"":""observed""}",true,
2026-08-14,2026-08-14T17:20:10+03:00,ev-yasam,BEST_SELLER,birlesik-ev-yasam,Trendyol seçili Ev & Yaşam kategorileri / En Çok Satan,159,7,159,159,5,,31.4,16.1,785995262,111097,gogidigo aradığın o 4 Adet (80*100) cm Vakumlu Hurç Yorgan Hurcu Valiz Düzenleyici Gardırop Düzenleyici Vakumlu Poşet,gogidigo aradığın o,,https://www.trendyol.com/gogidigo-aradigin-o/4-adet-80-100-cm-vakumlu-hurc-yorgan-hurcu-valiz-duzenleyici-gardirop-duzenleyici-vakumlu-poset-p-785995262?boutiqueId=61&merchantId=111097,Gogidigo,86,439.9,,,,TRY,"[""Kargo Bedava""]",InStock,100 adetten fazla stok sunulmuştur,Son 3 günde 250+ ürün satıldı!,250,3.8,1969,,,264,1B kişinin sepetinde,"60,8B kişi favoriledi",Son 24 saatte 584 kişi görüntüledi,,,0,,,,6 saat 32 dakika içinde sipariş verirsen en geç yarın kargoda!,En Çok Satan 5. Ürün,,{},0,,refreshed,"[""daily_top""]",true,2026-08-14T17:20:10+03:00,0,"[""search_result_dom"",""product_detail_jsonld"",""product_detail_dom""]","{""title"":""observed"",""brand"":""observed"",""seller_name"":""observed"",""seller_score"":""observed"",""price"":""observed"",""original_price"":""unavailable"",""campaigns"":""observed"",""stock_status"":""observed"",""stock_signal"":""observed"",""rating"":""observed"",""rating_count"":""observed"",""review_count"":""unavailable"",""question_count"":""observed"",""delivery_summary"":""observed"",""shipping_cost"":""unavailable"",""properties"":""observed""}",true,
2026-08-14,2026-08-14T17:20:10+03:00,ev-yasam,BEST_SELLER,birlesik-ev-yasam,Trendyol seçili Ev & Yaşam kategorileri / En Çok Satan,160,7,160,160,4,,27.2,20.3,696895360,1243177,"Metsar Home 10’lu Şeffaf Kadın Ayakkabı Saklama Kutusu – Hava Delikli, Istiflenebilir Organizer",Metsar Home,Ayakkabı Düzenleyici,https://www.trendyol.com/metsar-home/10-lu-seffaf-kadin-ayakkabi-saklama-kutusu-hava-delikli-istiflenebilir-organizer-p-696895360?boutiqueId=61&merchantId=1243177,BAMPLAST,91,381.36,,,,TRY,"[""Kargo Bedava""]",InStock,100 adetten fazla stok sunulmuştur,Son 3 günde 250+ ürün satıldı!,250,4.4,1176,588,,70,"1,7B kişinin sepetinde","34,4B kişi favoriledi","Son 24 saatte 1,3B kişi görüntüledi",4999,TRY,0,1,1,4,Tahmini Teslim:,En Çok Satan 4. Ürün,https://cdn.dsmcdn.com/ty1703/prod/QC_ENRICHMENT/20250629/18/001bea9c-0510-3f0f-b9e6-352fa228c525/1_org_zoom.jpg,"{""Materyal"":""Plastik"",""Parça Sayısı"":""10"",""Renk"":""Beyaz"",""Menşei"":""TR""}",20,5,refreshed,"[""daily_top""]",true,2026-08-14T17:20:10+03:00,0,"[""search_result_dom"",""product_detail_jsonld"",""product_detail_dom""]","{""title"":""observed"",""brand"":""observed"",""seller_name"":""observed"",""seller_score"":""observed"",""price"":""observed"",""original_price"":""unavailable"",""campaigns"":""observed"",""stock_status"":""observed"",""stock_signal"":""observed"",""rating"":""observed"",""rating_count"":""observed"",""review_count"":""observed"",""question_count"":""observed"",""delivery_summary"":""observed"",""shipping_cost"":""observed"",""properties"":""observed""}",true,
2026-08-14,2026-08-14T17:20:10+03:00,ev-yasam,BEST_SELLER,birlesik-ev-yasam,Trendyol seçili Ev & Yaşam kategorileri / En Çok Satan,161,7,161,161,,,26.2,21.3,1075158610,716966,Dream Time Collagen Luxury Sıvı Geçirmez Özel Kutulu Alez | Anti-Aging | Anti-Alerjik | Anti-Bakteriyel,Dream Time,Alez,https://www.trendyol.com/dream-time/collagen-luxury-sivi-gecirmez-ozel-kutulu-alez-anti-aging-anti-alerjik-anti-bakteriyel-p-1075158610?boutiqueId=61&merchantId=716966,Dream Time,,295.48,,,,TRY,"[""Son 10 Günün En Düşük Fiyatı"",""Kargo Bedava"",""Trendyol Plus'a Özel""]",InStock,100 adetten fazla stok sunulmuştur,Son 3 günde 250+ ürün satıldı!,250,4.7,813,447,,305,3B kişinin sepetinde,"45,3B kişi favoriledi","Son 24 saatte 2,1B kişi görüntüledi",4999,TRY,0,1,1,4,6 saat 32 dakika içinde sipariş verirsen en geç yarın kargoda!,En Çok Ziyaret Edilen 2. Ürün,https://cdn.dsmcdn.com/ty1854/prod/QC_ENRICHMENT/20260412/11/e33636be-7ba5-3283-a129-a5fe7b1138b3/1_org_zoom.jpg,"{""Materyal"":""Bambu + Polyester"",""Renk"":""Beyaz"",""Özellik"":""Su Geçirmez"",""Materyal Bileşeni"":""Collagen 3D Örme Üst Yüzey + Sıvı Geçirmez PU Membran"",""Yıkama Talimatı"":""T44"",""Paket İçeriği"":""1'li"",""Menşei"":""TR""}",20,5,refreshed,"[""daily_top""]",true,2026-08-14T17:20:10+03:00,0,"[""search_result_dom"",""product_detail_jsonld"",""product_detail_dom""]","{""title"":""observed"",""brand"":""observed"",""seller_name"":""observed"",""seller_score"":""unavailable"",""price"":""observed"",""original_price"":""unavailable"",""campaigns"":""observed"",""stock_status"":""observed"",""stock_signal"":""observed"",""rating"":""observed"",""rating_count"":""observed"",""review_count"":""observed"",""question_count"":""observed"",""delivery_summary"":""observed"",""shipping_cost"":""observed"",""properties"":""observed""}",true,
2026-08-14,2026-08-14T17:20:10+03:00,ev-yasam,BEST_SELLER,birlesik-ev-yasam,Trendyol seçili Ev & Yaşam kategorileri / En Çok Satan,162,7,162,162,6,,25.6,21.9,1057360917,958798,EJMEL JAKAR KUMAŞ Sandalye Kılıfı Büyük Oval Yıkanabilir Streç Lastikli kumaş Sandalye Örtüsü 1 Adet,EJMEL,,https://www.trendyol.com/ejmel/jakar-kumas-sandalye-kilifi-buyuk-oval-yikanabilir-strec-lastikli-kumas-sandalye-ortusu-1-adet-p-1057360917?boutiqueId=61&merchantId=958798,Arzu Home,92,128.25,,,,TRY,"[""Kargo Bedava""]",InStock,100 adetten fazla stok sunulmuştur,Son 3 günde 250+ ürün satıldı!,250,4.4,377,,,205,384 kişinin sepetinde,"10,9B kişi favoriledi",,,,0,,,,Tahmini Teslim:,En Çok Satan 6. Ürün,,{},0,,refreshed,"[""daily_top""]",true,2026-08-14T17:20:10+03:00,0,"[""search_result_dom"",""product_detail_jsonld"",""product_detail_dom""]","{""title"":""observed"",""brand"":""observed"",""seller_name"":""observed"",""seller_score"":""observed"",""price"":""observed"",""original_price"":""unavailable"",""campaigns"":""observed"",""stock_status"":""observed"",""stock_signal"":""observed"",""rating"":""observed"",""rating_count"":""observed"",""review_count"":""unavailable"",""question_count"":""observed"",""delivery_summary"":""observed"",""shipping_cost"":""unavailable"",""properties"":""observed""}",true,
2026-08-14,2026-08-14T17:20:10+03:00,ev-yasam,BEST_SELLER,birlesik-ev-yasam,Trendyol seçili Ev & Yaşam kategorileri / En Çok Satan,163,7,163,163,1,,29,18.5,1045490651,107143,Decorev Renkli Desenli 2’li Metal Patates Soğan Saklama Kabı Seti DC-6766,Decorev,Sebzelik,https://www.trendyol.com/decorev/renkli-desenli-2-li-metal-patates-sogan-saklama-kabi-seti-dc-6766-p-1045490651?boutiqueId=61&merchantId=107143,Decorev,,499,,,,TRY,"[""Kargo Bedava""]",InStock,100 adetten fazla stok sunulmuştur,Son 3 günde 250+ ürün satıldı!,250,4.7,1793,1011,,154,"2,2B kişinin sepetinde","97,4B kişi favoriledi","Son 24 saatte 3,3B kişi görüntüledi",4999,TRY,0,1,1,4,Tahmini Teslim:,En Çok Satan 1. Ürün,https://cdn.dsmcdn.com/ty1790/prod/QC_ENRICHMENT/20251115/13/bb5c86d3-8b53-32e3-a9ef-655271575993/1_org_zoom.jpg,"{""Boyut/Ebat"":""20 x 25"",""Materyal"":""Metal"",""Menşei"":""TR"",""Gıda Temas Sembolü"":""Evet"",""Bakım Talimatları (Gıda Temas)"":""Elde yıkanmalıdır.""}",20,5,refreshed,"[""daily_top""]",true,2026-08-14T17:20:10+03:00,0,"[""search_result_dom"",""product_detail_jsonld"",""product_detail_dom""]","{""title"":""observed"",""brand"":""observed"",""seller_name"":""observed"",""seller_score"":""unavailable"",""price"":""observed"",""original_price"":""unavailable"",""campaigns"":""observed"",""stock_status"":""observed"",""stock_signal"":""observed"",""rating"":""observed"",""rating_count"":""observed"",""review_count"":""observed"",""question_count"":""observed"",""delivery_summary"":""observed"",""shipping_cost"":""observed"",""properties"":""observed""}",true,
2026-08-14,2026-08-14T17:20:10+03:00,ev-yasam,BEST_SELLER,birlesik-ev-yasam,Trendyol seçili Ev & Yaşam kategorileri / En Çok Satan,164,7,164,164,,,38.2,12.5,222724283,106931,valletta Drongo Isıya Dayanıklı Yanmaz Yapışmaz Silikon Spatula Seti 6 Parça Siyah,valletta,,https://www.trendyol.com/valletta/drongo-isiya-dayanikli-yanmaz-yapismaz-silikon-spatula-seti-6-parca-siyah-p-222724283?boutiqueId=61&merchantId=106931,valletta,,289.8,,,,TRY,"[""Kargo Bedava""]",InStock,100 adetten fazla stok sunulmuştur,Son 3 günde 250+ ürün satıldı!,250,4.8,14008,,,519,"2,4B kişinin sepetinde","248,3B kişi favoriledi","Son 24 saatte 1,7B kişi görüntüledi",,,0,,,,Tahmini Teslim:,,,{},0,,refreshed,"[""daily_top""]",true,2026-08-14T17:20:10+03:00,0,"[""search_result_dom"",""product_detail_jsonld"",""product_detail_dom""]","{""title"":""observed"",""brand"":""observed"",""seller_name"":""observed"",""seller_score"":""unavailable"",""price"":""observed"",""original_price"":""unavailable"",""campaigns"":""observed"",""stock_status"":""observed"",""stock_signal"":""observed"",""rating"":""observed"",""rating_count"":""observed"",""review_count"":""unavailable"",""question_count"":""observed"",""delivery_summary"":""observed"",""shipping_cost"":""unavailable"",""properties"":""observed""}",true,
2026-08-14,2026-08-14T17:20:10+03:00,ev-yasam,BEST_SELLER,birlesik-ev-yasam,Trendyol seçili Ev & Yaşam kategorileri / En Çok Satan,165,7,165,165,9,,23.5,24,881397577,180667,Nandy Home 20'li Set Kendinden Kapaklı Derin Dondurucuya Uygun Saklama Kabı 1 Lt.,Nandy Home,Saklama Kabı,https://www.trendyol.com/nandy-home/20-li-set-kendinden-kapakli-derin-dondurucuya-uygun-saklama-kabi-1-lt-p-881397577?boutiqueId=61&merchantId=180667,Nandy Home,20,287.29,,,,TRY,"[""Kargo Bedava"",""Trendyol Plus'a Özel""]",InStock,50 adetten fazla stok sunulmuştur,Son 3 günde 250+ ürün satıldı!,250,4.1,417,205,,49,"1,5B kişinin sepetinde","38,2B kişi favoriledi","Son 24 saatte 1,8B kişi görüntüledi",4999,TRY,0,1,1,4,6 saat 32 dakika içinde sipariş verirsen en geç yarın kargoda!,En Çok Satan 9. Ürün,https://cdn.dsmcdn.com/ty1928/prod/QC_ENRICHMENT/20260520/17/72580a14-2712-3618-8fd2-a897dbb36dab/1_org_zoom.jpg,"{""Materyal"":""Plastik"",""Parça Sayısı"":""19-25"",""Renk"":""Beyaz"",""Hacim"":""1 L"",""Menşei"":""TR"",""Bakım Talimatları (Gıda Temas)"":""Ürünün kullanım ömrünü korumak için ürüne özel bakım talimatlarını takip ediniz.""}",20,5,refreshed,"[""daily_top""]",true,2026-08-14T17:20:10+03:00,0,"[""search_result_dom"",""product_detail_jsonld"",""product_detail_dom""]","{""title"":""observed"",""brand"":""observed"",""seller_name"":""observed"",""seller_score"":""observed"",""price"":""observed"",""original_price"":""unavailable"",""campaigns"":""observed"",""stock_status"":""observed"",""stock_signal"":""observed"",""rating"":""observed"",""rating_count"":""observed"",""review_count"":""observed"",""question_count"":""observed"",""delivery_summary"":""observed"",""shipping_cost"":""observed"",""properties"":""observed""}",true,
2026-08-14,2026-08-14T17:20:10+03:00,ev-yasam,BEST_SELLER,birlesik-ev-yasam,Trendyol seçili Ev & Yaşam kategorileri / En Çok Satan,166,7,166,166,,,33.8,13.7,84034772,123944,Mislina Home Micro Classic Sıvı Su Geçirmez Fitted Full Kenar Tek Çift Kişilik Bebek Çocuk Yatak Koruyucu Alezi,Mislina Home,Alez,https://www.trendyol.com/mislina-home/micro-classic-sivi-su-gecirmez-fitted-full-kenar-tek-cift-kisilik-bebek-cocuk-yatak-koruyucu-alezi-p-84034772?boutiqueId=61&merchantId=123944,Mislina Home,,100.84,,,,TRY,"[""Kargo Bedava"",""Trendyol Plus'a Özel""]",InStock,100 adetten fazla stok sunulmuştur,Son 3 günde 250+ ürün satıldı!,250,4.5,7490,3928,,831,"1,3B kişinin sepetinde","67,3B kişi favoriledi",Son 24 saatte 690 kişi görüntüledi,4999,TRY,0,1,1,4,Tahmini Teslim:,,https://cdn.dsmcdn.com/ty1704/prod/QC_ENRICHMENT/20250704/12/904e6e5b-3c16-3c75-aec3-c2c2a2ceef8e/1_org_zoom.jpg,"{""Materyal"":""Polyester"",""Renk"":""Beyaz"",""Özellik"":""Su Geçirmez"",""Materyal Bileşeni"":""100% Polyester"",""Yıkama Talimatı"":""T44"",""Paket İçeriği"":""1'li"",""Menşei"":""TR""}",20,5,refreshed,"[""daily_top""]",true,2026-08-14T17:20:10+03:00,0,"[""search_result_dom"",""product_detail_jsonld"",""product_detail_dom""]","{""title"":""observed"",""brand"":""observed"",""seller_name"":""observed"",""seller_score"":""unavailable"",""price"":""observed"",""original_price"":""unavailable"",""campaigns"":""observed"",""stock_status"":""observed"",""stock_signal"":""observed"",""rating"":""observed"",""rating_count"":""observed"",""review_count"":""observed"",""question_count"":""observed"",""delivery_summary"":""observed"",""shipping_cost"":""observed"",""properties"":""observed""}",true,
2026-08-14,2026-08-14T17:20:10+03:00,ev-yasam,BEST_SELLER,birlesik-ev-yasam,Trendyol seçili Ev & Yaşam kategorileri / En Çok Satan,167,7,167,167,,,31,16.5,149011157,1155941,Genel Markalar Plastik Askılı Dolap Düzenleyici Dolap Içi Askılı Düzenleyici Beyaz,Genel Markalar,Dolap İçi Düzenleyici,https://www.trendyol.com/genel-markalar/plastik-askili-dolap-duzenleyici-dolap-ici-askili-duzenleyici-beyaz-p-149011157?boutiqueId=61&merchantId=1155941,TİDY HOME,94,75,,,,TRY,"[""Kargo Bedava"",""Trendyol Plus'a Özel""]",InStock,100 adetten fazla stok sunulmuştur,Son 3 günde 250+ ürün satıldı!,250,4.1,3379,1791,,116,"1,3B kişinin sepetinde","83,3B kişi favoriledi",Son 24 saatte 507 kişi görüntüledi,4999,TRY,0,1,1,4,Tahmini Teslim:,,https://cdn.dsmcdn.com/ty1704/prod/QC_ENRICHMENT/20250707/20/73f00bfe-0c5d-30e3-9239-6162794dc3e2/1_org_zoom.jpg,"{""Parça Sayısı"":""1"",""Materyal"":""Plastik"",""Boyut/Ebat"":""35 x 50"",""Renk"":""Gri"",""Materyal Bileşeni"":""%100 Plastik"",""Menşei"":""TR""}",20,5,refreshed,"[""daily_top""]",true,2026-08-14T17:20:10+03:00,0,"[""search_result_dom"",""product_detail_jsonld"",""product_detail_dom""]","{""title"":""observed"",""brand"":""observed"",""seller_name"":""observed"",""seller_score"":""observed"",""price"":""observed"",""original_price"":""unavailable"",""campaigns"":""observed"",""stock_status"":""observed"",""stock_signal"":""observed"",""rating"":""observed"",""rating_count"":""observed"",""review_count"":""observed"",""question_count"":""observed"",""delivery_summary"":""observed"",""shipping_cost"":""observed"",""properties"":""observed""}",true,
2026-08-14,2026-08-14T17:20:10+03:00,ev-yasam,BEST_SELLER,birlesik-ev-yasam,Trendyol seçili Ev & Yaşam kategorileri / En Çok Satan,168,7,168,168,,,27.3,20.2,852793084,111097,ARVALE Pratik 1 Adet Güçlü Yapışkanlı Duvar Vidası Matkap Delme Yok - Elbise Çervece Askısı Çivi,ARVALE,Askı,https://www.trendyol.com/arvale/pratik-1-adet-guclu-yapiskanli-duvar-vidasi-matkap-delme-yok-elbise-cervece-askisi-civi-p-852793084?boutiqueId=61&merchantId=111097,Gogidigo,86,18.9,,,,TRY,"[""Kargo Bedava""]",InStock,100 adetten fazla stok sunulmuştur,Son 3 günde 250+ ürün satıldı!,250,4.1,1230,612,,68,,"25,3B kişi favoriledi",,4999,TRY,0,1,1,4,6 saat 32 dakika içinde sipariş verirsen en geç yarın kargoda!,,https://cdn.dsmcdn.com/ty1843/prod/QC_ENRICHMENT/20260324/10/8a961941-1e44-3a86-ac28-92276ecd1428/1_org_zoom.jpg,"{""Materyal"":""Metal"",""Parça Sayısı"":""1"",""Renk"":""Beyaz"",""Kullanım Türü"":""Elbise"",""Menşei"":""CN""}",20,5,refreshed,"[""daily_top""]",true,2026-08-14T17:20:10+03:00,0,"[""search_result_dom"",""product_detail_jsonld"",""product_detail_dom""]","{""title"":""observed"",""brand"":""observed"",""seller_name"":""observed"",""seller_score"":""observed"",""price"":""observed"",""original_price"":""unavailable"",""campaigns"":""observed"",""stock_status"":""observed"",""stock_signal"":""observed"",""rating"":""observed"",""rating_count"":""observed"",""review_count"":""observed"",""question_count"":""observed"",""delivery_summary"":""observed"",""shipping_cost"":""observed"",""properties"":""observed""}",true,
2026-08-14,2026-08-14T17:20:10+03:00,ev-yasam,BEST_SELLER,birlesik-ev-yasam,Trendyol seçili Ev & Yaşam kategorileri / En Çok Satan,169,8,169,169,1,,25.6,21.9,944094852,137544,"Kitchen Beauty Tüm Lavabolara Uygun Paslanmaz Çelik Lavabo Süzgeci 7,5 Cm Evye Süzgeç",Kitchen Beauty,Süzgeç,https://www.trendyol.com/kitchen-beauty/tum-lavabolara-uygun-paslanmaz-celik-lavabo-suzgeci-7-5-cm-evye-suzgec-p-944094852?boutiqueId=61&merchantId=137544,Eymen Ticaret,89,49.98,,,,TRY,"[""Kargo Bedava""]",InStock,100 adetten fazla stok sunulmuştur,Son 3 günde 250+ ürün satıldı!,250,4.4,799,371,,46,894 kişinin sepetinde,36B kişi favoriledi,Son 24 saatte 406 kişi görüntüledi,4999,TRY,0,1,1,4,Tahmini Teslim:,En Çok Satan 1. Ürün,https://cdn.dsmcdn.com/ty1694/prod/QC_PREP/20250611/18/4c4c7472-dd9b-3977-9fe4-38996ae9d5bb/1_org_zoom.jpg,"{""Materyal"":""Paslanmaz Çelik"",""Parça Sayısı"":""1 Parça"",""Menşei"":""TR"",""Bakım Talimatları (Gıda Temas)"":""Ürünün kullanım ömrünü korumak için ürüne özel bakım talimatlarını takip ediniz.""}",20,5,refreshed,"[""daily_top""]",true,2026-08-14T17:20:10+03:00,0,"[""search_result_dom"",""product_detail_jsonld"",""product_detail_dom""]","{""title"":""observed"",""brand"":""observed"",""seller_name"":""observed"",""seller_score"":""observed"",""price"":""observed"",""original_price"":""unavailable"",""campaigns"":""observed"",""stock_status"":""observed"",""stock_signal"":""observed"",""rating"":""observed"",""rating_count"":""observed"",""review_count"":""observed"",""question_count"":""observed"",""delivery_summary"":""observed"",""shipping_cost"":""observed"",""properties"":""observed""}",true,
2026-08-14,2026-08-14T17:20:10+03:00,ev-yasam,BEST_SELLER,birlesik-ev-yasam,Trendyol seçili Ev & Yaşam kategorileri / En Çok Satan,170,8,170,170,1,,27.3,20.2,384037037,106777,Bella Maison Pamuklu Liberty Kurulama Bezi Seti 3'lü Bej (45x65 cm),Bella Maison,Mutfak Havlusu Kurulama Bezi,https://www.trendyol.com/bella-maison/pamuklu-liberty-kurulama-bezi-seti-3-lu-bej-45x65-cm-p-384037037?boutiqueId=61&merchantId=106777,Bella Maison,,176.28,,,,TRY,"[""Kargo Bedava"",""Trendyol Plus'a Özel""]",InStock,100 adetten fazla stok sunulmuştur,Son 3 günde 250+ ürün satıldı!,250,4.7,1275,617,,11,"2,6B kişinin sepetinde","69,4B kişi favoriledi",Son 24 saatte 981 kişi görüntüledi,4999,TRY,0,1,1,4,Tahmini Teslim:,En Çok Satan 1. Ürün,https://cdn.dsmcdn.com/ty1831/prod/QC_ENRICHMENT/20260228/19/600d9025-a8a5-3068-b8ae-f67cbcfbbf73/1_org_zoom.jpg,"{""Setli/Tekil"":""Setli Ürün"",""Boyut/Ebat"":""45 x 65"",""Renk"":""Bej"",""Materyal"":""Müslin"",""Parça Sayısı"":""3"",""Desen"":""Nakışlı / İşlemeli"",""Yıkama Talimatı"":""Type 1"",""Materyal Bileşeni"":""100% Pamuk"",""Menşei"":""TR""}",20,5,refreshed,"[""daily_top""]",true,2026-08-14T17:20:10+03:00,0,"[""search_result_dom"",""product_detail_jsonld"",""product_detail_dom""]","{""title"":""observed"",""brand"":""observed"",""seller_name"":""observed"",""seller_score"":""unavailable"",""price"":""observed"",""original_price"":""unavailable"",""campaigns"":""observed"",""stock_status"":""observed"",""stock_signal"":""observed"",""rating"":""observed"",""rating_count"":""observed"",""review_count"":""observed"",""question_count"":""observed"",""delivery_summary"":""observed"",""shipping_cost"":""observed"",""properties"":""observed""}",true,
2026-08-14,2026-08-14T17:20:10+03:00,ev-yasam,BEST_SELLER,birlesik-ev-yasam,Trendyol seçili Ev & Yaşam kategorileri / En Çok Satan,171,8,171,171,1,,28.8,18.7,639345680,638780,BEYZANA Ikea Model Paslanmaz Sarımsak Ezici,BEYZANA,Sarımsak Ezici,https://www.trendyol.com/beyzana/ikea-model-paslanmaz-sarimsak-ezici-p-639345680?boutiqueId=61&merchantId=638780,BEYZANA,,189.99,,,,TRY,"[""Kargo Bedava""]",InStock,100 adetten fazla stok sunulmuştur,Son 3 günde 250+ ürün satıldı!,250,4.3,1806,930,,62,"2,3B kişinin sepetinde","57,4B kişi favoriledi",Son 24 saatte 720 kişi görüntüledi,4999,TRY,0,3,1,6,6 saat 32 dakika içinde sipariş verirsen en geç yarın kargoda!,En Çok Satan 1. Ürün,https://cdn.dsmcdn.com/ty1922/prod/QC_ENRICHMENT/20260803/16/3087c7fc-b03e-36d2-ba85-406b91d8cc0d/1_org_zoom.jpg,"{""Materyal"":""Çelik"",""Diğer Özellikler"":""Paslanmaz Çelik"",""Menşei"":""PN"",""Bakım Talimatları (Gıda Temas)"":""Ürünün kullanım ömrünü korumak için ürüne özel bakım talimatlarını takip ediniz.""}",20,5,refreshed,"[""daily_top""]",true,2026-08-14T17:20:10+03:00,0,"[""search_result_dom"",""product_detail_jsonld"",""product_detail_dom""]","{""title"":""observed"",""brand"":""observed"",""seller_name"":""observed"",""seller_score"":""unavailable"",""price"":""observed"",""original_price"":""unavailable"",""campaigns"":""observed"",""stock_status"":""observed"",""stock_signal"":""observed"",""rating"":""observed"",""rating_count"":""observed"",""review_count"":""observed"",""question_count"":""observed"",""delivery_summary"":""observed"",""shipping_cost"":""observed"",""properties"":""observed""}",true,
2026-08-14,2026-08-14T17:20:10+03:00,ev-yasam,BEST_SELLER,birlesik-ev-yasam,Trendyol seçili Ev & Yaşam kategorileri / En Çok Satan,172,8,172,172,1,,24.7,22.8,1109550995,1192316,bituclass 3 ÇITALI 4 KATLI EKO DEKORATİF MASİF AHŞAP PLASTİK AYAKKABILIK (MDF DEĞİLDİR.mdf kolay kırılır !!!),bituclass,Ayakkabılık,https://www.trendyol.com/bituclass/3-citali-4-katli-eko-dekoratif-masif-ahsap-plastik-ayakkabilik-mdf-degildir-mdf-kolay-kirilir-p-1109550995?boutiqueId=61&merchantId=1192316,Arasla Tasarla,93,169,,,,TRY,"[""Kargo Bedava""]",InStock,100 adetten fazla stok sunulmuştur,Son 3 günde 250+ ürün satıldı!,250,3.3,563,292,,30,2B kişinin sepetinde,"20,3B kişi favoriledi","Son 24 saatte 1,4B kişi görüntüledi",4999,TRY,0,1,1,4,Tahmini Teslim:,En Çok Satan 1. Ürün,https://cdn.dsmcdn.com/ty1918/prod/QC_PREP/20260512/12/01d5067c-a56a-3457-9a80-1577081a3ece/1_org_zoom.jpg,"{""Materyal"":""Ahşap"",""Renk"":""Siyah"",""Yükseklik"":""64 cm"",""Genişlik"":""49 cm"",""Derinlik"":""18 cm"",""Garanti Süresi"":""1 Yıl"",""Stil"":""Modern"",""Tema / Stil"":""Modern"",""Menşei"":""TR""}",20,5,refreshed,"[""daily_top""]",true,2026-08-14T17:20:10+03:00,0,"[""search_result_dom"",""product_detail_jsonld"",""product_detail_dom""]","{""title"":""observed"",""brand"":""observed"",""seller_name"":""observed"",""seller_score"":""observed"",""price"":""observed"",""original_price"":""unavailable"",""campaigns"":""observed"",""stock_status"":""observed"",""stock_signal"":""observed"",""rating"":""observed"",""rating_count"":""observed"",""review_count"":""observed"",""question_count"":""observed"",""delivery_summary"":""observed"",""shipping_cost"":""observed"",""properties"":""observed""}",true,
2026-08-14,2026-08-14T17:20:10+03:00,ev-yasam,BEST_SELLER,birlesik-ev-yasam,Trendyol seçili Ev & Yaşam kategorileri / En Çok Satan,173,8,173,173,3,,27,3,689251914,534748,"Ocean Home Textile 6'lı Bej Balıksırtı Valiz Düzenleyici Bavul Içi Organizer Set, Seyahat Hurcu",Ocean Home Textile,Bavul İçi Düzenleyici,https://www.trendyol.com/ocean-home-textile/6-li-bej-baliksirti-valiz-duzenleyici-bavul-ici-organizer-set-seyahat-hurcu-p-689251914?boutiqueId=61&merchantId=534748,Ocean Home Textile,6,302.57,,,,TRY,"[""Sepette %35 İndirim"",""Süper Fırsat Ürünü"",""Kargo Bedava"",""Trendyol Plus'a Özel""]",InStock,100 adetten fazla stok sunulmuştur,Son 3 günde 250+ ürün satıldı!,,4.7,4457,2368,,82,,,,4999,TRY,0,1,1,4,Tahmini Teslim:,En Çok Satan 3. Ürün,https://cdn.dsmcdn.com/ty1505/product/media/images/prod/QC/20240827/08/82169b62-3cb0-35cf-8718-0289305ca18c/1_org_zoom.jpg,"{""Renk"":""Bej"",""Materyal Bileşeni"":""%100 Polipropilen"",""Menşei"":""TR""}",20,5,refreshed,"[""daily_top""]",true,2026-08-14T17:20:10+03:00,0,"[""search_result_dom"",""product_detail_jsonld"",""product_detail_dom""]","{""title"":""observed"",""brand"":""observed"",""seller_name"":""observed"",""seller_score"":""observed"",""price"":""observed"",""original_price"":""unavailable"",""campaigns"":""observed"",""stock_status"":""observed"",""stock_signal"":""observed"",""rating"":""observed"",""rating_count"":""observed"",""review_count"":""observed"",""question_count"":""observed"",""delivery_summary"":""observed"",""shipping_cost"":""observed"",""properties"":""observed""}",true,
2026-08-14,2026-08-14T17:20:10+03:00,ev-yasam,BEST_SELLER,birlesik-ev-yasam,Trendyol seçili Ev & Yaşam kategorileri / En Çok Satan,174,8,174,174,8,,18,12,1078280855,958798,EJMEL A Kalite Elma sandalye kılıfı bohem sandalye kılıfı esnek kumaş lastikli model 2 parça,EJMEL,,https://www.trendyol.com/ejmel/a-kalite-elma-sandalye-kilifi-bohem-sandalye-kilifi-esnek-kumas-lastikli-model-2-parca-p-1078280855?boutiqueId=61&merchantId=958798,Arzu Home,92,96,,,,TRY,"[""Kargo Bedava""]",InStock,100 adetten fazla stok sunulmuştur,,,4.7,176,,,108,300 kişinin sepetinde,3B kişi favoriledi,,,,0,,,,Tahmini Teslim:,En Çok Satan 8. Ürün,,{},0,,refreshed,"[""daily_top""]",true,2026-08-14T17:20:10+03:00,0,"[""search_result_dom"",""product_detail_jsonld"",""product_detail_dom""]","{""title"":""observed"",""brand"":""observed"",""seller_name"":""observed"",""seller_score"":""observed"",""price"":""observed"",""original_price"":""unavailable"",""campaigns"":""observed"",""stock_status"":""observed"",""stock_signal"":""observed"",""rating"":""observed"",""rating_count"":""observed"",""review_count"":""unavailable"",""question_count"":""observed"",""delivery_summary"":""observed"",""shipping_cost"":""unavailable"",""properties"":""observed""}",true,
2026-08-14,2026-08-14T17:20:10+03:00,ev-yasam,BEST_SELLER,birlesik-ev-yasam,Trendyol seçili Ev & Yaşam kategorileri / En Çok Satan,175,8,175,175,,,29.9,0.1,58836675,106771,Yataş Handy 2'li Roll Pack Yastık Seti 50x70 cm,Yataş,Yastık,https://www.trendyol.com/yatas/handy-2-li-roll-pack-yastik-seti-50x70-cm-p-58836675?boutiqueId=61&merchantId=106771,Yataş,,479.9,,,,TRY,"[""Kargo Bedava""]",InStock,100 adetten fazla stok sunulmuştur,,,4.5,9834,5396,,428,"1,7B kişinin sepetinde","123,7B kişi favoriledi",Son 24 saatte 901 kişi görüntüledi,4999,TRY,0,1,1,4,6 saat 31 dakika içinde sipariş verirsen en geç yarın kargoda!,,https://cdn.dsmcdn.com/ty1717/prod/QC_ENRICHMENT/20250728/15/3e8742ab-7d77-3435-a6a9-f44f2c346950/1_org_zoom.jpg,"{""Boyut/Ebat"":""50 x 70"",""Dış Materyal"":""Polyester"",""Dolgu Materyali"":""Elyaf"",""Renk"":""Beyaz"",""Özellik"":""Antibakteriyel"",""Ağırlık"":""500 - 649 gr"",""Materyal Bileşeni"":""100% Mikrofiber"",""Yıkama Talimatı"":""T44"",""Menşei"":""TR""}",20,5,refreshed,"[""daily_top""]",true,2026-08-14T17:20:10+03:00,0,"[""search_result_dom"",""product_detail_jsonld"",""product_detail_dom""]","{""title"":""observed"",""brand"":""observed"",""seller_name"":""observed"",""seller_score"":""unavailable"",""price"":""observed"",""original_price"":""unavailable"",""campaigns"":""observed"",""stock_status"":""observed"",""stock_signal"":""observed"",""rating"":""observed"",""rating_count"":""observed"",""review_count"":""observed"",""question_count"":""observed"",""delivery_summary"":""observed"",""shipping_cost"":""observed"",""properties"":""observed""}",true,
2026-08-14,2026-08-14T17:20:10+03:00,ev-yasam,BEST_SELLER,birlesik-ev-yasam,Trendyol seçili Ev & Yaşam kategorileri / En Çok Satan,176,8,176,176,,,36.1,12.5,31525977,116314,Magic Saver Bag 8’li Vakumlu Poşet Set-1,Magic Saver Bag,,https://www.trendyol.com/magic-saver-bag/8-li-vakumlu-poset-set-1-p-31525977?boutiqueId=61&merchantId=116314,Blacc,88,519.9,,,,TRY,"[""Kargo Bedava"",""Trendyol Plus'a Özel""]",InStock,100 adetten fazla stok sunulmuştur,Son 3 günde 250+ ürün satıldı!,250,3.9,7646,,,536,"1,1B kişinin sepetinde","85,8B kişi favoriledi",Son 24 saatte 741 kişi görüntüledi,,,0,,,,Tahmini Teslim:,,,{},0,,refreshed,"[""daily_top""]",true,2026-08-14T17:20:10+03:00,0,"[""search_result_dom"",""product_detail_jsonld"",""product_detail_dom""]","{""title"":""observed"",""brand"":""observed"",""seller_name"":""observed"",""seller_score"":""observed"",""price"":""observed"",""original_price"":""unavailable"",""campaigns"":""observed"",""stock_status"":""observed"",""stock_signal"":""observed"",""rating"":""observed"",""rating_count"":""observed"",""review_count"":""unavailable"",""question_count"":""observed"",""delivery_summary"":""observed"",""shipping_cost"":""unavailable"",""properties"":""observed""}",true,
2026-08-14,2026-08-14T17:20:10+03:00,ev-yasam,BEST_SELLER,birlesik-ev-yasam,Trendyol seçili Ev & Yaşam kategorileri / En Çok Satan,177,8,177,177,,,33.2,14.3,864018959,113025,Raschel Carpet Krem Yumuşak Bubble Kaymaz Özel Taban Peluş Halı Yolluk,Raschel Carpet,Halı,https://www.trendyol.com/raschel-carpet/krem-yumusak-bubble-kaymaz-ozel-taban-pelus-hali-yolluk-p-864018959?boutiqueId=61&merchantId=113025,Balat Halı,85,99.9,,,,TRY,"[""50 TL Kupon"",""Kargo Bedava"",""Trendyol Plus'a Özel""]",InStock,100 adetten fazla stok sunulmuştur,Son 3 günde 250+ ürün satıldı!,250,4,5317,3348,,1898,"3,8B kişinin sepetinde","213,9B kişi favoriledi","Son 24 saatte 2,7B kişi görüntüledi",4999,TRY,0,1,1,4,Tahmini Teslim:,En Çok Favorilenen 2. Ürün,https://cdn.dsmcdn.com/ty1582/prod/QC/20241010/22/2b1de4bd-8db5-3b2e-a698-131289342c45/1_org_zoom.jpg,"{""Özellik"":""Kaymaz Taban"",""Materyal"":""Polyester"",""Tema / Stil"":""Modern"",""Renk"":""Bej"",""Üretim Şekli"":""Makine Halısı"",""Taban"":""Jel"",""Şekil"":""Dikdörtgen"",""Hav Yüksekliği"":""Kalın (12 mm +)"",""Kullanım Alanı"":""Salon / Oturma Odası"",""Saçak Tipi"":""Saçaksız (Overlok)"",""Menşei"":""TR"",""Paket Yükseklik"":""49 cm"",""Paket Derinlik"":""49 cm"",""Paket Genişlik"":""49 cm""}",20,5,refreshed,"[""daily_top""]",true,2026-08-14T17:20:10+03:00,0,"[""search_result_dom"",""product_detail_jsonld"",""product_detail_dom""]","{""title"":""observed"",""brand"":""observed"",""seller_name"":""observed"",""seller_score"":""observed"",""price"":""observed"",""original_price"":""unavailable"",""campaigns"":""observed"",""stock_status"":""observed"",""stock_signal"":""observed"",""rating"":""observed"",""rating_count"":""observed"",""review_count"":""observed"",""question_count"":""observed"",""delivery_summary"":""observed"",""shipping_cost"":""observed"",""properties"":""observed""}",true,
2026-08-14,2026-08-14T17:20:10+03:00,ev-yasam,BEST_SELLER,birlesik-ev-yasam,Trendyol seçili Ev & Yaşam kategorileri / En Çok Satan,178,8,178,178,,,27.5,2.5,857639824,661551,Yapay Çiçek Deposu Yapay Çiçek Top Krizantem 7li Mini Kartopu Demeti 28 cm Beyaz,Yapay Çiçek Deposu,,https://www.trendyol.com/yapay-cicek-deposu/yapay-cicek-top-krizantem-7li-mini-kartopu-demeti-28-cm-beyaz-p-857639824?boutiqueId=61&merchantId=661551,Çiçekburada,93,189.9,,,,TRY,"[""Kargo Bedava""]",InStock,100 adetten fazla stok sunulmuştur,,,4.4,2762,,,221,"2,1B kişinin sepetinde","199,4B kişi favoriledi","Son 24 saatte 1,6B kişi görüntüledi",,,0,,,,Tahmini Teslim:,En Çok Favorilenen 4. Ürün,,{},0,,refreshed,"[""daily_top""]",true,2026-08-14T17:20:10+03:00,0,"[""search_result_dom"",""product_detail_jsonld"",""product_detail_dom""]","{""title"":""observed"",""brand"":""observed"",""seller_name"":""observed"",""seller_score"":""observed"",""price"":""observed"",""original_price"":""unavailable"",""campaigns"":""observed"",""stock_status"":""observed"",""stock_signal"":""observed"",""rating"":""observed"",""rating_count"":""observed"",""review_count"":""unavailable"",""question_count"":""observed"",""delivery_summary"":""observed"",""shipping_cost"":""unavailable"",""properties"":""observed""}",true,
2026-08-14,2026-08-14T17:20:10+03:00,ev-yasam,BEST_SELLER,birlesik-ev-yasam,Trendyol seçili Ev & Yaşam kategorileri / En Çok Satan,179,8,179,179,,,18.8,11.2,991234148,208222,Kitchen Life 10 Adet 1000ml Kapaklı Derin Dondurucu Difriz Saklama Kabı - Buzdolabı Düzenleyici Buzluk Erzak Kabı,Kitchen Life,Saklama Kabı,https://www.trendyol.com/kitchen-life/10-adet-1000ml-kapakli-derin-dondurucu-difriz-saklama-kabi-buzdolabi-duzenleyici-buzluk-erzak-kabi-p-991234148?boutiqueId=61&merchantId=208222,Kitchen Life,10,189.9,,,,TRY,"[""Kargo Bedava""]",InStock,100 adetten fazla stok sunulmuştur,,,4.2,468,220,,14,997 kişinin sepetinde,"23,9B kişi favoriledi",Son 24 saatte 976 kişi görüntüledi,4999,TRY,0,1,1,4,Tahmini Teslim:,,https://cdn.dsmcdn.com/ty1937/prod/QC_ENRICHMENT/20260728/15/ae1ab236-241b-3eba-829a-5e7cfb914db3/1_org_zoom.jpg,"{""Materyal"":""Plastik"",""Parça Sayısı"":""10"",""Renk"":""Şeffaf"",""Menşei"":""TR"",""Bakım Talimatları (Gıda Temas)"":""Ürünün kullanım ömrünü korumak için ürüne özel bakım talimatlarını takip ediniz.""}",20,5,refreshed,"[""daily_top""]",true,2026-08-14T17:20:10+03:00,0,"[""search_result_dom"",""product_detail_jsonld"",""product_detail_dom""]","{""title"":""observed"",""brand"":""observed"",""seller_name"":""observed"",""seller_score"":""observed"",""price"":""observed"",""original_price"":""unavailable"",""campaigns"":""observed"",""stock_status"":""observed"",""stock_signal"":""observed"",""rating"":""observed"",""rating_count"":""observed"",""review_count"":""observed"",""question_count"":""observed"",""delivery_summary"":""observed"",""shipping_cost"":""observed"",""properties"":""observed""}",true,
2026-08-14,2026-08-14T17:20:10+03:00,ev-yasam,BEST_SELLER,birlesik-ev-yasam,Trendyol seçili Ev & Yaşam kategorileri / En Çok Satan,180,8,180,180,,,33.1,19.4,1051805192,737675,SUPERPUP STREÇ FOLYO RULO ORGANİZERİ 3 KATLI DÜZENLEYİCİ YAPIŞKANLI SAKLAMA KABI HEDİYELİ,SUPERPUP,Düzenleyici,https://www.trendyol.com/superpup/strec-folyo-rulo-organizeri-3-katli-duzenleyici-yapiskanli-saklama-kabi-hediyeli-p-1051805192?boutiqueId=61&merchantId=737675,SUPERPUP,,71.24,74.99,5,,TRY,"[""Sepette %5 İndirim"",""Kargo Bedava""]",InStock,100 adetten fazla stok sunulmuştur,Son 3 günde 250+ ürün satıldı!,250,4.4,1623,781,,58,"2,1B kişinin sepetinde","147,6B kişi favoriledi",Son 24 saatte 770 kişi görüntüledi,4999,TRY,0,1,1,4,6 saat 31 dakika içinde sipariş verirsen en geç yarın kargoda!,En Çok Favorilenen 1. Ürün,https://cdn.dsmcdn.com/ty1861/prod/QC_ENRICHMENT/20260427/18/08d7853a-77a2-383e-bfe4-cca4ab59dce5/1_org_zoom.jpg,"{""Parça Sayısı"":""2"",""Materyal"":""Plastik"",""Menşei"":""TR"",""Bakım Talimatları (Genel)"":""Nemli bir bezle silin."",""Renk"":""Beyaz""}",20,5,refreshed,"[""daily_top""]",true,2026-08-14T17:20:10+03:00,0,"[""search_result_dom"",""product_detail_jsonld"",""product_detail_dom""]","{""title"":""observed"",""brand"":""observed"",""seller_name"":""observed"",""seller_score"":""unavailable"",""price"":""observed"",""original_price"":""observed"",""campaigns"":""observed"",""stock_status"":""observed"",""stock_signal"":""observed"",""rating"":""observed"",""rating_count"":""observed"",""review_count"":""observed"",""question_count"":""observed"",""delivery_summary"":""observed"",""shipping_cost"":""observed"",""properties"":""observed""}",true,
2026-08-14,2026-08-14T17:20:10+03:00,ev-yasam,BEST_SELLER,birlesik-ev-yasam,Trendyol seçili Ev & Yaşam kategorileri / En Çok Satan,181,8,181,181,9,,19.2,10.8,1057360920,958798,EJMEL JAKAR KUMAŞ Sandalye Kılıfı Büyük Oval Yıkanabilir Streç Lastikli kumaş Sandalye Örtüsü 1 Adet,EJMEL,,https://www.trendyol.com/ejmel/jakar-kumas-sandalye-kilifi-buyuk-oval-yikanabilir-strec-lastikli-kumas-sandalye-ortusu-1-adet-p-1057360920?boutiqueId=61&merchantId=958798,Arzu Home,92,126.97,,,,TRY,"[""Kargo Bedava""]",InStock,100 adetten fazla stok sunulmuştur,,,4.4,248,,,134,406 kişinin sepetinde,"5,8B kişi favoriledi",,,,0,,,,Tahmini Teslim:,En Çok Satan 9. Ürün,,{},0,,refreshed,"[""daily_top""]",true,2026-08-14T17:20:10+03:00,0,"[""search_result_dom"",""product_detail_jsonld"",""product_detail_dom""]","{""title"":""observed"",""brand"":""observed"",""seller_name"":""observed"",""seller_score"":""observed"",""price"":""observed"",""original_price"":""unavailable"",""campaigns"":""observed"",""stock_status"":""observed"",""stock_signal"":""observed"",""rating"":""observed"",""rating_count"":""observed"",""review_count"":""unavailable"",""question_count"":""observed"",""delivery_summary"":""observed"",""shipping_cost"":""unavailable"",""properties"":""observed""}",true,
2026-08-14,2026-08-14T17:20:10+03:00,ev-yasam,BEST_SELLER,birlesik-ev-yasam,Trendyol seçili Ev & Yaşam kategorileri / En Çok Satan,182,8,182,182,3,,30.5,17,1073912522,698529,Senpai NaturaLux Pamuklu Bohem Koltuk Oturma Yerini Kapatan Çekyat Berjer Örtüsü Şalı | 100x210 Krem,Senpai,,https://www.trendyol.com/senpai/naturalux-pamuklu-bohem-koltuk-oturma-yerini-kapatan-cekyat-berjer-ortusu-sali-100x210-krem-p-1073912522?boutiqueId=61&merchantId=698529,Senpai Home,96,199.9,,,,TRY,"[""1 TL Kupon"",""Kargo Bedava"",""Trendyol Plus'a Özel""]",InStock,100 adetten fazla stok sunulmuştur,Son 3 günde 250+ ürün satıldı!,250,4.4,1554,,,240,"1,5B kişinin sepetinde","46,8B kişi favoriledi","Son 24 saatte 1,9B kişi görüntüledi",,,0,,,,Tahmini Teslim:,En Çok Satan 3. Ürün,,{},0,,refreshed,"[""daily_top""]",true,2026-08-14T17:20:10+03:00,0,"[""search_result_dom"",""product_detail_jsonld"",""product_detail_dom""]","{""title"":""observed"",""brand"":""observed"",""seller_name"":""observed"",""seller_score"":""observed"",""price"":""observed"",""original_price"":""unavailable"",""campaigns"":""observed"",""stock_status"":""observed"",""stock_signal"":""observed"",""rating"":""observed"",""rating_count"":""observed"",""review_count"":""unavailable"",""question_count"":""observed"",""delivery_summary"":""observed"",""shipping_cost"":""unavailable"",""properties"":""observed""}",true,
2026-08-14,2026-08-14T17:20:10+03:00,ev-yasam,BEST_SELLER,birlesik-ev-yasam,Trendyol seçili Ev & Yaşam kategorileri / En Çok Satan,183,8,183,183,1,,26.3,21.2,757506433,193645,DECOMALL Tek Parça Beyaz Folyo Kaplamayapışkanlı Mutfak Dolapı Mobilya Kaplama Fayans Kaplama,DECOMALL,Yapışkanlı Folyo,https://www.trendyol.com/decomall/tek-parca-beyaz-folyo-kaplamayapiskanli-mutfak-dolapi-mobilya-kaplama-fayans-kaplama-p-757506433?boutiqueId=61&merchantId=193645,DECOMALL,91,96.6,,,,TRY,"[""Kargo Bedava""]",InStock,100 adetten fazla stok sunulmuştur,Son 3 günde 250+ ürün satıldı!,250,3.9,851,453,,1969,790 kişinin sepetinde,"37,6B kişi favoriledi",Son 24 saatte 905 kişi görüntüledi,4999,TRY,0,1,1,4,6 saat 31 dakika içinde sipariş verirsen en geç yarın kargoda!,En Çok Satan 1. Ürün,https://cdn.dsmcdn.com/ty994/product/media/images/prod/SPM/PIM/20230902/01/cec67272-4126-3190-b534-907ded55dcb9/1_org_zoom.jpg,"{""Renk"":""Beyaz"",""Menşei"":""TR""}",20,5,refreshed,"[""daily_top""]",true,2026-08-14T17:20:10+03:00,0,"[""search_result_dom"",""product_detail_jsonld"",""product_detail_dom""]","{""title"":""observed"",""brand"":""observed"",""seller_name"":""observed"",""seller_score"":""observed"",""price"":""observed"",""original_price"":""unavailable"",""campaigns"":""observed"",""stock_status"":""observed"",""stock_signal"":""observed"",""rating"":""observed"",""rating_count"":""observed"",""review_count"":""observed"",""question_count"":""observed"",""delivery_summary"":""observed"",""shipping_cost"":""observed"",""properties"":""observed""}",true,
2026-08-14,2026-08-14T17:20:10+03:00,ev-yasam,BEST_SELLER,birlesik-ev-yasam,Trendyol seçili Ev & Yaşam kategorileri / En Çok Satan,184,8,184,184,,,22.7,7.3,870238213,244060,Metsar Home 2 Katlı Çok Amaçlı Makyaj Organizeri - Takı Düzenleyici Banyo Rafı Şampuanlık,Metsar Home,Makyaj Organizerı,https://www.trendyol.com/metsar-home/2-katli-cok-amacli-makyaj-organizeri-taki-duzenleyici-banyo-rafi-sampuanlik-p-870238213?boutiqueId=61&merchantId=244060,Metsar Home,2,188.91,,,,TRY,"[""Kargo Bedava""]",InStock,100 adetten fazla stok sunulmuştur,,,4.3,1228,690,,88,"2,4B kişinin sepetinde",74B kişi favoriledi,"Son 24 saatte 1,3B kişi görüntüledi",4999,TRY,0,1,1,4,Tahmini Teslim:,,https://cdn.dsmcdn.com/ty1923/prod/QC_ENRICHMENT/20260711/20/c1f23639-f480-3090-9f25-4a08a3881d5b/1_org_zoom.jpg,"{""Parça Sayısı"":""3"",""Materyal"":""Akrilik"",""Renk"":""Siyah"",""Menşei"":""TR"",""Bölme Sayısı"":""3"",""Persona"":""Minimal comfort""}",20,5,refreshed,"[""daily_top""]",true,2026-08-14T17:20:10+03:00,0,"[""search_result_dom"",""product_detail_jsonld"",""product_detail_dom""]","{""title"":""observed"",""brand"":""observed"",""seller_name"":""observed"",""seller_score"":""observed"",""price"":""observed"",""original_price"":""unavailable"",""campaigns"":""observed"",""stock_status"":""observed"",""stock_signal"":""observed"",""rating"":""observed"",""rating_count"":""observed"",""review_count"":""observed"",""question_count"":""observed"",""delivery_summary"":""observed"",""shipping_cost"":""observed"",""properties"":""observed""}",true,
2026-08-14,2026-08-14T17:20:10+03:00,ev-yasam,BEST_SELLER,birlesik-ev-yasam,Trendyol seçili Ev & Yaşam kategorileri / En Çok Satan,185,8,185,185,1,,18.7,11.3,791489866,745404,Gamy Crafts Magnet - Buzdolabı Magneti - Buzdolabı Süsü - 5’li Kalpli Magnet - Sevgililer Günü Hediyesi,Gamy Crafts,,https://www.trendyol.com/gamy-crafts/magnet-buzdolabi-magneti-buzdolabi-susu-5-li-kalpli-magnet-sevgililer-gunu-hediyesi-p-791489866?boutiqueId=61&merchantId=745404,Gamy Crafts,91,13.4,,,,TRY,"[""Kargo Bedava"",""Son 10 Günün En Düşük Fiyatı""]",InStock,100 adetten fazla stok sunulmuştur,,,4.3,219,,,22,392 kişinin sepetinde,"7,2B kişi favoriledi",,,,0,,,,6 saat 31 dakika içinde sipariş verirsen en geç yarın kargoda!,En Çok Satan 1. Ürün,,{},0,,refreshed,"[""daily_top""]",true,2026-08-14T17:20:10+03:00,0,"[""search_result_dom"",""product_detail_jsonld"",""product_detail_dom""]","{""title"":""observed"",""brand"":""observed"",""seller_name"":""observed"",""seller_score"":""observed"",""price"":""observed"",""original_price"":""unavailable"",""campaigns"":""observed"",""stock_status"":""observed"",""stock_signal"":""observed"",""rating"":""observed"",""rating_count"":""observed"",""review_count"":""unavailable"",""question_count"":""observed"",""delivery_summary"":""observed"",""shipping_cost"":""unavailable"",""properties"":""observed""}",true,
2026-08-14,2026-08-14T17:20:10+03:00,ev-yasam,BEST_SELLER,birlesik-ev-yasam,Trendyol seçili Ev & Yaşam kategorileri / En Çok Satan,186,8,186,186,1,,15.5,14.5,931853472,323773,Sarkap Hijyenik Paketli 10 adet Kavanoz Kapağı – Kırmızı Kalp Krem – 82 mm,Sarkap,Kavanoz,https://www.trendyol.com/sarkap/hijyenik-paketli-10-adet-kavanoz-kapagi-kirmizi-kalp-krem-82-mm-p-931853472?boutiqueId=61&merchantId=323773,SARKAP HOME,86,75,,,,TRY,"[""Sepette %2 İndirim"",""Kargo Bedava""]",InStock,100 adetten fazla stok sunulmuştur,,,4.6,187,86,,34,947 kişinin sepetinde,"10,3B kişi favoriledi",Son 24 saatte 568 kişi görüntüledi,4999,TRY,0,1,1,4,Tahmini Teslim:,En Çok Satan 1. Ürün,https://cdn.dsmcdn.com/ty1914/prod/QC_ENRICHMENT/20260622/14/1c97b8ab-1da5-3a4b-8556-6a6ac137f04e/1_org_zoom.jpg,"{""Hacim"":""1 L"",""Materyal"":""Metal"",""Renk"":""Çok Renkli"",""Parça Sayısı"":""10'lu"",""Menşei"":""TR"",""Bakım Talimatları (Gıda Temas)"":""Ürünün kullanım ömrünü korumak için ürüne özel bakım talimatlarını takip ediniz.""}",20,5,refreshed,"[""daily_top""]",true,2026-08-14T17:20:10+03:00,0,"[""search_result_dom"",""product_detail_jsonld"",""product_detail_dom""]","{""title"":""observed"",""brand"":""observed"",""seller_name"":""observed"",""seller_score"":""observed"",""price"":""observed"",""original_price"":""unavailable"",""campaigns"":""observed"",""stock_status"":""observed"",""stock_signal"":""observed"",""rating"":""observed"",""rating_count"":""observed"",""review_count"":""observed"",""question_count"":""observed"",""delivery_summary"":""observed"",""shipping_cost"":""observed"",""properties"":""observed""}",true,
2026-08-14,2026-08-14T17:20:10+03:00,ev-yasam,BEST_SELLER,birlesik-ev-yasam,Trendyol seçili Ev & Yaşam kategorileri / En Çok Satan,187,8,187,187,,,36.3,3.4,1010872295,281945,PAŞAMANLAR İpek Soft Bambu Şantuklu Ağır Gramajlı 1/3 Sık Pileli Tül Perde,PAŞAMANLAR,,https://www.trendyol.com/pasamanlar/ipek-soft-bambu-santuklu-agir-gramajli-1-3-sik-pileli-tul-perde-p-1010872295?boutiqueId=61&merchantId=281945,Pasamanlar,82,0.65,0.72,9.7,,TRY,"[""Sepette %10 İndirim"",""Kargo Bedava""]",InStock,100 adetten fazla stok sunulmuştur,,,4.3,2097,,,770,"3,3B kişinin sepetinde","46,9B kişi favoriledi",Son 24 saatte 2B kişi görüntüledi,,,0,,,,Tahmini Teslim:,En Çok Ziyaret Edilen 2. Ürün,,{},0,,refreshed,"[""daily_top""]",true,2026-08-14T17:20:10+03:00,0,"[""search_result_dom"",""product_detail_jsonld"",""product_detail_dom""]","{""title"":""observed"",""brand"":""observed"",""seller_name"":""observed"",""seller_score"":""observed"",""price"":""observed"",""original_price"":""observed"",""campaigns"":""observed"",""stock_status"":""observed"",""stock_signal"":""observed"",""rating"":""observed"",""rating_count"":""observed"",""review_count"":""unavailable"",""question_count"":""observed"",""delivery_summary"":""observed"",""shipping_cost"":""unavailable"",""properties"":""observed""}",true,
2026-08-14,2026-08-14T17:20:10+03:00,ev-yasam,BEST_SELLER,birlesik-ev-yasam,Trendyol seçili Ev & Yaşam kategorileri / En Çok Satan,188,8,188,188,,,23.1,6.9,840058979,517848,icone life 1750 ml Etiketli Mega Boy 12'li Erzak Saklama Kabı Seti,icone life,Saklama Kabı,https://www.trendyol.com/icone-life/1750-ml-etiketli-mega-boy-12-li-erzak-saklama-kabi-seti-p-840058979?boutiqueId=61&merchantId=517848,FBZHOME,92,379.9,,,,TRY,"[""Kargo Bedava""]",InStock,100 adetten fazla stok sunulmuştur,,,4.7,1455,763,,154,"1,5B kişinin sepetinde","30,9B kişi favoriledi",Son 24 saatte 1B kişi görüntüledi,4999,TRY,0,1,1,4,Tahmini Teslim:,,https://cdn.dsmcdn.com/ty1530/product/media/images/prod/QC/20240909/09/d9d9c96b-5e05-339f-be6f-a45d793b86e0/1_org_zoom.jpg,"{""Materyal"":""Plastik"",""Parça Sayısı"":""19-25"",""Renk"":""Gri"",""Hacim"":""1,75 L"",""Menşei"":""TR"",""Bakım Talimatları (Gıda Temas)"":""Ürünün kullanım ömrünü korumak için ürüne özel bakım talimatlarını takip ediniz."",""Gıda Temas Sembolü"":""Evet""}",20,5,refreshed,"[""daily_top""]",true,2026-08-14T17:20:10+03:00,0,"[""search_result_dom"",""product_detail_jsonld"",""product_detail_dom""]","{""title"":""observed"",""brand"":""observed"",""seller_name"":""observed"",""seller_score"":""observed"",""price"":""observed"",""original_price"":""unavailable"",""campaigns"":""observed"",""stock_status"":""observed"",""stock_signal"":""observed"",""rating"":""observed"",""rating_count"":""observed"",""review_count"":""observed"",""question_count"":""observed"",""delivery_summary"":""observed"",""shipping_cost"":""observed"",""properties"":""observed""}",true,
2026-08-14,2026-08-14T17:20:10+03:00,ev-yasam,BEST_SELLER,birlesik-ev-yasam,Trendyol seçili Ev & Yaşam kategorileri / En Çok Satan,189,8,189,189,,,76.8,20.7,1103763527,1125221,Days In Colours Klimalı Silikon Yastık - DayCool Serisi - 800 Gram,Days In Colours,Yastık,https://www.trendyol.com/days-in-colours/klimali-silikon-yastik-daycool-serisi-800-gram-p-1103763527?boutiqueId=61&merchantId=1125221,Days In Colours,95,339,678,50,,TRY,"[""Sepette %50 İndirim"",""Kargo Bedava""]",InStock,100 adetten fazla stok sunulmuştur,Son 3 günde 250+ ürün satıldı!,250,4.1,1000,532,,141,"2,1B kişinin sepetinde","32,9B kişi favoriledi","Son 24 saatte 1,4B kişi görüntüledi",4999,TRY,0,1,1,4,Tahmini Teslim:,En Çok Ziyaret Edilen 3. Ürün,https://cdn.dsmcdn.com/ty1842/prod/QC_ENRICHMENT/20260325/10/dae5a794-4c89-394d-a80e-f74826ae90a3/1_org_zoom.jpg,"{""Boyut/Ebat"":""50 x 70"",""Dış Materyal"":""Kapitone"",""Dolgu Materyali"":""Silikon"",""Renk"":""Beyaz"",""Özellik"":""Hava Geçirgen"",""Ağırlık"":""650 + gr"",""Yıkama Talimatı"":""https://cdn.dsmcdn.com/ty376/product/charts/carelabel/wash_at_30_delicate.jpg"",""Menşei"":""TR""}",20,5,refreshed,"[""daily_top""]",true,2026-08-14T17:20:10+03:00,0,"[""search_result_dom"",""product_detail_jsonld"",""product_detail_dom""]","{""title"":""observed"",""brand"":""observed"",""seller_name"":""observed"",""seller_score"":""observed"",""price"":""observed"",""original_price"":""observed"",""campaigns"":""observed"",""stock_status"":""observed"",""stock_signal"":""observed"",""rating"":""observed"",""rating_count"":""observed"",""review_count"":""observed"",""question_count"":""observed"",""delivery_summary"":""observed"",""shipping_cost"":""observed"",""properties"":""observed""}",true,
2026-08-14,2026-08-14T17:20:10+03:00,ev-yasam,BEST_SELLER,birlesik-ev-yasam,Trendyol seçili Ev & Yaşam kategorileri / En Çok Satan,190,8,190,190,1,,14.9,15.1,1038215040,790300,BİVA Bambu yastık kılıfı yastık yüzü fermuarlı kılıfı,BİVA,Yastık Kılıfı,https://www.trendyol.com/biva/bambu-yastik-kilifi-yastik-yuzu-fermuarli-kilifi-p-1038215040?boutiqueId=61&merchantId=790300,BİVA HOME,95,68.77,,,,TRY,"[""Kargo Bedava""]",InStock,100 adetten fazla stok sunulmuştur,Son 3 günde 250+ ürün satıldı!,,4.4,119,71,,32,,,,4999,TRY,0,1,1,4,Tahmini Teslim:,En Çok Satan 1. Ürün,https://cdn.dsmcdn.com/ty1909/prod/QC_ENRICHMENT/20260601/19/87de1e2c-d799-3251-ae29-2f8ad2fc60b3/1_org_zoom.jpg,"{""Materyal"":""Bambu"",""Boyut/Ebat"":""50 x 70"",""Renk"":""Beyaz"",""Desen"":""Düz"",""Özellik"":""Hipoalerjenik"",""Yıkama Talimatı"":""T44"",""Materyal Bileşeni"":""Bambu"",""Parça Sayısı"":""1"",""Menşei"":""TR""}",20,5,refreshed,"[""daily_top""]",true,2026-08-14T17:20:10+03:00,0,"[""search_result_dom"",""product_detail_jsonld"",""product_detail_dom""]","{""title"":""observed"",""brand"":""observed"",""seller_name"":""observed"",""seller_score"":""observed"",""price"":""observed"",""original_price"":""unavailable"",""campaigns"":""observed"",""stock_status"":""observed"",""stock_signal"":""observed"",""rating"":""observed"",""rating_count"":""observed"",""review_count"":""observed"",""question_count"":""observed"",""delivery_summary"":""observed"",""shipping_cost"":""observed"",""properties"":""observed""}",true,
2026-08-14,2026-08-14T17:20:10+03:00,ev-yasam,BEST_SELLER,birlesik-ev-yasam,Trendyol seçili Ev & Yaşam kategorileri / En Çok Satan,191,8,191,191,,,18.7,11.3,805135353,1027659,Genel Markalar 2 Adet Silikon Tencere Tava Tutacağı Yanmaz Yapışmaz Tutamaç Set,Genel Markalar,Tencere Yedek Parça ve Aksesuar,https://www.trendyol.com/genel-markalar/2-adet-silikon-tencere-tava-tutacagi-yanmaz-yapismaz-tutamac-set-p-805135353?boutiqueId=61&merchantId=1027659,ROYAL GROSS,88,26.47,,,,TRY,"[""Sepette %1 İndirim"",""Kargo Bedava"",""Trendyol Plus'a Özel""]",InStock,100 adetten fazla stok sunulmuştur,,,3.9,393,218,,37,457 kişinin sepetinde,"9,1B kişi favoriledi",,4999,TRY,0,1,1,4,Tahmini Teslim:,,https://cdn.dsmcdn.com/ty1550/product/media/images/ty1549/prod/QC/20240917/00/49cf6e30-947c-3ada-8998-a2043b4406c0/1_org_zoom.jpg,"{""Menşei"":""TR"",""Materyal"":""Plastik"",""Renk"":""Siyah""}",20,5,refreshed,"[""daily_top""]",true,2026-08-14T17:20:10+03:00,0,"[""search_result_dom"",""product_detail_jsonld"",""product_detail_dom""]","{""title"":""observed"",""brand"":""observed"",""seller_name"":""observed"",""seller_score"":""observed"",""price"":""observed"",""original_price"":""unavailable"",""campaigns"":""observed"",""stock_status"":""observed"",""stock_signal"":""observed"",""rating"":""observed"",""rating_count"":""observed"",""review_count"":""observed"",""question_count"":""observed"",""delivery_summary"":""observed"",""shipping_cost"":""observed"",""properties"":""observed""}",true,
2026-08-14,2026-08-14T17:20:10+03:00,ev-yasam,BEST_SELLER,birlesik-ev-yasam,Trendyol seçili Ev & Yaşam kategorileri / En Çok Satan,192,8,192,192,2,,27,3,731547897,739242,KÜÇÜK EW Boncuk Şekli Isıya Dayanıklı Borosilikat Bardak | Kahve Ve Sunum Bardağı | Borosilikat Bardak,KÜÇÜK EW,Bardak,https://www.trendyol.com/kucuk-ew/boncuk-sekli-isiya-dayanikli-borosilikat-bardak-kahve-ve-sunum-bardagi-borosilikat-bardak-p-731547897?boutiqueId=61&merchantId=739242,MİMOZA PARK,92,74.99,,,,TRY,"[""Kargo Bedava""]",InStock,100 adetten fazla stok sunulmuştur,,,4.7,3560,2354,,275,"1,2B kişinin sepetinde","138,3B kişi favoriledi",Son 24 saatte 629 kişi görüntüledi,4999,TRY,0,1,1,4,Tahmini Teslim:,En Çok Satan 2. Ürün,https://cdn.dsmcdn.com/ty1508/product/media/images/prod/QC/20240827/07/210e1f7e-2619-399c-83af-a87ae074d23d/1_org_zoom.jpg,"{""Materyal"":""Cam"",""Parça Sayısı"":""1 Parça"",""Renk"":""Beyaz"",""Özellik"":""BPA Free"",""Ürün Tipi"":""Meşrubat Bardağı"",""Bakım Talimatları (Gıda Temas)"":""Ürünün kullanım ömrünü korumak için ürüne özel bakım talimatlarını takip ediniz.""}",20,5,refreshed,"[""daily_top""]",true,2026-08-14T17:20:10+03:00,0,"[""search_result_dom"",""product_detail_jsonld"",""product_detail_dom""]","{""title"":""observed"",""brand"":""observed"",""seller_name"":""observed"",""seller_score"":""observed"",""price"":""observed"",""original_price"":""unavailable"",""campaigns"":""observed"",""stock_status"":""observed"",""stock_signal"":""observed"",""rating"":""observed"",""rating_count"":""observed"",""review_count"":""observed"",""question_count"":""observed"",""delivery_summary"":""observed"",""shipping_cost"":""observed"",""properties"":""observed""}",true,
2026-08-14,2026-08-14T17:20:10+03:00,ev-yasam,BEST_SELLER,birlesik-ev-yasam,Trendyol seçili Ev & Yaşam kategorileri / En Çok Satan,193,9,193,193,2,,24.6,6.4,1071649433,797678,OTEXSA Kabartmalı Dokulu 2'li Kırlent Kılıfı Krem Dekoratif Modern Koltuk ve Kanepe Yastık Kılıfı,OTEXSA,,https://www.trendyol.com/otexsa/kabartmali-dokulu-2-li-kirlent-kilifi-krem-dekoratif-modern-koltuk-ve-kanepe-yastik-kilifi-p-1071649433?boutiqueId=61&merchantId=797678,OTEXSA,95,197.89,199.89,1,,TRY,"[""Sepette %1 İndirim"",""Kargo Bedava""]",InStock,100 adetten fazla stok sunulmuştur,,,4.4,896,,,124,"2,4B kişinin sepetinde","91,6B kişi favoriledi","Son 24 saatte 1,6B kişi görüntüledi",,,0,,,,Tahmini Teslim:,En Çok Satan 2. Ürün,,{},0,,refreshed,"[""daily_top""]",true,2026-08-14T17:20:10+03:00,0,"[""search_result_dom"",""product_detail_jsonld"",""product_detail_dom""]","{""title"":""observed"",""brand"":""observed"",""seller_name"":""observed"",""seller_score"":""observed"",""price"":""observed"",""original_price"":""observed"",""campaigns"":""observed"",""stock_status"":""observed"",""stock_signal"":""observed"",""rating"":""observed"",""rating_count"":""observed"",""review_count"":""unavailable"",""question_count"":""observed"",""delivery_summary"":""observed"",""shipping_cost"":""unavailable"",""properties"":""observed""}",true,
2026-08-14,2026-08-14T17:20:10+03:00,ev-yasam,BEST_SELLER,birlesik-ev-yasam,Trendyol seçili Ev & Yaşam kategorileri / En Çok Satan,194,9,194,194,,,31.9,0,177738961,152772,ESTİ 12 Adet - Ahşap Görünümlü Elbise Ve Kıyafet Askısı Beyaz,ESTİ,,https://www.trendyol.com/esti/12-adet-ahsap-gorunumlu-elbise-ve-kiyafet-askisi-beyaz-p-177738961?boutiqueId=61&merchantId=152772,ESTİ,12,279.99,,,,TRY,"[""Kargo Bedava"",""Trendyol Plus'a Özel""]",InStock,100 adetten fazla stok sunulmuştur,,,4.6,9714,,,307,"1,3B kişinin sepetinde","163,7B kişi favoriledi",Son 24 saatte 467 kişi görüntüledi,,,0,,,,6 saat 31 dakika içinde sipariş verirsen en geç yarın kargoda!,En Çok Favorilenen 2. Ürün,,{},0,,refreshed,"[""daily_top""]",true,2026-08-14T17:20:10+03:00,0,"[""search_result_dom"",""product_detail_jsonld"",""product_detail_dom""]","{""title"":""observed"",""brand"":""observed"",""seller_name"":""observed"",""seller_score"":""observed"",""price"":""observed"",""original_price"":""unavailable"",""campaigns"":""observed"",""stock_status"":""observed"",""stock_signal"":""observed"",""rating"":""observed"",""rating_count"":""observed"",""review_count"":""unavailable"",""question_count"":""observed"",""delivery_summary"":""observed"",""shipping_cost"":""unavailable"",""properties"":""observed""}",true,
2026-08-14,2026-08-14T17:20:10+03:00,ev-yasam,BEST_SELLER,birlesik-ev-yasam,Trendyol seçili Ev & Yaşam kategorileri / En Çok Satan,195,9,195,195,6,,17.9,12.1,957338327,558121,conzaliza Fermuarlı Klimalı Yastık | 850 Gram,conzaliza,Yastık,https://www.trendyol.com/conzaliza/fermuarli-klimali-yastik-850-gram-p-957338327?boutiqueId=61&merchantId=558121,B2B COLLECTION,89,268.88,,,,TRY,"[""Kargo Bedava""]",InStock,100 adetten fazla stok sunulmuştur,,,3.8,216,173,,14,975 kişinin sepetinde,"3,8B kişi favoriledi",Son 24 saatte 1B kişi görüntüledi,4999,TRY,0,3,1,6,Tahmini Teslim:,En Çok Satan 6. Ürün,https://cdn.dsmcdn.com/ty1000414/product/media/images/prod/PIM/20260706/10/d34e8716-8c44-4294-880e-a33ca5c724aa/1_org_zoom.jpg,"{""Boyut/Ebat"":""50 x 70"",""Dış Materyal"":""Kapitone"",""Dolgu Materyali"":""Silikon"",""Renk"":""Beyaz"",""Özellik"":""Hava Geçirgen"",""Ağırlık"":""650 + gr"",""Materyal Bileşeni"":""80% Pamuk, 30% Polyester"",""Yıkama Talimatı"":""https://cdn.dsmcdn.com/ty376/product/charts/carelabel/wash_at_30_delicate.jpg"",""Menşei"":""TR""}",20,5,refreshed,"[""daily_top""]",true,2026-08-14T17:20:10+03:00,0,"[""search_result_dom"",""product_detail_jsonld"",""product_detail_dom""]","{""title"":""observed"",""brand"":""observed"",""seller_name"":""observed"",""seller_score"":""observed"",""price"":""observed"",""original_price"":""unavailable"",""campaigns"":""observed"",""stock_status"":""observed"",""stock_signal"":""observed"",""rating"":""observed"",""rating_count"":""observed"",""review_count"":""observed"",""question_count"":""observed"",""delivery_summary"":""observed"",""shipping_cost"":""observed"",""properties"":""observed""}",true,
2026-08-14,2026-08-14T17:20:10+03:00,ev-yasam,BEST_SELLER,birlesik-ev-yasam,Trendyol seçili Ev & Yaşam kategorileri / En Çok Satan,196,9,196,196,,,27.1,2.9,950691327,618092,VİGENTİNO 6'lı Abs Dekoratif Gold Kaplama Şekerlik Kase 6'lı Makaronluk Kahve Yanı Sunumluk Lokumluk,VİGENTİNO,,https://www.trendyol.com/vigentino/6-li-abs-dekoratif-gold-kaplama-sekerlik-kase-6-li-makaronluk-kahve-yani-sunumluk-lokumluk-p-950691327?boutiqueId=61&merchantId=618092,VİGENTİNO,6,160.09,,,,TRY,"[""Kargo Bedava""]",InStock,100 adetten fazla stok sunulmuştur,,,3.8,2459,,,80,"2,1B kişinin sepetinde","127,6B kişi favoriledi","Son 24 saatte 1,2B kişi görüntüledi",,,0,,,,Tahmini Teslim:,,,{},0,,refreshed,"[""daily_top""]",true,2026-08-14T17:20:10+03:00,0,"[""search_result_dom"",""product_detail_jsonld"",""product_detail_dom""]","{""title"":""observed"",""brand"":""observed"",""seller_name"":""observed"",""seller_score"":""observed"",""price"":""observed"",""original_price"":""unavailable"",""campaigns"":""observed"",""stock_status"":""observed"",""stock_signal"":""observed"",""rating"":""observed"",""rating_count"":""observed"",""review_count"":""unavailable"",""question_count"":""observed"",""delivery_summary"":""observed"",""shipping_cost"":""unavailable"",""properties"":""observed""}",true,
2026-08-14,2026-08-14T17:20:10+03:00,ev-yasam,BEST_SELLER,birlesik-ev-yasam,Trendyol seçili Ev & Yaşam kategorileri / En Çok Satan,197,9,197,197,8,,17.1,12.9,778559577,380979,AYGÖREN HOME Paspas Süpürge Fırça Ve Mop Askısı Sap Tutucu Mutfak Banyo Askı,AYGÖREN HOME,Banyo Askısı,https://www.trendyol.com/aygoren-home/paspas-supurge-firca-ve-mop-askisi-sap-tutucu-mutfak-banyo-aski-p-778559577?boutiqueId=61&merchantId=380979,Mutlu Pastacılık ve Malzemeleri,89,18.67,,,,TRY,"[""Kargo Bedava""]",InStock,100 adetten fazla stok sunulmuştur,,,3.7,332,136,,9,786 kişinin sepetinde,"16,7B kişi favoriledi",,4999,TRY,0,1,1,4,Tahmini Teslim:,En Çok Satan 8. Ürün,https://cdn.dsmcdn.com/ty1036/product/media/images/prod/SPM/PIM/20231108/23/37ae16d6-0158-3096-917f-4dac025b6888/1_org_zoom.jpg,"{""Renk"":""Gri"",""Menşei"":""CN"",""Bakım Talimatları (Genel)"":""Ürünün kullanım ömrünü korumak için ürüne özel bakım talimatlarını takip ediniz.""}",20,5,refreshed,"[""daily_top""]",true,2026-08-14T17:20:10+03:00,0,"[""search_result_dom"",""product_detail_jsonld"",""product_detail_dom""]","{""title"":""observed"",""brand"":""observed"",""seller_name"":""observed"",""seller_score"":""observed"",""price"":""observed"",""original_price"":""unavailable"",""campaigns"":""observed"",""stock_status"":""observed"",""stock_signal"":""observed"",""rating"":""observed"",""rating_count"":""observed"",""review_count"":""observed"",""question_count"":""observed"",""delivery_summary"":""observed"",""shipping_cost"":""observed"",""properties"":""observed""}",true,
2026-08-14,2026-08-14T17:20:10+03:00,ev-yasam,BEST_SELLER,birlesik-ev-yasam,Trendyol seçili Ev & Yaşam kategorileri / En Çok Satan,198,9,198,198,,,42.4,0,32098182,968,Karaca Stark 2'li Bambu Kesme Tahtası 28/33 Cm,Karaca,,https://www.trendyol.com/karaca/stark-2-li-bambu-kesme-tahtasi-28-33-cm-p-32098182?boutiqueId=689733&merchantId=968,Trendyol,,299.99,329.99,9.1,,TRY,"[""Son 10 Günün En Düşük Fiyatı"",""Kargo Bedava"",""Son 10 günün en düşük fiyatı"",""Trendyol Plus'a Özel""]",InStock,100 adetten fazla stok sunulmuştur,,,4.5,14374,,,298,"2,2B kişinin sepetinde","308,3B kişi favoriledi","Son 24 saatte 1,1B kişi görüntüledi",,,0,,,,Tahmini Teslim:,En Çok Favorilenen 1. Ürün,,{},0,,refreshed,"[""daily_top""]",true,2026-08-14T17:20:10+03:00,0,"[""search_result_dom"",""product_detail_jsonld"",""product_detail_dom""]","{""title"":""observed"",""brand"":""observed"",""seller_name"":""observed"",""seller_score"":""unavailable"",""price"":""observed"",""original_price"":""observed"",""campaigns"":""observed"",""stock_status"":""observed"",""stock_signal"":""observed"",""rating"":""observed"",""rating_count"":""observed"",""review_count"":""unavailable"",""question_count"":""observed"",""delivery_summary"":""observed"",""shipping_cost"":""unavailable"",""properties"":""observed""}",true,
2026-08-14,2026-08-14T17:20:10+03:00,ev-yasam,BEST_SELLER,birlesik-ev-yasam,Trendyol seçili Ev & Yaşam kategorileri / En Çok Satan,199,9,199,199,,,43.1,8.9,1090211680,173839,NetworkAvm Ekru Plise Katlanır Cam Balkon Perdesi - Ofis Perdesi - Mutfak Perdesi - Salon Perdesi,NetworkAvm,,https://www.trendyol.com/networkavm/ekru-plise-katlanir-cam-balkon-perdesi-ofis-perdesi-mutfak-perdesi-salon-perdesi-p-1090211680?boutiqueId=61&merchantId=173839,GÜNEŞ PERDE,89,452.39,579.99,22,,TRY,"[""Sepette %22 İndirim"",""Kargo Bedava""]",InStock,100 adetten fazla stok sunulmuştur,,,4.4,432,,,551,3B kişinin sepetinde,"22,5B kişi favoriledi","Son 24 saatte 2,1B kişi görüntüledi",,,0,,,,Tahmini Teslim:,En Çok Ziyaret Edilen 2. Ürün,,{},0,,refreshed,"[""daily_top""]",true,2026-08-14T17:20:10+03:00,0,"[""search_result_dom"",""product_detail_jsonld"",""product_detail_dom""]","{""title"":""observed"",""brand"":""observed"",""seller_name"":""observed"",""seller_score"":""observed"",""price"":""observed"",""original_price"":""observed"",""campaigns"":""observed"",""stock_status"":""observed"",""stock_signal"":""observed"",""rating"":""observed"",""rating_count"":""observed"",""review_count"":""unavailable"",""question_count"":""observed"",""delivery_summary"":""observed"",""shipping_cost"":""unavailable"",""properties"":""observed""}",true,
2026-08-14,2026-08-14T17:20:10+03:00,ev-yasam,BEST_SELLER,birlesik-ev-yasam,Trendyol seçili Ev & Yaşam kategorileri / En Çok Satan,200,9,200,200,7,,23.1,6.9,789051702,111097,gogidigo aradığın o 4 Adet Mix Vakumlu Hurç Yorgan Hurcu Valiz Düzenleyici Gardırop Düzenleyici Vakumlu Poşet,gogidigo aradığın o,Hurç,https://www.trendyol.com/gogidigo-aradigin-o/4-adet-mix-vakumlu-hurc-yorgan-hurcu-valiz-duzenleyici-gardirop-duzenleyici-vakumlu-poset-p-789051702?boutiqueId=61&merchantId=111097,Gogidigo,86,339.9,,,,TRY,"[""Kargo Bedava""]",InStock,100 adetten fazla stok sunulmuştur,,,3.9,1448,772,,377,"1,5B kişinin sepetinde","41,2B kişi favoriledi",Son 24 saatte 940 kişi görüntüledi,4999,TRY,0,1,1,4,6 saat 30 dakika içinde sipariş verirsen en geç yarın kargoda!,En Çok Satan 7. Ürün,https://cdn.dsmcdn.com/ty1807/prod/QC_ENRICHMENT/20260102/23/94f01129-7eea-3074-8151-845c242c7279/1_org_zoom.jpg,"{""Boyut/Ebat"":""55 x 90"",""Materyal"":""Mika"",""Renk"":""Beyaz"",""Parça Sayısı"":""4"",""Materyal Bileşeni"":""plastik"",""Yıkama Talimatı"":""T08"",""Menşei"":""TR""}",20,5,refreshed,"[""daily_top""]",true,2026-08-14T17:20:10+03:00,0,"[""search_result_dom"",""product_detail_jsonld"",""product_detail_dom""]","{""title"":""observed"",""brand"":""observed"",""seller_name"":""observed"",""seller_score"":""observed"",""price"":""observed"",""original_price"":""unavailable"",""campaigns"":""observed"",""stock_status"":""observed"",""stock_signal"":""observed"",""rating"":""observed"",""rating_count"":""observed"",""review_count"":""observed"",""question_count"":""observed"",""delivery_summary"":""observed"",""shipping_cost"":""observed"",""properties"":""observed""}",true,
2026-08-17,2026-08-17T10:00:10+03:00,ev-yasam,BEST_SELLER,ev-dekorasyon,ev dekorasyon,1,2,1,1,,105,113.1,37,170614230,112570,Bino Banyo Kozmetik Takı Düzenleyici Çok Amaçlı Organizer 2 Katlı Servis Sunum Tepsisi Ikramlık Gold,Bino,Makyaj Organizerı,https://www.trendyol.com/bino/banyo-kozmetik-taki-duzenleyici-cok-amacli-organizer-2-katli-servis-sunum-tepsisi-ikramlik-gold-p-170614230?boutiqueId=61&merchantId=112570,Bino Home,88,433.76,,,8.5,TRY,"[""Kargo Bedava""]",InStock,100 adetten fazla stok sunulmuştur,Son 3 günde 250+ ürün satıldı!,250,4.7,10250,5739,-18,659,"2,7B kişinin sepetinde","335,6B kişi favoriledi","Son 24 saatte 3,6B kişi görüntüledi",4999,TRY,0,1,1,3,13 saat 55 dakika içinde sipariş verirsen en geç yarın kargoda!,En Çok Favorilenen 1. Ürün,https://cdn.dsmcdn.com/ty214/product/media/images/20211028/15/158766855/278462727/2/2_org_zoom.jpg,"{""Parça Sayısı"":""2"",""Materyal"":""Metal"",""Renk"":""Altın"",""Menşei"":""UM"",""Bölme Sayısı"":""2""}",20,5,refreshed,"[""daily_top""]",true,2026-08-17T10:00:10+03:00,0,"[""search_result_dom"",""product_detail_jsonld"",""product_detail_dom""]","{""title"":""observed"",""brand"":""observed"",""seller_name"":""observed"",""seller_score"":""observed"",""price"":""observed"",""original_price"":""unavailable"",""campaigns"":""observed"",""stock_status"":""observed"",""stock_signal"":""observed"",""rating"":""observed"",""rating_count"":""observed"",""review_count"":""observed"",""question_count"":""observed"",""delivery_summary"":""observed"",""shipping_cost"":""observed"",""properties"":""observed""}",true,
2026-08-17,2026-08-17T10:00:10+03:00,ev-yasam,BEST_SELLER,ev-dekorasyon,ev dekorasyon,2,2,2,2,1,78,109.9,37.6,982523847,1182286,Genel Markalar 2'li Modern Dekorasyon İçin Şık Beyaz Çizgili Seramik Çiçek Vazo 19cm - Minimal ve Zarif Vazo Modeli,Genel Markalar,,https://www.trendyol.com/genel-markalar/2-li-modern-dekorasyon-icin-sik-beyaz-cizgili-seramik-cicek-vazo-19cm-minimal-ve-zarif-vazo-modeli-p-982523847?boutiqueId=61&merchantId=1182286,gucabu,94,127,,,17.6,TRY,"[""Kargo Bedava"",""Trendyol Plus'a Özel""]",InStock,100 adetten fazla stok sunulmuştur,Son 3 günde 250+ ürün satıldı!,250,3.8,4098,,0,600,"2,7B kişinin sepetinde","214,2B kişi favoriledi","Son 24 saatte 3,4B kişi görüntüledi",,,0,,,,4 saat 55 dakika içinde sipariş verirsen en geç bugün kargoda!,En Çok Satan 1. Ürün,,{},0,,refreshed,"[""daily_top""]",true,2026-08-17T10:00:10+03:00,0,"[""search_result_dom"",""product_detail_jsonld"",""product_detail_dom""]","{""title"":""observed"",""brand"":""observed"",""seller_name"":""observed"",""seller_score"":""observed"",""price"":""observed"",""original_price"":""unavailable"",""campaigns"":""observed"",""stock_status"":""observed"",""stock_signal"":""observed"",""rating"":""observed"",""rating_count"":""observed"",""review_count"":""unavailable"",""question_count"":""observed"",""delivery_summary"":""observed"",""shipping_cost"":""unavailable"",""properties"":""observed""}",true,
2026-08-17,2026-08-17T10:00:10+03:00,ev-yasam,BEST_SELLER,ev-dekorasyon,ev dekorasyon,3,2,3,3,2,136,98.2,46.8,1015629005,128088,FARALYAHOME Doğal Traverten Mermer Yağlık Altlığı -Sıvı sabunluk altlığı-sunumluk 20x10 cm Ahşap Ayaklı,FARALYAHOME,Yemek Tabağı,https://www.trendyol.com/faralyahome/dogal-traverten-mermer-yaglik-altligi-sivi-sabunluk-altligi-sunumluk-20x10-cm-ahsap-ayakli-p-1015629005?boutiqueId=61&merchantId=128088,FARALYAHOME,92,199,,,0,TRY,"[""Kargo Bedava"",""Trendyol Plus'a Özel""]",InStock,100 adetten fazla stok sunulmuştur,Son 3 günde 250+ ürün satıldı!,250,4.3,456,252,7,55,"4,1B kişinin sepetinde","82,1B kişi favoriledi","Son 24 saatte 3,4B kişi görüntüledi",4999,TRY,0,1,1,3,13 saat 55 dakika içinde sipariş verirsen en geç yarın kargoda!,En Çok Satan 2. Ürün,https://cdn.dsmcdn.com/ty1942/prod/QC_ENRICHMENT/20260603/09/edec715a-cc3a-3af1-93a0-1f09b4616cee/1_org_zoom.jpg,"{""Materyal"":""Mermer"",""Parça Sayısı"":""1"",""Renk"":""Bej"",""Boyut/Ebat"":""10 x 20"",""Özellik"":""BPA Free"",""Tema / Stil"":""Doğa"",""Şekil"":""Dikdörtgen"",""Ürün Tipi"":""Sunum Tabağı"",""Menşei"":""TR"",""Bakım Talimatları (Gıda Temas)"":""Gıda ile temas güvenlidir."",""Gıda Temas Sembolü"":""Evet""}",20,5,refreshed,"[""daily_top"",""hot_change""]",true,2026-08-17T10:00:10+03:00,0,"[""search_result_dom"",""product_detail_jsonld"",""product_detail_dom""]","{""title"":""observed"",""brand"":""observed"",""seller_name"":""observed"",""seller_score"":""observed"",""price"":""observed"",""original_price"":""unavailable"",""campaigns"":""observed"",""stock_status"":""observed"",""stock_signal"":""observed"",""rating"":""observed"",""rating_count"":""observed"",""review_count"":""observed"",""question_count"":""observed"",""delivery_summary"":""observed"",""shipping_cost"":""observed"",""properties"":""observed""}",true,
2026-08-17,2026-08-17T10:00:10+03:00,ev-yasam,BEST_SELLER,ev-dekorasyon,ev dekorasyon,4,2,4,4,1,168,96.8,45.7,1109550995,1192316,bituclass 3 ÇITALI 4 KATLI EKO DEKORATİF MASİF AHŞAP PLASTİK AYAKKABILIK (MDF DEĞİLDİR.mdf kolay kırılır !!!),bituclass,Ayakkabılık,https://www.trendyol.com/bituclass/3-citali-4-katli-eko-dekoratif-masif-ahsap-plastik-ayakkabilik-mdf-degildir-mdf-kolay-kirilir-p-1109550995?boutiqueId=61&merchantId=1192316,Arasla Tasarla,93,189,,,11.8,TRY,"[""Kargo Bedava""]",InStock,100 adetten fazla stok sunulmuştur,Son 3 günde 250+ ürün satıldı!,250,3.3,581,301,9,31,"2,1B kişinin sepetinde",21B kişi favoriledi,"Son 24 saatte 2,1B kişi görüntüledi",4999,TRY,0,,1,3,4 saat 55 dakika içinde sipariş verirsen en geç bugün kargoda!,En Çok Satan 1. Ürün,https://cdn.dsmcdn.com/ty1918/prod/QC_PREP/20260512/12/01d5067c-a56a-3457-9a80-1577081a3ece/1_org_zoom.jpg,"{""Materyal"":""Ahşap"",""Renk"":""Siyah"",""Yükseklik"":""64 cm"",""Genişlik"":""49 cm"",""Derinlik"":""18 cm"",""Garanti Süresi"":""1 Yıl"",""Stil"":""Modern"",""Tema / Stil"":""Modern"",""Menşei"":""TR""}",20,5,refreshed,"[""daily_top"",""hot_change""]",true,2026-08-17T10:00:10+03:00,0,"[""search_result_dom"",""product_detail_jsonld"",""product_detail_dom""]","{""title"":""observed"",""brand"":""observed"",""seller_name"":""observed"",""seller_score"":""observed"",""price"":""observed"",""original_price"":""unavailable"",""campaigns"":""observed"",""stock_status"":""observed"",""stock_signal"":""observed"",""rating"":""observed"",""rating_count"":""observed"",""review_count"":""observed"",""question_count"":""observed"",""delivery_summary"":""observed"",""shipping_cost"":""observed"",""properties"":""observed""}",true,
2026-08-17,2026-08-17T10:00:10+03:00,ev-yasam,BEST_SELLER,ev-dekorasyon,ev dekorasyon,5,2,5,5,,172,103.2,36.8,864018959,113025,Raschel Carpet Krem Yumuşak Bubble Kaymaz Özel Taban Peluş Halı Yolluk,Raschel Carpet,Halı,https://www.trendyol.com/raschel-carpet/krem-yumusak-bubble-kaymaz-ozel-taban-pelus-hali-yolluk-p-864018959?boutiqueId=61&merchantId=113025,Balat Halı,85,99.9,,,0,TRY,"[""50 TL Kupon"",""Kargo Bedava"",""Trendyol Plus'a Özel""]",InStock,100 adetten fazla stok sunulmuştur,Son 3 günde 250+ ürün satıldı!,250,4,5334,3351,3,1900,"3,9B kişinin sepetinde","214,3B kişi favoriledi","Son 24 saatte 3,4B kişi görüntüledi",4999,TRY,0,,1,3,1 saat 55 dakika içinde sipariş verirsen en geç bugün kargoda!,En Çok Favorilenen 2. Ürün,https://cdn.dsmcdn.com/ty1582/prod/QC/20241010/22/2b1de4bd-8db5-3b2e-a698-131289342c45/1_org_zoom.jpg,"{""Özellik"":""Kaymaz Taban"",""Materyal"":""Polyester"",""Tema / Stil"":""Modern"",""Renk"":""Bej"",""Üretim Şekli"":""Makine Halısı"",""Taban"":""Jel"",""Şekil"":""Dikdörtgen"",""Hav Yüksekliği"":""Kalın (12 mm +)"",""Kullanım Alanı"":""Salon / Oturma Odası"",""Saçak Tipi"":""Saçaksız (Overlok)"",""Menşei"":""TR"",""Paket Yükseklik"":""49 cm"",""Paket Derinlik"":""49 cm"",""Paket Genişlik"":""49 cm""}",20,5,refreshed,"[""daily_top"",""hot_change""]",true,2026-08-17T10:00:10+03:00,0,"[""search_result_dom"",""product_detail_jsonld"",""product_detail_dom""]","{""title"":""observed"",""brand"":""observed"",""seller_name"":""observed"",""seller_score"":""observed"",""price"":""observed"",""original_price"":""unavailable"",""campaigns"":""observed"",""stock_status"":""observed"",""stock_signal"":""observed"",""rating"":""observed"",""rating_count"":""observed"",""review_count"":""observed"",""question_count"":""observed"",""delivery_summary"":""observed"",""shipping_cost"":""observed"",""properties"":""observed""}",true,
2026-08-17,2026-08-17T10:00:10+03:00,ev-yasam,BEST_SELLER,ev-dekorasyon,ev dekorasyon,6,2,6,6,,,98.9,38.6,1042465502,675708,OVERMAX Sevimli Kahve Köşesi 6’lı Biblo Seti - Kupa - Kahve Çekirdeği - Mokapot - Bardak - Çaydanlık - Cezve,OVERMAX,,https://www.trendyol.com/overmax/sevimli-kahve-kosesi-6-li-biblo-seti-kupa-kahve-cekirdegi-mokapot-bardak-caydanlik-cezve-p-1042465502?boutiqueId=61&merchantId=675708,Past Store,96,71.3,,,,TRY,"[""Kargo Bedava"",""Trendyol Plus'a Özel""]",InStock,100 adetten fazla stok sunulmuştur,Son 3 günde 250+ ürün satıldı!,250,4.3,1718,,,87,"1,2B kişinin sepetinde","57,3B kişi favoriledi",Son 24 saatte 1B kişi görüntüledi,,,0,,,,6 saat 55 dakika içinde sipariş verirsen en geç bugün kargoda!,,,{},0,,refreshed,"[""daily_top""]",true,2026-08-17T10:00:10+03:00,0,"[""search_result_dom"",""product_detail_jsonld"",""product_detail_dom""]","{""title"":""observed"",""brand"":""observed"",""seller_name"":""observed"",""seller_score"":""observed"",""price"":""observed"",""original_price"":""unavailable"",""campaigns"":""observed"",""stock_status"":""observed"",""stock_signal"":""observed"",""rating"":""observed"",""rating_count"":""observed"",""review_count"":""unavailable"",""question_count"":""observed"",""delivery_summary"":""observed"",""shipping_cost"":""unavailable"",""properties"":""observed""}",true,
2026-08-17,2026-08-17T10:00:10+03:00,ev-yasam,BEST_SELLER,ev-dekorasyon,ev dekorasyon,7,2,7,7,1,121,87.1,47.9,948778067,106777,Bella Maison Rosy Örgü Amerikan Servis Kahverengi (35 cm),Bella Maison,Runner & Amerikan Servisi,https://www.trendyol.com/bella-maison/rosy-orgu-amerikan-servis-kahverengi-35-cm-p-948778067?boutiqueId=61&merchantId=106777,Bella Maison,,212.62,,,0,TRY,"[""Kargo Bedava"",""Trendyol Plus'a Özel""]",InStock,100 adetten fazla stok sunulmuştur,Son 3 günde 250+ ürün satıldı!,250,4.7,203,101,3,14,620 kişinin sepetinde,"41,2B kişi favoriledi","Son 24 saatte 1,3B kişi görüntüledi",4999,TRY,0,2,1,5,Tahmini Teslim:,En Çok Satan 1. Ürün,https://cdn.dsmcdn.com/ty1825/prod/QC_ENRICHMENT/20260213/12/f1ea9d80-e343-3b31-9ae6-752f5a4552de/1_org_zoom.jpg,"{""Boyut/Ebat"":""35 x 35"",""Şekil"":""Yuvarlak"",""Renk"":""Kahverengi"",""Materyal"":""Polipropilen"",""Parça Sayısı"":""1 Parça"",""Materyal Bileşeni"":""100% Polipropilen"",""Menşei"":""TR"",""Bakım Talimatları (Genel)"":""Ürünün kullanım ömrünü korumak için ürüne özel bakım talimatlarını takip ediniz.""}",20,5,refreshed,"[""daily_top"",""hot_change""]",true,2026-08-17T10:00:10+03:00,0,"[""search_result_dom"",""product_detail_jsonld"",""product_detail_dom""]","{""title"":""observed"",""brand"":""observed"",""seller_name"":""observed"",""seller_score"":""unavailable"",""price"":""observed"",""original_price"":""unavailable"",""campaigns"":""observed"",""stock_status"":""observed"",""stock_signal"":""observed"",""rating"":""observed"",""rating_count"":""observed"",""review_count"":""observed"",""question_count"":""observed"",""delivery_summary"":""observed"",""shipping_cost"":""observed"",""properties"":""observed""}",true,
2026-08-17,2026-08-17T10:00:10+03:00,ev-yasam,BEST_SELLER,ev-dekorasyon,ev dekorasyon,8,2,8,8,,97,87.3,27.7,1046634886,350340,"Wellstil Nuvé | %100 Pamuk Tül Runner, Bohem, Düğün Nişan Organizasyon Masa Örtüsü 90 x 200 cm Bej",Wellstil,,https://www.trendyol.com/wellstil/nuve-100-pamuk-tul-runner-bohem-dugun-nisan-organizasyon-masa-ortusu-90-x-200-cm-bej-p-1046634886?boutiqueId=61&merchantId=350340,Wellstil,,299.9,,,0,TRY,"[""Kargo Bedava"",""Trendyol Plus'a Özel""]",InStock,100 adetten fazla stok sunulmuştur,,,4.7,827,,0,79,"1,9B kişinin sepetinde","72,9B kişi favoriledi",Son 24 saatte 2B kişi görüntüledi,,,0,,,,13 saat 55 dakika içinde sipariş verirsen en geç yarın kargoda!,,,{},0,,refreshed,"[""daily_top""]",true,2026-08-17T10:00:10+03:00,0,"[""search_result_dom"",""product_detail_jsonld"",""product_detail_dom""]","{""title"":""observed"",""brand"":""observed"",""seller_name"":""observed"",""seller_score"":""unavailable"",""price"":""observed"",""original_price"":""unavailable"",""campaigns"":""observed"",""stock_status"":""observed"",""stock_signal"":""observed"",""rating"":""observed"",""rating_count"":""observed"",""review_count"":""unavailable"",""question_count"":""observed"",""delivery_summary"":""observed"",""shipping_cost"":""unavailable"",""properties"":""observed""}",true,
2026-08-17,2026-08-17T10:00:10+03:00,ev-yasam,BEST_SELLER,ev-dekorasyon,ev dekorasyon,9,2,9,9,2,,87.5,25,1062650616,1156838,"MERAM PRİNT Modern Kıvrımlı 3'lü Dekoratif Vazo Seti – Seramik Görünümlü Mat Doku, Ev Dekorasyon",MERAM PRİNT,Vazo,https://www.trendyol.com/meram-print/modern-kivrimli-3-lu-dekoratif-vazo-seti-seramik-gorunumlu-mat-doku-ev-dekorasyon-p-1062650616?boutiqueId=61&merchantId=1156838,MERAM PRİNT,95,174,,,,TRY,"[""Kargo Bedava"",""Trendyol Plus'a Özel""]",InStock,100 adetten fazla stok sunulmuştur,,,4.5,2238,1526,,127,"2,5B kişinin sepetinde",157B kişi favoriledi,"Son 24 saatte 2,1B kişi görüntüledi",4999,TRY,0,,1,3,13 saat 55 dakika içinde sipariş verirsen en geç yarın kargoda!,En Çok Satan 2. Ürün,https://cdn.dsmcdn.com/ty1841/prod/QC_ENRICHMENT/20260318/16/ef30b97a-a5d1-30f1-92a7-8abeea78114c/1_org_zoom.jpg,"{""Renk"":""Beyaz"",""Materyal"":""Alçı"",""Parça Sayısı"":""2"",""Menşei"":""TR""}",20,5,refreshed,"[""daily_top""]",true,2026-08-17T10:00:10+03:00,0,"[""search_result_dom"",""product_detail_jsonld"",""product_detail_dom""]","{""title"":""observed"",""brand"":""observed"",""seller_name"":""observed"",""seller_score"":""observed"",""price"":""observed"",""original_price"":""unavailable"",""campaigns"":""observed"",""stock_status"":""observed"",""stock_signal"":""observed"",""rating"":""observed"",""rating_count"":""observed"",""review_count"":""observed"",""question_count"":""observed"",""delivery_summary"":""observed"",""shipping_cost"":""observed"",""properties"":""observed""}",true,
2026-08-17,2026-08-17T10:00:10+03:00,ev-yasam,BEST_SELLER,ev-dekorasyon,ev dekorasyon,10,2,10,10,1,,82.2,27.8,940339790,1081234,bituclass BİTUCLASS KİTAPLIK ORGANISER AYAKKABILIK ÇOK AMAÇLI RAF,bituclass,Kitaplık,https://www.trendyol.com/bituclass/bituclass-kitaplik-organiser-ayakkabilik-cok-amacli-raf-p-940339790?boutiqueId=61&merchantId=1081234,Bituclass,91,349,,,,TRY,"[""Kargo Bedava""]",InStock,100 adetten fazla stok sunulmuştur,,,3.5,1027,593,,186,"2,9B kişinin sepetinde","57,4B kişi favoriledi","Son 24 saatte 3,6B kişi görüntüledi",4999,TRY,0,,1,3,1 saat 55 dakika içinde sipariş verirsen en geç bugün kargoda!,En Çok Satan 1. Ürün,https://cdn.dsmcdn.com/ty1688/prod/QC_ENRICHMENT/20250530/15/39912e9a-0dbf-3edd-a7b7-4259cf1f258e/1_org_zoom.jpg,"{""Tip"":""Klasik"",""Materyal"":""MDF"",""Renk"":""Siyah"",""Yükseklik"":""126 cm"",""Genişlik"":""46 cm"",""Derinlik"":""18 cm"",""Raf Sayısı"":""1"",""Gövde Materyali"":""Plastik"",""Stil"":""İskandinav"",""Tema / Stil"":""İskandinav"",""Menşei"":""TR"",""Özellik"":""Uzun""}",20,5,refreshed,"[""daily_top""]",true,2026-08-17T10:00:10+03:00,0,"[""search_result_dom"",""product_detail_jsonld"",""product_detail_dom""]","{""title"":""observed"",""brand"":""observed"",""seller_name"":""observed"",""seller_score"":""observed"",""price"":""observed"",""original_price"":""unavailable"",""campaigns"":""observed"",""stock_status"":""observed"",""stock_signal"":""observed"",""rating"":""observed"",""rating_count"":""observed"",""review_count"":""observed"",""question_count"":""observed"",""delivery_summary"":""observed"",""shipping_cost"":""observed"",""properties"":""observed""}",true,
2026-08-17,2026-08-17T10:00:10+03:00,ev-yasam,BEST_SELLER,ev-dekorasyon,ev dekorasyon,11,2,11,11,1,,74.6,32.9,962594072,745404,"Home 5'li Kalpli Magnet Seti – Fotoğraf ve Not Tutucu, Buzdolabı Süsü, Güçlü Mıknatıs, Dekoratif Magnet",Home,,https://www.trendyol.com/home/5-li-kalpli-magnet-seti-fotograf-ve-not-tutucu-buzdolabi-susu-guclu-miknatis-dekoratif-magnet-p-962594072?boutiqueId=61&merchantId=745404,Gamy Crafts,91,14,,,,TRY,"[""Kargo Bedava""]",InStock,100 adetten fazla stok sunulmuştur,,,3.6,118,,,19,484 kişinin sepetinde,"10,7B kişi favoriledi",Son 24 saatte 426 kişi görüntüledi,,,0,,,,13 saat 55 dakika içinde sipariş verirsen en geç yarın kargoda!,En Çok Satan 1. Ürün,,{},0,,refreshed,"[""daily_top""]",true,2026-08-17T10:00:10+03:00,0,"[""search_result_dom"",""product_detail_jsonld"",""product_detail_dom""]","{""title"":""observed"",""brand"":""observed"",""seller_name"":""observed"",""seller_score"":""observed"",""price"":""observed"",""original_price"":""unavailable"",""campaigns"":""observed"",""stock_status"":""observed"",""stock_signal"":""observed"",""rating"":""observed"",""rating_count"":""observed"",""review_count"":""unavailable"",""question_count"":""observed"",""delivery_summary"":""observed"",""shipping_cost"":""unavailable"",""properties"":""observed""}",true,
2026-08-17,2026-08-17T10:00:10+03:00,ev-yasam,BEST_SELLER,ev-dekorasyon,ev dekorasyon,12,2,12,12,1,,74.9,30.1,1137688667,823940,"OrdoVeni Ahşap Tütsülük – Dekoratif Modern Tasarım Doğal Ahşap Tütsü Standı | Salon, Ev & Ofis İçin Şık Obje",OrdoVeni,Tütsü ve Buhurdanlık,https://www.trendyol.com/ordoveni/ahsap-tutsuluk-dekoratif-modern-tasarim-dogal-ahsap-tutsu-standi-salon-ev-ofis-icin-sik-obje-p-1137688667?boutiqueId=61&merchantId=823940,OrdoVeni,,199.15,,,,TRY,"[""Kargo Bedava"",""Trendyol Plus'a Özel""]",InStock,100 adetten fazla stok sunulmuştur,,,4.6,358,230,,26,2B kişinin sepetinde,"29,8B kişi favoriledi",Son 24 saatte 2B kişi görüntüledi,4999,TRY,0,,1,3,3 saat 55 dakika içinde sipariş verirsen en geç bugün kargoda!,En Çok Satan 1. Ürün,https://cdn.dsmcdn.com/ty1898/prod/QC_ENRICHMENT/20260501/16/e3ab608f-c8b8-3c27-bcb1-d56e2816b84f/1_org_zoom.jpg,"{""Renk"":""Kahverengi"",""Adet"":""1"",""Koku Aroması"":""Karışık Çiçek"",""Menşei"":""TR""}",20,5,refreshed,"[""daily_top""]",true,2026-08-17T10:00:10+03:00,0,"[""search_result_dom"",""product_detail_jsonld"",""product_detail_dom""]","{""title"":""observed"",""brand"":""observed"",""seller_name"":""observed"",""seller_score"":""unavailable"",""price"":""observed"",""original_price"":""unavailable"",""campaigns"":""observed"",""stock_status"":""observed"",""stock_signal"":""observed"",""rating"":""observed"",""rating_count"":""observed"",""review_count"":""observed"",""question_count"":""observed"",""delivery_summary"":""observed"",""shipping_cost"":""observed"",""properties"":""observed""}",true,
2026-08-17,2026-08-17T10:00:10+03:00,ev-yasam,BEST_SELLER,ev-dekorasyon,ev dekorasyon,13,2,13,13,1,150,78.1,24.4,1045490651,107143,Decorev Renkli Desenli 2’li Metal Patates Soğan Saklama Kabı Seti DC-6766,Decorev,Sebzelik,https://www.trendyol.com/decorev/renkli-desenli-2-li-metal-patates-sogan-saklama-kabi-seti-dc-6766-p-1045490651?boutiqueId=61&merchantId=107143,Decorev,,499,,,0,TRY,"[""Kargo Bedava""]",InStock,100 adetten fazla stok sunulmuştur,,,4.7,1804,1017,6,154,"2,3B kişinin sepetinde","99,1B kişi favoriledi","Son 24 saatte 3,8B kişi görüntüledi",4999,TRY,0,1,1,3,2 saat 55 dakika içinde sipariş verirsen en geç bugün kargoda!,En Çok Satan 1. Ürün,https://cdn.dsmcdn.com/ty1790/prod/QC_ENRICHMENT/20251115/13/bb5c86d3-8b53-32e3-a9ef-655271575993/1_org_zoom.jpg,"{""Boyut/Ebat"":""20 x 25"",""Materyal"":""Metal"",""Menşei"":""TR"",""Gıda Temas Sembolü"":""Evet"",""Bakım Talimatları (Gıda Temas)"":""Elde yıkanmalıdır.""}",20,5,refreshed,"[""daily_top"",""hot_change""]",true,2026-08-17T10:00:10+03:00,0,"[""search_result_dom"",""product_detail_jsonld"",""product_detail_dom""]","{""title"":""observed"",""brand"":""observed"",""seller_name"":""observed"",""seller_score"":""unavailable"",""price"":""observed"",""original_price"":""unavailable"",""campaigns"":""observed"",""stock_status"":""observed"",""stock_signal"":""observed"",""rating"":""observed"",""rating_count"":""observed"",""review_count"":""observed"",""question_count"":""observed"",""delivery_summary"":""observed"",""shipping_cost"":""observed"",""properties"":""observed""}",true,
2026-08-17,2026-08-17T10:00:10+03:00,ev-yasam,BEST_SELLER,ev-dekorasyon,ev dekorasyon,14,2,14,14,3,,67.2,32.8,953583085,1269969,Genel Markalar Balkon Kapı-Pencere Stoperi Pencere durdurucuu,Genel Markalar,Dekoratif Obje Biblo,https://www.trendyol.com/genel-markalar/balkon-kapi-pencere-stoperi-pencere-durdurucuu-p-953583085?boutiqueId=61&merchantId=1269969,Nagyra,89,21,,,,TRY,"[""Kargo Bedava""]",InStock,100 adetten fazla stok sunulmuştur,,,3.6,159,79,,21,380 kişinin sepetinde,"9,7B kişi favoriledi",,4999,TRY,0,1,1,3,13 saat 55 dakika içinde sipariş verirsen en geç yarın kargoda!,En Çok Satan 3. Ürün,https://cdn.dsmcdn.com/ty1762/prod/QC_ENRICHMENT/20250926/10/1e49c263-0dd5-36bc-b959-d17ce56f9974/1_org_zoom.jpg,"{""Materyal"":""Plastik"",""Renk"":""Beyaz"",""Boyut/Ebat"":""10 x 10"",""Parça Sayısı"":""1"",""Tema / Stil"":""Modern"",""Menşei"":""TR""}",20,5,refreshed,"[""daily_top""]",true,2026-08-17T10:00:10+03:00,0,"[""search_result_dom"",""product_detail_jsonld"",""product_detail_dom""]","{""title"":""observed"",""brand"":""observed"",""seller_name"":""observed"",""seller_score"":""observed"",""price"":""observed"",""original_price"":""unavailable"",""campaigns"":""observed"",""stock_status"":""observed"",""stock_signal"":""observed"",""rating"":""observed"",""rating_count"":""observed"",""review_count"":""observed"",""question_count"":""observed"",""delivery_summary"":""observed"",""shipping_cost"":""observed"",""properties"":""observed""}",true,
2026-08-17,2026-08-17T10:00:10+03:00,ev-yasam,BEST_SELLER,ev-dekorasyon,ev dekorasyon,15,2,15,15,,143,79.8,17.7,939718795,311492,KAMİZ Fırfırlı Keten Runner & 6'lı Fıfırlı Supla Seti - 7 Parça Çeyiz Seti,KAMİZ,,https://www.trendyol.com/kamiz/firfirli-keten-runner-6-li-fifirli-supla-seti-7-parca-ceyiz-seti-p-939718795?boutiqueId=61&merchantId=311492,KAMİZ,,339.9,,,35.1,TRY,"[""Kargo Bedava"",""Trendyol Plus'a Özel""]",InStock,100 adetten fazla stok sunulmuştur,,,4.3,5363,,0,343,"4,9B kişinin sepetinde","417,1B kişi favoriledi","Son 24 saatte 3,3B kişi görüntüledi",,,0,,,,1 saat 55 dakika içinde sipariş verirsen en geç bugün kargoda!,En Çok Ziyaret Edilen 1. Ürün,,{},0,,refreshed,"[""daily_top"",""hot_change""]",true,2026-08-17T10:00:10+03:00,0,"[""search_result_dom"",""product_detail_jsonld"",""product_detail_dom""]","{""title"":""observed"",""brand"":""observed"",""seller_name"":""observed"",""seller_score"":""unavailable"",""price"":""observed"",""original_price"":""unavailable"",""campaigns"":""observed"",""stock_status"":""observed"",""stock_signal"":""observed"",""rating"":""observed"",""rating_count"":""observed"",""review_count"":""unavailable"",""question_count"":""observed"",""delivery_summary"":""observed"",""shipping_cost"":""unavailable"",""properties"":""observed""}",true,
2026-08-17,2026-08-17T10:00:10+03:00,ev-yasam,BEST_SELLER,ev-dekorasyon,ev dekorasyon,16,2,16,16,,162,75.6,19.4,857639824,661551,Yapay Çiçek Deposu Yapay Çiçek Top Krizantem 7li Mini Kartopu Demeti 28 cm Beyaz,Yapay Çiçek Deposu,,https://www.trendyol.com/yapay-cicek-deposu/yapay-cicek-top-krizantem-7li-mini-kartopu-demeti-28-cm-beyaz-p-857639824?boutiqueId=61&merchantId=661551,Çiçekburada,93,189.9,,,0,TRY,"[""Kargo Bedava""]",InStock,100 adetten fazla stok sunulmuştur,,,4.4,2780,,0,223,,,,,,0,,,,1 saat 55 dakika içinde sipariş verirsen en geç bugün kargoda!,En Çok Favorilenen 4. Ürün,,{},0,,refreshed,"[""daily_top"",""hot_change""]",true,2026-08-17T10:00:10+03:00,0,"[""search_result_dom"",""product_detail_jsonld"",""product_detail_dom""]","{""title"":""observed"",""brand"":""observed"",""seller_name"":""observed"",""seller_score"":""observed"",""price"":""observed"",""original_price"":""unavailable"",""campaigns"":""observed"",""stock_status"":""observed"",""stock_signal"":""observed"",""rating"":""observed"",""rating_count"":""observed"",""review_count"":""unavailable"",""question_count"":""observed"",""delivery_summary"":""observed"",""shipping_cost"":""unavailable"",""properties"":""observed""}",true,
2026-08-17,2026-08-17T10:00:10+03:00,ev-yasam,BEST_SELLER,ev-dekorasyon,ev dekorasyon,17,2,17,17,2,176,70.7,22.8,1071649433,797678,OTEXSA Kabartmalı Dokulu 2'li Kırlent Kılıfı Krem Dekoratif Modern Koltuk ve Kanepe Yastık Kılıfı,OTEXSA,,https://www.trendyol.com/otexsa/kabartmali-dokulu-2-li-kirlent-kilifi-krem-dekoratif-modern-koltuk-ve-kanepe-yastik-kilifi-p-1071649433?boutiqueId=61&merchantId=797678,OTEXSA,95,197.97,199.97,1,0,TRY,"[""Sepette %1 İndirim"",""Kargo Bedava""]",InStock,100 adetten fazla stok sunulmuştur,,,4.4,908,,0,124,,,,,,0,,,,3 saat 55 dakika içinde sipariş verirsen en geç bugün kargoda!,En Çok Satan 2. Ürün,,{},0,,refreshed,"[""daily_top"",""hot_change""]",true,2026-08-17T10:00:10+03:00,0,"[""search_result_dom"",""product_detail_jsonld"",""product_detail_dom""]","{""title"":""observed"",""brand"":""observed"",""seller_name"":""observed"",""seller_score"":""observed"",""price"":""observed"",""original_price"":""observed"",""campaigns"":""observed"",""stock_status"":""observed"",""stock_signal"":""observed"",""rating"":""observed"",""rating_count"":""observed"",""review_count"":""unavailable"",""question_count"":""observed"",""delivery_summary"":""observed"",""shipping_cost"":""unavailable"",""properties"":""observed""}",true,
2026-08-17,2026-08-17T10:00:10+03:00,ev-yasam,BEST_SELLER,ev-dekorasyon,ev dekorasyon,18,2,18,18,,109,72,22,962499019,1119631,"Yunus Göksu Design Mutfak Rulo Tutucusu- Düzenleyicisi (1 adet, 2' li ürün)",Yunus Göksu Design,,https://www.trendyol.com/yunus-goksu-design/mutfak-rulo-tutucusu-duzenleyicisi-1-adet-2-li-urun-p-962499019?boutiqueId=61&merchantId=1119631,Innoway,9,167.04,174,4,-2.8,TRY,"[""Sepette %4 İndirim"",""Kargo Bedava""]",InStock,100 adetten fazla stok sunulmuştur,,,3.3,996,,0,65,,,,,,0,,,,1 saat 55 dakika içinde sipariş verirsen en geç bugün kargoda!,En Çok Favorilenen 7. Ürün,,{},0,,refreshed,"[""daily_top"",""hot_change""]",true,2026-08-17T10:00:10+03:00,0,"[""search_result_dom"",""product_detail_jsonld"",""product_detail_dom""]","{""title"":""observed"",""brand"":""observed"",""seller_name"":""observed"",""seller_score"":""observed"",""price"":""observed"",""original_price"":""observed"",""campaigns"":""observed"",""stock_status"":""observed"",""stock_signal"":""observed"",""rating"":""observed"",""rating_count"":""observed"",""review_count"":""unavailable"",""question_count"":""observed"",""delivery_summary"":""observed"",""shipping_cost"":""unavailable"",""properties"":""observed""}",true,
2026-08-17,2026-08-17T10:00:10+03:00,ev-yasam,BEST_SELLER,ev-dekorasyon,ev dekorasyon,19,2,19,19,6,75,61,26.5,1097414898,661551,Yapay Çiçek Deposu Yapay Olivea Zeytin Dalı Demeti 45 cm,Yapay Çiçek Deposu,Yapay Çiçek,https://www.trendyol.com/yapay-cicek-deposu/yapay-olivea-zeytin-dali-demeti-45-cm-p-1097414898?boutiqueId=61&merchantId=661551,,,199.98,,,0,TRY,"[""Kargo Bedava""]",InStock,,,,4.4,415,236,2,,,,,4999,TRY,0,,1,3,Tahmini Teslim:,En Çok Satan 6. Ürün,https://cdn.dsmcdn.com/ty1821/prod/QC_PREP/20260205/15/8a7a0ca0-4206-3748-b784-697429daa557/1_org_zoom.jpg,"{""Renk"":""Yeşil"",""Yükseklik"":""31 - 45 cm"",""Çiçek Türü"":""Demet"",""Menşei"":""CN""}",20,5,refreshed,"[""daily_top""]",true,2026-08-17T10:00:10+03:00,0,"[""search_result_dom"",""product_detail_jsonld"",""product_detail_dom""]","{""title"":""observed"",""brand"":""observed"",""seller_name"":""unavailable"",""seller_score"":""unavailable"",""price"":""observed"",""original_price"":""unavailable"",""campaigns"":""observed"",""stock_status"":""observed"",""stock_signal"":""unavailable"",""rating"":""observed"",""rating_count"":""observed"",""review_count"":""observed"",""question_count"":""unavailable"",""delivery_summary"":""observed"",""shipping_cost"":""observed"",""properties"":""observed""}",true,
2026-08-17,2026-08-17T10:00:10+03:00,ev-yasam,BEST_SELLER,ev-dekorasyon,ev dekorasyon,20,2,20,20,4,,67.1,17.9,50446168,165535,EFFE YAPI DEKOR Siyah Metal Çerçeveli Ayaklı Oval Boy Aynası 180x60 Cm,EFFE YAPI DEKOR,Ayna,https://www.trendyol.com/effe-yapi-dekor/siyah-metal-cerceveli-ayakli-oval-boy-aynasi-180x60-cm-p-50446168?boutiqueId=61&merchantId=165535,,,1550,,,,TRY,"[""Kargo Bedava""]",InStock,,Son 3 günde 250+ ürün satıldı!,,4.7,4435,2470,,,,,,4999,TRY,0,11,1,15,Tahmini Teslim:,En Çok Satan 4. Ürün,https://cdn.dsmcdn.com/ty1612/prod/QC/20241209/11/d44f3397-a651-3bc6-81a9-a6f33c85955c/1_org_zoom.jpg,"{""Materyal"":""Metal"",""Renk"":""Siyah"",""Şekil"":""Oval"",""Çeşit"":""Ayaklı Boy Aynası"",""Menşei"":""TR""}",20,5,refreshed,"[""daily_top""]",true,2026-08-17T10:00:10+03:00,0,"[""search_result_dom"",""product_detail_jsonld"",""product_detail_dom""]","{""title"":""observed"",""brand"":""observed"",""seller_name"":""unavailable"",""seller_score"":""unavailable"",""price"":""observed"",""original_price"":""unavailable"",""campaigns"":""observed"",""stock_status"":""observed"",""stock_signal"":""unavailable"",""rating"":""observed"",""rating_count"":""observed"",""review_count"":""observed"",""question_count"":""unavailable"",""delivery_summary"":""observed"",""shipping_cost"":""observed"",""properties"":""observed""}",true,
2026-08-17,2026-08-17T10:00:10+03:00,ev-yasam,BEST_SELLER,ev-dekorasyon,ev dekorasyon,21,2,21,21,4,,65.2,17.3,956302339,556699,Genel Markalar Sevimli Kahve Köşesi 4’lü Biblo Seti Sorelis - Kahve Çekirdeği - Moka Pot - Kupa - Bardak Dekoratif,Genel Markalar,Dekoratif Obje Biblo,https://www.trendyol.com/genel-markalar/sevimli-kahve-kosesi-4-lu-biblo-seti-sorelis-kahve-cekirdegi-moka-pot-kupa-bardak-dekoratif-p-956302339?boutiqueId=61&merchantId=556699,,,34.81,,,,TRY,"[""Kargo Bedava"",""Trendyol Plus'a Özel""]",InStock,,,,4.2,4515,2532,,,,,,4999,TRY,0,1,1,3,Tahmini Teslim:,En Çok Satan 4. Ürün,https://cdn.dsmcdn.com/ty1934/prod/QC_ENRICHMENT/20260702/15/c32137e2-7696-3c09-bd71-8670833e0f28/1_org_zoom.jpg,"{""Materyal"":""Plastik"",""Renk"":""Siyah"",""Boyut/Ebat"":""Tek Ebat"",""Parça Sayısı"":""4"",""Tema / Stil"":""Modern"",""Menşei"":""TR""}",20,5,refreshed,"[""daily_top""]",true,2026-08-17T10:00:10+03:00,0,"[""search_result_dom"",""product_detail_jsonld"",""product_detail_dom""]","{""title"":""observed"",""brand"":""observed"",""seller_name"":""unavailable"",""seller_score"":""unavailable"",""price"":""observed"",""original_price"":""unavailable"",""campaigns"":""observed"",""stock_status"":""observed"",""stock_signal"":""unavailable"",""rating"":""observed"",""rating_count"":""observed"",""review_count"":""observed"",""question_count"":""unavailable"",""delivery_summary"":""observed"",""shipping_cost"":""observed"",""properties"":""observed""}",true,
2026-08-17,2026-08-17T10:00:10+03:00,ev-yasam,BEST_SELLER,ev-dekorasyon,ev dekorasyon,22,2,22,22,1,161,57.3,22.7,757506433,193645,DECOMALL Tek Parça Beyaz Folyo Kaplamayapışkanlı Mutfak Dolapı Mobilya Kaplama Fayans Kaplama,DECOMALL,Yapışkanlı Folyo,https://www.trendyol.com/decomall/tek-parca-beyaz-folyo-kaplamayapiskanli-mutfak-dolapi-mobilya-kaplama-fayans-kaplama-p-757506433?boutiqueId=61&merchantId=193645,,,96.6,,,0,TRY,"[""Kargo Bedava""]",InStock,,,,3.9,855,454,1,1980,,,,4999,TRY,0,1,1,3,13 saat 55 dakika içinde sipariş verirsen en geç yarın kargoda!,En Çok Satan 1. Ürün,https://cdn.dsmcdn.com/ty994/product/media/images/prod/SPM/PIM/20230902/01/cec67272-4126-3190-b534-907ded55dcb9/1_org_zoom.jpg,"{""Renk"":""Beyaz"",""Menşei"":""TR""}",20,5,refreshed,"[""daily_top"",""hot_change""]",true,2026-08-17T10:00:10+03:00,0,"[""search_result_dom"",""product_detail_jsonld"",""product_detail_dom""]","{""title"":""observed"",""brand"":""observed"",""seller_name"":""unavailable"",""seller_score"":""unavailable"",""price"":""observed"",""original_price"":""unavailable"",""campaigns"":""observed"",""stock_status"":""observed"",""stock_signal"":""unavailable"",""rating"":""observed"",""rating_count"":""observed"",""review_count"":""observed"",""question_count"":""observed"",""delivery_summary"":""observed"",""shipping_cost"":""observed"",""properties"":""observed""}",true,
2026-08-17,2026-08-17T10:00:10+03:00,ev-yasam,BEST_SELLER,ev-dekorasyon,ev dekorasyon,23,2,23,23,3,,56,21.5,1111666779,541829,aymumi home 3’lü Modern Dokulu Seramik Gorunumlu Vazo Seti 19-15-10 cm | Minimal Ev Dekorasyon Çiçeklik,aymumi home,Vazo,https://www.trendyol.com/aymumi-home/3-lu-modern-dokulu-seramik-gorunumlu-vazo-seti-19-15-10-cm-minimal-ev-dekorasyon-ciceklik-p-1111666779?boutiqueId=61&merchantId=541829,,,147.56,,,,TRY,"[""Kargo Bedava""]",InStock,,,,4.2,982,567,,,"2,2B kişinin sepetinde","44,6B kişi favoriledi","Son 24 saatte 1,6B kişi görüntüledi",4999,TRY,0,,1,3,Tahmini Teslim:,En Çok Satan 3. Ürün,https://cdn.dsmcdn.com/ty1839/prod/QC_ENRICHMENT/20260318/00/3ed180ed-578f-3252-888d-028a78454438/1_org_zoom.jpg,"{""Renk"":""Beyaz"",""Materyal"":""Alçı"",""Parça Sayısı"":""3"",""Menşei"":""TR""}",20,5,refreshed,"[""daily_top""]",true,2026-08-17T10:00:10+03:00,0,"[""search_result_dom"",""product_detail_jsonld"",""product_detail_dom""]","{""title"":""observed"",""brand"":""observed"",""seller_name"":""unavailable"",""seller_score"":""unavailable"",""price"":""observed"",""original_price"":""unavailable"",""campaigns"":""observed"",""stock_status"":""observed"",""stock_signal"":""unavailable"",""rating"":""observed"",""rating_count"":""observed"",""review_count"":""observed"",""question_count"":""unavailable"",""delivery_summary"":""observed"",""shipping_cost"":""observed"",""properties"":""observed""}",true,
2026-08-17,2026-08-17T10:00:10+03:00,ev-yasam,BEST_SELLER,ev-dekorasyon,ev dekorasyon,24,2,24,24,,123,32,,1044259056,438262,Rex Aksesuar 3’lü Hayalet Led Biblo Seti – Dekoratif Lamba| Okuyan – Kalpli – Balonlu Hayalet Masa Üstü Dekor,Rex Aksesuar,,https://www.trendyol.com/rex-aksesuar/3-lu-hayalet-led-biblo-seti-dekoratif-lamba-okuyan-kalpli-balonlu-hayalet-masa-ustu-dekor-p-1044259056?boutiqueId=61&merchantId=438262,,,199.98,,,0,TRY,"[""Kargo Bedava"",""Trendyol Plus'a Özel""]",InStock,,,,,,,0,,,,,,,0,,,,Tahmini Teslim:,En Çok Ziyaret Edilen 1. Ürün,,{},0,,refreshed,"[""daily_top"",""hot_change""]",true,2026-08-17T10:00:10+03:00,0,"[""search_result_dom"",""product_detail_jsonld"",""product_detail_dom""]","{""title"":""observed"",""brand"":""observed"",""seller_name"":""unavailable"",""seller_score"":""unavailable"",""price"":""observed"",""original_price"":""unavailable"",""campaigns"":""observed"",""stock_status"":""observed"",""stock_signal"":""unavailable"",""rating"":""unavailable"",""rating_count"":""unavailable"",""review_count"":""unavailable"",""question_count"":""unavailable"",""delivery_summary"":""observed"",""shipping_cost"":""unavailable"",""properties"":""observed""}",true,
2026-08-17,2026-08-17T10:00:10+03:00,ev-yasam,BEST_SELLER,ev-dekorasyon,ev dekorasyon,25,2,25,25,,,54.4,18.1,46205727,208941,Queen's Kitchen 6 Adet Bambu Rattan El Yapımı Amerikan Servis,Queen's Kitchen,Runner & Amerikan Servisi,https://www.trendyol.com/queen-s-kitchen/6-adet-bambu-rattan-el-yapimi-amerikan-servis-p-46205727?boutiqueId=61&merchantId=208941,Queens Kitchen,92,168.12,,,,TRY,"[""Kargo Bedava"",""Trendyol Plus'a Özel""]",InStock,100 adetten fazla stok sunulmuştur,,,4.3,1821,1105,,,612 kişinin sepetinde,"44,3B kişi favoriledi",Son 24 saatte 996 kişi görüntüledi,4999,TRY,0,,1,3,1 saat 55 dakika içinde sipariş verirsen en geç bugün kargoda!,,https://cdn.dsmcdn.com/ty1896/prod/QC_ENRICHMENT/20260720/12/d06b1a91-8906-32f1-b148-e1edc7e751d3/1_org_zoom.jpg,"{""Boyut/Ebat"":""33 x 33"",""Şekil"":""Yuvarlak"",""Renk"":""Kahverengi"",""Materyal"":""Hasır"",""Parça Sayısı"":""5-8"",""Materyal Bileşeni"":""100% Bambu"",""Menşei"":""TR"",""Bakım Talimatları (Genel)"":""Ürünün kullanım ömrünü korumak için ürüne özel bakım talimatlarını takip ediniz.""}",20,5,refreshed,"[""daily_top""]",true,2026-08-17T10:00:10+03:00,0,"[""search_result_dom"",""product_detail_jsonld"",""product_detail_dom""]","{""title"":""observed"",""brand"":""observed"",""seller_name"":""observed"",""seller_score"":""observed"",""price"":""observed"",""original_price"":""unavailable"",""campaigns"":""observed"",""stock_status"":""observed"",""stock_signal"":""observed"",""rating"":""observed"",""rating_count"":""observed"",""review_count"":""observed"",""question_count"":""unavailable"",""delivery_summary"":""observed"",""shipping_cost"":""observed"",""properties"":""observed""}",true,
2026-08-17,2026-08-17T10:00:10+03:00,ev-yasam,BEST_SELLER,ev-dekorasyon,ev dekorasyon,26,2,26,26,,,47.3,22.7,1151039374,675708,OVERMAX Rustik Halat Tasarımlı Minyatür Abajur / Masa Üstü Dekor Lambası 17x6 CM,OVERMAX,,https://www.trendyol.com/overmax/rustik-halat-tasarimli-minyatur-abajur-masa-ustu-dekor-lambasi-17x6-cm-p-1151039374?boutiqueId=61&merchantId=675708,Past Store,96,74.99,,,,TRY,"[""Kargo Bedava""]",InStock,100 adetten fazla stok sunulmuştur,,,4.2,254,,,47,,,,,,0,,,,6 saat 55 dakika içinde sipariş verirsen en geç bugün kargoda!,En Çok Ziyaret Edilen 5. Ürün,,{},0,,refreshed,"[""daily_top""]",true,2026-08-17T10:00:10+03:00,0,"[""search_result_dom"",""product_detail_jsonld"",""product_detail_dom""]","{""title"":""observed"",""brand"":""observed"",""seller_name"":""observed"",""seller_score"":""observed"",""price"":""observed"",""original_price"":""unavailable"",""campaigns"":""observed"",""stock_status"":""observed"",""stock_signal"":""observed"",""rating"":""observed"",""rating_count"":""observed"",""review_count"":""unavailable"",""question_count"":""observed"",""delivery_summary"":""observed"",""shipping_cost"":""unavailable"",""properties"":""observed""}",true,
2026-08-17,2026-08-17T10:00:10+03:00,ev-yasam,BEST_SELLER,ev-dekorasyon,ev dekorasyon,27,2,27,27,,,40.3,27.2,1147234666,797678,OTEXSA Püsküllü Bohem Üçgen Runner Kare Dokulu Dekoratif Masa Örtüsü Ekru,OTEXSA,Runner & Amerikan Servisi,https://www.trendyol.com/otexsa/puskullu-bohem-ucgen-runner-kare-dokulu-dekoratif-masa-ortusu-ekru-p-1147234666?boutiqueId=61&merchantId=797678,OTEXSA,95,137.09,,,,TRY,"[""Sepette %1 İndirim"",""Kargo Bedava"",""Trendyol Plus'a Özel""]",InStock,100 adetten fazla stok sunulmuştur,,,4.6,127,61,,5,2B kişinin sepetinde,"14,1B kişi favoriledi","Son 24 saatte 1,8B kişi görüntüledi",4999,TRY,0,,1,3,3 saat 55 dakika içinde sipariş verirsen en geç bugün kargoda!,En Çok Ziyaret Edilen 3. Ürün,https://cdn.dsmcdn.com/ty1931/prod/QC_ENRICHMENT/20260607/17/84b951b0-5a5b-3585-ba0b-ade169123c19/1_org_zoom.jpg,"{""Boyut/Ebat"":""40 x 110"",""Şekil"":""Oval"",""Renk"":""Ekru"",""Materyal"":""Pamuklu"",""Parça Sayısı"":""1"",""Materyal Bileşeni"":""%100 Pamuk"",""Menşei"":""TR"",""Bakım Talimatları (Genel)"":""Ürünün kullanım ömrünü korumak için ürüne özel bakım talimatlarını takip ediniz.""}",20,5,refreshed,"[""daily_top""]",true,2026-08-17T10:00:10+03:00,0,"[""search_result_dom"",""product_detail_jsonld"",""product_detail_dom""]","{""title"":""observed"",""brand"":""observed"",""seller_name"":""observed"",""seller_score"":""observed"",""price"":""observed"",""original_price"":""unavailable"",""campaigns"":""observed"",""stock_status"":""observed"",""stock_signal"":""observed"",""rating"":""observed"",""rating_count"":""observed"",""review_count"":""observed"",""question_count"":""observed"",""delivery_summary"":""observed"",""shipping_cost"":""observed"",""properties"":""observed""}",true,
2026-08-17,2026-08-17T10:00:10+03:00,ev-yasam,BEST_SELLER,ev-dekorasyon,ev dekorasyon,28,2,28,28,,,47.5,17.5,94776163,448850,vipgross Kapak Içi Kesim Panoluk Magazinlik/panoluk,vipgross,Dolap İçi Düzenleyici,https://www.trendyol.com/vipgross/kapak-ici-kesim-panoluk-magazinlik-panoluk-p-94776163?boutiqueId=61&merchantId=448850,vipgross,,284.99,,,,TRY,"[""Kargo Bedava"",""Trendyol Plus'a Özel""]",InStock,100 adetten fazla stok sunulmuştur,,,4.6,1840,858,,,"3,8B kişinin sepetinde",281B kişi favoriledi,"Son 24 saatte 2,1B kişi görüntüledi",4999,TRY,0,1,1,3,13 saat 55 dakika içinde sipariş verirsen en geç yarın kargoda!,En Çok Favorilenen 4. Ürün,https://cdn.dsmcdn.com/ty667/product/media/images/20221229/18/248813535/158038247/1/1_org_zoom.jpg,"{""Materyal"":""Metal"",""Boyut/Ebat"":""35 x 50"",""Renk"":""Siyah"",""Menşei"":""TR""}",20,5,refreshed,"[""daily_top""]",true,2026-08-17T10:00:10+03:00,0,"[""search_result_dom"",""product_detail_jsonld"",""product_detail_dom""]","{""title"":""observed"",""brand"":""observed"",""seller_name"":""observed"",""seller_score"":""unavailable"",""price"":""observed"",""original_price"":""unavailable"",""campaigns"":""observed"",""stock_status"":""observed"",""stock_signal"":""observed"",""rating"":""observed"",""rating_count"":""observed"",""review_count"":""observed"",""question_count"":""unavailable"",""delivery_summary"":""observed"",""shipping_cost"":""observed"",""properties"":""observed""}",true,
2026-08-17,2026-08-17T10:00:10+03:00,ev-yasam,BEST_SELLER,ev-dekorasyon,ev dekorasyon,29,2,29,29,7,,45.1,17.4,1035372401,675708,Genel Markalar Ledli Dekoratif Kartanesi Yıldız(Mum Dahil) Yılbaşı Süsü Dekoratif Obje,Genel Markalar,,https://www.trendyol.com/genel-markalar/ledli-dekoratif-kartanesi-yildiz-mum-dahil-yilbasi-susu-dekoratif-obje-p-1035372401?boutiqueId=61&merchantId=675708,,,74,,,,TRY,"[""Kargo Bedava""]",InStock,,,,4.1,775,,,73,"3,2B kişinin sepetinde","75,8B kişi favoriledi","Son 24 saatte 1,6B kişi görüntüledi",,,0,,,,6 saat 55 dakika içinde sipariş verirsen en geç bugün kargoda!,En Çok Satan 7. Ürün,,{},0,,refreshed,"[""daily_top""]",true,2026-08-17T10:00:10+03:00,0,"[""search_result_dom"",""product_detail_jsonld"",""product_detail_dom""]","{""title"":""observed"",""brand"":""observed"",""seller_name"":""unavailable"",""seller_score"":""unavailable"",""price"":""observed"",""original_price"":""unavailable"",""campaigns"":""observed"",""stock_status"":""observed"",""stock_signal"":""unavailable"",""rating"":""observed"",""rating_count"":""observed"",""review_count"":""unavailable"",""question_count"":""observed"",""delivery_summary"":""observed"",""shipping_cost"":""unavailable"",""properties"":""observed""}",true,
2026-08-17,2026-08-17T10:00:10+03:00,ev-yasam,BEST_SELLER,ev-dekorasyon,ev dekorasyon,30,2,30,30,3,,37.7,22.3,988943545,1068369,Mossyna 4'lü Ultra Dolgun Kırlent İç Yastık Boncuk Silikon Farklı Ebat Seçeneği Ve Yıkanabilir,Mossyna,Kırlent ve Kırlent Kılıfı,https://www.trendyol.com/mossyna/4-lu-ultra-dolgun-kirlent-ic-yastik-boncuk-silikon-farkli-ebat-secenegi-ve-yikanabilir-p-988943545?boutiqueId=61&merchantId=1068369,,,489.64,,,,TRY,"[""Kargo Bedava""]",InStock,,,,4.3,400,164,,64,"1,7B kişinin sepetinde","21,1B kişi favoriledi",Son 24 saatte 1B kişi görüntüledi,4999,TRY,0,1,1,3,13 saat 55 dakika içinde sipariş verirsen en geç yarın kargoda!,En Çok Satan 3. Ürün,https://cdn.dsmcdn.com/ty1934/prod/QC_ENRICHMENT/20260811/03/29dc0540-80b4-3858-9b22-61ac70b839fb/1_org_zoom.jpg,"{""Materyal"":""Silikon"",""Renk"":""Beyaz"",""Parça Sayısı"":""4"",""Şekil"":""Kare"",""Üretim Şekli"":""El Yapımı"",""Çeşit"":""Dolgulu Kırlent"",""Tema / Stil"":""Modern"",""Yıkama Talimatı"":""Type 1"",""Menşei"":""TR""}",20,5,refreshed,"[""daily_top""]",true,2026-08-17T10:00:10+03:00,0,"[""search_result_dom"",""product_detail_jsonld"",""product_detail_dom""]","{""title"":""observed"",""brand"":""observed"",""seller_name"":""unavailable"",""seller_score"":""unavailable"",""price"":""observed"",""original_price"":""unavailable"",""campaigns"":""observed"",""stock_status"":""observed"",""stock_signal"":""unavailable"",""rating"":""observed"",""rating_count"":""observed"",""review_count"":""observed"",""question_count"":""observed"",""delivery_summary"":""observed"",""shipping_cost"":""observed"",""properties"":""observed""}",true,
2026-08-17,2026-08-17T10:00:10+03:00,ev-yasam,BEST_SELLER,ev-dekorasyon,ev dekorasyon,31,2,31,31,,,48.8,13.3,953196088,541829,Genel Markalar SAMDAN DAHİL DEĞİLDİR KOKULU ŞAMDAN MUM 3 ADET ŞAKAYIKLI ŞAMDAN MUM,Genel Markalar,Şamdan Mumluk,https://www.trendyol.com/genel-markalar/samdan-dahil-degildir-kokulu-samdan-mum-3-adet-sakayikli-samdan-mum-p-953196088?boutiqueId=61&merchantId=541829,QULİFE,82,140.28,147.01,4.6,,TRY,"[""Son 10 Günün En Düşük Fiyatı"",""Kargo Bedava"",""Son 10 günün en düşük fiyatı""]",InStock,100 adetten fazla stok sunulmuştur,,,4,2875,1868,,433,3B kişinin sepetinde,"263,1B kişi favoriledi","Son 24 saatte 2,8B kişi görüntüledi",4999,TRY,0,2,1,5,1 saat 55 dakika içinde sipariş verirsen en geç bugün kargoda!,,https://cdn.dsmcdn.com/ty1850/prod/QC_ENRICHMENT/20260403/17/77be5c77-a664-331d-8b9c-20c24b967e91/1_org_zoom.jpg,"{""Renk"":""Beyaz"",""Materyal"":""Belirtilmemiş"",""Parça Sayısı"":""2"",""Menşei"":""TR""}",20,5,refreshed,"[""daily_top""]",true,2026-08-17T10:00:10+03:00,0,"[""search_result_dom"",""product_detail_jsonld"",""product_detail_dom""]","{""title"":""observed"",""brand"":""observed"",""seller_name"":""observed"",""seller_score"":""observed"",""price"":""observed"",""original_price"":""observed"",""campaigns"":""observed"",""stock_status"":""observed"",""stock_signal"":""observed"",""rating"":""observed"",""rating_count"":""observed"",""review_count"":""observed"",""question_count"":""observed"",""delivery_summary"":""observed"",""shipping_cost"":""observed"",""properties"":""observed""}",true,
2026-08-17,2026-08-17T10:00:10+03:00,ev-yasam,BEST_SELLER,ev-dekorasyon,ev dekorasyon,32,2,32,32,3,,37.2,18.8,898391602,400172,mumbi Şamdan mum 6'lı (boyamaya uygun/konik mum),mumbi,Mum ve Kandil,https://www.trendyol.com/mumbi/samdan-mum-6-li-boyamaya-uygun-konik-mum-p-898391602?boutiqueId=61&merchantId=400172,MUMBİ,95,188.55,190.45,1,,TRY,"[""Sepette %1 İndirim"",""Kargo Bedava""]",InStock,100 adetten fazla stok sunulmuştur,,,4.6,613,337,,,965 kişinin sepetinde,"39,3B kişi favoriledi",Son 24 saatte 747 kişi görüntüledi,4999,TRY,0,,1,3,55 dakika içinde sipariş verirsen en geç bugün kargoda!,En Çok Satan 3. Ürün,https://cdn.dsmcdn.com/ty1645/prod/QC/20250306/21/06156b9f-9772-378a-98fd-3570bcc12e02/1_org_zoom.jpg,"{""Renk"":""Beyaz"",""Özellik"":""Kokusuz"",""Boyut/Ebat"":""25 x 2"",""Parça Sayısı"":""6"",""Koku Aroması"":""Kokusuz"",""Menşei"":""TR""}",20,5,refreshed,"[""daily_top""]",true,2026-08-17T10:00:10+03:00,0,"[""search_result_dom"",""product_detail_jsonld"",""product_detail_dom""]","{""title"":""observed"",""brand"":""observed"",""seller_name"":""observed"",""seller_score"":""observed"",""price"":""observed"",""original_price"":""observed"",""campaigns"":""observed"",""stock_status"":""observed"",""stock_signal"":""observed"",""rating"":""observed"",""rating_count"":""observed"",""review_count"":""observed"",""question_count"":""unavailable"",""delivery_summary"":""observed"",""shipping_cost"":""observed"",""properties"":""observed""}",true,
2026-08-17,2026-08-17T10:00:10+03:00,ev-yasam,BEST_SELLER,ev-dekorasyon,ev dekorasyon,33,2,33,33,2,,39.7,12.8,990051366,979142,Havalı Tasarım Dekoratif Fırsat Set 5 Parça Standlı,Havalı Tasarım,,https://www.trendyol.com/havali-tasarim/dekoratif-firsat-set-5-parca-standli-p-990051366?boutiqueId=61&merchantId=979142,Havalı Tasarım AYB,81,135.38,,,,TRY,"[""Kargo Bedava""]",InStock,100 adetten fazla stok sunulmuştur,,,4.1,1653,,,136,,,,,,0,,,,13 saat 55 dakika içinde sipariş verirsen en geç yarın kargoda!,En Çok Satan 2. Ürün,,{},0,,refreshed,"[""daily_top""]",true,2026-08-17T10:00:10+03:00,0,"[""search_result_dom"",""product_detail_jsonld"",""product_detail_dom""]","{""title"":""observed"",""brand"":""observed"",""seller_name"":""observed"",""seller_score"":""observed"",""price"":""observed"",""original_price"":""unavailable"",""campaigns"":""observed"",""stock_status"":""observed"",""stock_signal"":""observed"",""rating"":""observed"",""rating_count"":""observed"",""review_count"":""unavailable"",""question_count"":""observed"",""delivery_summary"":""observed"",""shipping_cost"":""unavailable"",""properties"":""observed""}",true,
2026-08-17,2026-08-17T10:00:10+03:00,ev-yasam,BEST_SELLER,ev-dekorasyon,ev dekorasyon,34,2,34,34,7,,34.5,15.5,148466741,460383,Genel Markalar Yapay Çiçek Duvar Kaplama Panel Şimşir Tabaka 40x60 Cm Yeşil Dikey Bahçe Kontef,Genel Markalar,Yapay Çiçek,https://www.trendyol.com/genel-markalar/yapay-cicek-duvar-kaplama-panel-simsir-tabaka-40x60-cm-yesil-dikey-bahce-kontef-p-148466741?boutiqueId=61&merchantId=460383,,,199,,,,TRY,"[""Kargo Bedava""]",InStock,,,,4.4,1075,644,,,,,,4999,TRY,0,,1,3,Tahmini Teslim:,En Çok Satan 7. Ürün,https://cdn.dsmcdn.com/ty1789/prod/QC_ENRICHMENT/20251114/16/d98ea162-2f6d-3e9b-83ad-f49cf4509bc1/1_org_zoom.jpg,"{""Renk"":""Yeşil"",""Yükseklik"":""51 - 80 cm"",""Çiçek Türü"":""Yaprak"",""Menşei"":""CN""}",20,5,refreshed,"[""daily_top""]",true,2026-08-17T10:00:10+03:00,0,"[""search_result_dom"",""product_detail_jsonld"",""product_detail_dom""]","{""title"":""observed"",""brand"":""observed"",""seller_name"":""unavailable"",""seller_score"":""unavailable"",""price"":""observed"",""original_price"":""unavailable"",""campaigns"":""observed"",""stock_status"":""observed"",""stock_signal"":""unavailable"",""rating"":""observed"",""rating_count"":""observed"",""review_count"":""observed"",""question_count"":""unavailable"",""delivery_summary"":""observed"",""shipping_cost"":""observed"",""properties"":""observed""}",true,
2026-08-17,2026-08-17T10:00:10+03:00,ev-yasam,BEST_SELLER,ev-dekorasyon,ev dekorasyon,35,2,35,35,,,10,,999651568,311492,KAMİZ Bohem Runner Masa Örtüsü Modern Ev Dekoru Düğün Nişan Özel Gün Masa Örtüsü Çeyiz Seti %100 Pamuk,KAMİZ,,https://www.trendyol.com/kamiz/bohem-runner-masa-ortusu-modern-ev-dekoru-dugun-nisan-ozel-gun-masa-ortusu-ceyiz-seti-100-pamuk-p-999651568?boutiqueId=61&merchantId=311492,,,196.74,,,,TRY,"[""Kargo Bedava""]",InStock,,,,,,,,,,,,,,0,,,,Tahmini Teslim:,,,{},0,,refreshed,"[""daily_top""]",true,2026-08-17T10:00:10+03:00,0,"[""search_result_dom"",""product_detail_jsonld"",""product_detail_dom""]","{""title"":""observed"",""brand"":""observed"",""seller_name"":""unavailable"",""seller_score"":""unavailable"",""price"":""observed"",""original_price"":""unavailable"",""campaigns"":""observed"",""stock_status"":""observed"",""stock_signal"":""unavailable"",""rating"":""unavailable"",""rating_count"":""unavailable"",""review_count"":""unavailable"",""question_count"":""unavailable"",""delivery_summary"":""observed"",""shipping_cost"":""unavailable"",""properties"":""observed""}",true,
2026-08-17,2026-08-17T10:00:10+03:00,ev-yasam,BEST_SELLER,ev-dekorasyon,ev dekorasyon,36,2,36,36,,,8,,834744611,116498,Squall Semplice Meşe Dekoratif Duvar Rafı 54x16 Cm,Squall,,https://www.trendyol.com/squall/semplice-mese-dekoratif-duvar-rafi-54x16-cm-p-834744611?boutiqueId=61&merchantId=116498,,,191.89,,,,TRY,"[""Kargo Bedava""]",InStock,,,,,,,,,,,,,,0,,,,Tahmini Teslim:,,,{},0,,refreshed,"[""daily_top""]",true,2026-08-17T10:00:10+03:00,0,"[""search_result_dom"",""product_detail_jsonld"",""product_detail_dom""]","{""title"":""observed"",""brand"":""observed"",""seller_name"":""unavailable"",""seller_score"":""unavailable"",""price"":""observed"",""original_price"":""unavailable"",""campaigns"":""observed"",""stock_status"":""observed"",""stock_signal"":""unavailable"",""rating"":""unavailable"",""rating_count"":""unavailable"",""review_count"":""unavailable"",""question_count"":""unavailable"",""delivery_summary"":""observed"",""shipping_cost"":""unavailable"",""properties"":""observed""}",true,
2026-08-17,2026-08-17T10:00:10+03:00,ev-yasam,BEST_SELLER,ev-dekorasyon,ev dekorasyon,37,2,37,37,8,,23.9,18.6,1053971598,1193904,Çiçek 3’lü Mini Yapay Bitki Seti – Dekoratif Saksılı Modern Masa Üstü,Çiçek,Yapay Çiçek,https://www.trendyol.com/cicek/3-lu-mini-yapay-bitki-seti-dekoratif-saksili-modern-masa-ustu-p-1053971598?boutiqueId=61&merchantId=1193904,,,199.99,,,,TRY,"[""Kargo Bedava""]",InStock,,,,4.5,327,171,,,,,,4999,TRY,0,,1,3,Tahmini Teslim:,En Çok Satan 8. Ürün,https://cdn.dsmcdn.com/ty1903/prod/QC_ENRICHMENT/20260619/17/009bf32f-a320-3938-b529-52ac944de39e/1_org_zoom.jpg,"{""Renk"":""Yeşil"",""Yükseklik"":""11 - 30 cm"",""Çiçek Türü"":""Yaprak"",""Menşei"":""TR""}",20,5,refreshed,"[""daily_top""]",true,2026-08-17T10:00:10+03:00,0,"[""search_result_dom"",""product_detail_jsonld"",""product_detail_dom""]","{""title"":""observed"",""brand"":""observed"",""seller_name"":""unavailable"",""seller_score"":""unavailable"",""price"":""observed"",""original_price"":""unavailable"",""campaigns"":""observed"",""stock_status"":""observed"",""stock_signal"":""unavailable"",""rating"":""observed"",""rating_count"":""observed"",""review_count"":""observed"",""question_count"":""unavailable"",""delivery_summary"":""observed"",""shipping_cost"":""observed"",""properties"":""observed""}",true,
2026-08-17,2026-08-17T10:00:10+03:00,ev-yasam,BEST_SELLER,ev-dekorasyon,ev dekorasyon,38,2,38,38,3,,4,,1131640210,529377,MaVaux Velora Set 3’lü Halat Sepet Banyo Organizer Dekoratif Düzenleyici El Yapımı Sepet Seti,MaVaux,,https://www.trendyol.com/mavaux/velora-set-3-lu-halat-sepet-banyo-organizer-dekoratif-duzenleyici-el-yapimi-sepet-seti-p-1131640210?boutiqueId=61&merchantId=529377,,,288.04,,,,TRY,"[""Kargo Bedava""]",InStock,,,,,,,,,,,,,,0,,,,Tahmini Teslim:,En Çok Satan 3. Ürün,,{},0,,refreshed,"[""daily_top""]",true,2026-08-17T10:00:10+03:00,0,"[""search_result_dom"",""product_detail_jsonld"",""product_detail_dom""]","{""title"":""observed"",""brand"":""observed"",""seller_name"":""unavailable"",""seller_score"":""unavailable"",""price"":""observed"",""original_price"":""unavailable"",""campaigns"":""observed"",""stock_status"":""observed"",""stock_signal"":""unavailable"",""rating"":""unavailable"",""rating_count"":""unavailable"",""review_count"":""unavailable"",""question_count"":""unavailable"",""delivery_summary"":""observed"",""shipping_cost"":""unavailable"",""properties"":""observed""}",true,
2026-08-17,2026-08-17T10:00:10+03:00,ev-yasam,BEST_SELLER,ev-dekorasyon,ev dekorasyon,39,2,39,39,2,146,2,,791489866,745404,Gamy Crafts Magnet - Buzdolabı Magneti - Buzdolabı Süsü - 5’li Kalpli Magnet - Sevgililer Günü Hediyesi,Gamy Crafts,,https://www.trendyol.com/gamy-crafts/magnet-buzdolabi-magneti-buzdolabi-susu-5-li-kalpli-magnet-sevgililer-gunu-hediyesi-p-791489866?boutiqueId=61&merchantId=745404,,,15.5,,,15.7,TRY,"[""Kargo Bedava""]",InStock,,,,,,,0,,,,,,,0,,,,Tahmini Teslim:,En Çok Satan 2. Ürün,,{},0,,refreshed,"[""daily_top"",""hot_change""]",true,2026-08-17T10:00:10+03:00,0,"[""search_result_dom"",""product_detail_jsonld"",""product_detail_dom""]","{""title"":""observed"",""brand"":""observed"",""seller_name"":""unavailable"",""seller_score"":""unavailable"",""price"":""observed"",""original_price"":""unavailable"",""campaigns"":""observed"",""stock_status"":""observed"",""stock_signal"":""unavailable"",""rating"":""unavailable"",""rating_count"":""unavailable"",""review_count"":""unavailable"",""question_count"":""unavailable"",""delivery_summary"":""observed"",""shipping_cost"":""unavailable"",""properties"":""observed""}",true,
2026-08-17,2026-08-17T10:00:10+03:00,ev-yasam,BEST_SELLER,ev-dekorasyon,ev dekorasyon,40,2,40,40,,,0,,790153606,222323,Morlay Düzenleyici Organizer Poşetlik Şık Ve Modern Şeker Paketi Tasarımlı,Morlay,,https://www.trendyol.com/morlay/duzenleyici-organizer-posetlik-sik-ve-modern-seker-paketi-tasarimli-p-790153606?boutiqueId=61&merchantId=222323,,,149.9,,,,TRY,"[""Kargo Bedava""]",InStock,,,,,,,,,,,,,,0,,,,Tahmini Teslim:,,,{},0,,refreshed,"[""daily_top""]",true,2026-08-17T10:00:10+03:00,0,"[""search_result_dom"",""product_detail_jsonld"",""product_detail_dom""]","{""title"":""observed"",""brand"":""observed"",""seller_name"":""unavailable"",""seller_score"":""unavailable"",""price"":""observed"",""original_price"":""unavailable"",""campaigns"":""observed"",""stock_status"":""observed"",""stock_signal"":""unavailable"",""rating"":""unavailable"",""rating_count"":""unavailable"",""review_count"":""unavailable"",""question_count"":""unavailable"",""delivery_summary"":""observed"",""shipping_cost"":""unavailable"",""properties"":""observed""}",true,
2026-08-17,2026-08-17T10:00:10+03:00,ev-yasam,BEST_SELLER,ev-dekorasyon,ev dekorasyon,41,2,41,41,3,,13.3,21.2,1141691610,872141,METALAY GOLD LALE 3 LÜ ŞAMDAN,METALAY,Şamdan Mumluk,https://www.trendyol.com/metalay/gold-lale-3-lu-samdan-p-1141691610?boutiqueId=61&merchantId=872141,,,299,,,,TRY,"[""Kargo Bedava""]",InStock,,,,3.9,88,45,,,,,,4999,TRY,0,,1,3,Tahmini Teslim:,En Çok Satan 3. Ürün,https://cdn.dsmcdn.com/ty1915/prod/QC_PREP/20260503/22/b0f61aa8-2114-3a24-9721-1cbdc91c1f08/1_org_zoom.jpg,"{""Renk"":""Altın"",""Materyal"":""Demir"",""Parça Sayısı"":""3"",""Menşei"":""TR""}",20,5,refreshed,"[""daily_top""]",true,2026-08-17T10:00:10+03:00,0,"[""search_result_dom"",""product_detail_jsonld"",""product_detail_dom""]","{""title"":""observed"",""brand"":""observed"",""seller_name"":""unavailable"",""seller_score"":""unavailable"",""price"":""observed"",""original_price"":""unavailable"",""campaigns"":""observed"",""stock_status"":""observed"",""stock_signal"":""unavailable"",""rating"":""observed"",""rating_count"":""observed"",""review_count"":""observed"",""question_count"":""unavailable"",""delivery_summary"":""observed"",""shipping_cost"":""observed"",""properties"":""observed""}",true,
2026-08-17,2026-08-17T10:00:10+03:00,ev-yasam,BEST_SELLER,ev-dekorasyon,ev dekorasyon,42,2,42,42,10,,13.8,20.2,1171459990,418720,Lilac Home Yapay Çiçek Papatya Detaylı Sarkan Bitki (20 kafa papatya ),Lilac Home,Yapay Çiçek,https://www.trendyol.com/lilac-home/yapay-cicek-papatya-detayli-sarkan-bitki-20-kafa-papatya-p-1171459990?boutiqueId=61&merchantId=418720,,,169.99,,,,TRY,"[""Kargo Bedava""]",InStock,,,,4,82,52,,,,,,4999,TRY,0,1,1,3,Tahmini Teslim:,En Çok Satan 10. Ürün,https://cdn.dsmcdn.com/ty1927/prod/QC_ENRICHMENT/20260730/20/657ba50f-746b-3144-94ff-8b03927f5731/1_org_zoom.jpg,"{""Renk"":""Sarı"",""Çiçek Türü"":""Saksı"",""Menşei"":""CN""}",20,5,refreshed,"[""daily_top""]",true,2026-08-17T10:00:10+03:00,0,"[""search_result_dom"",""product_detail_jsonld"",""product_detail_dom""]","{""title"":""observed"",""brand"":""observed"",""seller_name"":""unavailable"",""seller_score"":""unavailable"",""price"":""observed"",""original_price"":""unavailable"",""campaigns"":""observed"",""stock_status"":""observed"",""stock_signal"":""unavailable"",""rating"":""observed"",""rating_count"":""observed"",""review_count"":""observed"",""question_count"":""unavailable"",""delivery_summary"":""observed"",""shipping_cost"":""observed"",""properties"":""observed""}",true,
2026-08-17,2026-08-17T10:00:10+03:00,ev-yasam,BEST_SELLER,ev-dekorasyon,ev dekorasyon,43,2,43,43,,113,24.4,9.1,1017995556,311492,KAMİZ Bohem Runner Masa Örtüsü Doğal Bej Modern Ev Dekoru Düğün Nişan Masa Örtüsü Çeyiz Seti %100 Pamuk,KAMİZ,,https://www.trendyol.com/kamiz/bohem-runner-masa-ortusu-dogal-bej-modern-ev-dekoru-dugun-nisan-masa-ortusu-ceyiz-seti-100-pamuk-p-1017995556?boutiqueId=61&merchantId=311492,,,197.9,,,-34,TRY,"[""Kargo Bedava""]",InStock,,,,4.5,1113,,0,123,"2,1B kişinin sepetinde","147,7B kişi favoriledi","Son 24 saatte 1,6B kişi görüntüledi",,,0,,,,Tahmini Teslim:,,,{},0,,refreshed,"[""daily_top"",""hot_change""]",true,2026-08-17T10:00:10+03:00,0,"[""search_result_dom"",""product_detail_jsonld"",""product_detail_dom""]","{""title"":""observed"",""brand"":""observed"",""seller_name"":""unavailable"",""seller_score"":""unavailable"",""price"":""observed"",""original_price"":""unavailable"",""campaigns"":""observed"",""stock_status"":""observed"",""stock_signal"":""unavailable"",""rating"":""observed"",""rating_count"":""observed"",""review_count"":""unavailable"",""question_count"":""observed"",""delivery_summary"":""observed"",""shipping_cost"":""unavailable"",""properties"":""observed""}",true,
2026-08-17,2026-08-17T10:00:10+03:00,ev-yasam,BEST_SELLER,ev-dekorasyon,ev dekorasyon,44,2,44,44,,,14.5,18.5,1170908817,529219,H&E LUXURY DESIGN 9 Dal Karışık Okaliptus Yapay Çiçek Demeti 30Cm,H&E LUXURY DESIGN,Yapay Çiçek,https://www.trendyol.com/h-e-luxury-design/9-dal-karisik-okaliptus-yapay-cicek-demeti-30cm-p-1170908817?boutiqueId=61&merchantId=529219,,,237.37,,,,TRY,"[""Kargo Bedava"",""Trendyol Plus'a Özel""]",InStock,,,,4.2,108,64,,,5B kişinin sepetinde,"42,3B kişi favoriledi","Son 24 saatte 4,3B kişi görüntüledi",4999,TRY,0,,1,3,Tahmini Teslim:,En Çok Ziyaret Edilen 2. Ürün,https://cdn.dsmcdn.com/ty1897/prod/QC_PREP/20260713/22/1c895fa6-dafe-3a13-8b9d-6768832cba47/1_org_zoom.jpg,"{""Renk"":""Yeşil"",""Yükseklik"":""31 - 45 cm"",""Çiçek Türü"":""Demet"",""Menşei"":""CN""}",20,5,refreshed,"[""daily_top""]",true,2026-08-17T10:00:10+03:00,0,"[""search_result_dom"",""product_detail_jsonld"",""product_detail_dom""]","{""title"":""observed"",""brand"":""observed"",""seller_name"":""unavailable"",""seller_score"":""unavailable"",""price"":""observed"",""original_price"":""unavailable"",""campaigns"":""observed"",""stock_status"":""observed"",""stock_signal"":""unavailable"",""rating"":""observed"",""rating_count"":""observed"",""review_count"":""observed"",""question_count"":""unavailable"",""delivery_summary"":""observed"",""shipping_cost"":""observed"",""properties"":""observed""}",true,
2026-08-17,2026-08-17T10:00:10+03:00,ev-yasam,BEST_SELLER,ev-dekorasyon,ev dekorasyon,45,2,45,45,,,22.5,10,1081065636,1061217,"Fitruka Vanilya Kokulu Dekoratif Set – Yuvarlak Tepsili, Lotus Mumlu ve Oda Kokulu Şık Tasarım",Fitruka,Mum ve Kandil,https://www.trendyol.com/fitruka/vanilya-kokulu-dekoratif-set-yuvarlak-tepsili-lotus-mumlu-ve-oda-kokulu-sik-tasarim-p-1081065636?boutiqueId=61&merchantId=1061217,,,170.99,,,,TRY,"[""Kargo Bedava"",""Trendyol Plus'a Özel""]",InStock,,,,4.6,1064,652,,,"1,7B kişinin sepetinde","58,9B kişi favoriledi","Son 24 saatte 1,6B kişi görüntüledi",4999,TRY,0,,1,3,Tahmini Teslim:,En Çok Ziyaret Edilen 3. Ürün,https://cdn.dsmcdn.com/ty1806/prod/QC_PREP/20260106/14/d28daa72-f8c0-38b1-b958-7b196d4a4bef/1_org_zoom.jpg,"{""Renk"":""Beyaz"",""Özellik"":""Kokulu"",""Boyut/Ebat"":""10 x 10"",""Parça Sayısı"":""4"",""Koku Aroması"":""Vanilya"",""Menşei"":""TR""}",20,5,refreshed,"[""daily_top""]",true,2026-08-17T10:00:10+03:00,0,"[""search_result_dom"",""product_detail_jsonld"",""product_detail_dom""]","{""title"":""observed"",""brand"":""observed"",""seller_name"":""unavailable"",""seller_score"":""unavailable"",""price"":""observed"",""original_price"":""unavailable"",""campaigns"":""observed"",""stock_status"":""observed"",""stock_signal"":""unavailable"",""rating"":""observed"",""rating_count"":""observed"",""review_count"":""observed"",""question_count"":""unavailable"",""delivery_summary"":""observed"",""shipping_cost"":""observed"",""properties"":""observed""}",true,
2026-08-17,2026-08-17T10:00:10+03:00,ev-yasam,BEST_SELLER,ev-dekorasyon,ev dekorasyon,46,2,46,46,,,21.5,10.5,1141567610,1095092,Printorium Askılı Kedi Raf Dekoru 24 CM – LED Fenerli Minimal Salon & Balkon Aksesuarı (PLASTİK) -TEALİGHT HEDİYELİ,Printorium,,https://www.trendyol.com/printorium/askili-kedi-raf-dekoru-24-cm-led-fenerli-minimal-salon-balkon-aksesuari-plastik-tealight-hediyeli-p-1141567610?boutiqueId=61&merchantId=1095092,Printorium,92,199.99,,,,TRY,"[""Sepette %2 İndirim"",""Kargo Bedava"",""Trendyol Plus'a Özel""]",InStock,100 adetten fazla stok sunulmuştur,,,4,485,,,47,"3,9B kişinin sepetinde","91,8B kişi favoriledi","Son 24 saatte 3,2B kişi görüntüledi",,,0,,,,13 saat 54 dakika içinde sipariş verirsen en geç yarın kargoda!,En Çok Ziyaret Edilen 2. Ürün,,{},0,,refreshed,"[""daily_top""]",true,2026-08-17T10:00:10+03:00,0,"[""search_result_dom"",""product_detail_jsonld"",""product_detail_dom""]","{""title"":""observed"",""brand"":""observed"",""seller_name"":""observed"",""seller_score"":""observed"",""price"":""observed"",""original_price"":""unavailable"",""campaigns"":""observed"",""stock_status"":""observed"",""stock_signal"":""observed"",""rating"":""observed"",""rating_count"":""observed"",""review_count"":""unavailable"",""question_count"":""observed"",""delivery_summary"":""observed"",""shipping_cost"":""unavailable"",""properties"":""observed""}",true,
2026-08-17,2026-08-17T10:00:10+03:00,ev-yasam,BEST_SELLER,ev-dekorasyon,ev dekorasyon,47,2,47,47,,,18.2,13.3,1100471453,480385,"LİNECRAFT 2’li Dekoratif Kitap Kutu Seti İnce Dergi Barcelona,Florence, Dekoratif Kutu",LİNECRAFT,Dekoratif Kutu,https://www.trendyol.com/linecraft/2-li-dekoratif-kitap-kutu-seti-ince-dergi-barcelona-florence-dekoratif-kutu-p-1100471453?boutiqueId=61&merchantId=480385,LİNECRAFT,2,363.18,,,,TRY,"[""Kargo Bedava""]",InStock,100 adetten fazla stok sunulmuştur,,,4.8,328,189,,26,"1,1B kişinin sepetinde","32,5B kişi favoriledi","Son 24 saatte 1,4B kişi görüntüledi",4999,TRY,0,1,1,3,13 saat 54 dakika içinde sipariş verirsen en geç yarın kargoda!,,https://cdn.dsmcdn.com/ty1823/prod/QC_PREP/20260210/19/fbbbcb84-45da-317e-ba77-c569d425fef3/1_org_zoom.jpg,"{""Renk"":""Beyaz"",""Parça Sayısı"":""2"",""Materyal"":""Mukavva"",""Menşei"":""TR""}",20,5,refreshed,"[""daily_top""]",true,2026-08-17T10:00:10+03:00,0,"[""search_result_dom"",""product_detail_jsonld"",""product_detail_dom""]","{""title"":""observed"",""brand"":""observed"",""seller_name"":""observed"",""seller_score"":""observed"",""price"":""observed"",""original_price"":""unavailable"",""campaigns"":""observed"",""stock_status"":""observed"",""stock_signal"":""observed"",""rating"":""observed"",""rating_count"":""observed"",""review_count"":""observed"",""question_count"":""observed"",""delivery_summary"":""observed"",""shipping_cost"":""observed"",""properties"":""observed""}",true,
2026-08-17,2026-08-17T10:00:10+03:00,ev-yasam,BEST_SELLER,ev-dekorasyon,ev dekorasyon,48,2,48,48,,,32.4,1,852565593,311492,KAMİZ Fırfırlı Keten Runner 40x110,KAMİZ,,https://www.trendyol.com/kamiz/firfirli-keten-runner-40x110-p-852565593?boutiqueId=61&merchantId=311492,KAMİZ,,129.9,,,,TRY,"[""Kargo Bedava""]",InStock,100 adetten fazla stok sunulmuştur,,,4.6,11142,,,497,"2,1B kişinin sepetinde","248,1B kişi favoriledi","Son 24 saatte 1,4B kişi görüntüledi",,,0,,,,1 saat 54 dakika içinde sipariş verirsen en geç bugün kargoda!,,,{},0,,refreshed,"[""daily_top""]",true,2026-08-17T10:00:10+03:00,0,"[""search_result_dom"",""product_detail_jsonld"",""product_detail_dom""]","{""title"":""observed"",""brand"":""observed"",""seller_name"":""observed"",""seller_score"":""unavailable"",""price"":""observed"",""original_price"":""unavailable"",""campaigns"":""observed"",""stock_status"":""observed"",""stock_signal"":""observed"",""rating"":""observed"",""rating_count"":""observed"",""review_count"":""unavailable"",""question_count"":""observed"",""delivery_summary"":""observed"",""shipping_cost"":""unavailable"",""properties"":""observed""}",true,
2026-08-17,2026-08-17T10:00:10+03:00,ev-yasam,BEST_SELLER,ev-dekorasyon,ev dekorasyon,49,4,49,49,2,,19.1,11.4,740320194,213948,Genel Markalar Iskandinav Duvar Çıtası 1 Paket 5 Adet 100x8cm | Boyanabilir Duvar Çıtası-İbefer | Lambri,Genel Markalar,Duvar Dekorasyon Ürünü,https://www.trendyol.com/genel-markalar/iskandinav-duvar-citasi-1-paket-5-adet-100x8cm-boyanabilir-duvar-citasi-ibefer-lambri-p-740320194?boutiqueId=61&merchantId=213948,LIUWA Home Design,7,79.39,,,,TRY,"[""Kargo Bedava"",""Trendyol Plus'a Özel""]",InStock,100 adetten fazla stok sunulmuştur,,,4.3,393,241,,665,,"25,3B kişi favoriledi",Son 24 saatte 707 kişi görüntüledi,4999,TRY,0,,1,3,Tahmini Teslim:,En Çok Satan 2. Ürün,https://cdn.dsmcdn.com/ty1730/prod/QC_ENRICHMENT/20250820/10/e9a267dd-3a0c-3d90-bc71-b1f3727d1f88/1_org_zoom.jpg,"{""Renk"":""Kahverengi"",""Materyal"":""Ahşap"",""Tema / Stil"":""İskandinav"",""Parça Sayısı"":""5"",""Menşei"":""TR""}",20,5,refreshed,"[""daily_top""]",true,2026-08-17T10:00:10+03:00,0,"[""search_result_dom"",""product_detail_jsonld"",""product_detail_dom""]","{""title"":""observed"",""brand"":""observed"",""seller_name"":""observed"",""seller_score"":""observed"",""price"":""observed"",""original_price"":""unavailable"",""campaigns"":""observed"",""stock_status"":""observed"",""stock_signal"":""observed"",""rating"":""observed"",""rating_count"":""observed"",""review_count"":""observed"",""question_count"":""observed"",""delivery_summary"":""observed"",""shipping_cost"":""observed"",""properties"":""observed""}",true,
2026-08-17,2026-08-17T10:00:10+03:00,ev-yasam,BEST_SELLER,ev-dekorasyon,ev dekorasyon,50,4,50,50,5,,27.2,2.8,323093117,113341,Ersan Dizayn 180X60 Altın Oval Ayaklı Ayna,Ersan Dizayn,Ayna,https://www.trendyol.com/ersan-dizayn/180x60-altin-oval-ayakli-ayna-p-323093117?boutiqueId=61&merchantId=113341,ERSAN DİZAYN,84,1540,,,,TRY,"[""Kargo Bedava"",""Peşin Fiyatına 3 Taksit"",""Trendyol Plus'a Özel""]",InStock,100 adetten fazla stok sunulmuştur,,,4.7,4115,2487,,649,901 kişinin sepetinde,"111,9B kişi favoriledi",Son 24 saatte 2B kişi görüntüledi,4999,TRY,0,3,1,7,Tahmini Teslim:,En Çok Satan 5. Ürün,https://cdn.dsmcdn.com/ty1715/prod/QC_ENRICHMENT/20250722/10/d782292e-fdb6-3c98-9988-7d85f3a48ba9/1_org_zoom.jpg,"{""Materyal"":""Metal"",""Renk"":""Altın"",""Şekil"":""Oval"",""Çeşit"":""Ayaklı Boy Aynası"",""Menşei"":""TR"",""Özellik"":""Ayaklı""}",20,5,refreshed,"[""daily_top""]",true,2026-08-17T10:00:10+03:00,0,"[""search_result_dom"",""product_detail_jsonld"",""product_detail_dom""]","{""title"":""observed"",""brand"":""observed"",""seller_name"":""observed"",""seller_score"":""observed"",""price"":""observed"",""original_price"":""unavailable"",""campaigns"":""observed"",""stock_status"":""observed"",""stock_signal"":""observed"",""rating"":""observed"",""rating_count"":""observed"",""review_count"":""observed"",""question_count"":""observed"",""delivery_summary"":""observed"",""shipping_cost"":""observed"",""properties"":""observed""}",true,
2026-08-17,2026-08-17T10:00:10+03:00,ev-yasam,BEST_SELLER,ev-dekorasyon,ev dekorasyon,51,4,51,51,,,13.7,16.3,1138686250,134783,"ZEYMERADE Yapay Kırmızı Gül Yaprağı, Romantik Dekor Hediye Süs Düğün Kına Söz Nişan Parti Süsleme 100 Adet",ZEYMERADE,,https://www.trendyol.com/zeymerade/yapay-kirmizi-gul-yapragi-romantik-dekor-hediye-sus-dugun-kina-soz-nisan-parti-susleme-100-adet-p-1138686250?boutiqueId=61&merchantId=134783,ZEYMERADE,,49.9,,,,TRY,"[""Kargo Bedava""]",InStock,100 adetten fazla stok sunulmuştur,,,4.6,50,,,5,317 kişinin sepetinde,"2,3B kişi favoriledi",,,,0,,,,13 saat 54 dakika içinde sipariş verirsen en geç yarın kargoda!,,,{},0,,refreshed,"[""daily_top""]",true,2026-08-17T10:00:10+03:00,0,"[""search_result_dom"",""product_detail_jsonld"",""product_detail_dom""]","{""title"":""observed"",""brand"":""observed"",""seller_name"":""observed"",""seller_score"":""unavailable"",""price"":""observed"",""original_price"":""unavailable"",""campaigns"":""observed"",""stock_status"":""observed"",""stock_signal"":""observed"",""rating"":""observed"",""rating_count"":""observed"",""review_count"":""unavailable"",""question_count"":""observed"",""delivery_summary"":""observed"",""shipping_cost"":""unavailable"",""properties"":""observed""}",true,
2026-08-17,2026-08-17T10:00:10+03:00,ev-yasam,BEST_SELLER,ev-dekorasyon,ev dekorasyon,52,4,52,52,4,,20.2,9.8,883162560,106777,Bella Maison Linda Vazo Antrasit (11x20 cm),Bella Maison,Vazo,https://www.trendyol.com/bella-maison/linda-vazo-antrasit-11x20-cm-p-883162560?boutiqueId=61&merchantId=106777,Bella Maison,,170.1,,,,TRY,"[""Sepette %10 İndirim"",""Kargo Bedava"",""Trendyol Plus'a Özel""]",InStock,Son 2 Ürün,,,4.6,605,335,,17,"1,4B kişinin sepetinde","48,2B kişi favoriledi","Son 24 saatte 1,3B kişi görüntüledi",4999,TRY,0,1,1,3,Tahmini Teslim:,En Çok Satan 4. Ürün,https://cdn.dsmcdn.com/ty1830/prod/QC_ENRICHMENT/20260228/19/97c5fab1-94f7-3195-beb6-3fe8434ec945/1_org_zoom.jpg,"{""Renk"":""Gri"",""Materyal"":""Cam"",""Parça Sayısı"":""1"",""Menşei"":""TR""}",20,5,refreshed,"[""daily_top""]",true,2026-08-17T10:00:10+03:00,0,"[""search_result_dom"",""product_detail_jsonld"",""product_detail_dom""]","{""title"":""observed"",""brand"":""observed"",""seller_name"":""observed"",""seller_score"":""unavailable"",""price"":""observed"",""original_price"":""unavailable"",""campaigns"":""observed"",""stock_status"":""observed"",""stock_signal"":""observed"",""rating"":""observed"",""rating_count"":""observed"",""review_count"":""observed"",""question_count"":""observed"",""delivery_summary"":""observed"",""shipping_cost"":""observed"",""properties"":""observed""}",true,
2026-08-17,2026-08-17T10:00:10+03:00,ev-yasam,BEST_SELLER,ev-dekorasyon,ev dekorasyon,53,4,53,53,4,,19.7,11.3,968156663,204336,jn junenext 2 Adet Diktörtgen Kırlent Dolgun Kare Iç Yastık Koltuk Yastıgı Ebat Seçenekli,jn junenext,Kırlent ve Kırlent Kılıfı,https://www.trendyol.com/jn-junenext/2-adet-diktortgen-kirlent-dolgun-kare-ic-yastik-koltuk-yastigi-ebat-secenekli-p-968156663?boutiqueId=61&merchantId=204336,June Next,96,195.92,197.9,1,,TRY,"[""Sepette %1 İndirim"",""Kargo Bedava""]",InStock,100 adetten fazla stok sunulmuştur,,,4.6,489,219,,59,1B kişinin sepetinde,"22,3B kişi favoriledi",Son 24 saatte 535 kişi görüntüledi,4999,TRY,0,,1,3,1 saat 54 dakika içinde sipariş verirsen en geç bugün kargoda!,En Çok Satan 4. Ürün,https://cdn.dsmcdn.com/ty1721/prod/QC_PREP/20250807/19/c3e2f7e4-7743-3e41-979a-3c46eabfacda/1_org_zoom.jpg,"{""Materyal"":""Polyester"",""Renk"":""Beyaz"",""Parça Sayısı"":""2"",""Şekil"":""Dikdörtgen"",""Üretim Şekli"":""El Yapımı"",""Çeşit"":""İç Dolgu"",""Tema / Stil"":""Düz"",""Materyal Bileşeni"":""%100 polyester"",""Yıkama Talimatı"":""T44"",""Menşei"":""TR""}",20,5,refreshed,"[""daily_top""]",true,2026-08-17T10:00:10+03:00,0,"[""search_result_dom"",""product_detail_jsonld"",""product_detail_dom""]","{""title"":""observed"",""brand"":""observed"",""seller_name"":""observed"",""seller_score"":""observed"",""price"":""observed"",""original_price"":""observed"",""campaigns"":""observed"",""stock_status"":""observed"",""stock_signal"":""observed"",""rating"":""observed"",""rating_count"":""observed"",""review_count"":""observed"",""question_count"":""observed"",""delivery_summary"":""observed"",""shipping_cost"":""observed"",""properties"":""observed""}",true,
2026-08-17,2026-08-17T10:00:10+03:00,ev-yasam,BEST_SELLER,ev-dekorasyon,ev dekorasyon,54,4,54,54,,,19.7,10.3,1123098612,801789,"CHIZGY Soft Pelüş 2'li Papatya Dekoratif Yastık Antialerjik, İthal Kumaş, Bahar Şıklığında Kırlent Minder",CHIZGY,,https://www.trendyol.com/chizgy/soft-pelus-2-li-papatya-dekoratif-yastik-antialerjik-ithal-kumas-bahar-sikliginda-kirlent-minder-p-1123098612?boutiqueId=61&merchantId=801789,CHIZGY TEKSTİL,9,349,,,,TRY,"[""Kargo Bedava""]",InStock,100 adetten fazla stok sunulmuştur,,,4.6,290,,,53,"3,5B kişinin sepetinde","69,3B kişi favoriledi","Son 24 saatte 2,3B kişi görüntüledi",,,0,,,,13 saat 54 dakika içinde sipariş verirsen en geç yarın kargoda!,En Çok Ziyaret Edilen 1. Ürün,,{},0,,refreshed,"[""daily_top""]",true,2026-08-17T10:00:10+03:00,0,"[""search_result_dom"",""product_detail_jsonld"",""product_detail_dom""]","{""title"":""observed"",""brand"":""observed"",""seller_name"":""observed"",""seller_score"":""observed"",""price"":""observed"",""original_price"":""unavailable"",""campaigns"":""observed"",""stock_status"":""observed"",""stock_signal"":""observed"",""rating"":""observed"",""rating_count"":""observed"",""review_count"":""unavailable"",""question_count"":""observed"",""delivery_summary"":""observed"",""shipping_cost"":""unavailable"",""properties"":""observed""}",true,
2026-08-17,2026-08-17T10:00:10+03:00,ev-yasam,BEST_SELLER,ev-dekorasyon,ev dekorasyon,55,4,55,55,,,19,15.8,823969867,823940,OrdoVeni Kiraz Çiçeği Aromalı Sinek Kovucu Tütsü | Premium Kalite Uzun Süreli Ferah Aroma,OrdoVeni,Tütsü ve Buhurdanlık,https://www.trendyol.com/ordoveni/kiraz-cicegi-aromali-sinek-kovucu-tutsu-premium-kalite-uzun-sureli-ferah-aroma-p-823969867?boutiqueId=61&merchantId=823940,OrdoVeni,,47.59,50,4.8,,TRY,"[""15 TL Kupon"",""Son 10 Günün En Düşük Fiyatı"",""Kargo Bedava"",""Son 10 günün en düşük fiyatı""]",InStock,100 adetten fazla stok sunulmuştur,,,4.6,111,58,,17,517 kişinin sepetinde,4B kişi favoriledi,,4999,TRY,0,,1,3,3 saat 54 dakika içinde sipariş verirsen en geç bugün kargoda!,,https://cdn.dsmcdn.com/ty1914/prod/QC_ENRICHMENT/20260530/17/fcdf363e-df07-3a11-966c-80b7637ba964/1_org_zoom.jpg,"{""Koku Aroması"":""Aroma"",""Menşei"":""TR""}",20,5,refreshed,"[""daily_top""]",true,2026-08-17T10:00:10+03:00,0,"[""search_result_dom"",""product_detail_jsonld"",""product_detail_dom""]","{""title"":""observed"",""brand"":""observed"",""seller_name"":""observed"",""seller_score"":""unavailable"",""price"":""observed"",""original_price"":""observed"",""campaigns"":""observed"",""stock_status"":""observed"",""stock_signal"":""observed"",""rating"":""observed"",""rating_count"":""observed"",""review_count"":""observed"",""question_count"":""observed"",""delivery_summary"":""observed"",""shipping_cost"":""observed"",""properties"":""observed""}",true,
2026-08-17,2026-08-17T10:00:10+03:00,ev-yasam,BEST_SELLER,ev-dekorasyon,ev dekorasyon,56,4,56,56,5,,23.1,6.9,852242536,1009254,Fifty Home 4 Adet Kırlent Iç Yastık -kırlent Içi -Farklı Ebatlar-dolgusu 100% Kırpık Sünger- Kırlent Iç Dolgu,Fifty Home,Kırlent ve Kırlent Kılıfı,https://www.trendyol.com/fifty-home/4-adet-kirlent-ic-yastik-kirlent-ici-farkli-ebatlar-dolgusu-100-kirpik-sunger-kirlent-ic-dolgu-p-852242536?boutiqueId=61&merchantId=1009254,FİFTY HOME,97,514.61,,,,TRY,"[""Kargo Bedava"",""Son 10 Günün En Düşük Fiyatı"",""Trendyol Plus'a Özel""]",InStock,100 adetten fazla stok sunulmuştur,,,4.8,1368,766,,214,"1,1B kişinin sepetinde","47,1B kişi favoriledi",Son 24 saatte 738 kişi görüntüledi,4999,TRY,0,,1,3,54 dakika 24 saniye içinde sipariş verirsen en geç bugün kargoda!,En Çok Satan 5. Ürün,https://cdn.dsmcdn.com/ty1687/prod/QC_ENRICHMENT/20250529/16/7c7c3493-59a5-318f-bf3c-e8394cca6757/1_org_zoom.jpg,"{""Materyal"":""Sünger"",""Renk"":""Beyaz"",""Parça Sayısı"":""4"",""Şekil"":""Kare"",""Üretim Şekli"":""Makine"",""Çeşit"":""İç Dolgu"",""Tema / Stil"":""Düz"",""Materyal Bileşeni"":""100% Polyester"",""Yıkama Talimatı"":""TYPE 2"",""Menşei"":""TR""}",20,5,refreshed,"[""daily_top""]",true,2026-08-17T10:00:10+03:00,0,"[""search_result_dom"",""product_detail_jsonld"",""product_detail_dom""]","{""title"":""observed"",""brand"":""observed"",""seller_name"":""observed"",""seller_score"":""observed"",""price"":""observed"",""original_price"":""unavailable"",""campaigns"":""observed"",""stock_status"":""observed"",""stock_signal"":""observed"",""rating"":""observed"",""rating_count"":""observed"",""review_count"":""observed"",""question_count"":""observed"",""delivery_summary"":""observed"",""shipping_cost"":""observed"",""properties"":""observed""}",true,
2026-08-17,2026-08-17T10:00:10+03:00,ev-yasam,BEST_SELLER,ev-dekorasyon,ev dekorasyon,57,4,57,57,,,22.6,7.4,1130326530,213535,SasoHome Enerjik Çizgiler Renkli Modern Desenli Kırlent Kılıfı | Enerjik & Şık Salon Dekoru 4 lü Kırlent Kılıfı,SasoHome,,https://www.trendyol.com/sasohome/enerjik-cizgiler-renkli-modern-desenli-kirlent-kilifi-enerjik-sik-salon-dekoru-4-lu-kirlent-kilifi-p-1130326530?boutiqueId=61&merchantId=213535,SasoHome,,499.99,,,,TRY,"[""Kargo Bedava""]",InStock,100 adetten fazla stok sunulmuştur,,,4.9,674,,,80,"1,9B kişinin sepetinde","124,9B kişi favoriledi","Son 24 saatte 2,2B kişi görüntüledi",,,0,,,,Tahmini Teslim:,En Çok Ziyaret Edilen 3. Ürün,,{},0,,refreshed,"[""daily_top""]",true,2026-08-17T10:00:10+03:00,0,"[""search_result_dom"",""product_detail_jsonld"",""product_detail_dom""]","{""title"":""observed"",""brand"":""observed"",""seller_name"":""observed"",""seller_score"":""unavailable"",""price"":""observed"",""original_price"":""unavailable"",""campaigns"":""observed"",""stock_status"":""observed"",""stock_signal"":""observed"",""rating"":""observed"",""rating_count"":""observed"",""review_count"":""unavailable"",""question_count"":""observed"",""delivery_summary"":""observed"",""shipping_cost"":""unavailable"",""properties"":""observed""}",true,
2026-08-17,2026-08-17T10:00:10+03:00,ev-yasam,BEST_SELLER,ev-dekorasyon,ev dekorasyon,58,4,58,58,1,,23.9,6.1,1093121985,947846,SHELİFE Kişiye Özel Ahşap Kapı İsimliği Çiçekli – 10x20 cm MDF Dekoratif Kapı Tabelası,SHELİFE,Kapı Süsü,https://www.trendyol.com/shelife/kisiye-ozel-ahsap-kapi-isimligi-cicekli-10x20-cm-mdf-dekoratif-kapi-tabelasi-p-1093121985?boutiqueId=61&merchantId=947846,Ahşap Hediyelikçiniz,9,159,,,,TRY,"[""Kargo Bedava""]",InStock,100 adetten fazla stok sunulmuştur,,,4.5,1453,975,,5673,"2,1B kişinin sepetinde","64,9B kişi favoriledi",Son 24 saatte 2B kişi görüntüledi,4999,TRY,0,1,1,3,13 saat 54 dakika içinde sipariş verirsen en geç yarın kargoda!,En Çok Satan 1. Ürün,https://cdn.dsmcdn.com/ty1919/prod/QC_ENRICHMENT/20260629/12/5263d6dd-9a70-3fee-93f7-714ebdec7156/1_org_zoom.jpg,"{""Materyal"":""Ahşap"",""Renk"":""Kahverengi"",""Boyut/Ebat"":""10 x 20"",""Tema / Stil"":""Süs"",""Menşei"":""TR""}",20,5,refreshed,"[""daily_top""]",true,2026-08-17T10:00:10+03:00,0,"[""search_result_dom"",""product_detail_jsonld"",""product_detail_dom""]","{""title"":""observed"",""brand"":""observed"",""seller_name"":""observed"",""seller_score"":""observed"",""price"":""observed"",""original_price"":""unavailable"",""campaigns"":""observed"",""stock_status"":""observed"",""stock_signal"":""observed"",""rating"":""observed"",""rating_count"":""observed"",""review_count"":""observed"",""question_count"":""observed"",""delivery_summary"":""observed"",""shipping_cost"":""observed"",""properties"":""observed""}",true,
2026-08-17,2026-08-17T10:00:10+03:00,ev-yasam,BEST_SELLER,ev-dekorasyon,ev dekorasyon,59,4,59,59,,,25.9,4.1,731130986,658914,Rabo Craft Ceviz Kesme Ve Servis Tahtası 13 Cmx 50 Cm- 15cmx36 Cm 2 Adet,Rabo Craft,Kesme Tahtası,https://www.trendyol.com/rabo-craft/ceviz-kesme-ve-servis-tahtasi-13-cmx-50-cm-15cmx36-cm-2-adet-p-731130986?boutiqueId=61&merchantId=658914,Sedirmo,86,345.5,,,,TRY,"[""Kargo Bedava""]",InStock,100 adetten fazla stok sunulmuştur,,,4.3,3010,1722,,52,"3,5B kişinin sepetinde",215B kişi favoriledi,"Son 24 saatte 2,1B kişi görüntüledi",4999,TRY,0,1,1,3,13 saat 54 dakika içinde sipariş verirsen en geç yarın kargoda!,En Çok Ziyaret Edilen 1. Ürün,https://cdn.dsmcdn.com/ty1508/product/media/images/prod/QC/20240828/02/eb93fc40-0e53-303f-8673-43a7066c2c1b/1_org_zoom.jpg,"{""Materyal"":""Ahşap"",""Parça Sayısı"":""2"",""Renk"":""Kahverengi"",""Menşei"":""TR"",""Bakım Talimatları (Gıda Temas)"":""Elde yıkanmalıdır."",""Gıda Temas Sembolü"":""Hayır""}",20,5,refreshed,"[""daily_top""]",true,2026-08-17T10:00:10+03:00,0,"[""search_result_dom"",""product_detail_jsonld"",""product_detail_dom""]","{""title"":""observed"",""brand"":""observed"",""seller_name"":""observed"",""seller_score"":""observed"",""price"":""observed"",""original_price"":""unavailable"",""campaigns"":""observed"",""stock_status"":""observed"",""stock_signal"":""observed"",""rating"":""observed"",""rating_count"":""observed"",""review_count"":""observed"",""question_count"":""observed"",""delivery_summary"":""observed"",""shipping_cost"":""observed"",""properties"":""observed""}",true,
2026-08-17,2026-08-17T10:00:10+03:00,ev-yasam,BEST_SELLER,ev-dekorasyon,ev dekorasyon,60,4,60,60,,,28.3,1.7,475897005,113025,Raschel Carpet Kesme Yolluk Kaymaz Taban Yumuşak Peluş Halı Krem,Raschel Carpet,,https://www.trendyol.com/raschel-carpet/kesme-yolluk-kaymaz-taban-yumusak-pelus-hali-krem-p-475897005?boutiqueId=61&merchantId=113025,Balat Halı,85,297.4,,,,TRY,"[""50 TL Kupon"",""Kargo Bedava"",""Trendyol Plus'a Özel""]",InStock,100 adetten fazla stok sunulmuştur,,,4.3,3469,,,1314,"2,1B kişinin sepetinde","106,8B kişi favoriledi","Son 24 saatte 1,9B kişi görüntüledi",,,0,,,,1 saat 54 dakika içinde sipariş verirsen en geç bugün kargoda!,,,{},0,,refreshed,"[""daily_top""]",true,2026-08-17T10:00:10+03:00,0,"[""search_result_dom"",""product_detail_jsonld"",""product_detail_dom""]","{""title"":""observed"",""brand"":""observed"",""seller_name"":""observed"",""seller_score"":""observed"",""price"":""observed"",""original_price"":""unavailable"",""campaigns"":""observed"",""stock_status"":""observed"",""stock_signal"":""observed"",""rating"":""observed"",""rating_count"":""observed"",""review_count"":""unavailable"",""question_count"":""observed"",""delivery_summary"":""observed"",""shipping_cost"":""unavailable"",""properties"":""observed""}",true,
2026-08-17,2026-08-17T10:00:10+03:00,ev-yasam,BEST_SELLER,ev-dekorasyon,ev dekorasyon,61,4,61,61,2,,20.5,10.5,292097222,418314,StickerArt Mat Beyaz Mobilya Ve Dolap Kaplama Folyosu 61 Cm X 1 Metre,StickerArt,Yapışkanlı Folyo,https://www.trendyol.com/stickerart/mat-beyaz-mobilya-ve-dolap-kaplama-folyosu-61-cm-x-1-metre-p-292097222?boutiqueId=61&merchantId=418314,ucuzagelsin,89,118.7,119.9,1,,TRY,"[""Sepette %1 İndirim"",""Kargo Bedava""]",InStock,100 adetten fazla stok sunulmuştur,,,4.2,557,273,,952,658 kişinin sepetinde,"21,8B kişi favoriledi",Son 24 saatte 657 kişi görüntüledi,4999,TRY,0,1,1,3,13 saat 54 dakika içinde sipariş verirsen en geç yarın kargoda!,En Çok Satan 2. Ürün,https://cdn.dsmcdn.com/ty1843/prod/QC_ENRICHMENT/20260325/16/b1adac5c-829f-3536-aa0e-168be41770ed/1_org_zoom.jpg,"{""Renk"":""Siyah"",""Menşei"":""DE""}",20,5,refreshed,"[""daily_top""]",true,2026-08-17T10:00:10+03:00,0,"[""search_result_dom"",""product_detail_jsonld"",""product_detail_dom""]","{""title"":""observed"",""brand"":""observed"",""seller_name"":""observed"",""seller_score"":""observed"",""price"":""observed"",""original_price"":""observed"",""campaigns"":""observed"",""stock_status"":""observed"",""stock_signal"":""observed"",""rating"":""observed"",""rating_count"":""observed"",""review_count"":""observed"",""question_count"":""observed"",""delivery_summary"":""observed"",""shipping_cost"":""observed"",""properties"":""observed""}",true,
2026-08-17,2026-08-17T10:00:10+03:00,ev-yasam,BEST_SELLER,ev-dekorasyon,ev dekorasyon,62,4,62,62,,,13.1,16.9,158593378,929687,casadilegno Yapay Sarmaşık Yaprak Yapay Çiçek Dekoru 230,casadilegno,Yapay Çiçek,https://www.trendyol.com/casadilegno/yapay-sarmasik-yaprak-yapay-cicek-dekoru-230-p-158593378?boutiqueId=61&merchantId=929687,NAHAMİS TRADE,93,24.9,,,,TRY,"[""Kargo Bedava""]",InStock,100 adetten fazla stok sunulmuştur,,,4.1,77,43,,7,,"1,7B kişi favoriledi",,4999,TRY,0,1,1,3,13 saat 54 dakika içinde sipariş verirsen en geç yarın kargoda!,,https://cdn.dsmcdn.com/ty1542/product/media/images/ty1542/prod/QC/20240914/09/4d49f7f0-d848-31d8-a785-5d604fe84ee7/1_org_zoom.jpg,"{""Renk"":""Yeşil"",""Çiçek Türü"":""Yaprak"",""Menşei"":""CN""}",20,5,refreshed,"[""daily_top""]",true,2026-08-17T10:00:10+03:00,0,"[""search_result_dom"",""product_detail_jsonld"",""product_detail_dom""]","{""title"":""observed"",""brand"":""observed"",""seller_name"":""observed"",""seller_score"":""observed"",""price"":""observed"",""original_price"":""unavailable"",""campaigns"":""observed"",""stock_status"":""observed"",""stock_signal"":""observed"",""rating"":""observed"",""rating_count"":""observed"",""review_count"":""observed"",""question_count"":""observed"",""delivery_summary"":""observed"",""shipping_cost"":""observed"",""properties"":""observed""}",true,
2026-08-17,2026-08-17T10:00:10+03:00,ev-yasam,BEST_SELLER,ev-dekorasyon,ev dekorasyon,63,4,63,63,,,17.8,12.2,1132815761,1183231,4 Family Kitap Okuyan Ayıcık Biblo Lamba Seti - Retro Tasarım Dekoratif Gece Lambası + Mum Hediye,4 Family,Dekoratif Obje Biblo,https://www.trendyol.com/4-family/kitap-okuyan-ayicik-biblo-lamba-seti-retro-tasarim-dekoratif-gece-lambasi-mum-hediye-p-1132815761?boutiqueId=61&merchantId=1183231,Vitruvia Home 4 Family,95,299,,,,TRY,"[""Kargo Bedava""]",InStock,100 adetten fazla stok sunulmuştur,,,4.7,288,167,,46,"2,2B kişinin sepetinde","49,8B kişi favoriledi","Son 24 saatte 2,6B kişi görüntüledi",4999,TRY,0,1,1,3,13 saat 54 dakika içinde sipariş verirsen en geç yarın kargoda!,En Çok Ziyaret Edilen 3. Ürün,https://cdn.dsmcdn.com/ty1908/prod/QC_ENRICHMENT/20260625/21/135b1e84-c5a8-3eb2-b197-9c4be788a5b5/1_org_zoom.jpg,"{""Materyal"":""Plastik"",""Renk"":""Bej"",""Boyut/Ebat"":""9 x 13"",""Parça Sayısı"":""3"",""Tema / Stil"":""Retro"",""Menşei"":""TR""}",20,5,refreshed,"[""daily_top""]",true,2026-08-17T10:00:10+03:00,0,"[""search_result_dom"",""product_detail_jsonld"",""product_detail_dom""]","{""title"":""observed"",""brand"":""observed"",""seller_name"":""observed"",""seller_score"":""observed"",""price"":""observed"",""original_price"":""unavailable"",""campaigns"":""observed"",""stock_status"":""observed"",""stock_signal"":""observed"",""rating"":""observed"",""rating_count"":""observed"",""review_count"":""observed"",""question_count"":""observed"",""delivery_summary"":""observed"",""shipping_cost"":""observed"",""properties"":""observed""}",true,
2026-08-17,2026-08-17T10:00:10+03:00,ev-yasam,BEST_SELLER,ev-dekorasyon,ev dekorasyon,64,4,64,64,8,,16.8,13.2,1044828197,1143609,MİNOZA Digital Baskılı Punch Nakış Görünümlü Çiçekli Dekoratif Kırlent Kılıfı 1 Adet,MİNOZA,Kırlent ve Kırlent Kılıfı,https://www.trendyol.com/minoza/digital-baskili-punch-nakis-gorunumlu-cicekli-dekoratif-kirlent-kilifi-1-adet-p-1044828197?boutiqueId=61&merchantId=1143609,HUBERY,96,99.27,,,,TRY,"[""Kargo Bedava""]",InStock,100 adetten fazla stok sunulmuştur,,,4.5,193,125,,31,428 kişinin sepetinde,"8,1B kişi favoriledi",Son 24 saatte 987 kişi görüntüledi,4999,TRY,0,1,1,3,5 saat 54 dakika içinde sipariş verirsen en geç bugün kargoda!,En Çok Satan 8. Ürün,https://cdn.dsmcdn.com/ty1916/prod/QC_ENRICHMENT/20260517/22/8f11c0d7-74a6-3b10-ae95-768a09ba2fe0/1_org_zoom.jpg,"{""Materyal"":""Süet"",""Renk"":""Krem"",""Parça Sayısı"":""1"",""Şekil"":""Kare"",""Üretim Şekli"":""Dijital Baskı"",""Çeşit"":""Kırlent Kılıfı"",""Tema / Stil"":""Modern"",""Materyal Bileşeni"":""100% Polyester"",""Yıkama Talimatı"":""T44"",""Menşei"":""TR""}",20,5,refreshed,"[""daily_top""]",true,2026-08-17T10:00:10+03:00,0,"[""search_result_dom"",""product_detail_jsonld"",""product_detail_dom""]","{""title"":""observed"",""brand"":""observed"",""seller_name"":""observed"",""seller_score"":""observed"",""price"":""observed"",""original_price"":""unavailable"",""campaigns"":""observed"",""stock_status"":""observed"",""stock_signal"":""observed"",""rating"":""observed"",""rating_count"":""observed"",""review_count"":""observed"",""question_count"":""observed"",""delivery_summary"":""observed"",""shipping_cost"":""observed"",""properties"":""observed""}",true,
2026-08-17,2026-08-17T10:00:10+03:00,ev-yasam,BEST_SELLER,ev-dekorasyon,ev dekorasyon,65,4,65,65,,,26.9,3.1,961009669,1232754,Home Beyaz İkili Dekoratif Vazo Seti,Home,Dekoratif Obje Biblo,https://www.trendyol.com/home/beyaz-ikili-dekoratif-vazo-seti-p-961009669?boutiqueId=61&merchantId=1232754,Merely Sare,88,75,,,,TRY,"[""Kargo Bedava""]",InStock,50 adetten fazla stok sunulmuştur,,,4.2,3819,2316,,323,"1,3B kişinin sepetinde","234,9B kişi favoriledi","Son 24 saatte 1,6B kişi görüntüledi",4999,TRY,0,1,1,3,54 dakika 11 saniye içinde sipariş verirsen en geç bugün kargoda!,En Çok Favorilenen 4. Ürün,https://cdn.dsmcdn.com/ty100003/product/media/images/prod/PIM/20251101/16/3d542ef6-7f26-4b34-8b2f-2a315d9275eb/1_org_zoom.jpg,"{""Materyal"":""Beton"",""Renk"":""Krem"",""Boyut/Ebat"":""9 x 13"",""Parça Sayısı"":""2"",""Tema / Stil"":""Modern"",""Menşei"":""TR""}",20,5,refreshed,"[""daily_top""]",true,2026-08-17T10:00:10+03:00,0,"[""search_result_dom"",""product_detail_jsonld"",""product_detail_dom""]","{""title"":""observed"",""brand"":""observed"",""seller_name"":""observed"",""seller_score"":""observed"",""price"":""observed"",""original_price"":""unavailable"",""campaigns"":""observed"",""stock_status"":""observed"",""stock_signal"":""observed"",""rating"":""observed"",""rating_count"":""observed"",""review_count"":""observed"",""question_count"":""observed"",""delivery_summary"":""observed"",""shipping_cost"":""observed"",""properties"":""observed""}",true,
2026-08-17,2026-08-17T10:00:10+03:00,ev-yasam,BEST_SELLER,ev-dekorasyon,ev dekorasyon,66,4,66,66,,,20.3,9.7,775960743,623574,MRY DEKOR Betonmall Mermer Desenli Kahverengi 28 cm Tepsi,MRY DEKOR,Tepsi,https://www.trendyol.com/mry-dekor/betonmall-mermer-desenli-kahverengi-28-cm-tepsi-p-775960743?boutiqueId=61&merchantId=623574,BETONMALL,88,184.9,,,,TRY,"[""Kargo Bedava""]",InStock,100 adetten fazla stok sunulmuştur,,,4.5,564,348,,53,"1,3B kişinin sepetinde","52,3B kişi favoriledi","Son 24 saatte 1,9B kişi görüntüledi",4999,TRY,0,1,1,3,2 saat 54 dakika içinde sipariş verirsen en geç bugün kargoda!,,https://cdn.dsmcdn.com/ty1905/prod/QC_ENRICHMENT/20260505/21/5bab2f0c-e1a4-35e4-b67c-423cb26459b4/1_org_zoom.jpg,"{""Materyal"":""Beton"",""Renk"":""Beyaz"",""Boyut/Ebat"":""26 cm"",""Parça Sayısı"":""1 Parça"",""Menşei"":""TR""}",20,5,refreshed,"[""daily_top""]",true,2026-08-17T10:00:10+03:00,0,"[""search_result_dom"",""product_detail_jsonld"",""product_detail_dom""]","{""title"":""observed"",""brand"":""observed"",""seller_name"":""observed"",""seller_score"":""observed"",""price"":""observed"",""original_price"":""unavailable"",""campaigns"":""observed"",""stock_status"":""observed"",""stock_signal"":""observed"",""rating"":""observed"",""rating_count"":""observed"",""review_count"":""observed"",""question_count"":""observed"",""delivery_summary"":""observed"",""shipping_cost"":""observed"",""properties"":""observed""}",true,
2026-08-17,2026-08-17T10:00:10+03:00,ev-yasam,BEST_SELLER,ev-dekorasyon,ev dekorasyon,67,4,67,67,,,13,20,1113342111,1085740,etxShop Tek Dal Fiyatıdır 230CmDuvar Dekor Çit Dekorasyon Yapma Çıta Sarma Yeşil Yapraklı Yapay Sarmaşık,etxShop,Yapay Çiçek,https://www.trendyol.com/etxshop/tek-dal-fiyatidir-230cmduvar-dekor-cit-dekorasyon-yapma-cita-sarma-yesil-yaprakli-yapay-sarmasik-p-1113342111?boutiqueId=61&merchantId=1085740,etxShop,92,28.61,29.5,3,,TRY,"[""Sepette %3 İndirim"",""Kargo Bedava""]",InStock,100 adetten fazla stok sunulmuştur,,,4.2,34,17,,10,,"1,4B kişi favoriledi",,4999,TRY,0,1,1,3,13 saat 54 dakika içinde sipariş verirsen en geç yarın kargoda!,,https://cdn.dsmcdn.com/ty1834/prod/QC_PREP/20260303/22/02f80ae0-0b98-321a-aece-c70baeacaba6/1_org_zoom.jpg,"{""Renk"":""Yeşil"",""Yükseklik"":""200 cm ve üzeri"",""Çiçek Türü"":""Yaprak"",""Menşei"":""TR""}",17,4.18,refreshed,"[""daily_top""]",true,2026-08-17T10:00:10+03:00,0,"[""search_result_dom"",""product_detail_jsonld"",""product_detail_dom""]","{""title"":""observed"",""brand"":""observed"",""seller_name"":""observed"",""seller_score"":""observed"",""price"":""observed"",""original_price"":""observed"",""campaigns"":""observed"",""stock_status"":""observed"",""stock_signal"":""observed"",""rating"":""observed"",""rating_count"":""observed"",""review_count"":""observed"",""question_count"":""observed"",""delivery_summary"":""observed"",""shipping_cost"":""observed"",""properties"":""observed""}",true,
2026-08-17,2026-08-17T10:00:10+03:00,ev-yasam,BEST_SELLER,ev-dekorasyon,ev dekorasyon,68,4,68,68,5,,19.7,10.3,1107828219,541829,aymumi home Dekoratif Mumluk Biblo ve Vazo Seti – Modern Ev Dekorasyonu Tepsi Üstü Masa Aksesuarı,aymumi home,Mum ve Kandil,https://www.trendyol.com/aymumi-home/dekoratif-mumluk-biblo-ve-vazo-seti-modern-ev-dekorasyonu-tepsi-ustu-masa-aksesuari-p-1107828219?boutiqueId=61&merchantId=541829,QULİFE,82,134.8,,,,TRY,"[""Kargo Bedava""]",InStock,100 adetten fazla stok sunulmuştur,,,3.9,448,287,,4,"1,1B kişinin sepetinde","12,3B kişi favoriledi","Son 24 saatte 1,1B kişi görüntüledi",4999,TRY,0,,1,3,1 saat 54 dakika içinde sipariş verirsen en geç bugün kargoda!,En Çok Satan 5. Ürün,https://cdn.dsmcdn.com/ty1934/prod/QC_ENRICHMENT/20260618/02/53ae030f-9047-3cb6-b068-9d398f2a5573/1_org_zoom.jpg,"{""Renk"":""Beyaz"",""Özellik"":""Kokusuz"",""Parça Sayısı"":""5"",""Koku Aroması"":""Ud"",""Menşei"":""TR""}",20,5,refreshed,"[""daily_top""]",true,2026-08-17T10:00:10+03:00,0,"[""search_result_dom"",""product_detail_jsonld"",""product_detail_dom""]","{""title"":""observed"",""brand"":""observed"",""seller_name"":""observed"",""seller_score"":""observed"",""price"":""observed"",""original_price"":""unavailable"",""campaigns"":""observed"",""stock_status"":""observed"",""stock_signal"":""observed"",""rating"":""observed"",""rating_count"":""observed"",""review_count"":""observed"",""question_count"":""observed"",""delivery_summary"":""observed"",""shipping_cost"":""observed"",""properties"":""observed""}",true,
2026-08-17,2026-08-17T10:00:10+03:00,ev-yasam,BEST_SELLER,ev-dekorasyon,ev dekorasyon,69,4,69,69,,,8.6,21.4,1170908240,529219,H&E LUXURY DESIGN Kiraz Dalı Lüks Yapay Çiçek 55 cm,H&E LUXURY DESIGN,Yapay Çiçek,https://www.trendyol.com/h-e-luxury-design/kiraz-dali-luks-yapay-cicek-55-cm-p-1170908240?boutiqueId=61&merchantId=529219,H&E Design,9,142.37,,,,TRY,"[""Kargo Bedava"",""Trendyol Plus'a Özel""]",InStock,100 adetten fazla stok sunulmuştur,,,3.3,16,11,,5,663 kişinin sepetinde,"5,2B kişi favoriledi","Son 24 saatte 1,2B kişi görüntüledi",4999,TRY,0,,1,3,1 saat 54 dakika içinde sipariş verirsen en geç bugün kargoda!,,https://cdn.dsmcdn.com/ty1928/prod/QC_PREP/20260713/22/feb9c705-e78c-3b05-8cae-1fa11fbed087/1_org_zoom.jpg,"{""Renk"":""Beyaz"",""Yükseklik"":""51 - 80 cm"",""Çiçek Türü"":""Tek Dal"",""Menşei"":""CN""}",11,3.27,refreshed,"[""daily_top""]",true,2026-08-17T10:00:10+03:00,0,"[""search_result_dom"",""product_detail_jsonld"",""product_detail_dom""]","{""title"":""observed"",""brand"":""observed"",""seller_name"":""observed"",""seller_score"":""observed"",""price"":""observed"",""original_price"":""unavailable"",""campaigns"":""observed"",""stock_status"":""observed"",""stock_signal"":""observed"",""rating"":""observed"",""rating_count"":""observed"",""review_count"":""observed"",""question_count"":""observed"",""delivery_summary"":""observed"",""shipping_cost"":""observed"",""properties"":""observed""}",true,
2026-08-17,2026-08-17T10:00:10+03:00,ev-yasam,BEST_SELLER,ev-dekorasyon,ev dekorasyon,70,4,70,70,6,,28.3,1.7,369134316,447097,LALEZEN HOME Pudra Kokusu Ve Kokulu Mum Amber Renk ( Stantli),LALEZEN HOME,,https://www.trendyol.com/lalezen-home/pudra-kokusu-ve-kokulu-mum-amber-renk-stantli-p-369134316?boutiqueId=61&merchantId=447097,LALEZEN HOME,,199,,,,TRY,"[""Kargo Bedava""]",InStock,100 adetten fazla stok sunulmuştur,,,4.3,3491,,,97,"1,4B kişinin sepetinde","85,5B kişi favoriledi",Son 24 saatte 806 kişi görüntüledi,,,0,,,,54 dakika 2 saniye içinde sipariş verirsen en geç bugün kargoda!,En Çok Satan 6. Ürün,,{},0,,refreshed,"[""daily_top""]",true,2026-08-17T10:00:10+03:00,0,"[""search_result_dom"",""product_detail_jsonld"",""product_detail_dom""]","{""title"":""observed"",""brand"":""observed"",""seller_name"":""observed"",""seller_score"":""unavailable"",""price"":""observed"",""original_price"":""unavailable"",""campaigns"":""observed"",""stock_status"":""observed"",""stock_signal"":""observed"",""rating"":""observed"",""rating_count"":""observed"",""review_count"":""unavailable"",""question_count"":""observed"",""delivery_summary"":""observed"",""shipping_cost"":""unavailable"",""properties"":""observed""}",true,
2026-08-17,2026-08-17T10:00:10+03:00,ev-yasam,BEST_SELLER,ev-dekorasyon,ev dekorasyon,71,4,71,71,,,19,11,1136278030,661551,Yapay Çiçek Deposu Yapay Çiçek Top Krizantem 7li Mini Kartopu Demeti 30 cm Gökkuşağı,Yapay Çiçek Deposu,,https://www.trendyol.com/yapay-cicek-deposu/yapay-cicek-top-krizantem-7li-mini-kartopu-demeti-30-cm-gokkusagi-p-1136278030?boutiqueId=61&merchantId=661551,Çiçekburada,93,199.98,,,,TRY,"[""Kargo Bedava""]",InStock,100 adetten fazla stok sunulmuştur,,,4.5,235,,,41,"1,5B kişinin sepetinde","34,5B kişi favoriledi","Son 24 saatte 1,3B kişi görüntüledi",,,0,,,,1 saat 54 dakika içinde sipariş verirsen en geç bugün kargoda!,,,{},0,,refreshed,"[""daily_top""]",true,2026-08-17T10:00:10+03:00,0,"[""search_result_dom"",""product_detail_jsonld"",""product_detail_dom""]","{""title"":""observed"",""brand"":""observed"",""seller_name"":""observed"",""seller_score"":""observed"",""price"":""observed"",""original_price"":""unavailable"",""campaigns"":""observed"",""stock_status"":""observed"",""stock_signal"":""observed"",""rating"":""observed"",""rating_count"":""observed"",""review_count"":""unavailable"",""question_count"":""observed"",""delivery_summary"":""observed"",""shipping_cost"":""unavailable"",""properties"":""observed""}",true,
2026-08-17,2026-08-17T10:00:10+03:00,ev-yasam,BEST_SELLER,ev-dekorasyon,ev dekorasyon,72,4,72,72,,,27.2,12.8,1094360381,675464,"iDekor Robot Süpürge İçin Doğal Ahşap Koltuk Baza Yükseltici Ayak Aparatı” 3,5 cm Yükseltir | Oyuklu Takoz (1 Adet)",iDekor,,https://www.trendyol.com/idekor/robot-supurge-icin-dogal-ahsap-koltuk-baza-yukseltici-ayak-aparati-3-5-cm-yukseltir-oyuklu-takoz-1-adet-p-1094360381?boutiqueId=61&merchantId=675464,iDekor,97,119.07,132.3,10,,TRY,"[""Sepette %10 İndirim"",""Kargo Bedava""]",InStock,100 adetten fazla stok sunulmuştur,,,4.7,141,,,84,,"15,9B kişi favoriledi",,,,0,,,,54 dakika 2 saniye içinde sipariş verirsen en geç bugün kargoda!,,,{},0,,refreshed,"[""daily_top""]",true,2026-08-17T10:00:10+03:00,0,"[""search_result_dom"",""product_detail_jsonld"",""product_detail_dom""]","{""title"":""observed"",""brand"":""observed"",""seller_name"":""observed"",""seller_score"":""observed"",""price"":""observed"",""original_price"":""observed"",""campaigns"":""observed"",""stock_status"":""observed"",""stock_signal"":""observed"",""rating"":""observed"",""rating_count"":""observed"",""review_count"":""unavailable"",""question_count"":""observed"",""delivery_summary"":""observed"",""shipping_cost"":""unavailable"",""properties"":""observed""}",true,
2026-08-17,2026-08-17T10:00:10+03:00,ev-yasam,BEST_SELLER,ev-dekorasyon,ev dekorasyon,73,4,73,73,,,8.9,21.1,1177655103,529219,H&E LUXURY DESIGN 2'li Koyu Yeşil Okaliptus ve Sarmaşık Sarkıt Seti Yapay Çiçek 80 cm (SAKSISIZ),H&E LUXURY DESIGN,Yapay Çiçek,https://www.trendyol.com/h-e-luxury-design/2-li-koyu-yesil-okaliptus-ve-sarmasik-sarkit-seti-yapay-cicek-80-cm-saksisiz-p-1177655103?boutiqueId=61&merchantId=529219,H&E Design,9,249.86,,,,TRY,"[""Kargo Bedava""]",InStock,100 adetten fazla stok sunulmuştur,,,4.5,17,12,,4,841 kişinin sepetinde,"3,4B kişi favoriledi","Son 24 saatte 1,3B kişi görüntüledi",4999,TRY,0,1,1,3,13 saat 53 dakika içinde sipariş verirsen en geç yarın kargoda!,,https://cdn.dsmcdn.com/ty1920/prod/QC_PREP/20260730/15/c9130eb3-59db-3e8a-99d6-64df1d5ea056/1_org_zoom.jpg,"{""Renk"":""Yeşil"",""Yükseklik"":""51 - 80 cm"",""Çiçek Türü"":""Sarmaşık"",""Menşei"":""CN""}",12,4.5,refreshed,"[""daily_top""]",true,2026-08-17T10:00:10+03:00,0,"[""search_result_dom"",""product_detail_jsonld"",""product_detail_dom""]","{""title"":""observed"",""brand"":""observed"",""seller_name"":""observed"",""seller_score"":""observed"",""price"":""observed"",""original_price"":""unavailable"",""campaigns"":""observed"",""stock_status"":""observed"",""stock_signal"":""observed"",""rating"":""observed"",""rating_count"":""observed"",""review_count"":""observed"",""question_count"":""observed"",""delivery_summary"":""observed"",""shipping_cost"":""observed"",""properties"":""observed""}",true,
2026-08-17,2026-08-17T10:00:10+03:00,ev-yasam,BEST_SELLER,ev-dekorasyon,ev dekorasyon,74,4,74,74,,,31.6,0,175097769,169425,irayhomedecor 2'li Beyaz Gül/gül Dekoratif Kitap Kutu,irayhomedecor,,https://www.trendyol.com/irayhomedecor/2-li-beyaz-gul-gul-dekoratif-kitap-kutu-p-175097769?boutiqueId=61&merchantId=169425,irayhomedecor,2,194.6,,,,TRY,"[""Kargo Bedava""]",InStock,100 adetten fazla stok sunulmuştur,,,4.7,9017,,,234,"1,6B kişinin sepetinde","236,4B kişi favoriledi","Son 24 saatte 1,1B kişi görüntüledi",,,0,,,,3 saat 53 dakika içinde sipariş verirsen en geç bugün kargoda!,En Çok Favorilenen 1. Ürün,,{},0,,refreshed,"[""daily_top""]",true,2026-08-17T10:00:10+03:00,0,"[""search_result_dom"",""product_detail_jsonld"",""product_detail_dom""]","{""title"":""observed"",""brand"":""observed"",""seller_name"":""observed"",""seller_score"":""observed"",""price"":""observed"",""original_price"":""unavailable"",""campaigns"":""observed"",""stock_status"":""observed"",""stock_signal"":""observed"",""rating"":""observed"",""rating_count"":""observed"",""review_count"":""unavailable"",""question_count"":""observed"",""delivery_summary"":""observed"",""shipping_cost"":""unavailable"",""properties"":""observed""}",true,
2026-08-17,2026-08-17T10:00:10+03:00,ev-yasam,BEST_SELLER,ev-dekorasyon,ev dekorasyon,75,4,75,75,,,19.6,10.4,988636521,779521,vosvera %100 Keten Runner ve 6’lı Supla Seti 7 Parça Fırfırlı Biyeli Runner Hediyeli,vosvera,Runner & Amerikan Servisi,https://www.trendyol.com/vosvera/100-keten-runner-ve-6-li-supla-seti-7-parca-firfirli-biyeli-runner-hediyeli-p-988636521?boutiqueId=61&merchantId=779521,Vosvera,9,187.16,,,,TRY,"[""Sepette %1 İndirim"",""Kargo Bedava"",""Trendyol Plus'a Özel""]",InStock,100 adetten fazla stok sunulmuştur,,,4.3,493,279,,66,"2,1B kişinin sepetinde","51,7B kişi favoriledi","Son 24 saatte 2,4B kişi görüntüledi",4999,TRY,0,,1,3,1 saat 53 dakika içinde sipariş verirsen en geç bugün kargoda!,En Çok Ziyaret Edilen 2. Ürün,https://cdn.dsmcdn.com/ty1897/prod/QC_ENRICHMENT/20260504/22/34607630-a701-3610-8263-3ee9e880bff7/1_org_zoom.jpg,"{""Şekil"":""Oval"",""Renk"":""Çok Renkli"",""Materyal"":""Belirtilmemiş"",""Parça Sayısı"":""Belirtilmemiş"",""Menşei"":""TR""}",20,5,refreshed,"[""daily_top""]",true,2026-08-17T10:00:10+03:00,0,"[""search_result_dom"",""product_detail_jsonld"",""product_detail_dom""]","{""title"":""observed"",""brand"":""observed"",""seller_name"":""observed"",""seller_score"":""observed"",""price"":""observed"",""original_price"":""unavailable"",""campaigns"":""observed"",""stock_status"":""observed"",""stock_signal"":""observed"",""rating"":""observed"",""rating_count"":""observed"",""review_count"":""observed"",""question_count"":""observed"",""delivery_summary"":""observed"",""shipping_cost"":""observed"",""properties"":""observed""}",true,
2026-08-17,2026-08-17T10:00:10+03:00,ev-yasam,BEST_SELLER,ev-dekorasyon,ev dekorasyon,76,4,76,76,,,23.4,6.6,947189866,661551,Yapay Çiçek Deposu Yapay Çiçek 7 Dallı Eko Kasımpatı Demeti 30 cm Beyaz,Yapay Çiçek Deposu,,https://www.trendyol.com/yapay-cicek-deposu/yapay-cicek-7-dalli-eko-kasimpati-demeti-30-cm-beyaz-p-947189866?boutiqueId=61&merchantId=661551,Çiçekburada,93,199.98,,,,TRY,"[""Kargo Bedava""]",InStock,100 adetten fazla stok sunulmuştur,,,4.3,839,,,57,1B kişinin sepetinde,"79,9B kişi favoriledi",Son 24 saatte 975 kişi görüntüledi,,,0,,,,1 saat 53 dakika içinde sipariş verirsen en geç bugün kargoda!,,,{},0,,refreshed,"[""daily_top""]",true,2026-08-17T10:00:10+03:00,0,"[""search_result_dom"",""product_detail_jsonld"",""product_detail_dom""]","{""title"":""observed"",""brand"":""observed"",""seller_name"":""observed"",""seller_score"":""observed"",""price"":""observed"",""original_price"":""unavailable"",""campaigns"":""observed"",""stock_status"":""observed"",""stock_signal"":""observed"",""rating"":""observed"",""rating_count"":""observed"",""review_count"":""unavailable"",""question_count"":""observed"",""delivery_summary"":""observed"",""shipping_cost"":""unavailable"",""properties"":""observed""}",true,
2026-08-17,2026-08-17T10:00:10+03:00,ev-yasam,BEST_SELLER,ev-dekorasyon,ev dekorasyon,77,4,77,77,2,,19.7,,852270857,435670,Mariesse Home Naturel Sisal Jüt Halı Modern Yıkanabilir Toz Vermez Halı,Mariesse Home,,https://www.trendyol.com/mariesse-home/naturel-sisal-jut-hali-modern-yikanabilir-toz-vermez-hali-p-852270857?boutiqueId=61&merchantId=435670,MARİESSE HOME,89,102.43,127.5,19.7,,TRY,"[""Son 10 Günün En Düşük Fiyatı"",""Kargo Bedava"",""Son 10 günün en düşük fiyatı""]",InStock,10 adetten fazla stok sunulmuştur,,,,,,,,,,,,,0,,,,13 saat 53 dakika içinde sipariş verirsen en geç yarın kargoda!,En Çok Satan 2. Ürün,,{},0,,refreshed,"[""daily_top""]",true,2026-08-17T10:00:10+03:00,0,"[""search_result_dom"",""product_detail_jsonld"",""product_detail_dom""]","{""title"":""observed"",""brand"":""observed"",""seller_name"":""observed"",""seller_score"":""observed"",""price"":""observed"",""original_price"":""observed"",""campaigns"":""observed"",""stock_status"":""observed"",""stock_signal"":""observed"",""rating"":""unavailable"",""rating_count"":""unavailable"",""review_count"":""unavailable"",""question_count"":""unavailable"",""delivery_summary"":""observed"",""shipping_cost"":""unavailable"",""properties"":""observed""}",true,
2026-08-17,2026-08-17T10:00:10+03:00,ev-yasam,BEST_SELLER,ev-dekorasyon,ev dekorasyon,78,4,78,78,,,27,3,801788826,418720,Lilac Home Özel Tasarım Iki Renkli Elmas Beyaz Saksılı Mor - Yeşil Okaliptus Sarkıtı,Lilac Home,Yapay Çiçek,https://www.trendyol.com/lilac-home/ozel-tasarim-iki-renkli-elmas-beyaz-saksili-mor-yesil-okaliptus-sarkiti-p-801788826?boutiqueId=61&merchantId=418720,Lilac Home,,189.9,,,,TRY,"[""Kargo Bedava""]",InStock,100 adetten fazla stok sunulmuştur,,,4.6,4317,2349,,235,"2,1B kişinin sepetinde","123,5B kişi favoriledi","Son 24 saatte 1,2B kişi görüntüledi",4999,TRY,0,,1,3,53 dakika 53 saniye içinde sipariş verirsen en geç bugün kargoda!,,https://cdn.dsmcdn.com/ty1914/prod/QC_ENRICHMENT/20260516/13/6b87477a-9630-3c64-9d87-35b04b0cb62a/1_org_zoom.jpg,"{""Renk"":""Mor"",""Çiçek Türü"":""Saksı"",""Menşei"":""TR""}",20,5,refreshed,"[""daily_top""]",true,2026-08-17T10:00:10+03:00,0,"[""search_result_dom"",""product_detail_jsonld"",""product_detail_dom""]","{""title"":""observed"",""brand"":""observed"",""seller_name"":""observed"",""seller_score"":""unavailable"",""price"":""observed"",""original_price"":""unavailable"",""campaigns"":""observed"",""stock_status"":""observed"",""stock_signal"":""observed"",""rating"":""observed"",""rating_count"":""observed"",""review_count"":""observed"",""question_count"":""observed"",""delivery_summary"":""observed"",""shipping_cost"":""observed"",""properties"":""observed""}",true,
2026-08-17,2026-08-17T10:00:10+03:00,ev-yasam,BEST_SELLER,ev-dekorasyon,ev dekorasyon,79,4,79,79,2,,40.2,3.4,782192850,689343,MetaQuartz Aksesuar Gümüş Kristal Seri-büyük Boy(50X75CM)- Pilli Led - Modern Dekoratif Duvar Saati,MetaQuartz Aksesuar,,https://www.trendyol.com/metaquartz-aksesuar/gumus-kristal-seri-buyuk-boy-50x75cm-pilli-led-modern-dekoratif-duvar-saati-p-782192850?boutiqueId=61&merchantId=689343,MetaQuartz Aksesuar,,950,1100,13.6,,TRY,"[""50 TL Kupon"",""Kargo Bedava""]",InStock,100 adetten fazla stok sunulmuştur,,,4.5,2136,,,355,"1,4B kişinin sepetinde","73,8B kişi favoriledi","Son 24 saatte 1,6B kişi görüntüledi",,,0,,,,53 dakika 49 saniye içinde sipariş verirsen en geç bugün kargoda!,En Çok Satan 2. Ürün,,{},0,,refreshed,"[""daily_top""]",true,2026-08-17T10:00:10+03:00,0,"[""search_result_dom"",""product_detail_jsonld"",""product_detail_dom""]","{""title"":""observed"",""brand"":""observed"",""seller_name"":""observed"",""seller_score"":""unavailable"",""price"":""observed"",""original_price"":""observed"",""campaigns"":""observed"",""stock_status"":""observed"",""stock_signal"":""observed"",""rating"":""observed"",""rating_count"":""observed"",""review_count"":""unavailable"",""question_count"":""observed"",""delivery_summary"":""observed"",""shipping_cost"":""unavailable"",""properties"":""observed""}",true,
2026-08-17,2026-08-17T10:00:10+03:00,ev-yasam,BEST_SELLER,ev-dekorasyon,ev dekorasyon,80,4,80,80,6,,24.4,5.6,392623641,705640,sc mirror SÜMER CAM 4'lü Dekor Ayna Gümüş Ayna 30x30 Cm,sc mirror,Ayna,https://www.trendyol.com/sc-mirror/sumer-cam-4-lu-dekor-ayna-gumus-ayna-30x30-cm-p-392623641?boutiqueId=61&merchantId=705640,SÜMERCAM,95,373,,,,TRY,"[""Kargo Bedava""]",InStock,100 adetten fazla stok sunulmuştur,,,4.7,1881,1120,,286,931 kişinin sepetinde,"42,4B kişi favoriledi",Son 24 saatte 838 kişi görüntüledi,4999,TRY,0,1,1,3,13 saat 53 dakika içinde sipariş verirsen en geç yarın kargoda!,En Çok Satan 6. Ürün,https://cdn.dsmcdn.com/ty1694/prod/QC_ENRICHMENT/20250612/16/06bcc2d9-d899-34de-bce2-f99f9391a274/1_org_zoom.jpg,"{""Materyal"":""Cam"",""Renk"":""Gümüş"",""Şekil"":""Kare"",""Çeşit"":""Parçalı Ayna"",""Menşei"":""TR"",""Özellik"":""Çift Taraflı""}",20,5,refreshed,"[""daily_top""]",true,2026-08-17T10:00:10+03:00,0,"[""search_result_dom"",""product_detail_jsonld"",""product_detail_dom""]","{""title"":""observed"",""brand"":""observed"",""seller_name"":""observed"",""seller_score"":""observed"",""price"":""observed"",""original_price"":""unavailable"",""campaigns"":""observed"",""stock_status"":""observed"",""stock_signal"":""observed"",""rating"":""observed"",""rating_count"":""observed"",""review_count"":""observed"",""question_count"":""observed"",""delivery_summary"":""observed"",""shipping_cost"":""observed"",""properties"":""observed""}",true,
2026-08-17,2026-08-17T10:00:10+03:00,ev-yasam,BEST_SELLER,ev-dekorasyon,ev dekorasyon,81,4,81,81,1,,13.3,16.7,1141236798,1226743,"BYC TÜRKİYE La Dolce Vita Tablo Seti 4'lü Set – Sicilya Temalı- 15x20 cm, 3 mm MDF, UV Baskı",BYC TÜRKİYE,Tablo,https://www.trendyol.com/byc-turkiye/la-dolce-vita-tablo-seti-4-lu-set-sicilya-temali-15x20-cm-3-mm-mdf-uv-baski-p-1141236798?boutiqueId=61&merchantId=1226743,BYC Türkiye,98,172,,,,TRY,"[""Sepette %1 İndirim"",""Kargo Bedava"",""Trendyol Plus'a Özel""]",InStock,10 adetten fazla stok sunulmuştur,,,4.7,71,45,,12,"1,4B kişinin sepetinde","17,6B kişi favoriledi","Son 24 saatte 2,6B kişi görüntüledi",4999,TRY,0,3,1,7,13 saat 53 dakika içinde sipariş verirsen en geç yarın kargoda!,En Çok Satan 1. Ürün,https://cdn.dsmcdn.com/ty1933/prod/QC_PREP/20260502/18/0631b42d-fbb2-3155-a56f-e7f8436320ba/1_org_zoom.jpg,"{""Materyal"":""Ahşap"",""Parça Sayısı"":""4"",""Renk"":""Çok Renkli"",""Çerçeve Tipi"":""Çerçevesiz"",""Tema / Stil"":""İllüstrasyon"",""Menşei"":""TR""}",20,5,refreshed,"[""daily_top""]",true,2026-08-17T10:00:10+03:00,0,"[""search_result_dom"",""product_detail_jsonld"",""product_detail_dom""]","{""title"":""observed"",""brand"":""observed"",""seller_name"":""observed"",""seller_score"":""observed"",""price"":""observed"",""original_price"":""unavailable"",""campaigns"":""observed"",""stock_status"":""observed"",""stock_signal"":""observed"",""rating"":""observed"",""rating_count"":""observed"",""review_count"":""observed"",""question_count"":""observed"",""delivery_summary"":""observed"",""shipping_cost"":""observed"",""properties"":""observed""}",true,
2026-08-17,2026-08-17T10:00:10+03:00,ev-yasam,BEST_SELLER,ev-dekorasyon,ev dekorasyon,82,4,82,82,,,24.2,5.8,979273455,693767,Benlisso Home Dijital Baskılı Punch Nakış Desenli Dekoratif Kırlent Kılıfı 1 Adet Sonbahar Temalı,Benlisso Home,,https://www.trendyol.com/benlisso-home/dijital-baskili-punch-nakis-desenli-dekoratif-kirlent-kilifi-1-adet-sonbahar-temali-p-979273455?boutiqueId=61&merchantId=693767,Benlisso Home,,77.45,,,,TRY,"[""Kargo Bedava""]",InStock,100 adetten fazla stok sunulmuştur,,,4.5,1050,,,73,810 kişinin sepetinde,"43,7B kişi favoriledi",Son 24 saatte 779 kişi görüntüledi,,,0,,,,13 saat 53 dakika içinde sipariş verirsen en geç yarın kargoda!,,,{},0,,refreshed,"[""daily_top""]",true,2026-08-17T10:00:10+03:00,0,"[""search_result_dom"",""product_detail_jsonld"",""product_detail_dom""]","{""title"":""observed"",""brand"":""observed"",""seller_name"":""observed"",""seller_score"":""unavailable"",""price"":""observed"",""original_price"":""unavailable"",""campaigns"":""observed"",""stock_status"":""observed"",""stock_signal"":""observed"",""rating"":""observed"",""rating_count"":""observed"",""review_count"":""unavailable"",""question_count"":""observed"",""delivery_summary"":""observed"",""shipping_cost"":""unavailable"",""properties"":""observed""}",true,
2026-08-17,2026-08-17T10:00:10+03:00,ev-yasam,BEST_SELLER,ev-dekorasyon,ev dekorasyon,83,4,83,83,9,,14.4,15.6,1026147360,329631,İz Home 2 Adet Premium Ultra Dolgun Kare Kırlent İç Yastık | Orijinal Silikon Dolgu | Koltuk Köşe Yastık | Vakum Ambalajlı | Yıkanabilir,İz Home,Kırlent ve Kırlent Kılıfı,https://www.trendyol.com/iz-home/2-adet-premium-ultra-dolgun-kare-kirlent-ic-yastik-orijinal-silikon-dolgu-koltuk-kose-yastik-vakum-ambalajli-yikanabilir-p-1026147360?boutiqueId=61&merchantId=329631,İz Home,86,167.57,,,,TRY,"[""Sepette %2 İndirim"",""Kargo Bedava"",""Trendyol Plus'a Özel""]",InStock,100 adetten fazla stok sunulmuştur,,,4.2,134,62,,31,716 kişinin sepetinde,"9,5B kişi favoriledi",Son 24 saatte 528 kişi görüntüledi,4999,TRY,0,1,1,3,13 saat 53 dakika içinde sipariş verirsen en geç yarın kargoda!,En Çok Satan 9. Ürün,https://cdn.dsmcdn.com/ty1912/prod/QC_ENRICHMENT/20260815/17/958a922c-b9c3-3911-bc8f-6003aaf898e8/1_org_zoom.jpg,"{""Materyal"":""Silikon"",""Renk"":""Beyaz"",""Parça Sayısı"":""2"",""Şekil"":""Kare"",""Üretim Şekli"":""Makine"",""Çeşit"":""İç Dolgu"",""Tema / Stil"":""Avangard"",""Materyal Bileşeni"":""%100 Silikon"",""Yıkama Talimatı"":""30"",""Menşei"":""TR""}",20,5,refreshed,"[""daily_top""]",true,2026-08-17T10:00:10+03:00,0,"[""search_result_dom"",""product_detail_jsonld"",""product_detail_dom""]","{""title"":""observed"",""brand"":""observed"",""seller_name"":""observed"",""seller_score"":""observed"",""price"":""observed"",""original_price"":""unavailable"",""campaigns"":""observed"",""stock_status"":""observed"",""stock_signal"":""observed"",""rating"":""observed"",""rating_count"":""observed"",""review_count"":""observed"",""question_count"":""observed"",""delivery_summary"":""observed"",""shipping_cost"":""observed"",""properties"":""observed""}",true,
2026-08-17,2026-08-17T10:00:10+03:00,ev-yasam,BEST_SELLER,ev-dekorasyon,ev dekorasyon,84,4,84,84,4,,25.9,4.1,861952729,169425,irayhomedecor 2'li A tree & Gelinlik Dekoratif Kitap Kutu,irayhomedecor,,https://www.trendyol.com/irayhomedecor/2-li-a-tree-gelinlik-dekoratif-kitap-kutu-p-861952729?boutiqueId=61&merchantId=169425,irayhomedecor,2,193.98,,,,TRY,"[""Kargo Bedava""]",InStock,100 adetten fazla stok sunulmuştur,,,4.8,1731,,,52,"1,1B kişinin sepetinde","49,4B kişi favoriledi",Son 24 saatte 866 kişi görüntüledi,,,0,,,,3 saat 53 dakika içinde sipariş verirsen en geç bugün kargoda!,En Çok Satan 4. Ürün,,{},0,,refreshed,"[""daily_top""]",true,2026-08-17T10:00:10+03:00,0,"[""search_result_dom"",""product_detail_jsonld"",""product_detail_dom""]","{""title"":""observed"",""brand"":""observed"",""seller_name"":""observed"",""seller_score"":""observed"",""price"":""observed"",""original_price"":""unavailable"",""campaigns"":""observed"",""stock_status"":""observed"",""stock_signal"":""observed"",""rating"":""observed"",""rating_count"":""observed"",""review_count"":""unavailable"",""question_count"":""observed"",""delivery_summary"":""observed"",""shipping_cost"":""unavailable"",""properties"":""observed""}",true,
2026-08-17,2026-08-17T10:00:10+03:00,ev-yasam,BEST_SELLER,ev-dekorasyon,ev dekorasyon,85,4,85,85,,,23.7,6.3,831631022,677198,Amentes Dekoratif Vazo Saydam Cam,Amentes,Vazo,https://www.trendyol.com/amentes/dekoratif-vazo-saydam-cam-p-831631022?boutiqueId=61&merchantId=677198,Amentes,,199.9,,,,TRY,"[""Kargo Bedava"",""Trendyol Plus'a Özel""]",InStock,100 adetten fazla stok sunulmuştur,,,4.3,1371,913,,104,"1,6B kişinin sepetinde","138,9B kişi favoriledi","Son 24 saatte 1,6B kişi görüntüledi",4999,TRY,0,,1,3,4 saat 53 dakika içinde sipariş verirsen en geç bugün kargoda!,,https://cdn.dsmcdn.com/ty1828/prod/QC_ENRICHMENT/20260217/23/c02eb46f-1d75-3263-91c9-0dc563906797/1_org_zoom.jpg,"{""Renk"":""Beyaz"",""Materyal"":""Cam"",""Parça Sayısı"":""1 Parça"",""Menşei"":""CN""}",20,5,refreshed,"[""daily_top""]",true,2026-08-17T10:00:10+03:00,0,"[""search_result_dom"",""product_detail_jsonld"",""product_detail_dom""]","{""title"":""observed"",""brand"":""observed"",""seller_name"":""observed"",""seller_score"":""unavailable"",""price"":""observed"",""original_price"":""unavailable"",""campaigns"":""observed"",""stock_status"":""observed"",""stock_signal"":""observed"",""rating"":""observed"",""rating_count"":""observed"",""review_count"":""observed"",""question_count"":""observed"",""delivery_summary"":""observed"",""shipping_cost"":""observed"",""properties"":""observed""}",true,
2026-08-17,2026-08-17T10:00:10+03:00,ev-yasam,BEST_SELLER,ev-dekorasyon,ev dekorasyon,86,4,86,86,7,,25.6,4.4,812523536,541829,aymumi home 3'lü Bohem Halka Vazo Özel Tasarım Hediyelik Set,aymumi home,Vazo,https://www.trendyol.com/aymumi-home/3-lu-bohem-halka-vazo-ozel-tasarim-hediyelik-set-p-812523536?boutiqueId=61&merchantId=541829,QULİFE,82,162.09,,,,TRY,"[""Kargo Bedava""]",InStock,100 adetten fazla stok sunulmuştur,,,3.9,2804,1596,,69,"2,3B kişinin sepetinde","87,1B kişi favoriledi","Son 24 saatte 1,1B kişi görüntüledi",4999,TRY,0,,1,3,1 saat 53 dakika içinde sipariş verirsen en geç bugün kargoda!,En Çok Satan 7. Ürün,https://cdn.dsmcdn.com/ty1793/prod/QC_ENRICHMENT/20251122/02/9995b08b-db25-3bbf-be37-2728e0e5a073/1_org_zoom.jpg,"{""Renk"":""Beyaz"",""Materyal"":""Beton"",""Parça Sayısı"":""3"",""Menşei"":""TR""}",20,5,refreshed,"[""daily_top""]",true,2026-08-17T10:00:10+03:00,0,"[""search_result_dom"",""product_detail_jsonld"",""product_detail_dom""]","{""title"":""observed"",""brand"":""observed"",""seller_name"":""observed"",""seller_score"":""observed"",""price"":""observed"",""original_price"":""unavailable"",""campaigns"":""observed"",""stock_status"":""observed"",""stock_signal"":""observed"",""rating"":""observed"",""rating_count"":""observed"",""review_count"":""observed"",""question_count"":""observed"",""delivery_summary"":""observed"",""shipping_cost"":""observed"",""properties"":""observed""}",true,
2026-08-17,2026-08-17T10:00:10+03:00,ev-yasam,BEST_SELLER,ev-dekorasyon,ev dekorasyon,87,4,87,87,,,16.3,13.7,1145327787,831576,Lorente Home Liora Kahverengi Sisal Hasır Toz Vermez Kaymaz Taban Balkon Bahçe Mutfak Halısı 1901,Lorente Home,,https://www.trendyol.com/lorente-home/liora-kahverengi-sisal-hasir-toz-vermez-kaymaz-taban-balkon-bahce-mutfak-halisi-1901-p-1145327787?boutiqueId=61&merchantId=831576,Lorente Home,,237.17,,,,TRY,"[""Kargo Bedava""]",InStock,100 adetten fazla stok sunulmuştur,,,4.5,109,,,37,"2,1B kişinin sepetinde","40,5B kişi favoriledi","Son 24 saatte 1,7B kişi görüntüledi",,,0,,,,Tahmini Teslim:,Fenomen Seçimi,,{},0,,refreshed,"[""daily_top""]",true,2026-08-17T10:00:10+03:00,0,"[""search_result_dom"",""product_detail_jsonld"",""product_detail_dom""]","{""title"":""observed"",""brand"":""observed"",""seller_name"":""observed"",""seller_score"":""unavailable"",""price"":""observed"",""original_price"":""unavailable"",""campaigns"":""observed"",""stock_status"":""observed"",""stock_signal"":""observed"",""rating"":""observed"",""rating_count"":""observed"",""review_count"":""unavailable"",""question_count"":""observed"",""delivery_summary"":""observed"",""shipping_cost"":""unavailable"",""properties"":""observed""}",true,
2026-08-17,2026-08-17T10:00:10+03:00,ev-yasam,BEST_SELLER,ev-dekorasyon,ev dekorasyon,88,4,88,88,,,17.4,12.6,1164567258,989721,BESAGU HOME Dokulu Dekoratif Vazo - Modern Yapay Çiçek Vazosu - Beton Dekor 21 cm,BESAGU HOME,Vazo,https://www.trendyol.com/besagu-home/dokulu-dekoratif-vazo-modern-yapay-cicek-vazosu-beton-dekor-21-cm-p-1164567258?boutiqueId=61&merchantId=989721,BESAGU HOME,95,327.75,,,,TRY,"[""Kargo Bedava"",""Trendyol Plus'a Özel""]",InStock,50 adetten fazla stok sunulmuştur,,,4.9,184,148,,25,"2,2B kişinin sepetinde","14,6B kişi favoriledi",Son 24 saatte 2B kişi görüntüledi,4999,TRY,0,2,1,5,Tahmini Teslim:,En Çok Ziyaret Edilen 3. Ürün,https://cdn.dsmcdn.com/ty1909/prod/QC_PREP/20260704/17/3e06976c-1148-3896-a9ff-44f5934176f2/1_org_zoom.jpg,"{""Renk"":""Beyaz"",""Materyal"":""Beton"",""Parça Sayısı"":""1"",""Menşei"":""TR""}",20,5,refreshed,"[""daily_top""]",true,2026-08-17T10:00:10+03:00,0,"[""search_result_dom"",""product_detail_jsonld"",""product_detail_dom""]","{""title"":""observed"",""brand"":""observed"",""seller_name"":""observed"",""seller_score"":""observed"",""price"":""observed"",""original_price"":""unavailable"",""campaigns"":""observed"",""stock_status"":""observed"",""stock_signal"":""observed"",""rating"":""observed"",""rating_count"":""observed"",""review_count"":""observed"",""question_count"":""observed"",""delivery_summary"":""observed"",""shipping_cost"":""observed"",""properties"":""observed""}",true,
2026-08-17,2026-08-17T10:00:10+03:00,ev-yasam,BEST_SELLER,ev-dekorasyon,ev dekorasyon,89,4,89,89,,,28.2,1.8,790950196,638780,BEYZANA İki Bölmeli Bambu Naturel Çamaşır Sepeti - Mega Katlanabilir Çamaşır Sepeti,BEYZANA,Çamaşır Sepeti,https://www.trendyol.com/beyzana/iki-bolmeli-bambu-naturel-camasir-sepeti-mega-katlanabilir-camasir-sepeti-p-790950196?boutiqueId=61&merchantId=638780,BEYZANA,,649.99,,,,TRY,"[""Kargo Bedava""]",InStock,100 adetten fazla stok sunulmuştur,,,4.2,5689,3339,,702,"1,7B kişinin sepetinde","187,1B kişi favoriledi","Son 24 saatte 1,2B kişi görüntüledi",4999,TRY,0,1,1,3,13 saat 53 dakika içinde sipariş verirsen en geç yarın kargoda!,En Çok Favorilenen 3. Ürün,https://cdn.dsmcdn.com/ty1898/prod/QC_ENRICHMENT/20260618/14/310a4a53-7235-33ce-bacf-f7ae03d49531/1_org_zoom.jpg,"{""Materyal"":""Bambu"",""Renk"":""Kahverengi"",""Hacim"":""50-99 L"",""Boyut/Ebat"":""52 x 60"",""Yıkama Talimatı"":""T31"",""Materyal Bileşeni"":""Bambu"",""Menşei"":""CN"",""Özellik"":""Sürdürülebilir""}",20,5,refreshed,"[""daily_top""]",true,2026-08-17T10:00:10+03:00,0,"[""search_result_dom"",""product_detail_jsonld"",""product_detail_dom""]","{""title"":""observed"",""brand"":""observed"",""seller_name"":""observed"",""seller_score"":""unavailable"",""price"":""observed"",""original_price"":""unavailable"",""campaigns"":""observed"",""stock_status"":""observed"",""stock_signal"":""observed"",""rating"":""observed"",""rating_count"":""observed"",""review_count"":""observed"",""question_count"":""observed"",""delivery_summary"":""observed"",""shipping_cost"":""observed"",""properties"":""observed""}",true,
2026-08-17,2026-08-17T10:00:10+03:00,ev-yasam,BEST_SELLER,ev-dekorasyon,ev dekorasyon,90,4,90,90,3,,7.6,22.4,1162394969,996983,petels Dekoratif Duvar Paneli ( 54 X 105 Cm ) Boyanabilir Ahşap Ham Mdf Duvar Paneli,petels,Duvar Dekorasyon Ürünü,https://www.trendyol.com/petels/dekoratif-duvar-paneli-54-x-105-cm-boyanabilir-ahsap-ham-mdf-duvar-paneli-p-1162394969?boutiqueId=61&merchantId=996983,SERDEM PAZARLAMA,86,99,,,,TRY,"[""Kargo Bedava""]",InStock,100 adetten fazla stok sunulmuştur,,,4.1,10,8,,34,359 kişinin sepetinde,"2,6B kişi favoriledi",Son 24 saatte 600 kişi görüntüledi,4999,TRY,0,1,1,3,13 saat 53 dakika içinde sipariş verirsen en geç yarın kargoda!,En Çok Satan 3. Ürün,https://cdn.dsmcdn.com/ty1913/prod/QC_ENRICHMENT/20260716/09/b3714763-84e7-3a4b-bfeb-2002d903d75b/1_org_zoom.jpg,"{""Renk"":""Bej"",""Materyal"":""MDF"",""Tema / Stil"":""Modern"",""Parça Sayısı"":""1 Parça"",""Menşei"":""TR""}",8,3.88,refreshed,"[""daily_top""]",true,2026-08-17T10:00:10+03:00,0,"[""search_result_dom"",""product_detail_jsonld"",""product_detail_dom""]","{""title"":""observed"",""brand"":""observed"",""seller_name"":""observed"",""seller_score"":""observed"",""price"":""observed"",""original_price"":""unavailable"",""campaigns"":""observed"",""stock_status"":""observed"",""stock_signal"":""observed"",""rating"":""observed"",""rating_count"":""observed"",""review_count"":""observed"",""question_count"":""observed"",""delivery_summary"":""observed"",""shipping_cost"":""observed"",""properties"":""observed""}",true,
2026-08-17,2026-08-17T10:00:10+03:00,ev-yasam,BEST_SELLER,ev-dekorasyon,ev dekorasyon,91,4,91,91,7,,22,8,75775719,179281,"Domol Kokulu Mum Sigara Kokusuna Karşı Özel Bileşim, 150 gr",Domol,Mum ve Kandil,https://www.trendyol.com/domol/kokulu-mum-sigara-kokusuna-karsi-ozel-bilesim-150-gr-p-75775719?boutiqueId=61&merchantId=179281,Rossmann,95,173,,,,TRY,"[""Kargo Bedava""]",InStock,100 adetten fazla stok sunulmuştur,,,4.4,999,561,,35,851 kişinin sepetinde,"31,5B kişi favoriledi",Son 24 saatte 531 kişi görüntüledi,4999,TRY,0,,1,3,13 saat 53 dakika içinde sipariş verirsen en geç yarın kargoda!,En Çok Satan 7. Ürün,https://cdn.dsmcdn.com/ty1000339/product/media/images/prod/PIM/20260309/06/1e2c5133-741d-4efc-9c35-ccd88c39ac3a/1_org_zoom.jpg,"{""Renk"":""Yeşil"",""Özellik"":""Kokulu"",""Parça Sayısı"":""1"",""Koku Aroması"":""Ormansı"",""Menşei"":""DE""}",20,5,refreshed,"[""daily_top""]",true,2026-08-17T10:00:10+03:00,0,"[""search_result_dom"",""product_detail_jsonld"",""product_detail_dom""]","{""title"":""observed"",""brand"":""observed"",""seller_name"":""observed"",""seller_score"":""observed"",""price"":""observed"",""original_price"":""unavailable"",""campaigns"":""observed"",""stock_status"":""observed"",""stock_signal"":""observed"",""rating"":""observed"",""rating_count"":""observed"",""review_count"":""observed"",""question_count"":""observed"",""delivery_summary"":""observed"",""shipping_cost"":""observed"",""properties"":""observed""}",true,
2026-08-17,2026-08-17T10:00:10+03:00,ev-yasam,BEST_SELLER,ev-dekorasyon,ev dekorasyon,92,4,92,92,,,19.9,10.1,1123098652,801789,"CHIZGY Soft Pelüş 2'li Papatya Dekoratif Yastık Antialerjik, İthal Kumaş, Bahar Şıklığında Kırlent Minder",CHIZGY,,https://www.trendyol.com/chizgy/soft-pelus-2-li-papatya-dekoratif-yastik-antialerjik-ithal-kumas-bahar-sikliginda-kirlent-minder-p-1123098652?boutiqueId=61&merchantId=801789,CHIZGY TEKSTİL,9,349.95,,,,TRY,"[""Kargo Bedava""]",InStock,100 adetten fazla stok sunulmuştur,,,4.6,309,,,63,"2,4B kişinin sepetinde","63,8B kişi favoriledi","Son 24 saatte 2,2B kişi görüntüledi",,,0,,,,13 saat 53 dakika içinde sipariş verirsen en geç yarın kargoda!,En Çok Ziyaret Edilen 2. Ürün,,{},0,,refreshed,"[""daily_top""]",true,2026-08-17T10:00:10+03:00,0,"[""search_result_dom"",""product_detail_jsonld"",""product_detail_dom""]","{""title"":""observed"",""brand"":""observed"",""seller_name"":""observed"",""seller_score"":""observed"",""price"":""observed"",""original_price"":""unavailable"",""campaigns"":""observed"",""stock_status"":""observed"",""stock_signal"":""observed"",""rating"":""observed"",""rating_count"":""observed"",""review_count"":""unavailable"",""question_count"":""observed"",""delivery_summary"":""observed"",""shipping_cost"":""unavailable"",""properties"":""observed""}",true,
2026-08-17,2026-08-17T10:00:10+03:00,ev-yasam,BEST_SELLER,ev-dekorasyon,ev dekorasyon,93,4,93,93,4,,17.6,12.4,887001207,241358,Renkli Duvarlar (EN 2.5 CM UZUNLUK 120 CM) 1 Adet Dekoratif Boyanabilir Poliüretan Duvar Çıtası Ofis Koridor Tablo,Renkli Duvarlar,Duvar Dekorasyon Ürünü,https://www.trendyol.com/renkli-duvarlar/en-2-5-cm-uzunluk-120-cm-1-adet-dekoratif-boyanabilir-poliuretan-duvar-citasi-ofis-koridor-tablo-p-887001207?boutiqueId=61&merchantId=241358,Renkli Duvarlar,,52.7,,,,TRY,"[""Kargo Bedava"",""Trendyol Plus'a Özel""]",InStock,100 adetten fazla stok sunulmuştur,,,4.4,343,159,,200,,"16,9B kişi favoriledi",,4999,TRY,0,,1,3,53 dakika 31 saniye içinde sipariş verirsen en geç bugün kargoda!,En Çok Satan 4. Ürün,https://cdn.dsmcdn.com/ty1618/prod/QC/20241225/12/4c26c548-e5da-36fc-bbdf-67ccc3b5f3d9/1_org_zoom.jpg,"{""Renk"":""Beyaz"",""Materyal"":""Poliüretan"",""Tema / Stil"":""Klasik"",""Parça Sayısı"":""1 Parça"",""Menşei"":""TR""}",20,5,refreshed,"[""daily_top""]",true,2026-08-17T10:00:10+03:00,0,"[""search_result_dom"",""product_detail_jsonld"",""product_detail_dom""]","{""title"":""observed"",""brand"":""observed"",""seller_name"":""observed"",""seller_score"":""unavailable"",""price"":""observed"",""original_price"":""unavailable"",""campaigns"":""observed"",""stock_status"":""observed"",""stock_signal"":""observed"",""rating"":""observed"",""rating_count"":""observed"",""review_count"":""observed"",""question_count"":""observed"",""delivery_summary"":""observed"",""shipping_cost"":""observed"",""properties"":""observed""}",true,
2026-08-17,2026-08-17T10:00:10+03:00,ev-yasam,BEST_SELLER,ev-dekorasyon,ev dekorasyon,94,4,94,94,,,28.1,1.9,379980238,757650,"homeyandlovey Ahşap Küçük Boncuklu Hasır Doğal Rafya/jüt Tepsi, Dekoratif Tepsi, Banyo, Ev, Dekor Tepsi",homeyandlovey,,https://www.trendyol.com/homeyandlovey/ahsap-kucuk-boncuklu-hasir-dogal-rafya-jut-tepsi-dekoratif-tepsi-banyo-ev-dekor-tepsi-p-379980238?boutiqueId=61&merchantId=757650,N Home Design,85,199.99,,,,TRY,"[""Kargo Bedava""]",InStock,100 adetten fazla stok sunulmuştur,,,4.3,3293,,,214,"1,5B kişinin sepetinde","187,9B kişi favoriledi","Son 24 saatte 1,5B kişi görüntüledi",,,0,,,,53 dakika 27 saniye içinde sipariş verirsen en geç bugün kargoda!,En Çok Favorilenen 6. Ürün,,{},0,,refreshed,"[""daily_top""]",true,2026-08-17T10:00:10+03:00,0,"[""search_result_dom"",""product_detail_jsonld"",""product_detail_dom""]","{""title"":""observed"",""brand"":""observed"",""seller_name"":""observed"",""seller_score"":""observed"",""price"":""observed"",""original_price"":""unavailable"",""campaigns"":""observed"",""stock_status"":""observed"",""stock_signal"":""observed"",""rating"":""observed"",""rating_count"":""observed"",""review_count"":""unavailable"",""question_count"":""observed"",""delivery_summary"":""observed"",""shipping_cost"":""unavailable"",""properties"":""observed""}",true,
2026-08-17,2026-08-17T10:00:10+03:00,ev-yasam,BEST_SELLER,ev-dekorasyon,ev dekorasyon,95,4,95,95,,,29.8,0.2,824676762,541829,ALLEZA HOME Dekoratif Minyatür Vazolu Oda Kokusu Fırsat Seti,ALLEZA HOME,Dekoratif Obje Biblo,https://www.trendyol.com/alleza-home/dekoratif-minyatur-vazolu-oda-kokusu-firsat-seti-p-824676762?boutiqueId=61&merchantId=541829,QULİFE,82,145.05,,,,TRY,"[""Kargo Bedava""]",InStock,100 adetten fazla stok sunulmuştur,,,3.9,8448,5332,,745,"1,8B kişinin sepetinde","284,2B kişi favoriledi","Son 24 saatte 1,7B kişi görüntüledi",4999,TRY,0,1,1,3,1 saat 53 dakika içinde sipariş verirsen en geç bugün kargoda!,En Çok Favorilenen 2. Ürün,https://cdn.dsmcdn.com/ty1530/product/media/images/prod/QC/20240907/20/b0eecfd8-5db3-3247-8923-d9a8d220ce3f/1_org_zoom.jpg,"{""Materyal"":""Beton"",""Renk"":""Beyaz"",""Parça Sayısı"":""5+"",""Tema / Stil"":""Modern"",""Menşei"":""TR""}",20,5,refreshed,"[""daily_top""]",true,2026-08-17T10:00:10+03:00,0,"[""search_result_dom"",""product_detail_jsonld"",""product_detail_dom""]","{""title"":""observed"",""brand"":""observed"",""seller_name"":""observed"",""seller_score"":""observed"",""price"":""observed"",""original_price"":""unavailable"",""campaigns"":""observed"",""stock_status"":""observed"",""stock_signal"":""observed"",""rating"":""observed"",""rating_count"":""observed"",""review_count"":""observed"",""question_count"":""observed"",""delivery_summary"":""observed"",""shipping_cost"":""observed"",""properties"":""observed""}",true,
2026-08-17,2026-08-17T10:00:10+03:00,ev-yasam,BEST_SELLER,ev-dekorasyon,ev dekorasyon,96,4,96,96,,,27.1,2.9,769559687,823940,"OrdoVeni Tütsü Seti | 3 Farklı Aroma 60 Adet Çubuk Tütsü | Kalıcı Oda Kokusu | Ev, Ofis, Yoga ve Meditasyon İçin",OrdoVeni,,https://www.trendyol.com/ordoveni/tutsu-seti-3-farkli-aroma-60-adet-cubuk-tutsu-kalici-oda-kokusu-ev-ofis-yoga-ve-meditasyon-icin-p-769559687?boutiqueId=61&merchantId=823940,OrdoVeni,,113.77,,,,TRY,"[""Kargo Bedava""]",InStock,100 adetten fazla stok sunulmuştur,,,4.3,2429,,,127,922 kişinin sepetinde,"50,8B kişi favoriledi",Son 24 saatte 539 kişi görüntüledi,,,0,,,,3 saat 53 dakika içinde sipariş verirsen en geç bugün kargoda!,,,{},0,,refreshed,"[""daily_top""]",true,2026-08-17T10:00:10+03:00,0,"[""search_result_dom"",""product_detail_jsonld"",""product_detail_dom""]","{""title"":""observed"",""brand"":""observed"",""seller_name"":""observed"",""seller_score"":""unavailable"",""price"":""observed"",""original_price"":""unavailable"",""campaigns"":""observed"",""stock_status"":""observed"",""stock_signal"":""observed"",""rating"":""observed"",""rating_count"":""observed"",""review_count"":""unavailable"",""question_count"":""observed"",""delivery_summary"":""observed"",""shipping_cost"":""unavailable"",""properties"":""observed""}",true,
2026-08-17,2026-08-17T10:00:10+03:00,ev-yasam,BEST_SELLER,ev-dekorasyon,ev dekorasyon,97,7,97,97,5,,13.4,16.6,1044394256,904123,mdmetadesign Boyanabilir Ham Mdf Dekoratif Dalga Model Duvar Çıtası,mdmetadesign,Duvar Dekorasyon Ürünü,https://www.trendyol.com/mdmetadesign/boyanabilir-ham-mdf-dekoratif-dalga-model-duvar-citasi-p-1044394256?boutiqueId=61&merchantId=904123,mdmetadesign,96,179.1,,,,TRY,"[""Kargo Bedava"",""Trendyol Plus'a Özel""]",InStock,100 adetten fazla stok sunulmuştur,,,4.7,67,46,,90,,"16,9B kişi favoriledi",,4999,TRY,0,1,1,3,13 saat 53 dakika içinde sipariş verirsen en geç yarın kargoda!,En Çok Satan 5. Ürün,https://cdn.dsmcdn.com/ty1917/prod/QC_ENRICHMENT/20260802/14/af1ca3b8-4a8c-3bbb-acd9-0dda690404ac/1_org_zoom.jpg,"{""Renk"":""Beyaz"",""Materyal"":""Ahşap"",""Tema / Stil"":""Endüstriyel"",""Parça Sayısı"":""Belirtilmemiş"",""Menşei"":""TR""}",20,5,refreshed,"[""daily_top""]",true,2026-08-17T10:00:10+03:00,0,"[""search_result_dom"",""product_detail_jsonld"",""product_detail_dom""]","{""title"":""observed"",""brand"":""observed"",""seller_name"":""observed"",""seller_score"":""observed"",""price"":""observed"",""original_price"":""unavailable"",""campaigns"":""observed"",""stock_status"":""observed"",""stock_signal"":""observed"",""rating"":""observed"",""rating_count"":""observed"",""review_count"":""observed"",""question_count"":""observed"",""delivery_summary"":""observed"",""shipping_cost"":""observed"",""properties"":""observed""}",true,
2026-08-17,2026-08-17T10:00:10+03:00,ev-yasam,BEST_SELLER,ev-dekorasyon,ev dekorasyon,98,7,98,98,,,21.9,8.1,1136471828,1261293,Narelinse Kalın Kumaş Kişiye Özel Büyük Ebat Birinci Kalite Dikişsiz Vintage Kesim İyi Ki Doğdun Doğum Günü Duvar Örtüsü Duvar Panosu,Narelinse,Duvar Örtüsü,https://www.trendyol.com/narelinse/kalin-kumas-kisiye-ozel-buyuk-ebat-birinci-kalite-dikissiz-vintage-kesim-iyi-ki-dogdun-dogum-gunu-duvar-ortusu-duvar-panosu-p-1136471828?boutiqueId=61&merchantId=1261293,Narelinse,92,284.23,,,,TRY,"[""Sepette %2 İndirim"",""Kargo Bedava"",""Trendyol Plus'a Özel""]",InStock,100 adetten fazla stok sunulmuştur,,,4.8,742,548,,431,"1,1B kişinin sepetinde","20,8B kişi favoriledi",Son 24 saatte 683 kişi görüntüledi,4999,TRY,0,2,1,5,Tahmini Teslim:,,https://cdn.dsmcdn.com/ty1924/prod/QC_ENRICHMENT/20260728/23/de86319d-18e0-32bc-bdd3-9e4eb8b4a840/1_org_zoom.jpg,"{""Boyut/Ebat"":""150 x 100"",""Renk"":""Çok Renkli"",""Şekil"":""Dikdörtgen"",""Materyal"":""Belirtilmemiş"",""Tema / Stil"":""Modern"",""Menşei"":""TR""}",20,5,refreshed,"[""daily_top""]",true,2026-08-17T10:00:10+03:00,0,"[""search_result_dom"",""product_detail_jsonld"",""product_detail_dom""]","{""title"":""observed"",""brand"":""observed"",""seller_name"":""observed"",""seller_score"":""observed"",""price"":""observed"",""original_price"":""unavailable"",""campaigns"":""observed"",""stock_status"":""observed"",""stock_signal"":""observed"",""rating"":""observed"",""rating_count"":""observed"",""review_count"":""observed"",""question_count"":""observed"",""delivery_summary"":""observed"",""shipping_cost"":""observed"",""properties"":""observed""}",true,
2026-08-17,2026-08-17T10:00:10+03:00,ev-yasam,BEST_SELLER,ev-dekorasyon,ev dekorasyon,99,7,99,99,,,30.8,0,658377889,240637,Armut Folyo Parlak Beyaz 50x100 Yapışkanlı Folyo Mutfak Dolap Ve Mobilya Kaplama Folyosu,Armut Folyo,,https://www.trendyol.com/armut-folyo/parlak-beyaz-50x100-yapiskanli-folyo-mutfak-dolap-ve-mobilya-kaplama-folyosu-p-658377889?boutiqueId=61&merchantId=240637,Art Aksesuar,81,129,,,,TRY,"[""Kargo Bedava""]",InStock,100 adetten fazla stok sunulmuştur,,,3.9,7000,,,10488,686 kişinin sepetinde,"137,1B kişi favoriledi",Son 24 saatte 541 kişi görüntüledi,,,0,,,,13 saat 53 dakika içinde sipariş verirsen en geç yarın kargoda!,En Çok Favorilenen 1. Ürün,,{},0,,refreshed,"[""daily_top""]",true,2026-08-17T10:00:10+03:00,0,"[""search_result_dom"",""product_detail_jsonld"",""product_detail_dom""]","{""title"":""observed"",""brand"":""observed"",""seller_name"":""observed"",""seller_score"":""observed"",""price"":""observed"",""original_price"":""unavailable"",""campaigns"":""observed"",""stock_status"":""observed"",""stock_signal"":""observed"",""rating"":""observed"",""rating_count"":""observed"",""review_count"":""unavailable"",""question_count"":""observed"",""delivery_summary"":""observed"",""shipping_cost"":""unavailable"",""properties"":""observed""}",true,
2026-08-17,2026-08-17T10:00:10+03:00,ev-yasam,BEST_SELLER,ev-dekorasyon,ev dekorasyon,100,7,100,100,6,,22.1,7.9,665405625,485042,"ENDLESS SHOPPİNG Yeni Modern Tasarım Modem/sigorta Saklama Kutusu, 40cm X 33cm",ENDLESS SHOPPİNG,Duvar Dekorasyon Ürünü,https://www.trendyol.com/endless-shopping/yeni-modern-tasarim-modem-sigorta-saklama-kutusu-40cm-x-33cm-p-665405625?boutiqueId=61&merchantId=485042,BAGAX,88,275.79,,,,TRY,"[""Kargo Bedava""]",InStock,100 adetten fazla stok sunulmuştur,,,4.3,912,571,,272,,"17,9B kişi favoriledi",Son 24 saatte 602 kişi görüntüledi,4999,TRY,0,,1,3,2 saat 53 dakika içinde sipariş verirsen en geç bugün kargoda!,En Çok Satan 6. Ürün,https://cdn.dsmcdn.com/ty1915/prod/QC_ENRICHMENT/20260616/13/847de79c-2e6e-3f91-884e-f6f2507761d3/1_org_zoom.jpg,"{""Renk"":""Beyaz"",""Materyal"":""Ahşap"",""Tema / Stil"":""Modern"",""Parça Sayısı"":""5"",""Menşei"":""TR""}",20,5,refreshed,"[""daily_top""]",true,2026-08-17T10:00:10+03:00,0,"[""search_result_dom"",""product_detail_jsonld"",""product_detail_dom""]","{""title"":""observed"",""brand"":""observed"",""seller_name"":""observed"",""seller_score"":""observed"",""price"":""observed"",""original_price"":""unavailable"",""campaigns"":""observed"",""stock_status"":""observed"",""stock_signal"":""observed"",""rating"":""observed"",""rating_count"":""observed"",""review_count"":""observed"",""question_count"":""observed"",""delivery_summary"":""observed"",""shipping_cost"":""observed"",""properties"":""observed""}",true,
2026-08-17,2026-08-17T10:00:10+03:00,ev-yasam,BEST_SELLER,ev-dekorasyon,ev dekorasyon,101,7,101,101,,,21.8,8.2,903736158,661551,Yapay Çiçek Deposu Yapay Çiçek 3lü Şakayık Ranunculus Dalı 50 cm Somon,Yapay Çiçek Deposu,,https://www.trendyol.com/yapay-cicek-deposu/yapay-cicek-3lu-sakayik-ranunculus-dali-50-cm-somon-p-903736158?boutiqueId=61&merchantId=661551,Çiçekburada,93,199.98,,,,TRY,"[""Kargo Bedava""]",InStock,100 adetten fazla stok sunulmuştur,,,4.8,525,,,23,791 kişinin sepetinde,"41,9B kişi favoriledi",Son 24 saatte 533 kişi görüntüledi,,,0,,,,1 saat 53 dakika içinde sipariş verirsen en geç bugün kargoda!,,,{},0,,refreshed,"[""daily_top""]",true,2026-08-17T10:00:10+03:00,0,"[""search_result_dom"",""product_detail_jsonld"",""product_detail_dom""]","{""title"":""observed"",""brand"":""observed"",""seller_name"":""observed"",""seller_score"":""observed"",""price"":""observed"",""original_price"":""unavailable"",""campaigns"":""observed"",""stock_status"":""observed"",""stock_signal"":""observed"",""rating"":""observed"",""rating_count"":""observed"",""review_count"":""unavailable"",""question_count"":""observed"",""delivery_summary"":""observed"",""shipping_cost"":""unavailable"",""properties"":""observed""}",true,
2026-08-17,2026-08-17T10:00:10+03:00,ev-yasam,BEST_SELLER,ev-dekorasyon,ev dekorasyon,102,7,102,102,7,,16.7,13.3,1046611862,350340,"Wellstil Nuvé | %100 Pamuk Tül Runner, Bohem Düğün Nişan Organizasyon Masa Örtüsü",Wellstil,Masa Örtüsü,https://www.trendyol.com/wellstil/nuve-100-pamuk-tul-runner-bohem-dugun-nisan-organizasyon-masa-ortusu-p-1046611862?boutiqueId=61&merchantId=350340,Wellstil,,194,,,,TRY,"[""Kargo Bedava"",""Trendyol Plus'a Özel""]",InStock,100 adetten fazla stok sunulmuştur,,,4.6,273,120,,32,709 kişinin sepetinde,"20,9B kişi favoriledi",Son 24 saatte 862 kişi görüntüledi,4999,TRY,0,,1,3,53 dakika 17 saniye içinde sipariş verirsen en geç bugün kargoda!,En Çok Satan 7. Ürün,https://cdn.dsmcdn.com/ty1808/prod/QC_ENRICHMENT/20251230/18/4f4159d3-66bd-3775-9306-deb078018e7e/1_org_zoom.jpg,"{""Materyal"":""%100 Pamuk"",""Renk"":""Bej"",""Şekil"":""Dikdörtgen"",""Desen"":""Düz"",""Yıkama Talimatı"":""Type 1"",""Menşei"":""TR""}",20,5,refreshed,"[""daily_top""]",true,2026-08-17T10:00:10+03:00,0,"[""search_result_dom"",""product_detail_jsonld"",""product_detail_dom""]","{""title"":""observed"",""brand"":""observed"",""seller_name"":""observed"",""seller_score"":""unavailable"",""price"":""observed"",""original_price"":""unavailable"",""campaigns"":""observed"",""stock_status"":""observed"",""stock_signal"":""observed"",""rating"":""observed"",""rating_count"":""observed"",""review_count"":""observed"",""question_count"":""observed"",""delivery_summary"":""observed"",""shipping_cost"":""observed"",""properties"":""observed""}",true,
2026-08-17,2026-08-17T10:00:10+03:00,ev-yasam,BEST_SELLER,ev-dekorasyon,ev dekorasyon,103,7,103,103,5,,20.8,10.2,824885539,418314,StickerArt Mat Beyaz Mobilya ve Dolap Kaplama Folyosu 50 CM x 1 METRE,StickerArt,Yapışkanlı Folyo,https://www.trendyol.com/stickerart/mat-beyaz-mobilya-ve-dolap-kaplama-folyosu-50-cm-x-1-metre-p-824885539?boutiqueId=61&merchantId=418314,ucuzagelsin,89,113.75,114.9,1,,TRY,"[""Sepette %1 İndirim"",""Kargo Bedava""]",InStock,100 adetten fazla stok sunulmuştur,,,4,605,301,,806,486 kişinin sepetinde,"25,9B kişi favoriledi",Son 24 saatte 586 kişi görüntüledi,4999,TRY,0,1,1,3,13 saat 53 dakika içinde sipariş verirsen en geç yarın kargoda!,En Çok Satan 5. Ürün,https://cdn.dsmcdn.com/ty1844/prod/QC_ENRICHMENT/20260325/16/9e76bb42-f268-3dce-b9a2-7c7222ab089d/1_org_zoom.jpg,"{""Renk"":""Beyaz"",""Menşei"":""TR""}",20,5,refreshed,"[""daily_top""]",true,2026-08-17T10:00:10+03:00,0,"[""search_result_dom"",""product_detail_jsonld"",""product_detail_dom""]","{""title"":""observed"",""brand"":""observed"",""seller_name"":""observed"",""seller_score"":""observed"",""price"":""observed"",""original_price"":""observed"",""campaigns"":""observed"",""stock_status"":""observed"",""stock_signal"":""observed"",""rating"":""observed"",""rating_count"":""observed"",""review_count"":""observed"",""question_count"":""observed"",""delivery_summary"":""observed"",""shipping_cost"":""observed"",""properties"":""observed""}",true,
2026-08-17,2026-08-17T10:00:10+03:00,ev-yasam,BEST_SELLER,ev-dekorasyon,ev dekorasyon,104,7,104,104,,,16.2,13.8,1040071993,156396,EVİMDM İkili Gold Kelebek Biblo Seti,EVİMDM,,https://www.trendyol.com/evimdm/ikili-gold-kelebek-biblo-seti-p-1040071993?boutiqueId=61&merchantId=156396,Eviniz Güzel,9,145,,,,TRY,"[""Kargo Bedava""]",InStock,100 adetten fazla stok sunulmuştur,,,4.6,105,,,12,988 kişinin sepetinde,"5,2B kişi favoriledi",Son 24 saatte 624 kişi görüntüledi,,,0,,,,53 dakika 13 saniye içinde sipariş verirsen en geç bugün kargoda!,,,{},0,,refreshed,"[""daily_top""]",true,2026-08-17T10:00:10+03:00,0,"[""search_result_dom"",""product_detail_jsonld"",""product_detail_dom""]","{""title"":""observed"",""brand"":""observed"",""seller_name"":""observed"",""seller_score"":""observed"",""price"":""observed"",""original_price"":""unavailable"",""campaigns"":""observed"",""stock_status"":""observed"",""stock_signal"":""observed"",""rating"":""observed"",""rating_count"":""observed"",""review_count"":""unavailable"",""question_count"":""observed"",""delivery_summary"":""observed"",""shipping_cost"":""unavailable"",""properties"":""observed""}",true,
2026-08-17,2026-08-17T10:00:10+03:00,ev-yasam,BEST_SELLER,ev-dekorasyon,ev dekorasyon,105,7,105,105,5,,13.4,16.6,1074524955,807618,NARİBA Dekoratif kitap kutusu 2 li set,NARİBA,Dekoratif Kutu,https://www.trendyol.com/nariba/dekoratif-kitap-kutusu-2-li-set-p-1074524955?boutiqueId=61&merchantId=807618,NARİBA,,280.72,,,,TRY,"[""Kargo Bedava""]",InStock,100 adetten fazla stok sunulmuştur,,,4.9,82,47,,2,593 kişinin sepetinde,"5,4B kişi favoriledi",Son 24 saatte 779 kişi görüntüledi,4999,TRY,0,,1,3,2 saat 53 dakika içinde sipariş verirsen en geç bugün kargoda!,En Çok Satan 5. Ürün,https://cdn.dsmcdn.com/ty1935/prod/QC_ENRICHMENT/20260715/15/4bb3cd28-6cee-3624-b0c6-5f4f9736e528/1_org_zoom.jpg,"{""Renk"":""Bej"",""Boyut/Ebat"":""27 cm"",""Parça Sayısı"":""2"",""Materyal"":""Mukavva"",""Menşei"":""TR""}",20,5,refreshed,"[""daily_top""]",true,2026-08-17T10:00:10+03:00,0,"[""search_result_dom"",""product_detail_jsonld"",""product_detail_dom""]","{""title"":""observed"",""brand"":""observed"",""seller_name"":""observed"",""seller_score"":""unavailable"",""price"":""observed"",""original_price"":""unavailable"",""campaigns"":""observed"",""stock_status"":""observed"",""stock_signal"":""observed"",""rating"":""observed"",""rating_count"":""observed"",""review_count"":""observed"",""question_count"":""observed"",""delivery_summary"":""observed"",""shipping_cost"":""observed"",""properties"":""observed""}",true,
2026-08-17,2026-08-17T10:00:10+03:00,ev-yasam,BEST_SELLER,ev-dekorasyon,ev dekorasyon,106,7,106,106,1,,40,15,1016931664,1144123,Flying Tiger Copenhagen Gold Çerçeve 20 x 30 cm,Flying Tiger Copenhagen,Çerçeve,https://www.trendyol.com/flying-tiger-copenhagen/gold-cerceve-20-x-30-cm-p-1016931664?boutiqueId=61&merchantId=1144123,Flying Tiger Copenhagen,,247.5,330,25,,TRY,"[""Sepette %25 İndirim"",""Kargo Bedava""]",InStock,10 adetten fazla stok sunulmuştur,,,4.7,154,75,,32,433 kişinin sepetinde,"23,6B kişi favoriledi",Son 24 saatte 709 kişi görüntüledi,4999,TRY,0,2,1,5,Tahmini Teslim:,En Çok Satan 1. Ürün,https://cdn.dsmcdn.com/ty1767/prod/QC_PREP/20251008/11/ebcad5c8-2c51-3e6d-a152-f5ef8e4af92e/1_org_zoom.jpg,"{""Materyal"":""Plastik"",""Renk"":""Altın"",""Boyut/Ebat"":""20 x 30"",""Parça Sayısı"":""1"",""Menşei"":""CN""}",20,5,refreshed,"[""daily_top""]",true,2026-08-17T10:00:10+03:00,0,"[""search_result_dom"",""product_detail_jsonld"",""product_detail_dom""]","{""title"":""observed"",""brand"":""observed"",""seller_name"":""observed"",""seller_score"":""unavailable"",""price"":""observed"",""original_price"":""observed"",""campaigns"":""observed"",""stock_status"":""observed"",""stock_signal"":""observed"",""rating"":""observed"",""rating_count"":""observed"",""review_count"":""observed"",""question_count"":""observed"",""delivery_summary"":""observed"",""shipping_cost"":""observed"",""properties"":""observed""}",true,
2026-08-17,2026-08-17T10:00:10+03:00,ev-yasam,BEST_SELLER,ev-dekorasyon,ev dekorasyon,107,7,107,107,,,24,6,1020114534,745685,DNZ DEKOR Antik Yunan Stili 2'li Heykel Mum,DNZ DEKOR,Mum ve Kandil,https://www.trendyol.com/dnz-dekor/antik-yunan-stili-2-li-heykel-mum-p-1020114534?boutiqueId=61&merchantId=745685,DNZ DEKOR,,179.99,,,,TRY,"[""Kargo Bedava""]",InStock,100 adetten fazla stok sunulmuştur,,,4.1,1617,992,,114,"1,6B kişinin sepetinde","140,7B kişi favoriledi","Son 24 saatte 1,4B kişi görüntüledi",4999,TRY,0,1,1,3,13 saat 53 dakika içinde sipariş verirsen en geç yarın kargoda!,En Çok Ziyaret Edilen 4. Ürün,https://cdn.dsmcdn.com/ty1772/prod/QC_PREP/20251010/22/e7e4a169-0233-3344-a123-def5ff4d0cd9/1_org_zoom.jpg,"{""Renk"":""Beyaz"",""Özellik"":""Kokusuz"",""Boyut/Ebat"":""2 X 3"",""Parça Sayısı"":""2"",""Koku Aroması"":""Kokusuz"",""Menşei"":""TR""}",20,5,refreshed,"[""daily_top""]",true,2026-08-17T10:00:10+03:00,0,"[""search_result_dom"",""product_detail_jsonld"",""product_detail_dom""]","{""title"":""observed"",""brand"":""observed"",""seller_name"":""observed"",""seller_score"":""unavailable"",""price"":""observed"",""original_price"":""unavailable"",""campaigns"":""observed"",""stock_status"":""observed"",""stock_signal"":""observed"",""rating"":""observed"",""rating_count"":""observed"",""review_count"":""observed"",""question_count"":""observed"",""delivery_summary"":""observed"",""shipping_cost"":""observed"",""properties"":""observed""}",true,
2026-08-17,2026-08-17T10:00:10+03:00,ev-yasam,BEST_SELLER,ev-dekorasyon,ev dekorasyon,108,7,108,108,,,21.2,8.8,104561123,559397,Genel Markalar Yapay Kırmızı Gül Yaprağı 5x5cm 96 Adet - Yapay Gül Yaprak,Genel Markalar,Yapay Çiçek,https://www.trendyol.com/genel-markalar/yapay-kirmizi-gul-yapragi-5x5cm-96-adet-yapay-gul-yaprak-p-104561123?boutiqueId=61&merchantId=559397,Chance Gift,91,48.43,,,,TRY,"[""129,99 TL Kupon"",""Kargo Bedava"",""Son 10 Günün En Düşük Fiyatı"",""Trendyol Plus'a Özel""]",InStock,100 adetten fazla stok sunulmuştur,,,4.3,880,449,,128,,"11,8B kişi favoriledi",,4999,TRY,0,1,1,3,13 saat 53 dakika içinde sipariş verirsen en geç yarın kargoda!,,https://cdn.dsmcdn.com/ty1572/prod/QC/20240929/10/6f062194-8286-3e23-8268-7136400573fc/1_org_zoom.jpg,"{""Renk"":""Kırmızı"",""Yükseklik"":""0 - 10 cm"",""Çiçek Türü"":""Saksı"",""Menşei"":""CN""}",20,5,refreshed,"[""daily_top""]",true,2026-08-17T10:00:10+03:00,0,"[""search_result_dom"",""product_detail_jsonld"",""product_detail_dom""]","{""title"":""observed"",""brand"":""observed"",""seller_name"":""observed"",""seller_score"":""observed"",""price"":""observed"",""original_price"":""unavailable"",""campaigns"":""observed"",""stock_status"":""observed"",""stock_signal"":""observed"",""rating"":""observed"",""rating_count"":""observed"",""review_count"":""observed"",""question_count"":""observed"",""delivery_summary"":""observed"",""shipping_cost"":""observed"",""properties"":""observed""}",true,
2026-08-17,2026-08-17T10:00:10+03:00,ev-yasam,BEST_SELLER,ev-dekorasyon,ev dekorasyon,109,7,109,109,3,,38.4,11.7,760214463,689343,"MetaQuartz Aksesuar Kardelen Gold KRİSTAL SERİ (30X55CM) ,pilli Led ,modern Dekoratif Metal Duvar Saati",MetaQuartz Aksesuar,,https://www.trendyol.com/metaquartz-aksesuar/kardelen-gold-kristal-seri-30x55cm-pilli-led-modern-dekoratif-metal-duvar-saati-p-760214463?boutiqueId=61&merchantId=689343,MetaQuartz Aksesuar,,595,745,20.1,,TRY,"[""Kargo Bedava"",""Süper Fırsat Ürünü""]",InStock,100 adetten fazla stok sunulmuştur,,,4.4,191,,,34,1B kişinin sepetinde,"11,7B kişi favoriledi","Son 24 saatte 1,1B kişi görüntüledi",,,0,,,,13 saat 53 dakika içinde sipariş verirsen en geç yarın kargoda!,En Çok Satan 3. Ürün,,{},0,,refreshed,"[""daily_top""]",true,2026-08-17T10:00:10+03:00,0,"[""search_result_dom"",""product_detail_jsonld"",""product_detail_dom""]","{""title"":""observed"",""brand"":""observed"",""seller_name"":""observed"",""seller_score"":""unavailable"",""price"":""observed"",""original_price"":""observed"",""campaigns"":""observed"",""stock_status"":""observed"",""stock_signal"":""observed"",""rating"":""observed"",""rating_count"":""observed"",""review_count"":""unavailable"",""question_count"":""observed"",""delivery_summary"":""observed"",""shipping_cost"":""unavailable"",""properties"":""observed""}",true,
2026-08-17,2026-08-17T10:00:10+03:00,ev-yasam,BEST_SELLER,ev-dekorasyon,ev dekorasyon,110,7,110,110,10,,25.1,4.9,948810012,801138,"Kitchen Vogue Runner Bohem Masa Örtüsü %100 Pamuk Dekoratif | Düğün, Parti, Söz, Nişan Dekorasyonu Sofra Süslemesi",Kitchen Vogue,,https://www.trendyol.com/kitchen-vogue/runner-bohem-masa-ortusu-100-pamuk-dekoratif-dugun-parti-soz-nisan-dekorasyonu-sofra-suslemesi-p-948810012?boutiqueId=61&merchantId=801138,Kitchen Vogue,,298.57,,,,TRY,"[""Sepette %1 İndirim"",""Kargo Bedava"",""Trendyol Plus'a Özel""]",InStock,100 adetten fazla stok sunulmuştur,,,4.6,1371,,,175,976 kişinin sepetinde,"100,5B kişi favoriledi",Son 24 saatte 702 kişi görüntüledi,,,0,,,,3 saat 53 dakika içinde sipariş verirsen en geç bugün kargoda!,En Çok Satan 10. Ürün,,{},0,,refreshed,"[""daily_top""]",true,2026-08-17T10:00:10+03:00,0,"[""search_result_dom"",""product_detail_jsonld"",""product_detail_dom""]","{""title"":""observed"",""brand"":""observed"",""seller_name"":""observed"",""seller_score"":""unavailable"",""price"":""observed"",""original_price"":""unavailable"",""campaigns"":""observed"",""stock_status"":""observed"",""stock_signal"":""observed"",""rating"":""observed"",""rating_count"":""observed"",""review_count"":""unavailable"",""question_count"":""observed"",""delivery_summary"":""observed"",""shipping_cost"":""unavailable"",""properties"":""observed""}",true,
2026-08-17,2026-08-17T10:00:10+03:00,ev-yasam,BEST_SELLER,ev-dekorasyon,ev dekorasyon,111,7,111,111,,,16.9,13.1,1133755942,1177363,"Pluvia Home 2’li Cam Yağlık Seti 350 ml–Zeytinyağı & Sirke Şişesi – Akıtmaz Kapaklı, Modern ve Şık(2 adet 350ml)",Pluvia Home,,https://www.trendyol.com/pluvia-home/2-li-cam-yaglik-seti-350-ml-zeytinyagi-sirke-sisesi-akitmaz-kapakli-modern-ve-sik-2-adet-350ml-p-1133755942?boutiqueId=61&merchantId=1177363,PluviaHome,93,329,,,,TRY,"[""Kargo Bedava""]",InStock,100 adetten fazla stok sunulmuştur,,,4.7,127,,,29,"1,1B kişinin sepetinde",19B kişi favoriledi,"Son 24 saatte 1,7B kişi görüntüledi",,,0,,,,13 saat 53 dakika içinde sipariş verirsen en geç yarın kargoda!,En Çok Ziyaret Edilen 3. Ürün,,{},0,,refreshed,"[""daily_top""]",true,2026-08-17T10:00:10+03:00,0,"[""search_result_dom"",""product_detail_jsonld"",""product_detail_dom""]","{""title"":""observed"",""brand"":""observed"",""seller_name"":""observed"",""seller_score"":""observed"",""price"":""observed"",""original_price"":""unavailable"",""campaigns"":""observed"",""stock_status"":""observed"",""stock_signal"":""observed"",""rating"":""observed"",""rating_count"":""observed"",""review_count"":""unavailable"",""question_count"":""observed"",""delivery_summary"":""observed"",""shipping_cost"":""unavailable"",""properties"":""observed""}",true,
2026-08-17,2026-08-17T10:00:10+03:00,ev-yasam,BEST_SELLER,ev-dekorasyon,ev dekorasyon,112,7,112,112,,,8.6,21.4,1173610311,623574,betonmall 3'lü Beton Dekoratif Obje Biblo Seti El Yapımı Mermer Desenli - Anne Baba Çocuk Soyut Aile Figürü Ev Dekorasyon Aksesuarı,betonmall,,https://www.trendyol.com/betonmall/3-lu-beton-dekoratif-obje-biblo-seti-el-yapimi-mermer-desenli-anne-baba-cocuk-soyut-aile-figuru-ev-dekorasyon-aksesuari-p-1173610311?boutiqueId=61&merchantId=623574,BETONMALL,88,199.9,,,,TRY,"[""Kargo Bedava"",""Trendyol Plus'a Özel""]",InStock,100 adetten fazla stok sunulmuştur,,,4.3,11,,,4,544 kişinin sepetinde,"3,6B kişi favoriledi","Son 24 saatte 2,5B kişi görüntüledi",,,0,,,,13 saat 53 dakika içinde sipariş verirsen en geç yarın kargoda!,En Çok Ziyaret Edilen 4. Ürün,,{},0,,refreshed,"[""daily_top""]",true,2026-08-17T10:00:10+03:00,0,"[""search_result_dom"",""product_detail_jsonld"",""product_detail_dom""]","{""title"":""observed"",""brand"":""observed"",""seller_name"":""observed"",""seller_score"":""observed"",""price"":""observed"",""original_price"":""unavailable"",""campaigns"":""observed"",""stock_status"":""observed"",""stock_signal"":""observed"",""rating"":""observed"",""rating_count"":""observed"",""review_count"":""unavailable"",""question_count"":""observed"",""delivery_summary"":""observed"",""shipping_cost"":""unavailable"",""properties"":""observed""}",true,
2026-08-17,2026-08-17T10:00:10+03:00,ev-yasam,BEST_SELLER,ev-dekorasyon,ev dekorasyon,113,7,113,113,,,22.3,7.7,903736140,661551,Yapay Çiçek Deposu Yapay Çiçek 3lü Şakayık Ranunculus Dalı 50 cm Beyaz,Yapay Çiçek Deposu,,https://www.trendyol.com/yapay-cicek-deposu/yapay-cicek-3lu-sakayik-ranunculus-dali-50-cm-beyaz-p-903736140?boutiqueId=61&merchantId=661551,Çiçekburada,93,199.98,,,,TRY,"[""Kargo Bedava""]",InStock,100 adetten fazla stok sunulmuştur,,,4.7,619,,,39,758 kişinin sepetinde,"36,5B kişi favoriledi",Son 24 saatte 380 kişi görüntüledi,,,0,,,,1 saat 53 dakika içinde sipariş verirsen en geç bugün kargoda!,,,{},0,,refreshed,"[""daily_top""]",true,2026-08-17T10:00:10+03:00,0,"[""search_result_dom"",""product_detail_jsonld"",""product_detail_dom""]","{""title"":""observed"",""brand"":""observed"",""seller_name"":""observed"",""seller_score"":""observed"",""price"":""observed"",""original_price"":""unavailable"",""campaigns"":""observed"",""stock_status"":""observed"",""stock_signal"":""observed"",""rating"":""observed"",""rating_count"":""observed"",""review_count"":""unavailable"",""question_count"":""observed"",""delivery_summary"":""observed"",""shipping_cost"":""unavailable"",""properties"":""observed""}",true,
2026-08-17,2026-08-17T10:00:10+03:00,ev-yasam,BEST_SELLER,ev-dekorasyon,ev dekorasyon,114,7,114,114,2,,26.7,3.3,867211774,901571,lefty Geniş Iskandinav Mantar Sehpa 3 Lü Zigon Sehpa Takımı Yan Orta Sehpa Traverten Mermer Desen Sehpa,lefty,,https://www.trendyol.com/lefty/genis-iskandinav-mantar-sehpa-3-lu-zigon-sehpa-takimi-yan-orta-sehpa-traverten-mermer-desen-sehpa-p-867211774?boutiqueId=61&merchantId=901571,lefty,87,961,,,,TRY,"[""Kargo Bedava""]",InStock,100 adetten fazla stok sunulmuştur,,,4.4,2180,,,357,"1,3B kişinin sepetinde",150B kişi favoriledi,"Son 24 saatte 1,7B kişi görüntüledi",,,0,,,,Tahmini Teslim:,En Çok Satan 2. Ürün,,{},0,,refreshed,"[""daily_top""]",true,2026-08-17T10:00:10+03:00,0,"[""search_result_dom"",""product_detail_jsonld"",""product_detail_dom""]","{""title"":""observed"",""brand"":""observed"",""seller_name"":""observed"",""seller_score"":""observed"",""price"":""observed"",""original_price"":""unavailable"",""campaigns"":""observed"",""stock_status"":""observed"",""stock_signal"":""observed"",""rating"":""observed"",""rating_count"":""observed"",""review_count"":""unavailable"",""question_count"":""observed"",""delivery_summary"":""observed"",""shipping_cost"":""unavailable"",""properties"":""observed""}",true,
2026-08-17,2026-08-17T10:00:10+03:00,ev-yasam,BEST_SELLER,ev-dekorasyon,ev dekorasyon,115,7,115,115,10,,19.3,10.7,791326486,248990,hediyeofisi 3lü Sedef Inci Renkli Şamdan Mumu,hediyeofisi,Mum ve Kandil,https://www.trendyol.com/hediyeofisi/3lu-sedef-inci-renkli-samdan-mumu-p-791326486?boutiqueId=61&merchantId=248990,Hediye Ofisi,89,174.68,,,,TRY,"[""Sepette %1 İndirim"",""Kargo Bedava"",""Trendyol Plus'a Özel""]",InStock,100 adetten fazla stok sunulmuştur,,,4.5,440,260,,30,934 kişinin sepetinde,"17,8B kişi favoriledi",Son 24 saatte 442 kişi görüntüledi,4999,TRY,0,,1,3,52 dakika 55 saniye içinde sipariş verirsen en geç bugün kargoda!,En Çok Satan 10. Ürün,https://cdn.dsmcdn.com/ty1671/prod/QC/20250502/16/d7447796-6466-3397-a0de-d19d333b44cd/1_org_zoom.jpg,"{""Renk"":""Beyaz"",""Özellik"":""Kokusuz"",""Parça Sayısı"":""3"",""Koku Aroması"":""Kokusuz"",""Menşei"":""TR""}",20,5,refreshed,"[""daily_top""]",true,2026-08-17T10:00:10+03:00,0,"[""search_result_dom"",""product_detail_jsonld"",""product_detail_dom""]","{""title"":""observed"",""brand"":""observed"",""seller_name"":""observed"",""seller_score"":""observed"",""price"":""observed"",""original_price"":""unavailable"",""campaigns"":""observed"",""stock_status"":""observed"",""stock_signal"":""observed"",""rating"":""observed"",""rating_count"":""observed"",""review_count"":""observed"",""question_count"":""observed"",""delivery_summary"":""observed"",""shipping_cost"":""observed"",""properties"":""observed""}",true,
2026-08-17,2026-08-17T10:00:10+03:00,ev-yasam,BEST_SELLER,ev-dekorasyon,ev dekorasyon,116,7,116,116,,,12,18,1168653857,529219,H&E LUXURY DESIGN 16 Dallı Yeşil Okaliptus Demeti 50 Cm,H&E LUXURY DESIGN 16,,https://www.trendyol.com/h-e-luxury-design/16-dalli-yesil-okaliptus-demeti-50-cm-p-1168653857?boutiqueId=61&merchantId=529219,H&E Design,9,199.86,,,,TRY,"[""Kargo Bedava""]",InStock,100 adetten fazla stok sunulmuştur,,,4.5,31,,,5,1B kişinin sepetinde,"3,5B kişi favoriledi",Son 24 saatte 921 kişi görüntüledi,,,0,,,,1 saat 52 dakika içinde sipariş verirsen en geç bugün kargoda!,,,{},0,,refreshed,"[""daily_top""]",true,2026-08-17T10:00:10+03:00,0,"[""search_result_dom"",""product_detail_jsonld"",""product_detail_dom""]","{""title"":""observed"",""brand"":""observed"",""seller_name"":""observed"",""seller_score"":""observed"",""price"":""observed"",""original_price"":""unavailable"",""campaigns"":""observed"",""stock_status"":""observed"",""stock_signal"":""observed"",""rating"":""observed"",""rating_count"":""observed"",""review_count"":""unavailable"",""question_count"":""observed"",""delivery_summary"":""observed"",""shipping_cost"":""unavailable"",""properties"":""observed""}",true,
2026-08-17,2026-08-17T10:00:10+03:00,ev-yasam,BEST_SELLER,ev-dekorasyon,ev dekorasyon,117,7,117,117,,,21.1,8.9,158104216,858830,Genel Markalar Cüzdan Boy Işlenmemiş Ham Doğal Sitrin Taşı ( Bolluk Ve Bereket Taşı ) - Klckt0088,Genel Markalar,Dekoratif Obje Biblo,https://www.trendyol.com/genel-markalar/cuzdan-boy-islenmemis-ham-dogal-sitrin-tasi-bolluk-ve-bereket-tasi-klckt0088-p-158104216?boutiqueId=61&merchantId=858830,ZODYAK DOĞAL TAŞ,91,16.15,,,,TRY,"[""Kargo Bedava""]",InStock,100 adetten fazla stok sunulmuştur,,,4.6,814,432,,76,,"6,7B kişi favoriledi",,4999,TRY,0,1,1,3,13 saat 52 dakika içinde sipariş verirsen en geç yarın kargoda!,,https://cdn.dsmcdn.com/ty1701/prod/QC_ENRICHMENT/20250702/18/b7142b16-692b-3dc2-b5c8-d08f2270d733/1_org_zoom.jpg,"{""Materyal"":""Belirtilmemiş"",""Renk"":""Çok Renkli"",""Parça Sayısı"":""Belirtilmemiş"",""Tema / Stil"":""Belirtilmemiş"",""Menşei"":""TR""}",20,5,refreshed,"[""daily_top""]",true,2026-08-17T10:00:10+03:00,0,"[""search_result_dom"",""product_detail_jsonld"",""product_detail_dom""]","{""title"":""observed"",""brand"":""observed"",""seller_name"":""observed"",""seller_score"":""observed"",""price"":""observed"",""original_price"":""unavailable"",""campaigns"":""observed"",""stock_status"":""observed"",""stock_signal"":""observed"",""rating"":""observed"",""rating_count"":""observed"",""review_count"":""observed"",""question_count"":""observed"",""delivery_summary"":""observed"",""shipping_cost"":""observed"",""properties"":""observed""}",true,
2026-08-17,2026-08-17T10:00:10+03:00,ev-yasam,BEST_SELLER,ev-dekorasyon,ev dekorasyon,118,7,118,118,,,12.9,17.1,1165865467,693767,Benlisso Home Limon Çiçeği Desenli Runner 40x140 Leke Tutmaz,Benlisso Home,,https://www.trendyol.com/benlisso-home/limon-cicegi-desenli-runner-40x140-leke-tutmaz-p-1165865467?boutiqueId=61&merchantId=693767,Benlisso Home,,195.92,,,,TRY,"[""Kargo Bedava"",""Trendyol Plus'a Özel""]",InStock,100 adetten fazla stok sunulmuştur,,,4.8,40,,,4,744 kişinin sepetinde,"4,2B kişi favoriledi",Son 24 saatte 701 kişi görüntüledi,,,0,,,,13 saat 52 dakika içinde sipariş verirsen en geç yarın kargoda!,,,{},0,,refreshed,"[""daily_top""]",true,2026-08-17T10:00:10+03:00,0,"[""search_result_dom"",""product_detail_jsonld"",""product_detail_dom""]","{""title"":""observed"",""brand"":""observed"",""seller_name"":""observed"",""seller_score"":""unavailable"",""price"":""observed"",""original_price"":""unavailable"",""campaigns"":""observed"",""stock_status"":""observed"",""stock_signal"":""observed"",""rating"":""observed"",""rating_count"":""observed"",""review_count"":""unavailable"",""question_count"":""observed"",""delivery_summary"":""observed"",""shipping_cost"":""unavailable"",""properties"":""observed""}",true,
2026-08-17,2026-08-17T10:00:10+03:00,ev-yasam,BEST_SELLER,ev-dekorasyon,ev dekorasyon,119,7,119,119,3,,11,19,808840047,874484,Gamy Crafts Magnet - Buzdolabı Magneti - Buzdolabı Süsü - 5’li Kalpli Magnet - Sevgililer Günü Hediyesi,Gamy Crafts,,https://www.trendyol.com/gamy-crafts/magnet-buzdolabi-magneti-buzdolabi-susu-5-li-kalpli-magnet-sevgililer-gunu-hediyesi-p-808840047?boutiqueId=61&merchantId=874484,ALYA MELEK BEAUTY DIŞ TİC.GIDA TURZ.İNŞ.,91,12.91,,,,TRY,"[""Kargo Bedava""]",InStock,10 adetten fazla stok sunulmuştur,,,4.7,23,,,2,,848 kişi favoriledi,,,,0,,,,13 saat 52 dakika içinde sipariş verirsen en geç yarın kargoda!,En Çok Satan 3. Ürün,,{},0,,refreshed,"[""daily_top""]",true,2026-08-17T10:00:10+03:00,0,"[""search_result_dom"",""product_detail_jsonld"",""product_detail_dom""]","{""title"":""observed"",""brand"":""observed"",""seller_name"":""observed"",""seller_score"":""observed"",""price"":""observed"",""original_price"":""unavailable"",""campaigns"":""observed"",""stock_status"":""observed"",""stock_signal"":""observed"",""rating"":""observed"",""rating_count"":""observed"",""review_count"":""unavailable"",""question_count"":""observed"",""delivery_summary"":""observed"",""shipping_cost"":""unavailable"",""properties"":""observed""}",true,
2026-08-17,2026-08-17T10:00:10+03:00,ev-yasam,BEST_SELLER,ev-dekorasyon,ev dekorasyon,120,7,120,120,,,24.8,5.2,50446243,165535,EFFE YAPI DEKOR Beyaz Metal Çerçeveli Ayaklı Oval Boy Aynası 180x60 Cm,EFFE YAPI DEKOR,Ayna,https://www.trendyol.com/effe-yapi-dekor/beyaz-metal-cerceveli-ayakli-oval-boy-aynasi-180x60-cm-p-50446243?boutiqueId=61&merchantId=165535,Effe Yapi Dekor,85,1590,,,,TRY,"[""Kargo Bedava"",""Peşin Fiyatına 3 Taksit""]",InStock,100 adetten fazla stok sunulmuştur,,,4.7,2347,1244,,212,"1,7B kişinin sepetinde","79,3B kişi favoriledi","Son 24 saatte 1,2B kişi görüntüledi",4999,TRY,0,11,1,15,Tahmini Teslim:,Fenomen Seçimi,https://cdn.dsmcdn.com/ty1344/product/media/images/prod/QC/20240603/10/f1ce37f8-5960-3a00-a787-706cbf72842c/1_org_zoom.jpg,"{""Materyal"":""Metal"",""Renk"":""Beyaz"",""Şekil"":""Oval"",""Çeşit"":""Ayaklı Boy Aynası"",""Menşei"":""TR"",""Özellik"":""Ayaklı""}",20,5,refreshed,"[""daily_top""]",true,2026-08-17T10:00:10+03:00,0,"[""search_result_dom"",""product_detail_jsonld"",""product_detail_dom""]","{""title"":""observed"",""brand"":""observed"",""seller_name"":""observed"",""seller_score"":""observed"",""price"":""observed"",""original_price"":""unavailable"",""campaigns"":""observed"",""stock_status"":""observed"",""stock_signal"":""observed"",""rating"":""observed"",""rating_count"":""observed"",""review_count"":""observed"",""question_count"":""observed"",""delivery_summary"":""observed"",""shipping_cost"":""observed"",""properties"":""observed""}",true,
2026-08-17,2026-08-17T10:00:10+03:00,ev-yasam,BEST_SELLER,ev-dekorasyon,ev dekorasyon,121,7,121,121,,,21.8,8.2,53770918,110763,AUTOFOLYO Siyah Karbon Fiber Folyo 40 Cm X 2 Metre Kaplama Folyosu,AUTOFOLYO,Yapışkanlı Folyo,https://www.trendyol.com/autofolyo/siyah-karbon-fiber-folyo-40-cm-x-2-metre-kaplama-folyosu-p-53770918?boutiqueId=61&merchantId=110763,MilimGrup Reklam,93,191.51,,,,TRY,"[""Kargo Bedava""]",InStock,100 adetten fazla stok sunulmuştur,,,4.4,1132,527,,622,926 kişinin sepetinde,"15,9B kişi favoriledi",,4999,TRY,0,1,1,3,13 saat 52 dakika içinde sipariş verirsen en geç yarın kargoda!,,https://cdn.dsmcdn.com/ty1785/prod/QC_ENRICHMENT/20251106/14/a6a85990-7e3c-3c50-acbf-50727ca06aa8/1_org_zoom.jpg,"{""Renk"":""Siyah"",""Menşei"":""CN""}",20,5,refreshed,"[""daily_top""]",true,2026-08-17T10:00:10+03:00,0,"[""search_result_dom"",""product_detail_jsonld"",""product_detail_dom""]","{""title"":""observed"",""brand"":""observed"",""seller_name"":""observed"",""seller_score"":""observed"",""price"":""observed"",""original_price"":""unavailable"",""campaigns"":""observed"",""stock_status"":""observed"",""stock_signal"":""observed"",""rating"":""observed"",""rating_count"":""observed"",""review_count"":""observed"",""question_count"":""observed"",""delivery_summary"":""observed"",""shipping_cost"":""observed"",""properties"":""observed""}",true,
2026-08-17,2026-08-17T10:00:10+03:00,ev-yasam,BEST_SELLER,ev-dekorasyon,ev dekorasyon,122,7,122,122,,,15.4,14.6,850130221,1173915,"Şişe Deposu 1 Adet Kedi Şeklinde Kapı Stopper, Kapı Durdurucu, Kedili Kapı Altı Durdurucu",Şişe Deposu,Dekoratif Obje Biblo,https://www.trendyol.com/sise-deposu/1-adet-kedi-seklinde-kapi-stopper-kapi-durdurucu-kedili-kapi-alti-durdurucu-p-850130221?boutiqueId=61&merchantId=1173915,OXEROM,84,47.99,,,,TRY,"[""Kargo Bedava"",""Trendyol Plus'a Özel""]",InStock,100 adetten fazla stok sunulmuştur,,,3.5,140,82,,47,,"8,3B kişi favoriledi",,4999,TRY,0,1,1,3,13 saat 52 dakika içinde sipariş verirsen en geç yarın kargoda!,,https://cdn.dsmcdn.com/ty1552/product/media/images/ty1552/prod/QC/20240917/11/af93e43b-1363-3602-b767-6f2e1ef31493/1_org_zoom.jpg,"{""Materyal"":""Plastik"",""Renk"":""Beyaz"",""Parça Sayısı"":""1"",""Tema / Stil"":""Doğa"",""Menşei"":""TR""}",20,5,refreshed,"[""daily_top""]",true,2026-08-17T10:00:10+03:00,0,"[""search_result_dom"",""product_detail_jsonld"",""product_detail_dom""]","{""title"":""observed"",""brand"":""observed"",""seller_name"":""observed"",""seller_score"":""observed"",""price"":""observed"",""original_price"":""unavailable"",""campaigns"":""observed"",""stock_status"":""observed"",""stock_signal"":""observed"",""rating"":""observed"",""rating_count"":""observed"",""review_count"":""observed"",""question_count"":""observed"",""delivery_summary"":""observed"",""shipping_cost"":""observed"",""properties"":""observed""}",true,
2026-08-17,2026-08-17T10:00:10+03:00,ev-yasam,BEST_SELLER,ev-dekorasyon,ev dekorasyon,123,7,123,123,,,22.4,7.6,993256328,705640,sümercam SÜMERCAM OVAL 4'LÜ AYNA DEKOR BOY AYNASI,sümercam,Ayna,https://www.trendyol.com/sumercam/sumercam-oval-4-lu-ayna-dekor-boy-aynasi-p-993256328?boutiqueId=61&merchantId=705640,SÜMERCAM,,372,,,,TRY,"[""Kargo Bedava""]",InStock,100 adetten fazla stok sunulmuştur,,,4.7,1105,635,,146,659 kişinin sepetinde,"34,6B kişi favoriledi",Son 24 saatte 656 kişi görüntüledi,4999,TRY,0,1,1,3,13 saat 52 dakika içinde sipariş verirsen en geç yarın kargoda!,,https://cdn.dsmcdn.com/ty1915/prod/QC_ENRICHMENT/20260618/13/0869b67c-c057-3f49-a6f4-8d0d8049cd22/1_org_zoom.jpg,"{""Materyal"":""Cam"",""Renk"":""Gümüş"",""Şekil"":""Oval"",""Çeşit"":""Duvar Aynası"",""Menşei"":""TR""}",20,5,refreshed,"[""daily_top""]",true,2026-08-17T10:00:10+03:00,0,"[""search_result_dom"",""product_detail_jsonld"",""product_detail_dom""]","{""title"":""observed"",""brand"":""observed"",""seller_name"":""observed"",""seller_score"":""unavailable"",""price"":""observed"",""original_price"":""unavailable"",""campaigns"":""observed"",""stock_status"":""observed"",""stock_signal"":""observed"",""rating"":""observed"",""rating_count"":""observed"",""review_count"":""observed"",""question_count"":""observed"",""delivery_summary"":""observed"",""shipping_cost"":""observed"",""properties"":""observed""}",true,
2026-08-17,2026-08-17T10:00:10+03:00,ev-yasam,BEST_SELLER,ev-dekorasyon,ev dekorasyon,124,7,124,124,,,25.3,4.7,748141860,661551,Yapay Çiçek Deposu Yapay Çiçek 4lü Gelincik Dalı 60 cm Açık Mavi,Yapay Çiçek Deposu,,https://www.trendyol.com/yapay-cicek-deposu/yapay-cicek-4lu-gelincik-dali-60-cm-acik-mavi-p-748141860?boutiqueId=61&merchantId=661551,Çiçekburada,93,149.98,,,,TRY,"[""Kargo Bedava""]",InStock,100 adetten fazla stok sunulmuştur,,,4.7,1436,,,94,1B kişinin sepetinde,"60,3B kişi favoriledi",,,,0,,,,1 saat 52 dakika içinde sipariş verirsen en geç bugün kargoda!,,,{},0,,refreshed,"[""daily_top""]",true,2026-08-17T10:00:10+03:00,0,"[""search_result_dom"",""product_detail_jsonld"",""product_detail_dom""]","{""title"":""observed"",""brand"":""observed"",""seller_name"":""observed"",""seller_score"":""observed"",""price"":""observed"",""original_price"":""unavailable"",""campaigns"":""observed"",""stock_status"":""observed"",""stock_signal"":""observed"",""rating"":""observed"",""rating_count"":""observed"",""review_count"":""unavailable"",""question_count"":""observed"",""delivery_summary"":""observed"",""shipping_cost"":""unavailable"",""properties"":""observed""}",true,
2026-08-17,2026-08-17T10:00:10+03:00,ev-yasam,BEST_SELLER,ev-dekorasyon,ev dekorasyon,125,7,125,125,,,28.3,1.7,748139905,661551,Yapay Çiçek Deposu Yapay Çiçek 4lü Gelincik Dalı 60 cm Beyaz,Yapay Çiçek Deposu,,https://www.trendyol.com/yapay-cicek-deposu/yapay-cicek-4lu-gelincik-dali-60-cm-beyaz-p-748139905?boutiqueId=61&merchantId=661551,Çiçekburada,93,149.98,,,,TRY,"[""Kargo Bedava""]",InStock,100 adetten fazla stok sunulmuştur,,,4.7,3436,,,211,993 kişinin sepetinde,197B kişi favoriledi,Son 24 saatte 406 kişi görüntüledi,,,0,,,,1 saat 52 dakika içinde sipariş verirsen en geç bugün kargoda!,En Çok Favorilenen 5. Ürün,,{},0,,refreshed,"[""daily_top""]",true,2026-08-17T10:00:10+03:00,0,"[""search_result_dom"",""product_detail_jsonld"",""product_detail_dom""]","{""title"":""observed"",""brand"":""observed"",""seller_name"":""observed"",""seller_score"":""observed"",""price"":""observed"",""original_price"":""unavailable"",""campaigns"":""observed"",""stock_status"":""observed"",""stock_signal"":""observed"",""rating"":""observed"",""rating_count"":""observed"",""review_count"":""unavailable"",""question_count"":""observed"",""delivery_summary"":""observed"",""shipping_cost"":""unavailable"",""properties"":""observed""}",true,
2026-08-17,2026-08-17T10:00:10+03:00,ev-yasam,BEST_SELLER,ev-dekorasyon,ev dekorasyon,126,7,126,126,,,17.7,12.3,354145843,559512,"TOSHE Kahverengi Tekli Keten Dokuma Kırlent Kılıfı , Dekoratif Kırlent",TOSHE,,https://www.trendyol.com/toshe/kahverengi-tekli-keten-dokuma-kirlent-kilifi-dekoratif-kirlent-p-354145843?boutiqueId=61&merchantId=559512,TOSHE,,199.9,,,,TRY,"[""Sepette %1 İndirim"",""Kargo Bedava"",""Trendyol Plus'a Özel""]",InStock,50 adetten fazla stok sunulmuştur,,,4.8,163,,,61,359 kişinin sepetinde,"12,6B kişi favoriledi",Son 24 saatte 856 kişi görüntüledi,,,0,,,,13 saat 52 dakika içinde sipariş verirsen en geç yarın kargoda!,,,{},0,,refreshed,"[""daily_top""]",true,2026-08-17T10:00:10+03:00,0,"[""search_result_dom"",""product_detail_jsonld"",""product_detail_dom""]","{""title"":""observed"",""brand"":""observed"",""seller_name"":""observed"",""seller_score"":""unavailable"",""price"":""observed"",""original_price"":""unavailable"",""campaigns"":""observed"",""stock_status"":""observed"",""stock_signal"":""observed"",""rating"":""observed"",""rating_count"":""observed"",""review_count"":""unavailable"",""question_count"":""observed"",""delivery_summary"":""observed"",""shipping_cost"":""unavailable"",""properties"":""observed""}",true,
2026-08-17,2026-08-17T10:00:10+03:00,ev-yasam,BEST_SELLER,ev-dekorasyon,ev dekorasyon,127,7,127,127,4,,25.7,4.3,769560044,823940,"OrdoVeni Tütsü Seti | 3 Farklı Aroma 60 Adet Çubuk Tütsü | Kalıcı Oda Kokusu | Ev, Ofis, Yoga ve Meditasyon İçin",OrdoVeni,,https://www.trendyol.com/ordoveni/tutsu-seti-3-farkli-aroma-60-adet-cubuk-tutsu-kalici-oda-kokusu-ev-ofis-yoga-ve-meditasyon-icin-p-769560044?boutiqueId=61&merchantId=823940,OrdoVeni,,242.35,,,,TRY,"[""Kargo Bedava"",""Trendyol Plus'a Özel""]",InStock,100 adetten fazla stok sunulmuştur,,,4.2,1620,,,104,569 kişinin sepetinde,22B kişi favoriledi,Son 24 saatte 336 kişi görüntüledi,,,0,,,,3 saat 52 dakika içinde sipariş verirsen en geç bugün kargoda!,En Çok Satan 4. Ürün,,{},0,,refreshed,"[""daily_top""]",true,2026-08-17T10:00:10+03:00,0,"[""search_result_dom"",""product_detail_jsonld"",""product_detail_dom""]","{""title"":""observed"",""brand"":""observed"",""seller_name"":""observed"",""seller_score"":""unavailable"",""price"":""observed"",""original_price"":""unavailable"",""campaigns"":""observed"",""stock_status"":""observed"",""stock_signal"":""observed"",""rating"":""observed"",""rating_count"":""observed"",""review_count"":""unavailable"",""question_count"":""observed"",""delivery_summary"":""observed"",""shipping_cost"":""unavailable"",""properties"":""observed""}",true,
2026-08-17,2026-08-17T10:00:10+03:00,ev-yasam,BEST_SELLER,ev-dekorasyon,ev dekorasyon,128,7,128,128,,,27.5,2.5,137619922,165535,EFFE YAPI DEKOR Gold Metal Çerçeveli 180x80 Cm Oval Ayaklı Boy Aynası,EFFE YAPI DEKOR,Ayna,https://www.trendyol.com/effe-yapi-dekor/gold-metal-cerceveli-180x80-cm-oval-ayakli-boy-aynasi-p-137619922?boutiqueId=61&merchantId=165535,Effe Yapi Dekor,85,1800,,,,TRY,"[""Kargo Bedava"",""Peşin Fiyatına 3 Taksit""]",InStock,100 adetten fazla stok sunulmuştur,,,4.8,4557,2722,,170,"1,1B kişinin sepetinde","118,9B kişi favoriledi",Son 24 saatte 1B kişi görüntüledi,4999,TRY,0,11,1,15,Tahmini Teslim:,Fenomen Seçimi,https://cdn.dsmcdn.com/ty1613/prod/QC/20241209/11/80759ed3-1cec-3983-9e54-b68f28fba2d3/1_org_zoom.jpg,"{""Materyal"":""Metal"",""Renk"":""Altın"",""Şekil"":""Oval"",""Çeşit"":""Ayaklı Boy Aynası"",""Menşei"":""TR"",""Özellik"":""Ayaklı""}",20,5,refreshed,"[""daily_top""]",true,2026-08-17T10:00:10+03:00,0,"[""search_result_dom"",""product_detail_jsonld"",""product_detail_dom""]","{""title"":""observed"",""brand"":""observed"",""seller_name"":""observed"",""seller_score"":""observed"",""price"":""observed"",""original_price"":""unavailable"",""campaigns"":""observed"",""stock_status"":""observed"",""stock_signal"":""observed"",""rating"":""observed"",""rating_count"":""observed"",""review_count"":""observed"",""question_count"":""observed"",""delivery_summary"":""observed"",""shipping_cost"":""observed"",""properties"":""observed""}",true,
2026-08-17,2026-08-17T10:00:10+03:00,ev-yasam,BEST_SELLER,ev-dekorasyon,ev dekorasyon,129,7,129,129,5,,39.8,3.9,747172971,689343,MetaQuartz Aksesuar Orjinal Ürün - Timelles Kadran -(3 Pil Dahi )Ultra Sessiz Quartz Mekanizmalı Metal Ledli Duvar Saati,MetaQuartz Aksesuar,,https://www.trendyol.com/metaquartz-aksesuar/orjinal-urun-timelles-kadran-3-pil-dahi-ultra-sessiz-quartz-mekanizmali-metal-ledli-duvar-saati-p-747172971?boutiqueId=61&merchantId=689343,MetaQuartz Aksesuar,,945,1095,13.7,,TRY,"[""50 TL Kupon"",""Kargo Bedava""]",InStock,100 adetten fazla stok sunulmuştur,,,4.5,1818,,,270,1B kişinin sepetinde,"56,1B kişi favoriledi",Son 24 saatte 865 kişi görüntüledi,,,0,,,,52 dakika 37 saniye içinde sipariş verirsen en geç bugün kargoda!,En Çok Satan 5. Ürün,,{},0,,refreshed,"[""daily_top""]",true,2026-08-17T10:00:10+03:00,0,"[""search_result_dom"",""product_detail_jsonld"",""product_detail_dom""]","{""title"":""observed"",""brand"":""observed"",""seller_name"":""observed"",""seller_score"":""unavailable"",""price"":""observed"",""original_price"":""observed"",""campaigns"":""observed"",""stock_status"":""observed"",""stock_signal"":""observed"",""rating"":""observed"",""rating_count"":""observed"",""review_count"":""unavailable"",""question_count"":""observed"",""delivery_summary"":""observed"",""shipping_cost"":""unavailable"",""properties"":""observed""}",true,
2026-08-17,2026-08-17T10:00:10+03:00,ev-yasam,BEST_SELLER,ev-dekorasyon,ev dekorasyon,130,7,130,130,,,42,1.6,662762563,689343,"MetaQuartz Aksesuar Gold Luxry - Kırılmaz Tamper Cam - Metal Çember , Modern Dekoratif Metal Duvar Saati",MetaQuartz Aksesuar,,https://www.trendyol.com/metaquartz-aksesuar/gold-luxry-kirilmaz-tamper-cam-metal-cember-modern-dekoratif-metal-duvar-saati-p-662762563?boutiqueId=61&merchantId=689343,MetaQuartz Aksesuar,,950,1100,13.6,,TRY,"[""50 TL Kupon"",""Kargo Bedava""]",InStock,100 adetten fazla stok sunulmuştur,,,4.5,3517,,,876,"1,2B kişinin sepetinde","109,3B kişi favoriledi","Son 24 saatte 1,4B kişi görüntüledi",,,0,,,,52 dakika 33 saniye içinde sipariş verirsen en geç bugün kargoda!,,,{},0,,refreshed,"[""daily_top""]",true,2026-08-17T10:00:10+03:00,0,"[""search_result_dom"",""product_detail_jsonld"",""product_detail_dom""]","{""title"":""observed"",""brand"":""observed"",""seller_name"":""observed"",""seller_score"":""unavailable"",""price"":""observed"",""original_price"":""observed"",""campaigns"":""observed"",""stock_status"":""observed"",""stock_signal"":""observed"",""rating"":""observed"",""rating_count"":""observed"",""review_count"":""unavailable"",""question_count"":""observed"",""delivery_summary"":""observed"",""shipping_cost"":""unavailable"",""properties"":""observed""}",true,
2026-08-17,2026-08-17T10:00:10+03:00,ev-yasam,BEST_SELLER,ev-dekorasyon,ev dekorasyon,131,7,131,131,,,11.3,18.7,1174719741,213535,SasoHome Boho Floral Mandala Desenli 2'li Dekoratif Dikdörtgen Kırlent Kılıfı 35x55,SasoHome,Kırlent ve Kırlent Kılıfı,https://www.trendyol.com/sasohome/boho-floral-mandala-desenli-2-li-dekoratif-dikdortgen-kirlent-kilifi-35x55-p-1174719741?boutiqueId=61&merchantId=213535,SasoHome,,299.99,,,,TRY,"[""Kargo Bedava""]",InStock,100 adetten fazla stok sunulmuştur,,,4.9,42,25,,9,965 kişinin sepetinde,7B kişi favoriledi,"Son 24 saatte 1,3B kişi görüntüledi",4999,TRY,0,1,1,3,13 saat 52 dakika içinde sipariş verirsen en geç yarın kargoda!,En Çok Ziyaret Edilen 8. Ürün,https://cdn.dsmcdn.com/ty1901/prod/QC_PREP/20260723/10/d7c88f79-1584-3239-9574-b295681d19cb/1_org_zoom.jpg,"{""Materyal"":""Kadife"",""Renk"":""Çok Renkli"",""Parça Sayısı"":""2"",""Şekil"":""Kare"",""Üretim Şekli"":""Dijital Baskı"",""Çeşit"":""Kırlent Kılıfı"",""Tema / Stil"":""Geleneksel"",""Materyal Bileşeni"":""%100 Polyester"",""Menşei"":""TR"",""Persona"":""Urban Pop""}",20,5,refreshed,"[""daily_top""]",true,2026-08-17T10:00:10+03:00,0,"[""search_result_dom"",""product_detail_jsonld"",""product_detail_dom""]","{""title"":""observed"",""brand"":""observed"",""seller_name"":""observed"",""seller_score"":""unavailable"",""price"":""observed"",""original_price"":""unavailable"",""campaigns"":""observed"",""stock_status"":""observed"",""stock_signal"":""observed"",""rating"":""observed"",""rating_count"":""observed"",""review_count"":""observed"",""question_count"":""observed"",""delivery_summary"":""observed"",""shipping_cost"":""observed"",""properties"":""observed""}",true,
2026-08-17,2026-08-17T10:00:10+03:00,ev-yasam,BEST_SELLER,ev-dekorasyon,ev dekorasyon,132,7,132,132,,,30.5,0,334719455,418720,Lilac Home Yapay Çiçek Moblen Mika Elmas Beyaz Saksıda Pastel Yeşili Okaliptus Sarkıtı,Lilac Home,Yapay Çiçek,https://www.trendyol.com/lilac-home/yapay-cicek-moblen-mika-elmas-beyaz-saksida-pastel-yesili-okaliptus-sarkiti-p-334719455?boutiqueId=61&merchantId=418720,Lilac Home,,159.99,,,,TRY,"[""Kargo Bedava""]",InStock,100 adetten fazla stok sunulmuştur,,,4.6,9862,6433,,353,983 kişinin sepetinde,"166,2B kişi favoriledi",Son 24 saatte 498 kişi görüntüledi,4999,TRY,0,,1,3,52 dakika 33 saniye içinde sipariş verirsen en geç bugün kargoda!,,https://cdn.dsmcdn.com/ty1368/product/media/images/prod/QC/20240618/15/6c5e7840-51c7-3162-8289-320d44b6bb28/1_org_zoom.jpg,"{""Renk"":""Çok Renkli"",""Yükseklik"":""0 - 10 cm"",""Çiçek Türü"":""Saksı"",""Menşei"":""TR""}",20,5,refreshed,"[""daily_top""]",true,2026-08-17T10:00:10+03:00,0,"[""search_result_dom"",""product_detail_jsonld"",""product_detail_dom""]","{""title"":""observed"",""brand"":""observed"",""seller_name"":""observed"",""seller_score"":""unavailable"",""price"":""observed"",""original_price"":""unavailable"",""campaigns"":""observed"",""stock_status"":""observed"",""stock_signal"":""observed"",""rating"":""observed"",""rating_count"":""observed"",""review_count"":""observed"",""question_count"":""observed"",""delivery_summary"":""observed"",""shipping_cost"":""observed"",""properties"":""observed""}",true,
2026-08-17,2026-08-17T10:00:10+03:00,ev-yasam,BEST_SELLER,ev-dekorasyon,ev dekorasyon,133,7,133,133,,,22.5,7.5,317132609,1279837,"Genel Markalar Yapay Kadife Gül 10 Adet Kırmızı 50 Cm – Yapay Çiçek Dekor, Masa Süsü, Fon",Genel Markalar,,https://www.trendyol.com/genel-markalar/yapay-kadife-gul-10-adet-kirmizi-50-cm-yapay-cicek-dekor-masa-susu-fon-p-317132609?boutiqueId=61&merchantId=1279837,Çiçek Malzemecisii,94,199,,,,TRY,"[""Kargo Bedava"",""Trendyol Plus'a Özel""]",InStock,100 adetten fazla stok sunulmuştur,,,4.5,644,,,131,698 kişinin sepetinde,"18,5B kişi favoriledi",Son 24 saatte 388 kişi görüntüledi,,,0,,,,13 saat 52 dakika içinde sipariş verirsen en geç yarın kargoda!,,,{},0,,refreshed,"[""daily_top""]",true,2026-08-17T10:00:10+03:00,0,"[""search_result_dom"",""product_detail_jsonld"",""product_detail_dom""]","{""title"":""observed"",""brand"":""observed"",""seller_name"":""observed"",""seller_score"":""observed"",""price"":""observed"",""original_price"":""unavailable"",""campaigns"":""observed"",""stock_status"":""observed"",""stock_signal"":""observed"",""rating"":""observed"",""rating_count"":""observed"",""review_count"":""unavailable"",""question_count"":""observed"",""delivery_summary"":""observed"",""shipping_cost"":""unavailable"",""properties"":""observed""}",true,
2026-08-17,2026-08-17T10:00:10+03:00,ev-yasam,BEST_SELLER,ev-dekorasyon,ev dekorasyon,134,7,134,134,,,15.1,14.9,1142572691,1085335,LİNECRAFT 2'li Dekoratif Kitap Kutu Beyaz İnce Dergi Dekoratif Kutu,LİNECRAFT,Dekoratif Kutu,https://www.trendyol.com/linecraft/2-li-dekoratif-kitap-kutu-beyaz-ince-dergi-dekoratif-kutu-p-1142572691?boutiqueId=61&merchantId=1085335,Sabun Fabrikası,93,474.56,,,,TRY,"[""Kargo Bedava"",""Trendyol Plus'a Özel""]",InStock,100 adetten fazla stok sunulmuştur,,,4.5,151,77,,14,"1,4B kişinin sepetinde",24B kişi favoriledi,"Son 24 saatte 1,7B kişi görüntüledi",4999,TRY,0,,1,3,3 saat 52 dakika içinde sipariş verirsen en geç bugün kargoda!,En Çok Ziyaret Edilen 2. Ürün,https://cdn.dsmcdn.com/ty1930/prod/QC_PREP/20260506/10/3ce8a4d2-7c69-3ca5-a076-101468c65dee/1_org_zoom.jpg,"{""Renk"":""Beyaz"",""Boyut/Ebat"":""29 x 22"",""Parça Sayısı"":""2"",""Materyal"":""Mukavva"",""Menşei"":""TR""}",20,5,refreshed,"[""daily_top""]",true,2026-08-17T10:00:10+03:00,0,"[""search_result_dom"",""product_detail_jsonld"",""product_detail_dom""]","{""title"":""observed"",""brand"":""observed"",""seller_name"":""observed"",""seller_score"":""observed"",""price"":""observed"",""original_price"":""unavailable"",""campaigns"":""observed"",""stock_status"":""observed"",""stock_signal"":""observed"",""rating"":""observed"",""rating_count"":""observed"",""review_count"":""observed"",""question_count"":""observed"",""delivery_summary"":""observed"",""shipping_cost"":""observed"",""properties"":""observed""}",true,
2026-08-17,2026-08-17T10:00:10+03:00,ev-yasam,BEST_SELLER,ev-dekorasyon,ev dekorasyon,135,7,135,135,5,,21.6,16.4,1154689333,915146,AKSESUAR EVRENİ Royal Eskitme Mumluk Dekoratif Şamdan Paslanmaz Kaplama Metal Modern ve Klasik Mum Tutacağı,AKSESUAR EVRENİ,,https://www.trendyol.com/aksesuar-evreni/royal-eskitme-mumluk-dekoratif-samdan-paslanmaz-kaplama-metal-modern-ve-klasik-mum-tutacagi-p-1154689333?boutiqueId=61&merchantId=915146,Aksesuar Evreni,87,321.08,349,8,,TRY,"[""Sepette %8 İndirim"",""Kargo Bedava""]",InStock,100 adetten fazla stok sunulmuştur,,,4.2,49,,,14,791 kişinin sepetinde,"5,8B kişi favoriledi",Son 24 saatte 590 kişi görüntüledi,,,0,,,,Tahmini Teslim:,En Çok Satan 5. Ürün,,{},0,,refreshed,"[""daily_top""]",true,2026-08-17T10:00:10+03:00,0,"[""search_result_dom"",""product_detail_jsonld"",""product_detail_dom""]","{""title"":""observed"",""brand"":""observed"",""seller_name"":""observed"",""seller_score"":""observed"",""price"":""observed"",""original_price"":""observed"",""campaigns"":""observed"",""stock_status"":""observed"",""stock_signal"":""observed"",""rating"":""observed"",""rating_count"":""observed"",""review_count"":""unavailable"",""question_count"":""observed"",""delivery_summary"":""observed"",""shipping_cost"":""unavailable"",""properties"":""observed""}",true,
2026-08-17,2026-08-17T10:00:10+03:00,ev-yasam,BEST_SELLER,ev-dekorasyon,ev dekorasyon,136,7,136,136,,,31.8,0,842056547,447097,LALEZEN HOME 4Lü Set Çiçekli Kız + Çiçekli Mumluk + 50ml Japon kirazı koku + yuvarlak Tepsi,LALEZEN HOME,,https://www.trendyol.com/lalezen-home/4lu-set-cicekli-kiz-cicekli-mumluk-50ml-japon-kirazi-koku-yuvarlak-tepsi-p-842056547?boutiqueId=61&merchantId=447097,LALEZEN HOME,4,199,,,,TRY,"[""Kargo Bedava""]",InStock,100 adetten fazla stok sunulmuştur,,,4.4,9413,,,378,1B kişinin sepetinde,241B kişi favoriledi,"Son 24 saatte 1,1B kişi görüntüledi",,,0,,,,52 dakika 24 saniye içinde sipariş verirsen en geç bugün kargoda!,,,{},0,,refreshed,"[""daily_top""]",true,2026-08-17T10:00:10+03:00,0,"[""search_result_dom"",""product_detail_jsonld"",""product_detail_dom""]","{""title"":""observed"",""brand"":""observed"",""seller_name"":""observed"",""seller_score"":""observed"",""price"":""observed"",""original_price"":""unavailable"",""campaigns"":""observed"",""stock_status"":""observed"",""stock_signal"":""observed"",""rating"":""observed"",""rating_count"":""observed"",""review_count"":""unavailable"",""question_count"":""observed"",""delivery_summary"":""observed"",""shipping_cost"":""unavailable"",""properties"":""observed""}",true,
2026-08-17,2026-08-17T10:00:10+03:00,ev-yasam,BEST_SELLER,ev-dekorasyon,ev dekorasyon,137,7,137,137,8,,17.2,12.8,983199013,231980,ZURİ DESİGN 3'lü Set Düz Cam Vazo - Modern ve Şık Dekoratif Vazo 9x10 - 9x14 - 9x18 ( Mum Dahil Değildir ),ZURİ DESİGN,,https://www.trendyol.com/zuri-design/3-lu-set-duz-cam-vazo-modern-ve-sik-dekoratif-vazo-9x10-9x14-9x18-mum-dahil-degildir-p-983199013?boutiqueId=61&merchantId=231980,AtölyedenAL,97,549.95,,,,TRY,"[""Kargo Bedava"",""Trendyol Plus'a Özel""]",InStock,100 adetten fazla stok sunulmuştur,,,4.7,140,,,27,367 kişinin sepetinde,"30,3B kişi favoriledi",Son 24 saatte 622 kişi görüntüledi,,,0,,,,Tahmini Teslim:,En Çok Satan 8. Ürün,,{},0,,refreshed,"[""daily_top""]",true,2026-08-17T10:00:10+03:00,0,"[""search_result_dom"",""product_detail_jsonld"",""product_detail_dom""]","{""title"":""observed"",""brand"":""observed"",""seller_name"":""observed"",""seller_score"":""observed"",""price"":""observed"",""original_price"":""unavailable"",""campaigns"":""observed"",""stock_status"":""observed"",""stock_signal"":""observed"",""rating"":""observed"",""rating_count"":""observed"",""review_count"":""unavailable"",""question_count"":""observed"",""delivery_summary"":""observed"",""shipping_cost"":""unavailable"",""properties"":""observed""}",true,
2026-08-17,2026-08-17T10:00:10+03:00,ev-yasam,BEST_SELLER,ev-dekorasyon,ev dekorasyon,138,7,138,138,,,15.7,14.3,1137672127,823940,"OrdoVeni Ahşap Tütsülük – Dekoratif Modern Tasarım Doğal Ahşap Tütsü Standı | Salon, Ev & Ofis İçin Şık Obje",OrdoVeni,Tütsü ve Buhurdanlık,https://www.trendyol.com/ordoveni/ahsap-tutsuluk-dekoratif-modern-tasarim-dogal-ahsap-tutsu-standi-salon-ev-ofis-icin-sik-obje-p-1137672127?boutiqueId=61&merchantId=823940,OrdoVeni,,292.15,,,,TRY,"[""25 TL Kupon"",""Kargo Bedava"",""Trendyol Plus'a Özel""]",InStock,100 adetten fazla stok sunulmuştur,,,4.4,148,91,,17,862 kişinin sepetinde,"18,1B kişi favoriledi","Son 24 saatte 1,1B kişi görüntüledi",4999,TRY,0,,1,3,3 saat 52 dakika içinde sipariş verirsen en geç bugün kargoda!,En Çok Ziyaret Edilen 3. Ürün,https://cdn.dsmcdn.com/ty1893/prod/QC_ENRICHMENT/20260502/10/4f44b1d0-5ab5-317e-b22e-10286ccc089b/1_org_zoom.jpg,"{""Renk"":""Kahverengi"",""Adet"":""1"",""Koku Aroması"":""Karışık Çiçek"",""Menşei"":""TR""}",20,5,refreshed,"[""daily_top""]",true,2026-08-17T10:00:10+03:00,0,"[""search_result_dom"",""product_detail_jsonld"",""product_detail_dom""]","{""title"":""observed"",""brand"":""observed"",""seller_name"":""observed"",""seller_score"":""unavailable"",""price"":""observed"",""original_price"":""unavailable"",""campaigns"":""observed"",""stock_status"":""observed"",""stock_signal"":""observed"",""rating"":""observed"",""rating_count"":""observed"",""review_count"":""observed"",""question_count"":""observed"",""delivery_summary"":""observed"",""shipping_cost"":""observed"",""properties"":""observed""}",true,
2026-08-17,2026-08-17T10:00:10+03:00,ev-yasam,BEST_SELLER,ev-dekorasyon,ev dekorasyon,139,7,139,139,,,13.4,16.6,1144591134,797678,OTEXSA Başak Desenli Krem Kırlent Kılıfı 2'li Set Yumuşak Dokulu Dekoratif Yastık Kılıfı,OTEXSA,,https://www.trendyol.com/otexsa/basak-desenli-krem-kirlent-kilifi-2-li-set-yumusak-dokulu-dekoratif-yastik-kilifi-p-1144591134?boutiqueId=61&merchantId=797678,OTEXSA,95,260.45,,,,TRY,"[""Sepette %1 İndirim"",""Kargo Bedava"",""Trendyol Plus'a Özel""]",InStock,100 adetten fazla stok sunulmuştur,,,4.7,46,,,17,550 kişinin sepetinde,"3,7B kişi favoriledi",Son 24 saatte 466 kişi görüntüledi,,,0,,,,3 saat 52 dakika içinde sipariş verirsen en geç bugün kargoda!,,,{},0,,refreshed,"[""daily_top""]",true,2026-08-17T10:00:10+03:00,0,"[""search_result_dom"",""product_detail_jsonld"",""product_detail_dom""]","{""title"":""observed"",""brand"":""observed"",""seller_name"":""observed"",""seller_score"":""observed"",""price"":""observed"",""original_price"":""unavailable"",""campaigns"":""observed"",""stock_status"":""observed"",""stock_signal"":""observed"",""rating"":""observed"",""rating_count"":""observed"",""review_count"":""unavailable"",""question_count"":""observed"",""delivery_summary"":""observed"",""shipping_cost"":""unavailable"",""properties"":""observed""}",true,
2026-08-17,2026-08-17T10:00:10+03:00,ev-yasam,BEST_SELLER,ev-dekorasyon,ev dekorasyon,140,7,140,140,,,44.8,0,774064519,689343,MetaQuartz Aksesuar Orjinal Metal - Timelles Kristal - Büyük Boy(50X75CM) - (3 adet pil gelmektedir) Ledli Duvar Saati,MetaQuartz Aksesuar,,https://www.trendyol.com/metaquartz-aksesuar/orjinal-metal-timelles-kristal-buyuk-boy-50x75cm-3-adet-pil-gelmektedir-ledli-duvar-saati-p-774064519?boutiqueId=61&merchantId=689343,MetaQuartz Aksesuar,,950,1100,13.6,,TRY,"[""50 TL Kupon"",""Kargo Bedava""]",InStock,100 adetten fazla stok sunulmuştur,,,4.5,7926,,,3272,1B kişinin sepetinde,"289,5B kişi favoriledi",Son 24 saatte 866 kişi görüntüledi,,,0,,,,52 dakika 20 saniye içinde sipariş verirsen en geç bugün kargoda!,En Çok Favorilenen 2. Ürün,,{},0,,refreshed,"[""daily_top""]",true,2026-08-17T10:00:10+03:00,0,"[""search_result_dom"",""product_detail_jsonld"",""product_detail_dom""]","{""title"":""observed"",""brand"":""observed"",""seller_name"":""observed"",""seller_score"":""unavailable"",""price"":""observed"",""original_price"":""observed"",""campaigns"":""observed"",""stock_status"":""observed"",""stock_signal"":""observed"",""rating"":""observed"",""rating_count"":""observed"",""review_count"":""unavailable"",""question_count"":""observed"",""delivery_summary"":""observed"",""shipping_cost"":""unavailable"",""properties"":""observed""}",true,
2026-08-17,2026-08-17T10:00:10+03:00,ev-yasam,BEST_SELLER,ev-dekorasyon,ev dekorasyon,141,7,141,141,6,,32,5.7,206543991,281509,Pey Aksesuar Duvar Saati Ahşap,Pey Aksesuar,,https://www.trendyol.com/pey-aksesuar/duvar-saati-ahsap-p-206543991?boutiqueId=61&merchantId=281509,Pey Aksesuar,,596.29,646.29,7.7,,TRY,"[""Kargo Bedava""]",InStock,100 adetten fazla stok sunulmuştur,,,4.2,1096,,,198,730 kişinin sepetinde,"30,6B kişi favoriledi","Son 24 saatte 1,2B kişi görüntüledi",,,0,,,,4 saat 52 dakika içinde sipariş verirsen en geç bugün kargoda!,En Çok Satan 6. Ürün,,{},0,,refreshed,"[""daily_top""]",true,2026-08-17T10:00:10+03:00,0,"[""search_result_dom"",""product_detail_jsonld"",""product_detail_dom""]","{""title"":""observed"",""brand"":""observed"",""seller_name"":""observed"",""seller_score"":""unavailable"",""price"":""observed"",""original_price"":""observed"",""campaigns"":""observed"",""stock_status"":""observed"",""stock_signal"":""observed"",""rating"":""observed"",""rating_count"":""observed"",""review_count"":""unavailable"",""question_count"":""observed"",""delivery_summary"":""observed"",""shipping_cost"":""unavailable"",""properties"":""observed""}",true,
2026-08-17,2026-08-17T10:00:10+03:00,ev-yasam,BEST_SELLER,ev-dekorasyon,ev dekorasyon,142,7,142,142,,,16.8,23.2,1144982094,675464,"iDekor Robot Süpürge İçin Doğal Ahşap Koltuk Baza Yükseltici (4 cm Yükseltir, Çap 5) | Oyuklu Takoz (1 Adet)",iDekor,,https://www.trendyol.com/idekor/robot-supurge-icin-dogal-ahsap-koltuk-baza-yukseltici-4-cm-yukseltir-cap-5-oyuklu-takoz-1-adet-p-1144982094?boutiqueId=61&merchantId=675464,iDekor,97,108.67,120.75,10,,TRY,"[""Sepette %10 İndirim"",""Kargo Bedava""]",InStock,Son 2 Ürün,,,5,6,,,11,,531 kişi favoriledi,,,,0,,,,52 dakika 16 saniye içinde sipariş verirsen en geç bugün kargoda!,,,{},0,,refreshed,"[""daily_top""]",true,2026-08-17T10:00:10+03:00,0,"[""search_result_dom"",""product_detail_jsonld"",""product_detail_dom""]","{""title"":""observed"",""brand"":""observed"",""seller_name"":""observed"",""seller_score"":""observed"",""price"":""observed"",""original_price"":""observed"",""campaigns"":""observed"",""stock_status"":""observed"",""stock_signal"":""observed"",""rating"":""observed"",""rating_count"":""observed"",""review_count"":""unavailable"",""question_count"":""observed"",""delivery_summary"":""observed"",""shipping_cost"":""unavailable"",""properties"":""observed""}",true,
2026-08-17,2026-08-17T10:00:10+03:00,ev-yasam,BEST_SELLER,ev-dekorasyon,ev dekorasyon,143,7,143,143,,,29,1,316428558,344381,"Goya Home Doğal Kurutulmuş Pamuk Otu, Tavşan Kuyruğu Gelin Buketi Aranjman Çiçeği Lagurus 30 Dal",Goya Home,Yapay Çiçek,https://www.trendyol.com/goya-home/dogal-kurutulmus-pamuk-otu-tavsan-kuyrugu-gelin-buketi-aranjman-cicegi-lagurus-30-dal-p-316428558?boutiqueId=61&merchantId=344381,Goya Home,,149.9,,,,TRY,"[""Kargo Bedava""]",InStock,100 adetten fazla stok sunulmuştur,,,4.2,7182,4190,,376,"1,3B kişinin sepetinde","239,9B kişi favoriledi",Son 24 saatte 911 kişi görüntüledi,4999,TRY,0,1,1,3,13 saat 52 dakika içinde sipariş verirsen en geç yarın kargoda!,En Çok Favorilenen 2. Ürün,https://cdn.dsmcdn.com/ty1337/product/media/images/prod/QC/20240528/13/b1e31c8f-118d-3e7a-9689-f31235c33df9/1_org_zoom.jpg,"{""Renk"":""Bej"",""Yükseklik"":""11 - 30 cm"",""Çiçek Türü"":""Pamuk"",""Menşei"":""TR""}",20,5,refreshed,"[""daily_top""]",true,2026-08-17T10:00:10+03:00,0,"[""search_result_dom"",""product_detail_jsonld"",""product_detail_dom""]","{""title"":""observed"",""brand"":""observed"",""seller_name"":""observed"",""seller_score"":""unavailable"",""price"":""observed"",""original_price"":""unavailable"",""campaigns"":""observed"",""stock_status"":""observed"",""stock_signal"":""observed"",""rating"":""observed"",""rating_count"":""observed"",""review_count"":""observed"",""question_count"":""observed"",""delivery_summary"":""observed"",""shipping_cost"":""observed"",""properties"":""observed""}",true,
2026-08-17,2026-08-17T10:00:10+03:00,ev-yasam,BEST_SELLER,ev-dekorasyon,ev dekorasyon,144,7,144,144,,,11.9,18.1,1148819272,246399,Çiçek 5 Adet Beyaz Yapay Lale Gerçek Görünümlü Dekoratif Tek Dal Lale,Çiçek,Yapay Çiçek,https://www.trendyol.com/cicek/5-adet-beyaz-yapay-lale-gercek-gorunumlu-dekoratif-tek-dal-lale-p-1148819272?boutiqueId=61&merchantId=246399,Koza Gift,88,120,,,,TRY,"[""Kargo Bedava""]",InStock,100 adetten fazla stok sunulmuştur,,,3,49,30,,9,551 kişinin sepetinde,"2,8B kişi favoriledi",Son 24 saatte 461 kişi görüntüledi,4999,TRY,0,,1,3,1 saat 52 dakika içinde sipariş verirsen en geç bugün kargoda!,,https://cdn.dsmcdn.com/ty1897/prod/QC_PREP/20260521/15/56ccd206-8ac3-3c13-bac4-2bdbcabd845e/1_org_zoom.jpg,"{""Renk"":""Beyaz"",""Yükseklik"":""11 - 30 cm"",""Çiçek Türü"":""Çiçek Buketi"",""Menşei"":""TR""}",20,3.2,refreshed,"[""daily_top""]",true,2026-08-17T10:00:10+03:00,0,"[""search_result_dom"",""product_detail_jsonld"",""product_detail_dom""]","{""title"":""observed"",""brand"":""observed"",""seller_name"":""observed"",""seller_score"":""observed"",""price"":""observed"",""original_price"":""unavailable"",""campaigns"":""observed"",""stock_status"":""observed"",""stock_signal"":""observed"",""rating"":""observed"",""rating_count"":""observed"",""review_count"":""observed"",""question_count"":""observed"",""delivery_summary"":""observed"",""shipping_cost"":""observed"",""properties"":""observed""}",true,
2026-08-17,2026-08-17T10:00:10+03:00,ev-yasam,BEST_SELLER,banyo,banyo,1,1,145,145,1,-142,50.9,50,812982023,638780,BEYZANA 3'lü Bambu Çok Amaçlı Sepet Dikdörtgen,BEYZANA,Sepet,https://www.trendyol.com/beyzana/3-lu-bambu-cok-amacli-sepet-dikdortgen-p-812982023?boutiqueId=61&merchantId=638780,BEYZANA,3,199.99,,,0,TRY,"[""Kargo Bedava"",""Trendyol Plus'a Özel""]",InStock,100 adetten fazla stok sunulmuştur,Son 3 günde 1B+ ürün satıldı!,1000,4.5,13382,7352,24,614,"9,8B kişinin sepetinde","517,6B kişi favoriledi","Son 24 saatte 5,3B kişi görüntüledi",4999,TRY,0,1,1,3,13 saat 52 dakika içinde sipariş verirsen en geç yarın kargoda!,En Çok Satan 1. Ürün,https://cdn.dsmcdn.com/ty1666/prod/QC/20250420/22/451e0a91-abe1-3088-9602-eb35cc4f72c4/1_org_zoom.jpg,"{""Materyal"":""Ahşap"",""Renk"":""Kahverengi"",""Boyut/Ebat"":""30 x 30"",""Parça Sayısı"":""3"",""Yıkama Talimatı"":""T101"",""Menşei"":""CN""}",20,5,refreshed,"[""daily_top"",""hot_change""]",true,2026-08-17T10:00:10+03:00,0,"[""search_result_dom"",""product_detail_jsonld"",""product_detail_dom""]","{""title"":""observed"",""brand"":""observed"",""seller_name"":""observed"",""seller_score"":""observed"",""price"":""observed"",""original_price"":""unavailable"",""campaigns"":""observed"",""stock_status"":""observed"",""stock_signal"":""observed"",""rating"":""observed"",""rating_count"":""observed"",""review_count"":""observed"",""question_count"":""observed"",""delivery_summary"":""observed"",""shipping_cost"":""observed"",""properties"":""observed""}",true,
2026-08-17,2026-08-17T10:00:10+03:00,ev-yasam,BEST_SELLER,banyo,banyo,2,1,146,146,1,-142,54.9,50,802483327,418720,Lilac Home Yapay Çiçek Elmas Saksıda 80 Cm Yoğun Yapraklı Koyu Yeşil Okaliptus Sarkıt,Lilac Home,,https://www.trendyol.com/lilac-home/yapay-cicek-elmas-saksida-80-cm-yogun-yaprakli-koyu-yesil-okaliptus-sarkit-p-802483327?boutiqueId=61&merchantId=418720,Lilac Home,,159.99,,,0,TRY,"[""Kargo Bedava""]",InStock,100 adetten fazla stok sunulmuştur,Son 3 günde 1B+ ürün satıldı!,1000,4.6,23137,,0,1069,"11,7B kişinin sepetinde","704,7B kişi favoriledi","Son 24 saatte 5,9B kişi görüntüledi",,,0,,,,52 dakika 11 saniye içinde sipariş verirsen en geç bugün kargoda!,En Çok Satan 1. Ürün,,{},0,,refreshed,"[""daily_top"",""hot_change""]",true,2026-08-17T10:00:10+03:00,0,"[""search_result_dom"",""product_detail_jsonld"",""product_detail_dom""]","{""title"":""observed"",""brand"":""observed"",""seller_name"":""observed"",""seller_score"":""unavailable"",""price"":""observed"",""original_price"":""unavailable"",""campaigns"":""observed"",""stock_status"":""observed"",""stock_signal"":""observed"",""rating"":""observed"",""rating_count"":""observed"",""review_count"":""unavailable"",""question_count"":""observed"",""delivery_summary"":""observed"",""shipping_cost"":""unavailable"",""properties"":""observed""}",true,
2026-08-17,2026-08-17T10:00:10+03:00,ev-yasam,BEST_SELLER,banyo,banyo,3,1,147,147,1,-123,42.9,25,62204500,165535,EFFE YAPI DEKOR Gold Metal Çerçeveli Oval Ayaklı Boy Aynası 180 x 70 Cm,EFFE YAPI DEKOR,Ayna,https://www.trendyol.com/effe-yapi-dekor/gold-metal-cerceveli-oval-ayakli-boy-aynasi-180-x-70-cm-p-62204500?boutiqueId=61&merchantId=165535,Effe Yapi Dekor,85,1650,,,0,TRY,"[""Kargo Bedava"",""Peşin Fiyatına 3 Taksit""]",InStock,100 adetten fazla stok sunulmuştur,Son 3 günde 500+ ürün satıldı!,500,4.8,22097,12793,14,1785,"8,8B kişinin sepetinde","777,9B kişi favoriledi","Son 24 saatte 8,6B kişi görüntüledi",4999,TRY,0,11,1,15,Tahmini Teslim:,En Çok Satan 1. Ürün,https://cdn.dsmcdn.com/ty1346/product/media/images/prod/QC/20240603/10/318a96b3-737f-33ba-be18-0d19884a0c8e/1_org_zoom.jpg,"{""Materyal"":""Metal"",""Renk"":""Altın"",""Şekil"":""Oval"",""Çeşit"":""Ayaklı Boy Aynası"",""Menşei"":""TR"",""Özellik"":""Ayaklı""}",20,5,refreshed,"[""daily_top"",""hot_change""]",true,2026-08-17T10:00:10+03:00,0,"[""search_result_dom"",""product_detail_jsonld"",""product_detail_dom""]","{""title"":""observed"",""brand"":""observed"",""seller_name"":""observed"",""seller_score"":""observed"",""price"":""observed"",""original_price"":""unavailable"",""campaigns"":""observed"",""stock_status"":""observed"",""stock_signal"":""observed"",""rating"":""observed"",""rating_count"":""observed"",""review_count"":""observed"",""question_count"":""observed"",""delivery_summary"":""observed"",""shipping_cost"":""observed"",""properties"":""observed""}",true,
2026-08-17,2026-08-17T10:00:10+03:00,ev-yasam,BEST_SELLER,banyo,banyo,4,1,148,148,1,-135,33.2,31.8,888694991,271062,"Ecolux 6 Adet 3.5 Lt Dolap Içi, Buzdolabı Düzenleyici, Banyo, Mutfak Organizeri Sepet BEYAZ 24cm16cm11cm",Ecolux,Buzdolabı Düzenleyici,https://www.trendyol.com/ecolux/6-adet-3-5-lt-dolap-ici-buzdolabi-duzenleyici-banyo-mutfak-organizeri-sepet-beyaz-24cm16cm11cm-p-888694991?boutiqueId=61&merchantId=271062,Ecolux,6,199.9,,,0,TRY,"[""Kargo Bedava"",""Trendyol Plus'a Özel""]",InStock,100 adetten fazla stok sunulmuştur,Son 3 günde 500+ ürün satıldı!,500,4.7,1594,800,11,80,4B kişinin sepetinde,"70,8B kişi favoriledi","Son 24 saatte 3,8B kişi görüntüledi",4999,TRY,0,,1,3,1 saat 52 dakika içinde sipariş verirsen en geç bugün kargoda!,En Çok Satan 1. Ürün,https://cdn.dsmcdn.com/ty1659/prod/QC/20250408/20/b0126a56-92b3-35b1-a075-ba1dc3f02c27/1_org_zoom.jpg,"{""Parça Sayısı"":""6"",""Materyal"":""Plastik"",""Boyut/Ebat"":""100 x 100"",""Diğer Özellikler"":""yıkanabilir"",""Menşei"":""TR""}",20,5,refreshed,"[""daily_top"",""hot_change""]",true,2026-08-17T10:00:10+03:00,0,"[""search_result_dom"",""product_detail_jsonld"",""product_detail_dom""]","{""title"":""observed"",""brand"":""observed"",""seller_name"":""observed"",""seller_score"":""observed"",""price"":""observed"",""original_price"":""unavailable"",""campaigns"":""observed"",""stock_status"":""observed"",""stock_signal"":""observed"",""rating"":""observed"",""rating_count"":""observed"",""review_count"":""observed"",""question_count"":""observed"",""delivery_summary"":""observed"",""shipping_cost"":""observed"",""properties"":""observed""}",true,
2026-08-17,2026-08-17T10:00:10+03:00,ev-yasam,BEST_SELLER,banyo,banyo,5,1,149,149,1,-121,33.9,31.1,742271416,652389,KARTEYA Siyah Rulo Havluluk Peçetelik Yapışkanlı Pratik Banyo Mutfak Askısı Kağıt Rulo Havluluk,KARTEYA,Peçetelik,https://www.trendyol.com/karteya/siyah-rulo-havluluk-pecetelik-yapiskanli-pratik-banyo-mutfak-askisi-kagit-rulo-havluluk-p-742271416?boutiqueId=61&merchantId=652389,EYA Grup,91,46.55,,,0,TRY,"[""Kargo Bedava"",""Trendyol Plus'a Özel""]",InStock,100 adetten fazla stok sunulmuştur,Son 3 günde 500+ ürün satıldı!,500,4.6,1998,957,1,82,"1,9B kişinin sepetinde","37,6B kişi favoriledi","Son 24 saatte 1,3B kişi görüntüledi",4999,TRY,0,1,1,3,13 saat 52 dakika içinde sipariş verirsen en geç yarın kargoda!,En Çok Satan 1. Ürün,https://cdn.dsmcdn.com/ty1818/prod/QC_ENRICHMENT/20260203/19/bdb71a67-ef8a-3d5a-ad91-274558272dd9/1_org_zoom.jpg,"{""Boyut/Ebat"":""28 x 6"",""Renk"":""Siyah"",""Materyal"":""Çelik"",""Menşei"":""TR"",""Bakım Talimatları (Genel)"":""Nemli bir bezle silin.""}",20,5,refreshed,"[""daily_top"",""hot_change""]",true,2026-08-17T10:00:10+03:00,0,"[""search_result_dom"",""product_detail_jsonld"",""product_detail_dom""]","{""title"":""observed"",""brand"":""observed"",""seller_name"":""observed"",""seller_score"":""observed"",""price"":""observed"",""original_price"":""unavailable"",""campaigns"":""observed"",""stock_status"":""observed"",""stock_signal"":""observed"",""rating"":""observed"",""rating_count"":""observed"",""review_count"":""observed"",""question_count"":""observed"",""delivery_summary"":""observed"",""shipping_cost"":""observed"",""properties"":""observed""}",true,
2026-08-17,2026-08-17T10:00:10+03:00,ev-yasam,BEST_SELLER,banyo,banyo,6,1,150,150,1,-130,31.9,33.1,994085835,638780,AKDAG HOME Tekli Paslanmaz Bulaşık Süngeri Tutucu Yapışkanlı Askılık Çift Taraflı Yapışkanlı Gri,AKDAG HOME,Düzenleyici,https://www.trendyol.com/akdag-home/tekli-paslanmaz-bulasik-sungeri-tutucu-yapiskanli-askilik-cift-tarafli-yapiskanli-gri-p-994085835?boutiqueId=61&merchantId=638780,BEYZANA,89,74.99,,,0,TRY,"[""Kargo Bedava""]",InStock,100 adetten fazla stok sunulmuştur,Son 3 günde 500+ ürün satıldı!,500,4,1100,547,4,56,"3,5B kişinin sepetinde","74,1B kişi favoriledi","Son 24 saatte 1,4B kişi görüntüledi",4999,TRY,0,1,1,3,13 saat 52 dakika içinde sipariş verirsen en geç yarın kargoda!,En Çok Satan 1. Ürün,https://cdn.dsmcdn.com/ty1764/prod/QC_ENRICHMENT/20250930/20/f64d6196-1d6d-3200-9b78-2a7fe1240b7d/1_org_zoom.jpg,"{""Materyal"":""Çelik"",""Menşei"":""CN"",""Bakım Talimatları (Genel)"":""Ürünün kullanım ömrünü korumak için ürüne özel bakım talimatlarını takip ediniz.""}",20,5,refreshed,"[""daily_top"",""hot_change""]",true,2026-08-17T10:00:10+03:00,0,"[""search_result_dom"",""product_detail_jsonld"",""product_detail_dom""]","{""title"":""observed"",""brand"":""observed"",""seller_name"":""observed"",""seller_score"":""observed"",""price"":""observed"",""original_price"":""unavailable"",""campaigns"":""observed"",""stock_status"":""observed"",""stock_signal"":""observed"",""rating"":""observed"",""rating_count"":""observed"",""review_count"":""observed"",""question_count"":""observed"",""delivery_summary"":""observed"",""shipping_cost"":""observed"",""properties"":""observed""}",true,
2026-08-17,2026-08-17T10:00:10+03:00,ev-yasam,BEST_SELLER,banyo,banyo,7,1,151,151,1,-126,34.9,30.1,1070017994,675708,Genel Markalar Dekoratif Led Tealight Mumluk | Masaüstü Aydınlatma | 2'li Set,Genel Markalar,,https://www.trendyol.com/genel-markalar/dekoratif-led-tealight-mumluk-masaustu-aydinlatma-2-li-set-p-1070017994?boutiqueId=61&merchantId=675708,Past Store,96,144.53,,,0.4,TRY,"[""10 TL Kupon"",""Kargo Bedava""]",InStock,100 adetten fazla stok sunulmuştur,Son 3 günde 500+ ürün satıldı!,500,3.8,1296,,0,123,"8,1B kişinin sepetinde","150,7B kişi favoriledi","Son 24 saatte 6,6B kişi görüntüledi",,,0,,,,6 saat 52 dakika içinde sipariş verirsen en geç bugün kargoda!,En Çok Satan 1. Ürün,,{},0,,refreshed,"[""daily_top"",""hot_change""]",true,2026-08-17T10:00:10+03:00,0,"[""search_result_dom"",""product_detail_jsonld"",""product_detail_dom""]","{""title"":""observed"",""brand"":""observed"",""seller_name"":""observed"",""seller_score"":""observed"",""price"":""observed"",""original_price"":""unavailable"",""campaigns"":""observed"",""stock_status"":""observed"",""stock_signal"":""observed"",""rating"":""observed"",""rating_count"":""observed"",""review_count"":""unavailable"",""question_count"":""observed"",""delivery_summary"":""observed"",""shipping_cost"":""unavailable"",""properties"":""observed""}",true,
2026-08-17,2026-08-17T10:00:10+03:00,ev-yasam,BEST_SELLER,banyo,banyo,8,1,152,152,1,-98,42.5,25,861362964,541829,aymumi home Dekoratif 5li Set Mum Çizgili Vazo Tealight mumluk ve Oda Kokusu Seti,aymumi home,Mum ve Kandil,https://www.trendyol.com/aymumi-home/dekoratif-5li-set-mum-cizgili-vazo-tealight-mumluk-ve-oda-kokusu-seti-p-861362964?boutiqueId=61&merchantId=541829,QULİFE,82,154.41,,,-6.1,TRY,"[""Kargo Bedava""]",InStock,100 adetten fazla stok sunulmuştur,Son 3 günde 500+ ürün satıldı!,500,4,19944,11453,22,403,"9,9B kişinin sepetinde","826,1B kişi favoriledi","Son 24 saatte 6,5B kişi görüntüledi",4999,TRY,0,,1,3,1 saat 52 dakika içinde sipariş verirsen en geç bugün kargoda!,En Çok Satan 1. Ürün,https://cdn.dsmcdn.com/ty1784/prod/QC_ENRICHMENT/20251029/18/a19c310e-5527-3f70-b32b-c90ef6476860/1_org_zoom.jpg,"{""Renk"":""Beyaz"",""Özellik"":""Kokulu"",""Boyut/Ebat"":""6 x 16"",""Parça Sayısı"":""6"",""Koku Aroması"":""Fresh"",""Menşei"":""TR""}",20,5,refreshed,"[""daily_top""]",true,2026-08-17T10:00:10+03:00,0,"[""search_result_dom"",""product_detail_jsonld"",""product_detail_dom""]","{""title"":""observed"",""brand"":""observed"",""seller_name"":""observed"",""seller_score"":""observed"",""price"":""observed"",""original_price"":""unavailable"",""campaigns"":""observed"",""stock_status"":""observed"",""stock_signal"":""observed"",""rating"":""observed"",""rating_count"":""observed"",""review_count"":""observed"",""question_count"":""observed"",""delivery_summary"":""observed"",""shipping_cost"":""observed"",""properties"":""observed""}",true,
2026-08-17,2026-08-17T10:00:10+03:00,ev-yasam,BEST_SELLER,banyo,banyo,9,1,153,153,1,-101,28.5,36.5,971174145,1024262,"adornazzle 1 Adet Yapışkanlı Pratik Mop Tutucu, Temizlik Fırçası Tutucu, Şemsiye Tutucu, Fırça Kepçe Tutucu",adornazzle,Banyo Askısı,https://www.trendyol.com/adornazzle/1-adet-yapiskanli-pratik-mop-tutucu-temizlik-fircasi-tutucu-semsiye-tutucu-firca-kepce-tutucu-p-971174145?boutiqueId=61&merchantId=1024262,ADORNAZZLE,96,34.9,,,0,TRY,"[""Kargo Bedava""]",InStock,100 adetten fazla stok sunulmuştur,Son 3 günde 500+ ürün satıldı!,500,4,390,202,1,20,"1,4B kişinin sepetinde","23,5B kişi favoriledi",Son 24 saatte 801 kişi görüntüledi,4999,TRY,0,,1,3,4 saat 52 dakika içinde sipariş verirsen en geç bugün kargoda!,En Çok Satan 1. Ürün,https://cdn.dsmcdn.com/ty1851/prod/QC_ENRICHMENT/20260411/18/5ec64162-53d4-32c6-9c83-639fdea6299e/1_org_zoom.jpg,"{""Renk"":""Gri"",""Tip"":""Askı Seti"",""Menşei"":""CN"",""Bakım Talimatları (Genel)"":""Nemli bir bezle silin.""}",20,5,refreshed,"[""daily_top""]",true,2026-08-17T10:00:10+03:00,0,"[""search_result_dom"",""product_detail_jsonld"",""product_detail_dom""]","{""title"":""observed"",""brand"":""observed"",""seller_name"":""observed"",""seller_score"":""observed"",""price"":""observed"",""original_price"":""unavailable"",""campaigns"":""observed"",""stock_status"":""observed"",""stock_signal"":""observed"",""rating"":""observed"",""rating_count"":""observed"",""review_count"":""observed"",""question_count"":""observed"",""delivery_summary"":""observed"",""shipping_cost"":""observed"",""properties"":""observed""}",true,
2026-08-17,2026-08-17T10:00:10+03:00,ev-yasam,BEST_SELLER,banyo,banyo,10,1,154,154,2,-117,35.9,29.1,833004143,550676,zabata 7x7 CM Süper Güçlü Yapışkanlı Banyo Askısı Yedek 4 Adet Sticker Raf Tutucu Askı,zabata,Banyo Askısı,https://www.trendyol.com/zabata/7x7-cm-super-guclu-yapiskanli-banyo-askisi-yedek-4-adet-sticker-raf-tutucu-aski-p-833004143?boutiqueId=61&merchantId=550676,Zabata Türkiye,94,117.8,,,0,TRY,"[""Kargo Bedava"",""Trendyol Plus'a Özel""]",InStock,100 adetten fazla stok sunulmuştur,Son 3 günde 500+ ürün satıldı!,500,4.5,4124,1706,6,134,2B kişinin sepetinde,"40,5B kişi favoriledi",Son 24 saatte 821 kişi görüntüledi,4999,TRY,0,1,1,3,51 dakika 56 saniye içinde sipariş verirsen en geç bugün kargoda!,En Çok Satan 2. Ürün,https://cdn.dsmcdn.com/ty1531/product/media/images/prod/QC/20240907/14/0426c41e-6bf0-35f7-8ea2-746717ec14af/1_org_zoom.jpg,"{""Renk"":""Şeffaf"",""Tip"":""Banyo Duş Rafı"",""Diğer Özellikler"":""GÜÇLÜ YAPIŞMA"",""Menşei"":""TR"",""Bakım Talimatları (Genel)"":""Ürünün kullanım ömrünü korumak için ürüne özel bakım talimatlarını takip ediniz.""}",20,5,refreshed,"[""daily_top"",""hot_change""]",true,2026-08-17T10:00:10+03:00,0,"[""search_result_dom"",""product_detail_jsonld"",""product_detail_dom""]","{""title"":""observed"",""brand"":""observed"",""seller_name"":""observed"",""seller_score"":""observed"",""price"":""observed"",""original_price"":""unavailable"",""campaigns"":""observed"",""stock_status"":""observed"",""stock_signal"":""observed"",""rating"":""observed"",""rating_count"":""observed"",""review_count"":""observed"",""question_count"":""observed"",""delivery_summary"":""observed"",""shipping_cost"":""observed"",""properties"":""observed""}",true,
2026-08-17,2026-08-17T10:00:10+03:00,ev-yasam,BEST_SELLER,banyo,banyo,11,1,155,155,3,-95,33.4,31.6,473798271,1258506,"usta mekan Siyah 2 Katlı Banyo Kozmetik Takı Makyaj Düzenleyici ,Çok Amaçlı Organizer ,Servis Sunum Tepsisi ,Ikramlık",usta mekan,Makyaj Organizerı,https://www.trendyol.com/usta-mekan/siyah-2-katli-banyo-kozmetik-taki-makyaj-duzenleyici-cok-amacli-organizer-servis-sunum-tepsisi-ikramlik-p-473798271?boutiqueId=61&merchantId=1258506,STATİKA HOME,92,175,,,4.9,TRY,"[""Kargo Bedava""]",InStock,100 adetten fazla stok sunulmuştur,Son 3 günde 500+ ürün satıldı!,500,4.4,1594,831,7,101,"4,5B kişinin sepetinde","90,6B kişi favoriledi","Son 24 saatte 3,1B kişi görüntüledi",4999,TRY,0,2,1,5,1 saat 51 dakika içinde sipariş verirsen en geç bugün kargoda!,En Çok Satan 3. Ürün,https://cdn.dsmcdn.com/ty1496/product/media/images/prod/QC/20240821/10/2889da05-f866-3982-be45-6e42d6c2a6e4/1_org_zoom.jpg,"{""Parça Sayısı"":""1 Parça"",""Materyal"":""Metal"",""Renk"":""Siyah"",""Menşei"":""TR"",""Bölme Sayısı"":""2""}",20,5,refreshed,"[""daily_top""]",true,2026-08-17T10:00:10+03:00,0,"[""search_result_dom"",""product_detail_jsonld"",""product_detail_dom""]","{""title"":""observed"",""brand"":""observed"",""seller_name"":""observed"",""seller_score"":""observed"",""price"":""observed"",""original_price"":""unavailable"",""campaigns"":""observed"",""stock_status"":""observed"",""stock_signal"":""observed"",""rating"":""observed"",""rating_count"":""observed"",""review_count"":""observed"",""question_count"":""observed"",""delivery_summary"":""observed"",""shipping_cost"":""observed"",""properties"":""observed""}",true,
2026-08-17,2026-08-17T10:00:10+03:00,ev-yasam,BEST_SELLER,banyo,banyo,12,1,156,156,2,-73,39.5,25.5,50446232,165535,EFFE YAPI DEKOR Altın Metal Çerçeveli Ayaklı Boy Aynası 180x60 cm,EFFE YAPI DEKOR,Ayna,https://www.trendyol.com/effe-yapi-dekor/altin-metal-cerceveli-ayakli-boy-aynasi-180x60-cm-p-50446232?boutiqueId=61&merchantId=165535,Effe Yapi Dekor,85,1550,,,0,TRY,"[""Kargo Bedava"",""Peşin Fiyatına 3 Taksit""]",InStock,100 adetten fazla stok sunulmuştur,Son 3 günde 500+ ürün satıldı!,500,4.8,8648,4891,17,1122,"6,1B kişinin sepetinde",360B kişi favoriledi,"Son 24 saatte 4,6B kişi görüntüledi",4999,TRY,0,11,1,15,Tahmini Teslim:,En Çok Satan 2. Ürün,https://cdn.dsmcdn.com/ty1613/prod/QC/20241209/11/101dfab8-76f7-399a-a974-0926fb7a7401/1_org_zoom.jpg,"{""Materyal"":""Metal"",""Renk"":""Altın"",""Şekil"":""Dikdörtgen"",""Çeşit"":""Ayaklı Boy Aynası""}",20,5,refreshed,"[""daily_top""]",true,2026-08-17T10:00:10+03:00,0,"[""search_result_dom"",""product_detail_jsonld"",""product_detail_dom""]","{""title"":""observed"",""brand"":""observed"",""seller_name"":""observed"",""seller_score"":""observed"",""price"":""observed"",""original_price"":""unavailable"",""campaigns"":""observed"",""stock_status"":""observed"",""stock_signal"":""observed"",""rating"":""observed"",""rating_count"":""observed"",""review_count"":""observed"",""question_count"":""observed"",""delivery_summary"":""observed"",""shipping_cost"":""observed"",""properties"":""observed""}",true,
2026-08-17,2026-08-17T10:00:10+03:00,ev-yasam,BEST_SELLER,banyo,banyo,13,1,157,157,1,-141,35.4,12.5,772042373,638780,BEYZANA Bambu Kirli Çamaşır Sepeti Dikdörtgen -katlanabilir Bambu Kirli Çamaşır Sepeti,BEYZANA,Çamaşır Sepeti,https://www.trendyol.com/beyzana/bambu-kirli-camasir-sepeti-dikdortgen-katlanabilir-bambu-kirli-camasir-sepeti-p-772042373?boutiqueId=61&merchantId=638780,BEYZANA,,429.99,,,0,TRY,"[""Kargo Bedava""]",InStock,100 adetten fazla stok sunulmuştur,Son 3 günde 250+ ürün satıldı!,250,4.2,12511,6337,18,981,"4,5B kişinin sepetinde","373,6B kişi favoriledi","Son 24 saatte 3,7B kişi görüntüledi",4999,TRY,0,1,1,3,13 saat 51 dakika içinde sipariş verirsen en geç yarın kargoda!,En Çok Satan 1. Ürün,https://cdn.dsmcdn.com/ty1718/prod/QC_ENRICHMENT/20250727/12/5cfb3e4a-d940-3b10-8ae2-ec0dcce72a49/1_org_zoom.jpg,"{""Materyal"":""Bambu"",""Renk"":""Bej"",""Hacim"":""50-99 L"",""Boyut/Ebat"":""35 x 50"",""Yıkama Talimatı"":""T101"",""Materyal Bileşeni"":""BAMBU"",""Menşei"":""CN""}",20,5,refreshed,"[""daily_top"",""hot_change""]",true,2026-08-17T10:00:10+03:00,0,"[""search_result_dom"",""product_detail_jsonld"",""product_detail_dom""]","{""title"":""observed"",""brand"":""observed"",""seller_name"":""observed"",""seller_score"":""unavailable"",""price"":""observed"",""original_price"":""unavailable"",""campaigns"":""observed"",""stock_status"":""observed"",""stock_signal"":""observed"",""rating"":""observed"",""rating_count"":""observed"",""review_count"":""observed"",""question_count"":""observed"",""delivery_summary"":""observed"",""shipping_cost"":""observed"",""properties"":""observed""}",true,
2026-08-17,2026-08-17T10:00:10+03:00,ev-yasam,BEST_SELLER,banyo,banyo,14,1,158,158,2,-100,31.5,33.5,952486288,380979,AYGÖREN HOME 3 Lü Kare Stil Pinterest Sepet Dekoratif Ev Düzenleyici,AYGÖREN HOME,Sepet,https://www.trendyol.com/aygoren-home/3-lu-kare-stil-pinterest-sepet-dekoratif-ev-duzenleyici-p-952486288?boutiqueId=61&merchantId=380979,Mutlu Pastacılık ve Malzemeleri,89,279.9,,,40.7,TRY,"[""Kargo Bedava""]",InStock,100 adetten fazla stok sunulmuştur,Son 3 günde 500+ ürün satıldı!,500,4.4,960,480,7,45,"5,8B kişinin sepetinde","74,5B kişi favoriledi","Son 24 saatte 2,2B kişi görüntüledi",4999,TRY,0,,1,3,51 dakika 50 saniye içinde sipariş verirsen en geç bugün kargoda!,En Çok Satan 2. Ürün,https://cdn.dsmcdn.com/ty1704/prod/QC_PREP/20250704/15/fd5eb084-6b09-397d-b5a7-a71c11573443/1_org_zoom.jpg,"{""Materyal"":""Hasır"",""Renk"":""Kahverengi"",""Boyut/Ebat"":""30 x 30"",""Hacim"":""2,9 L"",""Parça Sayısı"":""3"",""Yıkama Talimatı"":""T101"",""Materyal Bileşeni"":""Hasır Bambu"",""Menşei"":""CN""}",20,5,refreshed,"[""daily_top""]",true,2026-08-17T10:00:10+03:00,0,"[""search_result_dom"",""product_detail_jsonld"",""product_detail_dom""]","{""title"":""observed"",""brand"":""observed"",""seller_name"":""observed"",""seller_score"":""observed"",""price"":""observed"",""original_price"":""unavailable"",""campaigns"":""observed"",""stock_status"":""observed"",""stock_signal"":""observed"",""rating"":""observed"",""rating_count"":""observed"",""review_count"":""observed"",""question_count"":""observed"",""delivery_summary"":""observed"",""shipping_cost"":""observed"",""properties"":""observed""}",true,
2026-08-17,2026-08-17T10:00:10+03:00,ev-yasam,BEST_SELLER,banyo,banyo,15,1,159,159,3,-106,31.4,16.1,754534944,550676,zabata Dolap Içi Düzenleyici Organizer Tezgah Banyo Tabak Bardak Mutfak Banyo Düzenleme,zabata,Dolap İçi Düzenleyici,https://www.trendyol.com/zabata/dolap-ici-duzenleyici-organizer-tezgah-banyo-tabak-bardak-mutfak-banyo-duzenleme-p-754534944?boutiqueId=61&merchantId=550676,Zabata Türkiye,94,149,,,0,TRY,"[""Kargo Bedava""]",InStock,100 adetten fazla stok sunulmuştur,Son 3 günde 250+ ürün satıldı!,250,4.5,3476,1973,2,173,"1,5B kişinin sepetinde","104,9B kişi favoriledi",Son 24 saatte 911 kişi görüntüledi,4999,TRY,0,,1,3,51 dakika 50 saniye içinde sipariş verirsen en geç bugün kargoda!,En Çok Satan 3. Ürün,https://cdn.dsmcdn.com/ty1337/product/media/images/prod/QC/20240528/09/bcc6ae61-6cab-31cd-bc35-c70a7ecfb2d1/1_org_zoom.jpg,"{""Parça Sayısı"":""1 Parça"",""Materyal"":""Metal"",""Boyut/Ebat"":""30 x 30"",""Renk"":""Siyah"",""Materyal Bileşeni"":""Metal Üzeri Elektrostatik Boya"",""Menşei"":""TR""}",20,5,refreshed,"[""daily_top""]",true,2026-08-17T10:00:10+03:00,0,"[""search_result_dom"",""product_detail_jsonld"",""product_detail_dom""]","{""title"":""observed"",""brand"":""observed"",""seller_name"":""observed"",""seller_score"":""observed"",""price"":""observed"",""original_price"":""unavailable"",""campaigns"":""observed"",""stock_status"":""observed"",""stock_signal"":""observed"",""rating"":""observed"",""rating_count"":""observed"",""review_count"":""observed"",""question_count"":""observed"",""delivery_summary"":""observed"",""shipping_cost"":""observed"",""properties"":""observed""}",true,
2026-08-17,2026-08-17T10:00:10+03:00,ev-yasam,BEST_SELLER,banyo,banyo,16,1,160,160,4,-86,34.6,12.9,811173329,880842,teknotrust Mutfak Kaydırmaz Şeffaf Raflık Kaymaz Dolap İçi Çekmece Örtüsü Pvc 45x300 Cm Koruyucu Eva Kalınn,teknotrust,,https://www.trendyol.com/teknotrust/mutfak-kaydirmaz-seffaf-raflik-kaymaz-dolap-ici-cekmece-ortusu-pvc-45x300-cm-koruyucu-eva-kalinn-p-811173329?boutiqueId=61&merchantId=880842,Lara İSTOÇ,88,199.99,,,0,TRY,"[""Kargo Bedava"",""Trendyol Plus'a Özel""]",InStock,100 adetten fazla stok sunulmuştur,Son 3 günde 250+ ürün satıldı!,250,4.4,5053,,0,503,"1,9B kişinin sepetinde",144B kişi favoriledi,"Son 24 saatte 1,7B kişi görüntüledi",,,0,,,,1 saat 51 dakika içinde sipariş verirsen en geç bugün kargoda!,En Çok Satan 4. Ürün,,{},0,,refreshed,"[""daily_top""]",true,2026-08-17T10:00:10+03:00,0,"[""search_result_dom"",""product_detail_jsonld"",""product_detail_dom""]","{""title"":""observed"",""brand"":""observed"",""seller_name"":""observed"",""seller_score"":""observed"",""price"":""observed"",""original_price"":""unavailable"",""campaigns"":""observed"",""stock_status"":""observed"",""stock_signal"":""observed"",""rating"":""observed"",""rating_count"":""observed"",""review_count"":""unavailable"",""question_count"":""observed"",""delivery_summary"":""observed"",""shipping_cost"":""unavailable"",""properties"":""observed""}",true,
2026-08-17,2026-08-17T10:00:10+03:00,ev-yasam,BEST_SELLER,banyo,banyo,17,1,161,161,3,-117,31.2,16.3,831620233,120834,Hagen 6lı Kapı Arkası Askılık Banyo Askısı Duvar Askısı Elbise Kıyafet Askısı Premium Üretim,Hagen,,https://www.trendyol.com/hagen/6li-kapi-arkasi-askilik-banyo-askisi-duvar-askisi-elbise-kiyafet-askisi-premium-uretim-p-831620233?boutiqueId=61&merchantId=120834,HAGEN HOME,96,189.74,,,0,TRY,"[""Kargo Bedava""]",InStock,100 adetten fazla stok sunulmuştur,Son 3 günde 250+ ürün satıldı!,250,4.6,1879,,0,124,"1,3B kişinin sepetinde","47,8B kişi favoriledi","Son 24 saatte 1,2B kişi görüntüledi",,,0,,,,4 saat 51 dakika içinde sipariş verirsen en geç bugün kargoda!,En Çok Satan 3. Ürün,,{},0,,refreshed,"[""daily_top"",""hot_change""]",true,2026-08-17T10:00:10+03:00,0,"[""search_result_dom"",""product_detail_jsonld"",""product_detail_dom""]","{""title"":""observed"",""brand"":""observed"",""seller_name"":""observed"",""seller_score"":""observed"",""price"":""observed"",""original_price"":""unavailable"",""campaigns"":""observed"",""stock_status"":""observed"",""stock_signal"":""observed"",""rating"":""observed"",""rating_count"":""observed"",""review_count"":""unavailable"",""question_count"":""observed"",""delivery_summary"":""observed"",""shipping_cost"":""unavailable"",""properties"":""observed""}",true,
2026-08-17,2026-08-17T10:00:10+03:00,ev-yasam,BEST_SELLER,banyo,banyo,18,1,162,162,,-64,42.5,17.8,797264329,652389,"KARTEYA 10 lu Güçlü Kendinden Yapışkanlı Kancalar Köşe Rafı Banyo Rafı Duş Rafı Kancası, Su Geçirmez Askı",KARTEYA,Banyo Askısı,https://www.trendyol.com/karteya/10-lu-guclu-kendinden-yapiskanli-kancalar-kose-rafi-banyo-rafi-dus-rafi-kancasi-su-gecirmez-aski-p-797264329?boutiqueId=61&merchantId=652389,EYA Grup,91,61.18,70.18,12.8,-8.2,TRY,"[""Son 10 Günün En Düşük Fiyatı"",""Kargo Bedava"",""Son 10 günün en düşük fiyatı"",""Trendyol Plus'a Özel""]",InStock,100 adetten fazla stok sunulmuştur,Son 3 günde 250+ ürün satıldı!,250,4.5,2538,1211,1,115,1B kişinin sepetinde,"20,7B kişi favoriledi",Son 24 saatte 616 kişi görüntüledi,4999,TRY,0,1,1,3,13 saat 51 dakika içinde sipariş verirsen en geç yarın kargoda!,,https://cdn.dsmcdn.com/ty1660/prod/QC/20250407/20/58fcc7d3-3528-300e-bbe3-3dcee79a1563/1_org_zoom.jpg,"{""Renk"":""Çok Renkli"",""Tip"":""Askı Seti"",""Diğer Özellikler"":""Sihirli yapışkanı görseldeki kullanım talimatına uygun yapıştırınız."",""Menşei"":""TR"",""Bakım Talimatları (Genel)"":""Nemli bir bezle silin.""}",20,5,refreshed,"[""daily_top""]",true,2026-08-17T10:00:10+03:00,0,"[""search_result_dom"",""product_detail_jsonld"",""product_detail_dom""]","{""title"":""observed"",""brand"":""observed"",""seller_name"":""observed"",""seller_score"":""observed"",""price"":""observed"",""original_price"":""observed"",""campaigns"":""observed"",""stock_status"":""observed"",""stock_signal"":""observed"",""rating"":""observed"",""rating_count"":""observed"",""review_count"":""observed"",""question_count"":""observed"",""delivery_summary"":""observed"",""shipping_cost"":""observed"",""properties"":""observed""}",true,
2026-08-17,2026-08-17T10:00:10+03:00,ev-yasam,BEST_SELLER,banyo,banyo,19,1,163,163,4,-142,16.9,13.1,1087970728,638780,BEYZANA 1 Adet Paspas Süpürge Fırça ve Mop Askısı Sap Tutucu Mutfak Askı,BEYZANA,Banyo Askısı,https://www.trendyol.com/beyzana/1-adet-paspas-supurge-firca-ve-mop-askisi-sap-tutucu-mutfak-aski-p-1087970728?boutiqueId=61&merchantId=638780,BEYZANA,1,24.99,,,0,TRY,[],InStock,100 adetten fazla stok sunulmuştur,Son 3 günde 250+ ürün satıldı!,,3.9,312,128,1,,,,,4999,TRY,0,1,1,3,13 saat 51 dakika içinde sipariş verirsen en geç yarın kargoda!,En Çok Satan 4. Ürün,https://cdn.dsmcdn.com/ty1932/prod/QC_ENRICHMENT/20260428/14/000afb75-e383-3dca-8772-638f079aa563/1_org_zoom.jpg,"{""Renk"":""Beyaz"",""Menşei"":""CN""}",20,5,refreshed,"[""daily_top"",""hot_change""]",true,2026-08-17T10:00:10+03:00,0,"[""search_result_dom"",""product_detail_jsonld"",""product_detail_dom""]","{""title"":""observed"",""brand"":""observed"",""seller_name"":""observed"",""seller_score"":""observed"",""price"":""observed"",""original_price"":""unavailable"",""campaigns"":""unavailable"",""stock_status"":""observed"",""stock_signal"":""observed"",""rating"":""observed"",""rating_count"":""observed"",""review_count"":""observed"",""question_count"":""unavailable"",""delivery_summary"":""observed"",""shipping_cost"":""observed"",""properties"":""observed""}",true,
2026-08-17,2026-08-17T10:00:10+03:00,ev-yasam,BEST_SELLER,banyo,banyo,20,1,164,164,,-29,0,,862906981,242433,"Mowo Home Beyaz 2 Katlı Düzenleyici Mutfak Rafı Banyo Rafı, Dolap Tezgah Altı Evye Altı Deterjanlık",Mowo Home,,https://www.trendyol.com/mowo-home/beyaz-2-katli-duzenleyici-mutfak-rafi-banyo-rafi-dolap-tezgah-alti-evye-alti-deterjanlik-p-862906981?boutiqueId=61&merchantId=242433,,,249.9,,,0,TRY,"[""Trendyol Plus'a Özel""]",InStock,,Son 3 günde 250+ ürün satıldı!,,,,,0,,,,,,,0,,,,,,,{},0,,refreshed,"[""daily_top""]",true,2026-08-17T10:00:10+03:00,0,"[""search_result_dom"",""product_detail_jsonld"",""product_detail_dom""]","{""title"":""observed"",""brand"":""observed"",""seller_name"":""unavailable"",""seller_score"":""unavailable"",""price"":""observed"",""original_price"":""unavailable"",""campaigns"":""observed"",""stock_status"":""observed"",""stock_signal"":""unavailable"",""rating"":""unavailable"",""rating_count"":""unavailable"",""review_count"":""unavailable"",""question_count"":""unavailable"",""delivery_summary"":""unavailable"",""shipping_cost"":""unavailable"",""properties"":""observed""}",true,
2026-08-17,2026-08-17T10:00:10+03:00,ev-yasam,BEST_SELLER,banyo,banyo,21,1,165,165,4,-108,13.7,16.3,1157720604,1142113,"Fast Story Beyaz Amerikan Kapı Arkası Askılık Mutfak Banyo Düzenleyici , Elbise Askısı, Askılık, Askı, Plastik Askı",Fast Story,Askılık,https://www.trendyol.com/fast-story/beyaz-amerikan-kapi-arkasi-askilik-mutfak-banyo-duzenleyici-elbise-askisi-askilik-aski-plastik-aski-p-1157720604?boutiqueId=61&merchantId=1142113,Fast Story,,34.99,,,0,TRY,[],InStock,100 adetten fazla stok sunulmuştur,Son 3 günde 250+ ürün satıldı!,,3.6,103,51,1,,,,,4999,TRY,0,,1,3,,En Çok Satan 4. Ürün,https://cdn.dsmcdn.com/ty1906/prod/QC_ENRICHMENT/20260623/13/4a99d3d3-7b3a-3bda-bbf9-6dd685719ee3/1_org_zoom.jpg,"{""Materyal"":""Plastik"",""Renk"":""Beyaz"",""Yükseklik"":""9 cm"",""Genişlik"":""30 cm"",""Askılık Tipi"":""Ayaklı Askılık"",""Stil"":""Modern"",""Menşei"":""TR""}",20,5,refreshed,"[""daily_top""]",true,2026-08-17T10:00:10+03:00,0,"[""search_result_dom"",""product_detail_jsonld"",""product_detail_dom""]","{""title"":""observed"",""brand"":""observed"",""seller_name"":""observed"",""seller_score"":""unavailable"",""price"":""observed"",""original_price"":""unavailable"",""campaigns"":""unavailable"",""stock_status"":""observed"",""stock_signal"":""observed"",""rating"":""observed"",""rating_count"":""observed"",""review_count"":""observed"",""question_count"":""unavailable"",""delivery_summary"":""unavailable"",""shipping_cost"":""observed"",""properties"":""observed""}",true,
2026-08-17,2026-08-17T10:00:10+03:00,ev-yasam,BEST_SELLER,banyo,banyo,22,1,166,166,,-65,33.7,13.8,748165402,652389,KARTEYA Yapışkanlı 4 lü Siyah Uzun Havluluk Rulo Havluluk Wc Tuvalet Kağıtlık Yuvarlak Havluluk Set,KARTEYA,Banyo Askısı,https://www.trendyol.com/karteya/yapiskanli-4-lu-siyah-uzun-havluluk-rulo-havluluk-wc-tuvalet-kagitlik-yuvarlak-havluluk-set-p-748165402?boutiqueId=61&merchantId=652389,EYA Grup,91,194.75,,,0,TRY,"[""20 TL Kupon"",""Kargo Bedava"",""Trendyol Plus'a Özel""]",InStock,100 adetten fazla stok sunulmuştur,Son 3 günde 250+ ürün satıldı!,250,4.4,7137,3877,10,512,"2,8B kişinin sepetinde","123,8B kişi favoriledi","Son 24 saatte 1,2B kişi görüntüledi",4999,TRY,0,1,1,3,13 saat 51 dakika içinde sipariş verirsen en geç yarın kargoda!,En Çok Ziyaret Edilen 1. Ürün,https://cdn.dsmcdn.com/ty1352/product/media/images/prod/QC/20240606/11/47b4ace1-563c-376c-9ba3-53b57086bf77/1_org_zoom.jpg,"{""Renk"":""Siyah"",""Tip"":""Havlu Askılığı"",""Diğer Özellikler"":""Çok amaçlı"",""Menşei"":""TR"",""Bakım Talimatları (Genel)"":""Ürünün kullanım ömrünü korumak için ürüne özel bakım talimatlarını takip ediniz.""}",20,5,refreshed,"[""daily_top""]",true,2026-08-17T10:00:10+03:00,0,"[""search_result_dom"",""product_detail_jsonld"",""product_detail_dom""]","{""title"":""observed"",""brand"":""observed"",""seller_name"":""observed"",""seller_score"":""observed"",""price"":""observed"",""original_price"":""unavailable"",""campaigns"":""observed"",""stock_status"":""observed"",""stock_signal"":""observed"",""rating"":""observed"",""rating_count"":""observed"",""review_count"":""observed"",""question_count"":""observed"",""delivery_summary"":""observed"",""shipping_cost"":""observed"",""properties"":""observed""}",true,
2026-08-17,2026-08-17T10:00:10+03:00,ev-yasam,BEST_SELLER,banyo,banyo,23,1,167,167,2,-134,29,18.5,844923390,996376,VİE HOUSE Yapışkanlı Siyah Kağıt Havluluk Rulo Havluluk Peçetelik Yapışkanlı Tasarım Askı,VİE HOUSE,Peçetelik,https://www.trendyol.com/vie-house/yapiskanli-siyah-kagit-havluluk-rulo-havluluk-pecetelik-yapiskanli-tasarim-aski-p-844923390?boutiqueId=61&merchantId=996376,VİE HOUSE,94,61.49,,,0,TRY,"[""Kargo Bedava""]",InStock,100 adetten fazla stok sunulmuştur,Son 3 günde 250+ ürün satıldı!,250,4.5,2063,1008,10,77,"2,4B kişinin sepetinde","78,2B kişi favoriledi",Son 24 saatte 685 kişi görüntüledi,4999,TRY,0,,1,3,1 saat 51 dakika içinde sipariş verirsen en geç bugün kargoda!,En Çok Satan 2. Ürün,https://cdn.dsmcdn.com/ty1782/prod/QC_ENRICHMENT/20251030/15/eeca7963-57a5-3c4a-8ba4-d833ef60a532/1_org_zoom.jpg,"{""Boyut/Ebat"":""25 x 6"",""Renk"":""Siyah"",""Materyal"":""Metal"",""Menşei"":""TR"",""Bakım Talimatları (Genel)"":""Nemli bir bezle silin.""}",20,5,refreshed,"[""daily_top"",""hot_change""]",true,2026-08-17T10:00:10+03:00,0,"[""search_result_dom"",""product_detail_jsonld"",""product_detail_dom""]","{""title"":""observed"",""brand"":""observed"",""seller_name"":""observed"",""seller_score"":""observed"",""price"":""observed"",""original_price"":""unavailable"",""campaigns"":""observed"",""stock_status"":""observed"",""stock_signal"":""observed"",""rating"":""observed"",""rating_count"":""observed"",""review_count"":""observed"",""question_count"":""observed"",""delivery_summary"":""observed"",""shipping_cost"":""observed"",""properties"":""observed""}",true,
2026-08-17,2026-08-17T10:00:10+03:00,ev-yasam,BEST_SELLER,banyo,banyo,24,1,168,168,,-48,34.5,13,737691218,349661,risingmaber Metal Beyaz Amerikan Kapı Arkası Askılık Organizer Askılık Ve Mutfak Banyo Kapı Arkası Askılık Mt60b,risingmaber,Askılık,https://www.trendyol.com/risingmaber/metal-beyaz-amerikan-kapi-arkasi-askilik-organizer-askilik-ve-mutfak-banyo-kapi-arkasi-askilik-mt60b-p-737691218?boutiqueId=61&merchantId=349661,Risingmaber,95,159.99,,,-5.9,TRY,"[""Kargo Bedava""]",InStock,100 adetten fazla stok sunulmuştur,Son 3 günde 250+ ürün satıldı!,250,4.4,9339,4935,-14,462,"1,4B kişinin sepetinde",128B kişi favoriledi,Son 24 saatte 863 kişi görüntüledi,4999,TRY,0,,1,3,4 saat 51 dakika içinde sipariş verirsen en geç bugün kargoda!,,https://cdn.dsmcdn.com/ty1704/prod/QC_ENRICHMENT/20250705/15/13754b4c-01f1-3dcb-abfc-63baf0351313/1_org_zoom.jpg,"{""Materyal"":""Metal"",""Renk"":""Beyaz"",""Yükseklik"":""10 cm"",""Genişlik"":""40 cm"",""Askılık Tipi"":""Duvara Monte"",""Stil"":""Modern"",""Tema / Stil"":""Modern"",""Menşei"":""TR""}",20,5,refreshed,"[""daily_top""]",true,2026-08-17T10:00:10+03:00,0,"[""search_result_dom"",""product_detail_jsonld"",""product_detail_dom""]","{""title"":""observed"",""brand"":""observed"",""seller_name"":""observed"",""seller_score"":""observed"",""price"":""observed"",""original_price"":""unavailable"",""campaigns"":""observed"",""stock_status"":""observed"",""stock_signal"":""observed"",""rating"":""observed"",""rating_count"":""observed"",""review_count"":""observed"",""question_count"":""observed"",""delivery_summary"":""observed"",""shipping_cost"":""observed"",""properties"":""observed""}",true,
2026-08-17,2026-08-17T10:00:10+03:00,ev-yasam,BEST_SELLER,banyo,banyo,25,2,169,169,6,-52,29.1,18.4,889725373,550676,zabata Yapışkanlı 2 Adet Çift Kancalı Banyo Mutfak Askısı Metal Askılık Duvar Askı Organizer,zabata,Banyo Askısı,https://www.trendyol.com/zabata/yapiskanli-2-adet-cift-kancali-banyo-mutfak-askisi-metal-askilik-duvar-aski-organizer-p-889725373?boutiqueId=61&merchantId=550676,Zabata Türkiye,94,117.8,,,0,TRY,"[""Kargo Bedava"",""Trendyol Plus'a Özel""]",InStock,100 adetten fazla stok sunulmuştur,Son 3 günde 250+ ürün satıldı!,250,4.6,2272,1017,5,84,"1,2B kişinin sepetinde","32,4B kişi favoriledi",Son 24 saatte 491 kişi görüntüledi,4999,TRY,0,,1,3,51 dakika 29 saniye içinde sipariş verirsen en geç bugün kargoda!,En Çok Satan 6. Ürün,https://cdn.dsmcdn.com/ty1620/prod/QC/20250108/09/66bbac6d-f6d2-37fe-9416-90a6686322ae/1_org_zoom.jpg,"{""Renk"":""Siyah"",""Tip"":""Askı Seti"",""Diğer Özellikler"":""2'Li Çok Yönlü Kullanım"",""Menşei"":""TR"",""Bakım Talimatları (Genel)"":""Nemli bir bezle silin.""}",20,5,refreshed,"[""daily_top""]",true,2026-08-17T10:00:10+03:00,0,"[""search_result_dom"",""product_detail_jsonld"",""product_detail_dom""]","{""title"":""observed"",""brand"":""observed"",""seller_name"":""observed"",""seller_score"":""observed"",""price"":""observed"",""original_price"":""unavailable"",""campaigns"":""observed"",""stock_status"":""observed"",""stock_signal"":""observed"",""rating"":""observed"",""rating_count"":""observed"",""review_count"":""observed"",""question_count"":""observed"",""delivery_summary"":""observed"",""shipping_cost"":""observed"",""properties"":""observed""}",true,
2026-08-17,2026-08-17T10:00:10+03:00,ev-yasam,BEST_SELLER,banyo,banyo,26,2,170,170,2,,32.4,15.1,96419684,119640,Meleni Home 3'lü Set Katlanabilir Çamaşır Sepeti Katlanabilir Akordiyon Su Kovası,Meleni Home,Çamaşır Sepeti,https://www.trendyol.com/meleni-home/3-lu-set-katlanabilir-camasir-sepeti-katlanabilir-akordiyon-su-kovasi-p-96419684?boutiqueId=61&merchantId=119640,MeleniHome,87,543.9,,,,TRY,"[""Kargo Bedava""]",InStock,100 adetten fazla stok sunulmuştur,Son 3 günde 250+ ürün satıldı!,250,4.5,4629,2647,,173,"1,1B kişinin sepetinde","77,4B kişi favoriledi","Son 24 saatte 1,7B kişi görüntüledi",4999,TRY,0,2,1,5,Tahmini Teslim:,En Çok Satan 2. Ürün,https://cdn.dsmcdn.com/ty1001/product/media/images/prod/SPM/PIM/20230914/12/1b7d8606-17b1-380f-b9e3-9b1554fce067/1_org_zoom.jpg,"{""Materyal"":""Plastik"",""Renk"":""Gri"",""Hacim"":""26 L"",""Boyut/Ebat"":""55 x 35"",""Yıkama Talimatı"":""T101"",""Materyal Bileşeni"":""%30 Silikon, %70 Polipropilen"",""Menşei"":""TR""}",20,5,refreshed,"[""daily_top""]",true,2026-08-17T10:00:10+03:00,0,"[""search_result_dom"",""product_detail_jsonld"",""product_detail_dom""]","{""title"":""observed"",""brand"":""observed"",""seller_name"":""observed"",""seller_score"":""observed"",""price"":""observed"",""original_price"":""unavailable"",""campaigns"":""observed"",""stock_status"":""observed"",""stock_signal"":""observed"",""rating"":""observed"",""rating_count"":""observed"",""review_count"":""observed"",""question_count"":""observed"",""delivery_summary"":""observed"",""shipping_cost"":""observed"",""properties"":""observed""}",true,
2026-08-17,2026-08-17T10:00:10+03:00,ev-yasam,BEST_SELLER,banyo,banyo,27,2,171,171,1,-50,31.9,15.6,883959353,135535,Devecioğlu Harbinger MM016 ALENDA (Siyah) Kalın Borulu Çamaşır Kurutma Askılığı,Devecioğlu,Çamaşırlık,https://www.trendyol.com/devecioglu/harbinger-mm016-alenda-siyah-kalin-borulu-camasir-kurutma-askiligi-p-883959353?boutiqueId=61&merchantId=135535,billhom,93,959,,,0,TRY,"[""Kargo Bedava""]",InStock,100 adetten fazla stok sunulmuştur,Son 3 günde 250+ ürün satıldı!,250,4.4,4795,2286,8,294,"2,3B kişinin sepetinde","84,5B kişi favoriledi","Son 24 saatte 2,1B kişi görüntüledi",4999,TRY,0,2,1,5,13 saat 51 dakika içinde sipariş verirsen en geç yarın kargoda!,En Çok Satan 1. Ürün,https://cdn.dsmcdn.com/ty1858/prod/QC_ENRICHMENT/20260423/13/fcdc93f7-d69e-305f-93d8-275c953803bf/1_org_zoom.jpg,"{""Renk"":""Siyah"",""Materyal"":""Metal"",""Menşei"":""TR""}",20,5,refreshed,"[""daily_top""]",true,2026-08-17T10:00:10+03:00,0,"[""search_result_dom"",""product_detail_jsonld"",""product_detail_dom""]","{""title"":""observed"",""brand"":""observed"",""seller_name"":""observed"",""seller_score"":""observed"",""price"":""observed"",""original_price"":""unavailable"",""campaigns"":""observed"",""stock_status"":""observed"",""stock_signal"":""observed"",""rating"":""observed"",""rating_count"":""observed"",""review_count"":""observed"",""question_count"":""observed"",""delivery_summary"":""observed"",""shipping_cost"":""observed"",""properties"":""observed""}",true,
2026-08-17,2026-08-17T10:00:10+03:00,ev-yasam,BEST_SELLER,banyo,banyo,28,2,172,172,,-18,34.4,13.1,794694788,550676,zabata Yapışkanlı Raflı Kağıt Rulo Havluluk Peçetelik Havlu Kağıltlık Siyah Banyo Mutfak Düzenleyici Raf,zabata,Peçetelik,https://www.trendyol.com/zabata/yapiskanli-rafli-kagit-rulo-havluluk-pecetelik-havlu-kagiltlik-siyah-banyo-mutfak-duzenleyici-raf-p-794694788?boutiqueId=61&merchantId=550676,Zabata Türkiye,94,149,,,0,TRY,"[""Kargo Bedava""]",InStock,100 adetten fazla stok sunulmuştur,Son 3 günde 250+ ürün satıldı!,250,4.6,9031,4723,3,458,"1,8B kişinin sepetinde","110,8B kişi favoriledi",Son 24 saatte 848 kişi görüntüledi,4999,TRY,0,,1,3,51 dakika 24 saniye içinde sipariş verirsen en geç bugün kargoda!,,https://cdn.dsmcdn.com/ty1646/prod/QC/20250228/17/9a0a41ff-31f1-3e62-beb4-e92a56d169b6/1_org_zoom.jpg,"{""Renk"":""Siyah"",""Menşei"":""TR""}",20,5,refreshed,"[""daily_top""]",true,2026-08-17T10:00:10+03:00,0,"[""search_result_dom"",""product_detail_jsonld"",""product_detail_dom""]","{""title"":""observed"",""brand"":""observed"",""seller_name"":""observed"",""seller_score"":""observed"",""price"":""observed"",""original_price"":""unavailable"",""campaigns"":""observed"",""stock_status"":""observed"",""stock_signal"":""observed"",""rating"":""observed"",""rating_count"":""observed"",""review_count"":""observed"",""question_count"":""observed"",""delivery_summary"":""observed"",""shipping_cost"":""observed"",""properties"":""observed""}",true,
2026-08-17,2026-08-17T10:00:10+03:00,ev-yasam,BEST_SELLER,banyo,banyo,29,2,173,173,1,-64,24.7,22.8,933924241,1007142,"Calmera Çizgili Peştemal | Pamuk - Doğal Saçaklı | Plaj, Havuz, Spa, Sauna, Spor, Seyahat Havlusu - Bej",Calmera,,https://www.trendyol.com/calmera/cizgili-pestemal-pamuk-dogal-sacakli-plaj-havuz-spa-sauna-spor-seyahat-havlusu-bej-p-933924241?boutiqueId=61&merchantId=1007142,CALMERA,92,199.9,,,0,TRY,"[""Kargo Bedava""]",InStock,100 adetten fazla stok sunulmuştur,Son 3 günde 250+ ürün satıldı!,250,4.5,292,,0,19,2B kişinin sepetinde,"24,4B kişi favoriledi","Son 24 saatte 1,6B kişi görüntüledi",,,0,,,,51 dakika 24 saniye içinde sipariş verirsen en geç bugün kargoda!,En Çok Satan 1. Ürün,,{},0,,refreshed,"[""daily_top""]",true,2026-08-17T10:00:10+03:00,0,"[""search_result_dom"",""product_detail_jsonld"",""product_detail_dom""]","{""title"":""observed"",""brand"":""observed"",""seller_name"":""observed"",""seller_score"":""observed"",""price"":""observed"",""original_price"":""unavailable"",""campaigns"":""observed"",""stock_status"":""observed"",""stock_signal"":""observed"",""rating"":""observed"",""rating_count"":""observed"",""review_count"":""unavailable"",""question_count"":""observed"",""delivery_summary"":""observed"",""shipping_cost"":""unavailable"",""properties"":""observed""}",true,
2026-08-17,2026-08-17T10:00:10+03:00,ev-yasam,BEST_SELLER,banyo,banyo,30,2,174,174,3,-75,20.5,9.5,1035480304,1162000,EVONİTA Katlanabilir Çamaşır Leğeni 25 Lt Akordiyon Katlanır Sepet Yer Kaplamaz Pratik Banyo Düzenleyici,EVONİTA,,https://www.trendyol.com/evonita/katlanabilir-camasir-legeni-25-lt-akordiyon-katlanir-sepet-yer-kaplamaz-pratik-banyo-duzenleyici-p-1035480304?boutiqueId=61&merchantId=1162000,Evonita,88,449.99,,,52.3,TRY,"[""Kargo Bedava""]",InStock,100 adetten fazla stok sunulmuştur,,,4.8,368,,0,22,831 kişinin sepetinde,"9,8B kişi favoriledi",Son 24 saatte 755 kişi görüntüledi,,,0,,,,Tahmini Teslim:,En Çok Satan 3. Ürün,,{},0,,refreshed,"[""daily_top""]",true,2026-08-17T10:00:10+03:00,0,"[""search_result_dom"",""product_detail_jsonld"",""product_detail_dom""]","{""title"":""observed"",""brand"":""observed"",""seller_name"":""observed"",""seller_score"":""observed"",""price"":""observed"",""original_price"":""unavailable"",""campaigns"":""observed"",""stock_status"":""observed"",""stock_signal"":""observed"",""rating"":""observed"",""rating_count"":""observed"",""review_count"":""unavailable"",""question_count"":""observed"",""delivery_summary"":""observed"",""shipping_cost"":""unavailable"",""properties"":""observed""}",true,
2026-08-17,2026-08-17T10:00:10+03:00,ev-yasam,BEST_SELLER,banyo,banyo,31,2,175,175,5,9,27.7,19.8,870238213,244060,Metsar Home 2 Katlı Çok Amaçlı Makyaj Organizeri - Takı Düzenleyici Banyo Rafı Şampuanlık,Metsar Home,Makyaj Organizerı,https://www.trendyol.com/metsar-home/2-katli-cok-amacli-makyaj-organizeri-taki-duzenleyici-banyo-rafi-sampuanlik-p-870238213?boutiqueId=61&merchantId=244060,Metsar Home,2,192.77,,,2,TRY,"[""Kargo Bedava""]",InStock,100 adetten fazla stok sunulmuştur,Son 3 günde 250+ ürün satıldı!,250,4.3,1235,691,1,89,"2,5B kişinin sepetinde","74,8B kişi favoriledi","Son 24 saatte 1,7B kişi görüntüledi",4999,TRY,0,,1,3,2 saat 51 dakika içinde sipariş verirsen en geç bugün kargoda!,En Çok Satan 5. Ürün,https://cdn.dsmcdn.com/ty1923/prod/QC_ENRICHMENT/20260711/20/c1f23639-f480-3090-9f25-4a08a3881d5b/1_org_zoom.jpg,"{""Parça Sayısı"":""3"",""Materyal"":""Akrilik"",""Renk"":""Siyah"",""Menşei"":""TR"",""Bölme Sayısı"":""3"",""Persona"":""Minimal comfort""}",20,5,refreshed,"[""daily_top""]",true,2026-08-17T10:00:10+03:00,0,"[""search_result_dom"",""product_detail_jsonld"",""product_detail_dom""]","{""title"":""observed"",""brand"":""observed"",""seller_name"":""observed"",""seller_score"":""observed"",""price"":""observed"",""original_price"":""unavailable"",""campaigns"":""observed"",""stock_status"":""observed"",""stock_signal"":""observed"",""rating"":""observed"",""rating_count"":""observed"",""review_count"":""observed"",""question_count"":""observed"",""delivery_summary"":""observed"",""shipping_cost"":""observed"",""properties"":""observed""}",true,
2026-08-17,2026-08-17T10:00:10+03:00,ev-yasam,BEST_SELLER,banyo,banyo,32,2,176,176,7,-73,13,17,1087972788,638780,BEYZANA 10 Adet Güçlü Kendinden Yapışkanlı Raf Çerçeve Tutucu Kanca Askı,BEYZANA,Banyo Askısı,https://www.trendyol.com/beyzana/10-adet-guclu-kendinden-yapiskanli-raf-cerceve-tutucu-kanca-aski-p-1087972788?boutiqueId=61&merchantId=638780,BEYZANA,10,34.99,,,6.1,TRY,"[""Kargo Bedava""]",InStock,100 adetten fazla stok sunulmuştur,,,4,119,41,1,11,678 kişinin sepetinde,"5,4B kişi favoriledi",Son 24 saatte 528 kişi görüntüledi,4999,TRY,0,1,1,3,13 saat 51 dakika içinde sipariş verirsen en geç yarın kargoda!,En Çok Satan 7. Ürün,https://cdn.dsmcdn.com/ty1829/prod/QC_ENRICHMENT/20260217/00/410c7f2c-5fca-3be7-8ca7-b7f264818349/1_org_zoom.jpg,"{""Renk"":""Beyaz"",""Menşei"":""CN""}",20,5,refreshed,"[""daily_top""]",true,2026-08-17T10:00:10+03:00,0,"[""search_result_dom"",""product_detail_jsonld"",""product_detail_dom""]","{""title"":""observed"",""brand"":""observed"",""seller_name"":""observed"",""seller_score"":""observed"",""price"":""observed"",""original_price"":""unavailable"",""campaigns"":""observed"",""stock_status"":""observed"",""stock_signal"":""observed"",""rating"":""observed"",""rating_count"":""observed"",""review_count"":""observed"",""question_count"":""observed"",""delivery_summary"":""observed"",""shipping_cost"":""observed"",""properties"":""observed""}",true,
2026-08-17,2026-08-17T10:00:10+03:00,ev-yasam,BEST_SELLER,banyo,banyo,33,2,177,177,1,-7,22.4,7.6,384037037,106777,Bella Maison Pamuklu Liberty Kurulama Bezi Seti 3'lü Bej (45x65 cm),Bella Maison,Mutfak Havlusu Kurulama Bezi,https://www.trendyol.com/bella-maison/pamuklu-liberty-kurulama-bezi-seti-3-lu-bej-45x65-cm-p-384037037?boutiqueId=61&merchantId=106777,Bella Maison,,176.28,,,0,TRY,"[""Kargo Bedava"",""Trendyol Plus'a Özel""]",InStock,100 adetten fazla stok sunulmuştur,,,4.7,1285,623,6,11,"2,8B kişinin sepetinde",70B kişi favoriledi,Son 24 saatte 1B kişi görüntüledi,4999,TRY,0,2,1,5,Tahmini Teslim:,En Çok Satan 1. Ürün,https://cdn.dsmcdn.com/ty1831/prod/QC_ENRICHMENT/20260228/19/600d9025-a8a5-3068-b8ae-f67cbcfbbf73/1_org_zoom.jpg,"{""Setli/Tekil"":""Setli Ürün"",""Boyut/Ebat"":""45 x 65"",""Renk"":""Bej"",""Materyal"":""Müslin"",""Parça Sayısı"":""3"",""Desen"":""Nakışlı / İşlemeli"",""Yıkama Talimatı"":""Type 1"",""Materyal Bileşeni"":""100% Pamuk"",""Menşei"":""TR""}",20,5,refreshed,"[""daily_top""]",true,2026-08-17T10:00:10+03:00,0,"[""search_result_dom"",""product_detail_jsonld"",""product_detail_dom""]","{""title"":""observed"",""brand"":""observed"",""seller_name"":""observed"",""seller_score"":""unavailable"",""price"":""observed"",""original_price"":""unavailable"",""campaigns"":""observed"",""stock_status"":""observed"",""stock_signal"":""observed"",""rating"":""observed"",""rating_count"":""observed"",""review_count"":""observed"",""question_count"":""observed"",""delivery_summary"":""observed"",""shipping_cost"":""observed"",""properties"":""observed""}",true,
2026-08-17,2026-08-17T10:00:10+03:00,ev-yasam,BEST_SELLER,banyo,banyo,34,2,178,178,,-27,28.4,1.6,898542774,180667,Nandy Home SmartDuo İki Bölmeli Çamaşır Sepeti 84Lt.,Nandy Home,,https://www.trendyol.com/nandy-home/smartduo-iki-bolmeli-camasir-sepeti-84lt-p-898542774?boutiqueId=61&merchantId=180667,Nandy Home,,1105.97,,,0,TRY,"[""Kargo Bedava"",""Peşin Fiyatına 3 Taksit""]",InStock,100 adetten fazla stok sunulmuştur,,,4.5,3539,,0,173,,,,,,0,,,,13 saat 51 dakika içinde sipariş verirsen en geç yarın kargoda!,En Çok Ziyaret Edilen 2. Ürün,,{},0,,refreshed,"[""daily_top""]",true,2026-08-17T10:00:10+03:00,0,"[""search_result_dom"",""product_detail_jsonld"",""product_detail_dom""]","{""title"":""observed"",""brand"":""observed"",""seller_name"":""observed"",""seller_score"":""unavailable"",""price"":""observed"",""original_price"":""unavailable"",""campaigns"":""observed"",""stock_status"":""observed"",""stock_signal"":""observed"",""rating"":""observed"",""rating_count"":""observed"",""review_count"":""unavailable"",""question_count"":""observed"",""delivery_summary"":""observed"",""shipping_cost"":""unavailable"",""properties"":""observed""}",true,
2026-08-17,2026-08-17T10:00:10+03:00,ev-yasam,BEST_SELLER,banyo,banyo,35,2,179,179,7,,24.4,5.6,1047748911,231141,ATA HOME 4 Adet Yapışkanlı Banyo Ve Mutfak Askılık Kolay Montajlı Askı Banyo Düzenleyici Duvar Dolap Askısı,ATA HOME,,https://www.trendyol.com/ata-home/4-adet-yapiskanli-banyo-ve-mutfak-askilik-kolay-montajli-aski-banyo-duzenleyici-duvar-dolap-askisi-p-1047748911?boutiqueId=61&merchantId=231141,ATA HOME,4,154,,,,TRY,"[""Kargo Bedava""]",InStock,100 adetten fazla stok sunulmuştur,,,4.1,1108,,,60,"1,8B kişinin sepetinde","47,5B kişi favoriledi","Son 24 saatte 1,1B kişi görüntüledi",,,0,,,,3 saat 51 dakika içinde sipariş verirsen en geç bugün kargoda!,En Çok Satan 7. Ürün,,{},0,,refreshed,"[""daily_top""]",true,2026-08-17T10:00:10+03:00,0,"[""search_result_dom"",""product_detail_jsonld"",""product_detail_dom""]","{""title"":""observed"",""brand"":""observed"",""seller_name"":""observed"",""seller_score"":""observed"",""price"":""observed"",""original_price"":""unavailable"",""campaigns"":""observed"",""stock_status"":""observed"",""stock_signal"":""observed"",""rating"":""observed"",""rating_count"":""observed"",""review_count"":""unavailable"",""question_count"":""observed"",""delivery_summary"":""observed"",""shipping_cost"":""unavailable"",""properties"":""observed""}",true,
2026-08-17,2026-08-17T10:00:10+03:00,ev-yasam,BEST_SELLER,banyo,banyo,36,2,180,180,,17,17.1,12.9,778559577,380979,AYGÖREN HOME Paspas Süpürge Fırça Ve Mop Askısı Sap Tutucu Mutfak Banyo Askı,AYGÖREN HOME,Banyo Askısı,https://www.trendyol.com/aygoren-home/paspas-supurge-firca-ve-mop-askisi-sap-tutucu-mutfak-banyo-aski-p-778559577?boutiqueId=61&merchantId=380979,Mutlu Pastacılık ve Malzemeleri,89,18.3,,,-2,TRY,"[""Kargo Bedava""]",InStock,100 adetten fazla stok sunulmuştur,,,3.6,336,138,2,9,754 kişinin sepetinde,"16,8B kişi favoriledi",,4999,TRY,0,,1,3,51 dakika 14 saniye içinde sipariş verirsen en geç bugün kargoda!,,https://cdn.dsmcdn.com/ty1036/product/media/images/prod/SPM/PIM/20231108/23/37ae16d6-0158-3096-917f-4dac025b6888/1_org_zoom.jpg,"{""Renk"":""Gri"",""Menşei"":""CN"",""Bakım Talimatları (Genel)"":""Ürünün kullanım ömrünü korumak için ürüne özel bakım talimatlarını takip ediniz.""}",20,5,refreshed,"[""daily_top""]",true,2026-08-17T10:00:10+03:00,0,"[""search_result_dom"",""product_detail_jsonld"",""product_detail_dom""]","{""title"":""observed"",""brand"":""observed"",""seller_name"":""observed"",""seller_score"":""observed"",""price"":""observed"",""original_price"":""unavailable"",""campaigns"":""observed"",""stock_status"":""observed"",""stock_signal"":""observed"",""rating"":""observed"",""rating_count"":""observed"",""review_count"":""observed"",""question_count"":""observed"",""delivery_summary"":""observed"",""shipping_cost"":""observed"",""properties"":""observed""}",true,
2026-08-17,2026-08-17T10:00:10+03:00,ev-yasam,BEST_SELLER,banyo,banyo,37,2,181,181,,-14,26,4,149011157,1155941,Genel Markalar Plastik Askılı Dolap Düzenleyici Dolap Içi Askılı Düzenleyici Beyaz,Genel Markalar,Dolap İçi Düzenleyici,https://www.trendyol.com/genel-markalar/plastik-askili-dolap-duzenleyici-dolap-ici-askili-duzenleyici-beyaz-p-149011157?boutiqueId=61&merchantId=1155941,TİDY HOME,94,75,,,0,TRY,"[""Kargo Bedava"",""Trendyol Plus'a Özel""]",InStock,100 adetten fazla stok sunulmuştur,,,4.1,3381,1791,0,117,"1,3B kişinin sepetinde","83,5B kişi favoriledi",Son 24 saatte 640 kişi görüntüledi,4999,TRY,0,1,1,3,1 saat 51 dakika içinde sipariş verirsen en geç bugün kargoda!,,https://cdn.dsmcdn.com/ty1704/prod/QC_ENRICHMENT/20250707/20/73f00bfe-0c5d-30e3-9239-6162794dc3e2/1_org_zoom.jpg,"{""Parça Sayısı"":""1"",""Materyal"":""Plastik"",""Boyut/Ebat"":""35 x 50"",""Renk"":""Gri"",""Materyal Bileşeni"":""%100 Plastik"",""Menşei"":""TR""}",20,5,refreshed,"[""daily_top""]",true,2026-08-17T10:00:10+03:00,0,"[""search_result_dom"",""product_detail_jsonld"",""product_detail_dom""]","{""title"":""observed"",""brand"":""observed"",""seller_name"":""observed"",""seller_score"":""observed"",""price"":""observed"",""original_price"":""unavailable"",""campaigns"":""observed"",""stock_status"":""observed"",""stock_signal"":""observed"",""rating"":""observed"",""rating_count"":""observed"",""review_count"":""observed"",""question_count"":""observed"",""delivery_summary"":""observed"",""shipping_cost"":""observed"",""properties"":""observed""}",true,
2026-08-17,2026-08-17T10:00:10+03:00,ev-yasam,BEST_SELLER,banyo,banyo,38,2,182,182,1,,23.8,6.2,939834801,152772,"ESTİ 6 Adet - 4 Lt Çok Amaçlı Dolap Içi Düzenleyici Kutu | Buzdolabı, Mutfak, Banyo, Makyaj Saklama Kabı",ESTİ,,https://www.trendyol.com/esti/6-adet-4-lt-cok-amacli-dolap-ici-duzenleyici-kutu-buzdolabi-mutfak-banyo-makyaj-saklama-kabi-p-939834801?boutiqueId=61&merchantId=152772,ESTİ,6,289.9,,,,TRY,"[""Kargo Bedava"",""Trendyol Plus'a Özel""]",InStock,100 adetten fazla stok sunulmuştur,,,4.1,945,,,57,"2,3B kişinin sepetinde","53,8B kişi favoriledi","Son 24 saatte 1,3B kişi görüntüledi",,,0,,,,13 saat 51 dakika içinde sipariş verirsen en geç yarın kargoda!,En Çok Satan 1. Ürün,,{},0,,refreshed,"[""daily_top""]",true,2026-08-17T10:00:10+03:00,0,"[""search_result_dom"",""product_detail_jsonld"",""product_detail_dom""]","{""title"":""observed"",""brand"":""observed"",""seller_name"":""observed"",""seller_score"":""observed"",""price"":""observed"",""original_price"":""unavailable"",""campaigns"":""observed"",""stock_status"":""observed"",""stock_signal"":""observed"",""rating"":""observed"",""rating_count"":""observed"",""review_count"":""unavailable"",""question_count"":""observed"",""delivery_summary"":""observed"",""shipping_cost"":""unavailable"",""properties"":""observed""}",true,
2026-08-17,2026-08-17T10:00:10+03:00,ev-yasam,BEST_SELLER,banyo,banyo,39,2,183,183,1,,31.7,0,805388339,148412,Zeynep Tekstil Range | 10'lu 50x90 cm El&Yüz Havlu Seti,Zeynep Tekstil,Havlu,https://www.trendyol.com/zeynep-tekstil/range-10-lu-50x90-cm-el-yuz-havlu-seti-p-805388339?boutiqueId=61&merchantId=148412,Seraser Home Tekstil,81,545.48,,,,TRY,"[""Kargo Bedava""]",InStock,100 adetten fazla stok sunulmuştur,,,4.1,19559,9056,,149,"2,1B kişinin sepetinde","321,2B kişi favoriledi","Son 24 saatte 1,4B kişi görüntüledi",4999,TRY,0,2,1,5,Tahmini Teslim:,En Çok Satan 1. Ürün,https://cdn.dsmcdn.com/ty1903/prod/QC_ENRICHMENT/20260709/18/adde4ccd-6308-3f81-98e4-e433631bf302/1_org_zoom.jpg,"{""Setli/Tekil"":""Setli Ürün"",""Materyal"":""Pamuklu"",""Parça Sayısı"":""10"",""Boyut/Ebat"":""50 x 90"",""Renk"":""Pembe"",""Havlu Tipi"":""El Havlusu"",""Desen"":""Düz"",""Materyal Bileşeni"":""%100 Pamuk"",""Kutu Durumu"":""Kutu yok"",""Menşei"":""TR""}",20,5,refreshed,"[""daily_top""]",true,2026-08-17T10:00:10+03:00,0,"[""search_result_dom"",""product_detail_jsonld"",""product_detail_dom""]","{""title"":""observed"",""brand"":""observed"",""seller_name"":""observed"",""seller_score"":""observed"",""price"":""observed"",""original_price"":""unavailable"",""campaigns"":""observed"",""stock_status"":""observed"",""stock_signal"":""observed"",""rating"":""observed"",""rating_count"":""observed"",""review_count"":""observed"",""question_count"":""observed"",""delivery_summary"":""observed"",""shipping_cost"":""observed"",""properties"":""observed""}",true,
2026-08-17,2026-08-17T10:00:10+03:00,ev-yasam,BEST_SELLER,banyo,banyo,40,2,184,184,2,,24.2,5.8,758637638,311243,"Vienev 2'li Deterjan Etiketli 5,5 Litre Strip Mega Boy Deterjan Saklama Kutusu Antrasit",Vienev,Saklama Kutusu,https://www.trendyol.com/vienev/2-li-deterjan-etiketli-5-5-litre-strip-mega-boy-deterjan-saklama-kutusu-antrasit-p-758637638?boutiqueId=61&merchantId=311243,Vienev,2,199.9,,,,TRY,"[""Kargo Bedava""]",InStock,100 adetten fazla stok sunulmuştur,,,4.6,2093,1054,,144,1B kişinin sepetinde,"54,2B kişi favoriledi","Son 24 saatte 1,5B kişi görüntüledi",4999,TRY,0,2,1,5,13 saat 51 dakika içinde sipariş verirsen en geç yarın kargoda!,En Çok Satan 2. Ürün,https://cdn.dsmcdn.com/ty1785/prod/QC_ENRICHMENT/20251106/15/38199318-b9b0-353d-b881-3aaeb9d8beb2/1_org_zoom.jpg,"{""Materyal"":""Plastik"",""Parça Sayısı"":""2"",""Boyut/Ebat"":""50 x 70"",""Renk"":""Gri"",""Materyal Bileşeni"":""%100 Plastik"",""Menşei"":""TR""}",20,5,refreshed,"[""daily_top""]",true,2026-08-17T10:00:10+03:00,0,"[""search_result_dom"",""product_detail_jsonld"",""product_detail_dom""]","{""title"":""observed"",""brand"":""observed"",""seller_name"":""observed"",""seller_score"":""observed"",""price"":""observed"",""original_price"":""unavailable"",""campaigns"":""observed"",""stock_status"":""observed"",""stock_signal"":""observed"",""rating"":""observed"",""rating_count"":""observed"",""review_count"":""observed"",""question_count"":""observed"",""delivery_summary"":""observed"",""shipping_cost"":""observed"",""properties"":""observed""}",true,
2026-08-17,2026-08-17T10:00:10+03:00,ev-yasam,BEST_SELLER,banyo,banyo,41,2,185,185,2,,67.9,12.1,784221006,4551,Chakra Waved %100 Pamuk El Havlusu 30x40 cm Ekru,Chakra,Havlu,https://www.trendyol.com/chakra/waved-100-pamuk-el-havlusu-30x40-cm-ekru-p-784221006?boutiqueId=61&merchantId=4551,Chakra,,129.99,259.99,50,,TRY,"[""Sepette %50 İndirim"",""Kargo Bedava""]",InStock,100 adetten fazla stok sunulmuştur,,,4.8,263,170,,7,560 kişinin sepetinde,"8,2B kişi favoriledi","Son 24 saatte 1,2B kişi görüntüledi",4999,TRY,0,2,1,5,Tahmini Teslim:,En Çok Satan 2. Ürün,https://cdn.dsmcdn.com/ty1838/prod/QC_ENRICHMENT/20260312/18/87c612b7-b937-3b1b-ab08-a7531429f5a2/1_org_zoom.jpg,"{""Materyal"":""Bambu"",""Setli/Tekil"":""Setli Ürün"",""Parça Sayısı"":""1"",""Boyut/Ebat"":""45 x 45"",""Renk"":""Beyaz"",""Havlu Tipi"":""El Havlusu"",""Desen"":""Düz"",""Materyal Bileşeni"":""%100 Pamuk"",""Yıkama Talimatı"":""T08"",""Kutu Durumu"":""Kutu yok"",""Menşei"":""TR""}",20,5,refreshed,"[""daily_top""]",true,2026-08-17T10:00:10+03:00,0,"[""search_result_dom"",""product_detail_jsonld"",""product_detail_dom""]","{""title"":""observed"",""brand"":""observed"",""seller_name"":""observed"",""seller_score"":""unavailable"",""price"":""observed"",""original_price"":""observed"",""campaigns"":""observed"",""stock_status"":""observed"",""stock_signal"":""observed"",""rating"":""observed"",""rating_count"":""observed"",""review_count"":""observed"",""question_count"":""observed"",""delivery_summary"":""observed"",""shipping_cost"":""observed"",""properties"":""observed""}",true,
2026-08-17,2026-08-17T10:00:10+03:00,ev-yasam,BEST_SELLER,banyo,banyo,42,2,186,186,,,33.2,0,56041509,237795,Cengo Çamaşır Kurutmalık Ekstra Sağlam Kurutma Askısı,Cengo,Çamaşırlık,https://www.trendyol.com/cengo/camasir-kurutmalik-ekstra-saglam-kurutma-askisi-p-56041509?boutiqueId=61&merchantId=237795,Fatihhan AVM,82,690.62,700.62,1.4,,TRY,"[""Kargo Bedava""]",InStock,100 adetten fazla stok sunulmuştur,,,3.5,16542,9315,,684,"1,2B kişinin sepetinde",136B kişi favoriledi,"Son 24 saatte 1,6B kişi görüntüledi",4999,TRY,0,2,1,5,Tahmini Teslim:,En Çok Favorilenen 1. Ürün,https://cdn.dsmcdn.com/ty1130/product/media/images/prod/SPM/PIM/20240110/15/b1740482-3548-370f-b789-5850a1035f28/1_org_zoom.jpg,"{""Renk"":""Gri"",""Materyal"":""Metal"",""Menşei"":""TR"",""Özellik"":""Uzun""}",20,5,refreshed,"[""daily_top""]",true,2026-08-17T10:00:10+03:00,0,"[""search_result_dom"",""product_detail_jsonld"",""product_detail_dom""]","{""title"":""observed"",""brand"":""observed"",""seller_name"":""observed"",""seller_score"":""observed"",""price"":""observed"",""original_price"":""observed"",""campaigns"":""observed"",""stock_status"":""observed"",""stock_signal"":""observed"",""rating"":""observed"",""rating_count"":""observed"",""review_count"":""observed"",""question_count"":""observed"",""delivery_summary"":""observed"",""shipping_cost"":""observed"",""properties"":""observed""}",true,
2026-08-17,2026-08-17T10:00:10+03:00,ev-yasam,BEST_SELLER,banyo,banyo,43,3,187,187,9,,22.7,7.3,934136617,109472,"Sas Haus 10 Adet 7x7cm Yedek Süper Güçlü Yapışkanlı Askı, 20KG Banyo - Mutfak Raf Tutucu Sticker, Delmesiz",Sas Haus,,https://www.trendyol.com/sas-haus/10-adet-7x7cm-yedek-super-guclu-yapiskanli-aski-20kg-banyo-mutfak-raf-tutucu-sticker-delmesiz-p-934136617?boutiqueId=61&merchantId=109472,SASGLOBAL,92,149.7,,,,TRY,"[""Kargo Bedava""]",InStock,100 adetten fazla stok sunulmuştur,,,4.3,685,,,52,,,,,,0,,,,5 saat 50 dakika içinde sipariş verirsen en geç bugün kargoda!,En Çok Satan 9. Ürün,,{},0,,refreshed,"[""daily_top""]",true,2026-08-17T10:00:10+03:00,0,"[""search_result_dom"",""product_detail_jsonld"",""product_detail_dom""]","{""title"":""observed"",""brand"":""observed"",""seller_name"":""observed"",""seller_score"":""observed"",""price"":""observed"",""original_price"":""unavailable"",""campaigns"":""observed"",""stock_status"":""observed"",""stock_signal"":""observed"",""rating"":""observed"",""rating_count"":""observed"",""review_count"":""unavailable"",""question_count"":""observed"",""delivery_summary"":""observed"",""shipping_cost"":""unavailable"",""properties"":""observed""}",true,
2026-08-17,2026-08-17T10:00:10+03:00,ev-yasam,BEST_SELLER,banyo,banyo,44,3,188,188,,,23.8,6.2,854332095,311243,Vienev 7'li Çekmece Içi - Dolap Içi Banyo Makyaj Takı Düzenleyici Organizer,Vienev,Dolap İçi Düzenleyici,https://www.trendyol.com/vienev/7-li-cekmece-ici-dolap-ici-banyo-makyaj-taki-duzenleyici-organizer-p-854332095?boutiqueId=61&merchantId=311243,Vienev,7,158.9,,,,TRY,[],InStock,100 adetten fazla stok sunulmuştur,,,4.6,1836,934,,,,,,4999,TRY,0,1,1,3,13 saat 50 dakika içinde sipariş verirsen en geç yarın kargoda!,,https://cdn.dsmcdn.com/ty1545/product/media/images/ty1546/prod/QC/20240916/00/66fecdc4-8b13-31f8-92e0-cb84ef1e0c21/1_org_zoom.jpg,"{""Parça Sayısı"":""7"",""Materyal"":""Plastik"",""Boyut/Ebat"":""100 x 100"",""Renk"":""Beyaz""}",20,5,refreshed,"[""daily_top""]",true,2026-08-17T10:00:10+03:00,0,"[""search_result_dom"",""product_detail_jsonld"",""product_detail_dom""]","{""title"":""observed"",""brand"":""observed"",""seller_name"":""observed"",""seller_score"":""observed"",""price"":""observed"",""original_price"":""unavailable"",""campaigns"":""unavailable"",""stock_status"":""observed"",""stock_signal"":""observed"",""rating"":""observed"",""rating_count"":""observed"",""review_count"":""observed"",""question_count"":""unavailable"",""delivery_summary"":""observed"",""shipping_cost"":""observed"",""properties"":""observed""}",true,
2026-08-17,2026-08-17T10:00:10+03:00,ev-yasam,BEST_SELLER,banyo,banyo,45,3,189,189,,,32.3,0,699199772,152772,ESTİ 6 Adet - Buzdolabı / Dolap Içi Düzenleyici Organizer,ESTİ,Buzdolabı Düzenleyici,https://www.trendyol.com/esti/6-adet-buzdolabi-dolap-ici-duzenleyici-organizer-p-699199772?boutiqueId=61&merchantId=152772,ESTİ,6,265.9,,,,TRY,"[""Kargo Bedava"",""Trendyol Plus'a Özel""]",InStock,100 adetten fazla stok sunulmuştur,,,4.2,18581,10781,,799,,,,4999,TRY,0,1,1,3,13 saat 50 dakika içinde sipariş verirsen en geç yarın kargoda!,En Çok Favorilenen 1. Ürün,https://cdn.dsmcdn.com/ty1459/product/media/images/prod/QC/20240803/20/c84d1b4a-5df6-3ad5-a67e-fbef935b43ba/1_org_zoom.jpg,"{""Parça Sayısı"":""6"",""Materyal"":""Plastik"",""Boyut/Ebat"":""35 x 50"",""Menşei"":""TR""}",20,5,refreshed,"[""daily_top""]",true,2026-08-17T10:00:10+03:00,0,"[""search_result_dom"",""product_detail_jsonld"",""product_detail_dom""]","{""title"":""observed"",""brand"":""observed"",""seller_name"":""observed"",""seller_score"":""observed"",""price"":""observed"",""original_price"":""unavailable"",""campaigns"":""observed"",""stock_status"":""observed"",""stock_signal"":""observed"",""rating"":""observed"",""rating_count"":""observed"",""review_count"":""observed"",""question_count"":""observed"",""delivery_summary"":""observed"",""shipping_cost"":""observed"",""properties"":""observed""}",true,
2026-08-17,2026-08-17T10:00:10+03:00,ev-yasam,BEST_SELLER,banyo,banyo,46,3,190,190,3,,22.3,8.7,54866443,256324,Pinkcloset Aveo 1 Adet Süzgeçli Banyo Küvet Lavabo Gider Filtresi Süzgeci Pompası Tıkacı Tıpası,Pinkcloset,Süzgeç,https://www.trendyol.com/pinkcloset/aveo-1-adet-suzgecli-banyo-kuvet-lavabo-gider-filtresi-suzgeci-pompasi-tikaci-tipasi-p-54866443?boutiqueId=61&merchantId=256324,MorzaPazari,84,20.79,21,1,,TRY,"[""Sepette %1 İndirim"",""15 TL Kupon"",""Kargo Bedava""]",InStock,100 adetten fazla stok sunulmuştur,,,3.3,881,457,,230,,"12,5B kişi favoriledi",,4999,TRY,0,1,1,3,50 dakika 54 saniye içinde sipariş verirsen en geç bugün kargoda!,En Çok Satan 3. Ürün,https://cdn.dsmcdn.com/ty762/product/media/images/20230305/22/297169708/97268447/1/1_org_zoom.jpg,"{""Materyal"":""Silikon"",""Parça Sayısı"":""1"",""Menşei"":""CN"",""Bakım Talimatları (Gıda Temas)"":""Ürünün kullanım ömrünü korumak için ürüne özel bakım talimatlarını takip ediniz.""}",20,5,refreshed,"[""daily_top""]",true,2026-08-17T10:00:10+03:00,0,"[""search_result_dom"",""product_detail_jsonld"",""product_detail_dom""]","{""title"":""observed"",""brand"":""observed"",""seller_name"":""observed"",""seller_score"":""observed"",""price"":""observed"",""original_price"":""observed"",""campaigns"":""observed"",""stock_status"":""observed"",""stock_signal"":""observed"",""rating"":""observed"",""rating_count"":""observed"",""review_count"":""observed"",""question_count"":""observed"",""delivery_summary"":""observed"",""shipping_cost"":""observed"",""properties"":""observed""}",true,
2026-08-17,2026-08-17T10:00:10+03:00,ev-yasam,BEST_SELLER,banyo,banyo,47,3,191,191,,,19.8,10.2,1061821592,953035,ARNESE HOME 6’lı Metal Yapışkanlı Siyah Mat Bornoz/Havlu Askısı,ARNESE HOME,Banyo Askısı,https://www.trendyol.com/arnese-home/6-li-metal-yapiskanli-siyah-mat-bornoz-havlu-askisi-p-1061821592?boutiqueId=61&merchantId=953035,Arnese Home,95,158.9,,,,TRY,"[""Kargo Bedava""]",InStock,100 adetten fazla stok sunulmuştur,,,4.1,617,300,,67,1B kişinin sepetinde,"21,3B kişi favoriledi",Son 24 saatte 764 kişi görüntüledi,4999,TRY,0,,1,3,50 dakika 54 saniye içinde sipariş verirsen en geç bugün kargoda!,En Çok Ziyaret Edilen 6. Ürün,https://cdn.dsmcdn.com/ty1794/prod/QC_PREP/20251204/18/15ad0b4b-017a-3289-bc8a-f2362af9f6db/1_org_zoom.jpg,"{""Renk"":""Siyah"",""Tip"":""Havlu Askılığı"",""Menşei"":""TR"",""Bakım Talimatları (Genel)"":""Nemli bir bezle silin.""}",20,5,refreshed,"[""daily_top""]",true,2026-08-17T10:00:10+03:00,0,"[""search_result_dom"",""product_detail_jsonld"",""product_detail_dom""]","{""title"":""observed"",""brand"":""observed"",""seller_name"":""observed"",""seller_score"":""observed"",""price"":""observed"",""original_price"":""unavailable"",""campaigns"":""observed"",""stock_status"":""observed"",""stock_signal"":""observed"",""rating"":""observed"",""rating_count"":""observed"",""review_count"":""observed"",""question_count"":""observed"",""delivery_summary"":""observed"",""shipping_cost"":""observed"",""properties"":""observed""}",true,
2026-08-17,2026-08-17T10:00:10+03:00,ev-yasam,BEST_SELLER,banyo,banyo,48,3,192,192,,,27.1,2.9,827953940,550676,zabata Genişleyebilir Dolap Içi Düzenleyici Organizer Tezgah Banyo Tabak Bardak Mutfak Banyo Düzenleme,zabata,Dolap İçi Düzenleyici,https://www.trendyol.com/zabata/genisleyebilir-dolap-ici-duzenleyici-organizer-tezgah-banyo-tabak-bardak-mutfak-banyo-duzenleme-p-827953940?boutiqueId=61&merchantId=550676,Zabata Türkiye,94,199,,,,TRY,"[""Kargo Bedava""]",InStock,100 adetten fazla stok sunulmuştur,,,4.4,4350,2441,,228,"1,3B kişinin sepetinde","101,5B kişi favoriledi",Son 24 saatte 673 kişi görüntüledi,4999,TRY,0,,1,3,50 dakika 55 saniye içinde sipariş verirsen en geç bugün kargoda!,,https://cdn.dsmcdn.com/ty1336/product/media/images/prod/QC/20240528/09/e3cafb52-7d5a-386c-99fe-f0fff65d61df/1_org_zoom.jpg,"{""Parça Sayısı"":""1"",""Materyal"":""Metal"",""Boyut/Ebat"":""55 x 35"",""Renk"":""Siyah"",""Materyal Bileşeni"":""metal"",""Menşei"":""TR""}",20,5,refreshed,"[""daily_top""]",true,2026-08-17T10:00:10+03:00,0,"[""search_result_dom"",""product_detail_jsonld"",""product_detail_dom""]","{""title"":""observed"",""brand"":""observed"",""seller_name"":""observed"",""seller_score"":""observed"",""price"":""observed"",""original_price"":""unavailable"",""campaigns"":""observed"",""stock_status"":""observed"",""stock_signal"":""observed"",""rating"":""observed"",""rating_count"":""observed"",""review_count"":""observed"",""question_count"":""observed"",""delivery_summary"":""observed"",""shipping_cost"":""observed"",""properties"":""observed""}",true,
2026-08-17,2026-08-17T10:00:10+03:00,ev-yasam,BEST_SELLER,banyo,banyo,49,3,193,193,,,23.5,6.5,902897343,137544,Kitchen Beauty 10 Adet Süper Güçlü Kendinden Yapışkanlı Raf Çerçeve Tutucu Kanca Askı,Kitchen Beauty,Banyo Askısı,https://www.trendyol.com/kitchen-beauty/10-adet-super-guclu-kendinden-yapiskanli-raf-cerceve-tutucu-kanca-aski-p-902897343?boutiqueId=61&merchantId=137544,Eymen Ticaret,89,49.99,,,,TRY,"[""Kargo Bedava""]",InStock,100 adetten fazla stok sunulmuştur,,,4.2,1920,853,,126,830 kişinin sepetinde,"32,2B kişi favoriledi",,4999,TRY,0,,1,3,2 saat 50 dakika içinde sipariş verirsen en geç bugün kargoda!,,https://cdn.dsmcdn.com/ty1742/prod/QC_ENRICHMENT/20250831/14/5853035a-9231-333a-82a8-250018a5caa2/1_org_zoom.jpg,"{""Renk"":""Beyaz"",""Menşei"":""TR"",""Bakım Talimatları (Genel)"":""Ürünün kullanım ömrünü korumak için ürüne özel bakım talimatlarını takip ediniz.""}",20,5,refreshed,"[""daily_top""]",true,2026-08-17T10:00:10+03:00,0,"[""search_result_dom"",""product_detail_jsonld"",""product_detail_dom""]","{""title"":""observed"",""brand"":""observed"",""seller_name"":""observed"",""seller_score"":""observed"",""price"":""observed"",""original_price"":""unavailable"",""campaigns"":""observed"",""stock_status"":""observed"",""stock_signal"":""observed"",""rating"":""observed"",""rating_count"":""observed"",""review_count"":""observed"",""question_count"":""observed"",""delivery_summary"":""observed"",""shipping_cost"":""observed"",""properties"":""observed""}",true,
2026-08-17,2026-08-17T10:00:10+03:00,ev-yasam,BEST_SELLER,banyo,banyo,50,3,194,194,5,,16.2,13.8,1156950606,119640,Meleni Home 25Lt Katlanabilir Çamaşır Sepeti - Akordiyon Silikon Kulplu Çamaşır Sepeti Banyo Düzenleyici Pembe,Meleni Home,,https://www.trendyol.com/meleni-home/25lt-katlanabilir-camasir-sepeti-akordiyon-silikon-kulplu-camasir-sepeti-banyo-duzenleyici-pembe-p-1156950606?boutiqueId=61&merchantId=119640,MeleniHome,87,291.6,,,,TRY,"[""Kargo Bedava""]",InStock,100 adetten fazla stok sunulmuştur,,,4.8,104,,,3,507 kişinin sepetinde,"5,4B kişi favoriledi",Son 24 saatte 676 kişi görüntüledi,,,0,,,,13 saat 50 dakika içinde sipariş verirsen en geç yarın kargoda!,En Çok Satan 5. Ürün,,{},0,,refreshed,"[""daily_top""]",true,2026-08-17T10:00:10+03:00,0,"[""search_result_dom"",""product_detail_jsonld"",""product_detail_dom""]","{""title"":""observed"",""brand"":""observed"",""seller_name"":""observed"",""seller_score"":""observed"",""price"":""observed"",""original_price"":""unavailable"",""campaigns"":""observed"",""stock_status"":""observed"",""stock_signal"":""observed"",""rating"":""observed"",""rating_count"":""observed"",""review_count"":""unavailable"",""question_count"":""observed"",""delivery_summary"":""observed"",""shipping_cost"":""unavailable"",""properties"":""observed""}",true,
2026-08-17,2026-08-17T10:00:10+03:00,ev-yasam,BEST_SELLER,banyo,banyo,51,3,195,195,2,,34.5,5.5,869855044,106777,Bella Maison Juno Kurulama Bezi 3'lü Hardal (45x65 cm),Bella Maison,,https://www.trendyol.com/bella-maison/juno-kurulama-bezi-3-lu-hardal-45x65-cm-p-869855044?boutiqueId=61&merchantId=106777,Bella Maison,,179.99,199.99,10,,TRY,"[""Kargo Bedava""]",InStock,100 adetten fazla stok sunulmuştur,,,4.7,1140,,,10,"2,5B kişinin sepetinde","69,9B kişi favoriledi",Son 24 saatte 700 kişi görüntüledi,,,0,,,,Tahmini Teslim:,En Çok Satan 2. Ürün,,{},0,,refreshed,"[""daily_top""]",true,2026-08-17T10:00:10+03:00,0,"[""search_result_dom"",""product_detail_jsonld"",""product_detail_dom""]","{""title"":""observed"",""brand"":""observed"",""seller_name"":""observed"",""seller_score"":""unavailable"",""price"":""observed"",""original_price"":""observed"",""campaigns"":""observed"",""stock_status"":""observed"",""stock_signal"":""observed"",""rating"":""observed"",""rating_count"":""observed"",""review_count"":""unavailable"",""question_count"":""observed"",""delivery_summary"":""observed"",""shipping_cost"":""unavailable"",""properties"":""observed""}",true,
2026-08-17,2026-08-17T10:00:10+03:00,ev-yasam,BEST_SELLER,banyo,banyo,52,3,196,196,4,,15.4,14.6,844116840,111101,omilife 10'lu Yapışkanlı Banyo Duş Gider Süzgeci Saç Yakalayıcı Tıkanıklık Önleyici,omilife,Süzgeç,https://www.trendyol.com/omilife/10-lu-yapiskanli-banyo-dus-gider-suzgeci-sac-yakalayici-tikaniklik-onleyici-p-844116840?boutiqueId=61&merchantId=111101,PLUSOMİ,93,49.99,,,,TRY,"[""Kargo Bedava""]",InStock,100 adetten fazla stok sunulmuştur,,,3.9,182,83,,10,533 kişinin sepetinde,"4,1B kişi favoriledi",,4999,TRY,0,,1,3,2 saat 50 dakika içinde sipariş verirsen en geç bugün kargoda!,En Çok Satan 4. Ürün,https://cdn.dsmcdn.com/ty1000411/product/media/images/prod/PIM/20260624/17/acfef5c8-f25f-45cd-bdb6-e2461c2a97d3/1_org_zoom.jpg,"{""Materyal"":""Krom"",""Parça Sayısı"":""3+"",""Menşei"":""TR"",""Bakım Talimatları (Gıda Temas)"":""Ürünün kullanım ömrünü korumak için ürüne özel bakım talimatlarını takip ediniz.""}",20,5,refreshed,"[""daily_top""]",true,2026-08-17T10:00:10+03:00,0,"[""search_result_dom"",""product_detail_jsonld"",""product_detail_dom""]","{""title"":""observed"",""brand"":""observed"",""seller_name"":""observed"",""seller_score"":""observed"",""price"":""observed"",""original_price"":""unavailable"",""campaigns"":""observed"",""stock_status"":""observed"",""stock_signal"":""observed"",""rating"":""observed"",""rating_count"":""observed"",""review_count"":""observed"",""question_count"":""observed"",""delivery_summary"":""observed"",""shipping_cost"":""observed"",""properties"":""observed""}",true,
2026-08-17,2026-08-17T10:00:10+03:00,ev-yasam,BEST_SELLER,banyo,banyo,53,3,197,197,,,16.2,13.8,1137436014,1258506,"STATİKA HOME Eskitme 2 Katlı Banyo Kozmetik Takı Makyaj Düzenleyici ,Çok Amaçlı Organizer ,Servis Sunum Tepsisi ,Ikramlık",STATİKA HOME,Makyaj Organizerı,https://www.trendyol.com/statika-home/eskitme-2-katli-banyo-kozmetik-taki-makyaj-duzenleyici-cok-amacli-organizer-servis-sunum-tepsisi-ikramlik-p-1137436014?boutiqueId=61&merchantId=1258506,STATİKA HOME,92,299.9,,,,TRY,"[""Kargo Bedava""]",InStock,100 adetten fazla stok sunulmuştur,,,3.9,177,104,,25,"2,6B kişinin sepetinde","28,8B kişi favoriledi","Son 24 saatte 1,9B kişi görüntüledi",4999,TRY,0,,1,3,1 saat 50 dakika içinde sipariş verirsen en geç bugün kargoda!,En Çok Ziyaret Edilen 9. Ürün,https://cdn.dsmcdn.com/ty1913/prod/QC_ENRICHMENT/20260612/18/c549e90a-da43-317d-9a79-b9614ea467ab/1_org_zoom.jpg,"{""Parça Sayısı"":""3"",""Materyal"":""Metal"",""Renk"":""Altın"",""Menşei"":""TR"",""Bölme Sayısı"":""2""}",20,5,refreshed,"[""daily_top""]",true,2026-08-17T10:00:10+03:00,0,"[""search_result_dom"",""product_detail_jsonld"",""product_detail_dom""]","{""title"":""observed"",""brand"":""observed"",""seller_name"":""observed"",""seller_score"":""observed"",""price"":""observed"",""original_price"":""unavailable"",""campaigns"":""observed"",""stock_status"":""observed"",""stock_signal"":""observed"",""rating"":""observed"",""rating_count"":""observed"",""review_count"":""observed"",""question_count"":""observed"",""delivery_summary"":""observed"",""shipping_cost"":""observed"",""properties"":""observed""}",true,
2026-08-17,2026-08-17T10:00:10+03:00,ev-yasam,BEST_SELLER,banyo,banyo,54,3,198,198,,,26.6,3.4,836302820,550676,zabata Siyah 2 Adet 3 katlı Tabaklık Dolap Içi Düzenleyici Organizer Tezgah Banyo Tabak Bardak Düzenleme,zabata,Dolap İçi Düzenleyici,https://www.trendyol.com/zabata/siyah-2-adet-3-katli-tabaklik-dolap-ici-duzenleyici-organizer-tezgah-banyo-tabak-bardak-duzenleme-p-836302820?boutiqueId=61&merchantId=550676,Zabata Türkiye,94,349,,,,TRY,"[""Kargo Bedava""]",InStock,100 adetten fazla stok sunulmuştur,,,4.4,4378,2095,,190,"2,1B kişinin sepetinde","220,9B kişi favoriledi","Son 24 saatte 1,4B kişi görüntüledi",4999,TRY,0,,1,3,50 dakika 44 saniye içinde sipariş verirsen en geç bugün kargoda!,En Çok Favorilenen 8. Ürün,https://cdn.dsmcdn.com/ty1362/product/media/images/prod/QC/20240614/10/f123b67b-b2db-3771-983f-1cd230e12f73/1_org_zoom.jpg,"{""Parça Sayısı"":""2"",""Materyal"":""Metal"",""Boyut/Ebat"":""21 x 95"",""Renk"":""Siyah"",""Materyal Bileşeni"":""Elektrostatik Boya"",""Menşei"":""TR""}",20,5,refreshed,"[""daily_top""]",true,2026-08-17T10:00:10+03:00,0,"[""search_result_dom"",""product_detail_jsonld"",""product_detail_dom""]","{""title"":""observed"",""brand"":""observed"",""seller_name"":""observed"",""seller_score"":""observed"",""price"":""observed"",""original_price"":""unavailable"",""campaigns"":""observed"",""stock_status"":""observed"",""stock_signal"":""observed"",""rating"":""observed"",""rating_count"":""observed"",""review_count"":""observed"",""question_count"":""observed"",""delivery_summary"":""observed"",""shipping_cost"":""observed"",""properties"":""observed""}",true,
2026-08-17,2026-08-17T10:00:10+03:00,ev-yasam,BEST_SELLER,banyo,banyo,55,3,199,199,,,17.5,12.5,1077933542,550676,zabata Askılı Havlu Rafı Dolap Kapağı Askısı Bez Tutucu Askılık Mutfak Düzenleyici Havlu Askılığı Siyah,zabata,Askı,https://www.trendyol.com/zabata/askili-havlu-rafi-dolap-kapagi-askisi-bez-tutucu-askilik-mutfak-duzenleyici-havlu-askiligi-siyah-p-1077933542?boutiqueId=61&merchantId=550676,Zabata Türkiye,94,149,,,,TRY,"[""Kargo Bedava""]",InStock,100 adetten fazla stok sunulmuştur,,,4.6,470,152,,15,"1,4B kişinin sepetinde","31,2B kişi favoriledi",Son 24 saatte 848 kişi görüntüledi,4999,TRY,0,,1,3,50 dakika 40 saniye içinde sipariş verirsen en geç bugün kargoda!,En Çok Ziyaret Edilen 9. Ürün,https://cdn.dsmcdn.com/ty1806/prod/QC_PREP/20251229/17/bd9e4edd-f869-3dda-bf76-a4c6e3133571/1_org_zoom.jpg,"{""Materyal"":""Metal"",""Parça Sayısı"":""1"",""Renk"":""Siyah"",""Kullanım Türü"":""Elbise"",""Menşei"":""TR""}",20,5,refreshed,"[""daily_top""]",true,2026-08-17T10:00:10+03:00,0,"[""search_result_dom"",""product_detail_jsonld"",""product_detail_dom""]","{""title"":""observed"",""brand"":""observed"",""seller_name"":""observed"",""seller_score"":""observed"",""price"":""observed"",""original_price"":""unavailable"",""campaigns"":""observed"",""stock_status"":""observed"",""stock_signal"":""observed"",""rating"":""observed"",""rating_count"":""observed"",""review_count"":""observed"",""question_count"":""observed"",""delivery_summary"":""observed"",""shipping_cost"":""observed"",""properties"":""observed""}",true,
2026-08-17,2026-08-17T10:00:10+03:00,ev-yasam,BEST_SELLER,banyo,banyo,56,3,200,200,,,48.2,2.3,862906990,242433,"Mowo Home Gri 2 Katlı Düzenleyici Mutfak Rafı Banyo Rafı, Dolap Tezgah Altı Evye Altı Deterjanlık",Mowo Home,,https://www.trendyol.com/mowo-home/gri-2-katli-duzenleyici-mutfak-rafi-banyo-rafi-dolap-tezgah-alti-evye-alti-deterjanlik-p-862906990?boutiqueId=61&merchantId=242433,MoWo Home,96,155,194.9,20.5,,TRY,"[""Kargo Bedava""]",InStock,100 adetten fazla stok sunulmuştur,,,4.8,2868,,,43,924 kişinin sepetinde,"53,9B kişi favoriledi",Son 24 saatte 559 kişi görüntüledi,,,0,,,,2 saat 50 dakika içinde sipariş verirsen en geç bugün kargoda!,,,{},0,,refreshed,"[""daily_top""]",true,2026-08-17T10:00:10+03:00,0,"[""search_result_dom"",""product_detail_jsonld"",""product_detail_dom""]","{""title"":""observed"",""brand"":""observed"",""seller_name"":""observed"",""seller_score"":""observed"",""price"":""observed"",""original_price"":""observed"",""campaigns"":""observed"",""stock_status"":""observed"",""stock_signal"":""observed"",""rating"":""observed"",""rating_count"":""observed"",""review_count"":""unavailable"",""question_count"":""observed"",""delivery_summary"":""observed"",""shipping_cost"":""unavailable"",""properties"":""observed""}",true,
2026-08-18,2026-08-18T10:00:59+03:00,ev-yasam,BEST_SELLER,birlesik-ev-yasam,Trendyol seçili Ev & Yaşam kategorileri / En Çok Satan,1,1,1,1,1,0,138.1,74.5,355544354,1181179,Canbay Store 24 Adet Ahşap Görünümlü Plastik A Kalite 24 Adet Siyah Askı Pantolon Gömlek Askı,Canbay Store,Askı,https://www.trendyol.com/canbay-store/24-adet-ahsap-gorunumlu-plastik-a-kalite-24-adet-siyah-aski-pantolon-gomlek-aski-p-355544354?boutiqueId=61&merchantId=1181179,Canbays,9,240.62,,,20.4,TRY,"[""Kargo Bedava"",""Trendyol Plus'a Özel""]",InStock,100 adetten fazla stok sunulmuştur,Son 3 günde 2B+ ürün satıldı!,2000,4.3,10299,5789,36,233,"6,2B kişinin sepetinde","131,3B kişi favoriledi","Son 24 saatte 3,6B kişi görüntüledi",4999,TRY,0,,1,3,4 saat 57 dakika içinde sipariş verirsen en geç bugün kargoda!,En Çok Satan 1. Ürün,https://cdn.dsmcdn.com/ty1686/prod/QC_ENRICHMENT/20250529/16/134454fe-240e-367d-b732-8d83834cad27/1_org_zoom.jpg,"{""Materyal"":""Plastik"",""Parça Sayısı"":""24"",""Renk"":""Siyah"",""Kullanım Türü"":""Elbise"",""Menşei"":""TR""}",20,5,refreshed,"[""daily_top""]",true,2026-08-18T10:00:59+03:00,0,"[""search_result_dom"",""product_detail_jsonld"",""product_detail_dom""]","{""title"":""observed"",""brand"":""observed"",""seller_name"":""observed"",""seller_score"":""observed"",""price"":""observed"",""original_price"":""unavailable"",""campaigns"":""observed"",""stock_status"":""observed"",""stock_signal"":""observed"",""rating"":""observed"",""rating_count"":""observed"",""review_count"":""observed"",""question_count"":""observed"",""delivery_summary"":""observed"",""shipping_cost"":""observed"",""properties"":""observed""}",true,
2026-08-18,2026-08-18T10:00:59+03:00,ev-yasam,BEST_SELLER,birlesik-ev-yasam,Trendyol seçili Ev & Yaşam kategorileri / En Çok Satan,2,1,2,2,2,0,137.4,74,53625340,123350,Orvila 5 Bölmeli Metal Elbise Askısı - Giysi Pantalon Eşarp Fular Kıyafet Gardrop Düzenleyici Organizer,Orvila,,https://www.trendyol.com/orvila/5-bolmeli-metal-elbise-askisi-giysi-pantalon-esarp-fular-kiyafet-gardrop-duzenleyici-organizer-p-53625340?boutiqueId=61&merchantId=123350,Orvila,5,98.9,99.9,1,102.9,TRY,"[""Sepette %1 İndirim"",""Kargo Bedava""]",InStock,100 adetten fazla stok sunulmuştur,"Son 3 günde 1,5B+ ürün satıldı!",1500,4.4,6286,,-3092,154,7B kişinin sepetinde,158B kişi favoriledi,"Son 24 saatte 2,3B kişi görüntüledi",,,0,,,,13 saat 57 dakika içinde sipariş verirsen en geç yarın kargoda!,En Çok Satan 2. Ürün,,{},0,,refreshed,"[""daily_top""]",true,2026-08-18T10:00:59+03:00,0,"[""search_result_dom"",""product_detail_jsonld"",""product_detail_dom""]","{""title"":""observed"",""brand"":""observed"",""seller_name"":""observed"",""seller_score"":""observed"",""price"":""observed"",""original_price"":""observed"",""campaigns"":""observed"",""stock_status"":""observed"",""stock_signal"":""observed"",""rating"":""observed"",""rating_count"":""observed"",""review_count"":""unavailable"",""question_count"":""observed"",""delivery_summary"":""observed"",""shipping_cost"":""unavailable"",""properties"":""observed""}",true,
2026-08-18,2026-08-18T10:00:59+03:00,ev-yasam,BEST_SELLER,birlesik-ev-yasam,Trendyol seçili Ev & Yaşam kategorileri / En Çok Satan,3,1,3,3,1,3,119.5,78,996042727,716966,Dream Time Bambu Premium Sıvı Geçirmez Fitted Alez | Bambu Ultra Sessiz Yatak Koruyucu,Dream Time,Alez,https://www.trendyol.com/dream-time/bambu-premium-sivi-gecirmez-fitted-alez-bambu-ultra-sessiz-yatak-koruyucu-p-996042727?boutiqueId=61&merchantId=716966,Dream Time,,299.9,,,0,TRY,"[""Kargo Bedava"",""Trendyol Plus'a Özel""]",InStock,100 adetten fazla stok sunulmuştur,Son 3 günde 1B+ ürün satıldı!,1000,4.4,3209,1549,14,642,"7,1B kişinin sepetinde","89,5B kişi favoriledi","Son 24 saatte 3,6B kişi görüntüledi",4999,TRY,0,1,1,3,13 saat 57 dakika içinde sipariş verirsen en geç yarın kargoda!,En Çok Satan 1. Ürün,https://cdn.dsmcdn.com/ty1783/prod/QC_ENRICHMENT/20251102/10/51284de4-dbe9-3dd8-8e61-d55082ee9f59/1_org_zoom.jpg,"{""Materyal"":""Bambu + Polyester"",""Renk"":""Beyaz"",""Özellik"":""Su Geçirmez"",""Materyal Bileşeni"":""Bambu/pes Üst Yüzey & PU Membran"",""Yıkama Talimatı"":""T44"",""Paket İçeriği"":""1'li"",""Menşei"":""TR""}",20,5,refreshed,"[""daily_top""]",true,2026-08-18T10:00:59+03:00,0,"[""search_result_dom"",""product_detail_jsonld"",""product_detail_dom""]","{""title"":""observed"",""brand"":""observed"",""seller_name"":""observed"",""seller_score"":""unavailable"",""price"":""observed"",""original_price"":""unavailable"",""campaigns"":""observed"",""stock_status"":""observed"",""stock_signal"":""observed"",""rating"":""observed"",""rating_count"":""observed"",""review_count"":""observed"",""question_count"":""observed"",""delivery_summary"":""observed"",""shipping_cost"":""observed"",""properties"":""observed""}",true,
2026-08-18,2026-08-18T10:00:59+03:00,ev-yasam,BEST_SELLER,birlesik-ev-yasam,Trendyol seçili Ev & Yaşam kategorileri / En Çok Satan,4,1,4,4,1,141,122.9,73,812982023,638780,BEYZANA 3'lü Bambu Çok Amaçlı Sepet Dikdörtgen,BEYZANA,Sepet,https://www.trendyol.com/beyzana/3-lu-bambu-cok-amacli-sepet-dikdortgen-p-812982023?boutiqueId=61&merchantId=638780,BEYZANA,3,299.99,,,50,TRY,"[""Kargo Bedava""]",InStock,100 adetten fazla stok sunulmuştur,Son 3 günde 1B+ ürün satıldı!,1000,4.5,13408,7361,9,615,"9,7B kişinin sepetinde","518,3B kişi favoriledi","Son 24 saatte 4,9B kişi görüntüledi",4999,TRY,0,1,1,3,13 saat 57 dakika içinde sipariş verirsen en geç yarın kargoda!,En Çok Satan 1. Ürün,https://cdn.dsmcdn.com/ty1666/prod/QC/20250420/22/451e0a91-abe1-3088-9602-eb35cc4f72c4/1_org_zoom.jpg,"{""Materyal"":""Ahşap"",""Renk"":""Kahverengi"",""Boyut/Ebat"":""30 x 30"",""Parça Sayısı"":""3"",""Yıkama Talimatı"":""T101"",""Menşei"":""CN""}",20,5,refreshed,"[""daily_top"",""hot_change""]",true,2026-08-18T10:00:59+03:00,0,"[""search_result_dom"",""product_detail_jsonld"",""product_detail_dom""]","{""title"":""observed"",""brand"":""observed"",""seller_name"":""observed"",""seller_score"":""observed"",""price"":""observed"",""original_price"":""unavailable"",""campaigns"":""observed"",""stock_status"":""observed"",""stock_signal"":""observed"",""rating"":""observed"",""rating_count"":""observed"",""review_count"":""observed"",""question_count"":""observed"",""delivery_summary"":""observed"",""shipping_cost"":""observed"",""properties"":""observed""}",true,
2026-08-18,2026-08-18T10:00:59+03:00,ev-yasam,BEST_SELLER,birlesik-ev-yasam,Trendyol seçili Ev & Yaşam kategorileri / En Çok Satan,5,1,5,5,1,0,118.1,74.4,854333979,311243,Vienev 13'lü Dolap Içi Çekmece Düzenleyici - Mutfak Çekmece Içi Kaşıklık Organizer,Vienev,Makyaj Organizerı,https://www.trendyol.com/vienev/13-lu-dolap-ici-cekmece-duzenleyici-mutfak-cekmece-ici-kasiklik-organizer-p-854333979?boutiqueId=61&merchantId=311243,Vienev,13,198.9,,,0.5,TRY,"[""Kargo Bedava"",""Trendyol Plus'a Özel""]",InStock,100 adetten fazla stok sunulmuştur,Son 3 günde 1B+ ürün satıldı!,1000,4.6,6790,3233,9,167,"6,2B kişinin sepetinde","272,8B kişi favoriledi","Son 24 saatte 5,9B kişi görüntüledi",4999,TRY,0,2,1,6,57 dakika 18 saniye içinde sipariş verirsen en geç bugün kargoda!,En Çok Satan 1. Ürün,https://cdn.dsmcdn.com/ty1536/product/media/images/ty1537/prod/QC/20240912/09/231e745c-c59d-3171-ac3f-014d2e97a3c6/1_org_zoom.jpg,"{""Parça Sayısı"":""13"",""Materyal"":""Plastik"",""Renk"":""Beyaz"",""Menşei"":""TR""}",20,5,refreshed,"[""daily_top""]",true,2026-08-18T10:00:59+03:00,0,"[""search_result_dom"",""product_detail_jsonld"",""product_detail_dom""]","{""title"":""observed"",""brand"":""observed"",""seller_name"":""observed"",""seller_score"":""observed"",""price"":""observed"",""original_price"":""unavailable"",""campaigns"":""observed"",""stock_status"":""observed"",""stock_signal"":""observed"",""rating"":""observed"",""rating_count"":""observed"",""review_count"":""observed"",""question_count"":""observed"",""delivery_summary"":""observed"",""shipping_cost"":""observed"",""properties"":""observed""}",true,
2026-08-18,2026-08-18T10:00:59+03:00,ev-yasam,BEST_SELLER,birlesik-ev-yasam,Trendyol seçili Ev & Yaşam kategorileri / En Çok Satan,6,1,6,6,1,140,122.9,72,802483327,418720,Lilac Home Yapay Çiçek Elmas Saksıda 80 Cm Yoğun Yapraklı Koyu Yeşil Okaliptus Sarkıt,Lilac Home,,https://www.trendyol.com/lilac-home/yapay-cicek-elmas-saksida-80-cm-yogun-yaprakli-koyu-yesil-okaliptus-sarkit-p-802483327?boutiqueId=61&merchantId=418720,Lilac Home,,159.99,,,0,TRY,"[""Kargo Bedava""]",InStock,100 adetten fazla stok sunulmuştur,Son 3 günde 1B+ ürün satıldı!,1000,4.6,23163,,0,1069,"11,7B kişinin sepetinde","705,3B kişi favoriledi","Son 24 saatte 5,4B kişi görüntüledi",,,0,,,,57 dakika 17 saniye içinde sipariş verirsen en geç bugün kargoda!,En Çok Satan 1. Ürün,,{},0,,refreshed,"[""daily_top"",""hot_change""]",true,2026-08-18T10:00:59+03:00,0,"[""search_result_dom"",""product_detail_jsonld"",""product_detail_dom""]","{""title"":""observed"",""brand"":""observed"",""seller_name"":""observed"",""seller_score"":""unavailable"",""price"":""observed"",""original_price"":""unavailable"",""campaigns"":""observed"",""stock_status"":""observed"",""stock_signal"":""observed"",""rating"":""observed"",""rating_count"":""observed"",""review_count"":""unavailable"",""question_count"":""observed"",""delivery_summary"":""observed"",""shipping_cost"":""unavailable"",""properties"":""observed""}",true,
2026-08-18,2026-08-18T10:00:59+03:00,ev-yasam,BEST_SELLER,birlesik-ev-yasam,Trendyol seçili Ev & Yaşam kategorileri / En Çok Satan,7,1,7,7,1,1,116.4,71.5,943829884,152772,Serstil 6'lı Valiz Düzenleyici Bavul Içi Organizer Set Seyahat Hurcu Pembe Puantiyeli,Serstil,,https://www.trendyol.com/serstil/6-li-valiz-duzenleyici-bavul-ici-organizer-set-seyahat-hurcu-pembe-puantiyeli-p-943829884?boutiqueId=61&merchantId=152772,ESTİ,89,199.95,,,0,TRY,"[""Kargo Bedava"",""Trendyol Plus'a Özel""]",InStock,100 adetten fazla stok sunulmuştur,Son 3 günde 1B+ ürün satıldı!,1000,4.6,6279,,0,104,8B kişinin sepetinde,"200,3B kişi favoriledi","Son 24 saatte 4,7B kişi görüntüledi",,,0,,,,13 saat 57 dakika içinde sipariş verirsen en geç yarın kargoda!,En Çok Satan 1. Ürün,,{},0,,refreshed,"[""daily_top""]",true,2026-08-18T10:00:59+03:00,0,"[""search_result_dom"",""product_detail_jsonld"",""product_detail_dom""]","{""title"":""observed"",""brand"":""observed"",""seller_name"":""observed"",""seller_score"":""observed"",""price"":""observed"",""original_price"":""unavailable"",""campaigns"":""observed"",""stock_status"":""observed"",""stock_signal"":""observed"",""rating"":""observed"",""rating_count"":""observed"",""review_count"":""unavailable"",""question_count"":""observed"",""delivery_summary"":""observed"",""shipping_cost"":""unavailable"",""properties"":""observed""}",true,
2026-08-18,2026-08-18T10:00:59+03:00,ev-yasam,BEST_SELLER,birlesik-ev-yasam,Trendyol seçili Ev & Yaşam kategorileri / En Çok Satan,8,1,8,8,1,-1,106.4,78.6,816189035,386081,thebestnzm ÇT Çeçem Ticaret Duvara Monte Mop Ve Paspas Tutucu Gold,thebestnzm,Askılık,https://www.trendyol.com/thebestnzm/ct-cecem-ticaret-duvara-monte-mop-ve-paspas-tutucu-gold-p-816189035?boutiqueId=61&merchantId=386081,CHN GROUP,94,22.5,,,11.9,TRY,"[""20 TL Kupon"",""Kargo Bedava""]",InStock,100 adetten fazla stok sunulmuştur,Son 3 günde 1B+ ürün satıldı!,1000,3.8,1470,639,11,87,"1,9B kişinin sepetinde","72,3B kişi favoriledi",Son 24 saatte 1B kişi görüntüledi,4999,TRY,0,1,1,3,4 saat 57 dakika içinde sipariş verirsen en geç bugün kargoda!,En Çok Satan 1. Ürün,https://cdn.dsmcdn.com/ty1681/prod/QC/20250522/22/521468ef-a69d-3419-922d-5e6d7abf52cd/1_org_zoom.jpg,"{""Materyal"":""Belirtilmemiş"",""Renk"":""Beyaz"",""Yükseklik"":""3 cm"",""Genişlik"":""6 cm"",""Askılık Tipi"":""Duvara Monte"",""Stil"":""Klasik"",""Tema / Stil"":""Klasik"",""Menşei"":""TR""}",20,5,refreshed,"[""daily_top""]",true,2026-08-18T10:00:59+03:00,0,"[""search_result_dom"",""product_detail_jsonld"",""product_detail_dom""]","{""title"":""observed"",""brand"":""observed"",""seller_name"":""observed"",""seller_score"":""observed"",""price"":""observed"",""original_price"":""unavailable"",""campaigns"":""observed"",""stock_status"":""observed"",""stock_signal"":""observed"",""rating"":""observed"",""rating_count"":""observed"",""review_count"":""observed"",""question_count"":""observed"",""delivery_summary"":""observed"",""shipping_cost"":""observed"",""properties"":""observed""}",true,
2026-08-18,2026-08-18T10:00:59+03:00,ev-yasam,BEST_SELLER,birlesik-ev-yasam,Trendyol seçili Ev & Yaşam kategorileri / En Çok Satan,9,1,9,9,1,1,111.9,70.6,443041832,145854,Balkan Room 6'lı Beyaz Çekmece Içi Düzenleyici Organizer Set - Çok Amaçlı Dolap Içi Kutu Seti,Balkan Room,Dolap İçi Düzenleyici,https://www.trendyol.com/balkan-room/6-li-beyaz-cekmece-ici-duzenleyici-organizer-set-cok-amacli-dolap-ici-kutu-seti-p-443041832?boutiqueId=61&merchantId=145854,Balkan E-Ticaret Limited Şirketi,95,199.9,,,0,TRY,"[""Kargo Bedava""]",InStock,100 adetten fazla stok sunulmuştur,Son 3 günde 1B+ ürün satıldı!,1000,4.6,10322,5504,-1,164,"6,7B kişinin sepetinde","312,7B kişi favoriledi","Son 24 saatte 4,1B kişi görüntüledi",4999,TRY,0,2,1,6,6 saat 57 dakika içinde sipariş verirsen en geç bugün kargoda!,En Çok Satan 1. Ürün,https://cdn.dsmcdn.com/ty1417/product/media/images/prod/QC/20240713/16/e1cf3be6-48a9-3d2a-b274-191ff3f4dde6/1_org_zoom.jpg,"{""Parça Sayısı"":""6"",""Materyal"":""Kumaş"",""Boyut/Ebat"":""28 x 28"",""Renk"":""Beyaz"",""Materyal Bileşeni"":""Mukavva"",""Menşei"":""TR""}",20,5,refreshed,"[""daily_top""]",true,2026-08-18T10:00:59+03:00,0,"[""search_result_dom"",""product_detail_jsonld"",""product_detail_dom""]","{""title"":""observed"",""brand"":""observed"",""seller_name"":""observed"",""seller_score"":""observed"",""price"":""observed"",""original_price"":""unavailable"",""campaigns"":""observed"",""stock_status"":""observed"",""stock_signal"":""observed"",""rating"":""observed"",""rating_count"":""observed"",""review_count"":""observed"",""question_count"":""observed"",""delivery_summary"":""observed"",""shipping_cost"":""observed"",""properties"":""observed""}",true,
2026-08-18,2026-08-18T10:00:59+03:00,ev-yasam,BEST_SELLER,birlesik-ev-yasam,Trendyol seçili Ev & Yaşam kategorileri / En Çok Satan,10,1,10,10,1,137,102.9,45,62204500,165535,EFFE YAPI DEKOR Gold Metal Çerçeveli Oval Ayaklı Boy Aynası 180 x 70 Cm,EFFE YAPI DEKOR,Ayna,https://www.trendyol.com/effe-yapi-dekor/gold-metal-cerceveli-oval-ayakli-boy-aynasi-180-x-70-cm-p-62204500?boutiqueId=61&merchantId=165535,Effe Yapi Dekor,85,1650,,,0,TRY,"[""Kargo Bedava"",""Peşin Fiyatına 3 Taksit""]",InStock,100 adetten fazla stok sunulmuştur,Son 3 günde 500+ ürün satıldı!,500,4.8,22114,12798,5,1784,"8,9B kişinin sepetinde","778,8B kişi favoriledi","Son 24 saatte 8,3B kişi görüntüledi",4999,TRY,0,11,1,15,Tahmini Teslim:,En Çok Satan 1. Ürün,https://cdn.dsmcdn.com/ty1346/product/media/images/prod/QC/20240603/10/318a96b3-737f-33ba-be18-0d19884a0c8e/1_org_zoom.jpg,"{""Materyal"":""Metal"",""Renk"":""Altın"",""Şekil"":""Oval"",""Çeşit"":""Ayaklı Boy Aynası"",""Menşei"":""TR"",""Özellik"":""Ayaklı""}",20,5,refreshed,"[""daily_top"",""hot_change""]",true,2026-08-18T10:00:59+03:00,0,"[""search_result_dom"",""product_detail_jsonld"",""product_detail_dom""]","{""title"":""observed"",""brand"":""observed"",""seller_name"":""observed"",""seller_score"":""observed"",""price"":""observed"",""original_price"":""unavailable"",""campaigns"":""observed"",""stock_status"":""observed"",""stock_signal"":""observed"",""rating"":""observed"",""rating_count"":""observed"",""review_count"":""observed"",""question_count"":""observed"",""delivery_summary"":""observed"",""shipping_cost"":""observed"",""properties"":""observed""}",true,
2026-08-18,2026-08-18T10:00:59+03:00,ev-yasam,BEST_SELLER,birlesik-ev-yasam,Trendyol seçili Ev & Yaşam kategorileri / En Çok Satan,11,1,11,11,1,6,146.2,46.3,985088833,1131657,"Storlant Kırık Beyaz Saten Güneşlik – Fon Veya Tül Fark Etmez, Her Kombine Yakışır! Tüm Odalara Şıklık Katar!",Storlant,,https://www.trendyol.com/storlant/kirik-beyaz-saten-guneslik-fon-veya-tul-fark-etmez-her-kombine-yakisir-tum-odalara-siklik-katar-p-985088833?boutiqueId=61&merchantId=1131657,STORLANT,92,0.01,0.02,50,0,TRY,"[""Sepette %59 İndirim"",""Sepette %56 İndirim"",""Kargo Bedava""]",InStock,100 adetten fazla stok sunulmuştur,Son 3 günde 500+ ürün satıldı!,500,4.7,3343,,0,358,"5,6B kişinin sepetinde",34B kişi favoriledi,Son 24 saatte 3B kişi görüntüledi,,,0,,,,13 saat 57 dakika içinde sipariş verirsen en geç yarın kargoda!,En Çok Satan 1. Ürün,,{},0,,refreshed,"[""daily_top""]",true,2026-08-18T10:00:59+03:00,0,"[""search_result_dom"",""product_detail_jsonld"",""product_detail_dom""]","{""title"":""observed"",""brand"":""observed"",""seller_name"":""observed"",""seller_score"":""observed"",""price"":""observed"",""original_price"":""observed"",""campaigns"":""observed"",""stock_status"":""observed"",""stock_signal"":""observed"",""rating"":""observed"",""rating_count"":""observed"",""review_count"":""unavailable"",""question_count"":""observed"",""delivery_summary"":""observed"",""shipping_cost"":""unavailable"",""properties"":""observed""}",true,
2026-08-18,2026-08-18T10:00:59+03:00,ev-yasam,BEST_SELLER,birlesik-ev-yasam,Trendyol seçili Ev & Yaşam kategorileri / En Çok Satan,12,1,12,12,1,137,89.9,50.1,742271416,652389,KARTEYA Siyah Rulo Havluluk Peçetelik Yapışkanlı Pratik Banyo Mutfak Askısı Kağıt Rulo Havluluk,KARTEYA,Peçetelik,https://www.trendyol.com/karteya/siyah-rulo-havluluk-pecetelik-yapiskanli-pratik-banyo-mutfak-askisi-kagit-rulo-havluluk-p-742271416?boutiqueId=61&merchantId=652389,EYA Grup,91,46.34,,,-0.5,TRY,"[""Kargo Bedava"",""Trendyol Plus'a Özel""]",InStock,100 adetten fazla stok sunulmuştur,Son 3 günde 500+ ürün satıldı!,500,4.6,2005,958,1,82,2B kişinin sepetinde,"37,9B kişi favoriledi","Son 24 saatte 1,2B kişi görüntüledi",4999,TRY,0,1,1,3,13 saat 57 dakika içinde sipariş verirsen en geç yarın kargoda!,En Çok Satan 1. Ürün,https://cdn.dsmcdn.com/ty1818/prod/QC_ENRICHMENT/20260203/19/bdb71a67-ef8a-3d5a-ad91-274558272dd9/1_org_zoom.jpg,"{""Boyut/Ebat"":""28 x 6"",""Renk"":""Siyah"",""Materyal"":""Çelik"",""Menşei"":""TR"",""Bakım Talimatları (Genel)"":""Nemli bir bezle silin.""}",20,5,refreshed,"[""daily_top"",""hot_change""]",true,2026-08-18T10:00:59+03:00,0,"[""search_result_dom"",""product_detail_jsonld"",""product_detail_dom""]","{""title"":""observed"",""brand"":""observed"",""seller_name"":""observed"",""seller_score"":""observed"",""price"":""observed"",""original_price"":""unavailable"",""campaigns"":""observed"",""stock_status"":""observed"",""stock_signal"":""observed"",""rating"":""observed"",""rating_count"":""observed"",""review_count"":""observed"",""question_count"":""observed"",""delivery_summary"":""observed"",""shipping_cost"":""observed"",""properties"":""observed""}",true,
2026-08-18,2026-08-18T10:00:59+03:00,ev-yasam,BEST_SELLER,birlesik-ev-yasam,Trendyol seçili Ev & Yaşam kategorileri / En Çok Satan,13,1,13,13,2,38,88.5,50,1090177790,311492,"KAMİZ Fırfırlı Koltuk Örtüsü Bohem Pamuk Keten | Kaymaz, Yıkanabilir, Modern Şık Tasarım",KAMİZ,,https://www.trendyol.com/kamiz/firfirli-koltuk-ortusu-bohem-pamuk-keten-kaymaz-yikanabilir-modern-sik-tasarim-p-1090177790?boutiqueId=61&merchantId=311492,KAMİZ,,236.05,238.43,1,-32.5,TRY,"[""Son 10 Günün En Düşük Fiyatı"",""Kargo Bedava"",""Son 10 günün en düşük fiyatı""]",InStock,100 adetten fazla stok sunulmuştur,Son 3 günde 500+ ürün satıldı!,500,4.5,872,,0,293,"3,9B kişinin sepetinde","76,1B kişi favoriledi","Son 24 saatte 9,5B kişi görüntüledi",,,0,,,,13 saat 57 dakika içinde sipariş verirsen en geç yarın kargoda!,,,{},0,,refreshed,"[""daily_top""]",true,2026-08-18T10:00:59+03:00,0,"[""search_result_dom"",""product_detail_jsonld"",""product_detail_dom""]","{""title"":""observed"",""brand"":""observed"",""seller_name"":""observed"",""seller_score"":""unavailable"",""price"":""observed"",""original_price"":""observed"",""campaigns"":""observed"",""stock_status"":""observed"",""stock_signal"":""observed"",""rating"":""observed"",""rating_count"":""observed"",""review_count"":""unavailable"",""question_count"":""observed"",""delivery_summary"":""observed"",""shipping_cost"":""unavailable"",""properties"":""observed""}",true,
2026-08-18,2026-08-18T10:00:59+03:00,ev-yasam,BEST_SELLER,birlesik-ev-yasam,Trendyol seçili Ev & Yaşam kategorileri / En Çok Satan,14,1,14,14,1,134,85.3,49.7,888694991,271062,"Ecolux 6 Adet 3.5 Lt Dolap Içi, Buzdolabı Düzenleyici, Banyo, Mutfak Organizeri Sepet BEYAZ 24cm16cm11cm",Ecolux,Buzdolabı Düzenleyici,https://www.trendyol.com/ecolux/6-adet-3-5-lt-dolap-ici-buzdolabi-duzenleyici-banyo-mutfak-organizeri-sepet-beyaz-24cm16cm11cm-p-888694991?boutiqueId=61&merchantId=271062,Ecolux,6,199.9,,,0,TRY,"[""Kargo Bedava"",""Trendyol Plus'a Özel""]",InStock,100 adetten fazla stok sunulmuştur,Son 3 günde 500+ ürün satıldı!,500,4.7,1609,805,5,81,4B kişinin sepetinde,"71,5B kişi favoriledi","Son 24 saatte 3,2B kişi görüntüledi",4999,TRY,0,,1,3,1 saat 57 dakika içinde sipariş verirsen en geç bugün kargoda!,En Çok Satan 1. Ürün,https://cdn.dsmcdn.com/ty1659/prod/QC/20250408/20/b0126a56-92b3-35b1-a075-ba1dc3f02c27/1_org_zoom.jpg,"{""Parça Sayısı"":""6"",""Materyal"":""Plastik"",""Boyut/Ebat"":""100 x 100"",""Diğer Özellikler"":""yıkanabilir"",""Menşei"":""TR""}",20,5,refreshed,"[""daily_top""]",true,2026-08-18T10:00:59+03:00,0,"[""search_result_dom"",""product_detail_jsonld"",""product_detail_dom""]","{""title"":""observed"",""brand"":""observed"",""seller_name"":""observed"",""seller_score"":""observed"",""price"":""observed"",""original_price"":""unavailable"",""campaigns"":""observed"",""stock_status"":""observed"",""stock_signal"":""observed"",""rating"":""observed"",""rating_count"":""observed"",""review_count"":""observed"",""question_count"":""observed"",""delivery_summary"":""observed"",""shipping_cost"":""observed"",""properties"":""observed""}",true,
2026-08-18,2026-08-18T10:00:59+03:00,ev-yasam,BEST_SELLER,birlesik-ev-yasam,Trendyol seçili Ev & Yaşam kategorileri / En Çok Satan,15,1,15,15,1,0,135.8,46.7,1046142187,1131657,Storlant Mat Bambu Orta Gramajlı 1/3 Sık Pileli Ütü Gerektirmez Tül Perde | Sade ve Kaliteli Dokuma,Storlant,Tül Perde,https://www.trendyol.com/storlant/mat-bambu-orta-gramajli-1-3-sik-pileli-utu-gerektirmez-tul-perde-sade-ve-kaliteli-dokuma-p-1046142187?boutiqueId=61&merchantId=1131657,STORLANT,92,0.01,0.02,50,0,TRY,"[""Sepette %71 İndirim"",""Kargo Bedava""]",InStock,100 adetten fazla stok sunulmuştur,Son 3 günde 500+ ürün satıldı!,500,4.5,2772,1685,1685,512,"9,9B kişinin sepetinde","65,3B kişi favoriledi","Son 24 saatte 6,3B kişi görüntüledi",4999,TRY,0,1,1,3,13 saat 57 dakika içinde sipariş verirsen en geç yarın kargoda!,En Çok Satan 1. Ürün,https://cdn.dsmcdn.com/ty1786/prod/QC_PREP/20251107/20/55766eb2-b46e-30b7-a9ca-50c609c44d16/1_org_zoom.jpg,"{""Takma Şekli"":""Kornişli"",""Parça Sayısı"":""1"",""Materyal"":""Keten"",""Renk"":""Ekru"",""Kullanım Alanı"":""Salon / Oturma Odası"",""Desen"":""Armürlü"",""Işık Geçirgenliği"":""Şeffaf"",""Kanat Sayısı"":""1"",""Yıkama Talimatı"":""30°c"",""Materyal Bileşeni"":""80% Polyester, 20% Pamuk"",""Menşei"":""TR""}",20,5,refreshed,"[""daily_top""]",true,2026-08-18T10:00:59+03:00,0,"[""search_result_dom"",""product_detail_jsonld"",""product_detail_dom""]","{""title"":""observed"",""brand"":""observed"",""seller_name"":""observed"",""seller_score"":""observed"",""price"":""observed"",""original_price"":""observed"",""campaigns"":""observed"",""stock_status"":""observed"",""stock_signal"":""observed"",""rating"":""observed"",""rating_count"":""observed"",""review_count"":""observed"",""question_count"":""observed"",""delivery_summary"":""observed"",""shipping_cost"":""observed"",""properties"":""observed""}",true,
2026-08-18,2026-08-18T10:00:59+03:00,ev-yasam,BEST_SELLER,birlesik-ev-yasam,Trendyol seçili Ev & Yaşam kategorileri / En Çok Satan,16,1,16,16,1,-2,95.7,42,769920548,152772,Serstil 8 Adet - Antrasit Çizgili Büyük Boy Baza Altı Ve Çekyat Tipi Hurç 65 x 45 x 22 cm,Serstil,,https://www.trendyol.com/serstil/8-adet-antrasit-cizgili-buyuk-boy-baza-alti-ve-cekyat-tipi-hurc-65-x-45-x-22-cm-p-769920548?boutiqueId=61&merchantId=152772,ESTİ,89,414,431.1,4,-13.6,TRY,"[""Kargo Bedava"",""Son 10 Günün En Düşük Fiyatı"",""Son 10 günün en düşük fiyatı""]",InStock,100 adetten fazla stok sunulmuştur,Son 3 günde 500+ ürün satıldı!,500,4.6,16098,,0,660,"5,3B kişinin sepetinde","339,5B kişi favoriledi","Son 24 saatte 3,3B kişi görüntüledi",,,0,,,,13 saat 56 dakika içinde sipariş verirsen en geç yarın kargoda!,En Çok Satan 1. Ürün,,{},0,,refreshed,"[""daily_top""]",true,2026-08-18T10:00:59+03:00,0,"[""search_result_dom"",""product_detail_jsonld"",""product_detail_dom""]","{""title"":""observed"",""brand"":""observed"",""seller_name"":""observed"",""seller_score"":""observed"",""price"":""observed"",""original_price"":""observed"",""campaigns"":""observed"",""stock_status"":""observed"",""stock_signal"":""observed"",""rating"":""observed"",""rating_count"":""observed"",""review_count"":""unavailable"",""question_count"":""observed"",""delivery_summary"":""observed"",""shipping_cost"":""unavailable"",""properties"":""observed""}",true,
2026-08-18,2026-08-18T10:00:59+03:00,ev-yasam,BEST_SELLER,birlesik-ev-yasam,Trendyol seçili Ev & Yaşam kategorileri / En Çok Satan,17,1,17,17,2,-8,85.1,42.4,82611235,246399,"Çiçek 1 adet beyaz renkli Çınar Islak Lale – Yapay Dekor, Masa Süsü",Çiçek,Yapay Çiçek,https://www.trendyol.com/cicek/1-adet-beyaz-renkli-cinar-islak-lale-yapay-dekor-masa-susu-p-82611235?boutiqueId=61&merchantId=246399,Koza Gift,88,24.99,,,0,TRY,"[""Sepette %3 İndirim"",""125 TL Kupon"",""Kargo Bedava"",""Son 10 Günün En Düşük Fiyatı"",""Trendyol Plus'a Özel""]",InStock,100 adetten fazla stok sunulmuştur,Son 3 günde 500+ ürün satıldı!,500,3.9,6662,4358,-13,1321,"2,1B kişinin sepetinde","185,8B kişi favoriledi","Son 24 saatte 1,9B kişi görüntüledi",4999,TRY,0,,1,3,1 saat 56 dakika içinde sipariş verirsen en geç bugün kargoda!,En Çok Satan 2. Ürün,https://cdn.dsmcdn.com/ty1931/prod/QC_ENRICHMENT/20260521/15/801ddd98-0e99-3393-a7d9-590cf562ac26/1_org_zoom.jpg,"{""Renk"":""Beyaz"",""Yükseklik"":""11 - 30 cm"",""Çiçek Türü"":""Çiçek Buketi"",""Menşei"":""TR""}",20,5,refreshed,"[""daily_top""]",true,2026-08-18T10:00:59+03:00,0,"[""search_result_dom"",""product_detail_jsonld"",""product_detail_dom""]","{""title"":""observed"",""brand"":""observed"",""seller_name"":""observed"",""seller_score"":""observed"",""price"":""observed"",""original_price"":""unavailable"",""campaigns"":""observed"",""stock_status"":""observed"",""stock_signal"":""observed"",""rating"":""observed"",""rating_count"":""observed"",""review_count"":""observed"",""question_count"":""observed"",""delivery_summary"":""observed"",""shipping_cost"":""observed"",""properties"":""observed""}",true,
2026-08-18,2026-08-18T10:00:59+03:00,ev-yasam,BEST_SELLER,birlesik-ev-yasam,Trendyol seçili Ev & Yaşam kategorileri / En Çok Satan,18,1,18,18,1,-6,84.5,41,842128116,180667,Nandy Home 20'li Set Kendinden Kapaklı Derin Dondurucuya Uygun Saklama Kabı 1 Lt. ve 2 Lt.,Nandy Home,Saklama Kabı,https://www.trendyol.com/nandy-home/20-li-set-kendinden-kapakli-derin-dondurucuya-uygun-saklama-kabi-1-lt-ve-2-lt-p-842128116?boutiqueId=61&merchantId=180667,Nandy Home,20,346.52,,,0.7,TRY,"[""Kargo Bedava""]",InStock,100 adetten fazla stok sunulmuştur,Son 3 günde 500+ ürün satıldı!,500,4.1,12855,6447,28,451,"6,3B kişinin sepetinde","528,3B kişi favoriledi","Son 24 saatte 5,9B kişi görüntüledi",4999,TRY,0,1,1,3,13 saat 56 dakika içinde sipariş verirsen en geç yarın kargoda!,En Çok Satan 1. Ürün,https://cdn.dsmcdn.com/ty1931/prod/QC_ENRICHMENT/20260520/17/c74f6a6f-90db-3e88-9ead-fb0d3585417c/1_org_zoom.jpg,"{""Materyal"":""Plastik"",""Parça Sayısı"":""2"",""Renk"":""Beyaz"",""Hacim"":""2 L"",""Menşei"":""TR"",""Bakım Talimatları (Gıda Temas)"":""Ürünün kullanım ömrünü korumak için ürüne özel bakım talimatlarını takip ediniz.""}",20,5,refreshed,"[""daily_top""]",true,2026-08-18T10:00:59+03:00,0,"[""search_result_dom"",""product_detail_jsonld"",""product_detail_dom""]","{""title"":""observed"",""brand"":""observed"",""seller_name"":""observed"",""seller_score"":""observed"",""price"":""observed"",""original_price"":""unavailable"",""campaigns"":""observed"",""stock_status"":""observed"",""stock_signal"":""observed"",""rating"":""observed"",""rating_count"":""observed"",""review_count"":""observed"",""question_count"":""observed"",""delivery_summary"":""observed"",""shipping_cost"":""observed"",""properties"":""observed""}",true,
2026-08-18,2026-08-18T10:00:59+03:00,ev-yasam,BEST_SELLER,birlesik-ev-yasam,Trendyol seçili Ev & Yaşam kategorileri / En Çok Satan,19,1,19,19,3,-8,71,16.5,452643875,152772,ESTİ 24 Adet - Ahşap Görünümlü Plastik A Kalite Siyah Elbise Askı,ESTİ,Askı,https://www.trendyol.com/esti/24-adet-ahsap-gorunumlu-plastik-a-kalite-siyah-elbise-aski-p-452643875?boutiqueId=61&merchantId=152772,ESTİ,24,332.5,,,0,TRY,"[""Kargo Bedava"",""Trendyol Plus'a Özel""]",InStock,100 adetten fazla stok sunulmuştur,Son 3 günde 500+ ürün satıldı!,,4.5,7685,4180,-26,,,,,4999,TRY,0,1,1,3,Tahmini Teslim:,En Çok Satan 3. Ürün,https://cdn.dsmcdn.com/ty956/product/media/images/20230623/19/388668881/647049743/1/1_org_zoom.jpg,"{""Materyal"":""Plastik"",""Parça Sayısı"":""24"",""Renk"":""Siyah"",""Kullanım Türü"":""Elbise"",""Menşei"":""TR""}",20,5,refreshed,"[""daily_top""]",true,2026-08-18T10:00:59+03:00,0,"[""search_result_dom"",""product_detail_jsonld"",""product_detail_dom""]","{""title"":""observed"",""brand"":""observed"",""seller_name"":""observed"",""seller_score"":""observed"",""price"":""observed"",""original_price"":""unavailable"",""campaigns"":""observed"",""stock_status"":""observed"",""stock_signal"":""observed"",""rating"":""observed"",""rating_count"":""observed"",""review_count"":""observed"",""question_count"":""unavailable"",""delivery_summary"":""observed"",""shipping_cost"":""observed"",""properties"":""observed""}",true,
2026-08-18,2026-08-18T10:00:59+03:00,ev-yasam,BEST_SELLER,birlesik-ev-yasam,Trendyol seçili Ev & Yaşam kategorileri / En Çok Satan,20,1,20,20,1,130,61.9,23.1,994085835,638780,AKDAG HOME Tekli Paslanmaz Bulaşık Süngeri Tutucu Yapışkanlı Askılık Çift Taraflı Yapışkanlı Gri,AKDAG HOME,Düzenleyici,https://www.trendyol.com/akdag-home/tekli-paslanmaz-bulasik-sungeri-tutucu-yapiskanli-askilik-cift-tarafli-yapiskanli-gri-p-994085835?boutiqueId=61&merchantId=638780,BEYZANA,89,74.99,,,0,TRY,"[""Kargo Bedava""]",InStock,100 adetten fazla stok sunulmuştur,Son 3 günde 500+ ürün satıldı!,,4,1105,548,1,,,,,4999,TRY,0,1,1,3,13 saat 56 dakika içinde sipariş verirsen en geç yarın kargoda!,En Çok Satan 1. Ürün,https://cdn.dsmcdn.com/ty1764/prod/QC_ENRICHMENT/20250930/20/f64d6196-1d6d-3200-9b78-2a7fe1240b7d/1_org_zoom.jpg,"{""Materyal"":""Çelik"",""Menşei"":""CN"",""Bakım Talimatları (Genel)"":""Ürünün kullanım ömrünü korumak için ürüne özel bakım talimatlarını takip ediniz.""}",20,5,refreshed,"[""daily_top""]",true,2026-08-18T10:00:59+03:00,0,"[""search_result_dom"",""product_detail_jsonld"",""product_detail_dom""]","{""title"":""observed"",""brand"":""observed"",""seller_name"":""observed"",""seller_score"":""observed"",""price"":""observed"",""original_price"":""unavailable"",""campaigns"":""observed"",""stock_status"":""observed"",""stock_signal"":""observed"",""rating"":""observed"",""rating_count"":""observed"",""review_count"":""observed"",""question_count"":""unavailable"",""delivery_summary"":""observed"",""shipping_cost"":""observed"",""properties"":""observed""}",true,
2026-08-18,2026-08-18T10:00:59+03:00,ev-yasam,BEST_SELLER,birlesik-ev-yasam,Trendyol seçili Ev & Yaşam kategorileri / En Çok Satan,21,1,21,21,1,-3,70.4,14.5,758157346,105683,Varol 2 Adet Gold Serisi 1200Gr Nano Jel Yastık 50x70cm,Varol,Yastık,https://www.trendyol.com/varol/2-adet-gold-serisi-1200gr-nano-jel-yastik-50x70cm-p-758157346?boutiqueId=61&merchantId=105683,Varol Tekstil,88,799,,,0,TRY,"[""Kargo Bedava""]",InStock,100 adetten fazla stok sunulmuştur,Son 3 günde 500+ ürün satıldı!,,4.6,20710,11199,27,,,,,4999,TRY,0,2,1,6,Tahmini Teslim:,En Çok Satan 1. Ürün,https://cdn.dsmcdn.com/ty1663/prod/QC/20250411/20/49f2436b-e3bc-38b8-879d-bceacacb9fdc/1_org_zoom.jpg,"{""Boyut/Ebat"":""50 x 70"",""Dış Materyal"":""Pamuklu"",""Dolgu Materyali"":""Nano Elyaf"",""Renk"":""Beyaz"",""Özellik"":""Hava Geçirgen"",""Ağırlık"":""650 + gr"",""Materyal Bileşeni"":""pamuk silikonize elyaf"",""Yıkama Talimatı"":""T44"",""Menşei"":""TR""}",20,5,refreshed,"[""daily_top""]",true,2026-08-18T10:00:59+03:00,0,"[""search_result_dom"",""product_detail_jsonld"",""product_detail_dom""]","{""title"":""observed"",""brand"":""observed"",""seller_name"":""observed"",""seller_score"":""observed"",""price"":""observed"",""original_price"":""unavailable"",""campaigns"":""observed"",""stock_status"":""observed"",""stock_signal"":""observed"",""rating"":""observed"",""rating_count"":""observed"",""review_count"":""observed"",""question_count"":""unavailable"",""delivery_summary"":""observed"",""shipping_cost"":""observed"",""properties"":""observed""}",true,
2026-08-18,2026-08-18T10:00:59+03:00,ev-yasam,BEST_SELLER,birlesik-ev-yasam,Trendyol seçili Ev & Yaşam kategorileri / En Çok Satan,22,1,22,22,2,27,36,,958503412,1023658,"YEGGE Çekmece ve Dolap içi Düzenleyici, Raf Düzenleyici, Katlanabilir Çorap ve Çamaşır Organizer Kutu",YEGGE,,https://www.trendyol.com/yegge/cekmece-ve-dolap-ici-duzenleyici-raf-duzenleyici-katlanabilir-corap-ve-camasir-organizer-kutu-p-958503412?boutiqueId=61&merchantId=1023658,,,66.66,,,0.2,TRY,"[""Kargo Bedava""]",InStock,,Son 3 günde 500+ ürün satıldı!,,,,,0,,,,,,,0,,,,Tahmini Teslim:,En Çok Satan 2. Ürün,,{},0,,refreshed,"[""daily_top""]",true,2026-08-18T10:00:59+03:00,0,"[""search_result_dom"",""product_detail_jsonld"",""product_detail_dom""]","{""title"":""observed"",""brand"":""observed"",""seller_name"":""unavailable"",""seller_score"":""unavailable"",""price"":""observed"",""original_price"":""unavailable"",""campaigns"":""observed"",""stock_status"":""observed"",""stock_signal"":""unavailable"",""rating"":""unavailable"",""rating_count"":""unavailable"",""review_count"":""unavailable"",""question_count"":""unavailable"",""delivery_summary"":""observed"",""shipping_cost"":""unavailable"",""properties"":""observed""}",true,
2026-08-18,2026-08-18T10:00:59+03:00,ev-yasam,BEST_SELLER,birlesik-ev-yasam,Trendyol seçili Ev & Yaşam kategorileri / En Çok Satan,23,1,23,23,1,11,65.7,13.5,131717013,609933,Solingen Simli Siyah 6’lı Tırtıklı Meyve Bıçağı,Solingen,Bıçak ve Bıçak Seti,https://www.trendyol.com/solingen/simli-siyah-6-li-tirtikli-meyve-bicagi-p-131717013?boutiqueId=61&merchantId=609933,,,183,,,-3.2,TRY,"[""Kargo Bedava""]",InStock,,Son 3 günde 500+ ürün satıldı!,,4.6,15641,9209,-29,,,,,4999,TRY,0,1,1,3,Tahmini Teslim:,En Çok Satan 1. Ürün,https://cdn.dsmcdn.com/ty1842/prod/QC_ENRICHMENT/20260324/10/67735926-c282-36db-94f9-7b5abf313072/1_org_zoom.jpg,"{""Materyal"":""Çelik"",""Parça Sayısı"":""6"",""Ürün Tipi"":""Meyve Bıçağı"",""Menşei"":""DE"",""Bakım Talimatları (Gıda Temas)"":""Bulaşık makinesinde yıkanılamaz."",""Gıda Temas Sembolü"":""Hayır""}",20,5,refreshed,"[""daily_top""]",true,2026-08-18T10:00:59+03:00,0,"[""search_result_dom"",""product_detail_jsonld"",""product_detail_dom""]","{""title"":""observed"",""brand"":""observed"",""seller_name"":""unavailable"",""seller_score"":""unavailable"",""price"":""observed"",""original_price"":""unavailable"",""campaigns"":""observed"",""stock_status"":""observed"",""stock_signal"":""unavailable"",""rating"":""observed"",""rating_count"":""observed"",""review_count"":""observed"",""question_count"":""unavailable"",""delivery_summary"":""observed"",""shipping_cost"":""observed"",""properties"":""observed""}",true,
2026-08-18,2026-08-18T10:00:59+03:00,ev-yasam,BEST_SELLER,birlesik-ev-yasam,Trendyol seçili Ev & Yaşam kategorileri / En Çok Satan,24,1,24,24,2,170,32,,177738961,152772,ESTİ 12 Adet - Ahşap Görünümlü Elbise Ve Kıyafet Askısı Beyaz,ESTİ,,https://www.trendyol.com/esti/12-adet-ahsap-gorunumlu-elbise-ve-kiyafet-askisi-beyaz-p-177738961?boutiqueId=61&merchantId=152772,,,279.99,,,0,TRY,"[""Kargo Bedava"",""Trendyol Plus'a Özel""]",InStock,,Son 3 günde 500+ ürün satıldı!,,,,,0,,,,,,,0,,,,Tahmini Teslim:,En Çok Favorilenen 2. Ürün,,{},0,,refreshed,"[""daily_top"",""hot_change""]",true,2026-08-18T10:00:59+03:00,0,"[""search_result_dom"",""product_detail_jsonld"",""product_detail_dom""]","{""title"":""observed"",""brand"":""observed"",""seller_name"":""unavailable"",""seller_score"":""unavailable"",""price"":""observed"",""original_price"":""unavailable"",""campaigns"":""observed"",""stock_status"":""observed"",""stock_signal"":""unavailable"",""rating"":""unavailable"",""rating_count"":""unavailable"",""review_count"":""unavailable"",""question_count"":""unavailable"",""delivery_summary"":""observed"",""shipping_cost"":""unavailable"",""properties"":""observed""}",true,
2026-08-18,2026-08-18T10:00:59+03:00,ev-yasam,BEST_SELLER,birlesik-ev-yasam,Trendyol seçili Ev & Yaşam kategorileri / En Çok Satan,25,1,25,25,1,17,62.5,46,1087200143,958798,EJMEL A Kalite Elma sandalye kılıfı bohem sandalye kılıfı esnek kumaş lastikli model alt-üst 2 parça,EJMEL,,https://www.trendyol.com/ejmel/a-kalite-elma-sandalye-kilifi-bohem-sandalye-kilifi-esnek-kumas-lastikli-model-alt-ust-2-parca-p-1087200143?boutiqueId=61&merchantId=958798,,,90.09,91,1,27.6,TRY,"[""Sepette %1 İndirim"",""Kargo Bedava""]",InStock,,Son 3 günde 500+ ürün satıldı!,500,4.6,489,,0,266,962 kişinin sepetinde,"13,6B kişi favoriledi",Son 24 saatte 680 kişi görüntüledi,,,0,,,,Tahmini Teslim:,En Çok Satan 1. Ürün,,{},0,,refreshed,"[""daily_top""]",true,2026-08-18T10:00:59+03:00,0,"[""search_result_dom"",""product_detail_jsonld"",""product_detail_dom""]","{""title"":""observed"",""brand"":""observed"",""seller_name"":""unavailable"",""seller_score"":""unavailable"",""price"":""observed"",""original_price"":""observed"",""campaigns"":""observed"",""stock_status"":""observed"",""stock_signal"":""unavailable"",""rating"":""observed"",""rating_count"":""observed"",""review_count"":""unavailable"",""question_count"":""observed"",""delivery_summary"":""observed"",""shipping_cost"":""unavailable"",""properties"":""observed""}",true,
2026-08-18,2026-08-18T10:00:59+03:00,ev-yasam,BEST_SELLER,birlesik-ev-yasam,Trendyol seçili Ev & Yaşam kategorileri / En Çok Satan,26,1,26,26,4,13,68,37,114285258,246399,Genel Markalar 5 Katlı Metal Pantolon Askısı Dolap Elbise Askısı Giysi Eşarp Fular Havlu Kravat Düzenleyici,Genel Markalar,,https://www.trendyol.com/genel-markalar/5-katli-metal-pantolon-askisi-dolap-elbise-askisi-giysi-esarp-fular-havlu-kravat-duzenleyici-p-114285258?boutiqueId=61&merchantId=246399,,,43.97,,,0,TRY,"[""10 TL Kupon"",""Kargo Bedava""]",InStock,,Son 3 günde 500+ ürün satıldı!,500,4.1,5650,,0,252,2B kişinin sepetinde,"119,7B kişi favoriledi",Son 24 saatte 730 kişi görüntüledi,,,0,,,,Tahmini Teslim:,En Çok Satan 4. Ürün,,{},0,,refreshed,"[""daily_top""]",true,2026-08-18T10:00:59+03:00,0,"[""search_result_dom"",""product_detail_jsonld"",""product_detail_dom""]","{""title"":""observed"",""brand"":""observed"",""seller_name"":""unavailable"",""seller_score"":""unavailable"",""price"":""observed"",""original_price"":""unavailable"",""campaigns"":""observed"",""stock_status"":""observed"",""stock_signal"":""unavailable"",""rating"":""observed"",""rating_count"":""observed"",""review_count"":""unavailable"",""question_count"":""observed"",""delivery_summary"":""observed"",""shipping_cost"":""unavailable"",""properties"":""observed""}",true,
2026-08-18,2026-08-18T10:00:59+03:00,ev-yasam,BEST_SELLER,birlesik-ev-yasam,Trendyol seçili Ev & Yaşam kategorileri / En Çok Satan,27,1,27,27,2,23,42.3,25.2,975527753,1117104,"Ezupack 25 Adet Sızdırmaz 120 ml Mini Saklama Kabı Sosluk Buzluk Kabı, Et Suyu, Kemik Suyu, Sos Kabı Mutfak",Ezupack,Saklama Kabı,https://www.trendyol.com/ezupack/25-adet-sizdirmaz-120-ml-mini-saklama-kabi-sosluk-buzluk-kabi-et-suyu-kemik-suyu-sos-kabi-mutfak-p-975527753?boutiqueId=61&merchantId=1117104,,,74.9,,,0,TRY,"[""Kargo Bedava"",""Trendyol Plus'a Özel""]",InStock,,Son 3 günde 500+ ürün satıldı!,,4.6,186,108,9,17,,,,4999,TRY,0,,1,3,56 dakika 45 saniye içinde sipariş verirsen en geç bugün kargoda!,En Çok Satan 2. Ürün,https://cdn.dsmcdn.com/ty1892/prod/QC_ENRICHMENT/20260714/20/d071ee94-1098-3ddb-830a-ff1c30a6a023/1_org_zoom.jpg,"{""Materyal"":""Plastik"",""Parça Sayısı"":""25+"",""Renk"":""Çok Renkli"",""Hacim"":""0,6 ml"",""Menşei"":""TR"",""Bakım Talimatları (Gıda Temas)"":""Bulaşık makinesinde yıkanabilir."",""Gıda Temas Sembolü"":""Evet""}",20,5,refreshed,"[""daily_top""]",true,2026-08-18T10:00:59+03:00,0,"[""search_result_dom"",""product_detail_jsonld"",""product_detail_dom""]","{""title"":""observed"",""brand"":""observed"",""seller_name"":""unavailable"",""seller_score"":""unavailable"",""price"":""observed"",""original_price"":""unavailable"",""campaigns"":""observed"",""stock_status"":""observed"",""stock_signal"":""unavailable"",""rating"":""observed"",""rating_count"":""observed"",""review_count"":""observed"",""question_count"":""observed"",""delivery_summary"":""observed"",""shipping_cost"":""observed"",""properties"":""observed""}",true,
2026-08-18,2026-08-18T10:00:59+03:00,ev-yasam,BEST_SELLER,birlesik-ev-yasam,Trendyol seçili Ev & Yaşam kategorileri / En Çok Satan,28,1,28,28,2,33,34,,463380012,716966,Dream Time Sıvı Geçirmez Soft Micro Fitted Alez | Ultra Sessiz Full Kenarlı Antibakteriyel Su Geçirmez Yatak Koruyucu,Dream Time,,https://www.trendyol.com/dream-time/sivi-gecirmez-soft-micro-fitted-alez-ultra-sessiz-full-kenarli-antibakteriyel-su-gecirmez-yatak-koruyucu-p-463380012?boutiqueId=61&merchantId=716966,,,210.42,,,110.5,TRY,"[""Kargo Bedava"",""Trendyol Plus'a Özel""]",InStock,,Son 3 günde 500+ ürün satıldı!,500,,,,0,,"2,8B kişinin sepetinde","26,9B kişi favoriledi",Son 24 saatte 2B kişi görüntüledi,,,0,,,,Tahmini Teslim:,En Çok Satan 2. Ürün,,{},0,,refreshed,"[""daily_top""]",true,2026-08-18T10:00:59+03:00,0,"[""search_result_dom"",""product_detail_jsonld"",""product_detail_dom""]","{""title"":""observed"",""brand"":""observed"",""seller_name"":""unavailable"",""seller_score"":""unavailable"",""price"":""observed"",""original_price"":""unavailable"",""campaigns"":""observed"",""stock_status"":""observed"",""stock_signal"":""unavailable"",""rating"":""unavailable"",""rating_count"":""unavailable"",""review_count"":""unavailable"",""question_count"":""unavailable"",""delivery_summary"":""observed"",""shipping_cost"":""unavailable"",""properties"":""observed""}",true,
2026-08-18,2026-08-18T10:00:59+03:00,ev-yasam,BEST_SELLER,birlesik-ev-yasam,Trendyol seçili Ev & Yaşam kategorileri / En Çok Satan,29,1,29,29,1,122,32,,1070017994,817862,Genel Markalar Dekoratif Led Tealight Mumluk | Masaüstü Aydınlatma | 2'li Set,Genel Markalar,,https://www.trendyol.com/genel-markalar/dekoratif-led-tealight-mumluk-masaustu-aydinlatma-2-li-set-p-1070017994?boutiqueId=61&merchantId=817862,RubatrendCookieCutter,92,148,,,2.4,TRY,"[""15 TL Kupon"",""Kargo Bedava"",""Trendyol Plus'a Özel""]",InStock,100 adetten fazla stok sunulmuştur,Son 3 günde 500+ ürün satıldı!,500,,,,0,,"8,2B kişinin sepetinde",152B kişi favoriledi,"Son 24 saatte 6,6B kişi görüntüledi",,,0,,,,13 saat 56 dakika içinde sipariş verirsen en geç yarın kargoda!,En Çok Satan 1. Ürün,,{},0,,refreshed,"[""daily_top""]",true,2026-08-18T10:00:59+03:00,0,"[""search_result_dom"",""product_detail_jsonld"",""product_detail_dom""]","{""title"":""observed"",""brand"":""observed"",""seller_name"":""observed"",""seller_score"":""observed"",""price"":""observed"",""original_price"":""unavailable"",""campaigns"":""observed"",""stock_status"":""observed"",""stock_signal"":""observed"",""rating"":""unavailable"",""rating_count"":""unavailable"",""review_count"":""unavailable"",""question_count"":""unavailable"",""delivery_summary"":""observed"",""shipping_cost"":""unavailable"",""properties"":""observed""}",true,
2026-08-18,2026-08-18T10:00:59+03:00,ev-yasam,BEST_SELLER,birlesik-ev-yasam,Trendyol seçili Ev & Yaşam kategorileri / En Çok Satan,30,1,30,30,3,6,20,,668790583,152772,Serstil 6'lı Valiz Düzenleyici Bavul Içi Organizer Set Seyahat Hurcu Gri Puantiyeli,Serstil,,https://www.trendyol.com/serstil/6-li-valiz-duzenleyici-bavul-ici-organizer-set-seyahat-hurcu-gri-puantiyeli-p-668790583?boutiqueId=61&merchantId=152772,,,199.99,,,0,TRY,"[""Kargo Bedava"",""Trendyol Plus'a Özel""]",InStock,,Son 3 günde 500+ ürün satıldı!,,,,,0,,,,,,,0,,,,Tahmini Teslim:,En Çok Favorilenen 1. Ürün,,{},0,,refreshed,"[""daily_top""]",true,2026-08-18T10:00:59+03:00,0,"[""search_result_dom"",""product_detail_jsonld"",""product_detail_dom""]","{""title"":""observed"",""brand"":""observed"",""seller_name"":""unavailable"",""seller_score"":""unavailable"",""price"":""observed"",""original_price"":""unavailable"",""campaigns"":""observed"",""stock_status"":""observed"",""stock_signal"":""unavailable"",""rating"":""unavailable"",""rating_count"":""unavailable"",""review_count"":""unavailable"",""question_count"":""unavailable"",""delivery_summary"":""observed"",""shipping_cost"":""unavailable"",""properties"":""observed""}",true,
2026-08-18,2026-08-18T10:00:59+03:00,ev-yasam,BEST_SELLER,birlesik-ev-yasam,Trendyol seçili Ev & Yaşam kategorileri / En Çok Satan,31,1,31,31,1,-12,57.8,34.7,60217450,968,TEFAL Manuel Rondo 500 ml Kapasiteli Siyah,TEFAL,El Rondosu,https://www.trendyol.com/tefal/manuel-rondo-500-ml-kapasiteli-siyah-p-60217450?boutiqueId=689770&merchantId=968,Trendyol,,799,,,5.3,TRY,"[""Kargo Bedava""]",InStock,100 adetten fazla stok sunulmuştur,Son 3 günde 500+ ürün satıldı!,500,4.7,8883,5360,5,,"5,8B kişinin sepetinde","312,5B kişi favoriledi","Son 24 saatte 3,8B kişi görüntüledi",4999,TRY,0,1,1,3,4 saat 56 dakika içinde sipariş verirsen en geç bugün kargoda!,En Çok Satan 1. Ürün,https://cdn.dsmcdn.com/ty1000426/product/media/images/prod/PIM/20260811/08/8c15522c-7e9f-4e30-86a1-5e0ce35e65ca/1_org_zoom.jpg,"{""Renk"":""Siyah"",""Menşei"":""CN"",""Bakım Talimatları (Gıda Temas)"":""Ürünün kullanım ömrünü korumak için ürüne özel bakım talimatlarını takip ediniz."",""Materyal"":""Plastik""}",20,5,refreshed,"[""daily_top""]",true,2026-08-18T10:00:59+03:00,0,"[""search_result_dom"",""product_detail_jsonld"",""product_detail_dom""]","{""title"":""observed"",""brand"":""observed"",""seller_name"":""observed"",""seller_score"":""unavailable"",""price"":""observed"",""original_price"":""unavailable"",""campaigns"":""observed"",""stock_status"":""observed"",""stock_signal"":""observed"",""rating"":""observed"",""rating_count"":""observed"",""review_count"":""observed"",""question_count"":""unavailable"",""delivery_summary"":""observed"",""shipping_cost"":""observed"",""properties"":""observed""}",true,
2026-08-18,2026-08-18T10:00:59+03:00,ev-yasam,BEST_SELLER,birlesik-ev-yasam,Trendyol seçili Ev & Yaşam kategorileri / En Çok Satan,32,1,32,32,,-1,59.4,34,37258722,128977,ACAR Karat 9 Parça Rendeli Karıştırma ve Saklama Kabı (16-20-24 cm),ACAR,Saklama Kabı,https://www.trendyol.com/acar/karat-9-parca-rendeli-karistirma-ve-saklama-kabi-16-20-24-cm-p-37258722?boutiqueId=61&merchantId=128977,Acar Home,85,929.9,,,4.6,TRY,"[""Kargo Bedava"",""Son 10 Günün En Düşük Fiyatı"",""Trendyol Plus'a Özel""]",InStock,100 adetten fazla stok sunulmuştur,Son 3 günde 500+ ürün satıldı!,500,4.7,24554,14847,-42,882,"8,6B kişinin sepetinde","710,3B kişi favoriledi","Son 24 saatte 5,2B kişi görüntüledi",4999,TRY,0,1,1,3,Tahmini Teslim:,En Çok Favorilenen 1. Ürün,https://cdn.dsmcdn.com/ty1898/prod/QC_ENRICHMENT/20260722/09/69098ab4-b0d6-368b-802a-eeda8d713705/1_org_zoom.jpg,"{""Materyal"":""Çelik"",""Parça Sayısı"":""9"",""Renk"":""Siyah"",""Hacim"":""1,35 L"",""Menşei"":""TR"",""Bakım Talimatları (Gıda Temas)"":""Bulaşık makinesinde yıkanabilir."",""Gıda Temas Sembolü"":""Evet""}",20,5,refreshed,"[""daily_top""]",true,2026-08-18T10:00:59+03:00,0,"[""search_result_dom"",""product_detail_jsonld"",""product_detail_dom""]","{""title"":""observed"",""brand"":""observed"",""seller_name"":""observed"",""seller_score"":""observed"",""price"":""observed"",""original_price"":""unavailable"",""campaigns"":""observed"",""stock_status"":""observed"",""stock_signal"":""observed"",""rating"":""observed"",""rating_count"":""observed"",""review_count"":""observed"",""question_count"":""observed"",""delivery_summary"":""observed"",""shipping_cost"":""observed"",""properties"":""observed""}",true,
2026-08-18,2026-08-18T10:00:59+03:00,ev-yasam,BEST_SELLER,birlesik-ev-yasam,Trendyol seçili Ev & Yaşam kategorileri / En Çok Satan,33,1,33,33,1,120,42.5,45,971174145,1024262,"adornazzle 1 Adet Yapışkanlı Pratik Mop Tutucu, Temizlik Fırçası Tutucu, Şemsiye Tutucu, Fırça Kepçe Tutucu",adornazzle,Banyo Askısı,https://www.trendyol.com/adornazzle/1-adet-yapiskanli-pratik-mop-tutucu-temizlik-fircasi-tutucu-semsiye-tutucu-firca-kepce-tutucu-p-971174145?boutiqueId=61&merchantId=1024262,ADORNAZZLE,96,34.9,,,0,TRY,"[""Kargo Bedava""]",InStock,100 adetten fazla stok sunulmuştur,Son 3 günde 500+ ürün satıldı!,500,4,394,204,2,21,"1,4B kişinin sepetinde","23,5B kişi favoriledi",Son 24 saatte 709 kişi görüntüledi,4999,TRY,0,,1,3,4 saat 56 dakika içinde sipariş verirsen en geç bugün kargoda!,En Çok Satan 1. Ürün,https://cdn.dsmcdn.com/ty1851/prod/QC_ENRICHMENT/20260411/18/5ec64162-53d4-32c6-9c83-639fdea6299e/1_org_zoom.jpg,"{""Renk"":""Gri"",""Tip"":""Askı Seti"",""Menşei"":""CN"",""Bakım Talimatları (Genel)"":""Nemli bir bezle silin.""}",20,5,refreshed,"[""daily_top""]",true,2026-08-18T10:00:59+03:00,0,"[""search_result_dom"",""product_detail_jsonld"",""product_detail_dom""]","{""title"":""observed"",""brand"":""observed"",""seller_name"":""observed"",""seller_score"":""observed"",""price"":""observed"",""original_price"":""unavailable"",""campaigns"":""observed"",""stock_status"":""observed"",""stock_signal"":""observed"",""rating"":""observed"",""rating_count"":""observed"",""review_count"":""observed"",""question_count"":""observed"",""delivery_summary"":""observed"",""shipping_cost"":""observed"",""properties"":""observed""}",true,
2026-08-18,2026-08-18T10:00:59+03:00,ev-yasam,BEST_SELLER,birlesik-ev-yasam,Trendyol seçili Ev & Yaşam kategorileri / En Çok Satan,34,1,34,34,,-8,42.9,42.1,895045927,137544,Kitchen Beauty 15 Bölmeli Büyük Boy Silikon Buz Kalıbı Silikon Kare Buzluk Kokteyl Sunum Buz Kalıbı Et Suyu Saklama,Kitchen Beauty,Buz Kalıbı,https://www.trendyol.com/kitchen-beauty/15-bolmeli-buyuk-boy-silikon-buz-kalibi-silikon-kare-buzluk-kokteyl-sunum-buz-kalibi-et-suyu-saklama-p-895045927?boutiqueId=61&merchantId=137544,Eymen Ticaret,89,74.75,,,-0.3,TRY,"[""Kargo Bedava"",""Trendyol Plus'a Özel""]",InStock,100 adetten fazla stok sunulmuştur,Son 3 günde 500+ ürün satıldı!,500,4.5,822,410,3,41,"1,4B kişinin sepetinde","27,8B kişi favoriledi",Son 24 saatte 906 kişi görüntüledi,4999,TRY,0,2,1,6,2 saat 56 dakika içinde sipariş verirsen en geç bugün kargoda!,,https://cdn.dsmcdn.com/ty1903/prod/QC_ENRICHMENT/20260804/07/44917140-8196-36c1-b77d-fc8ee4dbc777/1_org_zoom.jpg,"{""Boyut/Ebat"":""10 x 10"",""Materyal"":""Silikon"",""Menşei"":""TR"",""Bakım Talimatları (Gıda Temas)"":""Ürünün kullanım ömrünü korumak için ürüne özel bakım talimatlarını takip ediniz.""}",20,5,refreshed,"[""daily_top""]",true,2026-08-18T10:00:59+03:00,0,"[""search_result_dom"",""product_detail_jsonld"",""product_detail_dom""]","{""title"":""observed"",""brand"":""observed"",""seller_name"":""observed"",""seller_score"":""observed"",""price"":""observed"",""original_price"":""unavailable"",""campaigns"":""observed"",""stock_status"":""observed"",""stock_signal"":""observed"",""rating"":""observed"",""rating_count"":""observed"",""review_count"":""observed"",""question_count"":""observed"",""delivery_summary"":""observed"",""shipping_cost"":""observed"",""properties"":""observed""}",true,
2026-08-18,2026-08-18T10:00:59+03:00,ev-yasam,BEST_SELLER,birlesik-ev-yasam,Trendyol seçili Ev & Yaşam kategorileri / En Çok Satan,35,1,35,35,1,117,52.5,32.5,861362964,541829,aymumi home Dekoratif 5li Set Mum Çizgili Vazo Tealight mumluk ve Oda Kokusu Seti,aymumi home,Mum ve Kandil,https://www.trendyol.com/aymumi-home/dekoratif-5li-set-mum-cizgili-vazo-tealight-mumluk-ve-oda-kokusu-seti-p-861362964?boutiqueId=61&merchantId=541829,QULİFE,82,169.93,,,10.1,TRY,"[""Kargo Bedava""]",InStock,100 adetten fazla stok sunulmuştur,Son 3 günde 500+ ürün satıldı!,500,4,19978,11459,6,403,"9,8B kişinin sepetinde","826,5B kişi favoriledi","Son 24 saatte 5,7B kişi görüntüledi",4999,TRY,0,,1,3,1 saat 56 dakika içinde sipariş verirsen en geç bugün kargoda!,En Çok Satan 1. Ürün,https://cdn.dsmcdn.com/ty1784/prod/QC_ENRICHMENT/20251029/18/a19c310e-5527-3f70-b32b-c90ef6476860/1_org_zoom.jpg,"{""Renk"":""Beyaz"",""Özellik"":""Kokulu"",""Boyut/Ebat"":""6 x 16"",""Parça Sayısı"":""6"",""Koku Aroması"":""Fresh"",""Menşei"":""TR""}",20,5,refreshed,"[""daily_top""]",true,2026-08-18T10:00:59+03:00,0,"[""search_result_dom"",""product_detail_jsonld"",""product_detail_dom""]","{""title"":""observed"",""brand"":""observed"",""seller_name"":""observed"",""seller_score"":""observed"",""price"":""observed"",""original_price"":""unavailable"",""campaigns"":""observed"",""stock_status"":""observed"",""stock_signal"":""observed"",""rating"":""observed"",""rating_count"":""observed"",""review_count"":""observed"",""question_count"":""observed"",""delivery_summary"":""observed"",""shipping_cost"":""observed"",""properties"":""observed""}",true,
2026-08-18,2026-08-18T10:00:59+03:00,ev-yasam,BEST_SELLER,birlesik-ev-yasam,Trendyol seçili Ev & Yaşam kategorileri / En Çok Satan,36,1,36,36,1,19,49.2,32,55203169,247267,CAROLİNA 227 Rabisli Ütü masası,CAROLİNA,Ütü Masası ve Aksesuarı,https://www.trendyol.com/carolina/227-rabisli-utu-masasi-p-55203169?boutiqueId=61&merchantId=247267,MYDAS PRATİK EV GEREÇLERİ,88,997.49,,,0,TRY,"[""Kargo Bedava"",""Peşin Fiyatına 3 Taksit"",""Trendyol Plus'a Özel""]",InStock,100 adetten fazla stok sunulmuştur,Son 3 günde 500+ ürün satıldı!,500,4.1,15798,8053,-39,1394,"2,8B kişinin sepetinde","143,4B kişi favoriledi","Son 24 saatte 2,3B kişi görüntüledi",4999,TRY,0,2,1,6,Tahmini Teslim:,En Çok Satan 1. Ürün,https://cdn.dsmcdn.com/ty1000421/product/media/images/prod/PIM/20260724/05/35bb7214-3f17-4e9f-a2a4-b1879e255f48/1_org_zoom.jpg,"{""Renk"":""Gri"",""Menşei"":""TR"",""Özellik"":""Isıya Dayanıklı""}",20,5,refreshed,"[""daily_top""]",true,2026-08-18T10:00:59+03:00,0,"[""search_result_dom"",""product_detail_jsonld"",""product_detail_dom""]","{""title"":""observed"",""brand"":""observed"",""seller_name"":""observed"",""seller_score"":""observed"",""price"":""observed"",""original_price"":""unavailable"",""campaigns"":""observed"",""stock_status"":""observed"",""stock_signal"":""observed"",""rating"":""observed"",""rating_count"":""observed"",""review_count"":""observed"",""question_count"":""observed"",""delivery_summary"":""observed"",""shipping_cost"":""observed"",""properties"":""observed""}",true,
2026-08-18,2026-08-18T10:00:59+03:00,ev-yasam,BEST_SELLER,birlesik-ev-yasam,Trendyol seçili Ev & Yaşam kategorileri / En Çok Satan,37,1,37,37,1,11,63,31.5,666992559,689343,MetaQuartz Aksesuar Orjinal Metal- İskandinav Kadran Gold (BÜYÜK BOY 50X75CM) ( 3adet Pil Gelmektedir)-Metal Duvar Saati,MetaQuartz Aksesuar,,https://www.trendyol.com/metaquartz-aksesuar/orjinal-metal-iskandinav-kadran-gold-buyuk-boy-50x75cm-3adet-pil-gelmektedir-metal-duvar-saati-p-666992559?boutiqueId=61&merchantId=689343,MetaQuartz Aksesuar,,990,1140,13.2,-13.2,TRY,"[""50 TL Kupon"",""Kargo Bedava""]",InStock,100 adetten fazla stok sunulmuştur,Son 3 günde 500+ ürün satıldı!,500,4.5,16949,,0,560,"8,1B kişinin sepetinde","716,8B kişi favoriledi","Son 24 saatte 6,4B kişi görüntüledi",,,0,,,,56 dakika 26 saniye içinde sipariş verirsen en geç bugün kargoda!,En Çok Satan 1. Ürün,,{},0,,refreshed,"[""daily_top""]",true,2026-08-18T10:00:59+03:00,0,"[""search_result_dom"",""product_detail_jsonld"",""product_detail_dom""]","{""title"":""observed"",""brand"":""observed"",""seller_name"":""observed"",""seller_score"":""unavailable"",""price"":""observed"",""original_price"":""observed"",""campaigns"":""observed"",""stock_status"":""observed"",""stock_signal"":""observed"",""rating"":""observed"",""rating_count"":""observed"",""review_count"":""unavailable"",""question_count"":""observed"",""delivery_summary"":""observed"",""shipping_cost"":""unavailable"",""properties"":""observed""}",true,
2026-08-18,2026-08-18T10:00:59+03:00,ev-yasam,BEST_SELLER,birlesik-ev-yasam,Trendyol seçili Ev & Yaşam kategorileri / En Çok Satan,38,1,38,38,4,-3,35.1,39.9,1096698146,517848,"icone life 18’li Antrasit Erzak & Bakliyat Saklama Kabı Seti | 3 Farklı Boy | Etiket Hediyeli (1,75–1,2–0,55 L)",icone life,Saklama Kabı,https://www.trendyol.com/icone-life/18-li-antrasit-erzak-bakliyat-saklama-kabi-seti-3-farkli-boy-etiket-hediyeli-1-75-1-2-0-55-l-p-1096698146?boutiqueId=61&merchantId=517848,FBZHOME,92,389.9,,,0,TRY,"[""Kargo Bedava""]",InStock,100 adetten fazla stok sunulmuştur,Son 3 günde 500+ ürün satıldı!,500,4.6,1134,437,19,105,"3,3B kişinin sepetinde","40,6B kişi favoriledi","Son 24 saatte 2,4B kişi görüntüledi",4999,TRY,0,1,1,3,1 saat 56 dakika içinde sipariş verirsen en geç bugün kargoda!,En Çok Satan 4. Ürün,https://cdn.dsmcdn.com/ty1818/prod/QC_PREP/20260204/10/fc8d234a-f5bb-3a8a-98f3-2525291221d8/1_org_zoom.jpg,"{""Materyal"":""Plastik"",""Parça Sayısı"":""Belirtilmemiş"",""Renk"":""Gri"",""Hacim"":""1700 cc"",""Menşei"":""TR"",""Bakım Talimatları (Gıda Temas)"":""Bulaşık makinesinde yıkanabilir."",""Gıda Temas Sembolü"":""Evet""}",20,5,refreshed,"[""daily_top""]",true,2026-08-18T10:00:59+03:00,0,"[""search_result_dom"",""product_detail_jsonld"",""product_detail_dom""]","{""title"":""observed"",""brand"":""observed"",""seller_name"":""observed"",""seller_score"":""observed"",""price"":""observed"",""original_price"":""unavailable"",""campaigns"":""observed"",""stock_status"":""observed"",""stock_signal"":""observed"",""rating"":""observed"",""rating_count"":""observed"",""review_count"":""observed"",""question_count"":""observed"",""delivery_summary"":""observed"",""shipping_cost"":""observed"",""properties"":""observed""}",true,
2026-08-18,2026-08-18T10:00:59+03:00,ev-yasam,BEST_SELLER,birlesik-ev-yasam,Trendyol seçili Ev & Yaşam kategorileri / En Çok Satan,39,1,39,39,2,31,33,39.5,1040037192,677198,Amentes Led Işıklı Usb Şarjlı Dikdörtgen Masa Üstü Makyaj Aynası Makyaj Aynası Dokunmatik,Amentes,Ayna,https://www.trendyol.com/amentes/led-isikli-usb-sarjli-dikdortgen-masa-ustu-makyaj-aynasi-makyaj-aynasi-dokunmatik-p-1040037192?boutiqueId=61&merchantId=677198,Amentes,,175.65,,,-5,TRY,"[""Kargo Bedava"",""Trendyol Plus'a Özel""]",InStock,100 adetten fazla stok sunulmuştur,Son 3 günde 500+ ürün satıldı!,500,3.9,710,423,20,227,"4,7B kişinin sepetinde","37,8B kişi favoriledi","Son 24 saatte 3,1B kişi görüntüledi",4999,TRY,0,,1,3,4 saat 56 dakika içinde sipariş verirsen en geç bugün kargoda!,En Çok Satan 2. Ürün,https://cdn.dsmcdn.com/ty1739/prod/QC_PREP/20250827/18/87721c2d-e6b5-3fee-baf7-845412fc2235/1_org_zoom.jpg,"{""Materyal"":""Plastik"",""Renk"":""Çok Renkli"",""Şekil"":""Dikdörtgen"",""Çeşit"":""LED Işıklı Ayna"",""Menşei"":""CN""}",20,5,refreshed,"[""daily_top""]",true,2026-08-18T10:00:59+03:00,0,"[""search_result_dom"",""product_detail_jsonld"",""product_detail_dom""]","{""title"":""observed"",""brand"":""observed"",""seller_name"":""observed"",""seller_score"":""unavailable"",""price"":""observed"",""original_price"":""unavailable"",""campaigns"":""observed"",""stock_status"":""observed"",""stock_signal"":""observed"",""rating"":""observed"",""rating_count"":""observed"",""review_count"":""observed"",""question_count"":""observed"",""delivery_summary"":""observed"",""shipping_cost"":""observed"",""properties"":""observed""}",true,
2026-08-18,2026-08-18T10:00:59+03:00,ev-yasam,BEST_SELLER,birlesik-ev-yasam,Trendyol seçili Ev & Yaşam kategorileri / En Çok Satan,40,1,40,40,1,82,28.2,9.4,845863045,1202672,Genel Markalar Katlanabilir Cam Balkon Plise Perde Beyaz,Genel Markalar,Stor Perde,https://www.trendyol.com/genel-markalar/katlanabilir-cam-balkon-plise-perde-beyaz-p-845863045?boutiqueId=61&merchantId=1202672,Plicerra,,190,195,2.6,-32.1,TRY,"[""Son 10 Günün En Düşük Fiyatı""]",InStock,10 adetten fazla stok sunulmuştur,Son 3 günde 500+ ürün satıldı!,,4.4,2547,1570,8,,,,,4999,TRY,0,4,1,8,Tahmini Teslim:,En Çok Satan 1. Ürün,https://cdn.dsmcdn.com/ty1641/prod/QC/20250222/19/58b5e7fe-5fcf-31d7-bdc5-9024d5e859cc/1_org_zoom.jpg,"{""Tip"":""Klasik Stor"",""Renk"":""Beyaz"",""Materyal"":""Polyester"",""Desen"":""Düz"",""Işık Geçirgenliği"":""Oda Karanlığı"",""Yıkama Talimatı"":""T100"",""Materyal Bileşeni"":""80% Polyester, 20% Pamuk"",""Menşei"":""TR"",""Paket Yükseklik"":""80 cm"",""Paket Derinlik"":""4 cm"",""Paket Genişlik"":""100 cm""}",20,5,refreshed,"[""daily_top""]",true,2026-08-18T10:00:59+03:00,0,"[""search_result_dom"",""product_detail_jsonld"",""product_detail_dom""]","{""title"":""observed"",""brand"":""observed"",""seller_name"":""observed"",""seller_score"":""unavailable"",""price"":""observed"",""original_price"":""observed"",""campaigns"":""observed"",""stock_status"":""observed"",""stock_signal"":""observed"",""rating"":""observed"",""rating_count"":""observed"",""review_count"":""observed"",""question_count"":""unavailable"",""delivery_summary"":""observed"",""shipping_cost"":""observed"",""properties"":""observed""}",true,
2026-08-18,2026-08-18T10:00:59+03:00,ev-yasam,BEST_SELLER,birlesik-ev-yasam,Trendyol seçili Ev & Yaşam kategorileri / En Çok Satan,41,1,41,41,2,113,25.9,8.6,833004143,550676,zabata 7x7 CM Süper Güçlü Yapışkanlı Banyo Askısı Yedek 4 Adet Sticker Raf Tutucu Askı,zabata,Banyo Askısı,https://www.trendyol.com/zabata/7x7-cm-super-guclu-yapiskanli-banyo-askisi-yedek-4-adet-sticker-raf-tutucu-aski-p-833004143?boutiqueId=61&merchantId=550676,Zabata Türkiye,,117.8,,,0,TRY,"[""Trendyol Plus'a Özel""]",InStock,100 adetten fazla stok sunulmuştur,Son 3 günde 500+ ürün satıldı!,,4.5,4127,1707,1,134,,,,4999,TRY,0,1,1,3,56 dakika 22 saniye içinde sipariş verirsen en geç bugün kargoda!,En Çok Satan 2. Ürün,https://cdn.dsmcdn.com/ty1531/product/media/images/prod/QC/20240907/14/0426c41e-6bf0-35f7-8ea2-746717ec14af/1_org_zoom.jpg,"{""Renk"":""Şeffaf"",""Tip"":""Banyo Duş Rafı"",""Diğer Özellikler"":""GÜÇLÜ YAPIŞMA"",""Menşei"":""TR"",""Bakım Talimatları (Genel)"":""Ürünün kullanım ömrünü korumak için ürüne özel bakım talimatlarını takip ediniz.""}",20,5,refreshed,"[""daily_top""]",true,2026-08-18T10:00:59+03:00,0,"[""search_result_dom"",""product_detail_jsonld"",""product_detail_dom""]","{""title"":""observed"",""brand"":""observed"",""seller_name"":""observed"",""seller_score"":""unavailable"",""price"":""observed"",""original_price"":""unavailable"",""campaigns"":""observed"",""stock_status"":""observed"",""stock_signal"":""observed"",""rating"":""observed"",""rating_count"":""observed"",""review_count"":""observed"",""question_count"":""observed"",""delivery_summary"":""observed"",""shipping_cost"":""observed"",""properties"":""observed""}",true,
2026-08-18,2026-08-18T10:00:59+03:00,ev-yasam,BEST_SELLER,birlesik-ev-yasam,Trendyol seçili Ev & Yaşam kategorileri / En Çok Satan,42,1,42,42,1,1,23.1,45.9,856281696,678447,varje think outside the box Dekoratif Duvar Paneli ( 54 X 100 Cm ) Boyanabilir Ahşap 6 Mm Ham Mdf Duvar Paneli,varje think outside the box,Duvar Dekorasyon Ürünü,https://www.trendyol.com/varje-think-outside-the-box/dekoratif-duvar-paneli-54-x-100-cm-boyanabilir-ahsap-6-mm-ham-mdf-duvar-paneli-p-856281696?boutiqueId=61&merchantId=678447,TOOALL STYLE,91,114.72,,,0,TRY,"[""Kargo Bedava"",""Trendyol Plus'a Özel""]",InStock,100 adetten fazla stok sunulmuştur,Son 3 günde 500+ ürün satıldı!,500,4.4,68,42,4,224,"1,1B kişinin sepetinde","9,7B kişi favoriledi",Son 24 saatte 1B kişi görüntüledi,4999,TRY,0,2,1,6,Tahmini Teslim:,En Çok Satan 1. Ürün,https://cdn.dsmcdn.com/ty1912/prod/QC_ENRICHMENT/20260807/16/c1a83965-d627-3ce7-a5b8-58702cd00995/1_org_zoom.jpg,"{""Renk"":""Beyaz"",""Materyal"":""Ahşap"",""Tema / Stil"":""İskandinav"",""Parça Sayısı"":""1 Parça"",""Menşei"":""TR""}",20,5,refreshed,"[""daily_top""]",true,2026-08-18T10:00:59+03:00,0,"[""search_result_dom"",""product_detail_jsonld"",""product_detail_dom""]","{""title"":""observed"",""brand"":""observed"",""seller_name"":""observed"",""seller_score"":""observed"",""price"":""observed"",""original_price"":""unavailable"",""campaigns"":""observed"",""stock_status"":""observed"",""stock_signal"":""observed"",""rating"":""observed"",""rating_count"":""observed"",""review_count"":""observed"",""question_count"":""observed"",""delivery_summary"":""observed"",""shipping_cost"":""observed"",""properties"":""observed""}",true,
2026-08-18,2026-08-18T10:00:59+03:00,ev-yasam,BEST_SELLER,birlesik-ev-yasam,Trendyol seçili Ev & Yaşam kategorileri / En Çok Satan,43,1,43,43,2,118,36.2,32.3,831620233,120834,Hagen 6lı Kapı Arkası Askılık Banyo Askısı Duvar Askısı Elbise Kıyafet Askısı Premium Üretim,Hagen,,https://www.trendyol.com/hagen/6li-kapi-arkasi-askilik-banyo-askisi-duvar-askisi-elbise-kiyafet-askisi-premium-uretim-p-831620233?boutiqueId=61&merchantId=120834,HAGEN HOME,96,249.9,,,31.7,TRY,"[""Kargo Bedava""]",InStock,100 adetten fazla stok sunulmuştur,Son 3 günde 500+ ürün satıldı!,500,4.6,1884,,0,124,"1,3B kişinin sepetinde",48B kişi favoriledi,"Son 24 saatte 1,2B kişi görüntüledi",,,0,,,,4 saat 56 dakika içinde sipariş verirsen en geç bugün kargoda!,En Çok Satan 2. Ürün,,{},0,,refreshed,"[""daily_top""]",true,2026-08-18T10:00:59+03:00,0,"[""search_result_dom"",""product_detail_jsonld"",""product_detail_dom""]","{""title"":""observed"",""brand"":""observed"",""seller_name"":""observed"",""seller_score"":""observed"",""price"":""observed"",""original_price"":""unavailable"",""campaigns"":""observed"",""stock_status"":""observed"",""stock_signal"":""observed"",""rating"":""observed"",""rating_count"":""observed"",""review_count"":""unavailable"",""question_count"":""observed"",""delivery_summary"":""observed"",""shipping_cost"":""unavailable"",""properties"":""observed""}",true,
2026-08-18,2026-08-18T10:00:59+03:00,ev-yasam,BEST_SELLER,birlesik-ev-yasam,Trendyol seçili Ev & Yaşam kategorileri / En Çok Satan,44,1,44,44,1,63,35.6,49.1,1156808324,1117275,DGM YAPI DOLAP İÇİNE SUNTALAM RAF ÖLÇÜYE GÖRE KESİM YAPILIR,DGM YAPI,Duvar Rafı,https://www.trendyol.com/dgm-yapi/dolap-icine-suntalam-raf-olcuye-gore-kesim-yapilir-p-1156808324?boutiqueId=61&merchantId=1117275,DGM YAPI,98,25,30,16.7,-50,TRY,"[""Son 10 Günün En Düşük Fiyatı"",""Kargo Bedava"",""Son 10 günün en düşük fiyatı""]",InStock,100 adetten fazla stok sunulmuştur,Son 3 günde 500+ ürün satıldı!,500,5,15,12,2,171,575 kişinin sepetinde,"3,2B kişi favoriledi",Son 24 saatte 402 kişi görüntüledi,4999,TRY,0,3,1,7,Tahmini Teslim:,En Çok Satan 1. Ürün,https://cdn.dsmcdn.com/ty1929/prod/QC_PREP/20260615/23/6f0e1c2d-f5be-3a53-a831-e83691c568db/1_org_zoom.jpg,"{""Renk"":""Beyaz"",""Materyal"":""Suntalam"",""Derinlik"":""7 cm"",""Genişlik"":""7 cm"",""Stil"":""Modern"",""Tema / Stil"":""Modern"",""Menşei"":""TR""}",12,5,refreshed,"[""daily_top""]",true,2026-08-18T10:00:59+03:00,0,"[""search_result_dom"",""product_detail_jsonld"",""product_detail_dom""]","{""title"":""observed"",""brand"":""observed"",""seller_name"":""observed"",""seller_score"":""observed"",""price"":""observed"",""original_price"":""observed"",""campaigns"":""observed"",""stock_status"":""observed"",""stock_signal"":""observed"",""rating"":""observed"",""rating_count"":""observed"",""review_count"":""observed"",""question_count"":""observed"",""delivery_summary"":""observed"",""shipping_cost"":""observed"",""properties"":""observed""}",true,
2026-08-18,2026-08-18T10:00:59+03:00,ev-yasam,BEST_SELLER,birlesik-ev-yasam,Trendyol seçili Ev & Yaşam kategorileri / En Çok Satan,45,1,45,45,3,-5,35.6,31.9,886013462,1067455,Home Takı Kanca Rayı Organizer Askılık 10 Bölmeli Askılık 14 cm,Home,Askılık,https://www.trendyol.com/home/taki-kanca-rayi-organizer-askilik-10-bolmeli-askilik-14-cm-p-886013462?boutiqueId=61&merchantId=1067455,Essplast,86,18.56,,,-19.8,TRY,"[""15 TL Kupon"",""Kargo Bedava""]",InStock,100 adetten fazla stok sunulmuştur,Son 3 günde 500+ ürün satıldı!,500,3.6,2758,1605,6,193,"2,2B kişinin sepetinde","139,1B kişi favoriledi","Son 24 saatte 1,1B kişi görüntüledi",4999,TRY,0,1,1,3,56 dakika 17 saniye içinde sipariş verirsen en geç bugün kargoda!,En Çok Satan 3. Ürün,https://cdn.dsmcdn.com/ty1615/prod/QC/20241220/21/ce2fd0b2-566d-3e59-90ef-ec3d6a774fa7/1_org_zoom.jpg,"{""Materyal"":""Plastik"",""Renk"":""Beyaz"",""Yükseklik"":""3 cm"",""Genişlik"":""14 cm"",""Askılık Tipi"":""Duvara Monte"",""Stil"":""Modern"",""Tema / Stil"":""Modern"",""Menşei"":""TR"",""Paket Derinlik"":""4 cm"",""Paket Genişlik"":""8 cm"",""Paket Yükseklik"":""4 cm""}",20,5,refreshed,"[""daily_top""]",true,2026-08-18T10:00:59+03:00,0,"[""search_result_dom"",""product_detail_jsonld"",""product_detail_dom""]","{""title"":""observed"",""brand"":""observed"",""seller_name"":""observed"",""seller_score"":""observed"",""price"":""observed"",""original_price"":""unavailable"",""campaigns"":""observed"",""stock_status"":""observed"",""stock_signal"":""observed"",""rating"":""observed"",""rating_count"":""observed"",""review_count"":""observed"",""question_count"":""observed"",""delivery_summary"":""observed"",""shipping_cost"":""observed"",""properties"":""observed""}",true,
2026-08-18,2026-08-18T10:00:59+03:00,ev-yasam,BEST_SELLER,birlesik-ev-yasam,Trendyol seçili Ev & Yaşam kategorileri / En Çok Satan,46,1,46,46,3,116,34.7,32.3,797264329,652389,"KARTEYA 10 lu Güçlü Kendinden Yapışkanlı Kancalar Köşe Rafı Banyo Rafı Duş Rafı Kancası, Su Geçirmez Askı",KARTEYA,Banyo Askısı,https://www.trendyol.com/karteya/10-lu-guclu-kendinden-yapiskanli-kancalar-kose-rafi-banyo-rafi-dus-rafi-kancasi-su-gecirmez-aski-p-797264329?boutiqueId=61&merchantId=652389,EYA Grup,91,65.1,,,6.4,TRY,"[""Kargo Bedava"",""Trendyol Plus'a Özel""]",InStock,100 adetten fazla stok sunulmuştur,Son 3 günde 500+ ürün satıldı!,500,4.5,2541,1212,1,115,"1,1B kişinin sepetinde","20,8B kişi favoriledi",Son 24 saatte 785 kişi görüntüledi,4999,TRY,0,1,1,3,13 saat 56 dakika içinde sipariş verirsen en geç yarın kargoda!,En Çok Satan 3. Ürün,https://cdn.dsmcdn.com/ty1660/prod/QC/20250407/20/58fcc7d3-3528-300e-bbe3-3dcee79a1563/1_org_zoom.jpg,"{""Renk"":""Çok Renkli"",""Tip"":""Askı Seti"",""Diğer Özellikler"":""Sihirli yapışkanı görseldeki kullanım talimatına uygun yapıştırınız."",""Menşei"":""TR"",""Bakım Talimatları (Genel)"":""Nemli bir bezle silin.""}",20,5,refreshed,"[""daily_top""]",true,2026-08-18T10:00:59+03:00,0,"[""search_result_dom"",""product_detail_jsonld"",""product_detail_dom""]","{""title"":""observed"",""brand"":""observed"",""seller_name"":""observed"",""seller_score"":""observed"",""price"":""observed"",""original_price"":""unavailable"",""campaigns"":""observed"",""stock_status"":""observed"",""stock_signal"":""observed"",""rating"":""observed"",""rating_count"":""observed"",""review_count"":""observed"",""question_count"":""observed"",""delivery_summary"":""observed"",""shipping_cost"":""observed"",""properties"":""observed""}",true,
2026-08-18,2026-08-18T10:00:59+03:00,ev-yasam,BEST_SELLER,birlesik-ev-yasam,Trendyol seçili Ev & Yaşam kategorileri / En Çok Satan,47,1,47,47,2,50,22.6,44.9,1164493499,717949,BASHTUGH TİCARET Bohem Sandalye Örtüsü Arkası Tam Kaplama Yıkanabilir Esnek Lastikli Mutfak Sandalye Kılıfı Alt Üst 2Parça Takım Chair Cover,BASHTUGH TİCARET,,https://www.trendyol.com/bashtugh-ticaret/bohem-sandalye-ortusu-arkasi-tam-kaplama-yikanabilir-esnek-lastikli-mutfak-sandalye-kilifi-alt-ust-2parca-takim-chair-cover-p-1164493499?boutiqueId=61&merchantId=717949,BASHTUGH TİCARET,88,127.71,129,1,-1,TRY,"[""Sepette %1 İndirim"",""Kargo Bedava""]",InStock,100 adetten fazla stok sunulmuştur,Son 3 günde 500+ ürün satıldı!,500,4.1,27,,0,46,775 kişinin sepetinde,"2,5B kişi favoriledi",Son 24 saatte 1B kişi görüntüledi,,,0,,,,56 dakika 11 saniye içinde sipariş verirsen en geç bugün kargoda!,En Çok Satan 2. Ürün,,{},0,,refreshed,"[""daily_top""]",true,2026-08-18T10:00:59+03:00,0,"[""search_result_dom"",""product_detail_jsonld"",""product_detail_dom""]","{""title"":""observed"",""brand"":""observed"",""seller_name"":""observed"",""seller_score"":""observed"",""price"":""observed"",""original_price"":""observed"",""campaigns"":""observed"",""stock_status"":""observed"",""stock_signal"":""observed"",""rating"":""observed"",""rating_count"":""observed"",""review_count"":""unavailable"",""question_count"":""observed"",""delivery_summary"":""observed"",""shipping_cost"":""unavailable"",""properties"":""observed""}",true,
2026-08-18,2026-08-18T10:00:59+03:00,ev-yasam,BEST_SELLER,birlesik-ev-yasam,Trendyol seçili Ev & Yaşam kategorileri / En Çok Satan,48,1,48,48,3,108,39.5,26.5,50446232,165535,EFFE YAPI DEKOR Altın Metal Çerçeveli Ayaklı Boy Aynası 180x60 cm,EFFE YAPI DEKOR,Ayna,https://www.trendyol.com/effe-yapi-dekor/altin-metal-cerceveli-ayakli-boy-aynasi-180x60-cm-p-50446232?boutiqueId=61&merchantId=165535,,,1550,,,0,TRY,"[""Kargo Bedava"",""Peşin Fiyatına 3 Taksit""]",InStock,,Son 3 günde 500+ ürün satıldı!,500,4.8,8658,4893,2,1123,6B kişinin sepetinde,"360,2B kişi favoriledi","Son 24 saatte 4,3B kişi görüntüledi",4999,TRY,0,11,1,15,Tahmini Teslim:,En Çok Satan 3. Ürün,https://cdn.dsmcdn.com/ty1613/prod/QC/20241209/11/101dfab8-76f7-399a-a974-0926fb7a7401/1_org_zoom.jpg,"{""Materyal"":""Metal"",""Renk"":""Altın"",""Şekil"":""Dikdörtgen"",""Çeşit"":""Ayaklı Boy Aynası""}",20,5,refreshed,"[""daily_top""]",true,2026-08-18T10:00:59+03:00,0,"[""search_result_dom"",""product_detail_jsonld"",""product_detail_dom""]","{""title"":""observed"",""brand"":""observed"",""seller_name"":""unavailable"",""seller_score"":""unavailable"",""price"":""observed"",""original_price"":""unavailable"",""campaigns"":""observed"",""stock_status"":""observed"",""stock_signal"":""unavailable"",""rating"":""observed"",""rating_count"":""observed"",""review_count"":""observed"",""question_count"":""observed"",""delivery_summary"":""observed"",""shipping_cost"":""observed"",""properties"":""observed""}",true,
2026-08-18,2026-08-18T10:00:59+03:00,ev-yasam,BEST_SELLER,birlesik-ev-yasam,Trendyol seçili Ev & Yaşam kategorileri / En Çok Satan,49,3,49,49,1,-26,15.6,14.9,1159329481,450512,Lavine (6 Adet) Çamaşır Mandalı Güçlü Tutuş Yeni Nesil Yaysız Paslanmaz Kurutmalık Mandalı,Lavine,Çamaşır İpi & Mandal,https://www.trendyol.com/lavine/6-adet-camasir-mandali-guclu-tutus-yeni-nesil-yaysiz-paslanmaz-kurutmalik-mandali-p-1159329481?boutiqueId=61&merchantId=450512,obido,,49.99,,,0,TRY,[],InStock,100 adetten fazla stok sunulmuştur,Son 3 günde 500+ ürün satıldı!,,4.7,145,88,8,11,,,,4999,TRY,0,,1,3,1 saat 56 dakika içinde sipariş verirsen en geç bugün kargoda!,En Çok Satan 1. Ürün,https://cdn.dsmcdn.com/ty1929/prod/QC_PREP/20260622/19/f52ada01-6548-3ded-8bef-a95c32328415/1_org_zoom.jpg,"{""Uzunluk"":""5"",""Menşei"":""TR""}",20,5,refreshed,"[""daily_top""]",true,2026-08-18T10:00:59+03:00,0,"[""search_result_dom"",""product_detail_jsonld"",""product_detail_dom""]","{""title"":""observed"",""brand"":""observed"",""seller_name"":""observed"",""seller_score"":""unavailable"",""price"":""observed"",""original_price"":""unavailable"",""campaigns"":""unavailable"",""stock_status"":""observed"",""stock_signal"":""observed"",""rating"":""observed"",""rating_count"":""observed"",""review_count"":""observed"",""question_count"":""observed"",""delivery_summary"":""observed"",""shipping_cost"":""observed"",""properties"":""observed""}",true,
2026-08-18,2026-08-18T10:00:59+03:00,ev-yasam,BEST_SELLER,birlesik-ev-yasam,Trendyol seçili Ev & Yaşam kategorileri / En Çok Satan,50,3,50,50,4,22,42.6,25,44481914,133427,Nart Home Yatak Alezi Pamuklu Kapitone Fitted Full Kenar Sıvı Geçirmez Yatak Koruyucu Beyaz,Nart Home,,https://www.trendyol.com/nart-home/yatak-alezi-pamuklu-kapitone-fitted-full-kenar-sivi-gecirmez-yatak-koruyucu-beyaz-p-44481914?boutiqueId=61&merchantId=133427,,,469.9,,,0,TRY,"[""Kargo Bedava"",""Trendyol Plus'a Özel""]",InStock,,Son 3 günde 500+ ürün satıldı!,500,4.6,11864,,0,1570,"3,3B kişinin sepetinde","181,4B kişi favoriledi","Son 24 saatte 1,7B kişi görüntüledi",,,0,,,,4 saat 56 dakika içinde sipariş verirsen en geç bugün kargoda!,,,{},0,,refreshed,"[""daily_top""]",true,2026-08-18T10:00:59+03:00,0,"[""search_result_dom"",""product_detail_jsonld"",""product_detail_dom""]","{""title"":""observed"",""brand"":""observed"",""seller_name"":""unavailable"",""seller_score"":""unavailable"",""price"":""observed"",""original_price"":""unavailable"",""campaigns"":""observed"",""stock_status"":""observed"",""stock_signal"":""unavailable"",""rating"":""observed"",""rating_count"":""observed"",""review_count"":""unavailable"",""question_count"":""observed"",""delivery_summary"":""observed"",""shipping_cost"":""unavailable"",""properties"":""observed""}",true,
2026-08-18,2026-08-18T10:00:59+03:00,ev-yasam,BEST_SELLER,birlesik-ev-yasam,Trendyol seçili Ev & Yaşam kategorileri / En Çok Satan,51,3,51,51,3,-22,34.9,30.1,977397685,418720,Lilac Home Yapay Çiçek Top Krizantem 7’li Kar Topu Demeti 30 Cm Beyaz,Lilac Home,Yapay Çiçek,https://www.trendyol.com/lilac-home/yapay-cicek-top-krizantem-7-li-kar-topu-demeti-30-cm-beyaz-p-977397685?boutiqueId=61&merchantId=418720,Lilac Home,,178.99,,,0,TRY,"[""Kargo Bedava""]",InStock,100 adetten fazla stok sunulmuştur,Son 3 günde 500+ ürün satıldı!,500,4,2355,1291,14,135,"5,6B kişinin sepetinde","182,1B kişi favoriledi","Son 24 saatte 3,4B kişi görüntüledi",4999,TRY,0,,1,3,56 dakika 7 saniye içinde sipariş verirsen en geç bugün kargoda!,En Çok Satan 3. Ürün,https://cdn.dsmcdn.com/ty1739/prod/QC_PREP/20250824/16/e61a61a6-0d58-3eca-8f4c-62e030a5b274/1_org_zoom.jpg,"{""Renk"":""Beyaz"",""Çiçek Türü"":""Demet"",""Menşei"":""CN""}",20,5,refreshed,"[""daily_top""]",true,2026-08-18T10:00:59+03:00,0,"[""search_result_dom"",""product_detail_jsonld"",""product_detail_dom""]","{""title"":""observed"",""brand"":""observed"",""seller_name"":""observed"",""seller_score"":""unavailable"",""price"":""observed"",""original_price"":""unavailable"",""campaigns"":""observed"",""stock_status"":""observed"",""stock_signal"":""observed"",""rating"":""observed"",""rating_count"":""observed"",""review_count"":""observed"",""question_count"":""observed"",""delivery_summary"":""observed"",""shipping_cost"":""observed"",""properties"":""observed""}",true,
2026-08-18,2026-08-18T10:00:59+03:00,ev-yasam,BEST_SELLER,birlesik-ev-yasam,Trendyol seçili Ev & Yaşam kategorileri / En Çok Satan,52,3,52,52,1,7,27.2,2.8,951979916,618092,VİGENTİNO 10’lu Modüler Kaşıklık Seti - Mutfak Düzenleyici Çekmece İçi Organizer,VİGENTİNO,,https://www.trendyol.com/vigentino/10-lu-moduler-kasiklik-seti-mutfak-duzenleyici-cekmece-ici-organizer-p-951979916?boutiqueId=61&merchantId=618092,VİGENTİNO,10,195.9,,,0,TRY,"[""Kargo Bedava""]",InStock,100 adetten fazla stok sunulmuştur,Son 3 günde 500+ ürün satıldı!,,4.7,2525,,0,144,,,,,,0,,,,5 saat 56 dakika içinde sipariş verirsen en geç bugün kargoda!,En Çok Satan 1. Ürün,,{},0,,refreshed,"[""daily_top""]",true,2026-08-18T10:00:59+03:00,0,"[""search_result_dom"",""product_detail_jsonld"",""product_detail_dom""]","{""title"":""observed"",""brand"":""observed"",""seller_name"":""observed"",""seller_score"":""observed"",""price"":""observed"",""original_price"":""unavailable"",""campaigns"":""observed"",""stock_status"":""observed"",""stock_signal"":""observed"",""rating"":""observed"",""rating_count"":""observed"",""review_count"":""unavailable"",""question_count"":""observed"",""delivery_summary"":""observed"",""shipping_cost"":""unavailable"",""properties"":""observed""}",true,
2026-08-18,2026-08-18T10:00:59+03:00,ev-yasam,BEST_SELLER,birlesik-ev-yasam,Trendyol seçili Ev & Yaşam kategorileri / En Çok Satan,53,3,53,53,,,27.9,37.1,900092698,558121,conzaliza 2'li Antialerjik Silikon Yastık | 800 Gram,conzaliza,Yastık,https://www.trendyol.com/conzaliza/2-li-antialerjik-silikon-yastik-800-gram-p-900092698?boutiqueId=61&merchantId=558121,B2B COLLECTION,89,315.09,,,,TRY,"[""Kargo Bedava""]",InStock,100 adetten fazla stok sunulmuştur,Son 3 günde 500+ ürün satıldı!,500,4,363,174,,33,957 kişinin sepetinde,12B kişi favoriledi,Son 24 saatte 1B kişi görüntüledi,4999,TRY,0,2,1,6,Tahmini Teslim:,,https://cdn.dsmcdn.com/ty1893/prod/QC_ENRICHMENT/20260602/22/fae921ff-60cc-3db6-b16e-1ce3430f1c64/1_org_zoom.jpg,"{""Boyut/Ebat"":""50 x 70"",""Dış Materyal"":""Mikrofiber"",""Dolgu Materyali"":""Silikon"",""Renk"":""Beyaz"",""Materyal Bileşeni"":""silikon dolgu"",""Yıkama Talimatı"":""T44"",""Menşei"":""TR""}",20,5,refreshed,"[""daily_top""]",true,2026-08-18T10:00:59+03:00,0,"[""search_result_dom"",""product_detail_jsonld"",""product_detail_dom""]","{""title"":""observed"",""brand"":""observed"",""seller_name"":""observed"",""seller_score"":""observed"",""price"":""observed"",""original_price"":""unavailable"",""campaigns"":""observed"",""stock_status"":""observed"",""stock_signal"":""observed"",""rating"":""observed"",""rating_count"":""observed"",""review_count"":""observed"",""question_count"":""observed"",""delivery_summary"":""observed"",""shipping_cost"":""observed"",""properties"":""observed""}",true,
2026-08-18,2026-08-18T10:00:59+03:00,ev-yasam,BEST_SELLER,birlesik-ev-yasam,Trendyol seçili Ev & Yaşam kategorileri / En Çok Satan,54,3,54,54,2,101,33.4,31.6,473798271,1258506,"usta mekan Siyah 2 Katlı Banyo Kozmetik Takı Makyaj Düzenleyici ,Çok Amaçlı Organizer ,Servis Sunum Tepsisi ,Ikramlık",usta mekan,Makyaj Organizerı,https://www.trendyol.com/usta-mekan/siyah-2-katli-banyo-kozmetik-taki-makyaj-duzenleyici-cok-amacli-organizer-servis-sunum-tepsisi-ikramlik-p-473798271?boutiqueId=61&merchantId=1258506,,,175,,,0,TRY,"[""Sepette %1 İndirim"",""Kargo Bedava"",""Trendyol Plus'a Özel""]",InStock,,Son 3 günde 500+ ürün satıldı!,500,4.4,1606,838,7,,"4,5B kişinin sepetinde","91,1B kişi favoriledi","Son 24 saatte 2,7B kişi görüntüledi",4999,TRY,0,1,1,3,Tahmini Teslim:,En Çok Satan 2. Ürün,https://cdn.dsmcdn.com/ty1496/product/media/images/prod/QC/20240821/10/2889da05-f866-3982-be45-6e42d6c2a6e4/1_org_zoom.jpg,"{""Parça Sayısı"":""1 Parça"",""Materyal"":""Metal"",""Renk"":""Siyah"",""Menşei"":""TR"",""Bölme Sayısı"":""2""}",20,5,refreshed,"[""daily_top""]",true,2026-08-18T10:00:59+03:00,0,"[""search_result_dom"",""product_detail_jsonld"",""product_detail_dom""]","{""title"":""observed"",""brand"":""observed"",""seller_name"":""unavailable"",""seller_score"":""unavailable"",""price"":""observed"",""original_price"":""unavailable"",""campaigns"":""observed"",""stock_status"":""observed"",""stock_signal"":""unavailable"",""rating"":""observed"",""rating_count"":""observed"",""review_count"":""observed"",""question_count"":""unavailable"",""delivery_summary"":""observed"",""shipping_cost"":""observed"",""properties"":""observed""}",true,
2026-08-18,2026-08-18T10:00:59+03:00,ev-yasam,BEST_SELLER,birlesik-ev-yasam,Trendyol seçili Ev & Yaşam kategorileri / En Çok Satan,55,3,55,55,1,102,30.4,0,772042373,638780,BEYZANA Bambu Kirli Çamaşır Sepeti Dikdörtgen -katlanabilir Bambu Kirli Çamaşır Sepeti,BEYZANA,Çamaşır Sepeti,https://www.trendyol.com/beyzana/bambu-kirli-camasir-sepeti-dikdortgen-katlanabilir-bambu-kirli-camasir-sepeti-p-772042373?boutiqueId=61&merchantId=638780,,,429.99,,,0,TRY,"[""Kargo Bedava""]",InStock,,Son 3 günde 500+ ürün satıldı!,,4.2,12526,6342,5,,,,,4999,TRY,0,1,1,3,Tahmini Teslim:,En Çok Satan 1. Ürün,https://cdn.dsmcdn.com/ty1718/prod/QC_ENRICHMENT/20250727/12/5cfb3e4a-d940-3b10-8ae2-ec0dcce72a49/1_org_zoom.jpg,"{""Materyal"":""Bambu"",""Renk"":""Bej"",""Hacim"":""50-99 L"",""Boyut/Ebat"":""35 x 50"",""Yıkama Talimatı"":""T101"",""Materyal Bileşeni"":""BAMBU"",""Menşei"":""CN""}",20,5,refreshed,"[""daily_top""]",true,2026-08-18T10:00:59+03:00,0,"[""search_result_dom"",""product_detail_jsonld"",""product_detail_dom""]","{""title"":""observed"",""brand"":""observed"",""seller_name"":""unavailable"",""seller_score"":""unavailable"",""price"":""observed"",""original_price"":""unavailable"",""campaigns"":""observed"",""stock_status"":""observed"",""stock_signal"":""unavailable"",""rating"":""observed"",""rating_count"":""observed"",""review_count"":""observed"",""question_count"":""unavailable"",""delivery_summary"":""observed"",""shipping_cost"":""observed"",""properties"":""observed""}",true,
2026-08-18,2026-08-18T10:00:59+03:00,ev-yasam,BEST_SELLER,birlesik-ev-yasam,Trendyol seçili Ev & Yaşam kategorileri / En Çok Satan,56,3,56,56,1,-26,21.1,8.9,6349263,311243,Vienev Ayarlı Ayakkabı Rampası 10'lu Set,Vienev,Ayakkabı Düzenleyici,https://www.trendyol.com/vienev/ayarli-ayakkabi-rampasi-10-lu-set-p-6349263?boutiqueId=61&merchantId=311243,,,279.9,,,0.4,TRY,"[""Kargo Bedava""]",InStock,,Son 3 günde 500+ ürün satıldı!,,4.3,765,430,3,,,,,4999,TRY,0,1,1,3,Tahmini Teslim:,En Çok Satan 1. Ürün,https://cdn.dsmcdn.com/ty1921/prod/QC_ENRICHMENT/20260810/17/76a0b967-3d02-35c4-8cee-160392c339b9/1_org_zoom.jpg,"{""Materyal"":""Plastik"",""Parça Sayısı"":""10"",""Renk"":""Siyah"",""Menşei"":""TR""}",20,5,refreshed,"[""daily_top""]",true,2026-08-18T10:00:59+03:00,0,"[""search_result_dom"",""product_detail_jsonld"",""product_detail_dom""]","{""title"":""observed"",""brand"":""observed"",""seller_name"":""unavailable"",""seller_score"":""unavailable"",""price"":""observed"",""original_price"":""unavailable"",""campaigns"":""observed"",""stock_status"":""observed"",""stock_signal"":""unavailable"",""rating"":""observed"",""rating_count"":""observed"",""review_count"":""observed"",""question_count"":""unavailable"",""delivery_summary"":""observed"",""shipping_cost"":""observed"",""properties"":""observed""}",true,
2026-08-18,2026-08-18T10:00:59+03:00,ev-yasam,BEST_SELLER,birlesik-ev-yasam,Trendyol seçili Ev & Yaşam kategorileri / En Çok Satan,57,3,57,57,3,10,0,,951250080,1119408,"ARİFE HOME Sandalye Kılıfı ,lıkralı ,yıkanabılır 1 Adet Krem Renk Yüksek Kalite",ARİFE HOME,,https://www.trendyol.com/arife-home/sandalye-kilifi-likrali-yikanabilir-1-adet-krem-renk-yuksek-kalite-p-951250080?boutiqueId=61&merchantId=1119408,,,95,,,20.3,TRY,"[""Kargo Bedava""]",InStock,,Son 3 günde 500+ ürün satıldı!,,,,,0,,,,,,,0,,,,Tahmini Teslim:,En Çok Satan 3. Ürün,,{},0,,refreshed,"[""daily_top""]",true,2026-08-18T10:00:59+03:00,0,"[""search_result_dom"",""product_detail_jsonld"",""product_detail_dom""]","{""title"":""observed"",""brand"":""observed"",""seller_name"":""unavailable"",""seller_score"":""unavailable"",""price"":""observed"",""original_price"":""unavailable"",""campaigns"":""observed"",""stock_status"":""observed"",""stock_signal"":""unavailable"",""rating"":""unavailable"",""rating_count"":""unavailable"",""review_count"":""unavailable"",""question_count"":""unavailable"",""delivery_summary"":""observed"",""shipping_cost"":""unavailable"",""properties"":""observed""}",true,
2026-08-18,2026-08-18T10:00:59+03:00,ev-yasam,BEST_SELLER,birlesik-ev-yasam,Trendyol seçili Ev & Yaşam kategorileri / En Çok Satan,58,3,58,58,1,26,20.9,9.1,1055252680,716966,Dream Time 2 Adet Bambu Lüks Sıvı Geçirmez Yastık Alezi | 50x70cm Su Geçirmez Jakarlı Yastık Alezi 2'li Set,Dream Time,Yastık Alezi,https://www.trendyol.com/dream-time/2-adet-bambu-luks-sivi-gecirmez-yastik-alezi-50x70cm-su-gecirmez-jakarli-yastik-alezi-2-li-set-p-1055252680?boutiqueId=61&merchantId=716966,,,249.9,,,0,TRY,"[""Kargo Bedava"",""Trendyol Plus'a Özel""]",InStock,,Son 3 günde 500+ ürün satıldı!,,4.4,942,407,12,,,,,4999,TRY,0,1,1,3,Tahmini Teslim:,En Çok Satan 1. Ürün,https://cdn.dsmcdn.com/ty1793/prod/QC_PREP/20251123/11/4efdd08b-cbe3-391d-9f88-62eb305ee035/1_org_zoom.jpg,"{""Materyal"":""Bambu + Polyester"",""Paket İçeriği"":""2'li"",""Boyut/Ebat"":""50 x 70"",""Renk"":""Beyaz"",""Özellik"":""Su Geçirmez"",""Materyal Bileşeni"":""Jakarlı Bambu Örme Kumaş"",""Yıkama Talimatı"":""https://cdn.dsmcdn.com/ty376/product/charts/carelabel/wash_at_30_delicate.jpg"",""Menşei"":""TR""}",20,5,refreshed,"[""daily_top""]",true,2026-08-18T10:00:59+03:00,0,"[""search_result_dom"",""product_detail_jsonld"",""product_detail_dom""]","{""title"":""observed"",""brand"":""observed"",""seller_name"":""unavailable"",""seller_score"":""unavailable"",""price"":""observed"",""original_price"":""unavailable"",""campaigns"":""observed"",""stock_status"":""observed"",""stock_signal"":""unavailable"",""rating"":""observed"",""rating_count"":""observed"",""review_count"":""observed"",""question_count"":""unavailable"",""delivery_summary"":""observed"",""shipping_cost"":""observed"",""properties"":""observed""}",true,
2026-08-18,2026-08-18T10:00:59+03:00,ev-yasam,BEST_SELLER,birlesik-ev-yasam,Trendyol seçili Ev & Yaşam kategorileri / En Çok Satan,59,3,59,59,4,101,0,,811173329,880842,teknotrust Mutfak Kaydırmaz Şeffaf Raflık Kaymaz Dolap İçi Çekmece Örtüsü Pvc 45x300 Cm Koruyucu Eva Kalınn,teknotrust,,https://www.trendyol.com/teknotrust/mutfak-kaydirmaz-seffaf-raflik-kaymaz-dolap-ici-cekmece-ortusu-pvc-45x300-cm-koruyucu-eva-kalinn-p-811173329?boutiqueId=61&merchantId=880842,,,199.99,,,0,TRY,"[""Kargo Bedava"",""Trendyol Plus'a Özel""]",InStock,,Son 3 günde 500+ ürün satıldı!,,,,,0,,,,,,,0,,,,Tahmini Teslim:,En Çok Satan 4. Ürün,,{},0,,refreshed,"[""daily_top""]",true,2026-08-18T10:00:59+03:00,0,"[""search_result_dom"",""product_detail_jsonld"",""product_detail_dom""]","{""title"":""observed"",""brand"":""observed"",""seller_name"":""unavailable"",""seller_score"":""unavailable"",""price"":""observed"",""original_price"":""unavailable"",""campaigns"":""observed"",""stock_status"":""observed"",""stock_signal"":""unavailable"",""rating"":""unavailable"",""rating_count"":""unavailable"",""review_count"":""unavailable"",""question_count"":""unavailable"",""delivery_summary"":""observed"",""shipping_cost"":""unavailable"",""properties"":""observed""}",true,
2026-08-18,2026-08-18T10:00:59+03:00,ev-yasam,BEST_SELLER,birlesik-ev-yasam,Trendyol seçili Ev & Yaşam kategorileri / En Çok Satan,60,3,60,60,3,99,26.4,3.6,754534944,550676,zabata Dolap Içi Düzenleyici Organizer Tezgah Banyo Tabak Bardak Mutfak Banyo Düzenleme,zabata,Dolap İçi Düzenleyici,https://www.trendyol.com/zabata/dolap-ici-duzenleyici-organizer-tezgah-banyo-tabak-bardak-mutfak-banyo-duzenleme-p-754534944?boutiqueId=61&merchantId=550676,,,149,,,0,TRY,"[""Kargo Bedava""]",InStock,,Son 3 günde 500+ ürün satıldı!,,4.5,3483,1975,2,,,,,4999,TRY,0,,1,3,Tahmini Teslim:,En Çok Satan 3. Ürün,https://cdn.dsmcdn.com/ty1337/product/media/images/prod/QC/20240528/09/bcc6ae61-6cab-31cd-bc35-c70a7ecfb2d1/1_org_zoom.jpg,"{""Parça Sayısı"":""1 Parça"",""Materyal"":""Metal"",""Boyut/Ebat"":""30 x 30"",""Renk"":""Siyah"",""Materyal Bileşeni"":""Metal Üzeri Elektrostatik Boya"",""Menşei"":""TR""}",20,5,refreshed,"[""daily_top""]",true,2026-08-18T10:00:59+03:00,0,"[""search_result_dom"",""product_detail_jsonld"",""product_detail_dom""]","{""title"":""observed"",""brand"":""observed"",""seller_name"":""unavailable"",""seller_score"":""unavailable"",""price"":""observed"",""original_price"":""unavailable"",""campaigns"":""observed"",""stock_status"":""observed"",""stock_signal"":""unavailable"",""rating"":""observed"",""rating_count"":""observed"",""review_count"":""observed"",""question_count"":""unavailable"",""delivery_summary"":""observed"",""shipping_cost"":""observed"",""properties"":""observed""}",true,
2026-08-18,2026-08-18T10:00:59+03:00,ev-yasam,BEST_SELLER,birlesik-ev-yasam,Trendyol seçili Ev & Yaşam kategorileri / En Çok Satan,61,3,61,61,1,-29,20.8,9.2,931399769,148707,innossa pleksi dekorasyon Düz Kulp Matgold Şeffaf Pleksi kahve sunum Tepsi ( 1 Adet),innossa pleksi dekorasyon,Tepsi,https://www.trendyol.com/innossa-pleksi-dekorasyon/duz-kulp-matgold-seffaf-pleksi-kahve-sunum-tepsi-1-adet-p-931399769?boutiqueId=61&merchantId=148707,,,214.29,,,-0.8,TRY,"[""Kargo Bedava"",""Trendyol Plus'a Özel""]",InStock,,Son 3 günde 250+ ürün satıldı!,,4.5,581,393,9,,,,,4999,TRY,0,1,1,3,Tahmini Teslim:,En Çok Satan 1. Ürün,https://cdn.dsmcdn.com/ty1931/prod/QC_ENRICHMENT/20260614/00/46a4cec1-2d18-3b33-a275-e910256f108c/1_org_zoom.jpg,"{""Materyal"":""Akrilik"",""Renk"":""Beyaz"",""Boyut/Ebat"":""20 x 23"",""Parça Sayısı"":""1"",""Menşei"":""TR"",""Bakım Talimatları (Gıda Temas)"":""Bulaşık makinesinde yıkanılamaz.""}",20,5,refreshed,"[""daily_top""]",true,2026-08-18T10:00:59+03:00,0,"[""search_result_dom"",""product_detail_jsonld"",""product_detail_dom""]","{""title"":""observed"",""brand"":""observed"",""seller_name"":""unavailable"",""seller_score"":""unavailable"",""price"":""observed"",""original_price"":""unavailable"",""campaigns"":""observed"",""stock_status"":""observed"",""stock_signal"":""unavailable"",""rating"":""observed"",""rating_count"":""observed"",""review_count"":""observed"",""question_count"":""unavailable"",""delivery_summary"":""observed"",""shipping_cost"":""observed"",""properties"":""observed""}",true,
2026-08-18,2026-08-18T10:00:59+03:00,ev-yasam,BEST_SELLER,birlesik-ev-yasam,Trendyol seçili Ev & Yaşam kategorileri / En Çok Satan,62,3,62,62,4,31,23.1,6.9,758832272,239163,"SUVAY %100 Pamuklu Sıvı Geçirmez Bebek Ve Çocuk Yatak Koruyucu Alez, Park Beşik, Kreş Anaokulu Alezi",SUVAY,Alez,https://www.trendyol.com/suvay/100-pamuklu-sivi-gecirmez-bebek-ve-cocuk-yatak-koruyucu-alez-park-besik-kres-anaokulu-alezi-p-758832272?boutiqueId=61&merchantId=239163,,,177.9,,,15.7,TRY,"[""Kargo Bedava""]",InStock,,Son 3 günde 500+ ürün satıldı!,,4.6,1793,770,4,,,,,4999,TRY,0,,1,3,Tahmini Teslim:,En Çok Satan 4. Ürün,https://cdn.dsmcdn.com/ty1690/prod/QC_ENRICHMENT/20250605/00/a3a03927-ec82-32d8-9450-3d8249a74745/1_org_zoom.jpg,"{""Materyal"":""Pamuklu"",""Renk"":""Beyaz"",""Özellik"":""Su Geçirmez"",""Materyal Bileşeni"":""%50 Pamuk, %50 Polyester"",""Yıkama Talimatı"":""Type 1"",""Paket İçeriği"":""1'li"",""Menşei"":""TR""}",20,5,refreshed,"[""daily_top""]",true,2026-08-18T10:00:59+03:00,0,"[""search_result_dom"",""product_detail_jsonld"",""product_detail_dom""]","{""title"":""observed"",""brand"":""observed"",""seller_name"":""unavailable"",""seller_score"":""unavailable"",""price"":""observed"",""original_price"":""unavailable"",""campaigns"":""observed"",""stock_status"":""observed"",""stock_signal"":""unavailable"",""rating"":""observed"",""rating_count"":""observed"",""review_count"":""observed"",""question_count"":""unavailable"",""delivery_summary"":""observed"",""shipping_cost"":""observed"",""properties"":""observed""}",true,
2026-08-18,2026-08-18T10:00:59+03:00,ev-yasam,BEST_SELLER,birlesik-ev-yasam,Trendyol seçili Ev & Yaşam kategorileri / En Çok Satan,63,3,63,63,4,102,13.9,16.1,1157720604,1142113,"Fast Story Beyaz Amerikan Kapı Arkası Askılık Mutfak Banyo Düzenleyici , Elbise Askısı, Askılık, Askı, Plastik Askı",Fast Story,Askılık,https://www.trendyol.com/fast-story/beyaz-amerikan-kapi-arkasi-askilik-mutfak-banyo-duzenleyici-elbise-askisi-askilik-aski-plastik-aski-p-1157720604?boutiqueId=61&merchantId=1142113,,,34.99,,,0,TRY,"[""Kargo Bedava""]",InStock,,Son 3 günde 500+ ürün satıldı!,,3.6,107,54,3,,,,,4999,TRY,0,,1,3,Tahmini Teslim:,En Çok Satan 4. Ürün,https://cdn.dsmcdn.com/ty1906/prod/QC_ENRICHMENT/20260623/13/4a99d3d3-7b3a-3bda-bbf9-6dd685719ee3/1_org_zoom.jpg,"{""Materyal"":""Plastik"",""Renk"":""Beyaz"",""Yükseklik"":""9 cm"",""Genişlik"":""30 cm"",""Askılık Tipi"":""Ayaklı Askılık"",""Stil"":""Modern"",""Menşei"":""TR""}",20,5,refreshed,"[""daily_top""]",true,2026-08-18T10:00:59+03:00,0,"[""search_result_dom"",""product_detail_jsonld"",""product_detail_dom""]","{""title"":""observed"",""brand"":""observed"",""seller_name"":""unavailable"",""seller_score"":""unavailable"",""price"":""observed"",""original_price"":""unavailable"",""campaigns"":""observed"",""stock_status"":""observed"",""stock_signal"":""unavailable"",""rating"":""observed"",""rating_count"":""observed"",""review_count"":""observed"",""question_count"":""unavailable"",""delivery_summary"":""observed"",""shipping_cost"":""observed"",""properties"":""observed""}",true,
2026-08-18,2026-08-18T10:00:59+03:00,ev-yasam,BEST_SELLER,birlesik-ev-yasam,Trendyol seçili Ev & Yaşam kategorileri / En Çok Satan,64,3,64,64,3,100,5,,862906981,242433,"Mowo Home Beyaz 2 Katlı Düzenleyici Mutfak Rafı Banyo Rafı, Dolap Tezgah Altı Evye Altı Deterjanlık",Mowo Home,,https://www.trendyol.com/mowo-home/beyaz-2-katli-duzenleyici-mutfak-rafi-banyo-rafi-dolap-tezgah-alti-evye-alti-deterjanlik-p-862906981?boutiqueId=61&merchantId=242433,,,259.9,,,4,TRY,"[""Kargo Bedava"",""Trendyol Plus'a Özel""]",InStock,,Son 3 günde 250+ ürün satıldı!,250,,,,0,,"2,8B kişinin sepetinde","205,7B kişi favoriledi","Son 24 saatte 1,8B kişi görüntüledi",,,0,,,,Tahmini Teslim:,,,{},0,,refreshed,"[""daily_top""]",true,2026-08-18T10:00:59+03:00,0,"[""search_result_dom"",""product_detail_jsonld"",""product_detail_dom""]","{""title"":""observed"",""brand"":""observed"",""seller_name"":""unavailable"",""seller_score"":""unavailable"",""price"":""observed"",""original_price"":""unavailable"",""campaigns"":""observed"",""stock_status"":""observed"",""stock_signal"":""unavailable"",""rating"":""unavailable"",""rating_count"":""unavailable"",""review_count"":""unavailable"",""question_count"":""unavailable"",""delivery_summary"":""observed"",""shipping_cost"":""unavailable"",""properties"":""observed""}",true,
2026-08-18,2026-08-18T10:00:59+03:00,ev-yasam,BEST_SELLER,birlesik-ev-yasam,Trendyol seçili Ev & Yaşam kategorileri / En Çok Satan,65,3,65,65,,95,22.2,7.8,696895360,1243177,"Metsar Home 10’lu Şeffaf Kadın Ayakkabı Saklama Kutusu – Hava Delikli, Istiflenebilir Organizer",Metsar Home,Ayakkabı Düzenleyici,https://www.trendyol.com/metsar-home/10-lu-seffaf-kadin-ayakkabi-saklama-kutusu-hava-delikli-istiflenebilir-organizer-p-696895360?boutiqueId=61&merchantId=1243177,,,383.25,,,0.5,TRY,"[""Kargo Bedava""]",InStock,,Son 3 günde 250+ ürün satıldı!,,4.4,1196,592,4,,,,,4999,TRY,0,,1,3,Tahmini Teslim:,,https://cdn.dsmcdn.com/ty1703/prod/QC_ENRICHMENT/20250629/18/001bea9c-0510-3f0f-b9e6-352fa228c525/1_org_zoom.jpg,"{""Materyal"":""Plastik"",""Parça Sayısı"":""10"",""Renk"":""Beyaz"",""Menşei"":""TR""}",20,5,refreshed,"[""daily_top""]",true,2026-08-18T10:00:59+03:00,0,"[""search_result_dom"",""product_detail_jsonld"",""product_detail_dom""]","{""title"":""observed"",""brand"":""observed"",""seller_name"":""unavailable"",""seller_score"":""unavailable"",""price"":""observed"",""original_price"":""unavailable"",""campaigns"":""observed"",""stock_status"":""observed"",""stock_signal"":""unavailable"",""rating"":""observed"",""rating_count"":""observed"",""review_count"":""observed"",""question_count"":""unavailable"",""delivery_summary"":""observed"",""shipping_cost"":""observed"",""properties"":""observed""}",true,
2026-08-18,2026-08-18T10:00:59+03:00,ev-yasam,BEST_SELLER,birlesik-ev-yasam,Trendyol seçili Ev & Yaşam kategorileri / En Çok Satan,66,3,66,66,,21,26,4,970756838,1011549,Spartek home textile 6'lı krem - Çekmece Dolap içi Düzenleyici Kutu,Spartek home textile,Dolap İçi Düzenleyici,https://www.trendyol.com/spartek-home-textile/6-li-krem-cekmece-dolap-ici-duzenleyici-kutu-p-970756838?boutiqueId=61&merchantId=1011549,,,189.9,,,0,TRY,"[""Kargo Bedava"",""Trendyol Plus'a Özel""]",InStock,,Son 3 günde 250+ ürün satıldı!,,4.4,3525,1755,4,,,,,4999,TRY,0,,1,3,Tahmini Teslim:,En Çok Ziyaret Edilen 2. Ürün,https://cdn.dsmcdn.com/ty1726/prod/QC_PREP/20250813/13/a9c61824-28f2-3b67-933d-6a26a70c5cd0/1_org_zoom.jpg,"{""Parça Sayısı"":""6"",""Materyal"":""Kumaş"",""Boyut/Ebat"":""28 x 28"",""Renk"":""Krem"",""Materyal Bileşeni"":""tgela kumaş dopppel karton"",""Menşei"":""TR""}",20,5,refreshed,"[""daily_top""]",true,2026-08-18T10:00:59+03:00,0,"[""search_result_dom"",""product_detail_jsonld"",""product_detail_dom""]","{""title"":""observed"",""brand"":""observed"",""seller_name"":""unavailable"",""seller_score"":""unavailable"",""price"":""observed"",""original_price"":""unavailable"",""campaigns"":""observed"",""stock_status"":""observed"",""stock_signal"":""unavailable"",""rating"":""observed"",""rating_count"":""observed"",""review_count"":""observed"",""question_count"":""unavailable"",""delivery_summary"":""observed"",""shipping_cost"":""observed"",""properties"":""observed""}",true,
2026-08-18,2026-08-18T10:00:59+03:00,ev-yasam,BEST_SELLER,birlesik-ev-yasam,Trendyol seçili Ev & Yaşam kategorileri / En Çok Satan,67,3,67,67,2,49,30.3,17.2,971678237,1064746,HURCEVİM 6 Adet - Antrasit Çizgili Büyük Boy Hurç Seti - Baza Altı Ve Çekyat Tipi Organizer - 65 x 45 x 22 Cm,HURCEVİM,Hurç,https://www.trendyol.com/hurcevim/6-adet-antrasit-cizgili-buyuk-boy-hurc-seti-baza-alti-ve-cekyat-tipi-organizer-65-x-45-x-22-cm-p-971678237?boutiqueId=61&merchantId=1064746,HURCEVİM,9,275.44,,,1.5,TRY,"[""Kargo Bedava"",""Trendyol Plus'a Özel""]",InStock,100 adetten fazla stok sunulmuştur,Son 3 günde 250+ ürün satıldı!,250,4.1,3030,1456,7,115,"2,7B kişinin sepetinde","76,9B kişi favoriledi","Son 24 saatte 2,3B kişi görüntüledi",4999,TRY,0,1,1,3,13 saat 55 dakika içinde sipariş verirsen en geç yarın kargoda!,En Çok Satan 2. Ürün,https://cdn.dsmcdn.com/ty1764/prod/QC_ENRICHMENT/20250930/22/0bb0f7a7-df96-394e-b3c5-7fdbbd807c39/1_org_zoom.jpg,"{""Boyut/Ebat"":""45 x 65"",""Materyal"":""Polipropilen"",""Renk"":""Gri"",""Parça Sayısı"":""6"",""Materyal Bileşeni"":""100% Polipropilen"",""Yıkama Talimatı"":""T08"",""Menşei"":""TR""}",20,5,refreshed,"[""daily_top""]",true,2026-08-18T10:00:59+03:00,0,"[""search_result_dom"",""product_detail_jsonld"",""product_detail_dom""]","{""title"":""observed"",""brand"":""observed"",""seller_name"":""observed"",""seller_score"":""observed"",""price"":""observed"",""original_price"":""unavailable"",""campaigns"":""observed"",""stock_status"":""observed"",""stock_signal"":""observed"",""rating"":""observed"",""rating_count"":""observed"",""review_count"":""observed"",""question_count"":""observed"",""delivery_summary"":""observed"",""shipping_cost"":""observed"",""properties"":""observed""}",true,
2026-08-18,2026-08-18T10:00:59+03:00,ev-yasam,BEST_SELLER,birlesik-ev-yasam,Trendyol seçili Ev & Yaşam kategorileri / En Çok Satan,68,3,68,68,1,-22,34.9,12.6,746372196,993652,ESIVITALIA Döküm Granit 3'lü Sahan 18-20-22 Cm Siyah,ESIVITALIA,Sahan,https://www.trendyol.com/esivitalia/dokum-granit-3-lu-sahan-18-20-22-cm-siyah-p-746372196?boutiqueId=61&merchantId=993652,BOZKURTLAR MUTFAK EŞYALARI,78,1299.99,,,128.5,TRY,"[""Kargo Bedava"",""Peşin Fiyatına 3 Taksit""]",InStock,100 adetten fazla stok sunulmuştur,Son 3 günde 250+ ürün satıldı!,250,4.1,11867,5461,13,941,"1,8B kişinin sepetinde","141,6B kişi favoriledi","Son 24 saatte 2,2B kişi görüntüledi",4999,TRY,0,2,1,6,Tahmini Teslim:,En Çok Satan 1. Ürün,https://cdn.dsmcdn.com/ty1480/product/media/images/prod/QC/20240814/00/05c0e44f-c7de-3a2e-838e-9c6a30e193bb/1_org_zoom.jpg,"{""Boyut/Ebat"":""180 x 275"",""Renk"":""Siyah"",""Parça Sayısı"":""3"",""Özellik"":""Yapışmaz Taban"",""Menşei"":""TR"",""Bakım Talimatları (Gıda Temas)"":""Ürünün kullanım ömrünü korumak için ürüne özel bakım talimatlarını takip ediniz.""}",20,5,refreshed,"[""daily_top""]",true,2026-08-18T10:00:59+03:00,0,"[""search_result_dom"",""product_detail_jsonld"",""product_detail_dom""]","{""title"":""observed"",""brand"":""observed"",""seller_name"":""observed"",""seller_score"":""observed"",""price"":""observed"",""original_price"":""unavailable"",""campaigns"":""observed"",""stock_status"":""observed"",""stock_signal"":""observed"",""rating"":""observed"",""rating_count"":""observed"",""review_count"":""observed"",""question_count"":""observed"",""delivery_summary"":""observed"",""shipping_cost"":""observed"",""properties"":""observed""}",true,
2026-08-18,2026-08-18T10:00:59+03:00,ev-yasam,BEST_SELLER,birlesik-ev-yasam,Trendyol seçili Ev & Yaşam kategorileri / En Çok Satan,69,3,69,69,2,43,29.4,35.6,1131825106,779,HERA CONCEPT 6'lı Çekmece Dolap Içi Düzenleyici Kutu Set-KREM,HERA CONCEPT,,https://www.trendyol.com/hera-concept/6-li-cekmece-dolap-ici-duzenleyici-kutu-set-krem-p-1131825106?boutiqueId=61&merchantId=779,She Berrak,93,199.9,,,0,TRY,"[""Kargo Bedava"",""Trendyol Plus'a Özel""]",InStock,100 adetten fazla stok sunulmuştur,Son 3 günde 500+ ürün satıldı!,500,4,265,,0,21,3B kişinin sepetinde,"28,4B kişi favoriledi","Son 24 saatte 2,5B kişi görüntüledi",,,0,,,,1 saat 55 dakika içinde sipariş verirsen en geç bugün kargoda!,En Çok Ziyaret Edilen 5. Ürün,,{},0,,refreshed,"[""daily_top""]",true,2026-08-18T10:00:59+03:00,0,"[""search_result_dom"",""product_detail_jsonld"",""product_detail_dom""]","{""title"":""observed"",""brand"":""observed"",""seller_name"":""observed"",""seller_score"":""observed"",""price"":""observed"",""original_price"":""unavailable"",""campaigns"":""observed"",""stock_status"":""observed"",""stock_signal"":""observed"",""rating"":""observed"",""rating_count"":""observed"",""review_count"":""unavailable"",""question_count"":""observed"",""delivery_summary"":""observed"",""shipping_cost"":""unavailable"",""properties"":""observed""}",true,
2026-08-18,2026-08-18T10:00:59+03:00,ev-yasam,BEST_SELLER,birlesik-ev-yasam,Trendyol seçili Ev & Yaşam kategorileri / En Çok Satan,70,3,70,70,,12,29,18.5,967558906,244060,Metsar Home 20’li Set Şeffaf Ayakkabı Kutusu Erkek& Bayan– Ayakkabı Saklama Kutusu Düzenleyici Organizer,Metsar Home,Ayakkabı Düzenleyici,https://www.trendyol.com/metsar-home/20-li-set-seffaf-ayakkabi-kutusu-erkek-bayan-ayakkabi-saklama-kutusu-duzenleyici-organizer-p-967558906?boutiqueId=61&merchantId=244060,Metsar Home,20,921.5,,,0,TRY,"[""Kargo Bedava"",""Son 10 Günün En Düşük Fiyatı"",""Trendyol Plus'a Özel""]",InStock,100 adetten fazla stok sunulmuştur,Son 3 günde 250+ ürün satıldı!,250,4.1,1964,1009,6,122,"2,8B kişinin sepetinde","69,9B kişi favoriledi","Son 24 saatte 2,1B kişi görüntüledi",4999,TRY,0,,1,3,2 saat 55 dakika içinde sipariş verirsen en geç bugün kargoda!,En Çok Ziyaret Edilen 1. Ürün,https://cdn.dsmcdn.com/ty1763/prod/QC_ENRICHMENT/20250924/22/1c7c221c-ca25-3f05-ac01-b58a971c734b/1_org_zoom.jpg,"{""Materyal"":""Plastik"",""Parça Sayısı"":""11-20"",""Renk"":""Beyaz"",""Menşei"":""TR""}",20,5,refreshed,"[""daily_top""]",true,2026-08-18T10:00:59+03:00,0,"[""search_result_dom"",""product_detail_jsonld"",""product_detail_dom""]","{""title"":""observed"",""brand"":""observed"",""seller_name"":""observed"",""seller_score"":""observed"",""price"":""observed"",""original_price"":""unavailable"",""campaigns"":""observed"",""stock_status"":""observed"",""stock_signal"":""observed"",""rating"":""observed"",""rating_count"":""observed"",""review_count"":""observed"",""question_count"":""observed"",""delivery_summary"":""observed"",""shipping_cost"":""observed"",""properties"":""observed""}",true,
2026-08-18,2026-08-18T10:00:59+03:00,ev-yasam,BEST_SELLER,birlesik-ev-yasam,Trendyol seçili Ev & Yaşam kategorileri / En Çok Satan,71,3,71,71,,47,24.5,24,1153992380,984526,Galeriyo Makyaj Organizeri Çekmeceli Tavşan ve 360 Derece Dönebilen 5 Bölmeli İkili Set Beyaz,Galeriyo,Makyaj Organizerı,https://www.trendyol.com/galeriyo/makyaj-organizeri-cekmeceli-tavsan-ve-360-derece-donebilen-5-bolmeli-ikili-set-beyaz-p-1153992380?boutiqueId=61&merchantId=984526,Galeriyo,91,282.91,285.77,1,12,TRY,"[""Sepette %1 İndirim"",""Kargo Bedava""]",InStock,100 adetten fazla stok sunulmuştur,Son 3 günde 250+ ürün satıldı!,250,4.3,347,207,15,26,"5,8B kişinin sepetinde","48,2B kişi favoriledi","Son 24 saatte 3,4B kişi görüntüledi",4999,TRY,0,2,1,6,Tahmini Teslim:,,https://cdn.dsmcdn.com/ty1894/prod/QC_PREP/20260606/09/1d086de6-2550-3f0a-8a69-e4ff79da1656/1_org_zoom.jpg,"{""Parça Sayısı"":""2"",""Materyal"":""Plastik"",""Renk"":""Beyaz"",""Menşei"":""TR"",""Bölme Sayısı"":""5""}",20,5,refreshed,"[""daily_top""]",true,2026-08-18T10:00:59+03:00,0,"[""search_result_dom"",""product_detail_jsonld"",""product_detail_dom""]","{""title"":""observed"",""brand"":""observed"",""seller_name"":""observed"",""seller_score"":""observed"",""price"":""observed"",""original_price"":""observed"",""campaigns"":""observed"",""stock_status"":""observed"",""stock_signal"":""observed"",""rating"":""observed"",""rating_count"":""observed"",""review_count"":""observed"",""question_count"":""observed"",""delivery_summary"":""observed"",""shipping_cost"":""observed"",""properties"":""observed""}",true,
2026-08-18,2026-08-18T10:00:59+03:00,ev-yasam,BEST_SELLER,birlesik-ev-yasam,Trendyol seçili Ev & Yaşam kategorileri / En Çok Satan,72,3,72,72,,14,37,12.5,98119438,596436,TREND STOR PERDE Ekru Geniş Plise Etek Dilimli Zebra Stor Güneşlik Perde,TREND STOR PERDE,Stor Perde,https://www.trendyol.com/trend-stor-perde/ekru-genis-plise-etek-dilimli-zebra-stor-guneslik-perde-p-98119438?boutiqueId=61&merchantId=596436,Kidmex,91,484.99,,,0,TRY,"[""Kargo Bedava""]",InStock,100 adetten fazla stok sunulmuştur,Son 3 günde 250+ ürün satıldı!,250,4.5,16720,10055,-4,5435,"4,1B kişinin sepetinde","133,6B kişi favoriledi","Son 24 saatte 2,4B kişi görüntüledi",4999,TRY,0,3,1,7,Tahmini Teslim:,En Çok Favorilenen 1. Ürün,https://cdn.dsmcdn.com/ty1533/product/media/images/prod/QC/20240910/08/e5791e89-1bc3-3952-891b-c39b8d21d4c0/1_org_zoom.jpg,"{""Tip"":""Zebra"",""Renk"":""Ekru"",""Materyal"":""Polyester"",""Desen"":""Düz"",""Işık Geçirgenliği"":""Oda Karanlığı"",""Yıkama Talimatı"":""T101"",""Materyal Bileşeni"":""70% Polyester ve, 30% pamuk bileşkesi"",""Menşei"":""TR""}",20,5,refreshed,"[""daily_top""]",true,2026-08-18T10:00:59+03:00,0,"[""search_result_dom"",""product_detail_jsonld"",""product_detail_dom""]","{""title"":""observed"",""brand"":""observed"",""seller_name"":""observed"",""seller_score"":""observed"",""price"":""observed"",""original_price"":""unavailable"",""campaigns"":""observed"",""stock_status"":""observed"",""stock_signal"":""observed"",""rating"":""observed"",""rating_count"":""observed"",""review_count"":""observed"",""question_count"":""observed"",""delivery_summary"":""observed"",""shipping_cost"":""observed"",""properties"":""observed""}",true,
2026-08-18,2026-08-18T10:00:59+03:00,ev-yasam,BEST_SELLER,birlesik-ev-yasam,Trendyol seçili Ev & Yaşam kategorileri / En Çok Satan,73,3,73,73,,-5,25.8,21.7,1063931530,1011549,Spartek home textile 6 Parça Çizgili -Seyahat Valiz Bavul Organizer Seti Filesiz – Hurç ve Çanta Takımı,Spartek home textile,Hurç,https://www.trendyol.com/spartek-home-textile/6-parca-cizgili-seyahat-valiz-bavul-organizer-seti-filesiz-hurc-ve-canta-takimi-p-1063931530?boutiqueId=61&merchantId=1011549,Spartek home textile,6,154.87,,,-3.6,TRY,"[""Kargo Bedava""]",InStock,100 adetten fazla stok sunulmuştur,Son 3 günde 250+ ürün satıldı!,250,4.3,852,397,7,39,"2,9B kişinin sepetinde","32,8B kişi favoriledi","Son 24 saatte 2,2B kişi görüntüledi",4999,TRY,0,,1,3,4 saat 55 dakika içinde sipariş verirsen en geç bugün kargoda!,,https://cdn.dsmcdn.com/ty1797/prod/QC_PREP/20251209/17/ead28ee1-c085-3a81-a88b-532c3e1dc38c/1_org_zoom.jpg,"{""Boyut/Ebat"":""35 x 25"",""Materyal"":""Kumaş"",""Renk"":""Gri"",""Parça Sayısı"":""6"",""Materyal Bileşeni"":""tela kumaş"",""Yıkama Talimatı"":""T08"",""Menşei"":""TR""}",20,5,refreshed,"[""daily_top""]",true,2026-08-18T10:00:59+03:00,0,"[""search_result_dom"",""product_detail_jsonld"",""product_detail_dom""]","{""title"":""observed"",""brand"":""observed"",""seller_name"":""observed"",""seller_score"":""observed"",""price"":""observed"",""original_price"":""unavailable"",""campaigns"":""observed"",""stock_status"":""observed"",""stock_signal"":""observed"",""rating"":""observed"",""rating_count"":""observed"",""review_count"":""observed"",""question_count"":""observed"",""delivery_summary"":""observed"",""shipping_cost"":""observed"",""properties"":""observed""}",true,
2026-08-18,2026-08-18T10:00:59+03:00,ev-yasam,BEST_SELLER,birlesik-ev-yasam,Trendyol seçili Ev & Yaşam kategorileri / En Çok Satan,74,3,74,74,5,-29,31.4,16.1,752099189,180667,"Nandy Home Etiketli 15'li Antrasit Ekonomik Kırılmaz Saklama Kabı Seti x5 - 1,75/1,2/0,5 Lt",Nandy Home,Saklama Kabı,https://www.trendyol.com/nandy-home/etiketli-15-li-antrasit-ekonomik-kirilmaz-saklama-kabi-seti-x5-1-75-1-2-0-5-lt-p-752099189?boutiqueId=61&merchantId=180667,Nandy Home,,337.33,,,-0.9,TRY,"[""Kargo Bedava""]",InStock,100 adetten fazla stok sunulmuştur,Son 3 günde 250+ ürün satıldı!,250,4.4,3900,1981,16,232,"3,6B kişinin sepetinde","101,3B kişi favoriledi","Son 24 saatte 2,2B kişi görüntüledi",4999,TRY,0,1,1,3,13 saat 55 dakika içinde sipariş verirsen en geç yarın kargoda!,En Çok Satan 5. Ürün,https://cdn.dsmcdn.com/ty986/product/media/images/prod/SPM/PIM/20230815/17/b7d0bda8-943d-3e63-8a2c-3e492ad2df0b/1_org_zoom.jpg,"{""Materyal"":""Plastik"",""Parça Sayısı"":""1 Parça"",""Renk"":""Sarı"",""Hacim"":""500 ml"",""Menşei"":""UM"",""Bakım Talimatları (Gıda Temas)"":""Ürünün kullanım ömrünü korumak için ürüne özel bakım talimatlarını takip ediniz.""}",20,5,refreshed,"[""daily_top""]",true,2026-08-18T10:00:59+03:00,0,"[""search_result_dom"",""product_detail_jsonld"",""product_detail_dom""]","{""title"":""observed"",""brand"":""observed"",""seller_name"":""observed"",""seller_score"":""unavailable"",""price"":""observed"",""original_price"":""unavailable"",""campaigns"":""observed"",""stock_status"":""observed"",""stock_signal"":""observed"",""rating"":""observed"",""rating_count"":""observed"",""review_count"":""observed"",""question_count"":""observed"",""delivery_summary"":""observed"",""shipping_cost"":""observed"",""properties"":""observed""}",true,
2026-08-18,2026-08-18T10:00:59+03:00,ev-yasam,BEST_SELLER,birlesik-ev-yasam,Trendyol seçili Ev & Yaşam kategorileri / En Çok Satan,75,3,75,75,2,59,30.7,16.8,958812710,779,HERA CONCEPT 6'lı Çekmece Dolap Içi Düzenleyici Kutu Set Antrasit,HERA CONCEPT,,https://www.trendyol.com/hera-concept/6-li-cekmece-dolap-ici-duzenleyici-kutu-set-antrasit-p-958812710?boutiqueId=61&merchantId=779,She Berrak,93,279.9,,,0,TRY,"[""Kargo Bedava"",""Trendyol Plus'a Özel""]",InStock,100 adetten fazla stok sunulmuştur,Son 3 günde 250+ ürün satıldı!,250,4.5,1652,,0,42,"2,2B kişinin sepetinde","64,3B kişi favoriledi","Son 24 saatte 2,1B kişi görüntüledi",,,0,,,,1 saat 55 dakika içinde sipariş verirsen en geç bugün kargoda!,En Çok Ziyaret Edilen 7. Ürün,,{},0,,refreshed,"[""daily_top""]",true,2026-08-18T10:00:59+03:00,0,"[""search_result_dom"",""product_detail_jsonld"",""product_detail_dom""]","{""title"":""observed"",""brand"":""observed"",""seller_name"":""observed"",""seller_score"":""observed"",""price"":""observed"",""original_price"":""unavailable"",""campaigns"":""observed"",""stock_status"":""observed"",""stock_signal"":""observed"",""rating"":""observed"",""rating_count"":""observed"",""review_count"":""unavailable"",""question_count"":""observed"",""delivery_summary"":""observed"",""shipping_cost"":""unavailable"",""properties"":""observed""}",true,
2026-08-18,2026-08-18T10:00:59+03:00,ev-yasam,BEST_SELLER,birlesik-ev-yasam,Trendyol seçili Ev & Yaşam kategorileri / En Çok Satan,76,3,76,76,,13,29.9,17.6,859339207,628337,ESMİLA 10 Adet Kadın Ayakkabı Kutusu Şeffaf Ayakkabı Düzenleyici Organizer Hava Kanallı İstiflenebilir Kutu,ESMİLA,Ayakkabı Düzenleyici,https://www.trendyol.com/esmila/10-adet-kadin-ayakkabi-kutusu-seffaf-ayakkabi-duzenleyici-organizer-hava-kanalli-istiflenebilir-kutu-p-859339207?boutiqueId=61&merchantId=628337,ESMİLA home,91,469.69,,,19.2,TRY,"[""Kargo Bedava""]",InStock,100 adetten fazla stok sunulmuştur,Son 3 günde 250+ ürün satıldı!,250,4.2,2302,1283,9,242,"1,9B kişinin sepetinde","52,7B kişi favoriledi",Son 24 saatte 2B kişi görüntüledi,4999,TRY,0,,1,3,55 dakika 24 saniye içinde sipariş verirsen en geç bugün kargoda!,En Çok Ziyaret Edilen 2. Ürün,https://cdn.dsmcdn.com/ty1833/prod/QC_ENRICHMENT/20260306/00/bbc32032-7f6e-324f-940d-89222db4d7cc/1_org_zoom.jpg,"{""Materyal"":""Plastik"",""Parça Sayısı"":""10"",""Renk"":""Turuncu"",""Menşei"":""TR""}",20,5,refreshed,"[""daily_top""]",true,2026-08-18T10:00:59+03:00,0,"[""search_result_dom"",""product_detail_jsonld"",""product_detail_dom""]","{""title"":""observed"",""brand"":""observed"",""seller_name"":""observed"",""seller_score"":""observed"",""price"":""observed"",""original_price"":""unavailable"",""campaigns"":""observed"",""stock_status"":""observed"",""stock_signal"":""observed"",""rating"":""observed"",""rating_count"":""observed"",""review_count"":""observed"",""question_count"":""observed"",""delivery_summary"":""observed"",""shipping_cost"":""observed"",""properties"":""observed""}",true,
2026-08-18,2026-08-18T10:00:59+03:00,ev-yasam,BEST_SELLER,birlesik-ev-yasam,Trendyol seçili Ev & Yaşam kategorileri / En Çok Satan,77,3,77,77,4,86,21.9,25.6,1087970728,638780,BEYZANA 1 Adet Paspas Süpürge Fırça ve Mop Askısı Sap Tutucu Mutfak Askı,BEYZANA,Banyo Askısı,https://www.trendyol.com/beyzana/1-adet-paspas-supurge-firca-ve-mop-askisi-sap-tutucu-mutfak-aski-p-1087970728?boutiqueId=61&merchantId=638780,BEYZANA,1,24.99,,,0,TRY,"[""Kargo Bedava""]",InStock,100 adetten fazla stok sunulmuştur,Son 3 günde 250+ ürün satıldı!,250,3.9,312,128,0,26,1B kişinin sepetinde,"18,8B kişi favoriledi",Son 24 saatte 685 kişi görüntüledi,4999,TRY,0,1,1,3,13 saat 55 dakika içinde sipariş verirsen en geç yarın kargoda!,En Çok Satan 4. Ürün,https://cdn.dsmcdn.com/ty1932/prod/QC_ENRICHMENT/20260428/14/000afb75-e383-3dca-8772-638f079aa563/1_org_zoom.jpg,"{""Renk"":""Beyaz"",""Menşei"":""CN""}",20,5,refreshed,"[""daily_top""]",true,2026-08-18T10:00:59+03:00,0,"[""search_result_dom"",""product_detail_jsonld"",""product_detail_dom""]","{""title"":""observed"",""brand"":""observed"",""seller_name"":""observed"",""seller_score"":""observed"",""price"":""observed"",""original_price"":""unavailable"",""campaigns"":""observed"",""stock_status"":""observed"",""stock_signal"":""observed"",""rating"":""observed"",""rating_count"":""observed"",""review_count"":""observed"",""question_count"":""observed"",""delivery_summary"":""observed"",""shipping_cost"":""observed"",""properties"":""observed""}",true,
2026-08-18,2026-08-18T10:00:59+03:00,ev-yasam,BEST_SELLER,birlesik-ev-yasam,Trendyol seçili Ev & Yaşam kategorileri / En Çok Satan,78,3,78,78,5,-13,39.2,12.5,43257286,323918,Formeya Classic Mikro Fitted Full Kenar Su Sıvı Geçirmez Yatak Koruyucu Alez Bebek-Tek-Çift Kişilik Battal,Formeya,,https://www.trendyol.com/formeya/classic-mikro-fitted-full-kenar-su-sivi-gecirmez-yatak-koruyucu-alez-bebek-tek-cift-kisilik-battal-p-43257286?boutiqueId=61&merchantId=323918,Formeya,,110.14,,,11.4,TRY,"[""Son 10 Günün En Düşük Fiyatı"",""Kargo Bedava"",""Trendyol Plus'a Özel""]",InStock,100 adetten fazla stok sunulmuştur,Son 3 günde 250+ ürün satıldı!,250,4.4,18598,,0,1807,"2,9B kişinin sepetinde","278,3B kişi favoriledi",Son 24 saatte 1B kişi görüntüledi,,,0,,,,Tahmini Teslim:,En Çok Favorilenen 1. Ürün,,{},0,,refreshed,"[""daily_top""]",true,2026-08-18T10:00:59+03:00,0,"[""search_result_dom"",""product_detail_jsonld"",""product_detail_dom""]","{""title"":""observed"",""brand"":""observed"",""seller_name"":""observed"",""seller_score"":""unavailable"",""price"":""observed"",""original_price"":""unavailable"",""campaigns"":""observed"",""stock_status"":""observed"",""stock_signal"":""observed"",""rating"":""observed"",""rating_count"":""observed"",""review_count"":""unavailable"",""question_count"":""observed"",""delivery_summary"":""observed"",""shipping_cost"":""unavailable"",""properties"":""observed""}",true,
2026-08-18,2026-08-18T10:00:59+03:00,ev-yasam,BEST_SELLER,birlesik-ev-yasam,Trendyol seçili Ev & Yaşam kategorileri / En Çok Satan,79,3,79,79,9,57,39.1,12.5,233099516,1217684,Taç Bambu Şantuklu Kırışmaz Ütü Istemez Tül Perde Pileli Tül,Taç,,https://www.trendyol.com/tac/bambu-santuklu-kirismaz-utu-istemez-tul-perde-pileli-tul-p-233099516?boutiqueId=61&merchantId=1217684,perde shop,81,2,,,43.9,TRY,"[""Kargo Bedava""]",InStock,10 adetten fazla stok sunulmuştur,Son 3 günde 250+ ürün satıldı!,250,4,18561,,0,11055,"3,9B kişinin sepetinde","214,5B kişi favoriledi","Son 24 saatte 1,9B kişi görüntüledi",,,0,,,,13 saat 55 dakika içinde sipariş verirsen en geç yarın kargoda!,En Çok Favorilenen 1. Ürün,,{},0,,refreshed,"[""daily_top""]",true,2026-08-18T10:00:59+03:00,0,"[""search_result_dom"",""product_detail_jsonld"",""product_detail_dom""]","{""title"":""observed"",""brand"":""observed"",""seller_name"":""observed"",""seller_score"":""observed"",""price"":""observed"",""original_price"":""unavailable"",""campaigns"":""observed"",""stock_status"":""observed"",""stock_signal"":""observed"",""rating"":""observed"",""rating_count"":""observed"",""review_count"":""unavailable"",""question_count"":""observed"",""delivery_summary"":""observed"",""shipping_cost"":""unavailable"",""properties"":""observed""}",true,
2026-08-18,2026-08-18T10:00:59+03:00,ev-yasam,BEST_SELLER,birlesik-ev-yasam,Trendyol seçili Ev & Yaşam kategorileri / En Çok Satan,80,3,80,80,,16,35.9,12.5,51738600,612,Madame Coco Klimalı Yastık - Beyaz/Açık Gri - 50x70 cm,Madame Coco,Yastık,https://www.trendyol.com/madame-coco/klimali-yastik-beyaz-acik-gri-50x70-cm-p-51738600?boutiqueId=61&merchantId=612,Madame Coco,,399.99,,,11.1,TRY,"[""Kargo Bedava"",""Trendyol Plus'a Özel""]",InStock,100 adetten fazla stok sunulmuştur,Son 3 günde 250+ ürün satıldı!,250,4.4,18092,7197,-9,790,"3,6B kişinin sepetinde","293,8B kişi favoriledi","Son 24 saatte 1,9B kişi görüntüledi",4999,TRY,0,1,1,3,Tahmini Teslim:,En Çok Favorilenen 2. Ürün,https://cdn.dsmcdn.com/ty1796/prod/QC_ENRICHMENT/20251202/13/1bf177cc-594f-3755-b87a-7e2ad18b71a6/1_org_zoom.jpg,"{""Boyut/Ebat"":""50 x 70"",""Dış Materyal"":""Mikrofiber"",""Dolgu Materyali"":""Silikon"",""Renk"":""Çok Renkli"",""Özellik"":""Antibakteriyel"",""Ağırlık"":""650 + gr"",""Materyal Bileşeni"":""Kumaş 100 Polyester Dolgu 100 Polyester"",""Yıkama Talimatı"":""<p><strong>Yıkama Talimatları: <br></strong>*30 Derecede yıkayınız. <br>*Ütülemeyiniz. <br>*Ağartıcı kullanmayınız. <br>*Makine kurutma yapmayınız. <br>*Kuru temizleme yapılamaz.<br></p>"",""Menşei"":""TR""}",20,5,refreshed,"[""daily_top""]",true,2026-08-18T10:00:59+03:00,0,"[""search_result_dom"",""product_detail_jsonld"",""product_detail_dom""]","{""title"":""observed"",""brand"":""observed"",""seller_name"":""observed"",""seller_score"":""unavailable"",""price"":""observed"",""original_price"":""unavailable"",""campaigns"":""observed"",""stock_status"":""observed"",""stock_signal"":""observed"",""rating"":""observed"",""rating_count"":""observed"",""review_count"":""observed"",""question_count"":""observed"",""delivery_summary"":""observed"",""shipping_cost"":""observed"",""properties"":""observed""}",true,
2026-08-18,2026-08-18T10:00:59+03:00,ev-yasam,BEST_SELLER,birlesik-ev-yasam,Trendyol seçili Ev & Yaşam kategorileri / En Çok Satan,81,3,81,81,1,43,37.2,12.5,854416914,4591,Porsima Simple Standlı 12 Li Kendinden Yapışkanlı Kaşıklı Kapaklı Baharatlık Takımı-etiketli Baharatlık-,Porsima,Baharatlık,https://www.trendyol.com/porsima/simple-standli-12-li-kendinden-yapiskanli-kasikli-kapakli-baharatlik-takimi-etiketli-baharatlik-p-854416914?boutiqueId=61&merchantId=4591,Turuncu Elma,88,359.9,,,0,TRY,"[""Kargo Bedava""]",InStock,100 adetten fazla stok sunulmuştur,Son 3 günde 250+ ürün satıldı!,250,4.4,20130,10459,3,1836,"3,1B kişinin sepetinde","267,9B kişi favoriledi","Son 24 saatte 1,8B kişi görüntüledi",4999,TRY,0,2,1,6,Tahmini Teslim:,En Çok Satan 1. Ürün,https://cdn.dsmcdn.com/ty1782/prod/QC_ENRICHMENT/20251101/10/ade939f5-78ce-3ab3-9294-d083aa5bcb83/1_org_zoom.jpg,"{""Hacim"":""300 ml"",""Parça Sayısı"":""24"",""Menşei"":""TR"",""Bakım Talimatları (Gıda Temas)"":""Ürünün kullanım ömrünü korumak için ürüne özel bakım talimatlarını takip ediniz."",""Materyal"":""Plastik""}",20,5,refreshed,"[""daily_top""]",true,2026-08-18T10:00:59+03:00,0,"[""search_result_dom"",""product_detail_jsonld"",""product_detail_dom""]","{""title"":""observed"",""brand"":""observed"",""seller_name"":""observed"",""seller_score"":""observed"",""price"":""observed"",""original_price"":""unavailable"",""campaigns"":""observed"",""stock_status"":""observed"",""stock_signal"":""observed"",""rating"":""observed"",""rating_count"":""observed"",""review_count"":""observed"",""question_count"":""observed"",""delivery_summary"":""observed"",""shipping_cost"":""observed"",""properties"":""observed""}",true,
2026-08-18,2026-08-18T10:00:59+03:00,ev-yasam,BEST_SELLER,birlesik-ev-yasam,Trendyol seçili Ev & Yaşam kategorileri / En Çok Satan,82,3,82,82,,86,34.5,13,737691218,349661,risingmaber Metal Beyaz Amerikan Kapı Arkası Askılık Organizer Askılık Ve Mutfak Banyo Kapı Arkası Askılık Mt60b,risingmaber,Askılık,https://www.trendyol.com/risingmaber/metal-beyaz-amerikan-kapi-arkasi-askilik-organizer-askilik-ve-mutfak-banyo-kapi-arkasi-askilik-mt60b-p-737691218?boutiqueId=61&merchantId=349661,Risingmaber,95,159.99,,,0,TRY,"[""Kargo Bedava""]",InStock,100 adetten fazla stok sunulmuştur,Son 3 günde 250+ ürün satıldı!,250,4.4,9342,4933,-2,462,"1,4B kişinin sepetinde","128,1B kişi favoriledi",Son 24 saatte 894 kişi görüntüledi,4999,TRY,0,,1,3,4 saat 55 dakika içinde sipariş verirsen en geç bugün kargoda!,,https://cdn.dsmcdn.com/ty1704/prod/QC_ENRICHMENT/20250705/15/13754b4c-01f1-3dcb-abfc-63baf0351313/1_org_zoom.jpg,"{""Materyal"":""Metal"",""Renk"":""Beyaz"",""Yükseklik"":""10 cm"",""Genişlik"":""40 cm"",""Askılık Tipi"":""Duvara Monte"",""Stil"":""Modern"",""Tema / Stil"":""Modern"",""Menşei"":""TR""}",20,5,refreshed,"[""daily_top""]",true,2026-08-18T10:00:59+03:00,0,"[""search_result_dom"",""product_detail_jsonld"",""product_detail_dom""]","{""title"":""observed"",""brand"":""observed"",""seller_name"":""observed"",""seller_score"":""observed"",""price"":""observed"",""original_price"":""unavailable"",""campaigns"":""observed"",""stock_status"":""observed"",""stock_signal"":""observed"",""rating"":""observed"",""rating_count"":""observed"",""review_count"":""observed"",""question_count"":""observed"",""delivery_summary"":""observed"",""shipping_cost"":""observed"",""properties"":""observed""}",true,
2026-08-18,2026-08-18T10:00:59+03:00,ev-yasam,BEST_SELLER,birlesik-ev-yasam,Trendyol seçili Ev & Yaşam kategorileri / En Çok Satan,83,3,83,83,6,-14,25.9,21.6,996340225,180667,Nandy Home 6 Adet 1170Ml. Freshbox Saklama Kabı Seti - Mikrodalga ve Difrize Uyumlu,Nandy Home,,https://www.trendyol.com/nandy-home/6-adet-1170ml-freshbox-saklama-kabi-seti-mikrodalga-ve-difrize-uyumlu-p-996340225?boutiqueId=61&merchantId=180667,Nandy Home,6,185.45,,,14.8,TRY,"[""Kargo Bedava""]",InStock,100 adetten fazla stok sunulmuştur,Son 3 günde 250+ ürün satıldı!,250,4.4,410,,0,22,"2,4B kişinin sepetinde",29B kişi favoriledi,"Son 24 saatte 1,7B kişi görüntüledi",,,0,,,,13 saat 55 dakika içinde sipariş verirsen en geç yarın kargoda!,En Çok Satan 6. Ürün,,{},0,,refreshed,"[""daily_top""]",true,2026-08-18T10:00:59+03:00,0,"[""search_result_dom"",""product_detail_jsonld"",""product_detail_dom""]","{""title"":""observed"",""brand"":""observed"",""seller_name"":""observed"",""seller_score"":""observed"",""price"":""observed"",""original_price"":""unavailable"",""campaigns"":""observed"",""stock_status"":""observed"",""stock_signal"":""observed"",""rating"":""observed"",""rating_count"":""observed"",""review_count"":""unavailable"",""question_count"":""observed"",""delivery_summary"":""observed"",""shipping_cost"":""unavailable"",""properties"":""observed""}",true,
2026-08-18,2026-08-18T10:00:59+03:00,ev-yasam,BEST_SELLER,birlesik-ev-yasam,Trendyol seçili Ev & Yaşam kategorileri / En Çok Satan,84,3,84,84,,82,33.7,13.8,748165402,652389,KARTEYA Yapışkanlı 4 lü Siyah Uzun Havluluk Rulo Havluluk Wc Tuvalet Kağıtlık Yuvarlak Havluluk Set,KARTEYA,Banyo Askısı,https://www.trendyol.com/karteya/yapiskanli-4-lu-siyah-uzun-havluluk-rulo-havluluk-wc-tuvalet-kagitlik-yuvarlak-havluluk-set-p-748165402?boutiqueId=61&merchantId=652389,EYA Grup,91,164.21,,,-15.7,TRY,"[""Son 10 Günün En Düşük Fiyatı"",""Kargo Bedava"",""Trendyol Plus'a Özel""]",InStock,100 adetten fazla stok sunulmuştur,Son 3 günde 250+ ürün satıldı!,250,4.4,7144,3878,1,512,"2,8B kişinin sepetinde","123,9B kişi favoriledi","Son 24 saatte 1,4B kişi görüntüledi",4999,TRY,0,1,1,3,13 saat 55 dakika içinde sipariş verirsen en geç yarın kargoda!,En Çok Ziyaret Edilen 1. Ürün,https://cdn.dsmcdn.com/ty1352/product/media/images/prod/QC/20240606/11/47b4ace1-563c-376c-9ba3-53b57086bf77/1_org_zoom.jpg,"{""Renk"":""Siyah"",""Tip"":""Havlu Askılığı"",""Diğer Özellikler"":""Çok amaçlı"",""Menşei"":""TR"",""Bakım Talimatları (Genel)"":""Ürünün kullanım ömrünü korumak için ürüne özel bakım talimatlarını takip ediniz.""}",20,5,refreshed,"[""daily_top""]",true,2026-08-18T10:00:59+03:00,0,"[""search_result_dom"",""product_detail_jsonld"",""product_detail_dom""]","{""title"":""observed"",""brand"":""observed"",""seller_name"":""observed"",""seller_score"":""observed"",""price"":""observed"",""original_price"":""unavailable"",""campaigns"":""observed"",""stock_status"":""observed"",""stock_signal"":""observed"",""rating"":""observed"",""rating_count"":""observed"",""review_count"":""observed"",""question_count"":""observed"",""delivery_summary"":""observed"",""shipping_cost"":""observed"",""properties"":""observed""}",true,
2026-08-18,2026-08-18T10:00:59+03:00,ev-yasam,BEST_SELLER,birlesik-ev-yasam,Trendyol seçili Ev & Yaşam kategorileri / En Çok Satan,85,3,85,85,6,83,27.3,20.2,852793084,858465,ARVALE Pratik 1 Adet Güçlü Yapışkanlı Duvar Vidası Matkap Delme Yok - Elbise Çervece Askısı Çivi,ARVALE,Askı,https://www.trendyol.com/arvale/pratik-1-adet-guclu-yapiskanli-duvar-vidasi-matkap-delme-yok-elbise-cervece-askisi-civi-p-852793084?boutiqueId=61&merchantId=858465,ARVALE,,8.5,,,-55,TRY,"[""Kargo Bedava""]",InStock,100 adetten fazla stok sunulmuştur,Son 3 günde 250+ ürün satıldı!,250,4.1,1233,613,1,68,,"25,2B kişi favoriledi",,4999,TRY,0,,1,3,55 dakika 9 saniye içinde sipariş verirsen en geç bugün kargoda!,En Çok Satan 6. Ürün,https://cdn.dsmcdn.com/ty1843/prod/QC_ENRICHMENT/20260324/10/8a961941-1e44-3a86-ac28-92276ecd1428/1_org_zoom.jpg,"{""Materyal"":""Metal"",""Parça Sayısı"":""1"",""Renk"":""Beyaz"",""Kullanım Türü"":""Elbise"",""Menşei"":""CN""}",20,5,refreshed,"[""daily_top""]",true,2026-08-18T10:00:59+03:00,0,"[""search_result_dom"",""product_detail_jsonld"",""product_detail_dom""]","{""title"":""observed"",""brand"":""observed"",""seller_name"":""observed"",""seller_score"":""unavailable"",""price"":""observed"",""original_price"":""unavailable"",""campaigns"":""observed"",""stock_status"":""observed"",""stock_signal"":""observed"",""rating"":""observed"",""rating_count"":""observed"",""review_count"":""observed"",""question_count"":""observed"",""delivery_summary"":""observed"",""shipping_cost"":""observed"",""properties"":""observed""}",true,
2026-08-18,2026-08-18T10:00:59+03:00,ev-yasam,BEST_SELLER,birlesik-ev-yasam,Trendyol seçili Ev & Yaşam kategorileri / En Çok Satan,86,3,86,86,5,-9,31,16.5,1045038993,152772,Serstil 6'lı Çekmece Içi Düzenleyici Organizer Set - Çok Amaçlı Dolap Içi Kutu Seti - Pembe Benekli,Serstil,,https://www.trendyol.com/serstil/6-li-cekmece-ici-duzenleyici-organizer-set-cok-amacli-dolap-ici-kutu-seti-pembe-benekli-p-1045038993?boutiqueId=61&merchantId=152772,ESTİ,89,279.9,,,0,TRY,"[""Kargo Bedava"",""Trendyol Plus'a Özel""]",InStock,100 adetten fazla stok sunulmuştur,Son 3 günde 250+ ürün satıldı!,250,4.4,1795,,0,90,"4,3B kişinin sepetinde","125,3B kişi favoriledi","Son 24 saatte 2,5B kişi görüntüledi",,,0,,,,13 saat 55 dakika içinde sipariş verirsen en geç yarın kargoda!,En Çok Ziyaret Edilen 4. Ürün,,{},0,,refreshed,"[""daily_top""]",true,2026-08-18T10:00:59+03:00,0,"[""search_result_dom"",""product_detail_jsonld"",""product_detail_dom""]","{""title"":""observed"",""brand"":""observed"",""seller_name"":""observed"",""seller_score"":""observed"",""price"":""observed"",""original_price"":""unavailable"",""campaigns"":""observed"",""stock_status"":""observed"",""stock_signal"":""observed"",""rating"":""observed"",""rating_count"":""observed"",""review_count"":""unavailable"",""question_count"":""observed"",""delivery_summary"":""observed"",""shipping_cost"":""unavailable"",""properties"":""observed""}",true,
2026-08-18,2026-08-18T10:00:59+03:00,ev-yasam,BEST_SELLER,birlesik-ev-yasam,Trendyol seçili Ev & Yaşam kategorileri / En Çok Satan,87,3,87,87,4,-9,27.7,20.8,1057361019,958798,EJMEL JAKAR KUMAŞ Sandalye Kılıfı Büyük Oval Yıkanabilir Streç Lastikli kumaş Sandalye Örtüsü 1 Adet,EJMEL,,https://www.trendyol.com/ejmel/jakar-kumas-sandalye-kilifi-buyuk-oval-yikanabilir-strec-lastikli-kumas-sandalye-ortusu-1-adet-p-1057361019?boutiqueId=61&merchantId=958798,Arzu Home,92,147.51,149,1,13.8,TRY,"[""Sepette %1 İndirim"",""Kargo Bedava""]",InStock,100 adetten fazla stok sunulmuştur,Son 3 günde 250+ ürün satıldı!,250,4.4,519,,0,382,680 kişinin sepetinde,"19,9B kişi favoriledi",Son 24 saatte 682 kişi görüntüledi,,,0,,,,55 dakika 8 saniye içinde sipariş verirsen en geç bugün kargoda!,En Çok Satan 4. Ürün,,{},0,,refreshed,"[""daily_top""]",true,2026-08-18T10:00:59+03:00,0,"[""search_result_dom"",""product_detail_jsonld"",""product_detail_dom""]","{""title"":""observed"",""brand"":""observed"",""seller_name"":""observed"",""seller_score"":""observed"",""price"":""observed"",""original_price"":""observed"",""campaigns"":""observed"",""stock_status"":""observed"",""stock_signal"":""observed"",""rating"":""observed"",""rating_count"":""observed"",""review_count"":""unavailable"",""question_count"":""observed"",""delivery_summary"":""observed"",""shipping_cost"":""unavailable"",""properties"":""observed""}",true,
2026-08-18,2026-08-18T10:00:59+03:00,ev-yasam,BEST_SELLER,birlesik-ev-yasam,Trendyol seçili Ev & Yaşam kategorileri / En Çok Satan,88,3,88,88,2,,23.4,24.1,359324002,1141424,Genel Markalar Pilastik Mandal 24 Lü 45098760451,Genel Markalar,Çamaşır İpi & Mandal,https://www.trendyol.com/genel-markalar/pilastik-mandal-24-lu-45098760451-p-359324002?boutiqueId=61&merchantId=1141424,Büyük Pazar İstoç,9,24.99,,,,TRY,"[""Kargo Bedava"",""Son 10 Günün En Düşük Fiyatı""]",InStock,100 adetten fazla stok sunulmuştur,Son 3 günde 250+ ürün satıldı!,250,4,366,198,,34,422 kişinin sepetinde,"4,4B kişi favoriledi",,4999,TRY,0,1,1,3,Tahmini Teslim:,En Çok Satan 2. Ürün,https://cdn.dsmcdn.com/ty1928/prod/QC_ENRICHMENT/20260715/11/b190184d-f03b-3dc4-b8db-8f8caebc9692/1_org_zoom.jpg,"{""Uzunluk"":""10"",""Menşei"":""TR""}",20,5,refreshed,"[""daily_top""]",true,2026-08-18T10:00:59+03:00,0,"[""search_result_dom"",""product_detail_jsonld"",""product_detail_dom""]","{""title"":""observed"",""brand"":""observed"",""seller_name"":""observed"",""seller_score"":""observed"",""price"":""observed"",""original_price"":""unavailable"",""campaigns"":""observed"",""stock_status"":""observed"",""stock_signal"":""observed"",""rating"":""observed"",""rating_count"":""observed"",""review_count"":""observed"",""question_count"":""observed"",""delivery_summary"":""observed"",""shipping_cost"":""observed"",""properties"":""observed""}",true,
2026-08-18,2026-08-18T10:00:59+03:00,ev-yasam,BEST_SELLER,birlesik-ev-yasam,Trendyol seçili Ev & Yaşam kategorileri / En Çok Satan,89,3,89,89,7,92,25.2,23.3,1057360920,958798,EJMEL JAKAR KUMAŞ Sandalye Kılıfı Büyük Oval Yıkanabilir Streç Lastikli kumaş Sandalye Örtüsü 1 Adet,EJMEL,,https://www.trendyol.com/ejmel/jakar-kumas-sandalye-kilifi-buyuk-oval-yikanabilir-strec-lastikli-kumas-sandalye-ortusu-1-adet-p-1057360920?boutiqueId=61&merchantId=958798,Arzu Home,92,147.51,149,1,16.2,TRY,"[""Sepette %1 İndirim"",""Kargo Bedava""]",InStock,100 adetten fazla stok sunulmuştur,Son 3 günde 250+ ürün satıldı!,250,4.4,253,,0,136,438 kişinin sepetinde,"5,9B kişi favoriledi",Son 24 saatte 374 kişi görüntüledi,,,0,,,,55 dakika 4 saniye içinde sipariş verirsen en geç bugün kargoda!,En Çok Satan 7. Ürün,,{},0,,refreshed,"[""daily_top""]",true,2026-08-18T10:00:59+03:00,0,"[""search_result_dom"",""product_detail_jsonld"",""product_detail_dom""]","{""title"":""observed"",""brand"":""observed"",""seller_name"":""observed"",""seller_score"":""observed"",""price"":""observed"",""original_price"":""observed"",""campaigns"":""observed"",""stock_status"":""observed"",""stock_signal"":""observed"",""rating"":""observed"",""rating_count"":""observed"",""review_count"":""unavailable"",""question_count"":""observed"",""delivery_summary"":""observed"",""shipping_cost"":""unavailable"",""properties"":""observed""}",true,
2026-08-18,2026-08-18T10:00:59+03:00,ev-yasam,BEST_SELLER,birlesik-ev-yasam,Trendyol seçili Ev & Yaşam kategorileri / En Çok Satan,90,3,90,90,1,24,34.8,12.7,640485813,737950,Genel Markalar Kare Kırlent Iç Yastık 2 Adet elyaf Dolgulu Kırlent 10 Farklı Ölçü Seçeneği,Genel Markalar,,https://www.trendyol.com/genel-markalar/kare-kirlent-ic-yastik-2-adet-elyaf-dolgulu-kirlent-10-farkli-olcu-secenegi-p-640485813?boutiqueId=61&merchantId=737950,UniqueHome,83,130,,,28.9,TRY,"[""Kargo Bedava"",""Trendyol Plus'a Özel""]",InStock,100 adetten fazla stok sunulmuştur,Son 3 günde 250+ ürün satıldı!,250,3.9,5233,,0,763,"1,8B kişinin sepetinde","89,4B kişi favoriledi",Son 24 saatte 967 kişi görüntüledi,,,0,,,,13 saat 55 dakika içinde sipariş verirsen en geç yarın kargoda!,En Çok Satan 1. Ürün,,{},0,,refreshed,"[""daily_top""]",true,2026-08-18T10:00:59+03:00,0,"[""search_result_dom"",""product_detail_jsonld"",""product_detail_dom""]","{""title"":""observed"",""brand"":""observed"",""seller_name"":""observed"",""seller_score"":""observed"",""price"":""observed"",""original_price"":""unavailable"",""campaigns"":""observed"",""stock_status"":""observed"",""stock_signal"":""observed"",""rating"":""observed"",""rating_count"":""observed"",""review_count"":""unavailable"",""question_count"":""observed"",""delivery_summary"":""observed"",""shipping_cost"":""unavailable"",""properties"":""observed""}",true,
2026-08-18,2026-08-18T10:00:59+03:00,ev-yasam,BEST_SELLER,birlesik-ev-yasam,Trendyol seçili Ev & Yaşam kategorileri / En Çok Satan,91,3,91,91,1,,11.8,35.7,1180060629,225344,West Home Makinede Yıkanabilir Kaymaz Taban Leke Tutmaz Dijital Salon Mutfak Balkon Halısı ve Yolluk,West Home,Halı,https://www.trendyol.com/west-home/makinede-yikanabilir-kaymaz-taban-leke-tutmaz-dijital-salon-mutfak-balkon-halisi-ve-yolluk-p-1180060629?boutiqueId=61&merchantId=225344,West Home,,32.1,,,,TRY,"[""Kargo Bedava""]",InStock,100 adetten fazla stok sunulmuştur,Son 3 günde 250+ ürün satıldı!,250,4.3,10,6,,20,"1,6B kişinin sepetinde","2,5B kişi favoriledi","Son 24 saatte 2,1B kişi görüntüledi",4999,TRY,0,3,1,7,Tahmini Teslim:,En Çok Satan 1. Ürün,https://cdn.dsmcdn.com/ty1930/prod/QC_PREP/20260805/14/4aca9175-bddc-3cfa-bbc7-306995b915b2/1_org_zoom.jpg,"{""Özellik"":""Yıkanabilir"",""Materyal"":""Polyester"",""Tema / Stil"":""Modern"",""Renk"":""Beyaz"",""Üretim Şekli"":""Dijital Baskı"",""Taban"":""Dot"",""Şekil"":""Dikdörtgen"",""Hav Yüksekliği"":""Orta (6 - 12 mm)"",""Kullanım Alanı"":""Salon / Oturma Odası"",""Saçak Tipi"":""Saçaksız (Overlok)"",""Menşei"":""TR"",""Yıkama Talimatı"":""T19"",""Paket Yükseklik"":""49 cm"",""Paket Derinlik"":""49 cm"",""Paket Genişlik"":""49 cm"",""Materyal Bileşeni"":""%100 Polyester""}",6,4.33,refreshed,"[""daily_top""]",true,2026-08-18T10:00:59+03:00,0,"[""search_result_dom"",""product_detail_jsonld"",""product_detail_dom""]","{""title"":""observed"",""brand"":""observed"",""seller_name"":""observed"",""seller_score"":""unavailable"",""price"":""observed"",""original_price"":""unavailable"",""campaigns"":""observed"",""stock_status"":""observed"",""stock_signal"":""observed"",""rating"":""observed"",""rating_count"":""observed"",""review_count"":""observed"",""question_count"":""observed"",""delivery_summary"":""observed"",""shipping_cost"":""observed"",""properties"":""observed""}",true,
2026-08-18,2026-08-18T10:00:59+03:00,ev-yasam,BEST_SELLER,birlesik-ev-yasam,Trendyol seçili Ev & Yaşam kategorileri / En Çok Satan,92,3,92,92,2,66,26.5,21,952486288,380979,AYGÖREN HOME 3 Lü Kare Stil Pinterest Sepet Dekoratif Ev Düzenleyici,AYGÖREN HOME,Sepet,https://www.trendyol.com/aygoren-home/3-lu-kare-stil-pinterest-sepet-dekoratif-ev-duzenleyici-p-952486288?boutiqueId=61&merchantId=380979,Mutlu Pastacılık ve Malzemeleri,89,289.56,,,3.5,TRY,"[""Kargo Bedava""]",InStock,100 adetten fazla stok sunulmuştur,Son 3 günde 250+ ürün satıldı!,250,4.4,977,489,9,45,"5,6B kişinin sepetinde","74,9B kişi favoriledi",Son 24 saatte 2B kişi görüntüledi,4999,TRY,0,,1,3,54 dakika 59 saniye içinde sipariş verirsen en geç bugün kargoda!,En Çok Satan 2. Ürün,https://cdn.dsmcdn.com/ty1704/prod/QC_PREP/20250704/15/fd5eb084-6b09-397d-b5a7-a71c11573443/1_org_zoom.jpg,"{""Materyal"":""Hasır"",""Renk"":""Kahverengi"",""Boyut/Ebat"":""30 x 30"",""Hacim"":""2,9 L"",""Parça Sayısı"":""3"",""Yıkama Talimatı"":""T101"",""Materyal Bileşeni"":""Hasır Bambu"",""Menşei"":""CN""}",20,5,refreshed,"[""daily_top""]",true,2026-08-18T10:00:59+03:00,0,"[""search_result_dom"",""product_detail_jsonld"",""product_detail_dom""]","{""title"":""observed"",""brand"":""observed"",""seller_name"":""observed"",""seller_score"":""observed"",""price"":""observed"",""original_price"":""unavailable"",""campaigns"":""observed"",""stock_status"":""observed"",""stock_signal"":""observed"",""rating"":""observed"",""rating_count"":""observed"",""review_count"":""observed"",""question_count"":""observed"",""delivery_summary"":""observed"",""shipping_cost"":""observed"",""properties"":""observed""}",true,
2026-08-18,2026-08-18T10:00:59+03:00,ev-yasam,BEST_SELLER,birlesik-ev-yasam,Trendyol seçili Ev & Yaşam kategorileri / En Çok Satan,93,3,93,93,21,-3,31.4,21.7,1094841021,1042774,SENNORA Bohem Sandalye Kılıfı -Sırt Kısmı Arkası Tam Kaplama -Esnek Lastikli Yıkanabilir Yeni Ürün,SENNORA,,https://www.trendyol.com/sennora/bohem-sandalye-kilifi-sirt-kismi-arkasi-tam-kaplama-esnek-lastikli-yikanabilir-yeni-urun-p-1094841021?boutiqueId=61&merchantId=1042774,Sennora Home,92,122.43,129.74,5.6,-8.5,TRY,"[""Son 10 Günün En Düşük Fiyatı"",""Kargo Bedava"",""Son 10 günün en düşük fiyatı""]",InStock,100 adetten fazla stok sunulmuştur,Son 3 günde 250+ ürün satıldı!,250,4.3,398,,0,432,1B kişinin sepetinde,"24,9B kişi favoriledi","Son 24 saatte 1,3B kişi görüntüledi",,,0,,,,13 saat 55 dakika içinde sipariş verirsen en geç yarın kargoda!,En Çok Ziyaret Edilen 1. Ürün,,{},0,,refreshed,"[""daily_top""]",true,2026-08-18T10:00:59+03:00,0,"[""search_result_dom"",""product_detail_jsonld"",""product_detail_dom""]","{""title"":""observed"",""brand"":""observed"",""seller_name"":""observed"",""seller_score"":""observed"",""price"":""observed"",""original_price"":""observed"",""campaigns"":""observed"",""stock_status"":""observed"",""stock_signal"":""observed"",""rating"":""observed"",""rating_count"":""observed"",""review_count"":""unavailable"",""question_count"":""observed"",""delivery_summary"":""observed"",""shipping_cost"":""unavailable"",""properties"":""observed""}",true,
2026-08-18,2026-08-18T10:00:59+03:00,ev-yasam,BEST_SELLER,birlesik-ev-yasam,Trendyol seçili Ev & Yaşam kategorileri / En Çok Satan,94,3,94,94,1,-32,18.7,28.8,1174231701,638780,"BEYZANA 5 i 1 Yerde Çok Fonksiyonlu Sebze Soyacağı Kesme, Soyma, Açma, Rendeleme, Dilimleme Dahil Paslanmaz Çelik",BEYZANA,Soyacak,https://www.trendyol.com/beyzana/5-i-1-yerde-cok-fonksiyonlu-sebze-soyacagi-kesme-soyma-acma-rendeleme-dilimleme-dahil-paslanmaz-celik-p-1174231701?boutiqueId=61&merchantId=638780,BEYZANA,5,199.8,,,0,TRY,"[""Kargo Bedava""]",InStock,100 adetten fazla stok sunulmuştur,Son 3 günde 250+ ürün satıldı!,250,2.5,77,51,8,9,"9,6B kişinin sepetinde","20,6B kişi favoriledi","Son 24 saatte 1,6B kişi görüntüledi",4999,TRY,0,1,1,3,13 saat 54 dakika içinde sipariş verirsen en geç yarın kargoda!,En Çok Satan 1. Ürün,https://cdn.dsmcdn.com/ty1908/prod/QC_PREP/20260721/21/b3197778-13d2-302e-abea-e3dcc5ad1ddc/1_org_zoom.jpg,"{""Renk"":""Kahverengi"",""Menşei"":""CN"",""Bakım Talimatları (Gıda Temas)"":""Elde yıkanmalıdır.""}",20,3.6,refreshed,"[""daily_top""]",true,2026-08-18T10:00:59+03:00,0,"[""search_result_dom"",""product_detail_jsonld"",""product_detail_dom""]","{""title"":""observed"",""brand"":""observed"",""seller_name"":""observed"",""seller_score"":""observed"",""price"":""observed"",""original_price"":""unavailable"",""campaigns"":""observed"",""stock_status"":""observed"",""stock_signal"":""observed"",""rating"":""observed"",""rating_count"":""observed"",""review_count"":""observed"",""question_count"":""observed"",""delivery_summary"":""observed"",""shipping_cost"":""observed"",""properties"":""observed""}",true,
2026-08-18,2026-08-18T10:00:59+03:00,ev-yasam,BEST_SELLER,birlesik-ev-yasam,Trendyol seçili Ev & Yaşam kategorileri / En Çok Satan,95,3,95,95,4,-22,30.1,17.4,927659821,661551,Yapay Çiçek Deposu 5 Dallı Gerçek Dokulu Vintage Okaliptus Demeti 45 cm,Yapay Çiçek Deposu,Yapay Çiçek,https://www.trendyol.com/yapay-cicek-deposu/5-dalli-gercek-dokulu-vintage-okaliptus-demeti-45-cm-p-927659821?boutiqueId=61&merchantId=661551,Çiçekburada,93,199.9,,,0,TRY,"[""Kargo Bedava""]",InStock,100 adetten fazla stok sunulmuştur,Son 3 günde 250+ ürün satıldı!,250,4.6,2523,1388,12,81,"2,7B kişinin sepetinde","164,3B kişi favoriledi","Son 24 saatte 2,1B kişi görüntüledi",4999,TRY,0,,1,3,1 saat 54 dakika içinde sipariş verirsen en geç bugün kargoda!,En Çok Satan 4. Ürün,https://cdn.dsmcdn.com/ty1664/prod/QC/20250415/19/a1d80c1c-9b36-3714-96ba-35483e3f4f72/1_org_zoom.jpg,"{""Renk"":""Yeşil"",""Yükseklik"":""31 - 45 cm"",""Çiçek Türü"":""Demet"",""Menşei"":""CN""}",20,5,refreshed,"[""daily_top""]",true,2026-08-18T10:00:59+03:00,0,"[""search_result_dom"",""product_detail_jsonld"",""product_detail_dom""]","{""title"":""observed"",""brand"":""observed"",""seller_name"":""observed"",""seller_score"":""observed"",""price"":""observed"",""original_price"":""unavailable"",""campaigns"":""observed"",""stock_status"":""observed"",""stock_signal"":""observed"",""rating"":""observed"",""rating_count"":""observed"",""review_count"":""observed"",""question_count"":""observed"",""delivery_summary"":""observed"",""shipping_cost"":""observed"",""properties"":""observed""}",true,
2026-08-18,2026-08-18T10:00:59+03:00,ev-yasam,BEST_SELLER,birlesik-ev-yasam,Trendyol seçili Ev & Yaşam kategorileri / En Çok Satan,96,3,96,96,10,8,27.4,20.1,901523612,779,"HERA CONCEPT 4 ADET Lüks Dolap Düzenleyici, Raf Düzenleyici, Katlanabilir Kıyafet Saklama Kutusu-45 cmx30 cmx20cm",HERA CONCEPT,Dolap İçi Düzenleyici,https://www.trendyol.com/hera-concept/4-adet-luks-dolap-duzenleyici-raf-duzenleyici-katlanabilir-kiyafet-saklama-kutusu-45-cmx30-cmx20cm-p-901523612?boutiqueId=61&merchantId=779,She Berrak,93,379.9,,,21.2,TRY,"[""Kargo Bedava"",""Trendyol Plus'a Özel""]",InStock,100 adetten fazla stok sunulmuştur,Son 3 günde 250+ ürün satıldı!,250,4.4,1397,627,5,68,"2,4B kişinin sepetinde","65,2B kişi favoriledi","Son 24 saatte 1,8B kişi görüntüledi",4999,TRY,0,,1,3,1 saat 54 dakika içinde sipariş verirsen en geç bugün kargoda!,En Çok Satan 10. Ürün,https://cdn.dsmcdn.com/ty1924/prod/QC_ENRICHMENT/20260721/01/bdbe2616-dbaa-3006-bfa0-0dfe1c482f10/1_org_zoom.jpg,"{""Parça Sayısı"":""4"",""Materyal"":""Kumaş"",""Boyut/Ebat"":""40 x 30"",""Renk"":""Gri"",""Menşei"":""TR""}",20,5,refreshed,"[""daily_top""]",true,2026-08-18T10:00:59+03:00,0,"[""search_result_dom"",""product_detail_jsonld"",""product_detail_dom""]","{""title"":""observed"",""brand"":""observed"",""seller_name"":""observed"",""seller_score"":""observed"",""price"":""observed"",""original_price"":""unavailable"",""campaigns"":""observed"",""stock_status"":""observed"",""stock_signal"":""observed"",""rating"":""observed"",""rating_count"":""observed"",""review_count"":""observed"",""question_count"":""observed"",""delivery_summary"":""observed"",""shipping_cost"":""observed"",""properties"":""observed""}",true,
2026-08-18,2026-08-18T10:00:59+03:00,ev-yasam,BEST_SELLER,birlesik-ev-yasam,Trendyol seçili Ev & Yaşam kategorileri / En Çok Satan,97,3,97,97,6,49,18.4,29.1,1098999169,1024262,"adornazzle 1 Adet Şeffaf Yapışkanlı Askı, Duvar Kancası, Matkap Gerektirmez Askı, İz Bırakmayan Askılık Aparatı",adornazzle,Askılık,https://www.trendyol.com/adornazzle/1-adet-seffaf-yapiskanli-aski-duvar-kancasi-matkap-gerektirmez-aski-iz-birakmayan-askilik-aparati-p-1098999169?boutiqueId=61&merchantId=1024262,ADORNAZZLE,96,15.9,,,-3.6,TRY,"[""Kargo Bedava""]",InStock,100 adetten fazla stok sunulmuştur,Son 3 günde 250+ ürün satıldı!,250,4.4,93,47,0,4,,"2,8B kişi favoriledi",,4999,TRY,0,,1,3,4 saat 54 dakika içinde sipariş verirsen en geç bugün kargoda!,En Çok Satan 6. Ürün,https://cdn.dsmcdn.com/ty1823/prod/QC_PREP/20260208/16/80a33709-4005-33ff-adc3-baf9293ae8ea/1_org_zoom.jpg,"{""Materyal"":""Plastik"",""Renk"":""Beyaz"",""Yükseklik"":""6 cm"",""Genişlik"":""6 cm"",""Askılık Tipi"":""Duvara Monte"",""Stil"":""Retro"",""Tema / Stil"":""Modern"",""Menşei"":""CN"",""Paket Derinlik"":""6 cm"",""Paket Genişlik"":""9 cm"",""Paket Yükseklik"":""9 cm""}",20,5,refreshed,"[""daily_top""]",true,2026-08-18T10:00:59+03:00,0,"[""search_result_dom"",""product_detail_jsonld"",""product_detail_dom""]","{""title"":""observed"",""brand"":""observed"",""seller_name"":""observed"",""seller_score"":""observed"",""price"":""observed"",""original_price"":""unavailable"",""campaigns"":""observed"",""stock_status"":""observed"",""stock_signal"":""observed"",""rating"":""observed"",""rating_count"":""observed"",""review_count"":""observed"",""question_count"":""observed"",""delivery_summary"":""observed"",""shipping_cost"":""observed"",""properties"":""observed""}",true,
2026-08-18,2026-08-18T10:00:59+03:00,ev-yasam,BEST_SELLER,birlesik-ev-yasam,Trendyol seçili Ev & Yaşam kategorileri / En Çok Satan,98,3,98,98,1,92,20,27.5,1038215040,790300,BİVA Bambu yastık kılıfı yastık yüzü fermuarlı kılıfı,BİVA,Yastık Kılıfı,https://www.trendyol.com/biva/bambu-yastik-kilifi-yastik-yuzu-fermuarli-kilifi-p-1038215040?boutiqueId=61&merchantId=790300,BİVA HOME,95,68.77,,,0,TRY,"[""Kargo Bedava""]",InStock,100 adetten fazla stok sunulmuştur,Son 3 günde 250+ ürün satıldı!,250,4.4,122,73,2,33,,"1,8B kişi favoriledi",Son 24 saatte 341 kişi görüntüledi,4999,TRY,0,1,1,3,3 saat 54 dakika içinde sipariş verirsen en geç bugün kargoda!,En Çok Satan 1. Ürün,https://cdn.dsmcdn.com/ty1909/prod/QC_ENRICHMENT/20260601/19/87de1e2c-d799-3251-ae29-2f8ad2fc60b3/1_org_zoom.jpg,"{""Materyal"":""Bambu"",""Boyut/Ebat"":""50 x 70"",""Renk"":""Beyaz"",""Desen"":""Düz"",""Özellik"":""Hipoalerjenik"",""Yıkama Talimatı"":""T44"",""Materyal Bileşeni"":""Bambu"",""Parça Sayısı"":""1"",""Menşei"":""TR""}",20,5,refreshed,"[""daily_top""]",true,2026-08-18T10:00:59+03:00,0,"[""search_result_dom"",""product_detail_jsonld"",""product_detail_dom""]","{""title"":""observed"",""brand"":""observed"",""seller_name"":""observed"",""seller_score"":""observed"",""price"":""observed"",""original_price"":""unavailable"",""campaigns"":""observed"",""stock_status"":""observed"",""stock_signal"":""observed"",""rating"":""observed"",""rating_count"":""observed"",""review_count"":""observed"",""question_count"":""observed"",""delivery_summary"":""observed"",""shipping_cost"":""observed"",""properties"":""observed""}",true,
2026-08-18,2026-08-18T10:00:59+03:00,ev-yasam,BEST_SELLER,birlesik-ev-yasam,Trendyol seçili Ev & Yaşam kategorileri / En Çok Satan,99,3,99,99,1,-23,25.7,21.8,929808760,106777,Bella Maison Lemoncello Porselen Makarna Tabağı (27 cm),Bella Maison,Yemek Tabağı,https://www.trendyol.com/bella-maison/lemoncello-porselen-makarna-tabagi-27-cm-p-929808760?boutiqueId=61&merchantId=106777,Bella Maison,,386.99,,,0,TRY,"[""Kargo Bedava""]",InStock,100 adetten fazla stok sunulmuştur,Son 3 günde 250+ ürün satıldı!,250,4.5,824,385,21,20,"2,7B kişinin sepetinde","87,9B kişi favoriledi","Son 24 saatte 2,3B kişi görüntüledi",4999,TRY,0,2,1,6,Tahmini Teslim:,En Çok Satan 1. Ürün,https://cdn.dsmcdn.com/ty1824/prod/QC_ENRICHMENT/20260213/12/d07b9db1-cccf-3e03-819b-c24825b62c7b/1_org_zoom.jpg,"{""Materyal"":""Porselen"",""Parça Sayısı"":""1"",""Renk"":""Kahverengi"",""Boyut/Ebat"":""27 cm"",""Özellik"":""Belirtilmemiş"",""Tema / Stil"":""Belirtilmemiş"",""Şekil"":""Yuvarlak"",""Ürün Tipi"":""Servis Tabağı"",""Menşei"":""TR"",""Bakım Talimatları (Gıda Temas)"":""Ürünün kullanım ömrünü korumak için ürüne özel bakım talimatlarını takip ediniz.""}",20,5,refreshed,"[""daily_top""]",true,2026-08-18T10:00:59+03:00,0,"[""search_result_dom"",""product_detail_jsonld"",""product_detail_dom""]","{""title"":""observed"",""brand"":""observed"",""seller_name"":""observed"",""seller_score"":""unavailable"",""price"":""observed"",""original_price"":""unavailable"",""campaigns"":""observed"",""stock_status"":""observed"",""stock_signal"":""observed"",""rating"":""observed"",""rating_count"":""observed"",""review_count"":""observed"",""question_count"":""observed"",""delivery_summary"":""observed"",""shipping_cost"":""observed"",""properties"":""observed""}",true,
2026-08-18,2026-08-18T10:00:59+03:00,ev-yasam,BEST_SELLER,birlesik-ev-yasam,Trendyol seçili Ev & Yaşam kategorileri / En Çok Satan,100,3,100,100,6,,17.3,30.2,898057967,894359,kanway hasir desen sandalye kilifi likrali esnekli yikanabilir sandalye örtüsü ( 1adet ),kanway,,https://www.trendyol.com/kanway/hasir-desen-sandalye-kilifi-likrali-esnekli-yikanabilir-sandalye-ortusu-1adet-p-898057967?boutiqueId=61&merchantId=894359,KANWAY,91,61.92,,,,TRY,"[""Son 10 Günün En Düşük Fiyatı"",""Kargo Bedava"",""Trendyol Plus'a Özel""]",InStock,100 adetten fazla stok sunulmuştur,Son 3 günde 250+ ürün satıldı!,250,4.3,33,,,10,342 kişinin sepetinde,786 kişi favoriledi,Son 24 saatte 389 kişi görüntüledi,,,0,,,,13 saat 54 dakika içinde sipariş verirsen en geç yarın kargoda!,En Çok Satan 6. Ürün,,{},0,,refreshed,"[""daily_top""]",true,2026-08-18T10:00:59+03:00,0,"[""search_result_dom"",""product_detail_jsonld"",""product_detail_dom""]","{""title"":""observed"",""brand"":""observed"",""seller_name"":""observed"",""seller_score"":""observed"",""price"":""observed"",""original_price"":""unavailable"",""campaigns"":""observed"",""stock_status"":""observed"",""stock_signal"":""observed"",""rating"":""observed"",""rating_count"":""observed"",""review_count"":""unavailable"",""question_count"":""observed"",""delivery_summary"":""observed"",""shipping_cost"":""unavailable"",""properties"":""observed""}",true,
2026-08-18,2026-08-18T10:00:59+03:00,ev-yasam,BEST_SELLER,birlesik-ev-yasam,Trendyol seçili Ev & Yaşam kategorileri / En Çok Satan,101,3,101,101,7,1,27.6,19.9,846368456,858465,ARVALE 1 Adet Çift Taraflı Yapışkanlı Geçmeli Klips Eşya Sabitleme Askısı Şeffaf Duvar Kancası,ARVALE,Askı,https://www.trendyol.com/arvale/1-adet-cift-tarafli-yapiskanli-gecmeli-klips-esya-sabitleme-askisi-seffaf-duvar-kancasi-p-846368456?boutiqueId=61&merchantId=858465,ARVALE,1,19.99,,,0,TRY,"[""Kargo Bedava""]",InStock,100 adetten fazla stok sunulmuştur,Son 3 günde 250+ ürün satıldı!,250,4,1357,660,1,102,463 kişinin sepetinde,"35,2B kişi favoriledi",,4999,TRY,0,,1,3,54 dakika 46 saniye içinde sipariş verirsen en geç bugün kargoda!,En Çok Satan 7. Ürün,https://cdn.dsmcdn.com/ty1843/prod/QC_ENRICHMENT/20260324/10/776e14c3-c3fd-3db1-b2d9-0eb04fe7e4c7/1_org_zoom.jpg,"{""Materyal"":""Plastik"",""Parça Sayısı"":""1"",""Renk"":""Turuncu"",""Kullanım Türü"":""Elbise"",""Menşei"":""CN""}",20,5,refreshed,"[""daily_top""]",true,2026-08-18T10:00:59+03:00,0,"[""search_result_dom"",""product_detail_jsonld"",""product_detail_dom""]","{""title"":""observed"",""brand"":""observed"",""seller_name"":""observed"",""seller_score"":""observed"",""price"":""observed"",""original_price"":""unavailable"",""campaigns"":""observed"",""stock_status"":""observed"",""stock_signal"":""observed"",""rating"":""observed"",""rating_count"":""observed"",""review_count"":""observed"",""question_count"":""observed"",""delivery_summary"":""observed"",""shipping_cost"":""observed"",""properties"":""observed""}",true,
2026-08-18,2026-08-18T10:00:59+03:00,ev-yasam,BEST_SELLER,birlesik-ev-yasam,Trendyol seçili Ev & Yaşam kategorileri / En Çok Satan,102,3,102,102,2,65,29,18.5,844923390,996376,VİE HOUSE Yapışkanlı Siyah Kağıt Havluluk Rulo Havluluk Peçetelik Yapışkanlı Tasarım Askı,VİE HOUSE,Peçetelik,https://www.trendyol.com/vie-house/yapiskanli-siyah-kagit-havluluk-rulo-havluluk-pecetelik-yapiskanli-tasarim-aski-p-844923390?boutiqueId=61&merchantId=996376,VİE HOUSE,94,48.19,,,-21.6,TRY,"[""Kargo Bedava""]",InStock,100 adetten fazla stok sunulmuştur,Son 3 günde 250+ ürün satıldı!,250,4.5,2070,1009,1,77,"2,4B kişinin sepetinde","78,3B kişi favoriledi",Son 24 saatte 671 kişi görüntüledi,4999,TRY,0,,1,3,1 saat 54 dakika içinde sipariş verirsen en geç bugün kargoda!,En Çok Satan 2. Ürün,https://cdn.dsmcdn.com/ty1782/prod/QC_ENRICHMENT/20251030/15/eeca7963-57a5-3c4a-8ba4-d833ef60a532/1_org_zoom.jpg,"{""Boyut/Ebat"":""25 x 6"",""Renk"":""Siyah"",""Materyal"":""Metal"",""Menşei"":""TR"",""Bakım Talimatları (Genel)"":""Nemli bir bezle silin.""}",20,5,refreshed,"[""daily_top""]",true,2026-08-18T10:00:59+03:00,0,"[""search_result_dom"",""product_detail_jsonld"",""product_detail_dom""]","{""title"":""observed"",""brand"":""observed"",""seller_name"":""observed"",""seller_score"":""observed"",""price"":""observed"",""original_price"":""unavailable"",""campaigns"":""observed"",""stock_status"":""observed"",""stock_signal"":""observed"",""rating"":""observed"",""rating_count"":""observed"",""review_count"":""observed"",""question_count"":""observed"",""delivery_summary"":""observed"",""shipping_cost"":""observed"",""properties"":""observed""}",true,
2026-08-18,2026-08-18T10:00:59+03:00,ev-yasam,BEST_SELLER,birlesik-ev-yasam,Trendyol seçili Ev & Yaşam kategorileri / En Çok Satan,103,3,103,103,1,8,37.9,14.6,822732508,433925,"Vayomy Şarjlı Otomatik Damacana Su Pompası 1200 Mah Bataryalı (BPA IÇERMEZ ,CE BELGELİDİR)",Vayomy,,https://www.trendyol.com/vayomy/sarjli-otomatik-damacana-su-pompasi-1200-mah-bataryali-bpa-icermez-ce-belgelidir-p-822732508?boutiqueId=61&merchantId=433925,Meriç Mağazacılık,86,289.75,305,5,-1.6,TRY,"[""Sepette %5 İndirim"",""Kargo Bedava""]",InStock,100 adetten fazla stok sunulmuştur,Son 3 günde 250+ ürün satıldı!,250,4.3,3093,,0,474,"1,6B kişinin sepetinde","21,8B kişi favoriledi",Son 24 saatte 905 kişi görüntüledi,,,0,,,,1 saat 54 dakika içinde sipariş verirsen en geç bugün kargoda!,En Çok Satan 1. Ürün,,{},0,,refreshed,"[""daily_top""]",true,2026-08-18T10:00:59+03:00,0,"[""search_result_dom"",""product_detail_jsonld"",""product_detail_dom""]","{""title"":""observed"",""brand"":""observed"",""seller_name"":""observed"",""seller_score"":""observed"",""price"":""observed"",""original_price"":""observed"",""campaigns"":""observed"",""stock_status"":""observed"",""stock_signal"":""observed"",""rating"":""observed"",""rating_count"":""observed"",""review_count"":""unavailable"",""question_count"":""observed"",""delivery_summary"":""observed"",""shipping_cost"":""unavailable"",""properties"":""observed""}",true,
2026-08-18,2026-08-18T10:00:59+03:00,ev-yasam,BEST_SELLER,birlesik-ev-yasam,Trendyol seçili Ev & Yaşam kategorileri / En Çok Satan,104,3,104,104,1,,82.9,20.6,65481336,129820,Genel Markalar Korniş Kilidi 5 Adet,Genel Markalar,Perde Aksesuarı,https://www.trendyol.com/genel-markalar/kornis-kilidi-5-adet-p-65481336?boutiqueId=61&merchantId=129820,EsdehPerdeDeposu,93,10.89,24.74,56,,TRY,"[""Son 10 Günün En Düşük Fiyatı"",""Kargo Bedava"",""Son 10 günün en düşük fiyatı""]",InStock,100 adetten fazla stok sunulmuştur,Son 3 günde 250+ ürün satıldı!,250,4.2,1148,544,,44,,"7,1B kişi favoriledi",,4999,TRY,0,1,1,3,13 saat 54 dakika içinde sipariş verirsen en geç yarın kargoda!,En Çok Satan 1. Ürün,https://cdn.dsmcdn.com/ty1806/prod/QC_ENRICHMENT/20251229/16/53d89335-d28e-332e-af8f-015fac1116b9/1_org_zoom.jpg,"{""Beden"":""47 cm"",""Renk"":""Beyaz"",""Materyal"":""Polyester"",""Aksesuar Tipi"":""Korniş Finali / Stoper"",""Menşei"":""TR"",""Paket Genişlik"":""9 cm"",""Paket Derinlik"":""6 cm"",""Paket Adedi"":""5"",""Paket Yükseklik"":""4 cm""}",20,5,refreshed,"[""daily_top""]",true,2026-08-18T10:00:59+03:00,0,"[""search_result_dom"",""product_detail_jsonld"",""product_detail_dom""]","{""title"":""observed"",""brand"":""observed"",""seller_name"":""observed"",""seller_score"":""observed"",""price"":""observed"",""original_price"":""observed"",""campaigns"":""observed"",""stock_status"":""observed"",""stock_signal"":""observed"",""rating"":""observed"",""rating_count"":""observed"",""review_count"":""observed"",""question_count"":""observed"",""delivery_summary"":""observed"",""shipping_cost"":""observed"",""properties"":""observed""}",true,
2026-08-18,2026-08-18T10:00:59+03:00,ev-yasam,BEST_SELLER,birlesik-ev-yasam,Trendyol seçili Ev & Yaşam kategorileri / En Çok Satan,105,3,105,105,1,59,38.1,12.5,222724283,106931,valletta Drongo Isıya Dayanıklı Yanmaz Yapışmaz Silikon Spatula Seti 6 Parça Siyah,valletta,,https://www.trendyol.com/valletta/drongo-isiya-dayanikli-yanmaz-yapismaz-silikon-spatula-seti-6-parca-siyah-p-222724283?boutiqueId=61&merchantId=106931,valletta,,297.05,,,2.5,TRY,"[""Kargo Bedava""]",InStock,100 adetten fazla stok sunulmuştur,Son 3 günde 250+ ürün satıldı!,250,4.8,13898,,0,519,"2,5B kişinin sepetinde","249,3B kişi favoriledi","Son 24 saatte 2,2B kişi görüntüledi",,,0,,,,1 saat 54 dakika içinde sipariş verirsen en geç bugün kargoda!,En Çok Satan 1. Ürün,,{},0,,refreshed,"[""daily_top""]",true,2026-08-18T10:00:59+03:00,0,"[""search_result_dom"",""product_detail_jsonld"",""product_detail_dom""]","{""title"":""observed"",""brand"":""observed"",""seller_name"":""observed"",""seller_score"":""unavailable"",""price"":""observed"",""original_price"":""unavailable"",""campaigns"":""observed"",""stock_status"":""observed"",""stock_signal"":""observed"",""rating"":""observed"",""rating_count"":""observed"",""review_count"":""unavailable"",""question_count"":""observed"",""delivery_summary"":""observed"",""shipping_cost"":""unavailable"",""properties"":""observed""}",true,
2026-08-18,2026-08-18T10:00:59+03:00,ev-yasam,BEST_SELLER,birlesik-ev-yasam,Trendyol seçili Ev & Yaşam kategorileri / En Çok Satan,106,3,106,106,1,67,24.8,22.7,933924241,1007142,"Calmera Çizgili Peştemal | Pamuk - Doğal Saçaklı | Plaj, Havuz, Spa, Sauna, Spor, Seyahat Havlusu - Bej",Calmera,,https://www.trendyol.com/calmera/cizgili-pestemal-pamuk-dogal-sacakli-plaj-havuz-spa-sauna-spor-seyahat-havlusu-bej-p-933924241?boutiqueId=61&merchantId=1007142,CALMERA,92,199.9,,,0,TRY,"[""Kargo Bedava""]",InStock,100 adetten fazla stok sunulmuştur,Son 3 günde 250+ ürün satıldı!,250,4.5,295,,0,19,2B kişinin sepetinde,"24,6B kişi favoriledi","Son 24 saatte 1,6B kişi görüntüledi",,,0,,,,3 saat 54 dakika içinde sipariş verirsen en geç bugün kargoda!,En Çok Satan 1. Ürün,,{},0,,refreshed,"[""daily_top""]",true,2026-08-18T10:00:59+03:00,0,"[""search_result_dom"",""product_detail_jsonld"",""product_detail_dom""]","{""title"":""observed"",""brand"":""observed"",""seller_name"":""observed"",""seller_score"":""observed"",""price"":""observed"",""original_price"":""unavailable"",""campaigns"":""observed"",""stock_status"":""observed"",""stock_signal"":""observed"",""rating"":""observed"",""rating_count"":""observed"",""review_count"":""unavailable"",""question_count"":""observed"",""delivery_summary"":""observed"",""shipping_cost"":""unavailable"",""properties"":""observed""}",true,
2026-08-18,2026-08-18T10:00:59+03:00,ev-yasam,BEST_SELLER,birlesik-ev-yasam,Trendyol seçili Ev & Yaşam kategorileri / En Çok Satan,107,3,107,107,2,-36,25.3,22.2,1153451523,984526,Galeriyo Ayarlanabilir Gri Kaşıklık Organizer – Genişleyebilir Çekmece İçi Düzenleyici Gri-Antrasit,Galeriyo,,https://www.trendyol.com/galeriyo/ayarlanabilir-gri-kasiklik-organizer-genisleyebilir-cekmece-ici-duzenleyici-gri-antrasit-p-1153451523?boutiqueId=61&merchantId=984526,Galeriyo,91,199,,,27.8,TRY,"[""Sepette %1 İndirim"",""Kargo Bedava"",""Trendyol Plus'a Özel""]",InStock,100 adetten fazla stok sunulmuştur,Son 3 günde 250+ ürün satıldı!,250,4.5,340,,0,40,3B kişinin sepetinde,"24,7B kişi favoriledi","Son 24 saatte 1,5B kişi görüntüledi",,,0,,,,Tahmini Teslim:,En Çok Satan 2. Ürün,,{},0,,refreshed,"[""daily_top""]",true,2026-08-18T10:00:59+03:00,0,"[""search_result_dom"",""product_detail_jsonld"",""product_detail_dom""]","{""title"":""observed"",""brand"":""observed"",""seller_name"":""observed"",""seller_score"":""observed"",""price"":""observed"",""original_price"":""unavailable"",""campaigns"":""observed"",""stock_status"":""observed"",""stock_signal"":""observed"",""rating"":""observed"",""rating_count"":""observed"",""review_count"":""unavailable"",""question_count"":""observed"",""delivery_summary"":""observed"",""shipping_cost"":""unavailable"",""properties"":""observed""}",true,
2026-08-18,2026-08-18T10:00:59+03:00,ev-yasam,BEST_SELLER,birlesik-ev-yasam,Trendyol seçili Ev & Yaşam kategorileri / En Çok Satan,108,3,108,108,4,-13,25.9,22.6,1153465941,984526,Galeriyo Şeffaf Kapaklı 360 Dönebilen Fırça Kozmetik Makyaj Düzenleyici Organizer Beyaz,Galeriyo,,https://www.trendyol.com/galeriyo/seffaf-kapakli-360-donebilen-firca-kozmetik-makyaj-duzenleyici-organizer-beyaz-p-1153465941?boutiqueId=61&merchantId=984526,Galeriyo,91,197.01,199,1,0,TRY,"[""Sepette %1 İndirim"",""Kargo Bedava""]",InStock,100 adetten fazla stok sunulmuştur,Son 3 günde 250+ ürün satıldı!,250,4.4,304,,0,16,"3,2B kişinin sepetinde","27,5B kişi favoriledi","Son 24 saatte 1,7B kişi görüntüledi",,,0,,,,Tahmini Teslim:,En Çok Satan 4. Ürün,,{},0,,refreshed,"[""daily_top""]",true,2026-08-18T10:00:59+03:00,0,"[""search_result_dom"",""product_detail_jsonld"",""product_detail_dom""]","{""title"":""observed"",""brand"":""observed"",""seller_name"":""observed"",""seller_score"":""observed"",""price"":""observed"",""original_price"":""observed"",""campaigns"":""observed"",""stock_status"":""observed"",""stock_signal"":""observed"",""rating"":""observed"",""rating_count"":""observed"",""review_count"":""unavailable"",""question_count"":""observed"",""delivery_summary"":""observed"",""shipping_cost"":""unavailable"",""properties"":""observed""}",true,
2026-08-18,2026-08-18T10:00:59+03:00,ev-yasam,BEST_SELLER,birlesik-ev-yasam,Trendyol seçili Ev & Yaşam kategorileri / En Çok Satan,109,3,109,109,1,14,32.5,15,314125417,145833,MissClean Gri Renk Mikrofiber Bulaşık Kurulama Matı Kurutma Örtüsü Tezgah Üstü Süper Emici 36*45 Cm,MissClean,,https://www.trendyol.com/missclean/gri-renk-mikrofiber-bulasik-kurulama-mati-kurutma-ortusu-tezgah-ustu-super-emici-36-45-cm-p-314125417?boutiqueId=61&merchantId=145833,MissClean,,149.9,,,0,TRY,"[""Kargo Bedava""]",InStock,100 adetten fazla stok sunulmuştur,Son 3 günde 250+ ürün satıldı!,250,4.6,2744,,0,104,2B kişinin sepetinde,"82,6B kişi favoriledi","Son 24 saatte 1,2B kişi görüntüledi",,,0,,,,54 dakika 32 saniye içinde sipariş verirsen en geç bugün kargoda!,En Çok Satan 1. Ürün,,{},0,,refreshed,"[""daily_top""]",true,2026-08-18T10:00:59+03:00,0,"[""search_result_dom"",""product_detail_jsonld"",""product_detail_dom""]","{""title"":""observed"",""brand"":""observed"",""seller_name"":""observed"",""seller_score"":""unavailable"",""price"":""observed"",""original_price"":""unavailable"",""campaigns"":""observed"",""stock_status"":""observed"",""stock_signal"":""observed"",""rating"":""observed"",""rating_count"":""observed"",""review_count"":""unavailable"",""question_count"":""observed"",""delivery_summary"":""observed"",""shipping_cost"":""unavailable"",""properties"":""observed""}",true,
2026-08-18,2026-08-18T10:00:59+03:00,ev-yasam,BEST_SELLER,birlesik-ev-yasam,Trendyol seçili Ev & Yaşam kategorileri / En Çok Satan,110,3,110,110,1,38,32.6,14.9,779870658,155934,"BRITA MAXTRA PRO Pure Performance Yedek Su Arıtma Filtresi, 6’lı",BRITA,Sürahi & Karaf,https://www.trendyol.com/brita/maxtra-pro-pure-performance-yedek-su-aritma-filtresi-6-li-p-779870658?boutiqueId=61&merchantId=155934,BRITA,,1338,,,0.8,TRY,"[""Kargo Bedava"",""Peşin Fiyatına 3 Taksit""]",InStock,100 adetten fazla stok sunulmuştur,Son 3 günde 250+ ürün satıldı!,250,4.8,7240,2851,4,560,957 kişinin sepetinde,"40,4B kişi favoriledi",Son 24 saatte 560 kişi görüntüledi,4999,TRY,0,1,1,3,1 saat 54 dakika içinde sipariş verirsen en geç bugün kargoda!,En Çok Satan 1. Ürün,https://cdn.dsmcdn.com/ty1752/prod/QC_ENRICHMENT/20250915/10/c9719985-b2b7-304d-ae29-8def1a93e7d7/1_org_zoom.jpg,"{""Renk"":""Beyaz"",""Hacim"":""150 L"",""Parça Sayısı"":""4+"",""Özellik"":""BPA Free"",""Menşei"":""DE"",""Materyal"":""Plastik"",""Bakım Talimatları (Gıda Temas)"":""Dondurucuda saklanamaz.""}",20,5,refreshed,"[""daily_top""]",true,2026-08-18T10:00:59+03:00,0,"[""search_result_dom"",""product_detail_jsonld"",""product_detail_dom""]","{""title"":""observed"",""brand"":""observed"",""seller_name"":""observed"",""seller_score"":""unavailable"",""price"":""observed"",""original_price"":""unavailable"",""campaigns"":""observed"",""stock_status"":""observed"",""stock_signal"":""observed"",""rating"":""observed"",""rating_count"":""observed"",""review_count"":""observed"",""question_count"":""observed"",""delivery_summary"":""observed"",""shipping_cost"":""observed"",""properties"":""observed""}",true,
2026-08-18,2026-08-18T10:00:59+03:00,ev-yasam,BEST_SELLER,birlesik-ev-yasam,Trendyol seçili Ev & Yaşam kategorileri / En Çok Satan,111,3,111,111,,34,34.6,30.4,1049456641,612,Madame Coco 2'li Klimalı Yastık - Beyaz/Açık Gri - 50x70 cm,Madame Coco,Yastık,https://www.trendyol.com/madame-coco/2-li-klimali-yastik-beyaz-acik-gri-50x70-cm-p-1049456641?boutiqueId=61&merchantId=612,Madame Coco,,779.99,,,11.1,TRY,"[""Kargo Bedava""]",InStock,100 adetten fazla stok sunulmuştur,Son 3 günde 500+ ürün satıldı!,500,4.4,4041,1195,13,101,4B kişinin sepetinde,"76,6B kişi favoriledi","Son 24 saatte 2,2B kişi görüntüledi",4999,TRY,0,2,1,6,Tahmini Teslim:,En Çok Ziyaret Edilen 2. Ürün,https://cdn.dsmcdn.com/ty1789/prod/QC_PREP/20251113/15/a3fdba5a-438e-3db8-9be9-dc41499681bb/1_org_zoom.jpg,"{""Boyut/Ebat"":""50 x 70"",""Dış Materyal"":""Mikrofiber"",""Dolgu Materyali"":""Silikon"",""Renk"":""Çok Renkli"",""Materyal Bileşeni"":""Kumaş 100 Polyester Dolgu 100 Polyester"",""Yıkama Talimatı"":""<p><strong>Yıkama Talimatları:<br></strong>*30 Derecede yıkayınız.<br>*Ütülemeyiniz.<br>*Ağartıcı kullanmayınız.<br>*Makine kurutma yapmayınız.<br>*Kuru temizleme yapılamaz.<br></p>"",""Menşei"":""TR""}",20,5,refreshed,"[""daily_top""]",true,2026-08-18T10:00:59+03:00,0,"[""search_result_dom"",""product_detail_jsonld"",""product_detail_dom""]","{""title"":""observed"",""brand"":""observed"",""seller_name"":""observed"",""seller_score"":""unavailable"",""price"":""observed"",""original_price"":""unavailable"",""campaigns"":""observed"",""stock_status"":""observed"",""stock_signal"":""observed"",""rating"":""observed"",""rating_count"":""observed"",""review_count"":""observed"",""question_count"":""observed"",""delivery_summary"":""observed"",""shipping_cost"":""observed"",""properties"":""observed""}",true,
2026-08-18,2026-08-18T10:00:59+03:00,ev-yasam,BEST_SELLER,birlesik-ev-yasam,Trendyol seçili Ev & Yaşam kategorileri / En Çok Satan,112,3,112,112,7,-48,31.5,16,686016403,180667,Nandy Home 6 Adet Jumbo Boy Dikdörtgen Saklama Kabı 2000 Ml Antrasit,Nandy Home,,https://www.trendyol.com/nandy-home/6-adet-jumbo-boy-dikdortgen-saklama-kabi-2000-ml-antrasit-p-686016403?boutiqueId=61&merchantId=180667,Nandy Home,6,191.11,,,2.3,TRY,"[""Kargo Bedava""]",InStock,100 adetten fazla stok sunulmuştur,Son 3 günde 250+ ürün satıldı!,250,4.5,2075,,0,119,"2,1B kişinin sepetinde","47,5B kişi favoriledi","Son 24 saatte 2,2B kişi görüntüledi",,,0,,,,13 saat 54 dakika içinde sipariş verirsen en geç yarın kargoda!,En Çok Satan 7. Ürün,,{},0,,refreshed,"[""daily_top""]",true,2026-08-18T10:00:59+03:00,0,"[""search_result_dom"",""product_detail_jsonld"",""product_detail_dom""]","{""title"":""observed"",""brand"":""observed"",""seller_name"":""observed"",""seller_score"":""observed"",""price"":""observed"",""original_price"":""unavailable"",""campaigns"":""observed"",""stock_status"":""observed"",""stock_signal"":""observed"",""rating"":""observed"",""rating_count"":""observed"",""review_count"":""unavailable"",""question_count"":""observed"",""delivery_summary"":""observed"",""shipping_cost"":""unavailable"",""properties"":""observed""}",true,
2026-08-18,2026-08-18T10:00:59+03:00,ev-yasam,BEST_SELLER,birlesik-ev-yasam,Trendyol seçili Ev & Yaşam kategorileri / En Çok Satan,113,3,113,113,,31,36.2,12.5,730688857,109523,BabyLondy 24 Adet Ahşap Görünümlü Plastik A Kalite Siyah Elbise Askı,BabyLondy,Askı,https://www.trendyol.com/babylondy/24-adet-ahsap-gorunumlu-plastik-a-kalite-siyah-elbise-aski-p-730688857?boutiqueId=61&merchantId=109523,ArenaStore,92,285,,,0,TRY,"[""Kargo Bedava""]",InStock,100 adetten fazla stok sunulmuştur,Son 3 günde 250+ ürün satıldı!,250,4.6,14535,7877,1,338,1B kişinin sepetinde,"133,7B kişi favoriledi",Son 24 saatte 605 kişi görüntüledi,4999,TRY,0,1,1,3,13 saat 54 dakika içinde sipariş verirsen en geç yarın kargoda!,,https://cdn.dsmcdn.com/ty1688/prod/QC_ENRICHMENT/20250603/10/07eabf1b-de59-32ab-b177-38e54d40459c/1_org_zoom.jpg,"{""Materyal"":""Plastik"",""Parça Sayısı"":""24"",""Renk"":""Siyah"",""Kullanım Türü"":""Pantolon"",""Menşei"":""TR""}",20,5,refreshed,"[""daily_top""]",true,2026-08-18T10:00:59+03:00,0,"[""search_result_dom"",""product_detail_jsonld"",""product_detail_dom""]","{""title"":""observed"",""brand"":""observed"",""seller_name"":""observed"",""seller_score"":""observed"",""price"":""observed"",""original_price"":""unavailable"",""campaigns"":""observed"",""stock_status"":""observed"",""stock_signal"":""observed"",""rating"":""observed"",""rating_count"":""observed"",""review_count"":""observed"",""question_count"":""observed"",""delivery_summary"":""observed"",""shipping_cost"":""observed"",""properties"":""observed""}",true,
2026-08-18,2026-08-18T10:00:59+03:00,ev-yasam,BEST_SELLER,birlesik-ev-yasam,Trendyol seçili Ev & Yaşam kategorileri / En Çok Satan,114,3,114,114,2,-111,24.2,23.3,1015629005,128088,FARALYAHOME Doğal Traverten Mermer Yağlık Altlığı -Sıvı sabunluk altlığı-sunumluk 20x10 cm Ahşap Ayaklı,FARALYAHOME,Yemek Tabağı,https://www.trendyol.com/faralyahome/dogal-traverten-mermer-yaglik-altligi-sivi-sabunluk-altligi-sunumluk-20x10-cm-ahsap-ayakli-p-1015629005?boutiqueId=61&merchantId=128088,FARALYAHOME,92,199.9,,,0.5,TRY,"[""Kargo Bedava"",""Trendyol Plus'a Özel""]",InStock,100 adetten fazla stok sunulmuştur,Son 3 günde 250+ ürün satıldı!,250,4.3,460,253,1,56,"4,1B kişinin sepetinde","83,1B kişi favoriledi","Son 24 saatte 2,8B kişi görüntüledi",4999,TRY,0,2,1,6,Tahmini Teslim:,En Çok Satan 2. Ürün,https://cdn.dsmcdn.com/ty1942/prod/QC_ENRICHMENT/20260603/09/edec715a-cc3a-3af1-93a0-1f09b4616cee/1_org_zoom.jpg,"{""Materyal"":""Mermer"",""Parça Sayısı"":""1"",""Renk"":""Bej"",""Boyut/Ebat"":""10 x 20"",""Özellik"":""BPA Free"",""Tema / Stil"":""Doğa"",""Şekil"":""Dikdörtgen"",""Ürün Tipi"":""Sunum Tabağı"",""Menşei"":""TR"",""Bakım Talimatları (Gıda Temas)"":""Gıda ile temas güvenlidir."",""Gıda Temas Sembolü"":""Evet""}",20,5,refreshed,"[""daily_top""]",true,2026-08-18T10:00:59+03:00,0,"[""search_result_dom"",""product_detail_jsonld"",""product_detail_dom""]","{""title"":""observed"",""brand"":""observed"",""seller_name"":""observed"",""seller_score"":""observed"",""price"":""observed"",""original_price"":""unavailable"",""campaigns"":""observed"",""stock_status"":""observed"",""stock_signal"":""observed"",""rating"":""observed"",""rating_count"":""observed"",""review_count"":""observed"",""question_count"":""observed"",""delivery_summary"":""observed"",""shipping_cost"":""observed"",""properties"":""observed""}",true,
2026-08-18,2026-08-18T10:00:59+03:00,ev-yasam,BEST_SELLER,birlesik-ev-yasam,Trendyol seçili Ev & Yaşam kategorileri / En Çok Satan,115,3,115,115,6,54,29.1,18.4,889725373,550676,zabata Yapışkanlı 2 Adet Çift Kancalı Banyo Mutfak Askısı Metal Askılık Duvar Askı Organizer,zabata,Banyo Askısı,https://www.trendyol.com/zabata/yapiskanli-2-adet-cift-kancali-banyo-mutfak-askisi-metal-askilik-duvar-aski-organizer-p-889725373?boutiqueId=61&merchantId=550676,Zabata Türkiye,94,117.8,,,0,TRY,"[""Kargo Bedava"",""Trendyol Plus'a Özel""]",InStock,100 adetten fazla stok sunulmuştur,Son 3 günde 250+ ürün satıldı!,250,4.6,2278,1019,2,85,"1,2B kişinin sepetinde","32,5B kişi favoriledi",Son 24 saatte 571 kişi görüntüledi,4999,TRY,0,,1,3,54 dakika 22 saniye içinde sipariş verirsen en geç bugün kargoda!,En Çok Satan 6. Ürün,https://cdn.dsmcdn.com/ty1620/prod/QC/20250108/09/66bbac6d-f6d2-37fe-9416-90a6686322ae/1_org_zoom.jpg,"{""Renk"":""Siyah"",""Tip"":""Askı Seti"",""Diğer Özellikler"":""2'Li Çok Yönlü Kullanım"",""Menşei"":""TR"",""Bakım Talimatları (Genel)"":""Nemli bir bezle silin.""}",20,5,refreshed,"[""daily_top""]",true,2026-08-18T10:00:59+03:00,0,"[""search_result_dom"",""product_detail_jsonld"",""product_detail_dom""]","{""title"":""observed"",""brand"":""observed"",""seller_name"":""observed"",""seller_score"":""observed"",""price"":""observed"",""original_price"":""unavailable"",""campaigns"":""observed"",""stock_status"":""observed"",""stock_signal"":""observed"",""rating"":""observed"",""rating_count"":""observed"",""review_count"":""observed"",""question_count"":""observed"",""delivery_summary"":""observed"",""shipping_cost"":""observed"",""properties"":""observed""}",true,
2026-08-18,2026-08-18T10:00:59+03:00,ev-yasam,BEST_SELLER,birlesik-ev-yasam,Trendyol seçili Ev & Yaşam kategorileri / En Çok Satan,116,3,116,116,8,46,26.7,21.8,1057360917,958798,EJMEL JAKAR KUMAŞ Sandalye Kılıfı Büyük Oval Yıkanabilir Streç Lastikli kumaş Sandalye Örtüsü 1 Adet,EJMEL,,https://www.trendyol.com/ejmel/jakar-kumas-sandalye-kilifi-buyuk-oval-yikanabilir-strec-lastikli-kumas-sandalye-ortusu-1-adet-p-1057360917?boutiqueId=61&merchantId=958798,Arzu Home,92,147.51,149,1,15,TRY,"[""Sepette %1 İndirim"",""Kargo Bedava""]",InStock,100 adetten fazla stok sunulmuştur,Son 3 günde 250+ ürün satıldı!,250,4.4,381,,0,206,430 kişinin sepetinde,11B kişi favoriledi,Son 24 saatte 367 kişi görüntüledi,,,0,,,,54 dakika 23 saniye içinde sipariş verirsen en geç bugün kargoda!,En Çok Satan 8. Ürün,,{},0,,refreshed,"[""daily_top""]",true,2026-08-18T10:00:59+03:00,0,"[""search_result_dom"",""product_detail_jsonld"",""product_detail_dom""]","{""title"":""observed"",""brand"":""observed"",""seller_name"":""observed"",""seller_score"":""observed"",""price"":""observed"",""original_price"":""observed"",""campaigns"":""observed"",""stock_status"":""observed"",""stock_signal"":""observed"",""rating"":""observed"",""rating_count"":""observed"",""review_count"":""unavailable"",""question_count"":""observed"",""delivery_summary"":""observed"",""shipping_cost"":""unavailable"",""properties"":""observed""}",true,
2026-08-18,2026-08-18T10:00:59+03:00,ev-yasam,BEST_SELLER,birlesik-ev-yasam,Trendyol seçili Ev & Yaşam kategorileri / En Çok Satan,117,3,117,117,8,,13.6,33.9,1073282255,137065,KOÇTAŞ 6lı Ahşap Askı Naturel,KOÇTAŞ,Askı,https://www.trendyol.com/koctas/6li-ahsap-aski-naturel-p-1073282255?boutiqueId=61&merchantId=137065,Koçtaş,8,299.9,,,,TRY,"[""Kargo Bedava""]",InStock,100 adetten fazla stok sunulmuştur,Son 3 günde 250+ ürün satıldı!,250,4.4,16,11,,4,,"1,2B kişi favoriledi",Son 24 saatte 347 kişi görüntüledi,4999,TRY,0,1,1,3,Tahmini Teslim:,En Çok Satan 8. Ürün,https://cdn.dsmcdn.com/ty1911/prod/QC_ENRICHMENT/20260723/17/53e910e2-b64c-37e0-bab9-c4b2748e52a2/1_org_zoom.jpg,"{""Materyal"":""Ahşap"",""Parça Sayısı"":""6"",""Renk"":""Çok Renkli"",""Kullanım Türü"":""Pantolon"",""Menşei"":""CN""}",11,4.18,refreshed,"[""daily_top""]",true,2026-08-18T10:00:59+03:00,0,"[""search_result_dom"",""product_detail_jsonld"",""product_detail_dom""]","{""title"":""observed"",""brand"":""observed"",""seller_name"":""observed"",""seller_score"":""observed"",""price"":""observed"",""original_price"":""unavailable"",""campaigns"":""observed"",""stock_status"":""observed"",""stock_signal"":""observed"",""rating"":""observed"",""rating_count"":""observed"",""review_count"":""observed"",""question_count"":""observed"",""delivery_summary"":""observed"",""shipping_cost"":""observed"",""properties"":""observed""}",true,
2026-08-18,2026-08-18T10:00:59+03:00,ev-yasam,BEST_SELLER,birlesik-ev-yasam,Trendyol seçili Ev & Yaşam kategorileri / En Çok Satan,118,3,118,118,1,-5,25.3,22.2,1130981614,556699,YAZAL3D 6’lı Fiyonk Tasarımlı Lokumluk Seti –Dekoratif Kahve Yanı Lokum Kasesi | Şık Sunumluk & Hediyelik,YAZAL3D,,https://www.trendyol.com/yazal3d/6-li-fiyonk-tasarimli-lokumluk-seti-dekoratif-kahve-yani-lokum-kasesi-sik-sunumluk-hediyelik-p-1130981614?boutiqueId=61&merchantId=556699,Rubatrend Kozmetik,91,175,,,2.9,TRY,"[""10 TL Kupon"",""Kargo Bedava""]",InStock,100 adetten fazla stok sunulmuştur,Son 3 günde 250+ ürün satıldı!,250,3.3,341,,0,54,"6,5B kişinin sepetinde",107B kişi favoriledi,"Son 24 saatte 6,3B kişi görüntüledi",,,0,,,,13 saat 54 dakika içinde sipariş verirsen en geç yarın kargoda!,En Çok Satan 1. Ürün,,{},0,,refreshed,"[""daily_top""]",true,2026-08-18T10:00:59+03:00,0,"[""search_result_dom"",""product_detail_jsonld"",""product_detail_dom""]","{""title"":""observed"",""brand"":""observed"",""seller_name"":""observed"",""seller_score"":""observed"",""price"":""observed"",""original_price"":""unavailable"",""campaigns"":""observed"",""stock_status"":""observed"",""stock_signal"":""observed"",""rating"":""observed"",""rating_count"":""observed"",""review_count"":""unavailable"",""question_count"":""observed"",""delivery_summary"":""observed"",""shipping_cost"":""unavailable"",""properties"":""observed""}",true,
2026-08-18,2026-08-18T10:00:59+03:00,ev-yasam,BEST_SELLER,birlesik-ev-yasam,Trendyol seçili Ev & Yaşam kategorileri / En Çok Satan,119,3,119,119,1,0,41.2,12.5,330080473,555137,Glamis Selen Concept El Yapımı Büyük Boy Cam Salata Kasesi,Glamis,Kase,https://www.trendyol.com/glamis/selen-concept-el-yapimi-buyuk-boy-cam-salata-kasesi-p-330080473?boutiqueId=61&merchantId=555137,SELEN CONCEPT,94,380.95,,,23.7,TRY,"[""Kargo Bedava"",""Trendyol Plus'a Özel""]",InStock,100 adetten fazla stok sunulmuştur,Son 3 günde 250+ ürün satıldı!,250,4.6,33287,,0,535,3B kişinin sepetinde,"941,9B kişi favoriledi","Son 24 saatte 2,2B kişi görüntüledi",4999,TRY,0,,1,3,3 saat 54 dakika içinde sipariş verirsen en geç bugün kargoda!,En Çok Satan 1. Ürün,https://cdn.dsmcdn.com/ty1813/prod/QC_ENRICHMENT/20260117/11/823b9031-484d-3a4d-b50b-23d411e06689/1_org_zoom.jpg,"{""Parça Sayısı"":""1 Parça"",""Hacim"":""2 L"",""Ürün Tipi"":""Salata Kasesi"",""Renk"":""Beyaz"",""Menşei"":""TR"",""Materyal"":""Cam"",""Bakım Talimatları (Gıda Temas)"":""Gıda ile temas güvenlidir."",""Gıda Temas Sembolü"":""Evet""}",0,,refreshed,"[""daily_top""]",true,2026-08-18T10:00:59+03:00,0,"[""search_result_dom"",""product_detail_jsonld"",""product_detail_dom""]","{""title"":""observed"",""brand"":""observed"",""seller_name"":""observed"",""seller_score"":""observed"",""price"":""observed"",""original_price"":""unavailable"",""campaigns"":""observed"",""stock_status"":""observed"",""stock_signal"":""observed"",""rating"":""observed"",""rating_count"":""observed"",""review_count"":""unavailable"",""question_count"":""observed"",""delivery_summary"":""observed"",""shipping_cost"":""observed"",""properties"":""observed""}",true,
2026-08-18,2026-08-18T10:00:59+03:00,ev-yasam,BEST_SELLER,birlesik-ev-yasam,Trendyol seçili Ev & Yaşam kategorileri / En Çok Satan,120,3,120,120,,-12,56.7,20.8,1120650661,639472,VOPTEKS Siyah Halı Salon Halısı Makinede Yıkanabilir Kaymaz Taban Halı,VOPTEKS,Halı,https://www.trendyol.com/vopteks/siyah-hali-salon-halisi-makinede-yikanabilir-kaymaz-taban-hali-p-1120650661?boutiqueId=61&merchantId=639472,VOPTEKS,,19.01,27.16,30,-41.7,TRY,"[""Sepette %30 İndirim"",""Süper Fırsat Ürünü"",""Kargo Bedava""]",InStock,100 adetten fazla stok sunulmuştur,Son 3 günde 250+ ürün satıldı!,250,4.3,991,514,5,301,"5,9B kişinin sepetinde","59,5B kişi favoriledi","Son 24 saatte 3,2B kişi görüntüledi",4999,TRY,0,3,1,7,Tahmini Teslim:,,https://cdn.dsmcdn.com/ty1905/prod/QC_ENRICHMENT/20260428/11/67015f88-5041-3d23-926d-973fa6a9836a/1_org_zoom.jpg,"{""Özellik"":""Yıkanabilir"",""Materyal"":""Polyester"",""Tema / Stil"":""Çizgili"",""Renk"":""Gri"",""Üretim Şekli"":""Dijital Baskı"",""Taban"":""Dot"",""Şekil"":""Dikdörtgen"",""Hav Yüksekliği"":""Orta (6 - 12 mm)"",""Kullanım Alanı"":""Salon / Oturma Odası"",""Saçak Tipi"":""Saçaksız (Overlok)"",""Menşei"":""TR""}",20,5,refreshed,"[""daily_top""]",true,2026-08-18T10:00:59+03:00,0,"[""search_result_dom"",""product_detail_jsonld"",""product_detail_dom""]","{""title"":""observed"",""brand"":""observed"",""seller_name"":""observed"",""seller_score"":""unavailable"",""price"":""observed"",""original_price"":""observed"",""campaigns"":""observed"",""stock_status"":""observed"",""stock_signal"":""observed"",""rating"":""observed"",""rating_count"":""observed"",""review_count"":""observed"",""question_count"":""observed"",""delivery_summary"":""observed"",""shipping_cost"":""observed"",""properties"":""observed""}",true,
2026-08-18,2026-08-18T10:00:59+03:00,ev-yasam,BEST_SELLER,birlesik-ev-yasam,Trendyol seçili Ev & Yaşam kategorileri / En Çok Satan,121,5,121,121,6,,44.4,13.6,448106406,596436,Kidmex Beyaz Plise Katlanır Cam Balkon Perdesi - Ofis Perdesi - Ev Perdesi - Salon Perdesi - Plise Perde,Kidmex,,https://www.trendyol.com/kidmex/beyaz-plise-katlanir-cam-balkon-perdesi-ofis-perdesi-ev-perdesi-salon-perdesi-plise-perde-p-448106406?boutiqueId=61&merchantId=596436,Kidmex,,424.99,474.99,10.5,,TRY,"[""Kargo Bedava""]",InStock,100 adetten fazla stok sunulmuştur,Son 3 günde 250+ ürün satıldı!,250,4.7,4139,,,1848,"1,4B kişinin sepetinde","79,5B kişi favoriledi",Son 24 saatte 719 kişi görüntüledi,,,0,,,,Tahmini Teslim:,,,{},0,,refreshed,"[""daily_top""]",true,2026-08-18T10:00:59+03:00,0,"[""search_result_dom"",""product_detail_jsonld"",""product_detail_dom""]","{""title"":""observed"",""brand"":""observed"",""seller_name"":""observed"",""seller_score"":""unavailable"",""price"":""observed"",""original_price"":""observed"",""campaigns"":""observed"",""stock_status"":""observed"",""stock_signal"":""observed"",""rating"":""observed"",""rating_count"":""observed"",""review_count"":""unavailable"",""question_count"":""observed"",""delivery_summary"":""observed"",""shipping_cost"":""unavailable"",""properties"":""observed""}",true,
2026-08-18,2026-08-18T10:00:59+03:00,ev-yasam,BEST_SELLER,birlesik-ev-yasam,Trendyol seçili Ev & Yaşam kategorileri / En Çok Satan,122,5,122,122,3,19,29.4,18.1,987900284,1142113,Fast Story 4' Lü Beyaz Kaşıklık Seti Mutfak Düzenleyici Çekmece Ve Dolap Içi Organizer Bıçaklık Kepçelik Kutusu,Fast Story,Kaşıklık,https://www.trendyol.com/fast-story/4-lu-beyaz-kasiklik-seti-mutfak-duzenleyici-cekmece-ve-dolap-ici-organizer-bicaklik-kepcelik-kutusu-p-987900284?boutiqueId=61&merchantId=1142113,Fast Story,92,196.18,,,-1.7,TRY,"[""Kargo Bedava""]",InStock,100 adetten fazla stok sunulmuştur,Son 3 günde 250+ ürün satıldı!,250,4.3,1923,1124,4,116,"1,4B kişinin sepetinde","57,9B kişi favoriledi","Son 24 saatte 1,4B kişi görüntüledi",4999,TRY,0,,1,3,3 saat 54 dakika içinde sipariş verirsen en geç bugün kargoda!,En Çok Satan 3. Ürün,https://cdn.dsmcdn.com/ty1766/prod/QC_ENRICHMENT/20250930/00/1db6dc4d-8198-3392-82e6-e84e2bc72cec/1_org_zoom.jpg,"{""Materyal"":""Plastik"",""Boyut/Ebat"":""30 x 34"",""Renk"":""Beyaz"",""Menşei"":""TR"",""Bakım Talimatları (Gıda Temas)"":""Bulaşık makinesinde yıkanabilir.""}",20,5,refreshed,"[""daily_top""]",true,2026-08-18T10:00:59+03:00,0,"[""search_result_dom"",""product_detail_jsonld"",""product_detail_dom""]","{""title"":""observed"",""brand"":""observed"",""seller_name"":""observed"",""seller_score"":""observed"",""price"":""observed"",""original_price"":""unavailable"",""campaigns"":""observed"",""stock_status"":""observed"",""stock_signal"":""observed"",""rating"":""observed"",""rating_count"":""observed"",""review_count"":""observed"",""question_count"":""observed"",""delivery_summary"":""observed"",""shipping_cost"":""observed"",""properties"":""observed""}",true,
2026-08-18,2026-08-18T10:00:59+03:00,ev-yasam,BEST_SELLER,birlesik-ev-yasam,Trendyol seçili Ev & Yaşam kategorileri / En Çok Satan,123,5,123,123,1,-117,30.9,16.6,1042465502,675708,OVERMAX Sevimli Kahve Köşesi 6’lı Biblo Seti - Kupa - Kahve Çekirdeği - Mokapot - Bardak - Çaydanlık - Cezve,OVERMAX,,https://www.trendyol.com/overmax/sevimli-kahve-kosesi-6-li-biblo-seti-kupa-kahve-cekirdegi-mokapot-bardak-caydanlik-cezve-p-1042465502?boutiqueId=61&merchantId=675708,Past Store,96,149.99,,,110.4,TRY,"[""Kargo Bedava""]",InStock,100 adetten fazla stok sunulmuştur,Son 3 günde 250+ ürün satıldı!,250,4.3,1724,,0,87,"1,3B kişinin sepetinde","57,4B kişi favoriledi","Son 24 saatte 1,4B kişi görüntüledi",,,0,,,,6 saat 54 dakika içinde sipariş verirsen en geç bugün kargoda!,En Çok Satan 1. Ürün,,{},0,,refreshed,"[""daily_top""]",true,2026-08-18T10:00:59+03:00,0,"[""search_result_dom"",""product_detail_jsonld"",""product_detail_dom""]","{""title"":""observed"",""brand"":""observed"",""seller_name"":""observed"",""seller_score"":""observed"",""price"":""observed"",""original_price"":""unavailable"",""campaigns"":""observed"",""stock_status"":""observed"",""stock_signal"":""observed"",""rating"":""observed"",""rating_count"":""observed"",""review_count"":""unavailable"",""question_count"":""observed"",""delivery_summary"":""observed"",""shipping_cost"":""unavailable"",""properties"":""observed""}",true,
2026-08-18,2026-08-18T10:00:59+03:00,ev-yasam,BEST_SELLER,birlesik-ev-yasam,Trendyol seçili Ev & Yaşam kategorileri / En Çok Satan,124,5,124,124,1,-113,20,27.5,962594072,874484,"Home 5'li Kalpli Magnet Seti – Fotoğraf ve Not Tutucu, Buzdolabı Süsü, Güçlü Mıknatıs, Dekoratif Magnet",Home,Magnet,https://www.trendyol.com/home/5-li-kalpli-magnet-seti-fotograf-ve-not-tutucu-buzdolabi-susu-guclu-miknatis-dekoratif-magnet-p-962594072?boutiqueId=61&merchantId=874484,ALYA MELEK BEAUTY DIŞ TİC.GIDA TURZ.İNŞ.,91,20,,,42.9,TRY,"[""Kargo Bedava""]",InStock,50 adetten fazla stok sunulmuştur,Son 3 günde 250+ ürün satıldı!,250,3.6,118,75,75,20,474 kişinin sepetinde,"10,9B kişi favoriledi",Son 24 saatte 454 kişi görüntüledi,4999,TRY,0,1,1,3,13 saat 54 dakika içinde sipariş verirsen en geç yarın kargoda!,En Çok Satan 1. Ürün,https://cdn.dsmcdn.com/ty1000412/product/media/images/prod/PIM/20260708/14/9496cae8-8e2b-442f-95c5-548daa8d1be8/1_org_zoom.jpg,"{""Renk"":""Kırmızı"",""Tema / Stil"":""Modern"",""Menşei"":""TR""}",20,5,refreshed,"[""daily_top""]",true,2026-08-18T10:00:59+03:00,0,"[""search_result_dom"",""product_detail_jsonld"",""product_detail_dom""]","{""title"":""observed"",""brand"":""observed"",""seller_name"":""observed"",""seller_score"":""observed"",""price"":""observed"",""original_price"":""unavailable"",""campaigns"":""observed"",""stock_status"":""observed"",""stock_signal"":""observed"",""rating"":""observed"",""rating_count"":""observed"",""review_count"":""observed"",""question_count"":""observed"",""delivery_summary"":""observed"",""shipping_cost"":""observed"",""properties"":""observed""}",true,
2026-08-18,2026-08-18T10:00:59+03:00,ev-yasam,BEST_SELLER,birlesik-ev-yasam,Trendyol seçili Ev & Yaşam kategorileri / En Çok Satan,125,5,125,125,2,,29.4,18.1,463379755,716966,Dream Time 2 Adet Micro Sıvı Geçirmez Yastık Alezi | Su Geçirmez Yastık Koruyucu 2'li Set,Dream Time,,https://www.trendyol.com/dream-time/2-adet-micro-sivi-gecirmez-yastik-alezi-su-gecirmez-yastik-koruyucu-2-li-set-p-463379755?boutiqueId=61&merchantId=716966,Dream Time,2,199.9,,,,TRY,"[""Kargo Bedava"",""Trendyol Plus'a Özel""]",InStock,100 adetten fazla stok sunulmuştur,Son 3 günde 250+ ürün satıldı!,250,4.4,1137,,,92,"1,1B kişinin sepetinde","16,9B kişi favoriledi",Son 24 saatte 784 kişi görüntüledi,,,0,,,,13 saat 54 dakika içinde sipariş verirsen en geç yarın kargoda!,En Çok Satan 2. Ürün,,{},0,,refreshed,"[""daily_top""]",true,2026-08-18T10:00:59+03:00,0,"[""search_result_dom"",""product_detail_jsonld"",""product_detail_dom""]","{""title"":""observed"",""brand"":""observed"",""seller_name"":""observed"",""seller_score"":""observed"",""price"":""observed"",""original_price"":""unavailable"",""campaigns"":""observed"",""stock_status"":""observed"",""stock_signal"":""observed"",""rating"":""observed"",""rating_count"":""observed"",""review_count"":""unavailable"",""question_count"":""observed"",""delivery_summary"":""observed"",""shipping_cost"":""unavailable"",""properties"":""observed""}",true,
2026-08-18,2026-08-18T10:00:59+03:00,ev-yasam,BEST_SELLER,birlesik-ev-yasam,Trendyol seçili Ev & Yaşam kategorileri / En Çok Satan,126,5,126,126,2,31,27.4,20.1,803104355,430442,"Genel Markalar Ütü Altı Tüm Ütülere Uyumlu Teflon Ütü Tabanı, Yanmaz Yapışmaz Kumaşı Parlatmayan Ütü Taban Altlığı",Genel Markalar,Ütü Masası ve Aksesuarı,https://www.trendyol.com/genel-markalar/utu-alti-tum-utulere-uyumlu-teflon-utu-tabani-yanmaz-yapismaz-kumasi-parlatmayan-utu-taban-altligi-p-803104355?boutiqueId=61&merchantId=430442,Shiro,95,128.38,,,1.6,TRY,"[""Kargo Bedava"",""Trendyol Plus'a Özel""]",InStock,100 adetten fazla stok sunulmuştur,Son 3 günde 250+ ürün satıldı!,250,4.5,1262,623,7,65,905 kişinin sepetinde,"6,7B kişi favoriledi",Son 24 saatte 595 kişi görüntüledi,4999,TRY,0,1,1,3,4 saat 54 dakika içinde sipariş verirsen en geç bugün kargoda!,En Çok Satan 2. Ürün,https://cdn.dsmcdn.com/ty1159/product/media/images/prod/SPM/PIM/20240203/17/b499ab60-27c4-3eed-82c0-222218c1737d/1_org_zoom.jpg,"{""Renk"":""Krem"",""Menşei"":""UM""}",20,5,refreshed,"[""daily_top""]",true,2026-08-18T10:00:59+03:00,0,"[""search_result_dom"",""product_detail_jsonld"",""product_detail_dom""]","{""title"":""observed"",""brand"":""observed"",""seller_name"":""observed"",""seller_score"":""observed"",""price"":""observed"",""original_price"":""unavailable"",""campaigns"":""observed"",""stock_status"":""observed"",""stock_signal"":""observed"",""rating"":""observed"",""rating_count"":""observed"",""review_count"":""observed"",""question_count"":""observed"",""delivery_summary"":""observed"",""shipping_cost"":""observed"",""properties"":""observed""}",true,
2026-08-18,2026-08-18T10:00:59+03:00,ev-yasam,BEST_SELLER,birlesik-ev-yasam,Trendyol seçili Ev & Yaşam kategorileri / En Çok Satan,127,5,127,127,3,-89,20.7,26.8,1167180113,417967,Decomia Home Dijital Kaymaz Yıkanabilir Renkli Salon Halısı Mutfak Halısı Koridor Halısı,Decomia Home,,https://www.trendyol.com/decomia-home/dijital-kaymaz-yikanabilir-renkli-salon-halisi-mutfak-halisi-koridor-halisi-p-1167180113?boutiqueId=61&merchantId=417967,Decomia Home,,19.9,,,-33.4,TRY,"[""Sepette %15 İndirim"",""Kargo Bedava"",""Trendyol Plus'a Özel""]",InStock,100 adetten fazla stok sunulmuştur,Son 3 günde 250+ ürün satıldı!,250,4.8,90,,0,35,"5,4B kişinin sepetinde",21B kişi favoriledi,"Son 24 saatte 3,8B kişi görüntüledi",,,0,,,,13 saat 54 dakika içinde sipariş verirsen en geç yarın kargoda!,En Çok Ziyaret Edilen 3. Ürün,,{},0,,refreshed,"[""daily_top""]",true,2026-08-18T10:00:59+03:00,0,"[""search_result_dom"",""product_detail_jsonld"",""product_detail_dom""]","{""title"":""observed"",""brand"":""observed"",""seller_name"":""observed"",""seller_score"":""unavailable"",""price"":""observed"",""original_price"":""unavailable"",""campaigns"":""observed"",""stock_status"":""observed"",""stock_signal"":""observed"",""rating"":""observed"",""rating_count"":""observed"",""review_count"":""unavailable"",""question_count"":""observed"",""delivery_summary"":""observed"",""shipping_cost"":""unavailable"",""properties"":""observed""}",true,
2026-08-18,2026-08-18T10:00:59+03:00,ev-yasam,BEST_SELLER,birlesik-ev-yasam,Trendyol seçili Ev & Yaşam kategorileri / En Çok Satan,128,5,128,128,,-62,32.6,14.9,448366120,137544,Kitchen Beauty Küre Buz Kalıbı Kapaklı 33 Hazneli Yuvarlak Buz Kalıbı Kokteyl Sunum Buz Kalıbı,Kitchen Beauty,Buz Kalıbı,https://www.trendyol.com/kitchen-beauty/kure-buz-kalibi-kapakli-33-hazneli-yuvarlak-buz-kalibi-kokteyl-sunum-buz-kalibi-p-448366120?boutiqueId=61&merchantId=137544,Eymen Ticaret,89,49.99,,,6.9,TRY,"[""Kargo Bedava""]",InStock,100 adetten fazla stok sunulmuştur,Son 3 günde 250+ ürün satıldı!,250,4,5276,2822,-49,107,"1,6B kişinin sepetinde","120,8B kişi favoriledi",Son 24 saatte 720 kişi görüntüledi,4999,TRY,0,,1,3,2 saat 54 dakika içinde sipariş verirsen en geç bugün kargoda!,,https://cdn.dsmcdn.com/ty962/product/media/images/20230704/19/390956809/642120513/1/1_org_zoom.jpg,"{""Boyut/Ebat"":""10 x 18"",""Materyal"":""Plastik"",""Menşei"":""TR"",""Bakım Talimatları (Gıda Temas)"":""Ürünün kullanım ömrünü korumak için ürüne özel bakım talimatlarını takip ediniz.""}",20,5,refreshed,"[""daily_top""]",true,2026-08-18T10:00:59+03:00,0,"[""search_result_dom"",""product_detail_jsonld"",""product_detail_dom""]","{""title"":""observed"",""brand"":""observed"",""seller_name"":""observed"",""seller_score"":""observed"",""price"":""observed"",""original_price"":""unavailable"",""campaigns"":""observed"",""stock_status"":""observed"",""stock_signal"":""observed"",""rating"":""observed"",""rating_count"":""observed"",""review_count"":""observed"",""question_count"":""observed"",""delivery_summary"":""observed"",""shipping_cost"":""observed"",""properties"":""observed""}",true,
2026-08-18,2026-08-18T10:00:59+03:00,ev-yasam,BEST_SELLER,birlesik-ev-yasam,Trendyol seçili Ev & Yaşam kategorileri / En Çok Satan,129,5,129,129,,-50,32.8,14.7,868009383,180667,Nandy Home 3 Adet Çekmece İçi Bıçaklık & Kaşıklık Organizer,Nandy Home,Kaşıklık,https://www.trendyol.com/nandy-home/3-adet-cekmece-ici-bicaklik-kasiklik-organizer-p-868009383?boutiqueId=61&merchantId=180667,Nandy Home,3,148.11,,,2.3,TRY,"[""Kargo Bedava""]",InStock,100 adetten fazla stok sunulmuştur,Son 3 günde 250+ ürün satıldı!,250,4.7,5882,3001,7,133,2B kişinin sepetinde,"143,2B kişi favoriledi","Son 24 saatte 1,4B kişi görüntüledi",4999,TRY,0,1,1,3,13 saat 54 dakika içinde sipariş verirsen en geç yarın kargoda!,En Çok Favorilenen 2. Ürün,https://cdn.dsmcdn.com/ty1590/prod/QC/20241021/12/cecdcb65-a0c6-3b6d-9ab0-f7f6c52d0bf0/1_org_zoom.jpg,"{""Materyal"":""Plastik"",""Boyut/Ebat"":""30 x 34"",""Renk"":""Beyaz"",""Bakım Talimatları (Gıda Temas)"":""Ürünün kullanım ömrünü korumak için ürüne özel bakım talimatlarını takip ediniz.""}",20,5,refreshed,"[""daily_top""]",true,2026-08-18T10:00:59+03:00,0,"[""search_result_dom"",""product_detail_jsonld"",""product_detail_dom""]","{""title"":""observed"",""brand"":""observed"",""seller_name"":""observed"",""seller_score"":""observed"",""price"":""observed"",""original_price"":""unavailable"",""campaigns"":""observed"",""stock_status"":""observed"",""stock_signal"":""observed"",""rating"":""observed"",""rating_count"":""observed"",""review_count"":""observed"",""question_count"":""observed"",""delivery_summary"":""observed"",""shipping_cost"":""observed"",""properties"":""observed""}",true,
2026-08-18,2026-08-18T10:00:59+03:00,ev-yasam,BEST_SELLER,birlesik-ev-yasam,Trendyol seçili Ev & Yaşam kategorileri / En Çok Satan,130,5,130,130,2,10,81.6,15.9,985087537,1131657,"Storlant Kar Beyaz Saten Güneşlik – Fon Veya Tül Fark Etmez, Her Kombine Yakışır! Tüm Odalara Şıklık Katar!",Storlant,,https://www.trendyol.com/storlant/kar-beyaz-saten-guneslik-fon-veya-tul-fark-etmez-her-kombine-yakisir-tum-odalara-siklik-katar-p-985087537?boutiqueId=61&merchantId=1131657,STORLANT,92,0.01,0.02,50,0,TRY,"[""Sepette %71 İndirim"",""Süper Fırsat Ürünü"",""Sepette %36 İndirim"",""Kargo Bedava""]",InStock,100 adetten fazla stok sunulmuştur,Son 3 günde 250+ ürün satıldı!,250,4.7,2106,,0,266,"1,2B kişinin sepetinde","15,3B kişi favoriledi",Son 24 saatte 688 kişi görüntüledi,,,0,,,,13 saat 53 dakika içinde sipariş verirsen en geç yarın kargoda!,En Çok Satan 2. Ürün,,{},0,,refreshed,"[""daily_top""]",true,2026-08-18T10:00:59+03:00,0,"[""search_result_dom"",""product_detail_jsonld"",""product_detail_dom""]","{""title"":""observed"",""brand"":""observed"",""seller_name"":""observed"",""seller_score"":""observed"",""price"":""observed"",""original_price"":""observed"",""campaigns"":""observed"",""stock_status"":""observed"",""stock_signal"":""observed"",""rating"":""observed"",""rating_count"":""observed"",""review_count"":""unavailable"",""question_count"":""observed"",""delivery_summary"":""observed"",""shipping_cost"":""unavailable"",""properties"":""observed""}",true,
2026-08-18,2026-08-18T10:00:59+03:00,ev-yasam,BEST_SELLER,birlesik-ev-yasam,Trendyol seçili Ev & Yaşam kategorileri / En Çok Satan,131,5,131,131,1,-129,33.9,13.6,982523847,1129401,Genel Markalar 2'li Modern Dekorasyon İçin Şık Beyaz Çizgili Seramik Çiçek Vazo 19cm - Minimal ve Zarif Vazo Modeli,Genel Markalar,,https://www.trendyol.com/genel-markalar/2-li-modern-dekorasyon-icin-sik-beyaz-cizgili-seramik-cicek-vazo-19cm-minimal-ve-zarif-vazo-modeli-p-982523847?boutiqueId=61&merchantId=1129401,YILDIZ DECOR,92,125,,,-1.6,TRY,"[""Sepette %10 İndirim"",""Kargo Bedava""]",InStock,100 adetten fazla stok sunulmuştur,Son 3 günde 250+ ürün satıldı!,250,3.8,4110,,0,602,"2,7B kişinin sepetinde","214,6B kişi favoriledi","Son 24 saatte 3,4B kişi görüntüledi",,,0,,,,4 saat 53 dakika içinde sipariş verirsen en geç bugün kargoda!,En Çok Satan 1. Ürün,,{},0,,refreshed,"[""daily_top""]",true,2026-08-18T10:00:59+03:00,0,"[""search_result_dom"",""product_detail_jsonld"",""product_detail_dom""]","{""title"":""observed"",""brand"":""observed"",""seller_name"":""observed"",""seller_score"":""observed"",""price"":""observed"",""original_price"":""unavailable"",""campaigns"":""observed"",""stock_status"":""observed"",""stock_signal"":""observed"",""rating"":""observed"",""rating_count"":""observed"",""review_count"":""unavailable"",""question_count"":""observed"",""delivery_summary"":""observed"",""shipping_cost"":""unavailable"",""properties"":""observed""}",true,
2026-08-18,2026-08-18T10:00:59+03:00,ev-yasam,BEST_SELLER,birlesik-ev-yasam,Trendyol seçili Ev & Yaşam kategorileri / En Çok Satan,132,5,132,132,,0,35.6,12.5,43469566,104968,Nehir Sahra Sade 6 Parça Paslanmaz Çelik Servis Takımı,Nehir,Servis Maşa Seti,https://www.trendyol.com/nehir/sahra-sade-6-parca-paslanmaz-celik-servis-takimi-p-43469566?boutiqueId=61&merchantId=104968,Happy Center,92,1019,,,0,TRY,"[""40 TL Kupon"",""Kargo Bedava"",""Peşin Fiyatına 3 Taksit""]",InStock,100 adetten fazla stok sunulmuştur,Son 3 günde 250+ ürün satıldı!,250,4.6,11133,6687,-19,613,4B kişinin sepetinde,"377,3B kişi favoriledi","Son 24 saatte 2,7B kişi görüntüledi",4999,TRY,0,1,1,3,4 saat 53 dakika içinde sipariş verirsen en geç bugün kargoda!,En Çok Ziyaret Edilen 1. Ürün,https://cdn.dsmcdn.com/ty1578/product/media/images/prod/PIM/20241004/15/11cb6606-32d3-4271-8b63-681272e2d5ce/1_org_zoom.jpg,"{""Parça Sayısı"":""Belirtilmemiş"",""Renk"":""Gri"",""Materyal"":""Çelik"",""Özellik"":""BPA Free"",""Menşei"":""TR"",""Bakım Talimatları (Genel)"":""Ürünün kullanım ömrünü korumak için ürüne özel bakım talimatlarını takip ediniz.""}",20,5,refreshed,"[""daily_top""]",true,2026-08-18T10:00:59+03:00,0,"[""search_result_dom"",""product_detail_jsonld"",""product_detail_dom""]","{""title"":""observed"",""brand"":""observed"",""seller_name"":""observed"",""seller_score"":""observed"",""price"":""observed"",""original_price"":""unavailable"",""campaigns"":""observed"",""stock_status"":""observed"",""stock_signal"":""observed"",""rating"":""observed"",""rating_count"":""observed"",""review_count"":""observed"",""question_count"":""observed"",""delivery_summary"":""observed"",""shipping_cost"":""observed"",""properties"":""observed""}",true,
2026-08-18,2026-08-18T10:00:59+03:00,ev-yasam,BEST_SELLER,birlesik-ev-yasam,Trendyol seçili Ev & Yaşam kategorileri / En Çok Satan,133,5,133,133,1,-18,34.6,12.9,839820584,993652,ESIVITALIA 3'lü Döküm Granit Sahan Seti Tava 18-20-22,ESIVITALIA,Tava,https://www.trendyol.com/esivitalia/3-lu-dokum-granit-sahan-seti-tava-18-20-22-p-839820584?boutiqueId=61&merchantId=993652,BOZKURTLAR MUTFAK EŞYALARI,78,563.9,,,13.4,TRY,"[""Kargo Bedava""]",InStock,100 adetten fazla stok sunulmuştur,Son 3 günde 250+ ürün satıldı!,250,4.1,13284,4944,7,668,"2,8B kişinin sepetinde","204,1B kişi favoriledi","Son 24 saatte 2,6B kişi görüntüledi",4999,TRY,0,2,1,6,Tahmini Teslim:,En Çok Satan 1. Ürün,https://cdn.dsmcdn.com/ty1586/prod/QC/20241015/00/b53b713e-c3a8-392a-ae7f-a959dd1839d4/1_org_zoom.jpg,"{""Boyut/Ebat"":""22 cm"",""Parça Sayısı"":""3"",""Özellik"":""Fırında kullanılabilir"",""Ürün Tipi"":""Kızartma Tavası"",""Dış Materyal"":""Granit"",""İç Materyal"":""Granit"",""Menşei"":""TR"",""Bakım Talimatları (Gıda Temas)"":""Elde yıkanmalıdır."",""Materyal"":""Döküm"",""Renk"":""Gri""}",20,5,refreshed,"[""daily_top""]",true,2026-08-18T10:00:59+03:00,0,"[""search_result_dom"",""product_detail_jsonld"",""product_detail_dom""]","{""title"":""observed"",""brand"":""observed"",""seller_name"":""observed"",""seller_score"":""observed"",""price"":""observed"",""original_price"":""unavailable"",""campaigns"":""observed"",""stock_status"":""observed"",""stock_signal"":""observed"",""rating"":""observed"",""rating_count"":""observed"",""review_count"":""observed"",""question_count"":""observed"",""delivery_summary"":""observed"",""shipping_cost"":""observed"",""properties"":""observed""}",true,
2026-08-18,2026-08-18T10:00:59+03:00,ev-yasam,BEST_SELLER,birlesik-ev-yasam,Trendyol seçili Ev & Yaşam kategorileri / En Çok Satan,134,5,134,134,,53,40,17.8,1010872295,281945,PAŞAMANLAR İpek Soft Bambu Şantuklu Ağır Gramajlı 1/3 Sık Pileli Tül Perde,PAŞAMANLAR,Tül Perde,https://www.trendyol.com/pasamanlar/ipek-soft-bambu-santuklu-agir-gramajli-1-3-sik-pileli-tul-perde-p-1010872295?boutiqueId=61&merchantId=281945,Pasamanlar,82,0.26,0.29,10.3,-60,TRY,"[""Sepette %10 İndirim"",""Kargo Bedava""]",InStock,100 adetten fazla stok sunulmuştur,Son 3 günde 250+ ürün satıldı!,250,4.3,2137,1224,1224,776,"3,5B kişinin sepetinde","47,3B kişi favoriledi","Son 24 saatte 2,6B kişi görüntüledi",4999,TRY,0,,1,3,1 saat 53 dakika içinde sipariş verirsen en geç bugün kargoda!,En Çok Ziyaret Edilen 2. Ürün,https://cdn.dsmcdn.com/ty1769/prod/QC_PREP/20251006/13/41b5e931-71e0-3181-887b-411b247d33df/1_org_zoom.jpg,"{""Takma Şekli"":""Kornişli"",""Parça Sayısı"":""1 Parça"",""Materyal"":""Polyester"",""Renk"":""Beyaz"",""Beden"":""100 x 280"",""Kullanım Alanı"":""Salon / Oturma Odası"",""Desen"":""Çizgili"",""Işık Geçirgenliği"":""Oda Karanlığı"",""Kanat Sayısı"":""1"",""Yıkama Talimatı"":""T100"",""Materyal Bileşeni"":""100% Bambu"",""Menşei"":""TR""}",20,5,refreshed,"[""daily_top""]",true,2026-08-18T10:00:59+03:00,0,"[""search_result_dom"",""product_detail_jsonld"",""product_detail_dom""]","{""title"":""observed"",""brand"":""observed"",""seller_name"":""observed"",""seller_score"":""observed"",""price"":""observed"",""original_price"":""observed"",""campaigns"":""observed"",""stock_status"":""observed"",""stock_signal"":""observed"",""rating"":""observed"",""rating_count"":""observed"",""review_count"":""observed"",""question_count"":""observed"",""delivery_summary"":""observed"",""shipping_cost"":""observed"",""properties"":""observed""}",true,
2026-08-18,2026-08-18T10:00:59+03:00,ev-yasam,BEST_SELLER,birlesik-ev-yasam,Trendyol seçili Ev & Yaşam kategorileri / En Çok Satan,135,5,135,135,1,-5,33.1,14.4,646272082,1148871,Genel Markalar Dekoratif Modem Saklama Kutusu,Genel Markalar,Dekoratif Kutu,https://www.trendyol.com/genel-markalar/dekoratif-modem-saklama-kutusu-p-646272082?boutiqueId=61&merchantId=1148871,MAAB STORE,95,335,,,27.1,TRY,"[""Kargo Bedava""]",InStock,10 adetten fazla stok sunulmuştur,Son 3 günde 250+ ürün satıldı!,250,4.1,6209,3262,13,1270,"1,4B kişinin sepetinde","130,2B kişi favoriledi","Son 24 saatte 1,7B kişi görüntüledi",4999,TRY,0,1,1,3,13 saat 53 dakika içinde sipariş verirsen en geç yarın kargoda!,En Çok Satan 1. Ürün,https://cdn.dsmcdn.com/ty1641/prod/QC/20250226/21/dfac1942-afd8-3342-9946-a77537d1c3b2/1_org_zoom.jpg,"{""Renk"":""Beyaz"",""Boyut/Ebat"":""32 x 40"",""Parça Sayısı"":""1"",""Materyal"":""Ahşap"",""Menşei"":""TR""}",20,5,refreshed,"[""daily_top""]",true,2026-08-18T10:00:59+03:00,0,"[""search_result_dom"",""product_detail_jsonld"",""product_detail_dom""]","{""title"":""observed"",""brand"":""observed"",""seller_name"":""observed"",""seller_score"":""observed"",""price"":""observed"",""original_price"":""unavailable"",""campaigns"":""observed"",""stock_status"":""observed"",""stock_signal"":""observed"",""rating"":""observed"",""rating_count"":""observed"",""review_count"":""observed"",""question_count"":""observed"",""delivery_summary"":""observed"",""shipping_cost"":""observed"",""properties"":""observed""}",true,
2026-08-18,2026-08-18T10:00:59+03:00,ev-yasam,BEST_SELLER,birlesik-ev-yasam,Trendyol seçili Ev & Yaşam kategorileri / En Çok Satan,136,5,136,136,1,-111,29.3,18.2,46205727,208941,Queen's Kitchen 6 Adet Bambu Rattan El Yapımı Amerikan Servis,Queen's Kitchen,Runner & Amerikan Servisi,https://www.trendyol.com/queen-s-kitchen/6-adet-bambu-rattan-el-yapimi-amerikan-servis-p-46205727?boutiqueId=61&merchantId=208941,Queens Kitchen,92,179.99,,,7.1,TRY,"[""Kargo Bedava"",""Trendyol Plus'a Özel""]",InStock,100 adetten fazla stok sunulmuştur,Son 3 günde 250+ ürün satıldı!,250,4.3,1819,1103,-2,108,778 kişinin sepetinde,"44,7B kişi favoriledi","Son 24 saatte 1,7B kişi görüntüledi",4999,TRY,0,,1,3,1 saat 53 dakika içinde sipariş verirsen en geç bugün kargoda!,En Çok Satan 1. Ürün,https://cdn.dsmcdn.com/ty1896/prod/QC_ENRICHMENT/20260720/12/d06b1a91-8906-32f1-b148-e1edc7e751d3/1_org_zoom.jpg,"{""Boyut/Ebat"":""33 x 33"",""Şekil"":""Yuvarlak"",""Renk"":""Kahverengi"",""Materyal"":""Hasır"",""Parça Sayısı"":""5-8"",""Materyal Bileşeni"":""100% Bambu"",""Menşei"":""TR"",""Bakım Talimatları (Genel)"":""Ürünün kullanım ömrünü korumak için ürüne özel bakım talimatlarını takip ediniz.""}",20,5,refreshed,"[""daily_top""]",true,2026-08-18T10:00:59+03:00,0,"[""search_result_dom"",""product_detail_jsonld"",""product_detail_dom""]","{""title"":""observed"",""brand"":""observed"",""seller_name"":""observed"",""seller_score"":""observed"",""price"":""observed"",""original_price"":""unavailable"",""campaigns"":""observed"",""stock_status"":""observed"",""stock_signal"":""observed"",""rating"":""observed"",""rating_count"":""observed"",""review_count"":""observed"",""question_count"":""observed"",""delivery_summary"":""observed"",""shipping_cost"":""observed"",""properties"":""observed""}",true,
2026-08-18,2026-08-18T10:00:59+03:00,ev-yasam,BEST_SELLER,birlesik-ev-yasam,Trendyol seçili Ev & Yaşam kategorileri / En Çok Satan,137,5,137,137,,,27.3,20.2,936854575,923709,EG75 12'li Bambu Kapaklı Cam Baharatlık Seti ( 32 Adet Etiket Hediyeli ),EG75,Baharatlık,https://www.trendyol.com/eg75/12-li-bambu-kapakli-cam-baharatlik-seti-32-adet-etiket-hediyeli-p-936854575?boutiqueId=61&merchantId=923709,EG75,93,508.9,,,,TRY,"[""Kargo Bedava"",""Trendyol Plus'a Özel""]",InStock,100 adetten fazla stok sunulmuştur,Son 3 günde 250+ ürün satıldı!,250,4.7,1020,606,,226,"3,1B kişinin sepetinde","66,2B kişi favoriledi","Son 24 saatte 3,3B kişi görüntüledi",4999,TRY,0,,1,3,1 saat 53 dakika içinde sipariş verirsen en geç bugün kargoda!,En Çok Ziyaret Edilen 1. Ürün,https://cdn.dsmcdn.com/ty1934/prod/QC_ENRICHMENT/20260517/11/434403e2-7331-379a-aaa1-f891355106e7/1_org_zoom.jpg,"{""Hacim"":""120 ml"",""Parça Sayısı"":""12"",""Diğer Özellikler"":""Akasya Ahşap Kapaklı"",""Menşei"":""CN"",""Bakım Talimatları (Gıda Temas)"":""Elde yıkanmalıdır."",""Gıda Temas Sembolü"":""Evet"",""Materyal"":""Cam""}",20,5,refreshed,"[""daily_top""]",true,2026-08-18T10:00:59+03:00,0,"[""search_result_dom"",""product_detail_jsonld"",""product_detail_dom""]","{""title"":""observed"",""brand"":""observed"",""seller_name"":""observed"",""seller_score"":""observed"",""price"":""observed"",""original_price"":""unavailable"",""campaigns"":""observed"",""stock_status"":""observed"",""stock_signal"":""observed"",""rating"":""observed"",""rating_count"":""observed"",""review_count"":""observed"",""question_count"":""observed"",""delivery_summary"":""observed"",""shipping_cost"":""observed"",""properties"":""observed""}",true,
2026-08-18,2026-08-18T10:00:59+03:00,ev-yasam,BEST_SELLER,birlesik-ev-yasam,Trendyol seçili Ev & Yaşam kategorileri / En Çok Satan,138,5,138,138,1,-46,35.3,12.5,48001460,246399,Genel Markalar Paslanmaz Çelik Kurabiye Helva Dondurma Servis Sunum Kaşığı,Genel Markalar,Çatal Kaşık Bıçak,https://www.trendyol.com/genel-markalar/paslanmaz-celik-kurabiye-helva-dondurma-servis-sunum-kasigi-p-48001460?boutiqueId=61&merchantId=246399,Koza Gift,88,113,,,0,TRY,"[""Kargo Bedava""]",InStock,100 adetten fazla stok sunulmuştur,Son 3 günde 250+ ürün satıldı!,250,4.2,11016,6179,-5,264,"2,5B kişinin sepetinde","80,3B kişi favoriledi",Son 24 saatte 825 kişi görüntüledi,4999,TRY,0,1,1,3,1 saat 53 dakika içinde sipariş verirsen en geç bugün kargoda!,En Çok Satan 1. Ürün,https://cdn.dsmcdn.com/ty1538/product/media/images/prod/QC/20240911/15/9d0a5efa-0941-387b-a3ae-da8d204605cc/1_org_zoom.jpg,"{""Materyal"":""Çelik"",""Parça Sayısı"":""1 Parça"",""Renk"":""Gümüş"",""Kişi Sayısı"":""1 Kişilik"",""Ürün Tipi"":""Dondurma Kaşığı"",""Menşei"":""TR"",""Garanti Süresi"":""2 Yıl"",""Bakım Talimatları (Gıda Temas)"":""Gıda ile temas güvenlidir.""}",20,5,refreshed,"[""daily_top""]",true,2026-08-18T10:00:59+03:00,0,"[""search_result_dom"",""product_detail_jsonld"",""product_detail_dom""]","{""title"":""observed"",""brand"":""observed"",""seller_name"":""observed"",""seller_score"":""observed"",""price"":""observed"",""original_price"":""unavailable"",""campaigns"":""observed"",""stock_status"":""observed"",""stock_signal"":""observed"",""rating"":""observed"",""rating_count"":""observed"",""review_count"":""observed"",""question_count"":""observed"",""delivery_summary"":""observed"",""shipping_cost"":""observed"",""properties"":""observed""}",true,
2026-08-18,2026-08-18T10:00:59+03:00,ev-yasam,BEST_SELLER,birlesik-ev-yasam,Trendyol seçili Ev & Yaşam kategorileri / En Çok Satan,139,5,139,139,,33,34.4,13.1,794694788,550676,zabata Yapışkanlı Raflı Kağıt Rulo Havluluk Peçetelik Havlu Kağıltlık Siyah Banyo Mutfak Düzenleyici Raf,zabata,Peçetelik,https://www.trendyol.com/zabata/yapiskanli-rafli-kagit-rulo-havluluk-pecetelik-havlu-kagiltlik-siyah-banyo-mutfak-duzenleyici-raf-p-794694788?boutiqueId=61&merchantId=550676,Zabata Türkiye,94,149,,,0,TRY,"[""Kargo Bedava""]",InStock,100 adetten fazla stok sunulmuştur,Son 3 günde 250+ ürün satıldı!,250,4.6,9039,4725,2,459,"1,8B kişinin sepetinde","110,8B kişi favoriledi",Son 24 saatte 815 kişi görüntüledi,4999,TRY,0,,1,3,53 dakika 44 saniye içinde sipariş verirsen en geç bugün kargoda!,,https://cdn.dsmcdn.com/ty1646/prod/QC/20250228/17/9a0a41ff-31f1-3e62-beb4-e92a56d169b6/1_org_zoom.jpg,"{""Renk"":""Siyah"",""Menşei"":""TR""}",20,5,refreshed,"[""daily_top""]",true,2026-08-18T10:00:59+03:00,0,"[""search_result_dom"",""product_detail_jsonld"",""product_detail_dom""]","{""title"":""observed"",""brand"":""observed"",""seller_name"":""observed"",""seller_score"":""observed"",""price"":""observed"",""original_price"":""unavailable"",""campaigns"":""observed"",""stock_status"":""observed"",""stock_signal"":""observed"",""rating"":""observed"",""rating_count"":""observed"",""review_count"":""observed"",""question_count"":""observed"",""delivery_summary"":""observed"",""shipping_cost"":""observed"",""properties"":""observed""}",true,
2026-08-18,2026-08-18T10:00:59+03:00,ev-yasam,BEST_SELLER,birlesik-ev-yasam,Trendyol seçili Ev & Yaşam kategorileri / En Çok Satan,140,5,140,140,1,,13.6,33.9,1137615320,106951,Mudo Concept SARDINE BARDAK 510 ML,Mudo Concept,Bardak,https://www.trendyol.com/mudo-concept/sardine-bardak-510-ml-p-1137615320?boutiqueId=61&merchantId=106951,Mudo Home,8,189.99,,,,TRY,"[""Kargo Bedava"",""Trendyol Plus'a Özel""]",InStock,100 adetten fazla stok sunulmuştur,Son 3 günde 250+ ürün satıldı!,250,4.9,33,11,,,361 kişinin sepetinde,"3,8B kişi favoriledi",Son 24 saatte 437 kişi görüntüledi,4999,TRY,0,2,1,6,Tahmini Teslim:,En Çok Satan 1. Ürün,https://cdn.dsmcdn.com/ty1857/prod/QC_PREP/20260424/09/6905ea50-5414-3ccf-bbc1-2a663d330f61/1_org_zoom.jpg,"{""Materyal"":""Cam"",""Parça Sayısı"":""1"",""Renk"":""Çok Renkli"",""Hacim"":""510 ml"",""Özellik"":""Elde Yıkanabilir"",""Ürün Tipi"":""Meşrubat Bardağı"",""Menşei"":""TR"",""Gıda Temas Sembolü"":""Evet"",""Bakım Talimatları (Gıda Temas)"":""Elde yıkanmalıdır.""}",11,4.73,refreshed,"[""daily_top""]",true,2026-08-18T10:00:59+03:00,0,"[""search_result_dom"",""product_detail_jsonld"",""product_detail_dom""]","{""title"":""observed"",""brand"":""observed"",""seller_name"":""observed"",""seller_score"":""observed"",""price"":""observed"",""original_price"":""unavailable"",""campaigns"":""observed"",""stock_status"":""observed"",""stock_signal"":""observed"",""rating"":""observed"",""rating_count"":""observed"",""review_count"":""observed"",""question_count"":""unavailable"",""delivery_summary"":""observed"",""shipping_cost"":""observed"",""properties"":""observed""}",true,
2026-08-18,2026-08-18T10:00:59+03:00,ev-yasam,BEST_SELLER,birlesik-ev-yasam,Trendyol seçili Ev & Yaşam kategorileri / En Çok Satan,141,5,141,141,,-136,33.2,14.3,864018959,113025,Raschel Carpet Krem Yumuşak Bubble Kaymaz Özel Taban Peluş Halı Yolluk,Raschel Carpet,Halı,https://www.trendyol.com/raschel-carpet/krem-yumusak-bubble-kaymaz-ozel-taban-pelus-hali-yolluk-p-864018959?boutiqueId=61&merchantId=113025,Balat Halı,85,338.42,,,238.8,TRY,"[""125 TL Kupon"",""Kargo Bedava"",""Trendyol Plus'a Özel""]",InStock,100 adetten fazla stok sunulmuştur,Son 3 günde 250+ ürün satıldı!,250,4,5342,3355,4,1900,"3,9B kişinin sepetinde","214,4B kişi favoriledi","Son 24 saatte 3,1B kişi görüntüledi",4999,TRY,0,,1,3,1 saat 53 dakika içinde sipariş verirsen en geç bugün kargoda!,En Çok Favorilenen 2. Ürün,https://cdn.dsmcdn.com/ty1582/prod/QC/20241010/22/2b1de4bd-8db5-3b2e-a698-131289342c45/1_org_zoom.jpg,"{""Özellik"":""Kaymaz Taban"",""Materyal"":""Polyester"",""Tema / Stil"":""Modern"",""Renk"":""Bej"",""Üretim Şekli"":""Makine Halısı"",""Taban"":""Jel"",""Şekil"":""Dikdörtgen"",""Hav Yüksekliği"":""Kalın (12 mm +)"",""Kullanım Alanı"":""Salon / Oturma Odası"",""Saçak Tipi"":""Saçaksız (Overlok)"",""Menşei"":""TR"",""Paket Yükseklik"":""49 cm"",""Paket Derinlik"":""49 cm"",""Paket Genişlik"":""49 cm""}",20,5,refreshed,"[""daily_top""]",true,2026-08-18T10:00:59+03:00,0,"[""search_result_dom"",""product_detail_jsonld"",""product_detail_dom""]","{""title"":""observed"",""brand"":""observed"",""seller_name"":""observed"",""seller_score"":""observed"",""price"":""observed"",""original_price"":""unavailable"",""campaigns"":""observed"",""stock_status"":""observed"",""stock_signal"":""observed"",""rating"":""observed"",""rating_count"":""observed"",""review_count"":""observed"",""question_count"":""observed"",""delivery_summary"":""observed"",""shipping_cost"":""observed"",""properties"":""observed""}",true,
2026-08-18,2026-08-18T10:00:59+03:00,ev-yasam,BEST_SELLER,birlesik-ev-yasam,Trendyol seçili Ev & Yaşam kategorileri / En Çok Satan,142,5,142,142,2,-54,17.6,29.9,1167354761,956809,"Neev Trend Sunum Tepsisi, Kalın Şeffaf Gövde, Zarif Mat Gold Paslanmaz Metal Kulplu, Koruyucu Ayaklı ( 1 Adet )",Neev,,https://www.trendyol.com/neev/trend-sunum-tepsisi-kalin-seffaf-govde-zarif-mat-gold-paslanmaz-metal-kulplu-koruyucu-ayakli-1-adet-p-1167354761?boutiqueId=61&merchantId=956809,NEEV,94,194.9,,,2.8,TRY,"[""Kargo Bedava""]",InStock,100 adetten fazla stok sunulmuştur,Son 3 günde 250+ ürün satıldı!,250,4.5,37,,-25,8,904 kişinin sepetinde,"2,6B kişi favoriledi",Son 24 saatte 998 kişi görüntüledi,,,0,,,,13 saat 53 dakika içinde sipariş verirsen en geç yarın kargoda!,En Çok Satan 2. Ürün,,{},0,,refreshed,"[""daily_top""]",true,2026-08-18T10:00:59+03:00,0,"[""search_result_dom"",""product_detail_jsonld"",""product_detail_dom""]","{""title"":""observed"",""brand"":""observed"",""seller_name"":""observed"",""seller_score"":""observed"",""price"":""observed"",""original_price"":""unavailable"",""campaigns"":""observed"",""stock_status"":""observed"",""stock_signal"":""observed"",""rating"":""observed"",""rating_count"":""observed"",""review_count"":""unavailable"",""question_count"":""observed"",""delivery_summary"":""observed"",""shipping_cost"":""unavailable"",""properties"":""observed""}",true,
2026-08-18,2026-08-18T10:00:59+03:00,ev-yasam,BEST_SELLER,birlesik-ev-yasam,Trendyol seçili Ev & Yaşam kategorileri / En Çok Satan,143,5,143,143,1,-139,27,22.6,1109550995,1024529,bituclass 3 ÇITALI 4 KATLI EKO DEKORATİF MASİF AHŞAP PLASTİK AYAKKABILIK (MDF DEĞİLDİR.mdf kolay kırılır !!!),bituclass,Ayakkabılık,https://www.trendyol.com/bituclass/3-citali-4-katli-eko-dekoratif-masif-ahsap-plastik-ayakkabilik-mdf-degildir-mdf-kolay-kirilir-p-1109550995?boutiqueId=61&merchantId=1024529,Silkyreal,93,184.99,189.05,2.1,-2.1,TRY,"[""Son 10 Günün En Düşük Fiyatı"",""Kargo Bedava"",""Son 10 günün en düşük fiyatı""]",InStock,100 adetten fazla stok sunulmuştur,Son 3 günde 250+ ürün satıldı!,250,3.3,590,306,5,32,"2,1B kişinin sepetinde","21,3B kişi favoriledi","Son 24 saatte 2,1B kişi görüntüledi",4999,TRY,0,1,1,3,3 saat 53 dakika içinde sipariş verirsen en geç bugün kargoda!,En Çok Satan 1. Ürün,https://cdn.dsmcdn.com/ty1918/prod/QC_PREP/20260512/12/01d5067c-a56a-3457-9a80-1577081a3ece/1_org_zoom.jpg,"{""Materyal"":""Ahşap"",""Renk"":""Siyah"",""Yükseklik"":""64 cm"",""Genişlik"":""49 cm"",""Derinlik"":""18 cm"",""Garanti Süresi"":""1 Yıl"",""Stil"":""Modern"",""Tema / Stil"":""Modern"",""Menşei"":""TR""}",20,5,refreshed,"[""daily_top"",""hot_change""]",true,2026-08-18T10:00:59+03:00,0,"[""search_result_dom"",""product_detail_jsonld"",""product_detail_dom""]","{""title"":""observed"",""brand"":""observed"",""seller_name"":""observed"",""seller_score"":""observed"",""price"":""observed"",""original_price"":""observed"",""campaigns"":""observed"",""stock_status"":""observed"",""stock_signal"":""observed"",""rating"":""observed"",""rating_count"":""observed"",""review_count"":""observed"",""question_count"":""observed"",""delivery_summary"":""observed"",""shipping_cost"":""observed"",""properties"":""observed""}",true,
2026-08-18,2026-08-18T10:00:59+03:00,ev-yasam,BEST_SELLER,birlesik-ev-yasam,Trendyol seçili Ev & Yaşam kategorileri / En Çok Satan,144,5,144,144,1,-1,26.9,20.6,959933156,1143469,ELSA 2'li Bambu Kapaklı Borosilikat Cam Yağlık Sirkelik 900 ml 2 ADET (Bambu Altlık Dahil),ELSA,Yağdanlık,https://www.trendyol.com/elsa/2-li-bambu-kapakli-borosilikat-cam-yaglik-sirkelik-900-ml-2-adet-bambu-altlik-dahil-p-959933156?boutiqueId=61&merchantId=1143469,Elsa Home,84,349,,,0,TRY,"[""Sepette %2 İndirim"",""Kargo Bedava""]",InStock,100 adetten fazla stok sunulmuştur,Son 3 günde 250+ ürün satıldı!,250,4,951,546,13,91,"2,1B kişinin sepetinde","29,3B kişi favoriledi","Son 24 saatte 1,4B kişi görüntüledi",4999,TRY,0,1,1,3,13 saat 53 dakika içinde sipariş verirsen en geç yarın kargoda!,En Çok Satan 1. Ürün,https://cdn.dsmcdn.com/ty1713/prod/QC_ENRICHMENT/20250726/09/66dac30d-55ec-3106-a290-0b9fcc8a7ed6/1_org_zoom.jpg,"{""Renk"":""Beyaz"",""Hacim"":""900 ml"",""Parça Sayısı"":""3"",""Menşei"":""CN"",""Bakım Talimatları (Gıda Temas)"":""Elde yıkanmalıdır."",""Gıda Temas Sembolü"":""Evet""}",20,5,refreshed,"[""daily_top""]",true,2026-08-18T10:00:59+03:00,0,"[""search_result_dom"",""product_detail_jsonld"",""product_detail_dom""]","{""title"":""observed"",""brand"":""observed"",""seller_name"":""observed"",""seller_score"":""observed"",""price"":""observed"",""original_price"":""unavailable"",""campaigns"":""observed"",""stock_status"":""observed"",""stock_signal"":""observed"",""rating"":""observed"",""rating_count"":""observed"",""review_count"":""observed"",""question_count"":""observed"",""delivery_summary"":""observed"",""shipping_cost"":""observed"",""properties"":""observed""}",true,
2026-08-18,2026-08-18T10:00:59+03:00,ev-yasam,BEST_SELLER,birlesik-ev-yasam,Trendyol seçili Ev & Yaşam kategorileri / En Çok Satan,145,7,145,145,3,-60,31.1,16.4,739257945,137544,Kitchen Beauty 6 Bölmeli Büyük Boy Silikon Buz Kalıbı Silikon Kare Buzluk Kokteyl Sunum Buz Kalıbı Et Suyu Saklama,Kitchen Beauty,Buz Kalıbı,https://www.trendyol.com/kitchen-beauty/6-bolmeli-buyuk-boy-silikon-buz-kalibi-silikon-kare-buzluk-kokteyl-sunum-buz-kalibi-et-suyu-saklama-p-739257945?boutiqueId=61&merchantId=137544,Eymen Ticaret,89,74.99,,,0,TRY,"[""Kargo Bedava""]",InStock,100 adetten fazla stok sunulmuştur,Son 3 günde 250+ ürün satıldı!,250,4.3,3394,1838,-20,81,"1,4B kişinin sepetinde","75,5B kişi favoriledi",Son 24 saatte 382 kişi görüntüledi,4999,TRY,0,,1,3,2 saat 53 dakika içinde sipariş verirsen en geç bugün kargoda!,En Çok Satan 3. Ürün,https://cdn.dsmcdn.com/ty1422/product/media/images/prod/QC/20240716/21/49618051-3aa7-3d54-9725-5799211f9d91/1_org_zoom.jpg,"{""Boyut/Ebat"":""36 x 50"",""Materyal"":""Silikon"",""Menşei"":""TR"",""Bakım Talimatları (Gıda Temas)"":""Ürünün kullanım ömrünü korumak için ürüne özel bakım talimatlarını takip ediniz.""}",20,5,refreshed,"[""daily_top""]",true,2026-08-18T10:00:59+03:00,0,"[""search_result_dom"",""product_detail_jsonld"",""product_detail_dom""]","{""title"":""observed"",""brand"":""observed"",""seller_name"":""observed"",""seller_score"":""observed"",""price"":""observed"",""original_price"":""unavailable"",""campaigns"":""observed"",""stock_status"":""observed"",""stock_signal"":""observed"",""rating"":""observed"",""rating_count"":""observed"",""review_count"":""observed"",""question_count"":""observed"",""delivery_summary"":""observed"",""shipping_cost"":""observed"",""properties"":""observed""}",true,
2026-08-18,2026-08-18T10:00:59+03:00,ev-yasam,BEST_SELLER,birlesik-ev-yasam,Trendyol seçili Ev & Yaşam kategorileri / En Çok Satan,146,7,146,146,8,3,29.7,17.8,304891557,168617,Faiend Sandalye Kılıfı Yıkanabilir Likralı Esnek Lastikli Sandalye Örtü,Faiend,,https://www.trendyol.com/faiend/sandalye-kilifi-yikanabilir-likrali-esnek-lastikli-sandalye-ortu-p-304891557?boutiqueId=61&merchantId=168617,Faiend Home,89,73.5,,,8.1,TRY,"[""10 TL Kupon"",""Kargo Bedava""]",InStock,100 adetten fazla stok sunulmuştur,Son 3 günde 250+ ürün satıldı!,250,4.3,1216,,0,135,,"8,6B kişi favoriledi",Son 24 saatte 365 kişi görüntüledi,,,0,,,,13 saat 53 dakika içinde sipariş verirsen en geç yarın kargoda!,,,{},0,,refreshed,"[""daily_top""]",true,2026-08-18T10:00:59+03:00,0,"[""search_result_dom"",""product_detail_jsonld"",""product_detail_dom""]","{""title"":""observed"",""brand"":""observed"",""seller_name"":""observed"",""seller_score"":""observed"",""price"":""observed"",""original_price"":""unavailable"",""campaigns"":""observed"",""stock_status"":""observed"",""stock_signal"":""observed"",""rating"":""observed"",""rating_count"":""observed"",""review_count"":""unavailable"",""question_count"":""observed"",""delivery_summary"":""observed"",""shipping_cost"":""unavailable"",""properties"":""observed""}",true,
2026-08-18,2026-08-18T10:00:59+03:00,ev-yasam,BEST_SELLER,birlesik-ev-yasam,Trendyol seçili Ev & Yaşam kategorileri / En Çok Satan,147,7,147,147,,19,33.8,13.7,84034772,123944,Mislina Home Micro Classic Sıvı Su Geçirmez Fitted Full Kenar Tek Çift Kişilik Bebek Çocuk Yatak Koruyucu Alezi,Mislina Home,Alez,https://www.trendyol.com/mislina-home/micro-classic-sivi-su-gecirmez-fitted-full-kenar-tek-cift-kisilik-bebek-cocuk-yatak-koruyucu-alezi-p-84034772?boutiqueId=61&merchantId=123944,Mislina Home,,93.98,,,-6.8,TRY,"[""Kargo Bedava"",""Trendyol Plus'a Özel""]",InStock,100 adetten fazla stok sunulmuştur,Son 3 günde 250+ ürün satıldı!,250,4.5,7504,3926,-2,830,"1,3B kişinin sepetinde","67,4B kişi favoriledi",Son 24 saatte 698 kişi görüntüledi,4999,TRY,0,,1,3,4 saat 53 dakika içinde sipariş verirsen en geç bugün kargoda!,,https://cdn.dsmcdn.com/ty1704/prod/QC_ENRICHMENT/20250704/12/904e6e5b-3c16-3c75-aec3-c2c2a2ceef8e/1_org_zoom.jpg,"{""Materyal"":""Polyester"",""Renk"":""Beyaz"",""Özellik"":""Su Geçirmez"",""Materyal Bileşeni"":""100% Polyester"",""Yıkama Talimatı"":""T44"",""Paket İçeriği"":""1'li"",""Menşei"":""TR""}",20,5,refreshed,"[""daily_top""]",true,2026-08-18T10:00:59+03:00,0,"[""search_result_dom"",""product_detail_jsonld"",""product_detail_dom""]","{""title"":""observed"",""brand"":""observed"",""seller_name"":""observed"",""seller_score"":""unavailable"",""price"":""observed"",""original_price"":""unavailable"",""campaigns"":""observed"",""stock_status"":""observed"",""stock_signal"":""observed"",""rating"":""observed"",""rating_count"":""observed"",""review_count"":""observed"",""question_count"":""observed"",""delivery_summary"":""observed"",""shipping_cost"":""observed"",""properties"":""observed""}",true,
2026-08-18,2026-08-18T10:00:59+03:00,ev-yasam,BEST_SELLER,birlesik-ev-yasam,Trendyol seçili Ev & Yaşam kategorileri / En Çok Satan,148,7,148,148,1,-135,29.1,18.4,1045490651,107143,Decorev Renkli Desenli 2’li Metal Patates Soğan Saklama Kabı Seti DC-6766,Decorev,Sebzelik,https://www.trendyol.com/decorev/renkli-desenli-2-li-metal-patates-sogan-saklama-kabi-seti-dc-6766-p-1045490651?boutiqueId=61&merchantId=107143,Decorev,,499,,,0,TRY,"[""Kargo Bedava""]",InStock,100 adetten fazla stok sunulmuştur,Son 3 günde 250+ ürün satıldı!,250,4.7,1807,1019,2,154,"2,3B kişinin sepetinde","99,7B kişi favoriledi","Son 24 saatte 3,8B kişi görüntüledi",4999,TRY,0,,1,3,2 saat 53 dakika içinde sipariş verirsen en geç bugün kargoda!,En Çok Satan 1. Ürün,https://cdn.dsmcdn.com/ty1790/prod/QC_ENRICHMENT/20251115/13/bb5c86d3-8b53-32e3-a9ef-655271575993/1_org_zoom.jpg,"{""Boyut/Ebat"":""20 x 25"",""Materyal"":""Metal"",""Menşei"":""TR"",""Gıda Temas Sembolü"":""Evet"",""Bakım Talimatları (Gıda Temas)"":""Elde yıkanmalıdır.""}",20,5,refreshed,"[""daily_top""]",true,2026-08-18T10:00:59+03:00,0,"[""search_result_dom"",""product_detail_jsonld"",""product_detail_dom""]","{""title"":""observed"",""brand"":""observed"",""seller_name"":""observed"",""seller_score"":""unavailable"",""price"":""observed"",""original_price"":""unavailable"",""campaigns"":""observed"",""stock_status"":""observed"",""stock_signal"":""observed"",""rating"":""observed"",""rating_count"":""observed"",""review_count"":""observed"",""question_count"":""observed"",""delivery_summary"":""observed"",""shipping_cost"":""observed"",""properties"":""observed""}",true,
2026-08-18,2026-08-18T10:00:59+03:00,ev-yasam,BEST_SELLER,birlesik-ev-yasam,Trendyol seçili Ev & Yaşam kategorileri / En Çok Satan,149,7,149,149,,-93,28.3,19.2,958623353,638780,BEYZANA Yeni Nesil Basmalı Çift Buz Kalıbı Buzluk – Kapaklı Saklama Kutulu 28 28 56 Bölmeli 10x20 Cm,BEYZANA,Buz Kalıbı,https://www.trendyol.com/beyzana/yeni-nesil-basmali-cift-buz-kalibi-buzluk-kapakli-saklama-kutulu-28-28-56-bolmeli-10x20-cm-p-958623353?boutiqueId=61&merchantId=638780,BEYZANA,,199.99,,,0,TRY,"[""Kargo Bedava""]",InStock,100 adetten fazla stok sunulmuştur,Son 3 günde 250+ ürün satıldı!,250,4,1779,817,6,108,"4,8B kişinin sepetinde","168,6B kişi favoriledi","Son 24 saatte 2,5B kişi görüntüledi",4999,TRY,0,1,1,3,13 saat 53 dakika içinde sipariş verirsen en geç yarın kargoda!,En Çok Ziyaret Edilen 1. Ürün,https://cdn.dsmcdn.com/ty1713/prod/QC_ENRICHMENT/20250724/15/152c5c48-c249-33cb-9485-c152ad0aa955/1_org_zoom.jpg,"{""Boyut/Ebat"":""12 x 19"",""Materyal"":""Plastik"",""Menşei"":""CN"",""Gıda Temas Sembolü"":""Evet"",""Bakım Talimatları (Gıda Temas)"":""Elde yıkanmalıdır.""}",20,5,refreshed,"[""daily_top""]",true,2026-08-18T10:00:59+03:00,0,"[""search_result_dom"",""product_detail_jsonld"",""product_detail_dom""]","{""title"":""observed"",""brand"":""observed"",""seller_name"":""observed"",""seller_score"":""unavailable"",""price"":""observed"",""original_price"":""unavailable"",""campaigns"":""observed"",""stock_status"":""observed"",""stock_signal"":""observed"",""rating"":""observed"",""rating_count"":""observed"",""review_count"":""observed"",""question_count"":""observed"",""delivery_summary"":""observed"",""shipping_cost"":""observed"",""properties"":""observed""}",true,
2026-08-18,2026-08-18T10:00:59+03:00,ev-yasam,BEST_SELLER,birlesik-ev-yasam,Trendyol seçili Ev & Yaşam kategorileri / En Çok Satan,150,7,150,150,,-149,35.1,12.5,170614230,112570,Bino Banyo Kozmetik Takı Düzenleyici Çok Amaçlı Organizer 2 Katlı Servis Sunum Tepsisi Ikramlık Gold,Bino,Makyaj Organizerı,https://www.trendyol.com/bino/banyo-kozmetik-taki-duzenleyici-cok-amacli-organizer-2-katli-servis-sunum-tepsisi-ikramlik-gold-p-170614230?boutiqueId=61&merchantId=112570,Bino Home,88,431.64,,,-0.5,TRY,"[""Kargo Bedava""]",InStock,100 adetten fazla stok sunulmuştur,Son 3 günde 250+ ürün satıldı!,250,4.7,10246,5735,-4,658,"2,7B kişinin sepetinde","335,8B kişi favoriledi","Son 24 saatte 2,4B kişi görüntüledi",4999,TRY,0,1,1,3,13 saat 53 dakika içinde sipariş verirsen en geç yarın kargoda!,En Çok Favorilenen 1. Ürün,https://cdn.dsmcdn.com/ty214/product/media/images/20211028/15/158766855/278462727/2/2_org_zoom.jpg,"{""Parça Sayısı"":""2"",""Materyal"":""Metal"",""Renk"":""Altın"",""Menşei"":""UM"",""Bölme Sayısı"":""2""}",20,5,refreshed,"[""daily_top"",""hot_change""]",true,2026-08-18T10:00:59+03:00,0,"[""search_result_dom"",""product_detail_jsonld"",""product_detail_dom""]","{""title"":""observed"",""brand"":""observed"",""seller_name"":""observed"",""seller_score"":""observed"",""price"":""observed"",""original_price"":""unavailable"",""campaigns"":""observed"",""stock_status"":""observed"",""stock_signal"":""observed"",""rating"":""observed"",""rating_count"":""observed"",""review_count"":""observed"",""question_count"":""observed"",""delivery_summary"":""observed"",""shipping_cost"":""observed"",""properties"":""observed""}",true,
2026-08-18,2026-08-18T10:00:59+03:00,ev-yasam,BEST_SELLER,birlesik-ev-yasam,Trendyol seçili Ev & Yaşam kategorileri / En Çok Satan,151,7,151,151,1,20,31.9,15.6,883959353,135535,Devecioğlu Harbinger MM016 ALENDA (Siyah) Kalın Borulu Çamaşır Kurutma Askılığı,Devecioğlu,Çamaşırlık,https://www.trendyol.com/devecioglu/harbinger-mm016-alenda-siyah-kalin-borulu-camasir-kurutma-askiligi-p-883959353?boutiqueId=61&merchantId=135535,billhom,93,959,,,0,TRY,"[""Kargo Bedava""]",InStock,100 adetten fazla stok sunulmuştur,Son 3 günde 250+ ürün satıldı!,250,4.4,4810,2289,3,295,"2,2B kişinin sepetinde","84,6B kişi favoriledi","Son 24 saatte 1,7B kişi görüntüledi",4999,TRY,0,2,1,6,13 saat 53 dakika içinde sipariş verirsen en geç yarın kargoda!,En Çok Satan 1. Ürün,https://cdn.dsmcdn.com/ty1858/prod/QC_ENRICHMENT/20260423/13/fcdc93f7-d69e-305f-93d8-275c953803bf/1_org_zoom.jpg,"{""Renk"":""Siyah"",""Materyal"":""Metal"",""Menşei"":""TR""}",20,5,refreshed,"[""daily_top""]",true,2026-08-18T10:00:59+03:00,0,"[""search_result_dom"",""product_detail_jsonld"",""product_detail_dom""]","{""title"":""observed"",""brand"":""observed"",""seller_name"":""observed"",""seller_score"":""observed"",""price"":""observed"",""original_price"":""unavailable"",""campaigns"":""observed"",""stock_status"":""observed"",""stock_signal"":""observed"",""rating"":""observed"",""rating_count"":""observed"",""review_count"":""observed"",""question_count"":""observed"",""delivery_summary"":""observed"",""shipping_cost"":""observed"",""properties"":""observed""}",true,
2026-08-18,2026-08-18T10:00:59+03:00,ev-yasam,BEST_SELLER,birlesik-ev-yasam,Trendyol seçili Ev & Yaşam kategorileri / En Çok Satan,152,7,152,152,2,18,32.4,15.1,96419684,119640,Meleni Home 3'lü Set Katlanabilir Çamaşır Sepeti Katlanabilir Akordiyon Su Kovası,Meleni Home,Çamaşır Sepeti,https://www.trendyol.com/meleni-home/3-lu-set-katlanabilir-camasir-sepeti-katlanabilir-akordiyon-su-kovasi-p-96419684?boutiqueId=61&merchantId=119640,MeleniHome,87,549.9,,,1.1,TRY,"[""Kargo Bedava""]",InStock,100 adetten fazla stok sunulmuştur,Son 3 günde 250+ ürün satıldı!,250,4.5,4632,2647,0,174,"1,2B kişinin sepetinde","77,8B kişi favoriledi","Son 24 saatte 1,4B kişi görüntüledi",4999,TRY,0,2,1,6,Tahmini Teslim:,En Çok Satan 2. Ürün,https://cdn.dsmcdn.com/ty1001/product/media/images/prod/SPM/PIM/20230914/12/1b7d8606-17b1-380f-b9e3-9b1554fce067/1_org_zoom.jpg,"{""Materyal"":""Plastik"",""Renk"":""Gri"",""Hacim"":""26 L"",""Boyut/Ebat"":""55 x 35"",""Yıkama Talimatı"":""T101"",""Materyal Bileşeni"":""%30 Silikon, %70 Polipropilen"",""Menşei"":""TR""}",20,5,refreshed,"[""daily_top""]",true,2026-08-18T10:00:59+03:00,0,"[""search_result_dom"",""product_detail_jsonld"",""product_detail_dom""]","{""title"":""observed"",""brand"":""observed"",""seller_name"":""observed"",""seller_score"":""observed"",""price"":""observed"",""original_price"":""unavailable"",""campaigns"":""observed"",""stock_status"":""observed"",""stock_signal"":""observed"",""rating"":""observed"",""rating_count"":""observed"",""review_count"":""observed"",""question_count"":""observed"",""delivery_summary"":""observed"",""shipping_cost"":""observed"",""properties"":""observed""}",true,
2026-08-18,2026-08-18T10:00:59+03:00,ev-yasam,BEST_SELLER,birlesik-ev-yasam,Trendyol seçili Ev & Yaşam kategorileri / En Çok Satan,153,7,153,153,2,-1,27.2,20.3,953032164,1192385,"PARLAPACK Plastik Tatlı Kasesi 50 ADET 200 CC Kübik Prizma KaseKAPAKSIZ Magnolya,Puding,Meze,Tiramisu",PARLAPACK,Kase,https://www.trendyol.com/parlapack/plastik-tatli-kasesi-50-adet-200-cc-kubik-prizma-kasekapaksiz-magnolya-puding-meze-tiramisu-p-953032164?boutiqueId=61&merchantId=1192385,Akabe Ambalaj Ticaret,96,273.35,,,1.2,TRY,"[""Kargo Bedava""]",InStock,100 adetten fazla stok sunulmuştur,Son 3 günde 250+ ürün satıldı!,250,4.3,1226,597,10,137,"2,2B kişinin sepetinde","97,2B kişi favoriledi","Son 24 saatte 1,3B kişi görüntüledi",4999,TRY,0,1,1,3,53 dakika 24 saniye içinde sipariş verirsen en geç bugün kargoda!,En Çok Satan 2. Ürün,https://cdn.dsmcdn.com/ty1774/prod/QC_ENRICHMENT/20251015/10/e8d0cf65-3f57-3178-8773-a96f80ce04ae/1_org_zoom.jpg,"{""Parça Sayısı"":""6+"",""Hacim"":""200 ml"",""Ürün Tipi"":""Kase"",""Renk"":""Gri"",""Menşei"":""TR"",""Materyal"":""Sert Plastik"",""Bakım Talimatları (Gıda Temas)"":""Elde yıkanmalıdır."",""Gıda Temas Sembolü"":""Hayır""}",20,5,refreshed,"[""daily_top""]",true,2026-08-18T10:00:59+03:00,0,"[""search_result_dom"",""product_detail_jsonld"",""product_detail_dom""]","{""title"":""observed"",""brand"":""observed"",""seller_name"":""observed"",""seller_score"":""observed"",""price"":""observed"",""original_price"":""unavailable"",""campaigns"":""observed"",""stock_status"":""observed"",""stock_signal"":""observed"",""rating"":""observed"",""rating_count"":""observed"",""review_count"":""observed"",""question_count"":""observed"",""delivery_summary"":""observed"",""shipping_cost"":""observed"",""properties"":""observed""}",true,
2026-08-18,2026-08-18T10:00:59+03:00,ev-yasam,BEST_SELLER,birlesik-ev-yasam,Trendyol seçili Ev & Yaşam kategorileri / En Çok Satan,154,7,154,154,,35,76.8,20.7,1103763527,1125221,Days In Colours Klimalı Silikon Yastık - DayCool Serisi - 800 Gram,Days In Colours,Yastık,https://www.trendyol.com/days-in-colours/klimali-silikon-yastik-daycool-serisi-800-gram-p-1103763527?boutiqueId=61&merchantId=1125221,Days In Colours,95,339,678,50,0,TRY,"[""Sepette %50 İndirim"",""Kargo Bedava""]",InStock,100 adetten fazla stok sunulmuştur,Son 3 günde 250+ ürün satıldı!,250,4.1,1018,537,5,141,2B kişinin sepetinde,"33,5B kişi favoriledi","Son 24 saatte 1,6B kişi görüntüledi",4999,TRY,0,,1,3,3 saat 53 dakika içinde sipariş verirsen en geç bugün kargoda!,En Çok Ziyaret Edilen 3. Ürün,https://cdn.dsmcdn.com/ty1842/prod/QC_ENRICHMENT/20260325/10/dae5a794-4c89-394d-a80e-f74826ae90a3/1_org_zoom.jpg,"{""Boyut/Ebat"":""50 x 70"",""Dış Materyal"":""Kapitone"",""Dolgu Materyali"":""Silikon"",""Renk"":""Beyaz"",""Özellik"":""Hava Geçirgen"",""Ağırlık"":""650 + gr"",""Yıkama Talimatı"":""https://cdn.dsmcdn.com/ty376/product/charts/carelabel/wash_at_30_delicate.jpg"",""Menşei"":""TR""}",20,5,refreshed,"[""daily_top""]",true,2026-08-18T10:00:59+03:00,0,"[""search_result_dom"",""product_detail_jsonld"",""product_detail_dom""]","{""title"":""observed"",""brand"":""observed"",""seller_name"":""observed"",""seller_score"":""observed"",""price"":""observed"",""original_price"":""observed"",""campaigns"":""observed"",""stock_status"":""observed"",""stock_signal"":""observed"",""rating"":""observed"",""rating_count"":""observed"",""review_count"":""observed"",""question_count"":""observed"",""delivery_summary"":""observed"",""shipping_cost"":""observed"",""properties"":""observed""}",true,
2026-08-18,2026-08-18T10:00:59+03:00,ev-yasam,BEST_SELLER,birlesik-ev-yasam,Trendyol seçili Ev & Yaşam kategorileri / En Çok Satan,155,7,155,155,8,10,25.8,23.9,881397577,180667,Nandy Home 20'li Set Kendinden Kapaklı Derin Dondurucuya Uygun Saklama Kabı 1 Lt.,Nandy Home,Saklama Kabı,https://www.trendyol.com/nandy-home/20-li-set-kendinden-kapakli-derin-dondurucuya-uygun-saklama-kabi-1-lt-p-881397577?boutiqueId=61&merchantId=180667,Nandy Home,20,322.63,329.74,2.2,12.3,TRY,"[""Son 10 Günün En Düşük Fiyatı"",""Kargo Bedava"",""Son 10 günün en düşük fiyatı""]",InStock,100 adetten fazla stok sunulmuştur,Son 3 günde 250+ ürün satıldı!,250,4.1,429,211,6,50,"1,6B kişinin sepetinde","39,6B kişi favoriledi","Son 24 saatte 2,1B kişi görüntüledi",4999,TRY,0,1,1,3,13 saat 53 dakika içinde sipariş verirsen en geç yarın kargoda!,En Çok Satan 8. Ürün,https://cdn.dsmcdn.com/ty1928/prod/QC_ENRICHMENT/20260520/17/72580a14-2712-3618-8fd2-a897dbb36dab/1_org_zoom.jpg,"{""Materyal"":""Plastik"",""Parça Sayısı"":""19-25"",""Renk"":""Beyaz"",""Hacim"":""1 L"",""Menşei"":""TR"",""Bakım Talimatları (Gıda Temas)"":""Ürünün kullanım ömrünü korumak için ürüne özel bakım talimatlarını takip ediniz.""}",20,5,refreshed,"[""daily_top""]",true,2026-08-18T10:00:59+03:00,0,"[""search_result_dom"",""product_detail_jsonld"",""product_detail_dom""]","{""title"":""observed"",""brand"":""observed"",""seller_name"":""observed"",""seller_score"":""observed"",""price"":""observed"",""original_price"":""observed"",""campaigns"":""observed"",""stock_status"":""observed"",""stock_signal"":""observed"",""rating"":""observed"",""rating_count"":""observed"",""review_count"":""observed"",""question_count"":""observed"",""delivery_summary"":""observed"",""shipping_cost"":""observed"",""properties"":""observed""}",true,
2026-08-18,2026-08-18T10:00:59+03:00,ev-yasam,BEST_SELLER,birlesik-ev-yasam,Trendyol seçili Ev & Yaşam kategorileri / En Çok Satan,156,7,156,156,6,-65,43.7,14.3,448202121,596436,Kidmex Antrasit Plise Katlanır Cam Balkon Perdesi - Ofis Perdesi - Mutfak Perdesi - Salon Perdesi -,Kidmex,,https://www.trendyol.com/kidmex/antrasit-plise-katlanir-cam-balkon-perdesi-ofis-perdesi-mutfak-perdesi-salon-perdesi-p-448202121?boutiqueId=61&merchantId=596436,Kidmex,,424.99,474.99,10.5,0,TRY,"[""Kargo Bedava""]",InStock,100 adetten fazla stok sunulmuştur,Son 3 günde 250+ ürün satıldı!,250,4.6,3314,,0,1816,"2,6B kişinin sepetinde","110,4B kişi favoriledi","Son 24 saatte 1,5B kişi görüntüledi",,,0,,,,Tahmini Teslim:,,,{},0,,refreshed,"[""daily_top""]",true,2026-08-18T10:00:59+03:00,0,"[""search_result_dom"",""product_detail_jsonld"",""product_detail_dom""]","{""title"":""observed"",""brand"":""observed"",""seller_name"":""observed"",""seller_score"":""unavailable"",""price"":""observed"",""original_price"":""observed"",""campaigns"":""observed"",""stock_status"":""observed"",""stock_signal"":""observed"",""rating"":""observed"",""rating_count"":""observed"",""review_count"":""unavailable"",""question_count"":""observed"",""delivery_summary"":""observed"",""shipping_cost"":""unavailable"",""properties"":""observed""}",true,
2026-08-18,2026-08-18T10:00:59+03:00,ev-yasam,BEST_SELLER,birlesik-ev-yasam,Trendyol seçili Ev & Yaşam kategorileri / En Çok Satan,157,7,157,157,,,33.2,14.3,747715695,122355,Kiwi KWP-8513 Şarjlı Damacana Su Pompası,Kiwi,Damacana Pompası,https://www.trendyol.com/kiwi/kwp-8513-sarjli-damacana-su-pompasi-p-747715695?boutiqueId=61&merchantId=122355,Urgancıoğlu,87,325,,,,TRY,"[""Kargo Bedava""]",InStock,100 adetten fazla stok sunulmuştur,Son 3 günde 250+ ürün satıldı!,250,4.2,6706,3374,,1144,927 kişinin sepetinde,"64,4B kişi favoriledi",Son 24 saatte 868 kişi görüntüledi,4999,TRY,0,1,1,3,13 saat 53 dakika içinde sipariş verirsen en geç yarın kargoda!,En Çok Favorilenen 1. Ürün,https://cdn.dsmcdn.com/ty1000313/product/media/images/prod/PIM/20260217/06/3cc2ec88-3f98-49a2-91ed-eb72fe5d4bed/1_org_zoom.jpg,"{""Ürün Tipi"":""Şarjlı"",""Renk"":""Beyaz"",""Menşei"":""CN""}",20,5,refreshed,"[""daily_top""]",true,2026-08-18T10:00:59+03:00,0,"[""search_result_dom"",""product_detail_jsonld"",""product_detail_dom""]","{""title"":""observed"",""brand"":""observed"",""seller_name"":""observed"",""seller_score"":""observed"",""price"":""observed"",""original_price"":""unavailable"",""campaigns"":""observed"",""stock_status"":""observed"",""stock_signal"":""observed"",""rating"":""observed"",""rating_count"":""observed"",""review_count"":""observed"",""question_count"":""observed"",""delivery_summary"":""observed"",""shipping_cost"":""observed"",""properties"":""observed""}",true,
2026-08-18,2026-08-18T10:00:59+03:00,ev-yasam,BEST_SELLER,birlesik-ev-yasam,Trendyol seçili Ev & Yaşam kategorileri / En Çok Satan,158,7,158,158,1,-58,30.3,17.2,868581639,106777,Bella Maison Marbella Cam Kesme Tahtası Ekru (35x25 cm),Bella Maison,Kesme Tahtası,https://www.trendyol.com/bella-maison/marbella-cam-kesme-tahtasi-ekru-35x25-cm-p-868581639?boutiqueId=61&merchantId=106777,Bella Maison,,315,,,0,TRY,"[""Kargo Bedava"",""Trendyol Plus'a Özel""]",InStock,100 adetten fazla stok sunulmuştur,Son 3 günde 250+ ürün satıldı!,250,4.6,2736,1473,8,64,"4,5B kişinin sepetinde","158,6B kişi favoriledi","Son 24 saatte 1,8B kişi görüntüledi",4999,TRY,0,1,1,3,Tahmini Teslim:,En Çok Satan 1. Ürün,https://cdn.dsmcdn.com/ty1858/prod/QC_ENRICHMENT/20260421/11/d26a1757-5577-320f-9be6-5bab0cfc86d2/1_org_zoom.jpg,"{""Boyut/Ebat"":""35 x 25"",""Materyal"":""Cam"",""Parça Sayısı"":""1 Parça"",""Renk"":""Ekru"",""Menşei"":""TR"",""Bakım Talimatları (Gıda Temas)"":""Ürünün kullanım ömrünü korumak için ürüne özel bakım talimatlarını takip ediniz."",""Gıda Temas Sembolü"":""Evet""}",20,5,refreshed,"[""daily_top""]",true,2026-08-18T10:00:59+03:00,0,"[""search_result_dom"",""product_detail_jsonld"",""product_detail_dom""]","{""title"":""observed"",""brand"":""observed"",""seller_name"":""observed"",""seller_score"":""unavailable"",""price"":""observed"",""original_price"":""unavailable"",""campaigns"":""observed"",""stock_status"":""observed"",""stock_signal"":""observed"",""rating"":""observed"",""rating_count"":""observed"",""review_count"":""observed"",""question_count"":""observed"",""delivery_summary"":""observed"",""shipping_cost"":""observed"",""properties"":""observed""}",true,
2026-08-18,2026-08-18T10:00:59+03:00,ev-yasam,BEST_SELLER,birlesik-ev-yasam,Trendyol seçili Ev & Yaşam kategorileri / En Çok Satan,159,7,159,159,,2,26.3,21.2,1075158610,716966,Dream Time Collagen Luxury Sıvı Geçirmez Özel Kutulu Alez | Anti-Aging | Anti-Alerjik | Anti-Bakteriyel,Dream Time,Alez,https://www.trendyol.com/dream-time/collagen-luxury-sivi-gecirmez-ozel-kutulu-alez-anti-aging-anti-alerjik-anti-bakteriyel-p-1075158610?boutiqueId=61&merchantId=716966,Dream Time,,474.05,,,60.4,TRY,"[""Kargo Bedava"",""Trendyol Plus'a Özel""]",InStock,100 adetten fazla stok sunulmuştur,Son 3 günde 250+ ürün satıldı!,250,4.7,830,455,8,311,"3,1B kişinin sepetinde","46,3B kişi favoriledi",Son 24 saatte 2B kişi görüntüledi,4999,TRY,0,1,1,3,13 saat 53 dakika içinde sipariş verirsen en geç yarın kargoda!,En Çok Ziyaret Edilen 3. Ürün,https://cdn.dsmcdn.com/ty1854/prod/QC_ENRICHMENT/20260412/11/e33636be-7ba5-3283-a129-a5fe7b1138b3/1_org_zoom.jpg,"{""Materyal"":""Bambu + Polyester"",""Renk"":""Beyaz"",""Özellik"":""Su Geçirmez"",""Materyal Bileşeni"":""Collagen 3D Örme Üst Yüzey + Sıvı Geçirmez PU Membran"",""Yıkama Talimatı"":""T44"",""Paket İçeriği"":""1'li"",""Menşei"":""TR""}",20,5,refreshed,"[""daily_top""]",true,2026-08-18T10:00:59+03:00,0,"[""search_result_dom"",""product_detail_jsonld"",""product_detail_dom""]","{""title"":""observed"",""brand"":""observed"",""seller_name"":""observed"",""seller_score"":""unavailable"",""price"":""observed"",""original_price"":""unavailable"",""campaigns"":""observed"",""stock_status"":""observed"",""stock_signal"":""observed"",""rating"":""observed"",""rating_count"":""observed"",""review_count"":""observed"",""question_count"":""observed"",""delivery_summary"":""observed"",""shipping_cost"":""observed"",""properties"":""observed""}",true,
2026-08-18,2026-08-18T10:00:59+03:00,ev-yasam,BEST_SELLER,birlesik-ev-yasam,Trendyol seçili Ev & Yaşam kategorileri / En Çok Satan,160,7,160,160,3,,16.9,30.6,1144893125,1023658,"YEGGE 30x10cm Çekmece ve Dolap içi Düzenleyici, Eşarp Düzenleyici, Katlanabilir Çorap ve Çamaşır Organizer Raf Düzenleyici",YEGGE,,https://www.trendyol.com/yegge/30x10cm-cekmece-ve-dolap-ici-duzenleyici-esarp-duzenleyici-katlanabilir-corap-ve-camasir-organizer-raf-duzenleyici-p-1144893125?boutiqueId=61&merchantId=1023658,Purple Home,91,63.88,,,,TRY,"[""Kargo Bedava""]",InStock,100 adetten fazla stok sunulmuştur,Son 3 günde 250+ ürün satıldı!,250,4.3,30,,,6,939 kişinin sepetinde,"6,3B kişi favoriledi","Son 24 saatte 1,4B kişi görüntüledi",,,0,,,,13 saat 53 dakika içinde sipariş verirsen en geç yarın kargoda!,,,{},0,,refreshed,"[""daily_top""]",true,2026-08-18T10:00:59+03:00,0,"[""search_result_dom"",""product_detail_jsonld"",""product_detail_dom""]","{""title"":""observed"",""brand"":""observed"",""seller_name"":""observed"",""seller_score"":""observed"",""price"":""observed"",""original_price"":""unavailable"",""campaigns"":""observed"",""stock_status"":""observed"",""stock_signal"":""observed"",""rating"":""observed"",""rating_count"":""observed"",""review_count"":""unavailable"",""question_count"":""observed"",""delivery_summary"":""observed"",""shipping_cost"":""unavailable"",""properties"":""observed""}",true,
2026-08-18,2026-08-18T10:00:59+03:00,ev-yasam,BEST_SELLER,birlesik-ev-yasam,Trendyol seçili Ev & Yaşam kategorileri / En Çok Satan,161,7,161,161,5,-2,31.4,16.1,785995262,111097,gogidigo aradığın o 4 Adet (80*100) cm Vakumlu Hurç Yorgan Hurcu Valiz Düzenleyici Gardırop Düzenleyici Vakumlu Poşet,gogidigo aradığın o,,https://www.trendyol.com/gogidigo-aradigin-o/4-adet-80-100-cm-vakumlu-hurc-yorgan-hurcu-valiz-duzenleyici-gardirop-duzenleyici-vakumlu-poset-p-785995262?boutiqueId=61&merchantId=111097,Gogidigo,86,439.9,,,0,TRY,"[""Kargo Bedava""]",InStock,100 adetten fazla stok sunulmuştur,Son 3 günde 250+ ürün satıldı!,250,3.8,1986,,0,264,1B kişinin sepetinde,"61,1B kişi favoriledi",Son 24 saatte 689 kişi görüntüledi,,,0,,,,13 saat 53 dakika içinde sipariş verirsen en geç yarın kargoda!,En Çok Satan 5. Ürün,,{},0,,refreshed,"[""daily_top""]",true,2026-08-18T10:00:59+03:00,0,"[""search_result_dom"",""product_detail_jsonld"",""product_detail_dom""]","{""title"":""observed"",""brand"":""observed"",""seller_name"":""observed"",""seller_score"":""observed"",""price"":""observed"",""original_price"":""unavailable"",""campaigns"":""observed"",""stock_status"":""observed"",""stock_signal"":""observed"",""rating"":""observed"",""rating_count"":""observed"",""review_count"":""unavailable"",""question_count"":""observed"",""delivery_summary"":""observed"",""shipping_cost"":""unavailable"",""properties"":""observed""}",true,
2026-08-18,2026-08-18T10:00:59+03:00,ev-yasam,BEST_SELLER,birlesik-ev-yasam,Trendyol seçili Ev & Yaşam kategorileri / En Çok Satan,162,7,162,162,1,,29.6,17.9,928581234,612403,diabella Merve 3 Parça Çift Kişilik Yatak Örtüsü Krem,diabella,,https://www.trendyol.com/diabella/merve-3-parca-cift-kisilik-yatak-ortusu-krem-p-928581234?boutiqueId=61&merchantId=612403,GECEM TEKSTİL,91,991,,,,TRY,"[""Kargo Bedava""]",InStock,50 adetten fazla stok sunulmuştur,Son 3 günde 250+ ürün satıldı!,250,4.4,1179,,,267,"2,3B kişinin sepetinde","65,7B kişi favoriledi",Son 24 saatte 3B kişi görüntüledi,,,0,,,,Tahmini Teslim:,En Çok Satan 1. Ürün,,{},0,,refreshed,"[""daily_top""]",true,2026-08-18T10:00:59+03:00,0,"[""search_result_dom"",""product_detail_jsonld"",""product_detail_dom""]","{""title"":""observed"",""brand"":""observed"",""seller_name"":""observed"",""seller_score"":""observed"",""price"":""observed"",""original_price"":""unavailable"",""campaigns"":""observed"",""stock_status"":""observed"",""stock_signal"":""observed"",""rating"":""observed"",""rating_count"":""observed"",""review_count"":""unavailable"",""question_count"":""observed"",""delivery_summary"":""observed"",""shipping_cost"":""unavailable"",""properties"":""observed""}",true,
2026-08-18,2026-08-18T10:00:59+03:00,ev-yasam,BEST_SELLER,birlesik-ev-yasam,Trendyol seçili Ev & Yaşam kategorileri / En Çok Satan,163,7,163,163,4,13,36.1,12.5,31525977,116314,Magic Saver Bag 8’li Vakumlu Poşet Set-1,Magic Saver Bag,,https://www.trendyol.com/magic-saver-bag/8-li-vakumlu-poset-set-1-p-31525977?boutiqueId=61&merchantId=116314,Blacc,88,519.9,,,0,TRY,"[""Kargo Bedava"",""Trendyol Plus'a Özel""]",InStock,50 adetten fazla stok sunulmuştur,Son 3 günde 250+ ürün satıldı!,250,3.9,7638,,0,535,"1,1B kişinin sepetinde",86B kişi favoriledi,Son 24 saatte 972 kişi görüntüledi,,,0,,,,Tahmini Teslim:,En Çok Satan 4. Ürün,,{},0,,refreshed,"[""daily_top""]",true,2026-08-18T10:00:59+03:00,0,"[""search_result_dom"",""product_detail_jsonld"",""product_detail_dom""]","{""title"":""observed"",""brand"":""observed"",""seller_name"":""observed"",""seller_score"":""observed"",""price"":""observed"",""original_price"":""unavailable"",""campaigns"":""observed"",""stock_status"":""observed"",""stock_signal"":""observed"",""rating"":""observed"",""rating_count"":""observed"",""review_count"":""unavailable"",""question_count"":""observed"",""delivery_summary"":""observed"",""shipping_cost"":""unavailable"",""properties"":""observed""}",true,
2026-08-18,2026-08-18T10:00:59+03:00,ev-yasam,BEST_SELLER,birlesik-ev-yasam,Trendyol seçili Ev & Yaşam kategorileri / En Çok Satan,164,7,164,164,7,12,18,29.5,1087972788,638780,BEYZANA 10 Adet Güçlü Kendinden Yapışkanlı Raf Çerçeve Tutucu Kanca Askı,BEYZANA,Banyo Askısı,https://www.trendyol.com/beyzana/10-adet-guclu-kendinden-yapiskanli-raf-cerceve-tutucu-kanca-aski-p-1087972788?boutiqueId=61&merchantId=638780,BEYZANA,10,32.97,,,-5.8,TRY,"[""Kargo Bedava""]",InStock,100 adetten fazla stok sunulmuştur,Son 3 günde 250+ ürün satıldı!,250,4,119,41,0,13,690 kişinin sepetinde,"5,4B kişi favoriledi",Son 24 saatte 378 kişi görüntüledi,4999,TRY,0,1,1,3,13 saat 53 dakika içinde sipariş verirsen en geç yarın kargoda!,En Çok Satan 7. Ürün,https://cdn.dsmcdn.com/ty1829/prod/QC_ENRICHMENT/20260217/00/410c7f2c-5fca-3be7-8ca7-b7f264818349/1_org_zoom.jpg,"{""Renk"":""Beyaz"",""Menşei"":""CN""}",20,5,refreshed,"[""daily_top""]",true,2026-08-18T10:00:59+03:00,0,"[""search_result_dom"",""product_detail_jsonld"",""product_detail_dom""]","{""title"":""observed"",""brand"":""observed"",""seller_name"":""observed"",""seller_score"":""observed"",""price"":""observed"",""original_price"":""unavailable"",""campaigns"":""observed"",""stock_status"":""observed"",""stock_signal"":""observed"",""rating"":""observed"",""rating_count"":""observed"",""review_count"":""observed"",""question_count"":""observed"",""delivery_summary"":""observed"",""shipping_cost"":""observed"",""properties"":""observed""}",true,
2026-08-18,2026-08-18T10:00:59+03:00,ev-yasam,BEST_SELLER,birlesik-ev-yasam,Trendyol seçili Ev & Yaşam kategorileri / En Çok Satan,165,7,165,165,6,,24.3,23.2,951250177,1119408,"ARİFE HOME Sandalye Kılıfı ,lıkralı ,yıkanabılır 1 Adet vizon Renk Yüksek Kalite",ARİFE HOME,,https://www.trendyol.com/arife-home/sandalye-kilifi-likrali-yikanabilir-1-adet-vizon-renk-yuksek-kalite-p-951250177?boutiqueId=61&merchantId=1119408,ARİFE HOME,89,80.86,,,,TRY,"[""Kargo Bedava""]",InStock,100 adetten fazla stok sunulmuştur,Son 3 günde 250+ ürün satıldı!,250,4.7,258,,,52,,"3,5B kişi favoriledi",,,,0,,,,53 dakika 5 saniye içinde sipariş verirsen en geç bugün kargoda!,,,{},0,,refreshed,"[""daily_top""]",true,2026-08-18T10:00:59+03:00,0,"[""search_result_dom"",""product_detail_jsonld"",""product_detail_dom""]","{""title"":""observed"",""brand"":""observed"",""seller_name"":""observed"",""seller_score"":""observed"",""price"":""observed"",""original_price"":""unavailable"",""campaigns"":""observed"",""stock_status"":""observed"",""stock_signal"":""observed"",""rating"":""observed"",""rating_count"":""observed"",""review_count"":""unavailable"",""question_count"":""observed"",""delivery_summary"":""observed"",""shipping_cost"":""unavailable"",""properties"":""observed""}",true,
2026-08-18,2026-08-18T10:00:59+03:00,ev-yasam,BEST_SELLER,birlesik-ev-yasam,Trendyol seçili Ev & Yaşam kategorileri / En Çok Satan,166,7,166,166,3,12,33.4,14.1,898542774,180667,Nandy Home SmartDuo İki Bölmeli Çamaşır Sepeti 84Lt.,Nandy Home,,https://www.trendyol.com/nandy-home/smartduo-iki-bolmeli-camasir-sepeti-84lt-p-898542774?boutiqueId=61&merchantId=180667,Nandy Home,,1088.93,,,-1.5,TRY,"[""Kargo Bedava"",""Peşin Fiyatına 3 Taksit""]",InStock,100 adetten fazla stok sunulmuştur,Son 3 günde 250+ ürün satıldı!,250,4.5,3553,,0,173,"3,3B kişinin sepetinde","180,1B kişi favoriledi","Son 24 saatte 3,2B kişi görüntüledi",,,0,,,,13 saat 53 dakika içinde sipariş verirsen en geç yarın kargoda!,En Çok Ziyaret Edilen 2. Ürün,,{},0,,refreshed,"[""daily_top""]",true,2026-08-18T10:00:59+03:00,0,"[""search_result_dom"",""product_detail_jsonld"",""product_detail_dom""]","{""title"":""observed"",""brand"":""observed"",""seller_name"":""observed"",""seller_score"":""unavailable"",""price"":""observed"",""original_price"":""unavailable"",""campaigns"":""observed"",""stock_status"":""observed"",""stock_signal"":""observed"",""rating"":""observed"",""rating_count"":""observed"",""review_count"":""unavailable"",""question_count"":""observed"",""delivery_summary"":""observed"",""shipping_cost"":""unavailable"",""properties"":""observed""}",true,
2026-08-18,2026-08-18T10:00:59+03:00,ev-yasam,BEST_SELLER,birlesik-ev-yasam,Trendyol seçili Ev & Yaşam kategorileri / En Çok Satan,167,7,167,167,1,19,20.5,27,931853472,323773,Sarkap Hijyenik Paketli 10 adet Kavanoz Kapağı – Kırmızı Kalp Krem – 82 mm,Sarkap,Kavanoz,https://www.trendyol.com/sarkap/hijyenik-paketli-10-adet-kavanoz-kapagi-kirmizi-kalp-krem-82-mm-p-931853472?boutiqueId=61&merchantId=323773,SARKAP HOME,86,75,,,0,TRY,"[""Kargo Bedava""]",InStock,100 adetten fazla stok sunulmuştur,Son 3 günde 250+ ürün satıldı!,250,4.6,189,86,0,35,1B kişinin sepetinde,11B kişi favoriledi,Son 24 saatte 721 kişi görüntüledi,4999,TRY,0,1,1,3,Tahmini Teslim:,En Çok Satan 1. Ürün,https://cdn.dsmcdn.com/ty1914/prod/QC_ENRICHMENT/20260622/14/1c97b8ab-1da5-3a4b-8556-6a6ac137f04e/1_org_zoom.jpg,"{""Hacim"":""1 L"",""Materyal"":""Metal"",""Renk"":""Çok Renkli"",""Parça Sayısı"":""10'lu"",""Menşei"":""TR"",""Bakım Talimatları (Gıda Temas)"":""Ürünün kullanım ömrünü korumak için ürüne özel bakım talimatlarını takip ediniz.""}",20,5,refreshed,"[""daily_top""]",true,2026-08-18T10:00:59+03:00,0,"[""search_result_dom"",""product_detail_jsonld"",""product_detail_dom""]","{""title"":""observed"",""brand"":""observed"",""seller_name"":""observed"",""seller_score"":""observed"",""price"":""observed"",""original_price"":""unavailable"",""campaigns"":""observed"",""stock_status"":""observed"",""stock_signal"":""observed"",""rating"":""observed"",""rating_count"":""observed"",""review_count"":""observed"",""question_count"":""observed"",""delivery_summary"":""observed"",""shipping_cost"":""observed"",""properties"":""observed""}",true,
2026-08-18,2026-08-18T10:00:59+03:00,ev-yasam,BEST_SELLER,birlesik-ev-yasam,Trendyol seçili Ev & Yaşam kategorileri / En Çok Satan,168,7,168,168,1,,29.7,17.8,641723061,152546,ALTINPAMUK Candy Pofidik Arkalıklı Bej Sandalye Minderi Özel Dikişli Bağcıklı 43x88 Cm,ALTINPAMUK,,https://www.trendyol.com/altinpamuk/candy-pofidik-arkalikli-bej-sandalye-minderi-ozel-dikisli-bagcikli-43x88-cm-p-641723061?boutiqueId=61&merchantId=152546,altınpamuk,9,359,,,,TRY,"[""Sepette %1 İndirim"",""Kargo Bedava"",""Trendyol Plus'a Özel""]",InStock,100 adetten fazla stok sunulmuştur,Son 3 günde 250+ ürün satıldı!,250,4.5,1239,,,366,742 kişinin sepetinde,"43,2B kişi favoriledi",Son 24 saatte 1B kişi görüntüledi,,,0,,,,Tahmini Teslim:,En Çok Satan 1. Ürün,,{},0,,refreshed,"[""daily_top""]",true,2026-08-18T10:00:59+03:00,0,"[""search_result_dom"",""product_detail_jsonld"",""product_detail_dom""]","{""title"":""observed"",""brand"":""observed"",""seller_name"":""observed"",""seller_score"":""observed"",""price"":""observed"",""original_price"":""unavailable"",""campaigns"":""observed"",""stock_status"":""observed"",""stock_signal"":""observed"",""rating"":""observed"",""rating_count"":""observed"",""review_count"":""unavailable"",""question_count"":""observed"",""delivery_summary"":""observed"",""shipping_cost"":""unavailable"",""properties"":""observed""}",true,
2026-08-18,2026-08-18T10:00:59+03:00,ev-yasam,BEST_SELLER,birlesik-ev-yasam,Trendyol seçili Ev & Yaşam kategorileri / En Çok Satan,169,7,169,169,2,10,29.4,18.1,1047748911,231141,ATA HOME 4 Adet Yapışkanlı Banyo Ve Mutfak Askılık Kolay Montajlı Askı Banyo Düzenleyici Duvar Dolap Askısı,ATA HOME,,https://www.trendyol.com/ata-home/4-adet-yapiskanli-banyo-ve-mutfak-askilik-kolay-montajli-aski-banyo-duzenleyici-duvar-dolap-askisi-p-1047748911?boutiqueId=61&merchantId=231141,ATA HOME,4,154.4,,,0.3,TRY,"[""Kargo Bedava""]",InStock,100 adetten fazla stok sunulmuştur,Son 3 günde 250+ ürün satıldı!,250,4.1,1113,,0,60,"1,8B kişinin sepetinde","47,6B kişi favoriledi",Son 24 saatte 1B kişi görüntüledi,,,0,,,,3 saat 52 dakika içinde sipariş verirsen en geç bugün kargoda!,En Çok Ziyaret Edilen 6. Ürün,,{},0,,refreshed,"[""daily_top""]",true,2026-08-18T10:00:59+03:00,0,"[""search_result_dom"",""product_detail_jsonld"",""product_detail_dom""]","{""title"":""observed"",""brand"":""observed"",""seller_name"":""observed"",""seller_score"":""observed"",""price"":""observed"",""original_price"":""unavailable"",""campaigns"":""observed"",""stock_status"":""observed"",""stock_signal"":""observed"",""rating"":""observed"",""rating_count"":""observed"",""review_count"":""unavailable"",""question_count"":""observed"",""delivery_summary"":""observed"",""shipping_cost"":""unavailable"",""properties"":""observed""}",true,
2026-08-18,2026-08-18T10:00:59+03:00,ev-yasam,BEST_SELLER,birlesik-ev-yasam,Trendyol seçili Ev & Yaşam kategorileri / En Çok Satan,170,7,170,170,4,,83,14.5,364833417,675777,FİENS LÜKS İPEK BAMBU SOFT Şantuklu Ağır Gramajlı 1/3 Sık Pileli Tül Perde Ütüİstemez | En Çok Satılan,FİENS,,https://www.trendyol.com/fiens/luks-ipek-bambu-soft-santuklu-agir-gramajli-1-3-sik-pileli-tul-perde-utuistemez-en-cok-satilan-p-364833417?boutiqueId=61&merchantId=675777,FİENS İLKBİRLANT,9,0.01,0.02,50,,TRY,"[""Sepette %74 İndirim"",""100 TL Kupon"",""Süper Fırsat Ürünü"",""Kargo Bedava""]",InStock,Son 2 Ürün,Son 3 günde 250+ ürün satıldı!,250,4.6,3133,,,413,"2,2B kişinin sepetinde","40,8B kişi favoriledi","Son 24 saatte 1,6B kişi görüntüledi",,,0,,,,13 saat 52 dakika içinde sipariş verirsen en geç yarın kargoda!,En Çok Satan 4. Ürün,,{},0,,refreshed,"[""daily_top""]",true,2026-08-18T10:00:59+03:00,0,"[""search_result_dom"",""product_detail_jsonld"",""product_detail_dom""]","{""title"":""observed"",""brand"":""observed"",""seller_name"":""observed"",""seller_score"":""observed"",""price"":""observed"",""original_price"":""observed"",""campaigns"":""observed"",""stock_status"":""observed"",""stock_signal"":""observed"",""rating"":""observed"",""rating_count"":""observed"",""review_count"":""unavailable"",""question_count"":""observed"",""delivery_summary"":""observed"",""shipping_cost"":""unavailable"",""properties"":""observed""}",true,
2026-08-18,2026-08-18T10:00:59+03:00,ev-yasam,BEST_SELLER,birlesik-ev-yasam,Trendyol seçili Ev & Yaşam kategorileri / En Çok Satan,171,7,171,171,3,-150,32.2,15.3,956302339,556699,Genel Markalar Sevimli Kahve Köşesi 4’lü Biblo Seti Sorelis - Kahve Çekirdeği - Moka Pot - Kupa - Bardak Dekoratif,Genel Markalar,Dekoratif Obje Biblo,https://www.trendyol.com/genel-markalar/sevimli-kahve-kosesi-4-lu-biblo-seti-sorelis-kahve-cekirdegi-moka-pot-kupa-bardak-dekoratif-p-956302339?boutiqueId=61&merchantId=556699,Rubatrend Kozmetik,91,42,,,20.7,TRY,"[""Kargo Bedava""]",InStock,100 adetten fazla stok sunulmuştur,Son 3 günde 250+ ürün satıldı!,250,4.2,4517,2533,1,230,"1,9B kişinin sepetinde",166B kişi favoriledi,"Son 24 saatte 1,4B kişi görüntüledi",4999,TRY,0,1,1,3,13 saat 52 dakika içinde sipariş verirsen en geç yarın kargoda!,En Çok Satan 3. Ürün,https://cdn.dsmcdn.com/ty1934/prod/QC_ENRICHMENT/20260702/15/c32137e2-7696-3c09-bd71-8670833e0f28/1_org_zoom.jpg,"{""Materyal"":""Plastik"",""Renk"":""Siyah"",""Boyut/Ebat"":""Tek Ebat"",""Parça Sayısı"":""4"",""Tema / Stil"":""Modern"",""Menşei"":""TR""}",20,5,refreshed,"[""daily_top"",""hot_change""]",true,2026-08-18T10:00:59+03:00,0,"[""search_result_dom"",""product_detail_jsonld"",""product_detail_dom""]","{""title"":""observed"",""brand"":""observed"",""seller_name"":""observed"",""seller_score"":""observed"",""price"":""observed"",""original_price"":""unavailable"",""campaigns"":""observed"",""stock_status"":""observed"",""stock_signal"":""observed"",""rating"":""observed"",""rating_count"":""observed"",""review_count"":""observed"",""question_count"":""observed"",""delivery_summary"":""observed"",""shipping_cost"":""observed"",""properties"":""observed""}",true,
2026-08-18,2026-08-18T10:00:59+03:00,ev-yasam,BEST_SELLER,birlesik-ev-yasam,Trendyol seçili Ev & Yaşam kategorileri / En Çok Satan,172,7,172,172,7,-148,30.9,16.6,1044259056,438262,Rex Aksesuar 3’lü Hayalet Led Biblo Seti – Dekoratif Lamba| Okuyan – Kalpli – Balonlu Hayalet Masa Üstü Dekor,Rex Aksesuar,,https://www.trendyol.com/rex-aksesuar/3-lu-hayalet-led-biblo-seti-dekoratif-lamba-okuyan-kalpli-balonlu-hayalet-masa-ustu-dekor-p-1044259056?boutiqueId=61&merchantId=438262,Rex Aksesuar,94,199.99,,,0,TRY,"[""Kargo Bedava""]",InStock,100 adetten fazla stok sunulmuştur,Son 3 günde 250+ ürün satıldı!,250,4.1,1717,,0,147,"4,1B kişinin sepetinde",141B kişi favoriledi,"Son 24 saatte 3,6B kişi görüntüledi",,,0,,,,3 saat 52 dakika içinde sipariş verirsen en geç bugün kargoda!,En Çok Ziyaret Edilen 1. Ürün,,{},0,,refreshed,"[""daily_top"",""hot_change""]",true,2026-08-18T10:00:59+03:00,0,"[""search_result_dom"",""product_detail_jsonld"",""product_detail_dom""]","{""title"":""observed"",""brand"":""observed"",""seller_name"":""observed"",""seller_score"":""observed"",""price"":""observed"",""original_price"":""unavailable"",""campaigns"":""observed"",""stock_status"":""observed"",""stock_signal"":""observed"",""rating"":""observed"",""rating_count"":""observed"",""review_count"":""unavailable"",""question_count"":""observed"",""delivery_summary"":""observed"",""shipping_cost"":""unavailable"",""properties"":""observed""}",true,
2026-08-18,2026-08-18T10:00:59+03:00,ev-yasam,BEST_SELLER,birlesik-ev-yasam,Trendyol seçili Ev & Yaşam kategorileri / En Çok Satan,173,7,173,173,,2,41.1,12.7,58836675,106771,Yataş Handy 2'li Roll Pack Yastık Seti 50x70 cm,Yataş,Yastık,https://www.trendyol.com/yatas/handy-2-li-roll-pack-yastik-seti-50x70-cm-p-58836675?boutiqueId=61&merchantId=106771,Yataş,,449.9,479.9,6.3,-6.3,TRY,"[""Kargo Bedava"",""Son 10 Günün En Düşük Fiyatı"",""Son 10 günün en düşük fiyatı""]",InStock,100 adetten fazla stok sunulmuştur,Son 3 günde 250+ ürün satıldı!,250,4.5,9820,5377,-19,430,"1,7B kişinin sepetinde","123,9B kişi favoriledi",Son 24 saatte 1B kişi görüntüledi,4999,TRY,0,1,1,3,13 saat 52 dakika içinde sipariş verirsen en geç yarın kargoda!,,https://cdn.dsmcdn.com/ty1717/prod/QC_ENRICHMENT/20250728/15/3e8742ab-7d77-3435-a6a9-f44f2c346950/1_org_zoom.jpg,"{""Boyut/Ebat"":""50 x 70"",""Dış Materyal"":""Polyester"",""Dolgu Materyali"":""Elyaf"",""Renk"":""Beyaz"",""Özellik"":""Antibakteriyel"",""Ağırlık"":""500 - 649 gr"",""Materyal Bileşeni"":""100% Mikrofiber"",""Yıkama Talimatı"":""T44"",""Menşei"":""TR""}",20,5,refreshed,"[""daily_top""]",true,2026-08-18T10:00:59+03:00,0,"[""search_result_dom"",""product_detail_jsonld"",""product_detail_dom""]","{""title"":""observed"",""brand"":""observed"",""seller_name"":""observed"",""seller_score"":""unavailable"",""price"":""observed"",""original_price"":""observed"",""campaigns"":""observed"",""stock_status"":""observed"",""stock_signal"":""observed"",""rating"":""observed"",""rating_count"":""observed"",""review_count"":""observed"",""question_count"":""observed"",""delivery_summary"":""observed"",""shipping_cost"":""observed"",""properties"":""observed""}",true,
2026-08-18,2026-08-18T10:00:59+03:00,ev-yasam,BEST_SELLER,birlesik-ev-yasam,Trendyol seçili Ev & Yaşam kategorileri / En Çok Satan,174,7,174,174,,,26.5,21,1101256579,479640,"Higienox Olivia Träd Takı Standı, Takılık, Küpelik, Bileklik, Kolye Seti, Takı Dolabı Düzenleyici",Higienox,Makyaj Organizerı,https://www.trendyol.com/higienox/olivia-trad-taki-standi-takilik-kupelik-bileklik-kolye-seti-taki-dolabi-duzenleyici-p-1101256579?boutiqueId=61&merchantId=479640,Higienox,89,179.1,,,,TRY,"[""Kargo Bedava"",""Trendyol Plus'a Özel""]",InStock,100 adetten fazla stok sunulmuştur,Son 3 günde 250+ ürün satıldı!,250,4.1,833,481,,46,"4,7B kişinin sepetinde","88,7B kişi favoriledi","Son 24 saatte 3,1B kişi görüntüledi",4999,TRY,0,1,1,3,13 saat 52 dakika içinde sipariş verirsen en geç yarın kargoda!,En Çok Ziyaret Edilen 3. Ürün,https://cdn.dsmcdn.com/ty1835/prod/QC_ENRICHMENT/20260303/18/9e8a0766-98f9-32f6-a93b-65e2828ee9ee/1_org_zoom.jpg,"{""Parça Sayısı"":""2"",""Materyal"":""Plastik"",""Renk"":""Şeffaf"",""Menşei"":""TR"",""Bölme Sayısı"":""1""}",20,5,refreshed,"[""daily_top""]",true,2026-08-18T10:00:59+03:00,0,"[""search_result_dom"",""product_detail_jsonld"",""product_detail_dom""]","{""title"":""observed"",""brand"":""observed"",""seller_name"":""observed"",""seller_score"":""observed"",""price"":""observed"",""original_price"":""unavailable"",""campaigns"":""observed"",""stock_status"":""observed"",""stock_signal"":""observed"",""rating"":""observed"",""rating_count"":""observed"",""review_count"":""observed"",""question_count"":""observed"",""delivery_summary"":""observed"",""shipping_cost"":""observed"",""properties"":""observed""}",true,
2026-08-18,2026-08-18T10:00:59+03:00,ev-yasam,BEST_SELLER,birlesik-ev-yasam,Trendyol seçili Ev & Yaşam kategorileri / En Çok Satan,175,7,175,175,1,-37,28.7,21.6,1101032458,356254,Kiwi KCW-1224 Şarjlı Kablosuz Çırpıcı & Süt Köpürtücü | Paslanmaz Çelik Aparat & Type-C Şarj,Kiwi,Çırpıcı,https://www.trendyol.com/kiwi/kcw-1224-sarjli-kablosuz-cirpici-sut-kopurtucu-paslanmaz-celik-aparat-type-c-sarj-p-1101032458?boutiqueId=61&merchantId=356254,DoganBazaar,9,499,513.13,2.8,-5.7,TRY,"[""Kargo Bedava"",""Son 10 Günün En Düşük Fiyatı"",""Son 10 günün en düşük fiyatı""]",InStock,100 adetten fazla stok sunulmuştur,Son 3 günde 250+ ürün satıldı!,250,4.8,838,405,7,112,"2,8B kişinin sepetinde","58,5B kişi favoriledi","Son 24 saatte 1,3B kişi görüntüledi",4999,TRY,0,1,1,3,1 saat 52 dakika içinde sipariş verirsen en geç bugün kargoda!,En Çok Satan 1. Ürün,https://cdn.dsmcdn.com/ty1000329/product/media/images/prod/PIM/20260219/12/a384d4b0-a621-4850-9995-2c4b73d14a5e/1_org_zoom.jpg,"{""Materyal"":""Paslanmaz Çelik"",""Parça Sayısı"":""2"",""Menşei"":""TR"",""Bakım Talimatları (Gıda Temas)"":""Elde yıkanmalıdır."",""Gıda Temas Sembolü"":""Evet""}",20,5,refreshed,"[""daily_top""]",true,2026-08-18T10:00:59+03:00,0,"[""search_result_dom"",""product_detail_jsonld"",""product_detail_dom""]","{""title"":""observed"",""brand"":""observed"",""seller_name"":""observed"",""seller_score"":""observed"",""price"":""observed"",""original_price"":""observed"",""campaigns"":""observed"",""stock_status"":""observed"",""stock_signal"":""observed"",""rating"":""observed"",""rating_count"":""observed"",""review_count"":""observed"",""question_count"":""observed"",""delivery_summary"":""observed"",""shipping_cost"":""observed"",""properties"":""observed""}",true,
2026-08-18,2026-08-18T10:00:59+03:00,ev-yasam,BEST_SELLER,birlesik-ev-yasam,Trendyol seçili Ev & Yaşam kategorileri / En Çok Satan,176,7,176,176,14,-160,32.6,14.9,857639824,661551,Yapay Çiçek Deposu Yapay Çiçek Top Krizantem 7li Mini Kartopu Demeti 28 cm Beyaz,Yapay Çiçek Deposu,,https://www.trendyol.com/yapay-cicek-deposu/yapay-cicek-top-krizantem-7li-mini-kartopu-demeti-28-cm-beyaz-p-857639824?boutiqueId=61&merchantId=661551,Çiçekburada,93,189.9,,,0,TRY,"[""Kargo Bedava""]",InStock,100 adetten fazla stok sunulmuştur,Son 3 günde 250+ ürün satıldı!,250,4.4,2788,,0,223,"2,1B kişinin sepetinde","199,9B kişi favoriledi","Son 24 saatte 1,7B kişi görüntüledi",,,0,,,,1 saat 52 dakika içinde sipariş verirsen en geç bugün kargoda!,En Çok Favorilenen 4. Ürün,,{},0,,refreshed,"[""daily_top"",""hot_change""]",true,2026-08-18T10:00:59+03:00,0,"[""search_result_dom"",""product_detail_jsonld"",""product_detail_dom""]","{""title"":""observed"",""brand"":""observed"",""seller_name"":""observed"",""seller_score"":""observed"",""price"":""observed"",""original_price"":""unavailable"",""campaigns"":""observed"",""stock_status"":""observed"",""stock_signal"":""observed"",""rating"":""observed"",""rating_count"":""observed"",""review_count"":""unavailable"",""question_count"":""observed"",""delivery_summary"":""observed"",""shipping_cost"":""unavailable"",""properties"":""observed""}",true,
2026-08-18,2026-08-18T10:00:59+03:00,ev-yasam,BEST_SELLER,birlesik-ev-yasam,Trendyol seçili Ev & Yaşam kategorileri / En Çok Satan,177,7,177,177,2,-146,27.7,2.3,953196088,541829,Genel Markalar SAMDAN DAHİL DEĞİLDİR KOKULU ŞAMDAN MUM 3 ADET ŞAKAYIKLI ŞAMDAN MUM,Genel Markalar,,https://www.trendyol.com/genel-markalar/samdan-dahil-degildir-kokulu-samdan-mum-3-adet-sakayikli-samdan-mum-p-953196088?boutiqueId=61&merchantId=541829,QULİFE,82,155,,,10.5,TRY,"[""Kargo Bedava""]",InStock,100 adetten fazla stok sunulmuştur,,,4,2884,,-1868,433,3B kişinin sepetinde,"263,3B kişi favoriledi","Son 24 saatte 3,4B kişi görüntüledi",,,0,,,,1 saat 52 dakika içinde sipariş verirsen en geç bugün kargoda!,En Çok Favorilenen 1. Ürün,,{},0,,refreshed,"[""daily_top"",""hot_change""]",true,2026-08-18T10:00:59+03:00,0,"[""search_result_dom"",""product_detail_jsonld"",""product_detail_dom""]","{""title"":""observed"",""brand"":""observed"",""seller_name"":""observed"",""seller_score"":""observed"",""price"":""observed"",""original_price"":""unavailable"",""campaigns"":""observed"",""stock_status"":""observed"",""stock_signal"":""observed"",""rating"":""observed"",""rating_count"":""observed"",""review_count"":""unavailable"",""question_count"":""observed"",""delivery_summary"":""observed"",""shipping_cost"":""unavailable"",""properties"":""observed""}",true,
2026-08-18,2026-08-18T10:00:59+03:00,ev-yasam,BEST_SELLER,birlesik-ev-yasam,Trendyol seçili Ev & Yaşam kategorileri / En Çok Satan,178,7,178,178,1,-1,27.4,20.1,384037037,106777,Bella Maison Pamuklu Liberty Kurulama Bezi Seti 3'lü Bej (45x65 cm),Bella Maison,Mutfak Havlusu Kurulama Bezi,https://www.trendyol.com/bella-maison/pamuklu-liberty-kurulama-bezi-seti-3-lu-bej-45x65-cm-p-384037037?boutiqueId=61&merchantId=106777,Bella Maison,,176.28,,,0,TRY,"[""Kargo Bedava"",""Trendyol Plus'a Özel""]",InStock,100 adetten fazla stok sunulmuştur,Son 3 günde 250+ ürün satıldı!,250,4.7,1288,622,-1,11,"2,8B kişinin sepetinde","70,1B kişi favoriledi",Son 24 saatte 968 kişi görüntüledi,4999,TRY,0,,1,3,Tahmini Teslim:,En Çok Satan 1. Ürün,https://cdn.dsmcdn.com/ty1831/prod/QC_ENRICHMENT/20260228/19/600d9025-a8a5-3068-b8ae-f67cbcfbbf73/1_org_zoom.jpg,"{""Setli/Tekil"":""Setli Ürün"",""Boyut/Ebat"":""45 x 65"",""Renk"":""Bej"",""Materyal"":""Müslin"",""Parça Sayısı"":""3"",""Desen"":""Nakışlı / İşlemeli"",""Yıkama Talimatı"":""Type 1"",""Materyal Bileşeni"":""100% Pamuk"",""Menşei"":""TR""}",20,5,refreshed,"[""daily_top""]",true,2026-08-18T10:00:59+03:00,0,"[""search_result_dom"",""product_detail_jsonld"",""product_detail_dom""]","{""title"":""observed"",""brand"":""observed"",""seller_name"":""observed"",""seller_score"":""unavailable"",""price"":""observed"",""original_price"":""unavailable"",""campaigns"":""observed"",""stock_status"":""observed"",""stock_signal"":""observed"",""rating"":""observed"",""rating_count"":""observed"",""review_count"":""observed"",""question_count"":""observed"",""delivery_summary"":""observed"",""shipping_cost"":""observed"",""properties"":""observed""}",true,
2026-08-18,2026-08-18T10:00:59+03:00,ev-yasam,BEST_SELLER,birlesik-ev-yasam,Trendyol seçili Ev & Yaşam kategorileri / En Çok Satan,179,7,179,179,2,-172,16.1,13.9,948778067,106777,Bella Maison Rosy Örgü Amerikan Servis Kahverengi (35 cm),Bella Maison,Runner & Amerikan Servisi,https://www.trendyol.com/bella-maison/rosy-orgu-amerikan-servis-kahverengi-35-cm-p-948778067?boutiqueId=61&merchantId=106777,Bella Maison,,212.62,,,0,TRY,"[""Kargo Bedava"",""Trendyol Plus'a Özel""]",InStock,100 adetten fazla stok sunulmuştur,,,4.7,205,102,1,14,666 kişinin sepetinde,"41,3B kişi favoriledi","Son 24 saatte 1,1B kişi görüntüledi",4999,TRY,0,2,1,6,Tahmini Teslim:,En Çok Satan 2. Ürün,https://cdn.dsmcdn.com/ty1825/prod/QC_ENRICHMENT/20260213/12/f1ea9d80-e343-3b31-9ae6-752f5a4552de/1_org_zoom.jpg,"{""Boyut/Ebat"":""35 x 35"",""Şekil"":""Yuvarlak"",""Renk"":""Kahverengi"",""Materyal"":""Polipropilen"",""Parça Sayısı"":""1 Parça"",""Materyal Bileşeni"":""100% Polipropilen"",""Menşei"":""TR"",""Bakım Talimatları (Genel)"":""Ürünün kullanım ömrünü korumak için ürüne özel bakım talimatlarını takip ediniz.""}",20,5,refreshed,"[""daily_top"",""hot_change""]",true,2026-08-18T10:00:59+03:00,0,"[""search_result_dom"",""product_detail_jsonld"",""product_detail_dom""]","{""title"":""observed"",""brand"":""observed"",""seller_name"":""observed"",""seller_score"":""unavailable"",""price"":""observed"",""original_price"":""unavailable"",""campaigns"":""observed"",""stock_status"":""observed"",""stock_signal"":""observed"",""rating"":""observed"",""rating_count"":""observed"",""review_count"":""observed"",""question_count"":""observed"",""delivery_summary"":""observed"",""shipping_cost"":""observed"",""properties"":""observed""}",true,
2026-08-18,2026-08-18T10:00:59+03:00,ev-yasam,BEST_SELLER,birlesik-ev-yasam,Trendyol seçili Ev & Yaşam kategorileri / En Çok Satan,180,7,180,180,1,-11,25.6,21.9,944094852,137544,"Kitchen Beauty Tüm Lavabolara Uygun Paslanmaz Çelik Lavabo Süzgeci 7,5 Cm Evye Süzgeç",Kitchen Beauty,Süzgeç,https://www.trendyol.com/kitchen-beauty/tum-lavabolara-uygun-paslanmaz-celik-lavabo-suzgeci-7-5-cm-evye-suzgec-p-944094852?boutiqueId=61&merchantId=137544,Eymen Ticaret,89,49.98,,,0,TRY,"[""Kargo Bedava""]",InStock,100 adetten fazla stok sunulmuştur,Son 3 günde 250+ ürün satıldı!,250,4.4,814,374,3,46,927 kişinin sepetinde,"36,1B kişi favoriledi",Son 24 saatte 494 kişi görüntüledi,4999,TRY,0,,1,3,2 saat 52 dakika içinde sipariş verirsen en geç bugün kargoda!,En Çok Satan 1. Ürün,https://cdn.dsmcdn.com/ty1694/prod/QC_PREP/20250611/18/4c4c7472-dd9b-3977-9fe4-38996ae9d5bb/1_org_zoom.jpg,"{""Materyal"":""Paslanmaz Çelik"",""Parça Sayısı"":""1 Parça"",""Menşei"":""TR"",""Bakım Talimatları (Gıda Temas)"":""Ürünün kullanım ömrünü korumak için ürüne özel bakım talimatlarını takip ediniz.""}",20,5,refreshed,"[""daily_top""]",true,2026-08-18T10:00:59+03:00,0,"[""search_result_dom"",""product_detail_jsonld"",""product_detail_dom""]","{""title"":""observed"",""brand"":""observed"",""seller_name"":""observed"",""seller_score"":""observed"",""price"":""observed"",""original_price"":""unavailable"",""campaigns"":""observed"",""stock_status"":""observed"",""stock_signal"":""observed"",""rating"":""observed"",""rating_count"":""observed"",""review_count"":""observed"",""question_count"":""observed"",""delivery_summary"":""observed"",""shipping_cost"":""observed"",""properties"":""observed""}",true,
2026-08-18,2026-08-18T10:00:59+03:00,ev-yasam,BEST_SELLER,birlesik-ev-yasam,Trendyol seçili Ev & Yaşam kategorileri / En Çok Satan,181,7,181,181,3,-8,32,15.5,689251914,534748,"Ocean Home Textile 6'lı Bej Balıksırtı Valiz Düzenleyici Bavul Içi Organizer Set, Seyahat Hurcu",Ocean Home Textile,Bavul İçi Düzenleyici,https://www.trendyol.com/ocean-home-textile/6-li-bej-baliksirti-valiz-duzenleyici-bavul-ici-organizer-set-seyahat-hurcu-p-689251914?boutiqueId=61&merchantId=534748,Ocean Home Textile,6,418.95,,,38.5,TRY,"[""Sepette %10 İndirim"",""Kargo Bedava"",""Trendyol Plus'a Özel""]",InStock,100 adetten fazla stok sunulmuştur,Son 3 günde 250+ ürün satıldı!,250,4.7,4451,2359,-9,82,"2,2B kişinin sepetinde","193,4B kişi favoriledi","Son 24 saatte 1,3B kişi görüntüledi",4999,TRY,0,,1,3,1 saat 52 dakika içinde sipariş verirsen en geç bugün kargoda!,En Çok Satan 3. Ürün,https://cdn.dsmcdn.com/ty1505/product/media/images/prod/QC/20240827/08/82169b62-3cb0-35cf-8718-0289305ca18c/1_org_zoom.jpg,"{""Renk"":""Bej"",""Materyal Bileşeni"":""%100 Polipropilen"",""Menşei"":""TR""}",20,5,refreshed,"[""daily_top""]",true,2026-08-18T10:00:59+03:00,0,"[""search_result_dom"",""product_detail_jsonld"",""product_detail_dom""]","{""title"":""observed"",""brand"":""observed"",""seller_name"":""observed"",""seller_score"":""observed"",""price"":""observed"",""original_price"":""unavailable"",""campaigns"":""observed"",""stock_status"":""observed"",""stock_signal"":""observed"",""rating"":""observed"",""rating_count"":""observed"",""review_count"":""observed"",""question_count"":""observed"",""delivery_summary"":""observed"",""shipping_cost"":""observed"",""properties"":""observed""}",true,
2026-08-18,2026-08-18T10:00:59+03:00,ev-yasam,BEST_SELLER,birlesik-ev-yasam,Trendyol seçili Ev & Yaşam kategorileri / En Çok Satan,182,7,182,182,1,0,28.8,18.7,939834801,152772,"ESTİ 6 Adet - 4 Lt Çok Amaçlı Dolap Içi Düzenleyici Kutu | Buzdolabı, Mutfak, Banyo, Makyaj Saklama Kabı",ESTİ,,https://www.trendyol.com/esti/6-adet-4-lt-cok-amacli-dolap-ici-duzenleyici-kutu-buzdolabi-mutfak-banyo-makyaj-saklama-kabi-p-939834801?boutiqueId=61&merchantId=152772,ESTİ,6,289.9,,,0,TRY,"[""Kargo Bedava"",""Trendyol Plus'a Özel""]",InStock,100 adetten fazla stok sunulmuştur,Son 3 günde 250+ ürün satıldı!,250,4.1,950,,0,57,"2,4B kişinin sepetinde","54,2B kişi favoriledi","Son 24 saatte 1,4B kişi görüntüledi",,,0,,,,13 saat 52 dakika içinde sipariş verirsen en geç yarın kargoda!,En Çok Satan 1. Ürün,,{},0,,refreshed,"[""daily_top""]",true,2026-08-18T10:00:59+03:00,0,"[""search_result_dom"",""product_detail_jsonld"",""product_detail_dom""]","{""title"":""observed"",""brand"":""observed"",""seller_name"":""observed"",""seller_score"":""observed"",""price"":""observed"",""original_price"":""unavailable"",""campaigns"":""observed"",""stock_status"":""observed"",""stock_signal"":""observed"",""rating"":""observed"",""rating_count"":""observed"",""review_count"":""unavailable"",""question_count"":""observed"",""delivery_summary"":""observed"",""shipping_cost"":""unavailable"",""properties"":""observed""}",true,
2026-08-18,2026-08-18T10:00:59+03:00,ev-yasam,BEST_SELLER,birlesik-ev-yasam,Trendyol seçili Ev & Yaşam kategorileri / En Çok Satan,183,7,183,183,4,-157,19.3,10.7,1151039374,675708,OVERMAX Rustik Halat Tasarımlı Minyatür Abajur / Masa Üstü Dekor Lambası 17x6 CM,OVERMAX,,https://www.trendyol.com/overmax/rustik-halat-tasarimli-minyatur-abajur-masa-ustu-dekor-lambasi-17x6-cm-p-1151039374?boutiqueId=61&merchantId=675708,Past Store,96,74.99,,,0,TRY,"[""Kargo Bedava""]",InStock,100 adetten fazla stok sunulmuştur,,,4.2,254,,0,47,"2,6B kişinin sepetinde","30,8B kişi favoriledi","Son 24 saatte 2,3B kişi görüntüledi",,,0,,,,6 saat 52 dakika içinde sipariş verirsen en geç bugün kargoda!,En Çok Satan 4. Ürün,,{},0,,refreshed,"[""daily_top"",""hot_change""]",true,2026-08-18T10:00:59+03:00,0,"[""search_result_dom"",""product_detail_jsonld"",""product_detail_dom""]","{""title"":""observed"",""brand"":""observed"",""seller_name"":""observed"",""seller_score"":""observed"",""price"":""observed"",""original_price"":""unavailable"",""campaigns"":""observed"",""stock_status"":""observed"",""stock_signal"":""observed"",""rating"":""observed"",""rating_count"":""observed"",""review_count"":""unavailable"",""question_count"":""observed"",""delivery_summary"":""observed"",""shipping_cost"":""unavailable"",""properties"":""observed""}",true,
2026-08-18,2026-08-18T10:00:59+03:00,ev-yasam,BEST_SELLER,birlesik-ev-yasam,Trendyol seçili Ev & Yaşam kategorileri / En Çok Satan,184,7,184,184,6,-169,29.8,0.2,939718795,311492,KAMİZ Fırfırlı Keten Runner & 6'lı Fıfırlı Supla Seti - 7 Parça Çeyiz Seti,KAMİZ,,https://www.trendyol.com/kamiz/firfirli-keten-runner-6-li-fifirli-supla-seti-7-parca-ceyiz-seti-p-939718795?boutiqueId=61&merchantId=311492,KAMİZ,,339.9,,,0,TRY,"[""Kargo Bedava"",""Trendyol Plus'a Özel""]",InStock,100 adetten fazla stok sunulmuştur,,,4.3,5378,,0,343,"4,9B kişinin sepetinde","417,5B kişi favoriledi","Son 24 saatte 3,1B kişi görüntüledi",,,0,,,,1 saat 52 dakika içinde sipariş verirsen en geç bugün kargoda!,En Çok Ziyaret Edilen 1. Ürün,,{},0,,refreshed,"[""daily_top"",""hot_change""]",true,2026-08-18T10:00:59+03:00,0,"[""search_result_dom"",""product_detail_jsonld"",""product_detail_dom""]","{""title"":""observed"",""brand"":""observed"",""seller_name"":""observed"",""seller_score"":""unavailable"",""price"":""observed"",""original_price"":""unavailable"",""campaigns"":""observed"",""stock_status"":""observed"",""stock_signal"":""observed"",""rating"":""observed"",""rating_count"":""observed"",""review_count"":""unavailable"",""question_count"":""observed"",""delivery_summary"":""observed"",""shipping_cost"":""unavailable"",""properties"":""observed""}",true,
2026-08-18,2026-08-18T10:00:59+03:00,ev-yasam,BEST_SELLER,birlesik-ev-yasam,Trendyol seçili Ev & Yaşam kategorileri / En Çok Satan,185,7,185,185,,-5,23.2,6.8,1051805192,737675,SUPERPUP STREÇ FOLYO RULO ORGANİZERİ 3 KATLI DÜZENLEYİCİ YAPIŞKANLI SAKLAMA KABI HEDİYELİ,SUPERPUP,Düzenleyici,https://www.trendyol.com/superpup/strec-folyo-rulo-organizeri-3-katli-duzenleyici-yapiskanli-saklama-kabi-hediyeli-p-1051805192?boutiqueId=61&merchantId=737675,SUPERPUP,,74.99,,,5.3,TRY,"[""Kargo Bedava""]",InStock,100 adetten fazla stok sunulmuştur,,,4.4,1640,785,4,59,"2,1B kişinin sepetinde","148,1B kişi favoriledi",Son 24 saatte 891 kişi görüntüledi,4999,TRY,0,1,1,3,13 saat 52 dakika içinde sipariş verirsen en geç yarın kargoda!,En Çok Favorilenen 1. Ürün,https://cdn.dsmcdn.com/ty1861/prod/QC_ENRICHMENT/20260427/18/08d7853a-77a2-383e-bfe4-cca4ab59dce5/1_org_zoom.jpg,"{""Parça Sayısı"":""2"",""Materyal"":""Plastik"",""Menşei"":""TR"",""Bakım Talimatları (Genel)"":""Nemli bir bezle silin."",""Renk"":""Beyaz""}",20,5,refreshed,"[""daily_top""]",true,2026-08-18T10:00:59+03:00,0,"[""search_result_dom"",""product_detail_jsonld"",""product_detail_dom""]","{""title"":""observed"",""brand"":""observed"",""seller_name"":""observed"",""seller_score"":""unavailable"",""price"":""observed"",""original_price"":""unavailable"",""campaigns"":""observed"",""stock_status"":""observed"",""stock_signal"":""observed"",""rating"":""observed"",""rating_count"":""observed"",""review_count"":""observed"",""question_count"":""observed"",""delivery_summary"":""observed"",""shipping_cost"":""observed"",""properties"":""observed""}",true,
2026-08-18,2026-08-18T10:00:59+03:00,ev-yasam,BEST_SELLER,birlesik-ev-yasam,Trendyol seçili Ev & Yaşam kategorileri / En Çok Satan,186,7,186,186,2,-177,25.5,4.5,1062650616,1156838,"MERAM PRİNT Modern Kıvrımlı 3'lü Dekoratif Vazo Seti – Seramik Görünümlü Mat Doku, Ev Dekorasyon",MERAM PRİNT,Vazo,https://www.trendyol.com/meram-print/modern-kivrimli-3-lu-dekoratif-vazo-seti-seramik-gorunumlu-mat-doku-ev-dekorasyon-p-1062650616?boutiqueId=61&merchantId=1156838,MERAM PRİNT,95,174,,,0,TRY,"[""Kargo Bedava"",""Trendyol Plus'a Özel""]",InStock,100 adetten fazla stok sunulmuştur,,,4.5,2242,1527,1,127,"2,2B kişinin sepetinde","157,3B kişi favoriledi","Son 24 saatte 1,9B kişi görüntüledi",4999,TRY,0,1,1,3,13 saat 52 dakika içinde sipariş verirsen en geç yarın kargoda!,En Çok Satan 2. Ürün,https://cdn.dsmcdn.com/ty1841/prod/QC_ENRICHMENT/20260318/16/ef30b97a-a5d1-30f1-92a7-8abeea78114c/1_org_zoom.jpg,"{""Renk"":""Beyaz"",""Materyal"":""Alçı"",""Parça Sayısı"":""2"",""Menşei"":""TR""}",20,5,refreshed,"[""daily_top"",""hot_change""]",true,2026-08-18T10:00:59+03:00,0,"[""search_result_dom"",""product_detail_jsonld"",""product_detail_dom""]","{""title"":""observed"",""brand"":""observed"",""seller_name"":""observed"",""seller_score"":""observed"",""price"":""observed"",""original_price"":""unavailable"",""campaigns"":""observed"",""stock_status"":""observed"",""stock_signal"":""observed"",""rating"":""observed"",""rating_count"":""observed"",""review_count"":""observed"",""question_count"":""observed"",""delivery_summary"":""observed"",""shipping_cost"":""observed"",""properties"":""observed""}",true,
2026-08-18,2026-08-18T10:00:59+03:00,ev-yasam,BEST_SELLER,birlesik-ev-yasam,Trendyol seçili Ev & Yaşam kategorileri / En Çok Satan,187,7,187,187,2,-170,24.7,6.3,1071649433,797678,OTEXSA Kabartmalı Dokulu 2'li Kırlent Kılıfı Krem Dekoratif Modern Koltuk ve Kanepe Yastık Kılıfı,OTEXSA,,https://www.trendyol.com/otexsa/kabartmali-dokulu-2-li-kirlent-kilifi-krem-dekoratif-modern-koltuk-ve-kanepe-yastik-kilifi-p-1071649433?boutiqueId=61&merchantId=797678,OTEXSA,95,267.2,269.9,1,35,TRY,"[""Sepette %1 İndirim"",""Kargo Bedava"",""Trendyol Plus'a Özel""]",InStock,100 adetten fazla stok sunulmuştur,,,4.4,914,,0,124,"2,4B kişinin sepetinde","92,9B kişi favoriledi",Son 24 saatte 2B kişi görüntüledi,,,0,,,,3 saat 52 dakika içinde sipariş verirsen en geç bugün kargoda!,En Çok Satan 2. Ürün,,{},0,,refreshed,"[""daily_top"",""hot_change""]",true,2026-08-18T10:00:59+03:00,0,"[""search_result_dom"",""product_detail_jsonld"",""product_detail_dom""]","{""title"":""observed"",""brand"":""observed"",""seller_name"":""observed"",""seller_score"":""observed"",""price"":""observed"",""original_price"":""observed"",""campaigns"":""observed"",""stock_status"":""observed"",""stock_signal"":""observed"",""rating"":""observed"",""rating_count"":""observed"",""review_count"":""unavailable"",""question_count"":""observed"",""delivery_summary"":""observed"",""shipping_cost"":""unavailable"",""properties"":""observed""}",true,
2026-08-18,2026-08-18T10:00:59+03:00,ev-yasam,BEST_SELLER,birlesik-ev-yasam,Trendyol seçili Ev & Yaşam kategorileri / En Çok Satan,188,7,188,188,2,,27.3,2.7,848128224,152772,ESTİ 12 Adet - Ahşap Görünümlü Elbise Ve Kıyafet Askısı Ahşap Renk,ESTİ,,https://www.trendyol.com/esti/12-adet-ahsap-gorunumlu-elbise-ve-kiyafet-askisi-ahsap-renk-p-848128224?boutiqueId=61&merchantId=152772,ESTİ,12,289.99,,,,TRY,"[""Kargo Bedava"",""Trendyol Plus'a Özel""]",InStock,100 adetten fazla stok sunulmuştur,,,4.4,2580,,,97,927 kişinin sepetinde,"77,5B kişi favoriledi",Son 24 saatte 639 kişi görüntüledi,,,0,,,,13 saat 52 dakika içinde sipariş verirsen en geç yarın kargoda!,,,{},0,,refreshed,"[""daily_top""]",true,2026-08-18T10:00:59+03:00,0,"[""search_result_dom"",""product_detail_jsonld"",""product_detail_dom""]","{""title"":""observed"",""brand"":""observed"",""seller_name"":""observed"",""seller_score"":""observed"",""price"":""observed"",""original_price"":""unavailable"",""campaigns"":""observed"",""stock_status"":""observed"",""stock_signal"":""observed"",""rating"":""observed"",""rating_count"":""observed"",""review_count"":""unavailable"",""question_count"":""observed"",""delivery_summary"":""observed"",""shipping_cost"":""unavailable"",""properties"":""observed""}",true,
2026-08-18,2026-08-18T10:00:59+03:00,ev-yasam,BEST_SELLER,birlesik-ev-yasam,Trendyol seçili Ev & Yaşam kategorileri / En Çok Satan,189,7,189,189,8,-9,17.1,12.9,778559577,380979,AYGÖREN HOME Paspas Süpürge Fırça Ve Mop Askısı Sap Tutucu Mutfak Banyo Askı,AYGÖREN HOME,Banyo Askısı,https://www.trendyol.com/aygoren-home/paspas-supurge-firca-ve-mop-askisi-sap-tutucu-mutfak-banyo-aski-p-778559577?boutiqueId=61&merchantId=380979,Mutlu Pastacılık ve Malzemeleri,89,18.67,,,2,TRY,"[""Kargo Bedava""]",InStock,100 adetten fazla stok sunulmuştur,,,3.6,337,138,0,9,716 kişinin sepetinde,"16,8B kişi favoriledi",,4999,TRY,0,,1,3,52 dakika 29 saniye içinde sipariş verirsen en geç bugün kargoda!,En Çok Satan 8. Ürün,https://cdn.dsmcdn.com/ty1036/product/media/images/prod/SPM/PIM/20231108/23/37ae16d6-0158-3096-917f-4dac025b6888/1_org_zoom.jpg,"{""Renk"":""Gri"",""Menşei"":""CN"",""Bakım Talimatları (Genel)"":""Ürünün kullanım ömrünü korumak için ürüne özel bakım talimatlarını takip ediniz.""}",20,5,refreshed,"[""daily_top""]",true,2026-08-18T10:00:59+03:00,0,"[""search_result_dom"",""product_detail_jsonld"",""product_detail_dom""]","{""title"":""observed"",""brand"":""observed"",""seller_name"":""observed"",""seller_score"":""observed"",""price"":""observed"",""original_price"":""unavailable"",""campaigns"":""observed"",""stock_status"":""observed"",""stock_signal"":""observed"",""rating"":""observed"",""rating_count"":""observed"",""review_count"":""observed"",""question_count"":""observed"",""delivery_summary"":""observed"",""shipping_cost"":""observed"",""properties"":""observed""}",true,
2026-08-18,2026-08-18T10:00:59+03:00,ev-yasam,BEST_SELLER,birlesik-ev-yasam,Trendyol seçili Ev & Yaşam kategorileri / En Çok Satan,190,7,190,190,1,,19.2,10.8,376990690,779,She Berrak Fermuarlı Dayanıklı Ayakkabı Yıkama Filesi,She Berrak,Çamaşır Yıkama Topu & Filesi,https://www.trendyol.com/she-berrak/fermuarli-dayanikli-ayakkabi-yikama-filesi-p-376990690?boutiqueId=61&merchantId=779,She Berrak,,71.15,,,,TRY,"[""Kargo Bedava"",""Trendyol Plus'a Özel""]",InStock,100 adetten fazla stok sunulmuştur,,,4.5,590,248,,23,412 kişinin sepetinde,11B kişi favoriledi,,4999,TRY,0,,1,3,1 saat 52 dakika içinde sipariş verirsen en geç bugün kargoda!,En Çok Satan 1. Ürün,https://cdn.dsmcdn.com/ty1822/prod/QC_ENRICHMENT/20260210/11/d979fb29-e701-32c0-b19c-2fcf1e9d60bf/1_org_zoom.jpg,"{""Hacim"":""Orta (26-50 çap)"",""Ürün Tipi"":""Ayakkabı Filesi"",""Materyal Bileşeni"":""%100 Polyester"",""Menşei"":""TR"",""Renk"":""Beyaz""}",20,5,refreshed,"[""daily_top""]",true,2026-08-18T10:00:59+03:00,0,"[""search_result_dom"",""product_detail_jsonld"",""product_detail_dom""]","{""title"":""observed"",""brand"":""observed"",""seller_name"":""observed"",""seller_score"":""unavailable"",""price"":""observed"",""original_price"":""unavailable"",""campaigns"":""observed"",""stock_status"":""observed"",""stock_signal"":""observed"",""rating"":""observed"",""rating_count"":""observed"",""review_count"":""observed"",""question_count"":""observed"",""delivery_summary"":""observed"",""shipping_cost"":""observed"",""properties"":""observed""}",true,
2026-08-18,2026-08-18T10:00:59+03:00,ev-yasam,BEST_SELLER,birlesik-ev-yasam,Trendyol seçili Ev & Yaşam kategorileri / En Çok Satan,191,7,191,191,,-10,26,4,149011157,1155941,Genel Markalar Plastik Askılı Dolap Düzenleyici Dolap Içi Askılı Düzenleyici Beyaz,Genel Markalar,Dolap İçi Düzenleyici,https://www.trendyol.com/genel-markalar/plastik-askili-dolap-duzenleyici-dolap-ici-askili-duzenleyici-beyaz-p-149011157?boutiqueId=61&merchantId=1155941,TİDY HOME,94,75,,,0,TRY,"[""Kargo Bedava"",""Trendyol Plus'a Özel""]",InStock,100 adetten fazla stok sunulmuştur,,,4.1,3399,1802,11,117,"1,3B kişinin sepetinde","83,6B kişi favoriledi",Son 24 saatte 563 kişi görüntüledi,4999,TRY,0,1,1,3,1 saat 52 dakika içinde sipariş verirsen en geç bugün kargoda!,,https://cdn.dsmcdn.com/ty1704/prod/QC_ENRICHMENT/20250707/20/73f00bfe-0c5d-30e3-9239-6162794dc3e2/1_org_zoom.jpg,"{""Parça Sayısı"":""1"",""Materyal"":""Plastik"",""Boyut/Ebat"":""35 x 50"",""Renk"":""Gri"",""Materyal Bileşeni"":""%100 Plastik"",""Menşei"":""TR""}",20,5,refreshed,"[""daily_top""]",true,2026-08-18T10:00:59+03:00,0,"[""search_result_dom"",""product_detail_jsonld"",""product_detail_dom""]","{""title"":""observed"",""brand"":""observed"",""seller_name"":""observed"",""seller_score"":""observed"",""price"":""observed"",""original_price"":""unavailable"",""campaigns"":""observed"",""stock_status"":""observed"",""stock_signal"":""observed"",""rating"":""observed"",""rating_count"":""observed"",""review_count"":""observed"",""question_count"":""observed"",""delivery_summary"":""observed"",""shipping_cost"":""observed"",""properties"":""observed""}",true,
2026-08-18,2026-08-18T10:00:59+03:00,ev-yasam,BEST_SELLER,birlesik-ev-yasam,Trendyol seçili Ev & Yaşam kategorileri / En Çok Satan,192,7,192,192,1,-182,22.2,7.8,940339790,1081234,bituclass BİTUCLASS KİTAPLIK ORGANISER AYAKKABILIK ÇOK AMAÇLI RAF,bituclass,Kitaplık,https://www.trendyol.com/bituclass/bituclass-kitaplik-organiser-ayakkabilik-cok-amacli-raf-p-940339790?boutiqueId=61&merchantId=1081234,Bituclass,91,349,,,0,TRY,"[""Kargo Bedava""]",InStock,100 adetten fazla stok sunulmuştur,,,3.5,1036,596,3,186,"2,9B kişinin sepetinde","57,8B kişi favoriledi","Son 24 saatte 3,2B kişi görüntüledi",4999,TRY,0,,1,3,1 saat 52 dakika içinde sipariş verirsen en geç bugün kargoda!,En Çok Satan 1. Ürün,https://cdn.dsmcdn.com/ty1688/prod/QC_ENRICHMENT/20250530/15/39912e9a-0dbf-3edd-a7b7-4259cf1f258e/1_org_zoom.jpg,"{""Tip"":""Klasik"",""Materyal"":""MDF"",""Renk"":""Siyah"",""Yükseklik"":""126 cm"",""Genişlik"":""46 cm"",""Derinlik"":""18 cm"",""Raf Sayısı"":""1"",""Gövde Materyali"":""Plastik"",""Stil"":""İskandinav"",""Tema / Stil"":""İskandinav"",""Menşei"":""TR"",""Özellik"":""Uzun""}",20,5,refreshed,"[""daily_top"",""hot_change""]",true,2026-08-18T10:00:59+03:00,0,"[""search_result_dom"",""product_detail_jsonld"",""product_detail_dom""]","{""title"":""observed"",""brand"":""observed"",""seller_name"":""observed"",""seller_score"":""observed"",""price"":""observed"",""original_price"":""unavailable"",""campaigns"":""observed"",""stock_status"":""observed"",""stock_signal"":""observed"",""rating"":""observed"",""rating_count"":""observed"",""review_count"":""observed"",""question_count"":""observed"",""delivery_summary"":""observed"",""shipping_cost"":""observed"",""properties"":""observed""}",true,
2026-08-18,2026-08-18T10:00:59+03:00,ev-yasam,BEST_SELLER,ev-dekorasyon,ev dekorasyon,1,2,193,193,6,-174,19,11,1097414898,661551,Yapay Çiçek Deposu Yapay Olivea Zeytin Dalı Demeti 45 cm,Yapay Çiçek Deposu,Yapay Çiçek,https://www.trendyol.com/yapay-cicek-deposu/yapay-olivea-zeytin-dali-demeti-45-cm-p-1097414898?boutiqueId=61&merchantId=661551,Çiçekburada,93,199.98,,,0,TRY,"[""Kargo Bedava""]",InStock,100 adetten fazla stok sunulmuştur,,,4.4,420,239,3,36,"1,9B kişinin sepetinde","46,3B kişi favoriledi","Son 24 saatte 2,1B kişi görüntüledi",4999,TRY,0,,1,3,1 saat 52 dakika içinde sipariş verirsen en geç bugün kargoda!,En Çok Satan 6. Ürün,https://cdn.dsmcdn.com/ty1821/prod/QC_PREP/20260205/15/8a7a0ca0-4206-3748-b784-697429daa557/1_org_zoom.jpg,"{""Renk"":""Yeşil"",""Yükseklik"":""31 - 45 cm"",""Çiçek Türü"":""Demet"",""Menşei"":""CN""}",20,5,refreshed,"[""daily_top"",""hot_change""]",true,2026-08-18T10:00:59+03:00,0,"[""search_result_dom"",""product_detail_jsonld"",""product_detail_dom""]","{""title"":""observed"",""brand"":""observed"",""seller_name"":""observed"",""seller_score"":""observed"",""price"":""observed"",""original_price"":""unavailable"",""campaigns"":""observed"",""stock_status"":""observed"",""stock_signal"":""observed"",""rating"":""observed"",""rating_count"":""observed"",""review_count"":""observed"",""question_count"":""observed"",""delivery_summary"":""observed"",""shipping_cost"":""observed"",""properties"":""observed""}",true,
2026-08-18,2026-08-18T10:00:59+03:00,ev-yasam,BEST_SELLER,ev-dekorasyon,ev dekorasyon,2,2,194,194,2,-145,19.1,10.9,740320194,982117,Genel Markalar Iskandinav Duvar Çıtası 1 Paket 5 Adet 100x8cm | Boyanabilir Duvar Çıtası-İbefer | Lambri,Genel Markalar,Duvar Dekorasyon Ürünü,https://www.trendyol.com/genel-markalar/iskandinav-duvar-citasi-1-paket-5-adet-100x8cm-boyanabilir-duvar-citasi-ibefer-lambri-p-740320194?boutiqueId=61&merchantId=982117,WoodArtDesign,88,94.14,,,18.6,TRY,"[""Kargo Bedava""]",InStock,100 adetten fazla stok sunulmuştur,,,4.3,397,243,2,665,,"25,4B kişi favoriledi",Son 24 saatte 695 kişi görüntüledi,4999,TRY,0,2,1,6,13 saat 52 dakika içinde sipariş verirsen en geç yarın kargoda!,En Çok Satan 2. Ürün,https://cdn.dsmcdn.com/ty1730/prod/QC_ENRICHMENT/20250820/10/e9a267dd-3a0c-3d90-bc71-b1f3727d1f88/1_org_zoom.jpg,"{""Renk"":""Kahverengi"",""Materyal"":""Ahşap"",""Tema / Stil"":""İskandinav"",""Parça Sayısı"":""5"",""Menşei"":""TR""}",20,5,refreshed,"[""daily_top"",""hot_change""]",true,2026-08-18T10:00:59+03:00,0,"[""search_result_dom"",""product_detail_jsonld"",""product_detail_dom""]","{""title"":""observed"",""brand"":""observed"",""seller_name"":""observed"",""seller_score"":""observed"",""price"":""observed"",""original_price"":""unavailable"",""campaigns"":""observed"",""stock_status"":""observed"",""stock_signal"":""observed"",""rating"":""observed"",""rating_count"":""observed"",""review_count"":""observed"",""question_count"":""observed"",""delivery_summary"":""observed"",""shipping_cost"":""observed"",""properties"":""observed""}",true,
2026-08-18,2026-08-18T10:00:59+03:00,ev-yasam,BEST_SELLER,ev-dekorasyon,ev dekorasyon,3,2,195,195,4,-168,14.5,15.5,1147234666,797678,OTEXSA Püsküllü Bohem Üçgen Runner Kare Dokulu Dekoratif Masa Örtüsü Ekru,OTEXSA,Runner & Amerikan Servisi,https://www.trendyol.com/otexsa/puskullu-bohem-ucgen-runner-kare-dokulu-dekoratif-masa-ortusu-ekru-p-1147234666?boutiqueId=61&merchantId=797678,OTEXSA,95,166.37,,,21.4,TRY,"[""Sepette %1 İndirim"",""Kargo Bedava"",""Trendyol Plus'a Özel""]",InStock,100 adetten fazla stok sunulmuştur,,,4.6,133,64,3,5,"2,1B kişinin sepetinde","14,5B kişi favoriledi","Son 24 saatte 1,8B kişi görüntüledi",4999,TRY,0,,1,3,3 saat 52 dakika içinde sipariş verirsen en geç bugün kargoda!,En Çok Satan 4. Ürün,https://cdn.dsmcdn.com/ty1931/prod/QC_ENRICHMENT/20260607/17/84b951b0-5a5b-3585-ba0b-ade169123c19/1_org_zoom.jpg,"{""Boyut/Ebat"":""40 x 110"",""Şekil"":""Oval"",""Renk"":""Ekru"",""Materyal"":""Pamuklu"",""Parça Sayısı"":""1"",""Materyal Bileşeni"":""%100 Pamuk"",""Menşei"":""TR"",""Bakım Talimatları (Genel)"":""Ürünün kullanım ömrünü korumak için ürüne özel bakım talimatlarını takip ediniz.""}",20,5,refreshed,"[""daily_top"",""hot_change""]",true,2026-08-18T10:00:59+03:00,0,"[""search_result_dom"",""product_detail_jsonld"",""product_detail_dom""]","{""title"":""observed"",""brand"":""observed"",""seller_name"":""observed"",""seller_score"":""observed"",""price"":""observed"",""original_price"":""unavailable"",""campaigns"":""observed"",""stock_status"":""observed"",""stock_signal"":""observed"",""rating"":""observed"",""rating_count"":""observed"",""review_count"":""observed"",""question_count"":""observed"",""delivery_summary"":""observed"",""shipping_cost"":""observed"",""properties"":""observed""}",true,
2026-08-18,2026-08-18T10:00:59+03:00,ev-yasam,BEST_SELLER,ev-dekorasyon,ev dekorasyon,4,2,196,196,1,-174,21.3,8.7,757506433,193645,DECOMALL Tek Parça Beyaz Folyo Kaplamayapışkanlı Mutfak Dolapı Mobilya Kaplama Fayans Kaplama,DECOMALL,Yapışkanlı Folyo,https://www.trendyol.com/decomall/tek-parca-beyaz-folyo-kaplamayapiskanli-mutfak-dolapi-mobilya-kaplama-fayans-kaplama-p-757506433?boutiqueId=61&merchantId=193645,DECOMALL,91,96.6,,,0,TRY,"[""Kargo Bedava""]",InStock,100 adetten fazla stok sunulmuştur,,,3.9,855,454,0,1981,902 kişinin sepetinde,38B kişi favoriledi,Son 24 saatte 1B kişi görüntüledi,4999,TRY,0,1,1,3,13 saat 52 dakika içinde sipariş verirsen en geç yarın kargoda!,En Çok Satan 1. Ürün,https://cdn.dsmcdn.com/ty994/product/media/images/prod/SPM/PIM/20230902/01/cec67272-4126-3190-b534-907ded55dcb9/1_org_zoom.jpg,"{""Renk"":""Beyaz"",""Menşei"":""TR""}",20,5,refreshed,"[""daily_top"",""hot_change""]",true,2026-08-18T10:00:59+03:00,0,"[""search_result_dom"",""product_detail_jsonld"",""product_detail_dom""]","{""title"":""observed"",""brand"":""observed"",""seller_name"":""observed"",""seller_score"":""observed"",""price"":""observed"",""original_price"":""unavailable"",""campaigns"":""observed"",""stock_status"":""observed"",""stock_signal"":""observed"",""rating"":""observed"",""rating_count"":""observed"",""review_count"":""observed"",""question_count"":""observed"",""delivery_summary"":""observed"",""shipping_cost"":""observed"",""properties"":""observed""}",true,
2026-08-18,2026-08-18T10:00:59+03:00,ev-yasam,BEST_SELLER,ev-dekorasyon,ev dekorasyon,5,2,197,197,4,-177,32.1,15.4,50446168,165535,EFFE YAPI DEKOR Siyah Metal Çerçeveli Ayaklı Oval Boy Aynası 180x60 Cm,EFFE YAPI DEKOR,Ayna,https://www.trendyol.com/effe-yapi-dekor/siyah-metal-cerceveli-ayakli-oval-boy-aynasi-180x60-cm-p-50446168?boutiqueId=61&merchantId=165535,Effe Yapi Dekor,85,1550,,,0,TRY,"[""Kargo Bedava"",""Peşin Fiyatına 3 Taksit""]",InStock,100 adetten fazla stok sunulmuştur,Son 3 günde 250+ ürün satıldı!,250,4.7,4440,2473,3,377,"3,6B kişinin sepetinde","151,7B kişi favoriledi","Son 24 saatte 2,7B kişi görüntüledi",4999,TRY,0,11,1,15,Tahmini Teslim:,En Çok Satan 4. Ürün,https://cdn.dsmcdn.com/ty1612/prod/QC/20241209/11/d44f3397-a651-3bc6-81a9-a6f33c85955c/1_org_zoom.jpg,"{""Materyal"":""Metal"",""Renk"":""Siyah"",""Şekil"":""Oval"",""Çeşit"":""Ayaklı Boy Aynası"",""Menşei"":""TR""}",20,5,refreshed,"[""daily_top"",""hot_change""]",true,2026-08-18T10:00:59+03:00,0,"[""search_result_dom"",""product_detail_jsonld"",""product_detail_dom""]","{""title"":""observed"",""brand"":""observed"",""seller_name"":""observed"",""seller_score"":""observed"",""price"":""observed"",""original_price"":""unavailable"",""campaigns"":""observed"",""stock_status"":""observed"",""stock_signal"":""observed"",""rating"":""observed"",""rating_count"":""observed"",""review_count"":""observed"",""question_count"":""observed"",""delivery_summary"":""observed"",""shipping_cost"":""observed"",""properties"":""observed""}",true,
2026-08-18,2026-08-18T10:00:59+03:00,ev-yasam,BEST_SELLER,ev-dekorasyon,ev dekorasyon,6,2,198,198,13,-155,24.4,5.6,1017995556,311492,KAMİZ Bohem Runner Masa Örtüsü Doğal Bej Modern Ev Dekoru Düğün Nişan Masa Örtüsü Çeyiz Seti %100 Pamuk,KAMİZ,,https://www.trendyol.com/kamiz/bohem-runner-masa-ortusu-dogal-bej-modern-ev-dekoru-dugun-nisan-masa-ortusu-ceyiz-seti-100-pamuk-p-1017995556?boutiqueId=61&merchantId=311492,KAMİZ,,199.9,,,1,TRY,"[""Kargo Bedava""]",InStock,100 adetten fazla stok sunulmuştur,,,4.5,1119,,0,123,"2,2B kişinin sepetinde","147,9B kişi favoriledi","Son 24 saatte 2,2B kişi görüntüledi",,,0,,,,1 saat 52 dakika içinde sipariş verirsen en geç bugün kargoda!,,,{},0,,refreshed,"[""daily_top"",""hot_change""]",true,2026-08-18T10:00:59+03:00,0,"[""search_result_dom"",""product_detail_jsonld"",""product_detail_dom""]","{""title"":""observed"",""brand"":""observed"",""seller_name"":""observed"",""seller_score"":""unavailable"",""price"":""observed"",""original_price"":""unavailable"",""campaigns"":""observed"",""stock_status"":""observed"",""stock_signal"":""observed"",""rating"":""observed"",""rating_count"":""observed"",""review_count"":""unavailable"",""question_count"":""observed"",""delivery_summary"":""observed"",""shipping_cost"":""unavailable"",""properties"":""observed""}",true,
2026-08-18,2026-08-18T10:00:59+03:00,ev-yasam,BEST_SELLER,ev-dekorasyon,ev dekorasyon,7,2,199,199,1,-187,19,11,1137688667,823940,"OrdoVeni Ahşap Tütsülük – Dekoratif Modern Tasarım Doğal Ahşap Tütsü Standı | Salon, Ev & Ofis İçin Şık Obje",OrdoVeni,Tütsü ve Buhurdanlık,https://www.trendyol.com/ordoveni/ahsap-tutsuluk-dekoratif-modern-tasarim-dogal-ahsap-tutsu-standi-salon-ev-ofis-icin-sik-obje-p-1137688667?boutiqueId=61&merchantId=823940,OrdoVeni,,199.15,,,0,TRY,"[""Kargo Bedava"",""Trendyol Plus'a Özel""]",InStock,100 adetten fazla stok sunulmuştur,,,4.6,361,233,3,27,"2,1B kişinin sepetinde","30,9B kişi favoriledi","Son 24 saatte 2,1B kişi görüntüledi",4999,TRY,0,,1,3,3 saat 52 dakika içinde sipariş verirsen en geç bugün kargoda!,En Çok Satan 1. Ürün,https://cdn.dsmcdn.com/ty1898/prod/QC_ENRICHMENT/20260501/16/e3ab608f-c8b8-3c27-bcb1-d56e2816b84f/1_org_zoom.jpg,"{""Renk"":""Kahverengi"",""Adet"":""1"",""Koku Aroması"":""Karışık Çiçek"",""Menşei"":""TR""}",20,5,refreshed,"[""daily_top"",""hot_change""]",true,2026-08-18T10:00:59+03:00,0,"[""search_result_dom"",""product_detail_jsonld"",""product_detail_dom""]","{""title"":""observed"",""brand"":""observed"",""seller_name"":""observed"",""seller_score"":""unavailable"",""price"":""observed"",""original_price"":""unavailable"",""campaigns"":""observed"",""stock_status"":""observed"",""stock_signal"":""observed"",""rating"":""observed"",""rating_count"":""observed"",""review_count"":""observed"",""question_count"":""observed"",""delivery_summary"":""observed"",""shipping_cost"":""observed"",""properties"":""observed""}",true,
2026-08-18,2026-08-18T10:00:59+03:00,ev-yasam,BEST_SELLER,ev-dekorasyon,ev dekorasyon,8,2,200,200,1,-165,24.3,5.7,999651568,311492,KAMİZ Bohem Runner Masa Örtüsü Modern Ev Dekoru Düğün Nişan Özel Gün Masa Örtüsü Çeyiz Seti %100 Pamuk,KAMİZ,,https://www.trendyol.com/kamiz/bohem-runner-masa-ortusu-modern-ev-dekoru-dugun-nisan-ozel-gun-masa-ortusu-ceyiz-seti-100-pamuk-p-999651568?boutiqueId=61&merchantId=311492,KAMİZ,,299.9,,,52.4,TRY,"[""Kargo Bedava""]",InStock,100 adetten fazla stok sunulmuştur,,,4.4,1095,,0,129,"1,4B kişinin sepetinde","86,5B kişi favoriledi","Son 24 saatte 1,8B kişi görüntüledi",,,0,,,,13 saat 52 dakika içinde sipariş verirsen en geç yarın kargoda!,En Çok Satan 1. Ürün,,{},0,,refreshed,"[""daily_top"",""hot_change""]",true,2026-08-18T10:00:59+03:00,0,"[""search_result_dom"",""product_detail_jsonld"",""product_detail_dom""]","{""title"":""observed"",""brand"":""observed"",""seller_name"":""observed"",""seller_score"":""unavailable"",""price"":""observed"",""original_price"":""unavailable"",""campaigns"":""observed"",""stock_status"":""observed"",""stock_signal"":""observed"",""rating"":""observed"",""rating_count"":""observed"",""review_count"":""unavailable"",""question_count"":""observed"",""delivery_summary"":""observed"",""shipping_cost"":""unavailable"",""properties"":""observed""}",true,
