date,captured_at,query,sort,source_segment,source_query,segment_position,source_page,search_position,bestseller_rank,category_rank,rank_scope,rank_scope_position,rank_delta,trend_score,niche_score,product_id,merchant_id,offer_key,title,brand,category,url,seller_name,seller_score,price,original_price,discount_percent,price_delta_percent,currency,campaigns,stock_status,stock_signal,sales_signal,sales_signal_days,sales_signal_min,sales_signal_daily_min,rating,rating_count,review_count,review_delta,question_count,basket_signal,favorite_signal,view_signal,shipping_cost,shipping_currency,handling_days_min,handling_days_max,transit_days_min,transit_days_max,delivery_summary,badge,image_url,properties,sample_review_count,sample_review_avg,detail_status,detail_selection,detail_attempted,detail_refreshed_at,detail_age_days,data_sources,field_availability,detail_ok,detail_error
2026-08-21,2026-08-21T12:00:02+03:00,kozmetik,BEST_SELLER,kozmetik-vitrini,Trendyol Kozmetik / En Çok Satan Ürünler,1,1,1,1,,kozmetik:kozmetik-vitrini,1,0,115.6,24.5,34117164,117151,34117164:117151,Bargello 122 Oriental Edp 50 ml Kadın Parfüm,Bargello,Parfüm,https://www.trendyol.com/bargello/122-oriental-edp-50-ml-kadin-parfum-p-34117164?boutiqueId=61&merchantId=117151,ONLİNE PARFUM,94,600,,,0,TRY,"[""Kargo Bedava""]",InStock,100 adetten fazla stok sunulmuştur,,,,,4.6,50201,,0,3440,"5,3B kişinin sepetinde","589,5B kişi favoriledi",Son 24 saatte 881 kişi görüntüledi,4999,TRY,0,,1,4,4 saat 57 dakika içinde sipariş verirsen en geç bugün kargoda!,,https://cdn.dsmcdn.com/ty1934/prod/QC_ENRICHMENT/20260528/22/00f932f0-ca7f-38f4-8ef5-c3f6b567aff6/1_org_zoom.jpg,"{""Tip"":""EDP"",""Koku Türü"":""Odunsu"",""Menşei"":""TR"",""Refill"":""Hayır"",""Hacim"":""50 ml"",""Renk"":""Beyaz""}",0,,refreshed,"[""daily_top""]",true,2026-08-21T12:00:02+03:00,0,"[""search_result_dom"",""product_detail_jsonld"",""product_detail_dom""]","{""title"":""observed"",""brand"":""observed"",""seller_name"":""observed"",""seller_score"":""observed"",""price"":""observed"",""original_price"":""unavailable"",""campaigns"":""observed"",""stock_status"":""observed"",""stock_signal"":""observed"",""rating"":""observed"",""rating_count"":""observed"",""review_count"":""unavailable"",""question_count"":""observed"",""delivery_summary"":""observed"",""shipping_cost"":""observed"",""properties"":""observed""}",true,
2026-08-21,2026-08-21T12:00:02+03:00,kozmetik,BEST_SELLER,kozmetik-vitrini,Trendyol Kozmetik / En Çok Satan Ürünler,2,1,2,2,,kozmetik:kozmetik-vitrini,2,4,114.5,44.8,744329848,837861,744329848:837861,"L'Aden Cosmetics Anında Soyucu Ginseng Peeling Ölü Deri Arındırıcı, Yenileyici, Aydınlatıcı Vücut, Yüz Peelingi",L'Aden Cosmetics,Yüz Peelingi,https://www.trendyol.com/l-aden-cosmetics/aninda-soyucu-ginseng-peeling-olu-deri-arindirici-yenileyici-aydinlatici-vucut-yuz-peelingi-p-744329848?boutiqueId=61&merchantId=837861,LAden Cosmetics,97,420,,,73.3,TRY,"[""Kargo Bedava""]",InStock,100 adetten fazla stok sunulmuştur,3 günde 500+ ürün satıldı!,3,500,166.7,4.2,11646,5956,3,2208,"6,6B kişinin sepetinde","328,6B kişi favoriledi","Son 24 saatte 2,9B kişi görüntüledi",4999,TRY,0,,1,4,1 saat 57 dakika içinde sipariş verirsen en geç bugün kargoda!,En Çok Ziyaret Edilen 3. Ürün,https://cdn.dsmcdn.com/ty1578/prod/QC/20241008/17/89cabf46-22b6-321a-9b34-ac48d75c54e1/1_org_zoom.jpg,"{""Form"":""Peeling - Partiküllü"",""Kullanma Amacı"":""Aydınlatıcı"",""Tip"":""Şişe"",""Cilt Tipi"":""Tüm Cilt Tipleri"",""Ek Özellik"":""Paraben İçermeyen"",""Hacim"":""100 ml"",""Menşei"":""TR""}",20,5,refreshed,"[""daily_top""]",true,2026-08-21T12:00:02+03:00,0,"[""search_result_dom"",""product_detail_jsonld"",""product_detail_dom""]","{""title"":""observed"",""brand"":""observed"",""seller_name"":""observed"",""seller_score"":""observed"",""price"":""observed"",""original_price"":""unavailable"",""campaigns"":""observed"",""stock_status"":""observed"",""stock_signal"":""observed"",""rating"":""observed"",""rating_count"":""observed"",""review_count"":""observed"",""question_count"":""observed"",""delivery_summary"":""observed"",""shipping_cost"":""observed"",""properties"":""observed""}",true,
2026-08-21,2026-08-21T12:00:02+03:00,kozmetik,BEST_SELLER,kozmetik-vitrini,Trendyol Kozmetik / En Çok Satan Ürünler,3,1,3,3,,kozmetik:kozmetik-vitrini,3,5,86,43.5,1177477953,330102,1177477953:330102,Maycheer Siyah Nokta Temizleyici Aplikatör Akne Temizleyici Gözenek Sıkılaştırıcı Spatula Cilt Gözenek Temizleyici,Maycheer,Yüz Temizleme Cihazı,https://www.trendyol.com/maycheer/siyah-nokta-temizleyici-aplikator-akne-temizleyici-gozenek-sikilastirici-spatula-cilt-gozenek-temizleyici-p-1177477953?boutiqueId=61&merchantId=330102,Lasting Beauty,91,126.42,129,2,30.3,TRY,"[""Sepette %2 İndirim"",""Kargo Bedava""]",InStock,100 adetten fazla stok sunulmuştur,,,,,5,25,17,10,2,673 kişinin sepetinde,"1,6B kişi favoriledi",Son 24 saatte 815 kişi görüntüledi,4999,TRY,0,1,1,4,11 saat 57 dakika içinde sipariş verirsen en geç yarın kargoda!,En Çok Ziyaret Edilen 2. Ürün,https://cdn.dsmcdn.com/ty1892/prod/QC_PREP/20260729/22/de29d613-5e73-36ea-acb1-c5321f10b5c3/1_org_zoom.jpg,"{""Renk"":""Haki"",""Kullanma Amacı"":""Gözenek Sıkılaştırıcı"",""Güç Kaynağı"":""Pilli"",""Yaşlanma Karşıtı"":""Evet"",""Menşei"":""CN""}",17,4.94,refreshed,"[""daily_top""]",true,2026-08-21T12:00:02+03:00,0,"[""search_result_dom"",""product_detail_jsonld"",""product_detail_dom""]","{""title"":""observed"",""brand"":""observed"",""seller_name"":""observed"",""seller_score"":""observed"",""price"":""observed"",""original_price"":""observed"",""campaigns"":""observed"",""stock_status"":""observed"",""stock_signal"":""observed"",""rating"":""observed"",""rating_count"":""observed"",""review_count"":""observed"",""question_count"":""observed"",""delivery_summary"":""observed"",""shipping_cost"":""observed"",""properties"":""observed""}",true,
2026-08-21,2026-08-21T12:00:02+03:00,kozmetik,BEST_SELLER,kozmetik-vitrini,Trendyol Kozmetik / En Çok Satan Ürünler,4,1,4,4,,kozmetik:kozmetik-vitrini,4,9,104.9,23,32332095,117151,32332095:117151,Bargello ERKEK PARFÜM 561 FRESH 50 ML EDP 8691841304531,Bargello,Parfüm,https://www.trendyol.com/bargello/erkek-parfum-561-fresh-50-ml-edp-8691841304531-p-32332095?boutiqueId=61&merchantId=117151,ONLİNE PARFUM,94,600,,,0,TRY,"[""Kargo Bedava""]",InStock,100 adetten fazla stok sunulmuştur,,,,,4.5,24685,12779,-16,1493,"2,2B kişinin sepetinde",196B kişi favoriledi,Son 24 saatte 577 kişi görüntüledi,4999,TRY,0,,1,4,4 saat 57 dakika içinde sipariş verirsen en geç bugün kargoda!,,https://cdn.dsmcdn.com/ty1898/prod/QC_ENRICHMENT/20260528/19/3126446c-7963-3ea5-91c1-d4794536e7e7/1_org_zoom.jpg,"{""Tip"":""EDP"",""Koku Türü"":""Odunsu"",""Menşei"":""TR"",""Refill"":""Hayır"",""Hacim"":""50 ml"",""Renk"":""Beyaz""}",20,5,refreshed,"[""daily_top""]",true,2026-08-21T12:00:02+03:00,0,"[""search_result_dom"",""product_detail_jsonld"",""product_detail_dom""]","{""title"":""observed"",""brand"":""observed"",""seller_name"":""observed"",""seller_score"":""observed"",""price"":""observed"",""original_price"":""unavailable"",""campaigns"":""observed"",""stock_status"":""observed"",""stock_signal"":""observed"",""rating"":""observed"",""rating_count"":""observed"",""review_count"":""observed"",""question_count"":""observed"",""delivery_summary"":""observed"",""shipping_cost"":""observed"",""properties"":""observed""}",true,
2026-08-21,2026-08-21T12:00:02+03:00,kozmetik,BEST_SELLER,kozmetik-vitrini,Trendyol Kozmetik / En Çok Satan Ürünler,5,1,5,5,,kozmetik:kozmetik-vitrini,5,,139.6,29.4,878842175,1124648,878842175:1124648,"Pierre Cardin Amour Infini EDP Kadın Parfüm 50 ml|Çiçeksi|Frenk Üzümü, Bergamot, Yasemin, Portakal Çiçeği, Vanilya",Pierre Cardin,Parfüm,https://www.trendyol.com/pierre-cardin/amour-infini-edp-kadin-parfum-50-ml-ciceksi-frenk-uzumu-bergamot-yasemin-portakal-cicegi-vanilya-p-878842175?boutiqueId=61&merchantId=1124648,Pierre Cardin Parfum,92,639,1195,46.5,,TRY,"[""Kargo Bedava"",""Son 10 Günün En Düşük Fiyatı"",""Son 10 günün en düşük fiyatı""]",InStock,100 adetten fazla stok sunulmuştur,,,,,3.9,1194,772,,53,"1,3B kişinin sepetinde","38,9B kişi favoriledi",Son 24 saatte 691 kişi görüntüledi,4999,TRY,0,1,1,4,11 saat 57 dakika içinde sipariş verirsen en geç yarın kargoda!,,https://cdn.dsmcdn.com/ty1832/prod/QC_ENRICHMENT/20260226/14/ac1cfede-4554-3161-ac77-6e67fca6137f/1_org_zoom.jpg,"{""Tip"":""EDP"",""Koku Türü"":""Çiçeksi"",""Menşei"":""TR"",""Refill"":""Hayır"",""Hacim"":""50 ml""}",20,5,refreshed,"[""daily_top""]",true,2026-08-21T12:00:02+03:00,0,"[""search_result_dom"",""product_detail_jsonld"",""product_detail_dom""]","{""title"":""observed"",""brand"":""observed"",""seller_name"":""observed"",""seller_score"":""observed"",""price"":""observed"",""original_price"":""observed"",""campaigns"":""observed"",""stock_status"":""observed"",""stock_signal"":""observed"",""rating"":""observed"",""rating_count"":""observed"",""review_count"":""observed"",""question_count"":""observed"",""delivery_summary"":""observed"",""shipping_cost"":""observed"",""properties"":""observed""}",true,
2026-08-21,2026-08-21T12:00:02+03:00,kozmetik,BEST_SELLER,kozmetik-vitrini,Trendyol Kozmetik / En Çok Satan Ürünler,6,1,6,6,1,kozmetik:kozmetik-vitrini,6,2,124.7,72,871346073,556702,871346073:556702,Cream Co. Allık Ruj Göz Farı Glow Tint Soft Mocha | Nemlendirici Makyaj | Nude | Hyaluronik Asit Peptit,Cream Co.,,https://www.trendyol.com/cream-co/allik-ruj-goz-fari-glow-tint-soft-mocha-nemlendirici-makyaj-nude-hyaluronik-asit-peptit-p-871346073?boutiqueId=61&merchantId=556702,Cream Co.,,199.9,,,0,TRY,"[""Kargo Bedava"",""Trendyol Plus'a Özel""]",InStock,100 adetten fazla stok sunulmuştur,"3 günde 1,5B+ ürün satıldı!",3,1500,500,4.4,9241,,0,362,"18,7B kişinin sepetinde","456,5B kişi favoriledi","Son 24 saatte 6,7B kişi görüntüledi",,,0,,,,Tahmini Teslim:,En Çok Satan 1. Ürün,,{},0,,refreshed,"[""daily_top""]",true,2026-08-21T12:00:02+03:00,0,"[""search_result_dom"",""product_detail_jsonld"",""product_detail_dom""]","{""title"":""observed"",""brand"":""observed"",""seller_name"":""observed"",""seller_score"":""unavailable"",""price"":""observed"",""original_price"":""unavailable"",""campaigns"":""observed"",""stock_status"":""observed"",""stock_signal"":""observed"",""rating"":""observed"",""rating_count"":""observed"",""review_count"":""unavailable"",""question_count"":""observed"",""delivery_summary"":""observed"",""shipping_cost"":""unavailable"",""properties"":""observed""}",true,
2026-08-21,2026-08-21T12:00:02+03:00,kozmetik,BEST_SELLER,kozmetik-vitrini,Trendyol Kozmetik / En Çok Satan Ürünler,7,1,7,7,,kozmetik:kozmetik-vitrini,7,,90.9,26.6,675829860,144133,675829860:144133,Thalia Akne Gidermeye & Gözenek Sıkılaştırmaya Yardımcı Marjoram Doğal Katı Sabun 120 gr,Thalia,Katı Sabun,https://www.trendyol.com/thalia/akne-gidermeye-gozenek-sikilastirmaya-yardimci-marjoram-dogal-kati-sabun-120-gr-p-675829860?boutiqueId=61&merchantId=144133,Thalia Natural Beauty,95,176.7,,,,TRY,"[""Sepette %40 İndirim"",""Kargo Bedava"",""Trendyol Plus'a Özel""]",InStock,100 adetten fazla stok sunulmuştur,,,,,4.5,2046,1304,,359,674 kişinin sepetinde,"47,7B kişi favoriledi",Son 24 saatte 683 kişi görüntüledi,4999,TRY,0,3,1,6,57 dakika 28 saniye içinde sipariş verirsen en geç bugün kargoda!,En Çok Ziyaret Edilen 2. Ürün,https://cdn.dsmcdn.com/ty1581/prod/QC/20241011/16/32ad75d6-88e8-37e7-980c-6a11431977dc/1_org_zoom.jpg,"{""Diğer Özellikler"":""içindekiler / ıngredients:sodıum palmate, sodıum palm kernelate, aqua(water), parfum(fragrance), sodıum chlorıde, glycerın, orıganum majorana leaf oıl, melaleuca alternıfolıa leaf (tea tree) oıl, tetrasodıum etıdronate, tetrasodıum edta, lımonene, lınalool, cıtral, cı 77891(tıtanıum dıoxıde).;"",""Menşei"":""TR""}",20,5,refreshed,"[""daily_top""]",true,2026-08-21T12:00:02+03:00,0,"[""search_result_dom"",""product_detail_jsonld"",""product_detail_dom""]","{""title"":""observed"",""brand"":""observed"",""seller_name"":""observed"",""seller_score"":""observed"",""price"":""observed"",""original_price"":""unavailable"",""campaigns"":""observed"",""stock_status"":""observed"",""stock_signal"":""observed"",""rating"":""observed"",""rating_count"":""observed"",""review_count"":""observed"",""question_count"":""observed"",""delivery_summary"":""observed"",""shipping_cost"":""observed"",""properties"":""observed""}",true,
2026-08-21,2026-08-21T12:00:02+03:00,kozmetik,BEST_SELLER,kozmetik-vitrini,Trendyol Kozmetik / En Çok Satan Ürünler,8,1,8,8,,kozmetik:kozmetik-vitrini,8,8,127.5,71,1016742922,1279865,1016742922:1279865,Embeauty Ultra Siyah Dolgunlaştırıcı Maskara – Hacim ve Uzunluk Etkili,Embeauty,Maskara,https://www.trendyol.com/embeauty/ultra-siyah-dolgunlastirici-maskara-hacim-ve-uzunluk-etkili-p-1016742922?boutiqueId=61&merchantId=1279865,Viel Kozmetik,9,264.8,,,-41,TRY,"[""Kargo Bedava"",""Trendyol Plus'a Özel""]",InStock,100 adetten fazla stok sunulmuştur,3 günde 5B+ ürün satıldı!,3,5000,1666.7,4.2,28549,15269,46,1394,"98,1B kişinin sepetinde","1,1M kişi favoriledi","Son 24 saatte 12,5B kişi görüntüledi",4999,TRY,0,1,1,4,Tahmini Teslim:,,https://cdn.dsmcdn.com/ty1785/prod/QC_ENRICHMENT/20251108/13/65110fe4-dbaa-3c9b-bc1f-3f970801c9eb/1_org_zoom.jpg,"{""Boy"":""Orijinal Boy"",""Etki"":""Hacim / Dolgunluk Veren"",""Suya/Tere Dayanıklılık"":""Var"",""Fırça Tipi"":""Plastik"",""Menşei"":""TR"",""Kutu Durumu"":""Kutu yok"",""Ürün Güvenliği Bilgisi"":""Sınıf 4.3 Su ile temasta alevlenir maddeler"",""Renk"":""Siyah""}",20,5,refreshed,"[""daily_top""]",true,2026-08-21T12:00:02+03:00,0,"[""search_result_dom"",""product_detail_jsonld"",""product_detail_dom""]","{""title"":""observed"",""brand"":""observed"",""seller_name"":""observed"",""seller_score"":""observed"",""price"":""observed"",""original_price"":""unavailable"",""campaigns"":""observed"",""stock_status"":""observed"",""stock_signal"":""observed"",""rating"":""observed"",""rating_count"":""observed"",""review_count"":""observed"",""question_count"":""observed"",""delivery_summary"":""observed"",""shipping_cost"":""observed"",""properties"":""observed""}",true,
2026-08-21,2026-08-21T12:00:02+03:00,kozmetik,BEST_SELLER,kozmetik-vitrini,Trendyol Kozmetik / En Çok Satan Ürünler,9,1,9,9,,kozmetik:kozmetik-vitrini,9,-4,130.4,32.1,824464737,107109,824464737:107109,Yves Rocher Monoi Nemlendirici Peelingli Duş Yağı-Tüm Ciltler-Monoi de Tahiti-Vegan-150ml,Yves Rocher,Vücut Peelingi,https://www.trendyol.com/yves-rocher/monoi-nemlendirici-peelingli-dus-yagi-tum-ciltler-monoi-de-tahiti-vegan-150ml-p-824464737?boutiqueId=61&merchantId=107109,Yves Rocher,,274.95,549.9,50,0,TRY,"[""Sepette %50 İndirim"",""Kargo Bedava""]",InStock,100 adetten fazla stok sunulmuştur,,,,,4.5,331,196,11,10,"2,9B kişinin sepetinde","30,3B kişi favoriledi","Son 24 saatte 1,5B kişi görüntüledi",4999,TRY,0,1,1,4,Tahmini Teslim:,En Çok Ziyaret Edilen 3. Ürün,https://cdn.dsmcdn.com/ty1000409/product/media/images/prod/PIM/20260629/13/b80bfe03-3286-450f-a6a4-c99ed3330307/1_org_zoom.jpg,"{""Tip"":""Şişe"",""Hacim"":""150 ml"",""Form"":""Peeling - Partiküllü"",""Ek Özellik"":""Vegan"",""Kullanma Amacı"":""Aydınlatıcı"",""Menşei"":""FR"",""Ürün Güvenliği Bilgisi"":""Tehlikeli Değil""}",20,5,refreshed,"[""daily_top""]",true,2026-08-21T12:00:02+03:00,0,"[""search_result_dom"",""product_detail_jsonld"",""product_detail_dom""]","{""title"":""observed"",""brand"":""observed"",""seller_name"":""observed"",""seller_score"":""unavailable"",""price"":""observed"",""original_price"":""observed"",""campaigns"":""observed"",""stock_status"":""observed"",""stock_signal"":""observed"",""rating"":""observed"",""rating_count"":""observed"",""review_count"":""observed"",""question_count"":""observed"",""delivery_summary"":""observed"",""shipping_cost"":""observed"",""properties"":""observed""}",true,
2026-08-21,2026-08-21T12:00:02+03:00,kozmetik,BEST_SELLER,kozmetik-vitrini,Trendyol Kozmetik / En Çok Satan Ürünler,10,1,10,10,,kozmetik:kozmetik-vitrini,10,2,89.1,20.9,945832144,830154,945832144:830154,"CALLİEL Aydınlatıcı, Leke Ve Siyah Nokta Karşıtı Kojik Asit Tonik 200 ml",CALLİEL,Tonik,https://www.trendyol.com/calliel/aydinlatici-leke-ve-siyah-nokta-karsiti-kojik-asit-tonik-200-ml-p-945832144?boutiqueId=61&merchantId=830154,Calliel,91,249.44,,,-37.5,TRY,"[""Kargo Bedava"",""Trendyol Plus'a Özel""]",InStock,100 adetten fazla stok sunulmuştur,,,,,4.2,9244,4288,35,5623,,,,4999,TRY,0,1,1,4,4 saat 57 dakika içinde sipariş verirsen en geç bugün kargoda!,,https://cdn.dsmcdn.com/ty1808/prod/QC_ENRICHMENT/20260105/09/3c9b186e-ac34-3ef0-aa32-41aac980aaf1/1_org_zoom.jpg,"{""Cilt Tipi"":""Tüm Cilt Tipleri"",""Tip"":""Şişe"",""İçerik"":""Kolajen"",""Ek Özellik"":""Parfüm İçermeyen"",""Kullanma Amacı"":""Aydınlatıcı"",""Hacim"":""200 ml"",""Menşei"":""TR"",""Ürün Güvenliği Bilgisi"":""Tehlikeli Değil"",""Refill"":""Hayır""}",20,5,refreshed,"[""daily_top""]",true,2026-08-21T12:00:02+03:00,0,"[""search_result_dom"",""product_detail_jsonld"",""product_detail_dom""]","{""title"":""observed"",""brand"":""observed"",""seller_name"":""observed"",""seller_score"":""observed"",""price"":""observed"",""original_price"":""unavailable"",""campaigns"":""observed"",""stock_status"":""observed"",""stock_signal"":""observed"",""rating"":""observed"",""rating_count"":""observed"",""review_count"":""observed"",""question_count"":""observed"",""delivery_summary"":""observed"",""shipping_cost"":""observed"",""properties"":""observed""}",true,
2026-08-21,2026-08-21T12:00:02+03:00,kozmetik,BEST_SELLER,kozmetik-vitrini,Trendyol Kozmetik / En Çok Satan Ürünler,11,1,11,11,,kozmetik:kozmetik-vitrini,11,,95.1,37.4,1086376285,1174891,1086376285:1174891,Dr.Jart+ Cryo Rubber Sıkılaştırıcı Maske 40GM/1.4OZ | Adenozin & Peptit,Dr.Jart+,Yüz Maskesi,https://www.trendyol.com/dr-jart/cryo-rubber-sikilastirici-maske-40gm-1-4oz-adenozin-peptit-p-1086376285?boutiqueId=61&merchantId=1174891,Dr Jart,92,693.75,925,25,,TRY,"[""Sepette %25 İndirim"",""Kargo Bedava""]",InStock,100 adetten fazla stok sunulmuştur,,,,,4.5,87,32,,33,684 kişinin sepetinde,"33,4B kişi favoriledi","Son 24 saatte 1,5B kişi görüntüledi",4999,TRY,0,,1,3,Tahmini Teslim:,,https://cdn.dsmcdn.com/ty1000330/product/media/images/prod/PIM/20260203/11/a1e1e43f-a661-48b4-ac9b-53c701531839/1_org_zoom.jpg,"{""Cilt Tipi"":""Hassas"",""Kullanma Amacı"":""Gözenek Sıkılaştırıcı"",""Hacim"":""40 gr"",""İçerik"":""Kolajen"",""Tip"":""Kağıt"",""Set İçerik Adeti"":""1"",""Yaşlanma Karşıtı"":""Evet"",""Menşei"":""KR""}",20,4.95,refreshed,"[""daily_top""]",true,2026-08-21T12:00:02+03:00,0,"[""search_result_dom"",""product_detail_jsonld"",""product_detail_dom""]","{""title"":""observed"",""brand"":""observed"",""seller_name"":""observed"",""seller_score"":""observed"",""price"":""observed"",""original_price"":""observed"",""campaigns"":""observed"",""stock_status"":""observed"",""stock_signal"":""observed"",""rating"":""observed"",""rating_count"":""observed"",""review_count"":""observed"",""question_count"":""observed"",""delivery_summary"":""observed"",""shipping_cost"":""observed"",""properties"":""observed""}",true,
2026-08-21,2026-08-21T12:00:02+03:00,kozmetik,BEST_SELLER,kozmetik-vitrini,Trendyol Kozmetik / En Çok Satan Ürünler,12,1,12,12,,kozmetik:kozmetik-vitrini,12,10,83.4,36.2,983343487,1046771,983343487:1046771,MAQYA KOZMETİK 14 Parça Kavanoz Kutulu Makyaj Sünger Seti,MAQYA KOZMETİK,Makyaj Süngeri,https://www.trendyol.com/maqya-kozmetik/14-parca-kavanoz-kutulu-makyaj-sunger-seti-p-983343487?boutiqueId=61&merchantId=1046771,ARLEN BAKIM VE KOZMETİK,9,118.4,,,-28.7,TRY,"[""Sepette %2 İndirim"",""Kargo Bedava"",""Trendyol Plus'a Özel""]",InStock,100 adetten fazla stok sunulmuştur,3 günde 250+ ürün satıldı!,3,250,83.3,4.3,1357,792,4,239,"4,5B kişinin sepetinde",82B kişi favoriledi,"Son 24 saatte 1,2B kişi görüntüledi",4999,TRY,0,1,1,4,Tahmini Teslim:,,https://cdn.dsmcdn.com/ty1750/prod/QC_PREP/20250907/03/90def3ac-1f3d-369d-bc0c-721d898fcef4/1_org_zoom.jpg,"{""Menşei"":""TR"",""Bakım Talimatları (Genel)"":""Nemli bir bezle silin.""}",20,5,refreshed,"[""daily_top""]",true,2026-08-21T12:00:02+03:00,0,"[""search_result_dom"",""product_detail_jsonld"",""product_detail_dom""]","{""title"":""observed"",""brand"":""observed"",""seller_name"":""observed"",""seller_score"":""observed"",""price"":""observed"",""original_price"":""unavailable"",""campaigns"":""observed"",""stock_status"":""observed"",""stock_signal"":""observed"",""rating"":""observed"",""rating_count"":""observed"",""review_count"":""observed"",""question_count"":""observed"",""delivery_summary"":""observed"",""shipping_cost"":""observed"",""properties"":""observed""}",true,
2026-08-21,2026-08-21T12:00:02+03:00,kozmetik,BEST_SELLER,kozmetik-vitrini,Trendyol Kozmetik / En Çok Satan Ürünler,13,1,13,13,1,kozmetik:kozmetik-vitrini,13,-10,88.6,43.1,848718397,791156,848718397:791156,The Ceel 3’lü Saç Bakım Seti – Dökülmeye Eğilimli ve Yıpranmış Saçlar İçin,The Ceel,Saç Bakım Seti,https://www.trendyol.com/the-ceel/3-lu-sac-bakim-seti-dokulmeye-egilimli-ve-yipranmis-saclar-icin-p-848718397?boutiqueId=61&merchantId=791156,The Ceel,3,999.9,,,116.6,TRY,"[""100 TL Kupon"",""Kargo Bedava""]",InStock,100 adetten fazla stok sunulmuştur,3 günde 500+ ürün satıldı!,3,500,166.7,4.4,4623,1900,5,1616,"10,1B kişinin sepetinde","185,4B kişi favoriledi","Son 24 saatte 3,8B kişi görüntüledi",4999,TRY,0,1,1,4,Tahmini Teslim:,En Çok Satan 1. Ürün,https://cdn.dsmcdn.com/ty1000412/product/media/images/prod/PIM/20260706/07/4630f64f-a9c4-4da9-a7e7-a4222fe7d1e8/1_org_zoom.jpg,"{""Saç Tipi"":""Tüm Saç Tipleri"",""Etki"":""Besleyici / Onarıcı"",""Menşei"":""TR"",""Ürün Güvenliği Bilgisi"":""Tehlikeli Değil""}",20,5,refreshed,"[""daily_top""]",true,2026-08-21T12:00:02+03:00,0,"[""search_result_dom"",""product_detail_jsonld"",""product_detail_dom""]","{""title"":""observed"",""brand"":""observed"",""seller_name"":""observed"",""seller_score"":""observed"",""price"":""observed"",""original_price"":""unavailable"",""campaigns"":""observed"",""stock_status"":""observed"",""stock_signal"":""observed"",""rating"":""observed"",""rating_count"":""observed"",""review_count"":""observed"",""question_count"":""observed"",""delivery_summary"":""observed"",""shipping_cost"":""observed"",""properties"":""observed""}",true,
2026-08-21,2026-08-21T12:00:02+03:00,kozmetik,BEST_SELLER,kozmetik-vitrini,Trendyol Kozmetik / En Çok Satan Ürünler,14,1,14,14,,kozmetik:kozmetik-vitrini,14,26,155.7,62.8,844065301,989677,844065301:989677,"ILLUSIONE FRAGRANCE Lumiére Edp Kadın Parfüm 50ml | Tatlı - Vanilya - Gurme | Narenciye, Müge, Orkide, Misk",ILLUSIONE FRAGRANCE,Parfüm,https://www.trendyol.com/illusione-fragrance/lumiere-edp-kadin-parfum-50ml-tatli-vanilya-gurme-narenciye-muge-orkide-misk-p-844065301?boutiqueId=61&merchantId=989677,ILLUSIONE,,479,1199,60.1,0,TRY,"[""Son 10 Günün En Düşük Fiyatı"",""Kargo Bedava"",""Son 10 günün en düşük fiyatı""]",InStock,100 adetten fazla stok sunulmuştur,3 günde 1B+ ürün satıldı!,3,1000,333.3,4.2,3436,2303,18,508,7B kişinin sepetinde,"169,5B kişi favoriledi","Son 24 saatte 7,2B kişi görüntüledi",4999,TRY,0,,1,4,1 saat 57 dakika içinde sipariş verirsen en geç bugün kargoda!,,https://cdn.dsmcdn.com/ty1000428/product/media/images/prod/PIM/20260813/10/5ff00bb5-2e82-427a-b866-7ab0518fb43f/1_org_zoom.jpg,"{""Tip"":""EDP"",""Koku Türü"":""Meyveli"",""Menşei"":""TR"",""Refill"":""Hayır"",""Hacim"":""50 ml""}",20,5,refreshed,"[""daily_top""]",true,2026-08-21T12:00:02+03:00,0,"[""search_result_dom"",""product_detail_jsonld"",""product_detail_dom""]","{""title"":""observed"",""brand"":""observed"",""seller_name"":""observed"",""seller_score"":""unavailable"",""price"":""observed"",""original_price"":""observed"",""campaigns"":""observed"",""stock_status"":""observed"",""stock_signal"":""observed"",""rating"":""observed"",""rating_count"":""observed"",""review_count"":""observed"",""question_count"":""observed"",""delivery_summary"":""observed"",""shipping_cost"":""observed"",""properties"":""observed""}",true,
2026-08-21,2026-08-21T12:00:02+03:00,kozmetik,BEST_SELLER,kozmetik-vitrini,Trendyol Kozmetik / En Çok Satan Ürünler,15,1,15,15,1,kozmetik:kozmetik-vitrini,15,7,110.6,67.5,84812163,4473,84812163:4473,Flormar Nemlendirici Parlak Ruj- Sheer Up Lipstick - 013 Gaia - 8682536012119,Flormar,Ruj,https://www.trendyol.com/flormar/nemlendirici-parlak-ruj-sheer-up-lipstick-013-gaia-8682536012119-p-84812163?boutiqueId=61&merchantId=4473,Flormar,,398.99,,,5,TRY,"[""Kargo Bedava"",""Sepette %5 İndirim"",""Trendyol Plus'a Özel""]",InStock,100 adetten fazla stok sunulmuştur,3 günde 2B+ ürün satıldı!,3,2000,666.7,4.7,13879,6609,7,360,"41,8B kişinin sepetinde","847,8B kişi favoriledi","Son 24 saatte 10,8B kişi görüntüledi",4999,TRY,0,1,1,4,Tahmini Teslim:,En Çok Satan 1. Ürün,https://cdn.dsmcdn.com/ty1000403/product/media/images/prod/PIM/20260605/11/420edb62-f74e-4697-b90c-ce1dcf4272df/1_org_zoom.jpg,"{""Kutu Durumu"":""Kutulu"",""Görünüm"":""Parlak"",""Form"":""Stick"",""Renk"":""Kahverengi"",""Boy"":""Orijinal Boy"",""RGB"":""#904444"",""Menşei"":""TR"",""Ürün Güvenliği Bilgisi"":""Tehlikeli Değil""}",20,5,refreshed,"[""daily_top""]",true,2026-08-21T12:00:02+03:00,0,"[""search_result_dom"",""product_detail_jsonld"",""product_detail_dom""]","{""title"":""observed"",""brand"":""observed"",""seller_name"":""observed"",""seller_score"":""unavailable"",""price"":""observed"",""original_price"":""unavailable"",""campaigns"":""observed"",""stock_status"":""observed"",""stock_signal"":""observed"",""rating"":""observed"",""rating_count"":""observed"",""review_count"":""observed"",""question_count"":""observed"",""delivery_summary"":""observed"",""shipping_cost"":""observed"",""properties"":""observed""}",true,
2026-08-21,2026-08-21T12:00:02+03:00,kozmetik,BEST_SELLER,kozmetik-vitrini,Trendyol Kozmetik / En Çok Satan Ürünler,16,1,16,16,,kozmetik:kozmetik-vitrini,16,,73.3,22.7,769914382,876262,769914382:876262,"Secret of Helen Aphrodite EDP Kadın Parfüm,Çiçeksi-Oryantal, Yasemin, Vanilya, Pralin, Paçuli, 50ml",Secret of Helen,Parfüm,https://www.trendyol.com/secret-of-helen/aphrodite-edp-kadin-parfum-ciceksi-oryantal-yasemin-vanilya-pralin-paculi-50ml-p-769914382?boutiqueId=61&merchantId=876262,Secret Of Helen,93,474,479,1,,TRY,"[""Son 10 Günün En Düşük Fiyatı"",""Son 10 günün en düşük fiyatı""]",InStock,100 adetten fazla stok sunulmuştur,,,,,4.3,1649,1088,,115,492 kişinin sepetinde,"41,6B kişi favoriledi",Son 24 saatte 580 kişi görüntüledi,4999,TRY,0,1,1,4,Tahmini Teslim:,,https://cdn.dsmcdn.com/ty1852/prod/QC_ENRICHMENT/20260406/12/e46f57b3-4696-33f6-836e-ca3bdbc09050/1_org_zoom.jpg,"{""Tip"":""EDP"",""Koku Türü"":""Çiçeksi"",""Menşei"":""TR"",""Refill"":""Hayır"",""Hacim"":""50 ml""}",20,5,refreshed,"[""daily_top""]",true,2026-08-21T12:00:02+03:00,0,"[""search_result_dom"",""product_detail_jsonld"",""product_detail_dom""]","{""title"":""observed"",""brand"":""observed"",""seller_name"":""observed"",""seller_score"":""observed"",""price"":""observed"",""original_price"":""observed"",""campaigns"":""observed"",""stock_status"":""observed"",""stock_signal"":""observed"",""rating"":""observed"",""rating_count"":""observed"",""review_count"":""observed"",""question_count"":""observed"",""delivery_summary"":""observed"",""shipping_cost"":""observed"",""properties"":""observed""}",true,
2026-08-21,2026-08-21T12:00:02+03:00,kozmetik,BEST_SELLER,kozmetik-vitrini,Trendyol Kozmetik / En Çok Satan Ürünler,17,1,17,17,1,kozmetik:kozmetik-vitrini,17,-3,74.4,18.1,1087380299,443728,1087380299:443728,Qremfi Sıfır Gözenek Siyah Nokta Mavi Kil Maskesi | AHA + BHA+PHA 100 ml,Qremfi,Yüz Maskesi,https://www.trendyol.com/qremfi/sifir-gozenek-siyah-nokta-mavi-kil-maskesi-aha-bha-pha-100-ml-p-1087380299?boutiqueId=61&merchantId=443728,FREEWALK,95,299.15,,,13.1,TRY,"[""Kargo Bedava"",""Trendyol Plus'a Özel""]",InStock,100 adetten fazla stok sunulmuştur,,,,,4.1,6544,3553,21,1242,,,,4999,TRY,0,1,1,4,Tahmini Teslim:,En Çok Satan 1. Ürün,https://cdn.dsmcdn.com/ty1813/prod/QC_ENRICHMENT/20260118/23/bcf9c0c5-3f67-3dce-81d4-198d7e0f0b56/1_org_zoom.jpg,"{""Cilt Tipi"":""Tüm Cilt Tipleri"",""Kullanma Amacı"":""Gözenek Sıkılaştırıcı"",""Ek Özellik"":""Aydınlatma"",""Hacim"":""100 ml"",""Form"":""Krem"",""İçerik"":""AHA / BHA"",""Tip"":""Kavanoz"",""Set İçerik Adeti"":""1"",""Yaşlanma Karşıtı"":""Hayır"",""Menşei"":""TR"",""Ürün Güvenliği Bilgisi"":""Tehlikeli Değil""}",20,5,refreshed,"[""daily_top""]",true,2026-08-21T12:00:02+03:00,0,"[""search_result_dom"",""product_detail_jsonld"",""product_detail_dom""]","{""title"":""observed"",""brand"":""observed"",""seller_name"":""observed"",""seller_score"":""observed"",""price"":""observed"",""original_price"":""unavailable"",""campaigns"":""observed"",""stock_status"":""observed"",""stock_signal"":""observed"",""rating"":""observed"",""rating_count"":""observed"",""review_count"":""observed"",""question_count"":""observed"",""delivery_summary"":""observed"",""shipping_cost"":""observed"",""properties"":""observed""}",true,
2026-08-21,2026-08-21T12:00:02+03:00,kozmetik,BEST_SELLER,kozmetik-vitrini,Trendyol Kozmetik / En Çok Satan Ürünler,18,1,18,18,,kozmetik:kozmetik-vitrini,18,-2,69.2,22.8,822166685,1046771,822166685:1046771,MUJGAN 12'li Dudak Kalemi,MUJGAN,,https://www.trendyol.com/mujgan/12-li-dudak-kalemi-p-822166685?boutiqueId=61&merchantId=1046771,ARLEN BAKIM VE KOZMETİK,9,162.68,166,2,0,TRY,"[""Sepette %2 İndirim"",""30 TL Kupon"",""Kargo Bedava""]",InStock,100 adetten fazla stok sunulmuştur,,,,,4,795,,0,153,"4,8B kişinin sepetinde","46,1B kişi favoriledi","Son 24 saatte 1,4B kişi görüntüledi",,,0,,,,Tahmini Teslim:,,,{},0,,refreshed,"[""daily_top""]",true,2026-08-21T12:00:02+03:00,0,"[""search_result_dom"",""product_detail_jsonld"",""product_detail_dom""]","{""title"":""observed"",""brand"":""observed"",""seller_name"":""observed"",""seller_score"":""observed"",""price"":""observed"",""original_price"":""observed"",""campaigns"":""observed"",""stock_status"":""observed"",""stock_signal"":""observed"",""rating"":""observed"",""rating_count"":""observed"",""review_count"":""unavailable"",""question_count"":""observed"",""delivery_summary"":""observed"",""shipping_cost"":""unavailable"",""properties"":""observed""}",true,
2026-08-21,2026-08-21T12:00:02+03:00,kozmetik,BEST_SELLER,kozmetik-vitrini,Trendyol Kozmetik / En Çok Satan Ürünler,19,1,19,19,,kozmetik:kozmetik-vitrini,19,-2,90.5,22,354102809,674296,354102809:674296,Mad Parfüm Mad Divine Desire 100 ml Kadın Parfüm | Oriental . Vanilya . Zarif,Mad Parfüm,Parfüm,https://www.trendyol.com/mad-parfum/mad-divine-desire-100-ml-kadin-parfum-oriental-vanilya-zarif-p-354102809?boutiqueId=61&merchantId=674296,MAD PARFÜM,92,1499.99,1999.99,25,0,TRY,"[""Kargo Bedava""]",InStock,100 adetten fazla stok sunulmuştur,,,,,4.4,1466,877,-1,593,"2,6B kişinin sepetinde","121,2B kişi favoriledi","Son 24 saatte 4,1B kişi görüntüledi",4999,TRY,0,3,1,6,Tahmini Teslim:,,https://cdn.dsmcdn.com/ty1937/prod/QC_ENRICHMENT/20260610/16/09872c3e-234a-3c89-9eba-58ce9a7903e6/1_org_zoom.jpg,"{""Tip"":""EDP"",""Koku Türü"":""Oryantal"",""Menşei"":""TR"",""Ürün Güvenliği Bilgisi"":""Sınıf 3 Alevlenir sıvılar"",""Refill"":""Hayır"",""Hacim"":""100 ml""}",20,5,refreshed,"[""daily_top""]",true,2026-08-21T12:00:02+03:00,0,"[""search_result_dom"",""product_detail_jsonld"",""product_detail_dom""]","{""title"":""observed"",""brand"":""observed"",""seller_name"":""observed"",""seller_score"":""observed"",""price"":""observed"",""original_price"":""observed"",""campaigns"":""observed"",""stock_status"":""observed"",""stock_signal"":""observed"",""rating"":""observed"",""rating_count"":""observed"",""review_count"":""observed"",""question_count"":""observed"",""delivery_summary"":""observed"",""shipping_cost"":""observed"",""properties"":""observed""}",true,
2026-08-21,2026-08-21T12:00:02+03:00,kozmetik,BEST_SELLER,kozmetik-vitrini,Trendyol Kozmetik / En Çok Satan Ürünler,20,1,20,20,5,kozmetik:kozmetik-vitrini,20,,66.4,47.7,752691034,315133,752691034:315133,"Bepanthol Dudak Bakım Kremi 7,5 ml 3 Adet Onarıcı Bakım Merhemi 3,5 gr",Bepanthol,Dudak Kremi ve Peelingi,https://www.trendyol.com/bepanthol/dudak-bakim-kremi-7-5-ml-3-adet-onarici-bakim-merhemi-3-5-gr-p-752691034?boutiqueId=61&merchantId=315133,Bepanthol,,230.44,,,,TRY,"[""Kargo Bedava""]",InStock,100 adetten fazla stok sunulmuştur,3 günde 500+ ürün satıldı!,3,500,166.7,4.4,364,182,,65,613 kişinin sepetinde,"8,4B kişi favoriledi","Son 24 saatte 1,8B kişi görüntüledi",4999,TRY,0,1,1,4,11 saat 57 dakika içinde sipariş verirsen en geç yarın kargoda!,En Çok Satan 5. Ürün,https://cdn.dsmcdn.com/ty1463/product/media/images/prod/QC/20240805/15/f71b727d-bf44-3042-a0c8-6380b8e6c40f/1_org_zoom.jpg,"{""Hacim"":""3 Gr"",""SPF"":""Korumasız"",""Tip"":""Stick"",""Form"":""Krem"",""Kullanma Amacı"":""Onarıcı"",""Görünüm"":""Renksiz"",""Menşei"":""DE"",""Kutu Durumu"":""Kutu yok""}",20,5,refreshed,"[""daily_top""]",true,2026-08-21T12:00:02+03:00,0,"[""search_result_dom"",""product_detail_jsonld"",""product_detail_dom""]","{""title"":""observed"",""brand"":""observed"",""seller_name"":""observed"",""seller_score"":""unavailable"",""price"":""observed"",""original_price"":""unavailable"",""campaigns"":""observed"",""stock_status"":""observed"",""stock_signal"":""observed"",""rating"":""observed"",""rating_count"":""observed"",""review_count"":""observed"",""question_count"":""observed"",""delivery_summary"":""observed"",""shipping_cost"":""observed"",""properties"":""observed""}",true,
2026-08-21,2026-08-21T12:00:02+03:00,kozmetik,BEST_SELLER,kozmetik-vitrini,Trendyol Kozmetik / En Çok Satan Ürünler,21,1,21,21,,kozmetik:kozmetik-vitrini,21,,38,,1184107433,369129,1184107433:369129,AURAN Bebek Pudrası Vücut & Saç Spreyi Besleyici ve Onarıcı Saç Parfümü Anahtarlıklı Vücut Parfümü Charm Body & Hair Mist Spray 30ml,AURAN,Vücut Spreyi,https://www.trendyol.com/auran/bebek-pudrasi-vucut-sac-spreyi-besleyici-ve-onarici-sac-parfumu-anahtarlikli-vucut-parfumu-charm-body-hair-mist-spray-30ml-p-1184107433?boutiqueId=61&merchantId=369129,AURAN,,199.99,,,,TRY,"[""Kargo Bedava""]",InStock,100 adetten fazla stok sunulmuştur,,,,,,,,,1,,,Son 24 saatte 734 kişi görüntüledi,4999,TRY,0,1,1,4,Tahmini Teslim:,,https://cdn.dsmcdn.com/ty1944/prod/QC_ENRICHMENT/20260818/16/6117700a-04fc-3203-b9fc-1f3b99969edb/1_org_zoom.jpg,"{""Hacim"":""30 ml"",""Koku Türü"":""Şekerli"",""Menşei"":""TR"",""Ürün Güvenliği Bilgisi"":""Sınıf 3 Alevlenir sıvılar""}",0,,refreshed,"[""daily_top""]",true,2026-08-21T12:00:02+03:00,0,"[""search_result_dom"",""product_detail_jsonld"",""product_detail_dom""]","{""title"":""observed"",""brand"":""observed"",""seller_name"":""observed"",""seller_score"":""unavailable"",""price"":""observed"",""original_price"":""unavailable"",""campaigns"":""observed"",""stock_status"":""observed"",""stock_signal"":""observed"",""rating"":""unavailable"",""rating_count"":""unavailable"",""review_count"":""unavailable"",""question_count"":""observed"",""delivery_summary"":""observed"",""shipping_cost"":""observed"",""properties"":""observed""}",true,
2026-08-21,2026-08-21T12:00:02+03:00,kozmetik,BEST_SELLER,kozmetik-vitrini,Trendyol Kozmetik / En Çok Satan Ürünler,22,1,22,22,4,kozmetik:kozmetik-vitrini,22,-12,96.9,58.8,897985046,1173798,897985046:1173798,"Kremi Dudak Bakım Parlatıcı Lip Balm Bordo, Cherry Coke, Nemlendirici, Peptit, Seramid, E Vitamini 13ml",Kremi,Dudak Kremi ve Peelingi,https://www.trendyol.com/kremi/dudak-bakim-parlatici-lip-balm-bordo-cherry-coke-nemlendirici-peptit-seramid-e-vitamini-13ml-p-897985046?boutiqueId=61&merchantId=1173798,ANDİORA,93,469,568,17.4,,TRY,"[""Kargo Bedava"",""Son 10 Günün En Düşük Fiyatı"",""Son 10 günün en düşük fiyatı""]",InStock,Son 1 Ürün,3 günde 1B+ ürün satıldı!,3,1000,333.3,4.5,4705,2293,6,96,6B kişinin sepetinde,"169,6B kişi favoriledi","Son 24 saatte 2,2B kişi görüntüledi",4999,TRY,0,1,1,4,Tahmini Teslim:,En Çok Satan 4. Ürün,https://cdn.dsmcdn.com/ty1898/prod/QC_ENRICHMENT/20260626/16/81f1fcd6-40c1-3776-88dd-dc2e1b542c01/1_org_zoom.jpg,"{""SPF"":""Korumasız"",""Hacim"":""13 ml"",""Tip"":""Tüp"",""Form"":""Balm"",""Kullanma Amacı"":""Nemlendirici"",""Ek Özellik"":""Vegan"",""Görünüm"":""Renkli"",""Menşei"":""TR"",""Kutu Durumu"":""Kutulu""}",20,5,refreshed,"[""daily_top""]",true,2026-08-21T12:00:02+03:00,0,"[""search_result_dom"",""product_detail_jsonld"",""product_detail_dom""]","{""title"":""observed"",""brand"":""observed"",""seller_name"":""observed"",""seller_score"":""observed"",""price"":""observed"",""original_price"":""observed"",""campaigns"":""observed"",""stock_status"":""observed"",""stock_signal"":""observed"",""rating"":""observed"",""rating_count"":""observed"",""review_count"":""observed"",""question_count"":""observed"",""delivery_summary"":""observed"",""shipping_cost"":""observed"",""properties"":""observed""}",true,
2026-08-21,2026-08-21T12:00:02+03:00,kozmetik,BEST_SELLER,kozmetik-vitrini,Trendyol Kozmetik / En Çok Satan Ürünler,23,1,23,23,,kozmetik:kozmetik-vitrini,23,,49.9,27.6,1093740858,791156,1093740858:791156,The Ceel BB Krem Medium SPF 50+ PA++++ Güneş Korumalı Leke Karşıtı ve Nemlendirici Etkili 50 ml,The Ceel,BB CC Krem,https://www.trendyol.com/the-ceel/bb-krem-medium-spf-50-pa-gunes-korumali-leke-karsiti-ve-nemlendirici-etkili-50-ml-p-1093740858?boutiqueId=61&merchantId=791156,The Ceel,,362.25,,,,TRY,[],InStock,100 adetten fazla stok sunulmuştur,,,,,4.6,168,96,,50,"2,1B kişinin sepetinde","12,2B kişi favoriledi","Son 24 saatte 1,1B kişi görüntüledi",4999,TRY,0,1,1,4,Tahmini Teslim:,,https://cdn.dsmcdn.com/ty1000335/product/media/images/prod/PIM/20260305/11/5b8428e6-bd06-4168-aca7-1ae451aeb58d/1_org_zoom.jpg,"{""Cilt Tipi"":""Tüm Cilt Tipleri"",""Kutu Durumu"":""Kutulu"",""Renk"":""Bej"",""SPF"":""SPF 50 +"",""Görünüm"":""Parlak"",""Kapatıcılık"":""Orta"",""Suya/Tere Dayanıklılık"":""Var"",""Form"":""Krem"",""RGB"":""#DBAE8C"",""Menşei"":""TR"",""Ürün Güvenliği Bilgisi"":""Tehlikeli Değil""}",20,5,refreshed,"[""daily_top""]",true,2026-08-21T12:00:02+03:00,0,"[""search_result_dom"",""product_detail_jsonld"",""product_detail_dom""]","{""title"":""observed"",""brand"":""observed"",""seller_name"":""observed"",""seller_score"":""unavailable"",""price"":""observed"",""original_price"":""unavailable"",""campaigns"":""unavailable"",""stock_status"":""observed"",""stock_signal"":""observed"",""rating"":""observed"",""rating_count"":""observed"",""review_count"":""observed"",""question_count"":""observed"",""delivery_summary"":""observed"",""shipping_cost"":""observed"",""properties"":""observed""}",true,
2026-08-21,2026-08-21T12:00:02+03:00,kozmetik,BEST_SELLER,kozmetik-vitrini,Trendyol Kozmetik / En Çok Satan Ürünler,24,1,24,24,,kozmetik:kozmetik-vitrini,24,4,65,24.6,145758980,112718,145758980:112718,Motto Plus Professional 2'li Brezilya Fönü Şampuan Keratin Saç Düzleştirici Botox Bakım Seti (400ML ŞAMPUAN + 400ML KERATİN),Motto Plus Professional,Saç Bakım Seti,https://www.trendyol.com/motto-plus-professional/2-li-brezilya-fonu-sampuan-keratin-sac-duzlestirici-botox-bakim-seti-400ml-sampuan-400ml-keratin-p-145758980?boutiqueId=61&merchantId=112718,Motto Plus Professional,2,396.08,,,29.8,TRY,"[""Sepette %2 İndirim"",""234,29 TL Kupon"",""100 TL Kupon"",""372,48 TL Kupon"",""Kargo Bedava"",""Son 10 Günün En Düşük Fiyatı"",""Trendyol Plus'a Özel""]",InStock,100 adetten fazla stok sunulmuştur,3 günde 250+ ürün satıldı!,3,250,83.3,4.1,7264,3985,-2,3404,"4,3B kişinin sepetinde","160,5B kişi favoriledi","Son 24 saatte 1,5B kişi görüntüledi",4999,TRY,0,,1,4,1 saat 57 dakika içinde sipariş verirsen en geç bugün kargoda!,,https://cdn.dsmcdn.com/ty1723/prod/QC_ENRICHMENT/20250808/21/e8bcece5-d590-3adf-92af-72bc6c87cd0a/1_org_zoom.jpg,"{""Saç Tipi"":""Tüm Saç Tipleri"",""Etki"":""Arındırıcı"",""Menşei"":""TR""}",20,5,refreshed,"[""daily_top""]",true,2026-08-21T12:00:02+03:00,0,"[""search_result_dom"",""product_detail_jsonld"",""product_detail_dom""]","{""title"":""observed"",""brand"":""observed"",""seller_name"":""observed"",""seller_score"":""observed"",""price"":""observed"",""original_price"":""unavailable"",""campaigns"":""observed"",""stock_status"":""observed"",""stock_signal"":""observed"",""rating"":""observed"",""rating_count"":""observed"",""review_count"":""observed"",""question_count"":""observed"",""delivery_summary"":""observed"",""shipping_cost"":""observed"",""properties"":""observed""}",true,
2026-08-21,2026-08-21T12:00:02+03:00,kozmetik,BEST_SELLER,kozmetik-vitrini,Trendyol Kozmetik / En Çok Satan Ürünler,25,2,25,25,9,kozmetik:kozmetik-vitrini,25,,52.5,20,241521933,1072118,241521933:1072118,Rose Roesıe Çift Taraflı Kontür & Aydınlatıcı Wonder Stick,Rose,Aydınlatıcı,https://www.trendyol.com/rose/roesie-cift-tarafli-kontur-aydinlatici-wonder-stick-p-241521933?boutiqueId=61&merchantId=1072118,DGN TAKIKOZMETİK,85,69.5,,,,TRY,"[""20 TL Kupon"",""Sepette %2 İndirim"",""Kargo Bedava""]",InStock,100 adetten fazla stok sunulmuştur,,,,,3.5,1383,657,,111,"2,1B kişinin sepetinde","37,6B kişi favoriledi",Son 24 saatte 640 kişi görüntüledi,4999,TRY,0,1,1,4,2 saat 56 dakika içinde sipariş verirsen en geç bugün kargoda!,En Çok Satan 9. Ürün,https://cdn.dsmcdn.com/ty1553/product/media/images/ty1551/prod/QC/20240918/00/c525daf3-fc84-331d-9125-568ab6177ee3/1_org_zoom.jpg,"{""Form"":""Stick"",""Renk"":""Bej"",""RGB"":""#FFF0BE"",""Menşei"":""CN"",""Kutu Durumu"":""Kutulu"",""Ürün Güvenliği Bilgisi"":""Tehlikeli Değil""}",20,5,refreshed,"[""daily_top""]",true,2026-08-21T12:00:02+03:00,0,"[""search_result_dom"",""product_detail_jsonld"",""product_detail_dom""]","{""title"":""observed"",""brand"":""observed"",""seller_name"":""observed"",""seller_score"":""observed"",""price"":""observed"",""original_price"":""unavailable"",""campaigns"":""observed"",""stock_status"":""observed"",""stock_signal"":""observed"",""rating"":""observed"",""rating_count"":""observed"",""review_count"":""observed"",""question_count"":""observed"",""delivery_summary"":""observed"",""shipping_cost"":""observed"",""properties"":""observed""}",true,
2026-08-21,2026-08-21T12:00:02+03:00,kozmetik,BEST_SELLER,kozmetik-vitrini,Trendyol Kozmetik / En Çok Satan Ürünler,26,2,26,26,1,kozmetik:kozmetik-vitrini,26,-3,82.4,67.6,1166153947,107599,1166153947:107599,Xoom Liberty Body Mist 30 ML - Gün Boyu Tazelik,Xoom,Vücut Spreyi,https://www.trendyol.com/xoom/liberty-body-mist-30-ml-gun-boyu-tazelik-p-1166153947?boutiqueId=61&merchantId=107599,ENUCUZAVN,93,285,,,0,TRY,"[""Kargo Bedava""]",InStock,100 adetten fazla stok sunulmuştur,Son 3 günde 5B+ ürün satıldı!,3,5000,1666.7,4.9,1184,1122,114,37,"20,1B kişinin sepetinde",14B kişi favoriledi,"Son 24 saatte 5,4B kişi görüntüledi",4999,TRY,0,1,1,4,Tahmini Teslim:,En Çok Satan 1. Ürün,https://cdn.dsmcdn.com/ty1935/prod/QC_ENRICHMENT/20260728/12/97dac446-509f-30b1-ae8d-f217be30b1b2/1_org_zoom.jpg,"{""Hacim"":""30 ml"",""Koku Türü"":""Aromatik"",""Menşei"":""TR""}",20,5,refreshed,"[""daily_top""]",true,2026-08-21T12:00:02+03:00,0,"[""search_result_dom"",""product_detail_jsonld"",""product_detail_dom""]","{""title"":""observed"",""brand"":""observed"",""seller_name"":""observed"",""seller_score"":""observed"",""price"":""observed"",""original_price"":""unavailable"",""campaigns"":""observed"",""stock_status"":""observed"",""stock_signal"":""observed"",""rating"":""observed"",""rating_count"":""observed"",""review_count"":""observed"",""question_count"":""observed"",""delivery_summary"":""observed"",""shipping_cost"":""observed"",""properties"":""observed""}",true,
2026-08-21,2026-08-21T12:00:02+03:00,kozmetik,BEST_SELLER,kozmetik-vitrini,Trendyol Kozmetik / En Çok Satan Ürünler,27,2,27,27,4,kozmetik:kozmetik-vitrini,27,,53.1,19.9,979558213,205639,979558213:205639,Note Cosmetics Stick Blush Nemlendirici Yumuşak Stick Allık - 20 Rosy,Note Cosmetics,,https://www.trendyol.com/note-cosmetics/stick-blush-nemlendirici-yumusak-stick-allik-20-rosy-p-979558213?boutiqueId=61&merchantId=205639,Note Cosmetics,,299.9,317.31,5.5,,TRY,"[""Son 10 Günün En Düşük Fiyatı"",""Kargo Bedava"",""Son 10 günün en düşük fiyatı""]",InStock,100 adetten fazla stok sunulmuştur,,,,,4.5,504,,,33,"4,1B kişinin sepetinde","58,6B kişi favoriledi","Son 24 saatte 1,6B kişi görüntüledi",,,0,,,,Tahmini Teslim:,Fenomen Seçimi,,{},0,,refreshed,"[""daily_top""]",true,2026-08-21T12:00:02+03:00,0,"[""search_result_dom"",""product_detail_jsonld"",""product_detail_dom""]","{""title"":""observed"",""brand"":""observed"",""seller_name"":""observed"",""seller_score"":""unavailable"",""price"":""observed"",""original_price"":""observed"",""campaigns"":""observed"",""stock_status"":""observed"",""stock_signal"":""observed"",""rating"":""observed"",""rating_count"":""observed"",""review_count"":""unavailable"",""question_count"":""observed"",""delivery_summary"":""observed"",""shipping_cost"":""unavailable"",""properties"":""observed""}",true,
2026-08-21,2026-08-21T12:00:02+03:00,kozmetik,BEST_SELLER,kozmetik-vitrini,Trendyol Kozmetik / En Çok Satan Ürünler,28,2,28,28,3,kozmetik:kozmetik-vitrini,28,,49.1,15.9,2779642,205639,2779642:205639,Note Cosmetics Perfecting Pen Aydınlatıcı Etkili Kalem Göz Altı Kapatıcısı - 01 Light Rose,Note Cosmetics,,https://www.trendyol.com/note-cosmetics/perfecting-pen-aydinlatici-etkili-kalem-goz-alti-kapaticisi-01-light-rose-p-2779642?boutiqueId=61&merchantId=205639,Note Cosmetics,,199.9,,,,TRY,"[""Kargo Bedava""]",InStock,100 adetten fazla stok sunulmuştur,,,,,4.2,1358,,,166,"1,1B kişinin sepetinde","50,3B kişi favoriledi",Son 24 saatte 941 kişi görüntüledi,,,0,,,,Tahmini Teslim:,Fenomen Seçimi,,{},0,,refreshed,"[""daily_top""]",true,2026-08-21T12:00:02+03:00,0,"[""search_result_dom"",""product_detail_jsonld"",""product_detail_dom""]","{""title"":""observed"",""brand"":""observed"",""seller_name"":""observed"",""seller_score"":""unavailable"",""price"":""observed"",""original_price"":""unavailable"",""campaigns"":""observed"",""stock_status"":""observed"",""stock_signal"":""observed"",""rating"":""observed"",""rating_count"":""observed"",""review_count"":""unavailable"",""question_count"":""observed"",""delivery_summary"":""observed"",""shipping_cost"":""unavailable"",""properties"":""observed""}",true,
2026-08-21,2026-08-21T12:00:02+03:00,kozmetik,BEST_SELLER,kozmetik-vitrini,Trendyol Kozmetik / En Çok Satan Ürünler,29,2,29,29,3,kozmetik:kozmetik-vitrini,29,5,53.7,11.1,60063730,1072118,60063730:1072118,MUJGAN Siyah 54lü Mat Sedefli Far Paleti,MUJGAN,,https://www.trendyol.com/mujgan/siyah-54lu-mat-sedefli-far-paleti-p-60063730?boutiqueId=61&merchantId=1072118,,,168,172,2.3,0,TRY,"[""30 TL Kupon"",""Son 10 Günün En Düşük Fiyatı"",""Sepette %2 İndirim"",""Kargo Bedava"",""Son 10 günün en düşük fiyatı""]",InStock,,,,,,3.8,4729,,0,381,"3,1B kişinin sepetinde","157,1B kişi favoriledi","Son 24 saatte 1,6B kişi görüntüledi",,,0,,,,2 saat 56 dakika içinde sipariş verirsen en geç bugün kargoda!,,,{},0,,refreshed,"[""daily_top""]",true,2026-08-21T12:00:02+03:00,0,"[""search_result_dom"",""product_detail_jsonld"",""product_detail_dom""]","{""title"":""observed"",""brand"":""observed"",""seller_name"":""unavailable"",""seller_score"":""unavailable"",""price"":""observed"",""original_price"":""observed"",""campaigns"":""observed"",""stock_status"":""observed"",""stock_signal"":""unavailable"",""rating"":""observed"",""rating_count"":""observed"",""review_count"":""unavailable"",""question_count"":""observed"",""delivery_summary"":""observed"",""shipping_cost"":""unavailable"",""properties"":""observed""}",true,
2026-08-21,2026-08-21T12:00:02+03:00,kozmetik,BEST_SELLER,kozmetik-vitrini,Trendyol Kozmetik / En Çok Satan Ürünler,30,2,30,30,,kozmetik:kozmetik-vitrini,30,5,42.7,46.4,1174062985,830154,1174062985:830154,"CALLİEL Yoğun Nemlendirici, Yumuşatıcı, Işıltı Verici Tinted Dudak Bakım Maskesi",CALLİEL,Dudak Kremi ve Peelingi,https://www.trendyol.com/calliel/yogun-nemlendirici-yumusatici-isilti-verici-tinted-dudak-bakim-maskesi-p-1174062985?boutiqueId=61&merchantId=830154,Calliel,91,474.9,,,0,TRY,"[""Kargo Bedava"",""Trendyol Plus'a Özel""]",InStock,100 adetten fazla stok sunulmuştur,Son 3 günde 500+ ürün satıldı!,3,500,166.7,4.1,110,62,7,23,"6,9B kişinin sepetinde","40,1B kişi favoriledi","Son 24 saatte 5,1B kişi görüntüledi",4999,TRY,0,1,1,4,4 saat 56 dakika içinde sipariş verirsen en geç bugün kargoda!,En Çok Ziyaret Edilen 2. Ürün,https://cdn.dsmcdn.com/ty1945/prod/QC_ENRICHMENT/20260819/14/6a01fb00-8d69-34a3-8c9e-f185e54a9c2c/1_org_zoom.jpg,"{""Hacim"":""4 ml"",""SPF"":""Korumasız"",""Tip"":""Kavanoz"",""Form"":""Balm"",""Kullanma Amacı"":""Nemlendirici"",""Ek Özellik"":""Vegan"",""Görünüm"":""Renkli"",""Menşei"":""TR"",""Kutu Durumu"":""Kutulu"",""Ürün Güvenliği Bilgisi"":""Tehlikeli Değil""}",20,5,refreshed,"[""daily_top""]",true,2026-08-21T12:00:02+03:00,0,"[""search_result_dom"",""product_detail_jsonld"",""product_detail_dom""]","{""title"":""observed"",""brand"":""observed"",""seller_name"":""observed"",""seller_score"":""observed"",""price"":""observed"",""original_price"":""unavailable"",""campaigns"":""observed"",""stock_status"":""observed"",""stock_signal"":""observed"",""rating"":""observed"",""rating_count"":""observed"",""review_count"":""observed"",""question_count"":""observed"",""delivery_summary"":""observed"",""shipping_cost"":""observed"",""properties"":""observed""}",true,
2026-08-21,2026-08-21T12:00:02+03:00,kozmetik,BEST_SELLER,kozmetik-vitrini,Trendyol Kozmetik / En Çok Satan Ürünler,31,2,31,31,,kozmetik:kozmetik-vitrini,31,12,56.4,30.3,35563984,113082,35563984:113082,Tala Ruşur Taşı Beyazlatıcı Ölü Derilerden Arındırıcı Yüz Ve Vücut Peelingi 6 Adet (İRAN HAMAM TAŞI),Tala,Yüz Peelingi,https://www.trendyol.com/tala/rusur-tasi-beyazlatici-olu-derilerden-arindirici-yuz-ve-vucut-peelingi-6-adet-iran-hamam-tasi-p-35563984?boutiqueId=61&merchantId=113082,Tala,,189.9,,,0,TRY,"[""Kargo Bedava"",""Trendyol Plus'a Özel""]",InStock,100 adetten fazla stok sunulmuştur,Son 3 günde 500+ ürün satıldı!,3,500,166.7,4.1,10761,5690,3,1278,"6,8B kişinin sepetinde","390,2B kişi favoriledi","Son 24 saatte 1,7B kişi görüntüledi",4999,TRY,0,,1,4,56 dakika 50 saniye içinde sipariş verirsen en geç bugün kargoda!,En Çok Favorilenen 3. Ürün,https://cdn.dsmcdn.com/ty1801/prod/QC_ENRICHMENT/20251216/12/74f6b03d-352e-3547-93ad-0472b10e985b/1_org_zoom.jpg,"{""Form"":""Peeling - Partiküllü"",""Ek Özellik"":""Paraben İçermeyen"",""Menşei"":""TR"",""Ürün Güvenliği Bilgisi"":""Tehlikeli Değil""}",20,5,refreshed,"[""daily_top""]",true,2026-08-21T12:00:02+03:00,0,"[""search_result_dom"",""product_detail_jsonld"",""product_detail_dom""]","{""title"":""observed"",""brand"":""observed"",""seller_name"":""observed"",""seller_score"":""unavailable"",""price"":""observed"",""original_price"":""unavailable"",""campaigns"":""observed"",""stock_status"":""observed"",""stock_signal"":""observed"",""rating"":""observed"",""rating_count"":""observed"",""review_count"":""observed"",""question_count"":""observed"",""delivery_summary"":""observed"",""shipping_cost"":""observed"",""properties"":""observed""}",true,
2026-08-21,2026-08-21T12:00:02+03:00,kozmetik,BEST_SELLER,kozmetik-vitrini,Trendyol Kozmetik / En Çok Satan Ürünler,32,2,32,32,10,kozmetik:kozmetik-vitrini,32,-6,44.3,12.6,679461509,228122,679461509:228122,GulFlower 18'li Glitter Göz Farı,GulFlower,Göz Farı,https://www.trendyol.com/gulflower/18-li-glitter-goz-fari-p-679461509?boutiqueId=61&merchantId=228122,Tekin Onur Kozmetik,95,193.35,197.01,1.9,0,TRY,"[""Son 10 Günün En Düşük Fiyatı"",""Kargo Bedava"",""Son 10 günün en düşük fiyatı""]",InStock,100 adetten fazla stok sunulmuştur,,,,,4.6,2995,1993,5,273,"1,8B kişinin sepetinde","92,6B kişi favoriledi","Son 24 saatte 1,4B kişi görüntüledi",4999,TRY,0,1,1,4,Tahmini Teslim:,En Çok Satan 10. Ürün,https://cdn.dsmcdn.com/ty1688/prod/QC_ENRICHMENT/20250531/01/43e8657b-a0d2-3710-b9f5-832e4e40ae1d/1_org_zoom.jpg,"{""Görünüm"":""Işıltılı"",""Form"":""Toz"",""Renk"":""Gümüş"",""Boy"":""Palet"",""Menşei"":""CN"",""Ürün Güvenliği Bilgisi"":""Tehlikeli Değil""}",20,5,refreshed,"[""daily_top""]",true,2026-08-21T12:00:02+03:00,0,"[""search_result_dom"",""product_detail_jsonld"",""product_detail_dom""]","{""title"":""observed"",""brand"":""observed"",""seller_name"":""observed"",""seller_score"":""observed"",""price"":""observed"",""original_price"":""observed"",""campaigns"":""observed"",""stock_status"":""observed"",""stock_signal"":""observed"",""rating"":""observed"",""rating_count"":""observed"",""review_count"":""observed"",""question_count"":""observed"",""delivery_summary"":""observed"",""shipping_cost"":""observed"",""properties"":""observed""}",true,
2026-08-21,2026-08-21T12:00:02+03:00,kozmetik,BEST_SELLER,kozmetik-vitrini,Trendyol Kozmetik / En Çok Satan Ürünler,33,2,33,33,2,kozmetik:kozmetik-vitrini,33,-6,69.1,63.4,900381109,1224693,900381109:1224693,"icollagen Kolajen, Isırgan Otu, Prebiyotik Şampuan - Dökülen Ve Geç Uzayan Yağlanma Karşıtı",icollagen,Şampuan,https://www.trendyol.com/icollagen/kolajen-isirgan-otu-prebiyotik-sampuan-dokulen-ve-gec-uzayan-yaglanma-karsiti-p-900381109?boutiqueId=61&merchantId=1224693,Doctamin iCollagen,89,450,,,0,TRY,"[""Kargo Bedava""]",InStock,100 adetten fazla stok sunulmuştur,Son 3 günde 2B+ ürün satıldı!,3,2000,666.7,4.4,1760,1353,25,335,"22,9B kişinin sepetinde","56,1B kişi favoriledi",Son 24 saatte 8B kişi görüntüledi,4999,TRY,0,1,1,4,Tahmini Teslim:,En Çok Satan 2. Ürün,https://cdn.dsmcdn.com/ty1000423/product/media/images/prod/PIM/20260730/08/57e63ab2-db93-46f5-9c6c-09dc6b26ab32/1_org_zoom.jpg,"{""Etki"":""Dökülme Karşıtı"",""Hacim"":""250 ml"",""Saç Tipi"":""Tüm Saç Tipleri"",""Menşei"":""TR"",""Refill"":""Evet""}",20,5,refreshed,"[""daily_top""]",true,2026-08-21T12:00:02+03:00,0,"[""search_result_dom"",""product_detail_jsonld"",""product_detail_dom""]","{""title"":""observed"",""brand"":""observed"",""seller_name"":""observed"",""seller_score"":""observed"",""price"":""observed"",""original_price"":""unavailable"",""campaigns"":""observed"",""stock_status"":""observed"",""stock_signal"":""observed"",""rating"":""observed"",""rating_count"":""observed"",""review_count"":""observed"",""question_count"":""observed"",""delivery_summary"":""observed"",""shipping_cost"":""observed"",""properties"":""observed""}",true,
2026-08-21,2026-08-21T12:00:02+03:00,kozmetik,BEST_SELLER,kozmetik-vitrini,Trendyol Kozmetik / En Çok Satan Ürünler,34,2,34,34,3,kozmetik:kozmetik-vitrini,34,2,50.5,28.8,4360139,1096785,4360139:1096785,KIKO Ruj - Smart Fusion Lipstick 405 Vintage Rose 8025272631426,KIKO,,https://www.trendyol.com/kiko/ruj-smart-fusion-lipstick-405-vintage-rose-8025272631426-p-4360139?boutiqueId=61&merchantId=1096785,TWİN BEAUTY,96,709,,,,TRY,"[""Kargo Bedava""]",InStock,Son 3 Ürün,Son 3 günde 500+ ürün satıldı!,3,500,166.7,4.6,5937,,0,198,"3,2B kişinin sepetinde","211,7B kişi favoriledi","Son 24 saatte 4,5B kişi görüntüledi",,,0,,,,2 saat 56 dakika içinde sipariş verirsen en geç bugün kargoda!,En Çok Satan 3. Ürün,,{},0,,refreshed,"[""daily_top""]",true,2026-08-21T12:00:02+03:00,0,"[""search_result_dom"",""product_detail_jsonld"",""product_detail_dom""]","{""title"":""observed"",""brand"":""observed"",""seller_name"":""observed"",""seller_score"":""observed"",""price"":""observed"",""original_price"":""unavailable"",""campaigns"":""observed"",""stock_status"":""observed"",""stock_signal"":""observed"",""rating"":""observed"",""rating_count"":""observed"",""review_count"":""unavailable"",""question_count"":""observed"",""delivery_summary"":""observed"",""shipping_cost"":""unavailable"",""properties"":""observed""}",true,
2026-08-21,2026-08-21T12:00:02+03:00,kozmetik,BEST_SELLER,kozmetik-vitrini,Trendyol Kozmetik / En Çok Satan Ürünler,35,2,35,35,10,kozmetik:kozmetik-vitrini,35,19,34.7,12.8,760402945,191952,760402945:191952,Golden Rose Emily Dudak Kalemi 3'lü Set No:203-217-226,Golden Rose,Dudak Kalemi,https://www.trendyol.com/golden-rose/emily-dudak-kalemi-3-lu-set-no-203-217-226-p-760402945?boutiqueId=61&merchantId=191952,Premium Kozmetik,95,187,,,0,TRY,"[""3 TL Kupon"",""Kargo Bedava"",""Son 10 Günün En Düşük Fiyatı""]",InStock,100 adetten fazla stok sunulmuştur,,,,,4.6,2305,1215,2,114,"1,9B kişinin sepetinde","77,9B kişi favoriledi",Son 24 saatte 872 kişi görüntüledi,4999,TRY,0,1,1,4,2 saat 56 dakika içinde sipariş verirsen en geç bugün kargoda!,En Çok Satan 10. Ürün,https://cdn.dsmcdn.com/ty1603/product/media/images/prod/PIM/20241121/14/f8e631c8-8cf9-4a72-9d6a-5add6aeef7dd/1_org_zoom.jpg,"{""Renk"":""Çok Renkli"",""Menşei"":""TR"",""Ürün Güvenliği Bilgisi"":""Tehlikeli Değil""}",20,5,refreshed,"[""daily_top""]",true,2026-08-21T12:00:02+03:00,0,"[""search_result_dom"",""product_detail_jsonld"",""product_detail_dom""]","{""title"":""observed"",""brand"":""observed"",""seller_name"":""observed"",""seller_score"":""observed"",""price"":""observed"",""original_price"":""unavailable"",""campaigns"":""observed"",""stock_status"":""observed"",""stock_signal"":""observed"",""rating"":""observed"",""rating_count"":""observed"",""review_count"":""observed"",""question_count"":""observed"",""delivery_summary"":""observed"",""shipping_cost"":""observed"",""properties"":""observed""}",true,
2026-08-21,2026-08-21T12:00:02+03:00,kozmetik,BEST_SELLER,kozmetik-vitrini,Trendyol Kozmetik / En Çok Satan Ürünler,36,2,36,36,3,kozmetik:kozmetik-vitrini,36,2,40.7,33.4,940580468,556702,940580468:556702,Cream Co. İkili Moisturizer Canlandırıcı Cilt Tonu Eşitleyici Aydınlatıcı Su Bazlı Nemlendirici Yüz Kremi Seti,Cream Co.,Cilt Bakım Seti,https://www.trendyol.com/cream-co/ikili-moisturizer-canlandirici-cilt-tonu-esitleyici-aydinlatici-su-bazli-nemlendirici-yuz-kremi-seti-p-940580468?boutiqueId=61&merchantId=556702,Cream Co.,,474.9,,,0,TRY,"[""Kargo Bedava"",""Trendyol Plus'a Özel""]",InStock,100 adetten fazla stok sunulmuştur,Son 3 günde 500+ ürün satıldı!,3,500,166.7,4.7,2936,1121,3,122,"5,2B kişinin sepetinde","73,3B kişi favoriledi","Son 24 saatte 1,6B kişi görüntüledi",4999,TRY,0,1,1,4,Tahmini Teslim:,En Çok Satan 3. Ürün,https://cdn.dsmcdn.com/ty1000384/product/media/images/prod/PIM/20260331/08/a5070360-96bd-4e07-bd79-f5f34e6f4840/1_org_zoom.jpg,"{""Ek Özellik"":""Vegan"",""Cilt Tipi"":""Tüm Cilt Tipleri"",""Form"":""Krem"",""İçerik"":""Hyalüronik Asit"",""Kullanma Amacı"":""Nemlendirici"",""Set İçerik Adeti"":""2"",""Yaşlanma Karşıtı"":""Evet"",""Menşei"":""TR"",""Ürün Güvenliği Bilgisi"":""Tehlikeli Değil"",""Refill"":""Hayır""}",20,5,refreshed,"[""daily_top""]",true,2026-08-21T12:00:02+03:00,0,"[""search_result_dom"",""product_detail_jsonld"",""product_detail_dom""]","{""title"":""observed"",""brand"":""observed"",""seller_name"":""observed"",""seller_score"":""unavailable"",""price"":""observed"",""original_price"":""unavailable"",""campaigns"":""observed"",""stock_status"":""observed"",""stock_signal"":""observed"",""rating"":""observed"",""rating_count"":""observed"",""review_count"":""observed"",""question_count"":""observed"",""delivery_summary"":""observed"",""shipping_cost"":""observed"",""properties"":""observed""}",true,
2026-08-21,2026-08-21T12:00:02+03:00,kozmetik,BEST_SELLER,kozmetik-vitrini,Trendyol Kozmetik / En Çok Satan Ürünler,37,3,37,37,10,kozmetik:kozmetik-vitrini,37,18,84.8,36.8,355160801,674296,355160801:674296,Mad Parfüm Mad A120 Selective 50 ml Kadın Parfüm,Mad Parfüm,Parfüm,https://www.trendyol.com/mad-parfum/mad-a120-selective-50-ml-kadin-parfum-p-355160801?boutiqueId=61&merchantId=674296,MAD PARFÜM,,299.99,599.99,50,0,TRY,[],InStock,100 adetten fazla stok sunulmuştur,Son 3 günde 500+ ürün satıldı!,3,500,166.7,4,644,364,7,,,,,4999,TRY,0,3,1,6,Tahmini Teslim:,En Çok Satan 10. Ürün,https://cdn.dsmcdn.com/ty1857/prod/QC_ENRICHMENT/20260423/15/30261f7f-10e6-38da-9d0a-cb42448eb6c6/1_org_zoom.jpg,"{""Tip"":""EDP"",""Koku Türü"":""Çiçeksi"",""Menşei"":""TR"",""Ürün Güvenliği Bilgisi"":""Sınıf 3 Alevlenir sıvılar"",""Refill"":""Hayır"",""Hacim"":""50 ml""}",20,5,refreshed,"[""daily_top""]",true,2026-08-21T12:00:02+03:00,0,"[""search_result_dom"",""product_detail_jsonld"",""product_detail_dom""]","{""title"":""observed"",""brand"":""observed"",""seller_name"":""observed"",""seller_score"":""unavailable"",""price"":""observed"",""original_price"":""observed"",""campaigns"":""unavailable"",""stock_status"":""observed"",""stock_signal"":""observed"",""rating"":""observed"",""rating_count"":""observed"",""review_count"":""observed"",""question_count"":""unavailable"",""delivery_summary"":""observed"",""shipping_cost"":""observed"",""properties"":""observed""}",true,
2026-08-21,2026-08-21T12:00:02+03:00,kozmetik,BEST_SELLER,kozmetik-vitrini,Trendyol Kozmetik / En Çok Satan Ürünler,38,3,38,38,2,kozmetik:kozmetik-vitrini,38,27,54.2,20.3,786140381,145234,786140381:145234,S'GLAM Liquid Foundation – LIGHT,S'GLAM,Fondöten,https://www.trendyol.com/s-glam/liquid-foundation-light-p-786140381?boutiqueId=61&merchantId=145234,SGLAM,91,535.2,669,20,0,TRY,"[""Sepette %20 İndirim"",""50 TL Kupon"",""Kargo Bedava"",""Süper Fırsat Ürünü""]",InStock,100 adetten fazla stok sunulmuştur,Son 3 günde 250+ ürün satıldı!,3,250,83.3,4.4,2972,1810,0,,,,,4999,TRY,0,,1,4,1 saat 56 dakika içinde sipariş verirsen en geç bugün kargoda!,En Çok Satan 2. Ürün,https://cdn.dsmcdn.com/ty1805/prod/QC_ENRICHMENT/20251222/17/53e767c9-8069-3eeb-b45a-fec1383386e5/1_org_zoom.jpg,"{""Kapatıcılık"":""Yüksek"",""Renk"":""Siyah"",""Cilt Tipi"":""Tüm Cilt Tipleri"",""Görünüm"":""Mat"",""SPF"":""SPF 4 - 20"",""Suya/Tere Dayanıklılık"":""Var"",""Form"":""Sıvı"",""Menşei"":""TR"",""Kutu Durumu"":""Kutu yok"",""Ürün Güvenliği Bilgisi"":""Tehlikeli Değil""}",20,5,refreshed,"[""daily_top""]",true,2026-08-21T12:00:02+03:00,0,"[""search_result_dom"",""product_detail_jsonld"",""product_detail_dom""]","{""title"":""observed"",""brand"":""observed"",""seller_name"":""observed"",""seller_score"":""observed"",""price"":""observed"",""original_price"":""observed"",""campaigns"":""observed"",""stock_status"":""observed"",""stock_signal"":""observed"",""rating"":""observed"",""rating_count"":""observed"",""review_count"":""observed"",""question_count"":""unavailable"",""delivery_summary"":""observed"",""shipping_cost"":""observed"",""properties"":""observed""}",true,
2026-08-21,2026-08-21T12:00:02+03:00,kozmetik,BEST_SELLER,kozmetik-vitrini,Trendyol Kozmetik / En Çok Satan Ürünler,39,3,39,39,,kozmetik:kozmetik-vitrini,39,39,109.6,26.3,449034123,1084029,449034123:1084029,eliamora Cilt Beyazlatıcı Cilt Tonu Eşitleyici Leke Kremi Ton 30+Spf,eliamora,Yüz Kremi,https://www.trendyol.com/eliamora/cilt-beyazlatici-cilt-tonu-esitleyici-leke-kremi-ton-30-spf-p-449034123?boutiqueId=61&merchantId=1084029,Eczamed,88,185,499,62.9,0,TRY,"[""Süper Fırsat Ürünü"",""Kargo Bedava""]",InStock,100 adetten fazla stok sunulmuştur,Son 3 günde 500+ ürün satıldı!,3,500,166.7,4,34714,,0,9129,"7,4B kişinin sepetinde","267,4B kişi favoriledi",Son 24 saatte 938 kişi görüntüledi,4999,TRY,0,1,1,4,11 saat 56 dakika içinde sipariş verirsen en geç yarın kargoda!,,https://cdn.dsmcdn.com/ty1808/prod/QC_ENRICHMENT/20251231/19/7c3b4c99-333e-3e52-945d-0dc0c5ef6b6a/1_org_zoom.jpg,"{""Cilt Tipi"":""Tüm Cilt Tipleri"",""Ek Özellik"":""Anti Alerjik"",""İçerik"":""Niacinamide"",""SPF"":""SPF 20 - 40"",""Hacim"":""100 ml"",""Tip"":""Tüp"",""Kullanma Amacı"":""Leke Karşıtı Bakım"",""Form"":""Krem"",""Yaşlanma Karşıtı"":""Hayır"",""Menşei"":""TR"",""Refill"":""Hayır""}",0,,refreshed,"[""daily_top""]",true,2026-08-21T12:00:02+03:00,0,"[""search_result_dom"",""product_detail_jsonld"",""product_detail_dom""]","{""title"":""observed"",""brand"":""observed"",""seller_name"":""observed"",""seller_score"":""observed"",""price"":""observed"",""original_price"":""observed"",""campaigns"":""observed"",""stock_status"":""observed"",""stock_signal"":""observed"",""rating"":""observed"",""rating_count"":""observed"",""review_count"":""unavailable"",""question_count"":""observed"",""delivery_summary"":""observed"",""shipping_cost"":""observed"",""properties"":""observed""}",true,
2026-08-21,2026-08-21T12:00:02+03:00,kozmetik,BEST_SELLER,kozmetik-vitrini,Trendyol Kozmetik / En Çok Satan Ürünler,40,3,40,40,4,kozmetik:kozmetik-vitrini,40,10,35.1,15.4,5297992,191952,5297992:191952,Golden Rose Emily Long Lasting Lip Pencil No: 203 - Uzun Süre Kalıcı Dudak Kalemi,Golden Rose,,https://www.trendyol.com/golden-rose/emily-long-lasting-lip-pencil-no-203-uzun-sure-kalici-dudak-kalemi-p-5297992?boutiqueId=61&merchantId=191952,Premium Kozmetik,95,71,,,0,TRY,"[""Kargo Bedava""]",InStock,100 adetten fazla stok sunulmuştur,Son 3 günde 250+ ürün satıldı!,3,250,83.3,4.7,7434,,0,331,"3,1B kişinin sepetinde","178,8B kişi favoriledi","Son 24 saatte 1,1B kişi görüntüledi",,,0,,,,2 saat 56 dakika içinde sipariş verirsen en geç bugün kargoda!,En Çok Satan 4. Ürün,,{},0,,refreshed,"[""daily_top""]",true,2026-08-21T12:00:02+03:00,0,"[""search_result_dom"",""product_detail_jsonld"",""product_detail_dom""]","{""title"":""observed"",""brand"":""observed"",""seller_name"":""observed"",""seller_score"":""observed"",""price"":""observed"",""original_price"":""unavailable"",""campaigns"":""observed"",""stock_status"":""observed"",""stock_signal"":""observed"",""rating"":""observed"",""rating_count"":""observed"",""review_count"":""unavailable"",""question_count"":""observed"",""delivery_summary"":""observed"",""shipping_cost"":""unavailable"",""properties"":""observed""}",true,
2026-08-21,2026-08-21T12:00:02+03:00,kozmetik,BEST_SELLER,kozmetik-vitrini,Trendyol Kozmetik / En Çok Satan Ürünler,41,3,41,41,10,kozmetik:kozmetik-vitrini,41,,48.7,25.4,1091211002,885839,1091211002:885839,FRANKLY PDRN ve Somon DNA Kapsülleri İçeren Cildi Sıkılaştırmaya Yardımcı Yüz Kremi 50 mL,FRANKLY,Yüz Kremi,https://www.trendyol.com/frankly/pdrn-ve-somon-dna-kapsulleri-iceren-cildi-sikilastirmaya-yardimci-yuz-kremi-50-ml-p-1091211002?boutiqueId=61&merchantId=885839,Frankly Türkiye,94,944.25,1259,25,,TRY,"[""Sepette %25 İndirim"",""Kargo Bedava""]",InStock,100 adetten fazla stok sunulmuştur,Son 3 günde 250+ ürün satıldı!,3,250,83.3,4.7,603,272,,262,"1,9B kişinin sepetinde","69,2B kişi favoriledi","Son 24 saatte 3,6B kişi görüntüledi",4999,TRY,0,3,1,6,Tahmini Teslim:,,https://cdn.dsmcdn.com/ty1935/prod/QC_ENRICHMENT/20260513/22/b97f543d-77ec-388d-8d1b-4abb185e1b24/1_org_zoom.jpg,"{""Cilt Tipi"":""Tüm Cilt Tipleri"",""Ek Özellik"":""Kolajen"",""İçerik"":""Kolajen"",""SPF"":""Korumasız"",""Hacim"":""50 ml"",""Tip"":""Tüp"",""Kullanma Amacı"":""Aydınlatıcı"",""Form"":""Krem"",""Yaşlanma Karşıtı"":""Evet"",""Menşei"":""KR"",""Refill"":""Hayır""}",20,5,refreshed,"[""daily_top""]",true,2026-08-21T12:00:02+03:00,0,"[""search_result_dom"",""product_detail_jsonld"",""product_detail_dom""]","{""title"":""observed"",""brand"":""observed"",""seller_name"":""observed"",""seller_score"":""observed"",""price"":""observed"",""original_price"":""observed"",""campaigns"":""observed"",""stock_status"":""observed"",""stock_signal"":""observed"",""rating"":""observed"",""rating_count"":""observed"",""review_count"":""observed"",""question_count"":""observed"",""delivery_summary"":""observed"",""shipping_cost"":""observed"",""properties"":""observed""}",true,
2026-08-21,2026-08-21T12:00:02+03:00,kozmetik,BEST_SELLER,kozmetik-vitrini,Trendyol Kozmetik / En Çok Satan Ürünler,42,3,42,42,,kozmetik:kozmetik-vitrini,42,-28,40.4,53.5,971697551,830154,971697551:830154,CALLİEL Leke Karşıtı Ton Eşitleyici ve Gözenek Sıkılaştırıcı Bakım Seti,CALLİEL,Cilt Bakım Seti,https://www.trendyol.com/calliel/leke-karsiti-ton-esitleyici-ve-gozenek-sikilastirici-bakim-seti-p-971697551?boutiqueId=61&merchantId=830154,Calliel,91,418.66,425.67,1.6,0,TRY,"[""Kargo Bedava"",""Son 10 Günün En Düşük Fiyatı"",""Son 10 günün en düşük fiyatı""]",InStock,100 adetten fazla stok sunulmuştur,Son 3 günde 1B+ ürün satıldı!,3,1000,333.3,4.3,1250,587,14,422,"11,3B kişinin sepetinde","96,1B kişi favoriledi","Son 24 saatte 2,9B kişi görüntüledi",4999,TRY,0,,1,4,4 saat 56 dakika içinde sipariş verirsen en geç bugün kargoda!,,https://cdn.dsmcdn.com/ty1814/prod/QC_ENRICHMENT/20260119/16/ed459baf-a5a3-37da-b745-b76da2e7795e/1_org_zoom.jpg,"{""Ek Özellik"":""Parfüm İçermeyen"",""Cilt Tipi"":""Tüm Cilt Tipleri"",""İçerik"":""Hyalüronik Asit"",""Kullanma Amacı"":""Leke Karşıtı Bakım"",""Set İçerik Adeti"":""2"",""Menşei"":""TR"",""Ürün Güvenliği Bilgisi"":""Tehlikeli Değil"",""Refill"":""Hayır""}",20,5,refreshed,"[""daily_top""]",true,2026-08-21T12:00:02+03:00,0,"[""search_result_dom"",""product_detail_jsonld"",""product_detail_dom""]","{""title"":""observed"",""brand"":""observed"",""seller_name"":""observed"",""seller_score"":""observed"",""price"":""observed"",""original_price"":""observed"",""campaigns"":""observed"",""stock_status"":""observed"",""stock_signal"":""observed"",""rating"":""observed"",""rating_count"":""observed"",""review_count"":""observed"",""question_count"":""observed"",""delivery_summary"":""observed"",""shipping_cost"":""observed"",""properties"":""observed""}",true,
2026-08-21,2026-08-21T12:00:02+03:00,kozmetik,BEST_SELLER,kozmetik-vitrini,Trendyol Kozmetik / En Çok Satan Ürünler,43,3,43,43,4,kozmetik:kozmetik-vitrini,43,39,20.3,13.2,1055242784,1194314,1055242784:1194314,Akat Gardi Saç Köpüğü Ultra Strong Turuncu 200Ml.3Lü Özel Set,Akat Gardi,Saç Köpüğü,https://www.trendyol.com/akat-gardi/sac-kopugu-ultra-strong-turuncu-200ml-3lu-ozel-set-p-1055242784?boutiqueId=61&merchantId=1194314,Kozfa Store,9,182.9,,,0,TRY,"[""Kargo Bedava""]",InStock,100 adetten fazla stok sunulmuştur,,,,,4.3,590,346,4,182,"1,3B kişinin sepetinde","9,1B kişi favoriledi",Son 24 saatte 426 kişi görüntüledi,4999,TRY,0,3,1,6,Tahmini Teslim:,En Çok Satan 4. Ürün,https://cdn.dsmcdn.com/ty1793/prod/QC_PREP/20251124/17/5fca61b5-a3e7-3dca-9eda-f70208fe75db/1_org_zoom.jpg,"{""Etki"":""Hacim Verici"",""Ek Özellik"":""Organik"",""Hacim"":""200 ml"",""Menşei"":""TR"",""Ürün Güvenliği Bilgisi"":""Sınıf 9 Muhtelif tehlikeli maddeler ve nesneler""}",20,5,refreshed,"[""daily_top""]",true,2026-08-21T12:00:02+03:00,0,"[""search_result_dom"",""product_detail_jsonld"",""product_detail_dom""]","{""title"":""observed"",""brand"":""observed"",""seller_name"":""observed"",""seller_score"":""observed"",""price"":""observed"",""original_price"":""unavailable"",""campaigns"":""observed"",""stock_status"":""observed"",""stock_signal"":""observed"",""rating"":""observed"",""rating_count"":""observed"",""review_count"":""observed"",""question_count"":""observed"",""delivery_summary"":""observed"",""shipping_cost"":""observed"",""properties"":""observed""}",true,
2026-08-21,2026-08-21T12:00:02+03:00,kozmetik,BEST_SELLER,kozmetik-vitrini,Trendyol Kozmetik / En Çok Satan Ürünler,44,3,44,44,5,kozmetik:kozmetik-vitrini,44,3,28.2,19.3,856093802,155056,856093802:155056,Oral White Diş Beyazlatıcı Diş Silgisi,Oral White,Diş Beyazlatma Ürünleri,https://www.trendyol.com/oral-white/dis-beyazlatici-dis-silgisi-p-856093802?boutiqueId=61&merchantId=155056,Oral White TR,95,129.99,,,0,TRY,"[""Kargo Bedava""]",InStock,100 adetten fazla stok sunulmuştur,Son 3 günde 250+ ürün satıldı!,3,250,83.3,3.9,1980,1020,1,163,"1,1B kişinin sepetinde","27,7B kişi favoriledi",Son 24 saatte 409 kişi görüntüledi,4999,TRY,0,,1,3,2 saat 56 dakika içinde sipariş verirsen en geç bugün kargoda!,En Çok Satan 5. Ürün,https://cdn.dsmcdn.com/ty1610/prod/QC/20241203/10/d6b2472d-446a-3ca1-aaa4-6823af37e49e/1_org_zoom.jpg,"{""Form"":""Beyazlatma Kalemi"",""Diğer Özellikler"":""Çay, Kahve, Sigara ve Asitli içeceklerinin neden olduğu lekelerin çıkarılmasına yardımcı olur."",""Menşei"":""CN"",""İçerik"":""Peroksit İçermeyen"",""Ürün Güvenliği Bilgisi"":""Tehlikeli Değil""}",20,5,refreshed,"[""daily_top""]",true,2026-08-21T12:00:02+03:00,0,"[""search_result_dom"",""product_detail_jsonld"",""product_detail_dom""]","{""title"":""observed"",""brand"":""observed"",""seller_name"":""observed"",""seller_score"":""observed"",""price"":""observed"",""original_price"":""unavailable"",""campaigns"":""observed"",""stock_status"":""observed"",""stock_signal"":""observed"",""rating"":""observed"",""rating_count"":""observed"",""review_count"":""observed"",""question_count"":""observed"",""delivery_summary"":""observed"",""shipping_cost"":""observed"",""properties"":""observed""}",true,
2026-08-21,2026-08-21T12:00:02+03:00,kozmetik,BEST_SELLER,kozmetik-vitrini,Trendyol Kozmetik / En Çok Satan Ürünler,45,3,45,45,2,kozmetik:kozmetik-vitrini,45,-12,35,26.6,1039596250,556702,1039596250:556702,Cream Co. Allık Ruj Göz Farı Glow Tint Dusty Rose Nemlendirici Makyaj | Gülkurusu | Hyaluronik Asit Peptit,Cream Co.,,https://www.trendyol.com/cream-co/allik-ruj-goz-fari-glow-tint-dusty-rose-nemlendirici-makyaj-gulkurusu-hyaluronik-asit-peptit-p-1039596250?boutiqueId=61&merchantId=556702,Cream Co.,,199.9,,,0,TRY,"[""Kargo Bedava"",""Trendyol Plus'a Özel""]",InStock,100 adetten fazla stok sunulmuştur,Son 3 günde 500+ ürün satıldı!,3,500,166.7,4.5,2174,,0,83,"10,8B kişinin sepetinde",143B kişi favoriledi,"Son 24 saatte 4,2B kişi görüntüledi",,,0,,,,Tahmini Teslim:,En Çok Satan 2. Ürün,,{},0,,refreshed,"[""daily_top""]",true,2026-08-21T12:00:02+03:00,0,"[""search_result_dom"",""product_detail_jsonld"",""product_detail_dom""]","{""title"":""observed"",""brand"":""observed"",""seller_name"":""observed"",""seller_score"":""unavailable"",""price"":""observed"",""original_price"":""unavailable"",""campaigns"":""observed"",""stock_status"":""observed"",""stock_signal"":""observed"",""rating"":""observed"",""rating_count"":""observed"",""review_count"":""unavailable"",""question_count"":""observed"",""delivery_summary"":""observed"",""shipping_cost"":""unavailable"",""properties"":""observed""}",true,
2026-08-21,2026-08-21T12:00:02+03:00,kozmetik,BEST_SELLER,kozmetik-vitrini,Trendyol Kozmetik / En Çok Satan Ürünler,46,3,46,46,,kozmetik:kozmetik-vitrini,46,23,29.1,32,1073360532,1168206,1073360532:1168206,Pantene Molecular Bond Repair Yıpranmış Saçlar İçin Bağ Onarıcı Durulanmayan Saç Bakım Kremi 90 ml,Pantene,Saç Kremi,https://www.trendyol.com/pantene/molecular-bond-repair-yipranmis-saclar-icin-bag-onarici-durulanmayan-sac-bakim-kremi-90-ml-p-1073360532?boutiqueId=61&merchantId=1168206,P&G Türkiye,92,268.94,,,-24.4,TRY,"[""Kargo Bedava""]",InStock,100 adetten fazla stok sunulmuştur,Son 3 günde 500+ ürün satıldı!,3,500,166.7,4.6,675,397,1,120,"6,3B kişinin sepetinde","68,5B kişi favoriledi",Son 24 saatte 2B kişi görüntüledi,4999,TRY,0,,1,4,Tahmini Teslim:,,https://cdn.dsmcdn.com/ty1000422/product/media/images/prod/PIM/20260803/07/ec254512-c93b-4727-b9e8-64a9281a0f92/1_org_zoom.jpg,"{""Saç Tipi"":""Tüm Saç Tipleri"",""Etki"":""Koruyucu"",""Hacim"":""90 ml"",""Menşei"":""CN""}",20,5,refreshed,"[""daily_top""]",true,2026-08-21T12:00:02+03:00,0,"[""search_result_dom"",""product_detail_jsonld"",""product_detail_dom""]","{""title"":""observed"",""brand"":""observed"",""seller_name"":""observed"",""seller_score"":""observed"",""price"":""observed"",""original_price"":""unavailable"",""campaigns"":""observed"",""stock_status"":""observed"",""stock_signal"":""observed"",""rating"":""observed"",""rating_count"":""observed"",""review_count"":""observed"",""question_count"":""observed"",""delivery_summary"":""observed"",""shipping_cost"":""observed"",""properties"":""observed""}",true,
2026-08-21,2026-08-21T12:00:02+03:00,kozmetik,BEST_SELLER,kozmetik-vitrini,Trendyol Kozmetik / En Çok Satan Ürünler,47,3,47,47,,kozmetik:kozmetik-vitrini,47,,68,13.5,832907893,856334,832907893:856334,ÖZDEN ÖZDOĞAN Erkek Ter Önleyici Beyazlatıcı Etkili Roll-on Antiperspirant 50ml,ÖZDEN ÖZDOĞAN,Deodorant ve Roll On,https://www.trendyol.com/ozden-ozdogan/erkek-ter-onleyici-beyazlatici-etkili-roll-on-antiperspirant-50ml-p-832907893?boutiqueId=61&merchantId=856334,ÖZDEN ÖZDOĞAN,,199.99,399.99,50,,TRY,"[""Sepette %50 İndirim"",""Kargo Bedava""]",InStock,5 adetten fazla stok sunulmuştur,,,,,4.5,407,178,,26,603 kişinin sepetinde,"3,7B kişi favoriledi",,4999,TRY,0,1,1,4,Tahmini Teslim:,,https://cdn.dsmcdn.com/ty1683/prod/QC/20250524/19/dc348910-ce4d-338d-b233-7991837bc591/1_org_zoom.jpg,"{""Ek Özellik"":""Sülfat İçermez"",""Hacim"":""50 ml"",""Form"":""Roll On"",""Menşei"":""TR"",""Koruma Süresi"":""24h""}",20,5,refreshed,"[""daily_top""]",true,2026-08-21T12:00:02+03:00,0,"[""search_result_dom"",""product_detail_jsonld"",""product_detail_dom""]","{""title"":""observed"",""brand"":""observed"",""seller_name"":""observed"",""seller_score"":""unavailable"",""price"":""observed"",""original_price"":""observed"",""campaigns"":""observed"",""stock_status"":""observed"",""stock_signal"":""observed"",""rating"":""observed"",""rating_count"":""observed"",""review_count"":""observed"",""question_count"":""observed"",""delivery_summary"":""observed"",""shipping_cost"":""observed"",""properties"":""observed""}",true,
2026-08-21,2026-08-21T12:00:02+03:00,kozmetik,BEST_SELLER,kozmetik-vitrini,Trendyol Kozmetik / En Çok Satan Ürünler,48,3,48,48,,kozmetik:kozmetik-vitrini,48,74,79.5,5.2,920166375,820695,920166375:820695,"wimi Yüz Ve Boyun Kırşıklık Giderici 3 Modlu Ems Güzellik Cihazı ( Gıdık, Sarkma, Kırışıklık )",wimi,,https://www.trendyol.com/wimi/yuz-ve-boyun-kirsiklik-giderici-3-modlu-ems-guzellik-cihazi-gidik-sarkma-kirisiklik-p-920166375?boutiqueId=61&merchantId=820695,Vimi,93,454,980,53.7,,TRY,"[""Kargo Bedava"",""Son 10 Günün En Düşük Fiyatı"",""Süper Fırsat Ürünü"",""Son 10 günün en düşük fiyatı""]",InStock,100 adetten fazla stok sunulmuştur,,,,,4.2,1674,,0,798,"1,8B kişinin sepetinde","67,8B kişi favoriledi",Son 24 saatte 1B kişi görüntüledi,,,0,,,,11 saat 56 dakika içinde sipariş verirsen en geç yarın kargoda!,,,{},0,,refreshed,"[""daily_top"",""hot_change""]",true,2026-08-21T12:00:02+03:00,0,"[""search_result_dom"",""product_detail_jsonld"",""product_detail_dom""]","{""title"":""observed"",""brand"":""observed"",""seller_name"":""observed"",""seller_score"":""observed"",""price"":""observed"",""original_price"":""observed"",""campaigns"":""observed"",""stock_status"":""observed"",""stock_signal"":""observed"",""rating"":""observed"",""rating_count"":""observed"",""review_count"":""unavailable"",""question_count"":""observed"",""delivery_summary"":""observed"",""shipping_cost"":""unavailable"",""properties"":""observed""}",true,
2026-08-21,2026-08-21T12:00:02+03:00,kozmetik,BEST_SELLER,kozmetik-vitrini,Trendyol Kozmetik / En Çok Satan Ürünler,49,3,49,49,3,kozmetik:kozmetik-vitrini,49,,34.5,25.2,739202239,441519,739202239:441519,BNICE Onarıcı Saç Detoxu Ve Durulanmayan Saç Bakım Maskesi,BNICE,Saç Maskesi,https://www.trendyol.com/bnice/onarici-sac-detoxu-ve-durulanmayan-sac-bakim-maskesi-p-739202239?boutiqueId=61&merchantId=441519,FUA GLOBAL,92,295,,,,TRY,"[""100 TL Kupon"",""1.049 TL Kupon"",""395,50 TL Kupon"",""129 TL Kupon"",""Kargo Bedava"",""Son 10 Günün En Düşük Fiyatı"",""Trendyol Plus'a Özel""]",InStock,100 adetten fazla stok sunulmuştur,Son 3 günde 500+ ürün satıldı!,3,500,166.7,4.6,3127,1868,,539,"1,8B kişinin sepetinde",55B kişi favoriledi,"Son 24 saatte 1,1B kişi görüntüledi",4999,TRY,0,1,1,4,Tahmini Teslim:,En Çok Satan 3. Ürün,https://cdn.dsmcdn.com/ty1830/prod/QC_ENRICHMENT/20260228/23/1ea86c8b-9722-3fdc-a4bd-efcc5ec77941/1_org_zoom.jpg,"{""Hacim"":""150 ml"",""Etki"":""Besleyici / Onarıcı"",""Saç Tipi"":""Tüm Saç Tipleri"",""Menşei"":""TR""}",20,5,refreshed,"[""daily_top""]",true,2026-08-21T12:00:02+03:00,0,"[""search_result_dom"",""product_detail_jsonld"",""product_detail_dom""]","{""title"":""observed"",""brand"":""observed"",""seller_name"":""observed"",""seller_score"":""observed"",""price"":""observed"",""original_price"":""unavailable"",""campaigns"":""observed"",""stock_status"":""observed"",""stock_signal"":""observed"",""rating"":""observed"",""rating_count"":""observed"",""review_count"":""observed"",""question_count"":""observed"",""delivery_summary"":""observed"",""shipping_cost"":""observed"",""properties"":""observed""}",true,
2026-08-21,2026-08-21T12:00:02+03:00,kozmetik,BEST_SELLER,kozmetik-vitrini,Trendyol Kozmetik / En Çok Satan Ürünler,50,3,50,50,,kozmetik:kozmetik-vitrini,50,,62.9,0,475302391,635253,475302391:635253,Mary & May Tranexamic Acid+glutathion Koyu Halka Karşıtı Aydınlatıcı Göz Çevresi Kremi 12 Gr,Mary & May,Göz Kremi,https://www.trendyol.com/mary-may/tranexamic-acid-glutathion-koyu-halka-karsiti-aydinlatici-goz-cevresi-kremi-12-gr-p-475302391?boutiqueId=61&merchantId=635253,Vionine,95,349,509.15,31.5,,TRY,"[""Son 10 Günün En Düşük Fiyatı"",""Süper Fırsat Ürünü"",""Son 10 günün en düşük fiyatı""]",InStock,100 adetten fazla stok sunulmuştur,,,,,4.2,13187,8437,,2433,"2,5B kişinin sepetinde","315,9B kişi favoriledi",Son 24 saatte 1B kişi görüntüledi,4999,TRY,0,1,1,4,Tahmini Teslim:,,https://cdn.dsmcdn.com/ty1902/prod/QC_ENRICHMENT/20260510/13/b6b83c65-7bfb-370d-a713-135c0d9e3e80/1_org_zoom.jpg,"{""Cilt Tipi"":""Tüm Cilt Tipleri"",""SPF"":""Korumasız"",""Tip"":""Tüp"",""Form"":""Krem"",""İçerik"":""Niacinamide"",""Ek Özellik"":""Alkol İçermez"",""Kullanma Amacı"":""Aydınlatıcı"",""Yaşlanma Karşıtı"":""Evet"",""Hacim"":""12 ml"",""Menşei"":""KR"",""Ürün Güvenliği Bilgisi"":""Tehlikeli Değil""}",20,5,refreshed,"[""daily_top""]",true,2026-08-21T12:00:02+03:00,0,"[""search_result_dom"",""product_detail_jsonld"",""product_detail_dom""]","{""title"":""observed"",""brand"":""observed"",""seller_name"":""observed"",""seller_score"":""observed"",""price"":""observed"",""original_price"":""observed"",""campaigns"":""observed"",""stock_status"":""observed"",""stock_signal"":""observed"",""rating"":""observed"",""rating_count"":""observed"",""review_count"":""observed"",""question_count"":""observed"",""delivery_summary"":""observed"",""shipping_cost"":""observed"",""properties"":""observed""}",true,
2026-08-21,2026-08-21T12:00:02+03:00,kozmetik,BEST_SELLER,kozmetik-vitrini,Trendyol Kozmetik / En Çok Satan Ürünler,51,3,51,51,5,kozmetik:kozmetik-vitrini,51,,38.5,49.8,857264549,4473,857264549:4473,Flormar Hacim Veren Besleyici Maskara (SİYAH) - Carefull Volume - 000 Black - 8682536084093,Flormar,Maskara,https://www.trendyol.com/flormar/hacim-veren-besleyici-maskara-siyah-carefull-volume-000-black-8682536084093-p-857264549?boutiqueId=61&merchantId=4473,Flormar,,284.99,,,,TRY,"[""Son 10 Günün En Düşük Fiyatı"",""Süper Fırsat Ürünü"",""Kargo Bedava"",""Trendyol Plus'a Özel""]",InStock,100 adetten fazla stok sunulmuştur,Son 3 günde 1B+ ürün satıldı!,3,1000,333.3,4.4,1144,540,,39,5B kişinin sepetinde,"40,5B kişi favoriledi","Son 24 saatte 2,1B kişi görüntüledi",4999,TRY,0,,1,4,Tahmini Teslim:,En Çok Satan 5. Ürün,https://cdn.dsmcdn.com/ty1768/prod/QC_ENRICHMENT/20251007/15/68d806a3-2c10-393a-9a72-e772b76cc818/1_org_zoom.jpg,"{""Boy"":""Orijinal Boy"",""Etki"":""Hacim Verici"",""Suya/Tere Dayanıklılık"":""Yok"",""Fırça Tipi"":""Kıl"",""Menşei"":""TR"",""Kutu Durumu"":""Kutulu"",""Ürün Güvenliği Bilgisi"":""Tehlikeli Değil"",""Renk"":""Siyah""}",20,5,refreshed,"[""daily_top""]",true,2026-08-21T12:00:02+03:00,0,"[""search_result_dom"",""product_detail_jsonld"",""product_detail_dom""]","{""title"":""observed"",""brand"":""observed"",""seller_name"":""observed"",""seller_score"":""unavailable"",""price"":""observed"",""original_price"":""unavailable"",""campaigns"":""observed"",""stock_status"":""observed"",""stock_signal"":""observed"",""rating"":""observed"",""rating_count"":""observed"",""review_count"":""observed"",""question_count"":""observed"",""delivery_summary"":""observed"",""shipping_cost"":""observed"",""properties"":""observed""}",true,
2026-08-21,2026-08-21T12:00:02+03:00,kozmetik,BEST_SELLER,kozmetik-vitrini,Trendyol Kozmetik / En Çok Satan Ürünler,52,3,52,52,8,kozmetik:kozmetik-vitrini,52,-27,33.9,25.3,885633782,138065,885633782:138065,Bargello 444 KADIN 50 ml PARFÜM EDP ORIENTAL,Bargello,Parfüm,https://www.trendyol.com/bargello/444-kadin-50-ml-parfum-edp-oriental-p-885633782?boutiqueId=61&merchantId=138065,Bargello,444,600,,,0,TRY,"[""Kargo Bedava""]",InStock,100 adetten fazla stok sunulmuştur,Son 3 günde 500+ ürün satıldı!,3,500,166.7,4.5,3289,1566,62,601,"15,4B kişinin sepetinde","119,2B kişi favoriledi","Son 24 saatte 3,9B kişi görüntüledi",4999,TRY,0,1,1,4,11 saat 56 dakika içinde sipariş verirsen en geç yarın kargoda!,En Çok Satan 8. Ürün,https://cdn.dsmcdn.com/ty1000434/product/media/images/prod/PIM/20260819/06/dfdbab12-a9fc-4c4e-97b3-6ac6fd068c36/1_org_zoom.jpg,"{""Tip"":""EDP"",""Koku Türü"":""Oryantal"",""Menşei"":""TR"",""Refill"":""Hayır"",""Hacim"":""50 ml""}",20,5,refreshed,"[""daily_top""]",true,2026-08-21T12:00:02+03:00,0,"[""search_result_dom"",""product_detail_jsonld"",""product_detail_dom""]","{""title"":""observed"",""brand"":""observed"",""seller_name"":""observed"",""seller_score"":""observed"",""price"":""observed"",""original_price"":""unavailable"",""campaigns"":""observed"",""stock_status"":""observed"",""stock_signal"":""observed"",""rating"":""observed"",""rating_count"":""observed"",""review_count"":""observed"",""question_count"":""observed"",""delivery_summary"":""observed"",""shipping_cost"":""observed"",""properties"":""observed""}",true,
2026-08-21,2026-08-21T12:00:02+03:00,kozmetik,BEST_SELLER,kozmetik-vitrini,Trendyol Kozmetik / En Çok Satan Ürünler,53,3,53,53,1,kozmetik:kozmetik-vitrini,53,-9,59.5,50.5,277595826,638264,277595826:638264,MAMAAURA Hamileler Için Çatlak Önleyici - Maximum Elasticity Cream 150 ml,MAMAAURA,Çatlak Kremi,https://www.trendyol.com/mamaaura/hamileler-icin-catlak-onleyici-maximum-elasticity-cream-150-ml-p-277595826?boutiqueId=61&merchantId=638264,MABES Pazarlama,93,350,,,-1.4,TRY,"[""Kargo Bedava""]",InStock,5 adetten fazla stok sunulmuştur,Son 3 günde 2B+ ürün satıldı!,3,2000,666.7,4.4,8530,4880,16,1120,"21,7B kişinin sepetinde","282,6B kişi favoriledi","Son 24 saatte 4,6B kişi görüntüledi",4999,TRY,0,1,1,4,Tahmini Teslim:,En Çok Satan 1. Ürün,https://cdn.dsmcdn.com/ty1909/prod/QC_ENRICHMENT/20260808/18/00178303-1707-3ec3-a62b-a6b470248b17/1_org_zoom.jpg,"{""Tip"":""Tüp"",""Form"":""Krem"",""Diğer Özellikler"":""Çatlak Oluşumunu Engeller"",""Menşei"":""TR"",""Ürün Güvenliği Bilgisi"":""Tehlikeli Değil"",""Hacim"":""150 ml""}",20,5,refreshed,"[""daily_top""]",true,2026-08-21T12:00:02+03:00,0,"[""search_result_dom"",""product_detail_jsonld"",""product_detail_dom""]","{""title"":""observed"",""brand"":""observed"",""seller_name"":""observed"",""seller_score"":""observed"",""price"":""observed"",""original_price"":""unavailable"",""campaigns"":""observed"",""stock_status"":""observed"",""stock_signal"":""observed"",""rating"":""observed"",""rating_count"":""observed"",""review_count"":""observed"",""question_count"":""observed"",""delivery_summary"":""observed"",""shipping_cost"":""observed"",""properties"":""observed""}",true,
2026-08-21,2026-08-21T12:00:02+03:00,kozmetik,BEST_SELLER,kozmetik-vitrini,Trendyol Kozmetik / En Çok Satan Ürünler,54,3,54,54,,kozmetik:kozmetik-vitrini,54,-3,32.1,12.5,88898765,107374,88898765:107374,"Swissoderm Dökülme Karşıtı Doğal Şampuan 300ml | Biotinli, Bitkisel Özlü, Normal-Kuru Saçlar, Uzamayı Destekler",Swissoderm,Şampuan,https://www.trendyol.com/swissoderm/dokulme-karsiti-dogal-sampuan-300ml-biotinli-bitkisel-ozlu-normal-kuru-saclar-uzamayi-destekler-p-88898765?boutiqueId=61&merchantId=107374,Ekokimya,93,495,,,0,TRY,"[""Kargo Bedava""]",InStock,100 adetten fazla stok sunulmuştur,Son 3 günde 250+ ürün satıldı!,3,250,83.3,4.4,4991,3072,1,895,"1,3B kişinin sepetinde",137B kişi favoriledi,Son 24 saatte 735 kişi görüntüledi,4999,TRY,0,1,1,4,11 saat 56 dakika içinde sipariş verirsen en geç yarın kargoda!,,https://cdn.dsmcdn.com/ty1809/prod/QC_ENRICHMENT/20260113/12/f3c3bea5-f142-3c1d-ace6-b0495891cb76/1_org_zoom.jpg,"{""Etki"":""Dökülme Karşıtı"",""Hacim"":""300 ml"",""Saç Tipi"":""Kuru"",""Menşei"":""TR"",""Ürün Güvenliği Bilgisi"":""Tehlikeli Değil"",""Refill"":""Hayır""}",20,5,refreshed,"[""daily_top""]",true,2026-08-21T12:00:02+03:00,0,"[""search_result_dom"",""product_detail_jsonld"",""product_detail_dom""]","{""title"":""observed"",""brand"":""observed"",""seller_name"":""observed"",""seller_score"":""observed"",""price"":""observed"",""original_price"":""unavailable"",""campaigns"":""observed"",""stock_status"":""observed"",""stock_signal"":""observed"",""rating"":""observed"",""rating_count"":""observed"",""review_count"":""observed"",""question_count"":""observed"",""delivery_summary"":""observed"",""shipping_cost"":""observed"",""properties"":""observed""}",true,
2026-08-21,2026-08-21T12:00:02+03:00,kozmetik,BEST_SELLER,kozmetik-vitrini,Trendyol Kozmetik / En Çok Satan Ürünler,55,4,55,55,9,kozmetik:kozmetik-vitrini,55,6,26.7,3.3,208029821,1179323,208029821:1179323,La Cire Kaş Şekillendirici Wax 50 Ml,La Cire,,https://www.trendyol.com/la-cire/kas-sekillendirici-wax-50-ml-p-208029821?boutiqueId=61&merchantId=1179323,SOYKAN KOZMETİK,94,99.9,,,,TRY,"[""Kargo Bedava""]",InStock,5 adetten fazla stok sunulmuştur,,,,,4.2,2163,,0,176,"1,3B kişinin sepetinde","28,6B kişi favoriledi",Son 24 saatte 406 kişi görüntüledi,,,0,,,,Tahmini Teslim:,En Çok Satan 9. Ürün,,{},0,,refreshed,"[""daily_top""]",true,2026-08-21T12:00:02+03:00,0,"[""search_result_dom"",""product_detail_jsonld"",""product_detail_dom""]","{""title"":""observed"",""brand"":""observed"",""seller_name"":""observed"",""seller_score"":""observed"",""price"":""observed"",""original_price"":""unavailable"",""campaigns"":""observed"",""stock_status"":""observed"",""stock_signal"":""observed"",""rating"":""observed"",""rating_count"":""observed"",""review_count"":""unavailable"",""question_count"":""observed"",""delivery_summary"":""observed"",""shipping_cost"":""unavailable"",""properties"":""observed""}",true,
2026-08-21,2026-08-21T12:00:02+03:00,kozmetik,BEST_SELLER,kozmetik-vitrini,Trendyol Kozmetik / En Çok Satan Ürünler,56,4,56,56,,kozmetik:kozmetik-vitrini,56,,33.2,6.8,132654534,104937,132654534:104937,Olaplex No3+ Complete Repair Treatment 100 ML,Olaplex,Saç Maskesi,https://www.trendyol.com/olaplex/no3-complete-repair-treatment-100-ml-p-132654534?boutiqueId=61&merchantId=104937,Sachane,94,1868.1,2075.67,10,,TRY,"[""Sepette %10 İndirim"",""Kargo Bedava""]",InStock,100 adetten fazla stok sunulmuştur,,,,,4.1,1234,791,,1044,2B kişinin sepetinde,"170,4B kişi favoriledi","Son 24 saatte 1,5B kişi görüntüledi",4999,TRY,0,,1,4,1 saat 56 dakika içinde sipariş verirsen en geç bugün kargoda!,En Çok Ziyaret Edilen 3. Ürün,https://cdn.dsmcdn.com/ty1847/prod/QC_ENRICHMENT/20260326/11/f220f118-6ca4-3acd-be21-f1eaf73cd07b/1_org_zoom.jpg,"{""Hacim"":""100 ml"",""Etki"":""Besleyici / Onarıcı"",""Saç Tipi"":""Tüm Saç Tipleri"",""Menşei"":""US"",""Ürün Güvenliği Bilgisi"":""Tehlikeli Değil""}",20,5,refreshed,"[""daily_top""]",true,2026-08-21T12:00:02+03:00,0,"[""search_result_dom"",""product_detail_jsonld"",""product_detail_dom""]","{""title"":""observed"",""brand"":""observed"",""seller_name"":""observed"",""seller_score"":""observed"",""price"":""observed"",""original_price"":""observed"",""campaigns"":""observed"",""stock_status"":""observed"",""stock_signal"":""observed"",""rating"":""observed"",""rating_count"":""observed"",""review_count"":""observed"",""question_count"":""observed"",""delivery_summary"":""observed"",""shipping_cost"":""observed"",""properties"":""observed""}",true,
2026-08-21,2026-08-21T12:00:02+03:00,kozmetik,BEST_SELLER,kozmetik-vitrini,Trendyol Kozmetik / En Çok Satan Ürünler,57,4,57,57,,kozmetik:kozmetik-vitrini,57,,29.2,15.4,1147184307,104968,1147184307:104968,"JEONJU Leke Karşıtı,Yüksek Korumalı, Paris Işıltısı Pirinç Güneş Kremi",JEONJU,Yüz Güneş Kremi,https://www.trendyol.com/jeonju/leke-karsiti-yuksek-korumali-paris-isiltisi-pirinc-gunes-kremi-p-1147184307?boutiqueId=61&merchantId=104968,Happy Center,93,288.25,,,,TRY,"[""Kargo Bedava"",""Trendyol Plus'a Özel""]",InStock,100 adetten fazla stok sunulmuştur,Son 3 günde 250+ ürün satıldı!,3,250,83.3,4.4,1995,1333,,312,"7,3B kişinin sepetinde","60,4B kişi favoriledi","Son 24 saatte 2,5B kişi görüntüledi",4999,TRY,0,1,1,4,2 saat 56 dakika içinde sipariş verirsen en geç bugün kargoda!,,https://cdn.dsmcdn.com/ty1895/prod/QC_PREP/20260518/19/1e6080f0-c363-3125-a958-0d23420be340/1_org_zoom.jpg,"{""Form"":""Krem"",""SPF"":""SPF 50 +"",""Cilt Tipi"":""Tüm Cilt Tipleri"",""Tip"":""Tüp"",""Hacim"":""75 ml"",""Görünüm"":""Renksiz"",""Kullanma Amacı"":""Leke Karşıtı Bakım"",""Menşei"":""TR"",""Kutu Durumu"":""Kutulu"",""Ürün Güvenliği Bilgisi"":""Tehlikeli Değil""}",20,5,refreshed,"[""daily_top""]",true,2026-08-21T12:00:02+03:00,0,"[""search_result_dom"",""product_detail_jsonld"",""product_detail_dom""]","{""title"":""observed"",""brand"":""observed"",""seller_name"":""observed"",""seller_score"":""observed"",""price"":""observed"",""original_price"":""unavailable"",""campaigns"":""observed"",""stock_status"":""observed"",""stock_signal"":""observed"",""rating"":""observed"",""rating_count"":""observed"",""review_count"":""observed"",""question_count"":""observed"",""delivery_summary"":""observed"",""shipping_cost"":""observed"",""properties"":""observed""}",true,
2026-08-21,2026-08-21T12:00:02+03:00,kozmetik,BEST_SELLER,kozmetik-vitrini,Trendyol Kozmetik / En Çok Satan Ürünler,58,4,58,58,,kozmetik:kozmetik-vitrini,58,9,50.7,43.7,840702945,143746,840702945:143746,ORNATE Karınca Yumurtası Bakım Yağı 20 ml Vegan Formic Asit Aloe Vera Kuru Ve Hassas Ciltler,ORNATE,Bakım Yağları,https://www.trendyol.com/ornate/karinca-yumurtasi-bakim-yagi-20-ml-vegan-formic-asit-aloe-vera-kuru-ve-hassas-ciltler-p-840702945?boutiqueId=61&merchantId=143746,Ornate,94,99.89,106.42,6.1,0,TRY,"[""Son 10 Günün En Düşük Fiyatı"",""Kargo Bedava"",""Son 10 günün en düşük fiyatı""]",InStock,100 adetten fazla stok sunulmuştur,Son 3 günde 1B+ ürün satıldı!,3,1000,333.3,4.3,5749,3112,12,1017,"6,1B kişinin sepetinde","150,6B kişi favoriledi","Son 24 saatte 1,4B kişi görüntüledi",4999,TRY,0,1,1,4,11 saat 56 dakika içinde sipariş verirsen en geç yarın kargoda!,,https://cdn.dsmcdn.com/ty1920/prod/QC_ENRICHMENT/20260702/11/ab107fef-7c17-3a52-83a7-b35bfee323bb/1_org_zoom.jpg,"{""Hacim"":""20 ml"",""Menşei"":""TR""}",20,5,refreshed,"[""daily_top""]",true,2026-08-21T12:00:02+03:00,0,"[""search_result_dom"",""product_detail_jsonld"",""product_detail_dom""]","{""title"":""observed"",""brand"":""observed"",""seller_name"":""observed"",""seller_score"":""observed"",""price"":""observed"",""original_price"":""observed"",""campaigns"":""observed"",""stock_status"":""observed"",""stock_signal"":""observed"",""rating"":""observed"",""rating_count"":""observed"",""review_count"":""observed"",""question_count"":""observed"",""delivery_summary"":""observed"",""shipping_cost"":""observed"",""properties"":""observed""}",true,
2026-08-21,2026-08-21T12:00:02+03:00,kozmetik,BEST_SELLER,kozmetik-vitrini,Trendyol Kozmetik / En Çok Satan Ürünler,59,4,59,59,2,kozmetik:kozmetik-vitrini,59,-7,34.3,54.1,1165573238,1158462,1165573238:1158462,NIVOSHE 75ML Diş Beyazlatıcı Jel Parlatıcı Jel 75 ML Teeth Whitening Gel 75ML,NIVOSHE,Diş Beyazlatma Ürünleri,https://www.trendyol.com/nivoshe/75ml-dis-beyazlatici-jel-parlatici-jel-75-ml-teeth-whitening-gel-75ml-p-1165573238?boutiqueId=61&merchantId=1158462,DEVACOS SAĞLIKLI YAŞAM ÜRÜNLERİ,93,450.08,,,0,TRY,"[""499 TL Kupon"",""Kargo Bedava"",""Son 10 Günün En Düşük Fiyatı"",""Trendyol Plus'a Özel""]",InStock,100 adetten fazla stok sunulmuştur,Son 3 günde 1B+ ürün satıldı!,3,1000,333.3,4.7,187,158,16,107,"13,3B kişinin sepetinde","29,9B kişi favoriledi","Son 24 saatte 2,9B kişi görüntüledi",4999,TRY,0,3,1,6,Tahmini Teslim:,En Çok Satan 2. Ürün,https://cdn.dsmcdn.com/ty1934/prod/QC_ENRICHMENT/20260729/17/c3d06b15-8aa2-3bb1-ad6e-40d93286b5ca/1_org_zoom.jpg,"{""Form"":""Jel"",""Menşei"":""TR"",""İçerik"":""Aktif Karbonlu""}",20,5,refreshed,"[""daily_top""]",true,2026-08-21T12:00:02+03:00,0,"[""search_result_dom"",""product_detail_jsonld"",""product_detail_dom""]","{""title"":""observed"",""brand"":""observed"",""seller_name"":""observed"",""seller_score"":""observed"",""price"":""observed"",""original_price"":""unavailable"",""campaigns"":""observed"",""stock_status"":""observed"",""stock_signal"":""observed"",""rating"":""observed"",""rating_count"":""observed"",""review_count"":""observed"",""question_count"":""observed"",""delivery_summary"":""observed"",""shipping_cost"":""observed"",""properties"":""observed""}",true,
2026-08-21,2026-08-21T12:00:02+03:00,kozmetik,BEST_SELLER,kozmetik-vitrini,Trendyol Kozmetik / En Çok Satan Ürünler,60,4,60,60,1,kozmetik:kozmetik-vitrini,60,-31,41.1,20.8,1264767,4473,1264767:4473,Flormar Antioksidan İçeren Aydınlatıcı Makyaj Bazı - Illuminating Primer Make-Up Base - 001 - 8690604164660,Flormar,Makyaj Bazı,https://www.trendyol.com/flormar/antioksidan-iceren-aydinlatici-makyaj-bazi-illuminating-primer-make-up-base-001-8690604164660-p-1264767?boutiqueId=61&merchantId=4473,Flormar,,379.99,,,0,TRY,"[""Kargo Bedava"",""Son 10 Günün En Düşük Fiyatı"",""Süper Fırsat Ürünü"",""Trendyol Plus'a Özel""]",InStock,100 adetten fazla stok sunulmuştur,Son 3 günde 500+ ürün satıldı!,3,500,166.7,4.4,22859,12571,-35,1390,"5,9B kişinin sepetinde","521,8B kişi favoriledi","Son 24 saatte 2,5B kişi görüntüledi",4999,TRY,0,,1,4,Tahmini Teslim:,En Çok Satan 1. Ürün,https://cdn.dsmcdn.com/ty1765/prod/QC_ENRICHMENT/20251001/16/6d5a9ea6-9327-31e9-a72b-6d46b14bd58a/1_org_zoom.jpg,"{""Kullanma Amacı"":""Aydınlatıcı"",""Renk"":""Beyaz"",""Cilt Tipi"":""Tüm Cilt Tipleri"",""Menşei"":""TR"",""Ürün Güvenliği Bilgisi"":""Tehlikeli Değil""}",20,5,refreshed,"[""daily_top""]",true,2026-08-21T12:00:02+03:00,0,"[""search_result_dom"",""product_detail_jsonld"",""product_detail_dom""]","{""title"":""observed"",""brand"":""observed"",""seller_name"":""observed"",""seller_score"":""unavailable"",""price"":""observed"",""original_price"":""unavailable"",""campaigns"":""observed"",""stock_status"":""observed"",""stock_signal"":""observed"",""rating"":""observed"",""rating_count"":""observed"",""review_count"":""observed"",""question_count"":""observed"",""delivery_summary"":""observed"",""shipping_cost"":""observed"",""properties"":""observed""}",true,
2026-08-21,2026-08-21T12:00:02+03:00,kozmetik,BEST_SELLER,kozmetik-vitrini,Trendyol Kozmetik / En Çok Satan Ürünler,61,4,61,61,7,kozmetik:kozmetik-vitrini,61,,43.1,7.5,2422148,1081275,2422148:1081275,Vi vet Tüy Sarartıcı Krem 70 Ml-35ml,Vi vet,Tüy Azaltıcı,https://www.trendyol.com/vi-vet/tuy-sarartici-krem-70-ml-35ml-p-2422148?boutiqueId=61&merchantId=1081275,GLONAR KOZMETİK,,135.04,170,20.6,,TRY,"[""Son 10 Günün En Düşük Fiyatı""]",InStock,Son 1 Ürün,,,,,4.5,1121,645,,,,,,4999,TRY,0,1,1,4,11 saat 56 dakika içinde sipariş verirsen en geç yarın kargoda!,En Çok Satan 7. Ürün,https://cdn.dsmcdn.com/ty1915/prod/QC_ENRICHMENT/20260719/21/dc533c96-5123-3c54-a7a7-c62be4f1cf12/1_org_zoom.jpg,"{""Menşei"":""TR""}",20,5,refreshed,"[""daily_top""]",true,2026-08-21T12:00:02+03:00,0,"[""search_result_dom"",""product_detail_jsonld"",""product_detail_dom""]","{""title"":""observed"",""brand"":""observed"",""seller_name"":""observed"",""seller_score"":""unavailable"",""price"":""observed"",""original_price"":""observed"",""campaigns"":""observed"",""stock_status"":""observed"",""stock_signal"":""observed"",""rating"":""observed"",""rating_count"":""observed"",""review_count"":""observed"",""question_count"":""unavailable"",""delivery_summary"":""observed"",""shipping_cost"":""observed"",""properties"":""observed""}",true,
2026-08-21,2026-08-21T12:00:02+03:00,kozmetik,BEST_SELLER,kozmetik-vitrini,Trendyol Kozmetik / En Çok Satan Ürünler,62,4,62,62,1,kozmetik:kozmetik-vitrini,62,,29.8,29.4,33351950,365501,33351950:365501,La Roche Posay Yağlı Ciltler İçin Güneş Seti: Anthelios Yüz Güneş Kremi SPF50+ 50ml & Effaclar Temizleme Jeli 50ml,La Roche Posay,Güneş Kremi Seti,https://www.trendyol.com/la-roche-posay/yagli-ciltler-icin-gunes-seti-anthelios-yuz-gunes-kremi-spf50-50ml-effaclar-temizleme-jeli-50ml-p-33351950?boutiqueId=61&merchantId=365501,La Roche Posay,,854.9,,,,TRY,"[""Sepette %25 İndirim"",""Kargo Bedava"",""Trendyol Plus'a Özel""]",InStock,100 adetten fazla stok sunulmuştur,Son 3 günde 500+ ürün satıldı!,3,500,166.7,4.5,883,484,,208,"7,2B kişinin sepetinde","50,9B kişi favoriledi","Son 24 saatte 2,6B kişi görüntüledi",4999,TRY,0,1,1,4,Tahmini Teslim:,En Çok Satan 1. Ürün,https://cdn.dsmcdn.com/ty1000441/product/media/images/prod/PIM/20260820/09/b256fdc0-fed6-4f9d-a265-d5b6977c1755/1_org_zoom.jpg,"{""Cilt Tipi"":""Yağlı"",""Ek Özellik"":""Paraben İçermeyen"",""SPF"":""SPF 50 +"",""Form"":""Krem"",""Kullanma Amacı"":""Nemlendirici"",""Görünüm"":""Renksiz"",""Tip"":""Tüp"",""Set İçerik Adeti"":""2"",""İçerik"":""Su Bazlı"",""Menşei"":""TR""}",20,5,refreshed,"[""daily_top""]",true,2026-08-21T12:00:02+03:00,0,"[""search_result_dom"",""product_detail_jsonld"",""product_detail_dom""]","{""title"":""observed"",""brand"":""observed"",""seller_name"":""observed"",""seller_score"":""unavailable"",""price"":""observed"",""original_price"":""unavailable"",""campaigns"":""observed"",""stock_status"":""observed"",""stock_signal"":""observed"",""rating"":""observed"",""rating_count"":""observed"",""review_count"":""observed"",""question_count"":""observed"",""delivery_summary"":""observed"",""shipping_cost"":""observed"",""properties"":""observed""}",true,
2026-08-21,2026-08-21T12:00:02+03:00,kozmetik,BEST_SELLER,kozmetik-vitrini,Trendyol Kozmetik / En Çok Satan Ürünler,63,4,63,63,,kozmetik:kozmetik-vitrini,63,,10.9,19.1,1163771080,556702,1163771080:556702,Cream Co. Aydınlatıcı Gözenek Sıkılaştırıcı Ferahlatıcı Yüz Spreyi Seti Face Mist | Niacinamide & Peptit,Cream Co.,Cilt Bakım Seti,https://www.trendyol.com/cream-co/aydinlatici-gozenek-sikilastirici-ferahlatici-yuz-spreyi-seti-face-mist-niacinamide-peptit-p-1163771080?boutiqueId=61&merchantId=556702,Cream Co.,,332.4,,,,TRY,"[""Kargo Bedava"",""Trendyol Plus'a Özel""]",InStock,100 adetten fazla stok sunulmuştur,,,,,4.3,44,22,,10,"1,2B kişinin sepetinde","5,5B kişi favoriledi",Son 24 saatte 881 kişi görüntüledi,4999,TRY,0,1,1,4,Tahmini Teslim:,,https://cdn.dsmcdn.com/ty1909/prod/QC_PREP/20260702/11/37dc7d65-3633-377b-a73c-40dd6c1133ce/1_org_zoom.jpg,"{""Ek Özellik"":""Vegan"",""Cilt Tipi"":""Tüm Cilt Tipleri"",""İçerik"":""Hyalüronik Asit"",""Kullanma Amacı"":""Nemlendirici"",""Set İçerik Adeti"":""2"",""Menşei"":""TR"",""Refill"":""Hayır""}",20,4.6,refreshed,"[""daily_top""]",true,2026-08-21T12:00:02+03:00,0,"[""search_result_dom"",""product_detail_jsonld"",""product_detail_dom""]","{""title"":""observed"",""brand"":""observed"",""seller_name"":""observed"",""seller_score"":""unavailable"",""price"":""observed"",""original_price"":""unavailable"",""campaigns"":""observed"",""stock_status"":""observed"",""stock_signal"":""observed"",""rating"":""observed"",""rating_count"":""observed"",""review_count"":""observed"",""question_count"":""observed"",""delivery_summary"":""observed"",""shipping_cost"":""observed"",""properties"":""observed""}",true,
2026-08-21,2026-08-21T12:00:02+03:00,kozmetik,BEST_SELLER,kozmetik-vitrini,Trendyol Kozmetik / En Çok Satan Ürünler,64,4,64,64,,kozmetik:kozmetik-vitrini,64,,16,14,1179221820,107599,1179221820:107599,glassify PDRN + Hyaluron Dew Miracle Glass Skin Mist(Cam Cilt Spreyi) 50 ML,glassify,Tonik,https://www.trendyol.com/glassify/pdrn-hyaluron-dew-miracle-glass-skin-mist-cam-cilt-spreyi-50-ml-p-1179221820?boutiqueId=61&merchantId=107599,ENUCUZAVN,93,899,,,,TRY,"[""Kargo Bedava""]",InStock,10 adetten fazla stok sunulmuştur,,,,,5,102,99,,6,1B kişinin sepetinde,"2,5B kişi favoriledi","Son 24 saatte 1,1B kişi görüntüledi",4999,TRY,0,3,1,6,11 saat 55 dakika içinde sipariş verirsen en geç yarın kargoda!,,https://cdn.dsmcdn.com/ty1909/prod/QC_ENRICHMENT/20260804/18/ad805155-66b7-3da3-b20d-198ddbc8476b/1_org_zoom.jpg,"{""Cilt Tipi"":""Tüm Cilt Tipleri"",""Tip"":""Şişe"",""İçerik"":""Hyalüronik Asit"",""Kullanma Amacı"":""Nemlendirici"",""Hacim"":""50 ml"",""Menşei"":""TR"",""Refill"":""Hayır""}",20,5,refreshed,"[""daily_top""]",true,2026-08-21T12:00:02+03:00,0,"[""search_result_dom"",""product_detail_jsonld"",""product_detail_dom""]","{""title"":""observed"",""brand"":""observed"",""seller_name"":""observed"",""seller_score"":""observed"",""price"":""observed"",""original_price"":""unavailable"",""campaigns"":""observed"",""stock_status"":""observed"",""stock_signal"":""observed"",""rating"":""observed"",""rating_count"":""observed"",""review_count"":""observed"",""question_count"":""observed"",""delivery_summary"":""observed"",""shipping_cost"":""observed"",""properties"":""observed""}",true,
2026-08-21,2026-08-21T12:00:02+03:00,kozmetik,BEST_SELLER,kozmetik-vitrini,Trendyol Kozmetik / En Çok Satan Ürünler,65,4,65,65,7,kozmetik:kozmetik-vitrini,65,14,27.5,11.4,1087011203,638780,1087011203:638780,BEYZANA Kutulu Lenf Drenaj Masaj Fırçası Yüz Çene Boyun Kıl,BEYZANA,Yüz Masaj Aleti,https://www.trendyol.com/beyzana/kutulu-lenf-drenaj-masaj-fircasi-yuz-cene-boyun-kil-p-1087011203?boutiqueId=61&merchantId=638780,BEYZANA,,133.85,146.89,8.9,0,TRY,"[""Son 10 Günün En Düşük Fiyatı"",""Kargo Bedava"",""Son 10 günün en düşük fiyatı"",""Trendyol Plus'a Özel""]",InStock,100 adetten fazla stok sunulmuştur,,,,,4.3,617,213,4,43,956 kişinin sepetinde,"36,5B kişi favoriledi",Son 24 saatte 383 kişi görüntüledi,4999,TRY,0,1,1,4,11 saat 55 dakika içinde sipariş verirsen en geç yarın kargoda!,En Çok Satan 7. Ürün,https://cdn.dsmcdn.com/ty1813/prod/QC_PREP/20260117/14/17c216a9-b973-3de3-bb51-b5b74a37d2e7/1_org_zoom.jpg,"{""Renk"":""Bej"",""Tip"":""Masaj Topları"",""Kullanma Amacı"":""Canlandırıcı"",""Yaşlanma Karşıtı"":""Evet"",""Menşei"":""CN""}",20,5,refreshed,"[""daily_top""]",true,2026-08-21T12:00:02+03:00,0,"[""search_result_dom"",""product_detail_jsonld"",""product_detail_dom""]","{""title"":""observed"",""brand"":""observed"",""seller_name"":""observed"",""seller_score"":""unavailable"",""price"":""observed"",""original_price"":""observed"",""campaigns"":""observed"",""stock_status"":""observed"",""stock_signal"":""observed"",""rating"":""observed"",""rating_count"":""observed"",""review_count"":""observed"",""question_count"":""observed"",""delivery_summary"":""observed"",""shipping_cost"":""observed"",""properties"":""observed""}",true,
2026-08-21,2026-08-21T12:00:02+03:00,kozmetik,BEST_SELLER,kozmetik-vitrini,Trendyol Kozmetik / En Çok Satan Ürünler,66,4,66,66,,kozmetik:kozmetik-vitrini,66,,25.8,33.4,1109549494,365501,1109549494:365501,La Roche Posay Yağlı Ciltler İçin Onarıcı Bakım Seti: Cicaplast Baume 40ml & Effaclar Yüz Temizleyici 50ml,La Roche Posay,Cilt Bakım Seti,https://www.trendyol.com/la-roche-posay/yagli-ciltler-icin-onarici-bakim-seti-cicaplast-baume-40ml-effaclar-yuz-temizleyici-50ml-p-1109549494?boutiqueId=61&merchantId=365501,La Roche Posay,,617.4,,,,TRY,"[""Sepette %25 İndirim"",""Kargo Bedava"",""Trendyol Plus'a Özel""]",InStock,100 adetten fazla stok sunulmuştur,Son 3 günde 500+ ürün satıldı!,3,500,166.7,4.6,349,150,,80,"6,9B kişinin sepetinde","40,7B kişi favoriledi",Son 24 saatte 4B kişi görüntüledi,4999,TRY,0,3,1,6,Tahmini Teslim:,En Çok Ziyaret Edilen 1. Ürün,https://cdn.dsmcdn.com/ty1000434/product/media/images/prod/PIM/20260818/19/b55f08e4-671c-47e8-a70e-8aa2d59c50af/1_org_zoom.jpg,"{""Cilt Tipi"":""Yağlı"",""Set İçerik Adeti"":""2"",""Yaşlanma Karşıtı"":""Evet"",""Menşei"":""FR"",""Refill"":""Hayır""}",20,5,refreshed,"[""daily_top""]",true,2026-08-21T12:00:02+03:00,0,"[""search_result_dom"",""product_detail_jsonld"",""product_detail_dom""]","{""title"":""observed"",""brand"":""observed"",""seller_name"":""observed"",""seller_score"":""unavailable"",""price"":""observed"",""original_price"":""unavailable"",""campaigns"":""observed"",""stock_status"":""observed"",""stock_signal"":""observed"",""rating"":""observed"",""rating_count"":""observed"",""review_count"":""observed"",""question_count"":""observed"",""delivery_summary"":""observed"",""shipping_cost"":""observed"",""properties"":""observed""}",true,
2026-08-21,2026-08-21T12:00:02+03:00,kozmetik,BEST_SELLER,kozmetik-vitrini,Trendyol Kozmetik / En Çok Satan Ürünler,67,5,67,67,,kozmetik:kozmetik-vitrini,67,71,50.5,13.1,849561974,875815,849561974:875815,"Anyong Sivilce Karşıtı, Yatıştırıcı Azelaik Asit %5 Serum 30 ml (Centella Özü & Prebiyotik)",Anyong,Cilt Serumu,https://www.trendyol.com/anyong/sivilce-karsiti-yatistirici-azelaik-asit-5-serum-30-ml-centella-ozu-prebiyotik-p-849561974?boutiqueId=61&merchantId=875815,Anyong,,198.99,299.9,33.6,0,TRY,"[""Son 10 Günün En Düşük Fiyatı"",""Süper Fırsat Ürünü"",""Kargo Bedava"",""Son 10 günün en düşük fiyatı""]",InStock,100 adetten fazla stok sunulmuştur,,,,,4.6,218,129,2,168,"1,1B kişinin sepetinde","20,7B kişi favoriledi",Son 24 saatte 1B kişi görüntüledi,4999,TRY,0,1,1,4,Tahmini Teslim:,,https://cdn.dsmcdn.com/ty1663/prod/QC/20250415/16/0ad3a408-f6ed-3566-837a-75944fa3303c/1_org_zoom.jpg,"{""Cilt Tipi"":""Tüm Cilt Tipleri"",""SPF"":""Korumasız"",""Tip"":""Şişe"",""Hacim"":""30 ml"",""İçerik"":""Prebiyotik/Probiyotik"",""Kullanma Amacı"":""Yatıştırıcı"",""Ek Özellik"":""Alkol İçermez"",""Yaşlanma Karşıtı"":""Evet"",""Menşei"":""TR"",""Ürün Güvenliği Bilgisi"":""Tehlikeli Değil"",""Refill"":""Hayır""}",20,5,refreshed,"[""daily_top"",""hot_change""]",true,2026-08-21T12:00:02+03:00,0,"[""search_result_dom"",""product_detail_jsonld"",""product_detail_dom""]","{""title"":""observed"",""brand"":""observed"",""seller_name"":""observed"",""seller_score"":""unavailable"",""price"":""observed"",""original_price"":""observed"",""campaigns"":""observed"",""stock_status"":""observed"",""stock_signal"":""observed"",""rating"":""observed"",""rating_count"":""observed"",""review_count"":""observed"",""question_count"":""observed"",""delivery_summary"":""observed"",""shipping_cost"":""observed"",""properties"":""observed""}",true,
2026-08-21,2026-08-21T12:00:02+03:00,kozmetik,BEST_SELLER,kozmetik-vitrini,Trendyol Kozmetik / En Çok Satan Ürünler,68,5,68,68,,kozmetik:kozmetik-vitrini,68,,30.9,28.3,1108843741,556702,1108843741:556702,Cream Co. Ton Eşitleyici Aydınlatıcı Pink SPF50 Güneş Kremi Leke Karşıtı | Peptit Niasinamid Hyalüronik Asit,Cream Co.,Yüz Güneş Kremi,https://www.trendyol.com/cream-co/ton-esitleyici-aydinlatici-pink-spf50-gunes-kremi-leke-karsiti-peptit-niasinamid-hyaluronik-asit-p-1108843741?boutiqueId=61&merchantId=556702,Cream Co.,,284.9,,,,TRY,"[""Kargo Bedava"",""Son 10 Günün En Düşük Fiyatı"",""Trendyol Plus'a Özel""]",InStock,100 adetten fazla stok sunulmuştur,Son 3 günde 500+ ürün satıldı!,3,500,166.7,4.3,1375,661,,214,"2,7B kişinin sepetinde","96,2B kişi favoriledi","Son 24 saatte 1,4B kişi görüntüledi",4999,TRY,0,1,1,4,Tahmini Teslim:,,https://cdn.dsmcdn.com/ty1000410/product/media/images/prod/PIM/20260622/10/b2c8c36a-660b-4327-be82-fcafb89bb011/1_org_zoom.jpg,"{""Form"":""Krem"",""SPF"":""SPF 50 +"",""Cilt Tipi"":""Tüm Cilt Tipleri"",""Tip"":""Şişe"",""Ek Özellik"":""Alkol İçermez"",""Hacim"":""40 ml"",""Görünüm"":""Renkli"",""Kullanma Amacı"":""Aydınlatıcı"",""Yaşlanma Karşıtı"":""Evet"",""Menşei"":""TR"",""Kutu Durumu"":""Kutulu"",""Ürün Güvenliği Bilgisi"":""Tehlikeli Değil""}",20,5,refreshed,"[""daily_top""]",true,2026-08-21T12:00:02+03:00,0,"[""search_result_dom"",""product_detail_jsonld"",""product_detail_dom""]","{""title"":""observed"",""brand"":""observed"",""seller_name"":""observed"",""seller_score"":""unavailable"",""price"":""observed"",""original_price"":""unavailable"",""campaigns"":""observed"",""stock_status"":""observed"",""stock_signal"":""observed"",""rating"":""observed"",""rating_count"":""observed"",""review_count"":""observed"",""question_count"":""observed"",""delivery_summary"":""observed"",""shipping_cost"":""observed"",""properties"":""observed""}",true,
2026-08-21,2026-08-21T12:00:02+03:00,kozmetik,BEST_SELLER,kozmetik-vitrini,Trendyol Kozmetik / En Çok Satan Ürünler,69,5,69,69,1,kozmetik:kozmetik-vitrini,69,11,61.6,50,777619668,1194314,777619668:1194314,"WOU World of Unique Stick Krem, Koltuk Altı Terleme Önleyici 48 Saat Etkin Koruma Vegan, Kadın Koltuk Altı Stick 75ml",WOU World of Unique,Deodorant ve Roll On,https://www.trendyol.com/wou-world-of-unique/stick-krem-koltuk-alti-terleme-onleyici-48-saat-etkin-koruma-vegan-kadin-koltuk-alti-stick-75ml-p-777619668?boutiqueId=61&merchantId=1194314,Kozfa Store,9,239.9,243.9,1.6,0,TRY,"[""Son 10 Günün En Düşük Fiyatı"",""Kargo Bedava"",""Son 10 günün en düşük fiyatı""]",InStock,100 adetten fazla stok sunulmuştur,Son 3 günde 2B+ ürün satıldı!,3,2000,666.7,4.4,9123,5618,7,779,"14,8B kişinin sepetinde","172,4B kişi favoriledi","Son 24 saatte 2,3B kişi görüntüledi",4999,TRY,0,1,1,4,Tahmini Teslim:,En Çok Satan 1. Ürün,https://cdn.dsmcdn.com/ty1850/prod/QC_ENRICHMENT/20260403/15/d407c55d-116c-3099-8318-2ecf7c53806e/1_org_zoom.jpg,"{""Ek Özellik"":""Pudrasız"",""Hacim"":""75 ml"",""Form"":""Krem"",""Menşei"":""TR"",""Ürün Güvenliği Bilgisi"":""Tehlikeli Değil"",""Koruma Süresi"":""24h""}",20,5,refreshed,"[""daily_top""]",true,2026-08-21T12:00:02+03:00,0,"[""search_result_dom"",""product_detail_jsonld"",""product_detail_dom""]","{""title"":""observed"",""brand"":""observed"",""seller_name"":""observed"",""seller_score"":""observed"",""price"":""observed"",""original_price"":""observed"",""campaigns"":""observed"",""stock_status"":""observed"",""stock_signal"":""observed"",""rating"":""observed"",""rating_count"":""observed"",""review_count"":""observed"",""question_count"":""observed"",""delivery_summary"":""observed"",""shipping_cost"":""observed"",""properties"":""observed""}",true,
2026-08-21,2026-08-21T12:00:02+03:00,kozmetik,BEST_SELLER,kozmetik-vitrini,Trendyol Kozmetik / En Çok Satan Ürünler,70,5,70,70,12,kozmetik:kozmetik-vitrini,70,40,17.5,12.5,984248054,1081577,984248054:1081577,Golden Rose Mood Defining Lipliner No: 07 Taupe Brown - Yoğun Pigmentli Dudak Kalemi,Golden Rose,,https://www.trendyol.com/golden-rose/mood-defining-lipliner-no-07-taupe-brown-yogun-pigmentli-dudak-kalemi-p-984248054?boutiqueId=61&merchantId=1081577,Golden Rose,,181.87,,,0,TRY,"[""Kargo Bedava""]",InStock,100 adetten fazla stok sunulmuştur,,,,,4.7,154,,0,17,414 kişinin sepetinde,"10,4B kişi favoriledi",Son 24 saatte 549 kişi görüntüledi,,,0,,,,1 saat 55 dakika içinde sipariş verirsen en geç bugün kargoda!,,,{},0,,refreshed,"[""daily_top""]",true,2026-08-21T12:00:02+03:00,0,"[""search_result_dom"",""product_detail_jsonld"",""product_detail_dom""]","{""title"":""observed"",""brand"":""observed"",""seller_name"":""observed"",""seller_score"":""unavailable"",""price"":""observed"",""original_price"":""unavailable"",""campaigns"":""observed"",""stock_status"":""observed"",""stock_signal"":""observed"",""rating"":""observed"",""rating_count"":""observed"",""review_count"":""unavailable"",""question_count"":""observed"",""delivery_summary"":""observed"",""shipping_cost"":""unavailable"",""properties"":""observed""}",true,
2026-08-21,2026-08-21T12:00:02+03:00,kozmetik,BEST_SELLER,kozmetik-vitrini,Trendyol Kozmetik / En Çok Satan Ürünler,71,5,71,71,10,kozmetik:kozmetik-vitrini,71,,52.5,10.5,832545344,481835,832545344:481835,CELLRE Çift Katmanlı 3ü Bir Arada Kolajen Bakuchiol Shot Collachiol Mist Tonik+Serum+Krem 55 ML,CELLRE,Tonik,https://www.trendyol.com/cellre/cift-katmanli-3u-bir-arada-kolajen-bakuchiol-shot-collachiol-mist-tonik-serum-krem-55-ml-p-832545344?boutiqueId=61&merchantId=481835,K-LAND,92,1333.3,1990,33,,TRY,"[""Sepette %33 İndirim"",""Kargo Bedava""]",InStock,100 adetten fazla stok sunulmuştur,,,,,4.6,483,272,,260,2B kişinin sepetinde,"85,4B kişi favoriledi","Son 24 saatte 3,1B kişi görüntüledi",4999,TRY,0,4,1,7,Tahmini Teslim:,,https://cdn.dsmcdn.com/ty1827/prod/QC_ENRICHMENT/20260224/02/db6c1ca1-0259-3fa0-b4cf-b7976c182be8/1_org_zoom.jpg,"{""Cilt Tipi"":""Tüm Cilt Tipleri"",""İçerik"":""Kolajen"",""Kullanma Amacı"":""Yaşlanma Karşıtı"",""Hacim"":""55 ml"",""Refill"":""Hayır""}",20,5,refreshed,"[""daily_top""]",true,2026-08-21T12:00:02+03:00,0,"[""search_result_dom"",""product_detail_jsonld"",""product_detail_dom""]","{""title"":""observed"",""brand"":""observed"",""seller_name"":""observed"",""seller_score"":""observed"",""price"":""observed"",""original_price"":""observed"",""campaigns"":""observed"",""stock_status"":""observed"",""stock_signal"":""observed"",""rating"":""observed"",""rating_count"":""observed"",""review_count"":""observed"",""question_count"":""observed"",""delivery_summary"":""observed"",""shipping_cost"":""observed"",""properties"":""observed""}",true,
2026-08-21,2026-08-21T12:00:02+03:00,kozmetik,BEST_SELLER,kozmetik-vitrini,Trendyol Kozmetik / En Çok Satan Ürünler,72,5,72,72,3,kozmetik:kozmetik-vitrini,72,18,31.5,21.8,1083442479,1177819,1083442479:1177819,SIHRA Kepek Kaldırma &Anti Statik &3 Kat Daha Fazla Saç Uzama Etkisi kepek tarağı&Yeni Nesil Topuz Tarağı,SIHRA,Saç Fırçası ve Tarak,https://www.trendyol.com/sihra/kepek-kaldirma-anti-statik-3-kat-daha-fazla-sac-uzama-etkisi-kepek-taragi-yeni-nesil-topuz-taragi-p-1083442479?boutiqueId=61&merchantId=1177819,YURISH,95,178,195,8.7,0,TRY,"[""Son 10 Günün En Düşük Fiyatı"",""Kargo Bedava"",""Son 10 günün en düşük fiyatı""]",InStock,5 adetten fazla stok sunulmuştur,Son 3 günde 250+ ürün satıldı!,3,250,83.3,3.7,421,213,10,38,,,,4999,TRY,0,3,1,6,1 saat 55 dakika içinde sipariş verirsen en geç bugün kargoda!,En Çok Satan 3. Ürün,https://cdn.dsmcdn.com/ty1812/prod/QC_ENRICHMENT/20260116/19/3270bc84-c4e1-366a-908d-18351bad4089/1_org_zoom.jpg,"{""Renk"":""Siyah"",""Tip"":""Krepe Tarağı"",""Menşei"":""TR""}",20,5,refreshed,"[""daily_top""]",true,2026-08-21T12:00:02+03:00,0,"[""search_result_dom"",""product_detail_jsonld"",""product_detail_dom""]","{""title"":""observed"",""brand"":""observed"",""seller_name"":""observed"",""seller_score"":""observed"",""price"":""observed"",""original_price"":""observed"",""campaigns"":""observed"",""stock_status"":""observed"",""stock_signal"":""observed"",""rating"":""observed"",""rating_count"":""observed"",""review_count"":""observed"",""question_count"":""observed"",""delivery_summary"":""observed"",""shipping_cost"":""observed"",""properties"":""observed""}",true,
2026-08-21,2026-08-21T12:00:02+03:00,kozmetik,BEST_SELLER,kozmetik-vitrini,Trendyol Kozmetik / En Çok Satan Ürünler,73,5,73,73,4,kozmetik:kozmetik-vitrini,73,,35.7,23.5,376347970,285256,376347970:285256,The Touch By Seda Altın Saç Bakım Suyu,The Touch By Seda Altın,Saç Toniği,https://www.trendyol.com/the-touch-by-seda-altin/sac-bakim-suyu-p-376347970?boutiqueId=61&merchantId=285256,The Touch by Seda Altın,91,334,,,,TRY,"[""Kargo Bedava""]",InStock,100 adetten fazla stok sunulmuştur,Son 3 günde 500+ ürün satıldı!,3,500,166.7,4.6,4502,2646,,237,434 kişinin sepetinde,"25,1B kişi favoriledi",,4999,TRY,0,1,1,4,Tahmini Teslim:,En Çok Satan 4. Ürün,https://cdn.dsmcdn.com/ty1569/prod/QC/20240926/13/21c05c11-30d9-371f-b3df-843e18b6255e/1_org_zoom.jpg,"{""Hacim"":""210 ml"",""Menşei"":""TR"",""Ürün Güvenliği Bilgisi"":""Tehlikeli Değil""}",20,5,refreshed,"[""daily_top""]",true,2026-08-21T12:00:02+03:00,0,"[""search_result_dom"",""product_detail_jsonld"",""product_detail_dom""]","{""title"":""observed"",""brand"":""observed"",""seller_name"":""observed"",""seller_score"":""observed"",""price"":""observed"",""original_price"":""unavailable"",""campaigns"":""observed"",""stock_status"":""observed"",""stock_signal"":""observed"",""rating"":""observed"",""rating_count"":""observed"",""review_count"":""observed"",""question_count"":""observed"",""delivery_summary"":""observed"",""shipping_cost"":""observed"",""properties"":""observed""}",true,
2026-08-21,2026-08-21T12:00:02+03:00,kozmetik,BEST_SELLER,kozmetik-vitrini,Trendyol Kozmetik / En Çok Satan Ürünler,74,5,74,74,,kozmetik:kozmetik-vitrini,74,13,30.9,13.7,772110476,908896,772110476:908896,mia klinika Akne Karşıtı Sivilce Kurutucu Losyon,mia klinika,Tonik,https://www.trendyol.com/mia-klinika/akne-karsiti-sivilce-kurutucu-losyon-p-772110476?boutiqueId=61&merchantId=908896,Mia Klinika,94,322.05,,,-5,TRY,"[""Kargo Bedava"",""Trendyol Plus'a Özel""]",InStock,100 adetten fazla stok sunulmuştur,Son 3 günde 250+ ürün satıldı!,3,250,83.3,4.1,3793,2207,14,1055,"6,7B kişinin sepetinde",179B kişi favoriledi,"Son 24 saatte 1,3B kişi görüntüledi",4999,TRY,0,,1,4,55 dakika 44 saniye içinde sipariş verirsen en geç bugün kargoda!,,https://cdn.dsmcdn.com/ty1000408/product/media/images/prod/PIM/20260615/09/0d34a5a1-0d67-4f89-96d0-43f0764ff7ec/1_org_zoom.jpg,"{""Cilt Tipi"":""Tüm Cilt Tipleri"",""Tip"":""Şişe"",""İçerik"":""Salisilik Asit"",""Ek Özellik"":""Parfüm İçermeyen"",""Kullanma Amacı"":""Akne Karşıtı"",""Hacim"":""30 ml"",""Menşei"":""TR"",""Refill"":""Hayır""}",20,5,refreshed,"[""daily_top""]",true,2026-08-21T12:00:02+03:00,0,"[""search_result_dom"",""product_detail_jsonld"",""product_detail_dom""]","{""title"":""observed"",""brand"":""observed"",""seller_name"":""observed"",""seller_score"":""observed"",""price"":""observed"",""original_price"":""unavailable"",""campaigns"":""observed"",""stock_status"":""observed"",""stock_signal"":""observed"",""rating"":""observed"",""rating_count"":""observed"",""review_count"":""observed"",""question_count"":""observed"",""delivery_summary"":""observed"",""shipping_cost"":""observed"",""properties"":""observed""}",true,
2026-08-21,2026-08-21T12:00:02+03:00,kozmetik,BEST_SELLER,kozmetik-vitrini,Trendyol Kozmetik / En Çok Satan Ürünler,75,5,75,75,10,kozmetik:kozmetik-vitrini,75,,50.5,12.5,795243677,481835,795243677:481835,DERMA FACTORY Kaş ve Kirpik Uzatıcı ve Besleyici Vegan Serum Derma Factory Peptide Eyelash Ampoule,DERMA FACTORY,Kaş Kirpik Serumu,https://www.trendyol.com/derma-factory/kas-ve-kirpik-uzatici-ve-besleyici-vegan-serum-derma-factory-peptide-eyelash-ampoule-p-795243677?boutiqueId=61&merchantId=481835,K-LAND,92,797.3,1190,33,,TRY,"[""Sepette %33 İndirim"",""Kargo Bedava""]",InStock,100 adetten fazla stok sunulmuştur,,,,,4.3,260,154,,106,"2,2B kişinin sepetinde","52,9B kişi favoriledi",Son 24 saatte 2B kişi görüntüledi,4999,TRY,0,4,1,7,Tahmini Teslim:,,https://cdn.dsmcdn.com/ty1824/prod/QC_ENRICHMENT/20260213/22/ad5d87d2-c282-38f2-8244-3a0dc844ceea/1_org_zoom.jpg,"{""Hacim"":""8,5 ml""}",20,5,refreshed,"[""daily_top""]",true,2026-08-21T12:00:02+03:00,0,"[""search_result_dom"",""product_detail_jsonld"",""product_detail_dom""]","{""title"":""observed"",""brand"":""observed"",""seller_name"":""observed"",""seller_score"":""observed"",""price"":""observed"",""original_price"":""observed"",""campaigns"":""observed"",""stock_status"":""observed"",""stock_signal"":""observed"",""rating"":""observed"",""rating_count"":""observed"",""review_count"":""observed"",""question_count"":""observed"",""delivery_summary"":""observed"",""shipping_cost"":""observed"",""properties"":""observed""}",true,
2026-08-21,2026-08-21T12:00:02+03:00,kozmetik,BEST_SELLER,kozmetik-vitrini,Trendyol Kozmetik / En Çok Satan Ürünler,76,5,76,76,,kozmetik:kozmetik-vitrini,76,-14,27.1,19.5,1133206753,1168742,1133206753:1168742,Mas'dala EGAR Profesyonel İpek Kirpik Seti Doğal Görünümlü Kirpik Uygulama Kiti,Mas'dala EGAR,Takma Kirpikler,https://www.trendyol.com/mas-dala-egar/profesyonel-ipek-kirpik-seti-dogal-gorunumlu-kirpik-uygulama-kiti-p-1133206753?boutiqueId=61&merchantId=1168742,Masdala EGAR,9,543.89,554.99,2,-2,TRY,"[""Sepette %2 İndirim"",""Kargo Bedava""]",InStock,100 adetten fazla stok sunulmuştur,Son 3 günde 250+ ürün satıldı!,3,250,83.3,4.3,589,416,8,209,"4,8B kişinin sepetinde","58,3B kişi favoriledi","Son 24 saatte 2,6B kişi görüntüledi",4999,TRY,0,1,1,4,Tahmini Teslim:,,https://cdn.dsmcdn.com/ty1928/prod/QC_ENRICHMENT/20260626/12/c4bc95f2-bdab-3bc6-bb1e-e40595d1bcf3/1_org_zoom.jpg,"{""Etki"":""Hacim / Dolgunluk Veren"",""Menşei"":""CN"",""Ürün Güvenliği Bilgisi"":""Tehlikeli Değil""}",20,5,refreshed,"[""daily_top""]",true,2026-08-21T12:00:02+03:00,0,"[""search_result_dom"",""product_detail_jsonld"",""product_detail_dom""]","{""title"":""observed"",""brand"":""observed"",""seller_name"":""observed"",""seller_score"":""observed"",""price"":""observed"",""original_price"":""observed"",""campaigns"":""observed"",""stock_status"":""observed"",""stock_signal"":""observed"",""rating"":""observed"",""rating_count"":""observed"",""review_count"":""observed"",""question_count"":""observed"",""delivery_summary"":""observed"",""shipping_cost"":""observed"",""properties"":""observed""}",true,
2026-08-21,2026-08-21T12:00:02+03:00,kozmetik,BEST_SELLER,kozmetik-vitrini,Trendyol Kozmetik / En Çok Satan Ürünler,77,5,77,77,1,kozmetik:kozmetik-vitrini,77,16,33.3,25.9,923135727,968283,923135727:968283,h.OLA Baking Powder | Makyaj Sabitleyici Toz Pudra | Transparent,h.OLA,Pudra,https://www.trendyol.com/h-ola/baking-powder-makyaj-sabitleyici-toz-pudra-transparent-p-923135727?boutiqueId=61&merchantId=968283,HOLA TÜRKİYE,9,429.9,,,0,TRY,"[""Kargo Bedava""]",InStock,100 adetten fazla stok sunulmuştur,Son 3 günde 500+ ürün satıldı!,3,500,166.7,4.4,2392,1307,8,474,"4,6B kişinin sepetinde","227,1B kişi favoriledi","Son 24 saatte 3,2B kişi görüntüledi",4999,TRY,0,1,1,4,11 saat 55 dakika içinde sipariş verirsen en geç yarın kargoda!,En Çok Satan 1. Ürün,https://cdn.dsmcdn.com/ty1942/prod/QC_ENRICHMENT/20260713/09/2f498395-d024-3bf1-85a2-7eddcedfb9b0/1_org_zoom.jpg,"{""Kapatıcılık"":""Yüksek"",""Renk"":""Beyaz"",""Görünüm"":""Transparan"",""Form"":""Toz"",""Menşei"":""TR""}",20,5,refreshed,"[""daily_top""]",true,2026-08-21T12:00:02+03:00,0,"[""search_result_dom"",""product_detail_jsonld"",""product_detail_dom""]","{""title"":""observed"",""brand"":""observed"",""seller_name"":""observed"",""seller_score"":""observed"",""price"":""observed"",""original_price"":""unavailable"",""campaigns"":""observed"",""stock_status"":""observed"",""stock_signal"":""observed"",""rating"":""observed"",""rating_count"":""observed"",""review_count"":""observed"",""question_count"":""observed"",""delivery_summary"":""observed"",""shipping_cost"":""observed"",""properties"":""observed""}",true,
2026-08-21,2026-08-21T12:00:02+03:00,kozmetik,BEST_SELLER,kozmetik-vitrini,Trendyol Kozmetik / En Çok Satan Ürünler,78,5,78,78,1,kozmetik:kozmetik-vitrini,78,56,40.3,20.8,79731620,145234,79731620:145234,S'GLAM Kaş Şekilendirici Brow Wax,S'GLAM,Kaş Sabitleyici,https://www.trendyol.com/s-glam/kas-sekilendirici-brow-wax-p-79731620?boutiqueId=61&merchantId=145234,SGLAM,91,229,,,0,TRY,"[""Kargo Bedava""]",InStock,100 adetten fazla stok sunulmuştur,Son 3 günde 500+ ürün satıldı!,3,500,166.7,4.5,17793,9789,3,762,"7,5B kişinin sepetinde","312,9B kişi favoriledi","Son 24 saatte 1,6B kişi görüntüledi",4999,TRY,0,,1,4,1 saat 55 dakika içinde sipariş verirsen en geç bugün kargoda!,En Çok Satan 1. Ürün,https://cdn.dsmcdn.com/ty1921/prod/QC_ENRICHMENT/20260812/22/bacb2ded-fc2c-37f6-b028-7804ba16203a/1_org_zoom.jpg,"{""Kutu Durumu"":""Kutulu"",""Renk"":""Gri"",""Menşei"":""TR"",""Ürün Güvenliği Bilgisi"":""Tehlikeli Değil""}",20,5,refreshed,"[""daily_top"",""hot_change""]",true,2026-08-21T12:00:02+03:00,0,"[""search_result_dom"",""product_detail_jsonld"",""product_detail_dom""]","{""title"":""observed"",""brand"":""observed"",""seller_name"":""observed"",""seller_score"":""observed"",""price"":""observed"",""original_price"":""unavailable"",""campaigns"":""observed"",""stock_status"":""observed"",""stock_signal"":""observed"",""rating"":""observed"",""rating_count"":""observed"",""review_count"":""observed"",""question_count"":""observed"",""delivery_summary"":""observed"",""shipping_cost"":""observed"",""properties"":""observed""}",true,
2026-08-21,2026-08-21T12:00:02+03:00,kozmetik,BEST_SELLER,kozmetik-vitrini,Trendyol Kozmetik / En Çok Satan Ürünler,79,6,79,79,10,kozmetik:kozmetik-vitrini,79,,29.6,3.4,854713691,565865,854713691:565865,Agarta Natural Ampoule Gözaltı Morluk Ve Torbalama Giderici Serum 50 ML,Agarta,Göz Serumu,https://www.trendyol.com/agarta/natural-ampoule-gozalti-morluk-ve-torbalama-giderici-serum-50-ml-p-854713691?boutiqueId=61&merchantId=565865,AGARTA BİTKİSEL KOZMETİK,94,193.03,199,3,,TRY,"[""Sepette %3 İndirim"",""Kargo Bedava""]",InStock,100 adetten fazla stok sunulmuştur,,,,,4.5,2877,2128,,514,406 kişinin sepetinde,33B kişi favoriledi,,4999,TRY,0,1,1,4,Tahmini Teslim:,,https://cdn.dsmcdn.com/ty1000424/product/media/images/prod/PIM/20260805/06/5dd3fa51-f309-4db3-b8d9-db4f93141957/1_org_zoom.jpg,"{""İçerik"":""Hyalüronik Asit"",""Hacim"":""50 ml"",""Cilt Tipi"":""Tüm Cilt Tipleri"",""Kullanma Amacı"":""Yaşlanma Karşıtı"",""Ek Özellik"":""Vegan"",""Tip"":""Şişe"",""Yaşlanma Karşıtı"":""Evet"",""Menşei"":""TR""}",20,5,refreshed,"[""daily_top""]",true,2026-08-21T12:00:02+03:00,0,"[""search_result_dom"",""product_detail_jsonld"",""product_detail_dom""]","{""title"":""observed"",""brand"":""observed"",""seller_name"":""observed"",""seller_score"":""observed"",""price"":""observed"",""original_price"":""observed"",""campaigns"":""observed"",""stock_status"":""observed"",""stock_signal"":""observed"",""rating"":""observed"",""rating_count"":""observed"",""review_count"":""observed"",""question_count"":""observed"",""delivery_summary"":""observed"",""shipping_cost"":""observed"",""properties"":""observed""}",true,
2026-08-21,2026-08-21T12:00:02+03:00,kozmetik,BEST_SELLER,kozmetik-vitrini,Trendyol Kozmetik / En Çok Satan Ürünler,80,6,80,80,6,kozmetik:kozmetik-vitrini,80,-22,17.3,27.3,1164644079,1003094,1164644079:1003094,CAVALYN Profesyonel İpek Kirpik Seti Doğal Görünümlü Kirpik Uygulama Kiti,CAVALYN,Takma Kirpikler,https://www.trendyol.com/cavalyn/profesyonel-ipek-kirpik-seti-dogal-gorunumlu-kirpik-uygulama-kiti-p-1164644079?boutiqueId=61&merchantId=1003094,Cavalyn Natural,93,544.76,,,3.8,TRY,"[""Kargo Bedava""]",InStock,100 adetten fazla stok sunulmuştur,Son 3 günde 250+ ürün satıldı!,3,250,83.3,4.7,63,43,1,44,"1,9B kişinin sepetinde","12,5B kişi favoriledi","Son 24 saatte 3,1B kişi görüntüledi",4999,TRY,0,1,1,4,11 saat 55 dakika içinde sipariş verirsen en geç yarın kargoda!,En Çok Satan 6. Ürün,https://cdn.dsmcdn.com/ty1916/prod/QC_ENRICHMENT/20260705/13/7232e505-b8a4-341e-89f0-0966a6950a12/1_org_zoom.jpg,"{""Etki"":""Hacim / Dolgunluk Veren"",""Menşei"":""CN""}",20,5,refreshed,"[""daily_top""]",true,2026-08-21T12:00:02+03:00,0,"[""search_result_dom"",""product_detail_jsonld"",""product_detail_dom""]","{""title"":""observed"",""brand"":""observed"",""seller_name"":""observed"",""seller_score"":""observed"",""price"":""observed"",""original_price"":""unavailable"",""campaigns"":""observed"",""stock_status"":""observed"",""stock_signal"":""observed"",""rating"":""observed"",""rating_count"":""observed"",""review_count"":""observed"",""question_count"":""observed"",""delivery_summary"":""observed"",""shipping_cost"":""observed"",""properties"":""observed""}",true,
2026-08-21,2026-08-21T12:00:02+03:00,kozmetik,BEST_SELLER,kozmetik-vitrini,Trendyol Kozmetik / En Çok Satan Ürünler,81,6,81,81,,kozmetik:kozmetik-vitrini,81,,24.7,19.9,1071762699,217992,1071762699:217992,MATSU Pillow Saç ve Vücut Misti 50 ml | Tatlı Notalar | Hair and Body Mist,MATSU,Saç Parfümü,https://www.trendyol.com/matsu/pillow-sac-ve-vucut-misti-50-ml-tatli-notalar-hair-and-body-mist-p-1071762699?boutiqueId=61&merchantId=217992,Matsu Professional,93,586.87,,,,TRY,"[""50 TL Kupon"",""Kargo Bedava"",""Son 10 Günün En Düşük Fiyatı"",""Trendyol Plus'a Özel""]",InStock,100 adetten fazla stok sunulmuştur,Son 3 günde 250+ ürün satıldı!,3,250,83.3,3.7,569,364,,47,"2,6B kişinin sepetinde","86,1B kişi favoriledi","Son 24 saatte 1,3B kişi görüntüledi",4999,TRY,0,1,1,4,55 dakika 30 saniye içinde sipariş verirsen en geç bugün kargoda!,En Çok Ziyaret Edilen 4. Ürün,https://cdn.dsmcdn.com/ty1943/prod/QC_ENRICHMENT/20260721/17/29f196ba-2737-3de2-8d07-b8460e62fe98/1_org_zoom.jpg,{},20,5,refreshed,"[""daily_top""]",true,2026-08-21T12:00:02+03:00,0,"[""search_result_dom"",""product_detail_jsonld"",""product_detail_dom""]","{""title"":""observed"",""brand"":""observed"",""seller_name"":""observed"",""seller_score"":""observed"",""price"":""observed"",""original_price"":""unavailable"",""campaigns"":""observed"",""stock_status"":""observed"",""stock_signal"":""observed"",""rating"":""observed"",""rating_count"":""observed"",""review_count"":""observed"",""question_count"":""observed"",""delivery_summary"":""observed"",""shipping_cost"":""observed"",""properties"":""observed""}",true,
2026-08-21,2026-08-21T12:00:02+03:00,kozmetik,BEST_SELLER,kozmetik-vitrini,Trendyol Kozmetik / En Çok Satan Ürünler,82,6,82,82,,kozmetik:kozmetik-vitrini,82,,7.5,27.6,1147191711,104968,1147191711:104968,JEONJU Göz altı Torbalanma ve Morluk Karşıtı Pirinç Göz Altı Bakım Kremi,JEONJU,Göz Kremi,https://www.trendyol.com/jeonju/goz-alti-torbalanma-ve-morluk-karsiti-pirinc-goz-alti-bakim-kremi-p-1147191711?boutiqueId=61&merchantId=104968,Happy Center,93,284.58,299.99,5.1,,TRY,"[""Son 10 Günün En Düşük Fiyatı"",""Kargo Bedava"",""Son 10 günün en düşük fiyatı""]",InStock,100 adetten fazla stok sunulmuştur,,,,,3.7,3,1,,2,1B kişinin sepetinde,"1,4B kişi favoriledi","Son 24 saatte 1,2B kişi görüntüledi",4999,TRY,0,3,1,6,11 saat 55 dakika içinde sipariş verirsen en geç yarın kargoda!,,https://cdn.dsmcdn.com/ty1893/prod/QC_PREP/20260518/20/aba8d3ca-ea4d-37f8-b606-e326c916dc19/1_org_zoom.jpg,"{""Cilt Tipi"":""Tüm Cilt Tipleri"",""Tip"":""Tüp"",""Form"":""Krem"",""İçerik"":""Kolajen"",""Kullanma Amacı"":""Koyu Halka Karşıtı"",""Yaşlanma Karşıtı"":""Evet"",""Hacim"":""25 Gr"",""Menşei"":""TR"",""Ürün Güvenliği Bilgisi"":""Tehlikeli Değil""}",1,5,refreshed,"[""daily_top""]",true,2026-08-21T12:00:02+03:00,0,"[""search_result_dom"",""product_detail_jsonld"",""product_detail_dom""]","{""title"":""observed"",""brand"":""observed"",""seller_name"":""observed"",""seller_score"":""observed"",""price"":""observed"",""original_price"":""observed"",""campaigns"":""observed"",""stock_status"":""observed"",""stock_signal"":""observed"",""rating"":""observed"",""rating_count"":""observed"",""review_count"":""observed"",""question_count"":""observed"",""delivery_summary"":""observed"",""shipping_cost"":""observed"",""properties"":""observed""}",true,
2026-08-21,2026-08-21T12:00:02+03:00,kozmetik,BEST_SELLER,kozmetik-vitrini,Trendyol Kozmetik / En Çok Satan Ürünler,83,6,83,83,,kozmetik:kozmetik-vitrini,83,110,51.5,16.8,320288106,301311,320288106:301311,Bargello 112 Kadın 50 ml Parfüm Edp Floral,Bargello,Parfüm,https://www.trendyol.com/bargello/112-kadin-50-ml-parfum-edp-floral-p-320288106?boutiqueId=61&merchantId=301311,Bargello Parfüm Center,94,370,600,38.3,0,TRY,"[""Kargo Bedava""]",InStock,100 adetten fazla stok sunulmuştur,,,,,4.3,108,44,1,53,"1,9B kişinin sepetinde","5,7B kişi favoriledi",Son 24 saatte 870 kişi görüntüledi,4999,TRY,0,1,1,4,11 saat 55 dakika içinde sipariş verirsen en geç yarın kargoda!,,https://cdn.dsmcdn.com/ty1924/prod/QC_ENRICHMENT/20260813/17/15506915-0572-37ab-a5ff-c9e4f14f7415/1_org_zoom.jpg,"{""Tip"":""EDP"",""Koku Türü"":""Aromatik"",""Menşei"":""TR"",""Refill"":""Hayır"",""Hacim"":""50 ml""}",20,5,refreshed,"[""daily_top"",""hot_change""]",true,2026-08-21T12:00:02+03:00,0,"[""search_result_dom"",""product_detail_jsonld"",""product_detail_dom""]","{""title"":""observed"",""brand"":""observed"",""seller_name"":""observed"",""seller_score"":""observed"",""price"":""observed"",""original_price"":""observed"",""campaigns"":""observed"",""stock_status"":""observed"",""stock_signal"":""observed"",""rating"":""observed"",""rating_count"":""observed"",""review_count"":""observed"",""question_count"":""observed"",""delivery_summary"":""observed"",""shipping_cost"":""observed"",""properties"":""observed""}",true,
2026-08-21,2026-08-21T12:00:02+03:00,kozmetik,BEST_SELLER,kozmetik-vitrini,Trendyol Kozmetik / En Çok Satan Ürünler,84,6,84,84,7,kozmetik:kozmetik-vitrini,84,,81.8,1.1,647438404,529402,647438404:529402,New Well Sıvı Allık (sedefli) No01,New Well,,https://www.trendyol.com/new-well/sivi-allik-sedefli-no01-p-647438404?boutiqueId=61&merchantId=529402,NEW WELL,94,141.31,299.9,52.9,,TRY,"[""Son 10 Günün En Düşük Fiyatı"",""Kargo Bedava"",""Son 10 günün en düşük fiyatı""]",InStock,100 adetten fazla stok sunulmuştur,,,,,4.4,4133,,,180,"2,5B kişinin sepetinde","63,5B kişi favoriledi",Son 24 saatte 649 kişi görüntüledi,,,0,,,,Tahmini Teslim:,Fenomen Seçimi,,{},0,,refreshed,"[""daily_top""]",true,2026-08-21T12:00:02+03:00,0,"[""search_result_dom"",""product_detail_jsonld"",""product_detail_dom""]","{""title"":""observed"",""brand"":""observed"",""seller_name"":""observed"",""seller_score"":""observed"",""price"":""observed"",""original_price"":""observed"",""campaigns"":""observed"",""stock_status"":""observed"",""stock_signal"":""observed"",""rating"":""observed"",""rating_count"":""observed"",""review_count"":""unavailable"",""question_count"":""observed"",""delivery_summary"":""observed"",""shipping_cost"":""unavailable"",""properties"":""observed""}",true,
2026-08-21,2026-08-21T12:00:02+03:00,kozmetik,BEST_SELLER,kozmetik-vitrini,Trendyol Kozmetik / En Çok Satan Ürünler,85,6,85,85,,kozmetik:kozmetik-vitrini,85,-17,40.6,20.8,729812633,139435,729812633:139435,TDRS Narcotic 100 ML Bergamot Özel Seri Uzun Süre Kalıcı Erkek Parfüm,TDRS,Parfüm,https://www.trendyol.com/tdrs/narcotic-100-ml-bergamot-ozel-seri-uzun-sure-kalici-erkek-parfum-p-729812633?boutiqueId=61&merchantId=139435,Tudors,96,418.82,,,0,TRY,"[""Kargo Bedava"",""Trendyol Plus'a Özel""]",InStock,100 adetten fazla stok sunulmuştur,Son 3 günde 500+ ürün satıldı!,3,500,166.7,4.2,21020,10835,17,1361,"8,9B kişinin sepetinde","177,1B kişi favoriledi","Son 24 saatte 2,8B kişi görüntüledi",4999,TRY,0,,1,4,2 saat 55 dakika içinde sipariş verirsen en geç bugün kargoda!,,https://cdn.dsmcdn.com/ty1000385/product/media/images/prod/PIM/20260404/06/b79d4f79-2ec1-4f06-8813-d0c3d19b9ccf/1_org_zoom.jpg,"{""Tip"":""EDT"",""Koku Türü"":""Meyveli"",""Menşei"":""TR"",""Ürün Güvenliği Bilgisi"":""Sınıf 3 Alevlenir sıvılar"",""Refill"":""Hayır"",""Hacim"":""100 ml""}",20,5,refreshed,"[""daily_top""]",true,2026-08-21T12:00:02+03:00,0,"[""search_result_dom"",""product_detail_jsonld"",""product_detail_dom""]","{""title"":""observed"",""brand"":""observed"",""seller_name"":""observed"",""seller_score"":""observed"",""price"":""observed"",""original_price"":""unavailable"",""campaigns"":""observed"",""stock_status"":""observed"",""stock_signal"":""observed"",""rating"":""observed"",""rating_count"":""observed"",""review_count"":""observed"",""question_count"":""observed"",""delivery_summary"":""observed"",""shipping_cost"":""observed"",""properties"":""observed""}",true,
2026-08-21,2026-08-21T12:00:02+03:00,kozmetik,BEST_SELLER,kozmetik-vitrini,Trendyol Kozmetik / En Çok Satan Ürünler,86,6,86,86,,kozmetik:kozmetik-vitrini,86,80,26.9,3.1,31480898,736295,31480898:736295,Bioblas Botanic Oils Argan Yağlı Sıvı Saç Kremi 200 Ml Onarıcı Bakım Kremi,Bioblas,Saç Kremi,https://www.trendyol.com/bioblas/botanic-oils-argan-yagli-sivi-sac-kremi-200-ml-onarici-bakim-kremi-p-31480898?boutiqueId=61&merchantId=736295,Nysa,98,199.75,,,5.5,TRY,"[""Sepette %15 İndirim"",""Kargo Bedava""]",InStock,100 adetten fazla stok sunulmuştur,,,,,4.6,4318,2325,-4,617,"1,3B kişinin sepetinde","84,6B kişi favoriledi",Son 24 saatte 438 kişi görüntüledi,4999,TRY,0,,1,4,3 saat 55 dakika içinde sipariş verirsen en geç bugün kargoda!,,https://cdn.dsmcdn.com/ty1000426/product/media/images/prod/PIM/20260810/13/d9675217-1746-45b2-9cdc-088d0df8f68c/1_org_zoom.jpg,"{""Özellik"":""Sülfatsız"",""Saç Tipi"":""Tüm Saç Tipleri"",""Form"":""Sıvı"",""Etki"":""Besleyici / Onarıcı"",""Hacim"":""200 ml"",""Menşei"":""NO"",""Ürün Güvenliği Bilgisi"":""Tehlikeli Değil""}",20,5,refreshed,"[""daily_top"",""hot_change""]",true,2026-08-21T12:00:02+03:00,0,"[""search_result_dom"",""product_detail_jsonld"",""product_detail_dom""]","{""title"":""observed"",""brand"":""observed"",""seller_name"":""observed"",""seller_score"":""observed"",""price"":""observed"",""original_price"":""unavailable"",""campaigns"":""observed"",""stock_status"":""observed"",""stock_signal"":""observed"",""rating"":""observed"",""rating_count"":""observed"",""review_count"":""observed"",""question_count"":""observed"",""delivery_summary"":""observed"",""shipping_cost"":""observed"",""properties"":""observed""}",true,
2026-08-21,2026-08-21T12:00:02+03:00,kozmetik,BEST_SELLER,kozmetik-vitrini,Trendyol Kozmetik / En Çok Satan Ürünler,87,6,87,87,4,kozmetik:kozmetik-vitrini,87,,35.7,14.5,985360761,106684,985360761:106684,Skin Sensual Magic Eye Duo Repair & CC Göz Altı Kapatıcısı 15 ml | Onarıcı & Aydınlatıcı | Medium to Dark,Skin Sensual,,https://www.trendyol.com/skin-sensual/magic-eye-duo-repair-cc-goz-alti-kapaticisi-15-ml-onarici-aydinlatici-medium-to-dark-p-985360761?boutiqueId=61&merchantId=106684,Kozmetix House,92,319,338,5.6,,TRY,"[""Son 10 Günün En Düşük Fiyatı"",""Kargo Bedava"",""Son 10 günün en düşük fiyatı""]",InStock,100 adetten fazla stok sunulmuştur,Son 3 günde 250+ ürün satıldı!,3,250,83.3,4.1,1758,,,199,"5,5B kişinin sepetinde",199B kişi favoriledi,"Son 24 saatte 2,7B kişi görüntüledi",,,0,,,,Tahmini Teslim:,En Çok Satan 4. Ürün,,{},0,,refreshed,"[""daily_top""]",true,2026-08-21T12:00:02+03:00,0,"[""search_result_dom"",""product_detail_jsonld"",""product_detail_dom""]","{""title"":""observed"",""brand"":""observed"",""seller_name"":""observed"",""seller_score"":""observed"",""price"":""observed"",""original_price"":""observed"",""campaigns"":""observed"",""stock_status"":""observed"",""stock_signal"":""observed"",""rating"":""observed"",""rating_count"":""observed"",""review_count"":""unavailable"",""question_count"":""observed"",""delivery_summary"":""observed"",""shipping_cost"":""unavailable"",""properties"":""observed""}",true,
2026-08-21,2026-08-21T12:00:02+03:00,kozmetik,BEST_SELLER,kozmetik-vitrini,Trendyol Kozmetik / En Çok Satan Ürünler,88,6,88,88,2,kozmetik:kozmetik-vitrini,88,-31,70,10,354099623,674296,354099623:674296,Mad Parfüm Mad W125 Selective 50 ml Kadın Parfüm,Mad Parfüm,Parfüm,https://www.trendyol.com/mad-parfum/mad-w125-selective-50-ml-kadin-parfum-p-354099623?boutiqueId=61&merchantId=674296,MAD PARFÜM,92,299.99,599.99,50,0,TRY,"[""Kargo Bedava""]",InStock,100 adetten fazla stok sunulmuştur,,,,,4,521,319,12,188,"1,5B kişinin sepetinde","12,2B kişi favoriledi",Son 24 saatte 1B kişi görüntüledi,4999,TRY,0,3,1,6,Tahmini Teslim:,,https://cdn.dsmcdn.com/ty1934/prod/QC_ENRICHMENT/20260805/11/e50e1459-b96e-33a0-a9cb-d7f28be5f061/1_org_zoom.jpg,"{""Tip"":""EDP"",""Koku Türü"":""Narenciye / Turunçgil"",""Menşei"":""TR"",""Ürün Güvenliği Bilgisi"":""Sınıf 3 Alevlenir sıvılar"",""Refill"":""Hayır"",""Hacim"":""50 ml""}",20,5,refreshed,"[""daily_top""]",true,2026-08-21T12:00:02+03:00,0,"[""search_result_dom"",""product_detail_jsonld"",""product_detail_dom""]","{""title"":""observed"",""brand"":""observed"",""seller_name"":""observed"",""seller_score"":""observed"",""price"":""observed"",""original_price"":""observed"",""campaigns"":""observed"",""stock_status"":""observed"",""stock_signal"":""observed"",""rating"":""observed"",""rating_count"":""observed"",""review_count"":""observed"",""question_count"":""observed"",""delivery_summary"":""observed"",""shipping_cost"":""observed"",""properties"":""observed""}",true,
2026-08-21,2026-08-21T12:00:02+03:00,kozmetik,BEST_SELLER,kozmetik-vitrini,Trendyol Kozmetik / En Çok Satan Ürünler,89,6,89,89,,kozmetik:kozmetik-vitrini,89,-28,19.8,10.2,1011510078,556702,1011510078:556702,Cream Co. Leke Karşıtı Canlandırıcı Aydınlatıcı Işıltılı Yüz Spreyi Su Bazlı Nemlendirici Yüz Kremi İkili,Cream Co.,Cilt Bakım Seti,https://www.trendyol.com/cream-co/leke-karsiti-canlandirici-aydinlatici-isiltili-yuz-spreyi-su-bazli-nemlendirici-yuz-kremi-ikili-p-1011510078?boutiqueId=61&merchantId=556702,Cream Co.,,416.07,,,0,TRY,"[""Kargo Bedava"",""Trendyol Plus'a Özel""]",InStock,100 adetten fazla stok sunulmuştur,,,,,4.5,631,298,4,50,"2,3B kişinin sepetinde","40,5B kişi favoriledi",Son 24 saatte 833 kişi görüntüledi,4999,TRY,0,1,1,4,Tahmini Teslim:,,https://cdn.dsmcdn.com/ty1000383/product/media/images/prod/PIM/20260331/08/6c2a23e0-d488-4bd1-b1c3-f8e7e528ccb0/1_org_zoom.jpg,"{""Cilt Tipi"":""Tüm Cilt Tipleri"",""Kullanma Amacı"":""Aydınlatıcı"",""Set İçerik Adeti"":""2"",""Yaşlanma Karşıtı"":""Evet"",""Menşei"":""TR"",""Ürün Güvenliği Bilgisi"":""Tehlikeli Değil"",""Refill"":""Hayır""}",20,5,refreshed,"[""daily_top""]",true,2026-08-21T12:00:02+03:00,0,"[""search_result_dom"",""product_detail_jsonld"",""product_detail_dom""]","{""title"":""observed"",""brand"":""observed"",""seller_name"":""observed"",""seller_score"":""unavailable"",""price"":""observed"",""original_price"":""unavailable"",""campaigns"":""observed"",""stock_status"":""observed"",""stock_signal"":""observed"",""rating"":""observed"",""rating_count"":""observed"",""review_count"":""observed"",""question_count"":""observed"",""delivery_summary"":""observed"",""shipping_cost"":""observed"",""properties"":""observed""}",true,
2026-08-21,2026-08-21T12:00:02+03:00,kozmetik,BEST_SELLER,kozmetik-vitrini,Trendyol Kozmetik / En Çok Satan Ürünler,90,6,90,90,,kozmetik:kozmetik-vitrini,90,6,32.3,26.9,967330064,1138792,967330064:1138792,"AuraVital Karınca Yumurtası Yağı 30 Ml Doğal Yağ– Tüy Azaltıcı, Epilasyon Sonrası Cilt Bakım Yağı",AuraVital,Bakım Yağları,https://www.trendyol.com/auravital/karinca-yumurtasi-yagi-30-ml-dogal-yag-tuy-azaltici-epilasyon-sonrasi-cilt-bakim-yagi-p-967330064?boutiqueId=61&merchantId=1138792,AuraVital,94,74,,,0,TRY,"[""Kargo Bedava""]",InStock,100 adetten fazla stok sunulmuştur,Son 3 günde 500+ ürün satıldı!,3,500,166.7,4.1,1924,988,6,520,"2,6B kişinin sepetinde","42,7B kişi favoriledi",Son 24 saatte 837 kişi görüntüledi,4999,TRY,0,1,1,4,11 saat 55 dakika içinde sipariş verirsen en geç yarın kargoda!,En Çok Ziyaret Edilen 5. Ürün,https://cdn.dsmcdn.com/ty1901/prod/QC_ENRICHMENT/20260614/18/1d1a37c5-356c-3215-8e5b-c3d876a52fa0/1_org_zoom.jpg,"{""Hacim"":""30 ml"",""Menşei"":""TR""}",20,5,refreshed,"[""daily_top""]",true,2026-08-21T12:00:02+03:00,0,"[""search_result_dom"",""product_detail_jsonld"",""product_detail_dom""]","{""title"":""observed"",""brand"":""observed"",""seller_name"":""observed"",""seller_score"":""observed"",""price"":""observed"",""original_price"":""unavailable"",""campaigns"":""observed"",""stock_status"":""observed"",""stock_signal"":""observed"",""rating"":""observed"",""rating_count"":""observed"",""review_count"":""observed"",""question_count"":""observed"",""delivery_summary"":""observed"",""shipping_cost"":""observed"",""properties"":""observed""}",true,
2026-08-21,2026-08-21T12:00:02+03:00,kozmetik,BEST_SELLER,kozmetik-vitrini,Trendyol Kozmetik / En Çok Satan Ürünler,91,7,91,91,2,kozmetik:kozmetik-vitrini,91,-50,33.4,25.8,858305830,4473,858305830:4473,Flormar Nemlendirici Parlak Ruj- Sheer up Lipstick- 018 Enchanted Kiss- 8682536097864,Flormar,Ruj,https://www.trendyol.com/flormar/nemlendirici-parlak-ruj-sheer-up-lipstick-018-enchanted-kiss-8682536097864-p-858305830?boutiqueId=61&merchantId=4473,Flormar,,398.99,,,5,TRY,"[""Kargo Bedava"",""Trendyol Plus'a Özel""]",InStock,100 adetten fazla stok sunulmuştur,Son 3 günde 500+ ürün satıldı!,3,500,166.7,4.5,2820,1345,6,209,"16,3B kişinin sepetinde",268B kişi favoriledi,"Son 24 saatte 4,5B kişi görüntüledi",4999,TRY,0,1,1,4,Tahmini Teslim:,En Çok Satan 2. Ürün,https://cdn.dsmcdn.com/ty1000404/product/media/images/prod/PIM/20260605/11/36ef864f-5ca7-40f6-9c68-b5271b8886cf/1_org_zoom.jpg,"{""Görünüm"":""Parlak"",""Kutu Durumu"":""Kutulu"",""Form"":""Stick"",""Renk"":""Pembe"",""Boy"":""Orijinal Boy"",""RGB"":""#FFC0CB"",""Menşei"":""TR"",""Ürün Güvenliği Bilgisi"":""Tehlikeli Değil""}",20,5,refreshed,"[""daily_top"",""hot_change""]",true,2026-08-21T12:00:02+03:00,0,"[""search_result_dom"",""product_detail_jsonld"",""product_detail_dom""]","{""title"":""observed"",""brand"":""observed"",""seller_name"":""observed"",""seller_score"":""unavailable"",""price"":""observed"",""original_price"":""unavailable"",""campaigns"":""observed"",""stock_status"":""observed"",""stock_signal"":""observed"",""rating"":""observed"",""rating_count"":""observed"",""review_count"":""observed"",""question_count"":""observed"",""delivery_summary"":""observed"",""shipping_cost"":""observed"",""properties"":""observed""}",true,
2026-08-21,2026-08-21T12:00:02+03:00,kozmetik,BEST_SELLER,kozmetik-vitrini,Trendyol Kozmetik / En Çok Satan Ürünler,92,7,92,92,6,kozmetik:kozmetik-vitrini,92,28,28.7,15.9,1039596243,556702,1039596243:556702,Cream Co. Allık Ruj Göz Farı Glow Tint Baby Pink Nemlendirici Makyaj | Pastel Pembe Hyaluronik Asit Peptit,Cream Co.,,https://www.trendyol.com/cream-co/allik-ruj-goz-fari-glow-tint-baby-pink-nemlendirici-makyaj-pastel-pembe-hyaluronik-asit-peptit-p-1039596243?boutiqueId=61&merchantId=556702,Cream Co.,,199.9,,,0,TRY,"[""Kargo Bedava"",""Trendyol Plus'a Özel""]",InStock,100 adetten fazla stok sunulmuştur,Son 3 günde 250+ ürün satıldı!,3,250,83.3,4.4,1152,,0,62,"4,4B kişinin sepetinde",66B kişi favoriledi,"Son 24 saatte 2,2B kişi görüntüledi",,,0,,,,Tahmini Teslim:,En Çok Satan 6. Ürün,,{},0,,refreshed,"[""daily_top""]",true,2026-08-21T12:00:02+03:00,0,"[""search_result_dom"",""product_detail_jsonld"",""product_detail_dom""]","{""title"":""observed"",""brand"":""observed"",""seller_name"":""observed"",""seller_score"":""unavailable"",""price"":""observed"",""original_price"":""unavailable"",""campaigns"":""observed"",""stock_status"":""observed"",""stock_signal"":""observed"",""rating"":""observed"",""rating_count"":""observed"",""review_count"":""unavailable"",""question_count"":""observed"",""delivery_summary"":""observed"",""shipping_cost"":""unavailable"",""properties"":""observed""}",true,
2026-08-21,2026-08-21T12:00:02+03:00,kozmetik,BEST_SELLER,kozmetik-vitrini,Trendyol Kozmetik / En Çok Satan Ürünler,93,7,93,93,,kozmetik:kozmetik-vitrini,93,4,39.6,20.8,113818622,138065,113818622:138065,Bargello 228 Kadın 50 ml Parfüm Edp Orıental,Bargello,Parfüm,https://www.trendyol.com/bargello/228-kadin-50-ml-parfum-edp-oriental-p-113818622?boutiqueId=61&merchantId=138065,,,600,,,0,TRY,"[""Kargo Bedava""]",InStock,,Son 3 günde 500+ ürün satıldı!,3,500,166.7,4.4,14680,8149,2,3019,"6,2B kişinin sepetinde","257,3B kişi favoriledi","Son 24 saatte 1,1B kişi görüntüledi",4999,TRY,0,1,1,4,11 saat 55 dakika içinde sipariş verirsen en geç yarın kargoda!,,https://cdn.dsmcdn.com/ty1000423/product/media/images/prod/PIM/20260804/06/2bdc45d3-7af2-4f03-8b05-2b7eb8f7fdec/1_org_zoom.jpg,"{""Tip"":""EDP"",""Koku Türü"":""Oryantal"",""Menşei"":""TR"",""Refill"":""Hayır"",""Hacim"":""50 ml""}",20,5,refreshed,"[""daily_top""]",true,2026-08-21T12:00:02+03:00,0,"[""search_result_dom"",""product_detail_jsonld"",""product_detail_dom""]","{""title"":""observed"",""brand"":""observed"",""seller_name"":""unavailable"",""seller_score"":""unavailable"",""price"":""observed"",""original_price"":""unavailable"",""campaigns"":""observed"",""stock_status"":""observed"",""stock_signal"":""unavailable"",""rating"":""observed"",""rating_count"":""observed"",""review_count"":""observed"",""question_count"":""observed"",""delivery_summary"":""observed"",""shipping_cost"":""observed"",""properties"":""observed""}",true,
2026-08-21,2026-08-21T12:00:02+03:00,kozmetik,BEST_SELLER,kozmetik-vitrini,Trendyol Kozmetik / En Çok Satan Ürünler,94,7,94,94,,kozmetik:kozmetik-vitrini,94,,53.9,9.6,937124168,1172924,937124168:1172924,HCLABS Sun Stick Su Geçirmez Spf 50+ Yüksek Korumalı Stick Güneş Kremi 20 gr,HCLABS,Yüz Güneş Kremi,https://www.trendyol.com/hclabs/sun-stick-su-gecirmez-spf-50-yuksek-korumali-stick-gunes-kremi-20-gr-p-937124168?boutiqueId=61&merchantId=1172924,H Ata Online,87,399,600,33.5,,TRY,"[""Kargo Bedava"",""Son 10 Günün En Düşük Fiyatı"",""Süper Fırsat Ürünü"",""Son 10 günün en düşük fiyatı""]",InStock,100 adetten fazla stok sunulmuştur,,,,,4.7,433,354,,58,308 kişinin sepetinde,"8,3B kişi favoriledi",Son 24 saatte 675 kişi görüntüledi,4999,TRY,0,1,1,4,11 saat 55 dakika içinde sipariş verirsen en geç yarın kargoda!,,https://cdn.dsmcdn.com/ty1679/prod/QC/20250516/10/48c8dbc8-3472-3e82-9634-50eb88eb0d79/1_org_zoom.jpg,"{""SPF"":""SPF 50 +"",""Cilt Tipi"":""Tüm Cilt Tipleri"",""Tip"":""Stick"",""Hacim"":""20 ml"",""Görünüm"":""Renksiz"",""Kullanma Amacı"":""Nemlendirici"",""Yaşlanma Karşıtı"":""Evet"",""Menşei"":""TR"",""Kutu Durumu"":""Kutu yok""}",20,5,refreshed,"[""daily_top""]",true,2026-08-21T12:00:02+03:00,0,"[""search_result_dom"",""product_detail_jsonld"",""product_detail_dom""]","{""title"":""observed"",""brand"":""observed"",""seller_name"":""observed"",""seller_score"":""observed"",""price"":""observed"",""original_price"":""observed"",""campaigns"":""observed"",""stock_status"":""observed"",""stock_signal"":""observed"",""rating"":""observed"",""rating_count"":""observed"",""review_count"":""observed"",""question_count"":""observed"",""delivery_summary"":""observed"",""shipping_cost"":""observed"",""properties"":""observed""}",true,
2026-08-21,2026-08-21T12:00:02+03:00,kozmetik,BEST_SELLER,kozmetik-vitrini,Trendyol Kozmetik / En Çok Satan Ürünler,95,7,95,95,8,kozmetik:kozmetik-vitrini,95,,18.5,11.5,1154679007,107819,1154679007:107819,"Maybelline New York Lifter Gel Ekstra Parlak ve Nemlendirici Dudak Parlatıcısı -06 Strawberry Shake, 24 Saat Nemlendirme",Maybelline New York,,https://www.trendyol.com/maybelline-new-york/lifter-gel-ekstra-parlak-ve-nemlendirici-dudak-parlaticisi-06-strawberry-shake-24-saat-nemlendirme-p-1154679007?boutiqueId=61&merchantId=107819,L'Oreal,94,379.96,,,,TRY,"[""37 TL Kupon"",""Kargo Bedava""]",InStock,100 adetten fazla stok sunulmuştur,,,,,4.6,204,,,8,"1,4B kişinin sepetinde","34,6B kişi favoriledi","Son 24 saatte 3,5B kişi görüntüledi",,,0,,,,3 saat 55 dakika içinde sipariş verirsen en geç bugün kargoda!,En Çok Ziyaret Edilen 2. Ürün,,{},0,,refreshed,"[""daily_top""]",true,2026-08-21T12:00:02+03:00,0,"[""search_result_dom"",""product_detail_jsonld"",""product_detail_dom""]","{""title"":""observed"",""brand"":""observed"",""seller_name"":""observed"",""seller_score"":""observed"",""price"":""observed"",""original_price"":""unavailable"",""campaigns"":""observed"",""stock_status"":""observed"",""stock_signal"":""observed"",""rating"":""observed"",""rating_count"":""observed"",""review_count"":""unavailable"",""question_count"":""observed"",""delivery_summary"":""observed"",""shipping_cost"":""unavailable"",""properties"":""observed""}",true,
2026-08-21,2026-08-21T12:00:02+03:00,kozmetik,BEST_SELLER,kozmetik-vitrini,Trendyol Kozmetik / En Çok Satan Ürünler,96,7,96,96,5,kozmetik:kozmetik-vitrini,96,-18,34.6,24.6,4360185,1150719,4360185:1150719,KIKO Ruj - Smart Fusion Lipstick - 407 Rosewood - İpeksi Parlak Lipstick,KIKO,,https://www.trendyol.com/kiko/ruj-smart-fusion-lipstick-407-rosewood-ipeksi-parlak-lipstick-p-4360185?boutiqueId=61&merchantId=1150719,AYC KOZMETİK,93,666,,,1.7,TRY,"[""50 TL Kupon"",""Kargo Bedava"",""Sepette %1 İndirim""]",InStock,Son 3 Ürün,Son 3 günde 500+ ürün satıldı!,3,500,166.7,4.7,1907,,0,108,"8,6B kişinin sepetinde","67,5B kişi favoriledi","Son 24 saatte 4,1B kişi görüntüledi",,,0,,,,11 saat 55 dakika içinde sipariş verirsen en geç yarın kargoda!,En Çok Satan 5. Ürün,,{},0,,refreshed,"[""daily_top""]",true,2026-08-21T12:00:02+03:00,0,"[""search_result_dom"",""product_detail_jsonld"",""product_detail_dom""]","{""title"":""observed"",""brand"":""observed"",""seller_name"":""observed"",""seller_score"":""observed"",""price"":""observed"",""original_price"":""unavailable"",""campaigns"":""observed"",""stock_status"":""observed"",""stock_signal"":""observed"",""rating"":""observed"",""rating_count"":""observed"",""review_count"":""unavailable"",""question_count"":""observed"",""delivery_summary"":""observed"",""shipping_cost"":""unavailable"",""properties"":""observed""}",true,
2026-08-21,2026-08-21T12:00:02+03:00,kozmetik,BEST_SELLER,kozmetik-vitrini,Trendyol Kozmetik / En Çok Satan Ürünler,97,7,97,97,,kozmetik:kozmetik-vitrini,97,-55,22.8,7.2,839836821,357668,839836821:357668,MUJGAN 2 Kararma Karşıtı Cilt Beyazlatıcı Krem,MUJGAN,Vücut Kremleri,https://www.trendyol.com/mujgan/2-kararma-karsiti-cilt-beyazlatici-krem-p-839836821?boutiqueId=61&merchantId=357668,Ucuz Al,86,146.99,,,0,TRY,"[""Sepette %2 İndirim"",""74,98 TL Kupon"",""431,60 TL Kupon"",""20 TL Kupon"",""350 TL Kupon"",""40 TL Kupon"",""420 TL Kupon"",""15 TL Kupon"",""200 TL Kupon"",""61,84 TL Kupon"",""49,99 TL Kupon"",""Kargo Bedava"",""Son 10 Günün En Düşük Fiyatı"",""Trendyol Plus'a Özel""]",InStock,100 adetten fazla stok sunulmuştur,,,,,3.5,1303,701,3,660,"2,2B kişinin sepetinde","30,9B kişi favoriledi",Son 24 saatte 775 kişi görüntüledi,4999,TRY,0,,1,4,1 saat 55 dakika içinde sipariş verirsen en geç bugün kargoda!,,https://cdn.dsmcdn.com/ty1659/prod/QC/20250409/11/a37d0b89-c45f-3d8e-9715-284de4d7bd92/1_org_zoom.jpg,"{""Form"":""Krem"",""Ek Özellik"":""Vegan"",""Tip"":""Tüp"",""Hacim"":""100 ml"",""Kullanma Amacı"":""Beyazlatıcı"",""Menşei"":""CN"",""Refill"":""Hayır""}",20,5,refreshed,"[""daily_top"",""hot_change""]",true,2026-08-21T12:00:02+03:00,0,"[""search_result_dom"",""product_detail_jsonld"",""product_detail_dom""]","{""title"":""observed"",""brand"":""observed"",""seller_name"":""observed"",""seller_score"":""observed"",""price"":""observed"",""original_price"":""unavailable"",""campaigns"":""observed"",""stock_status"":""observed"",""stock_signal"":""observed"",""rating"":""observed"",""rating_count"":""observed"",""review_count"":""observed"",""question_count"":""observed"",""delivery_summary"":""observed"",""shipping_cost"":""observed"",""properties"":""observed""}",true,
2026-08-21,2026-08-21T12:00:02+03:00,kozmetik,BEST_SELLER,kozmetik-vitrini,Trendyol Kozmetik / En Çok Satan Ürünler,98,7,98,98,,kozmetik:kozmetik-vitrini,98,-5,27.6,2.4,114903408,166958,114903408:166958,"Bioderma Atoderm Intensive Balm Atopi Eğilimli Cilt Bebek,Çocuk,Yetişkin Seyahat Boy Nemlendirici Krem 45 ml",Bioderma,Yüz Kremi,https://www.trendyol.com/bioderma/atoderm-intensive-balm-atopi-egilimli-cilt-bebek-cocuk-yetiskin-seyahat-boy-nemlendirici-krem-45-ml-p-114903408?boutiqueId=61&merchantId=166958,BIODERMA,89,379,,,0,TRY,"[""Kargo Bedava""]",InStock,100 adetten fazla stok sunulmuştur,,,,,4.6,4853,2793,0,1645,3B kişinin sepetinde,"155,1B kişi favoriledi","Son 24 saatte 2,2B kişi görüntüledi",4999,TRY,0,,1,4,11 saat 55 dakika içinde sipariş verirsen en geç yarın kargoda!,,https://cdn.dsmcdn.com/ty1000046/product/media/images/prod/PIM/20251222/08/c8f68b80-e97d-434b-a458-64ddc760b6f1/1_org_zoom.jpg,"{""Cilt Tipi"":""Atopik"",""Ek Özellik"":""Paraben İçermeyen"",""Hacim"":""45 ml"",""Tip"":""Tüp"",""Kullanma Amacı"":""Nemlendirici"",""Form"":""Krem"",""Menşei"":""FR"",""Refill"":""Hayır""}",20,5,refreshed,"[""daily_top""]",true,2026-08-21T12:00:02+03:00,0,"[""search_result_dom"",""product_detail_jsonld"",""product_detail_dom""]","{""title"":""observed"",""brand"":""observed"",""seller_name"":""observed"",""seller_score"":""observed"",""price"":""observed"",""original_price"":""unavailable"",""campaigns"":""observed"",""stock_status"":""observed"",""stock_signal"":""observed"",""rating"":""observed"",""rating_count"":""observed"",""review_count"":""observed"",""question_count"":""observed"",""delivery_summary"":""observed"",""shipping_cost"":""observed"",""properties"":""observed""}",true,
2026-08-21,2026-08-21T12:00:02+03:00,kozmetik,BEST_SELLER,kozmetik-vitrini,Trendyol Kozmetik / En Çok Satan Ürünler,99,7,99,99,,kozmetik:kozmetik-vitrini,99,-5,67.3,50,94542562,138065,94542562:138065,Bargello 122 Kadın 50 ml Parfüm Edp Orıental,Bargello,Parfüm,https://www.trendyol.com/bargello/122-kadin-50-ml-parfum-edp-oriental-p-94542562?boutiqueId=61&merchantId=138065,Bargello,122,600,,,0,TRY,"[""Kargo Bedava""]",InStock,100 adetten fazla stok sunulmuştur,Son 3 günde 2B+ ürün satıldı!,3,2000,666.7,4.5,45569,,0,8824,"20,8B kişinin sepetinde","632,4B kişi favoriledi","Son 24 saatte 6,3B kişi görüntüledi",4999,TRY,0,1,1,4,11 saat 54 dakika içinde sipariş verirsen en geç yarın kargoda!,En Çok Favorilenen 2. Ürün,https://cdn.dsmcdn.com/ty1000407/product/media/images/prod/PIM/20260608/13/549ae887-c6ea-4968-a27d-e96ddc7eca23/1_org_zoom.jpg,"{""Tip"":""EDP"",""Koku Türü"":""Oryantal"",""Menşei"":""TR"",""Refill"":""Hayır"",""Hacim"":""50 ml""}",0,,refreshed,"[""daily_top""]",true,2026-08-21T12:00:02+03:00,0,"[""search_result_dom"",""product_detail_jsonld"",""product_detail_dom""]","{""title"":""observed"",""brand"":""observed"",""seller_name"":""observed"",""seller_score"":""observed"",""price"":""observed"",""original_price"":""unavailable"",""campaigns"":""observed"",""stock_status"":""observed"",""stock_signal"":""observed"",""rating"":""observed"",""rating_count"":""observed"",""review_count"":""unavailable"",""question_count"":""observed"",""delivery_summary"":""observed"",""shipping_cost"":""observed"",""properties"":""observed""}",true,
2026-08-21,2026-08-21T12:00:02+03:00,kozmetik,BEST_SELLER,kozmetik-vitrini,Trendyol Kozmetik / En Çok Satan Ürünler,100,7,100,100,,kozmetik:kozmetik-vitrini,100,,27.9,2.1,833526816,126383,833526816:126383,"Viejo Koltuk Altı, El, Ayak Terleme Antiperspirant Beyazlatıcı Etkili Unisex Roll-on 50 ml",Viejo,Deodorant ve Roll On,https://www.trendyol.com/viejo/koltuk-alti-el-ayak-terleme-antiperspirant-beyazlatici-etkili-unisex-roll-on-50-ml-p-833526816?boutiqueId=61&merchantId=126383,KOREACO,92,299,,,,TRY,"[""Kargo Bedava""]",InStock,50 adetten fazla stok sunulmuştur,,,,,4.5,4654,3057,,520,449 kişinin sepetinde,"85,8B kişi favoriledi",Son 24 saatte 515 kişi görüntüledi,4999,TRY,0,1,1,4,Tahmini Teslim:,En Çok Favorilenen 8. Ürün,https://cdn.dsmcdn.com/ty1695/prod/QC_ENRICHMENT/20250618/17/397a5301-4c11-38d8-901c-8d32135c8b5b/1_org_zoom.jpg,"{""Ek Özellik"":""Alüminyum İçermeyen"",""Hacim"":""50 ml"",""Form"":""Roll On"",""Menşei"":""TR"",""Koruma Süresi"":""24h""}",20,5,refreshed,"[""daily_top""]",true,2026-08-21T12:00:02+03:00,0,"[""search_result_dom"",""product_detail_jsonld"",""product_detail_dom""]","{""title"":""observed"",""brand"":""observed"",""seller_name"":""observed"",""seller_score"":""observed"",""price"":""observed"",""original_price"":""unavailable"",""campaigns"":""observed"",""stock_status"":""observed"",""stock_signal"":""observed"",""rating"":""observed"",""rating_count"":""observed"",""review_count"":""observed"",""question_count"":""observed"",""delivery_summary"":""observed"",""shipping_cost"":""observed"",""properties"":""observed""}",true,
2026-08-21,2026-08-21T12:00:02+03:00,kozmetik,BEST_SELLER,kozmetik-vitrini,Trendyol Kozmetik / En Çok Satan Ürünler,101,7,101,101,10,kozmetik:kozmetik-vitrini,101,,48.2,29.4,844868475,481835,844868475:481835,Lador Yoğunlaştırılmış Keratin Içeren Saç Kremi Keratin Power Glue 15g,Lador,Saç Kremi,https://www.trendyol.com/lador/yogunlastirilmis-keratin-iceren-sac-kremi-keratin-power-glue-15g-p-844868475?boutiqueId=61&merchantId=481835,K-LAND,92,361.72,539.88,33,,TRY,"[""Sepette %33 İndirim"",""Kargo Bedava""]",InStock,100 adetten fazla stok sunulmuştur,Son 3 günde 250+ ürün satıldı!,3,250,83.3,4.4,36,23,,22,935 kişinin sepetinde,"4,5B kişi favoriledi","Son 24 saatte 1,6B kişi görüntüledi",4999,TRY,0,4,1,7,Tahmini Teslim:,,https://cdn.dsmcdn.com/ty1446/product/media/images/prod/QC/20240729/16/bffa2232-fdd5-32fb-936c-41edf9734632/1_org_zoom.jpg,"{""Özellik"":""Sülfatsız"",""Saç Tipi"":""Tüm Saç Tipleri"",""Form"":""Krem"",""Etki"":""Elektriklenme Karşıtı"",""Hacim"":""15 ml""}",20,4.8,refreshed,"[""daily_top""]",true,2026-08-21T12:00:02+03:00,0,"[""search_result_dom"",""product_detail_jsonld"",""product_detail_dom""]","{""title"":""observed"",""brand"":""observed"",""seller_name"":""observed"",""seller_score"":""observed"",""price"":""observed"",""original_price"":""observed"",""campaigns"":""observed"",""stock_status"":""observed"",""stock_signal"":""observed"",""rating"":""observed"",""rating_count"":""observed"",""review_count"":""observed"",""question_count"":""observed"",""delivery_summary"":""observed"",""shipping_cost"":""observed"",""properties"":""observed""}",true,
2026-08-21,2026-08-21T12:00:02+03:00,kozmetik,BEST_SELLER,kozmetik-vitrini,Trendyol Kozmetik / En Çok Satan Ürünler,102,7,102,102,,kozmetik:kozmetik-vitrini,102,-42,21,9,924057556,1174892,924057556:1174892,The Ordinary Natural Moisturizing Factors + HA - Yüz Nemlendiricisi 30ml,The Ordinary,Yüz Kremi,https://www.trendyol.com/the-ordinary/natural-moisturizing-factors-ha-yuz-nemlendiricisi-30ml-p-924057556?boutiqueId=61&merchantId=1174892,The Ordinary,,445,,,0,TRY,"[""Kargo Bedava""]",InStock,100 adetten fazla stok sunulmuştur,,,,,4.1,809,425,3,214,"2,2B kişinin sepetinde","86,5B kişi favoriledi","Son 24 saatte 1,3B kişi görüntüledi",4999,TRY,0,3,1,6,Tahmini Teslim:,,https://cdn.dsmcdn.com/ty1744/product/media/images/prod/PIM/20251015/08/76afb559-4748-447e-908d-111a52b64b6a/1_org_zoom.jpg,"{""Ek Özellik"":""Vegan"",""Cilt Tipi"":""Tüm Cilt Tipleri"",""İçerik"":""Hyalüronik Asit"",""SPF"":""Korumasız"",""Hacim"":""30 ml"",""Tip"":""Tüp"",""Kullanma Amacı"":""Nemlendirici"",""Form"":""Krem"",""Yaşlanma Karşıtı"":""Hayır"",""Menşei"":""CA"",""Ürün Güvenliği Bilgisi"":""Tehlikeli Değil"",""Refill"":""Hayır""}",20,5,refreshed,"[""daily_top""]",true,2026-08-21T12:00:02+03:00,0,"[""search_result_dom"",""product_detail_jsonld"",""product_detail_dom""]","{""title"":""observed"",""brand"":""observed"",""seller_name"":""observed"",""seller_score"":""unavailable"",""price"":""observed"",""original_price"":""unavailable"",""campaigns"":""observed"",""stock_status"":""observed"",""stock_signal"":""observed"",""rating"":""observed"",""rating_count"":""observed"",""review_count"":""observed"",""question_count"":""observed"",""delivery_summary"":""observed"",""shipping_cost"":""observed"",""properties"":""observed""}",true,
2026-08-21,2026-08-21T12:00:02+03:00,kozmetik,BEST_SELLER,kozmetik-vitrini,Trendyol Kozmetik / En Çok Satan Ürünler,103,8,103,103,,kozmetik:kozmetik-vitrini,103,,25.3,33.9,1133835607,310522,1133835607:310522,Alix Avien Küçük Seyahat Boy Çantalı 7'li Manikür Seti - Mini Travel Manicure Set,Alix Avien,Manikür & Pedikür Aletleri,https://www.trendyol.com/alix-avien/kucuk-seyahat-boy-cantali-7-li-manikur-seti-mini-travel-manicure-set-p-1133835607?boutiqueId=61&merchantId=310522,Alix Avien,,854.99,,,,TRY,"[""Kargo Bedava"",""Trendyol Plus'a Özel""]",InStock,100 adetten fazla stok sunulmuştur,Son 3 günde 500+ ürün satıldı!,3,500,166.7,4.6,233,131,,21,"3,4B kişinin sepetinde","51,9B kişi favoriledi","Son 24 saatte 2,7B kişi görüntüledi",4999,TRY,0,1,1,4,Tahmini Teslim:,En Çok Ziyaret Edilen 1. Ürün,https://cdn.dsmcdn.com/ty1855/prod/QC_ENRICHMENT/20260416/14/afdafd18-9ecb-3be8-9462-ed63f1e43b4f/1_org_zoom.jpg,"{""Menşei"":""TR""}",20,5,refreshed,"[""daily_top""]",true,2026-08-21T12:00:02+03:00,0,"[""search_result_dom"",""product_detail_jsonld"",""product_detail_dom""]","{""title"":""observed"",""brand"":""observed"",""seller_name"":""observed"",""seller_score"":""unavailable"",""price"":""observed"",""original_price"":""unavailable"",""campaigns"":""observed"",""stock_status"":""observed"",""stock_signal"":""observed"",""rating"":""observed"",""rating_count"":""observed"",""review_count"":""observed"",""question_count"":""observed"",""delivery_summary"":""observed"",""shipping_cost"":""observed"",""properties"":""observed""}",true,
2026-08-21,2026-08-21T12:00:02+03:00,kozmetik,BEST_SELLER,kozmetik-vitrini,Trendyol Kozmetik / En Çok Satan Ürünler,104,8,104,104,3,kozmetik:kozmetik-vitrini,104,1,38,21.2,885400816,107819,885400816:107819,"L'Oreal Paris Lumi Blush Likit Allık 630 Glowy True Rose - Pembe Tonlu, Aydınlık, Canlı ve Doğal Işıltı Veren",L'Oreal Paris Lumi,,https://www.trendyol.com/l-oreal-paris/lumi-blush-likit-allik-630-glowy-true-rose-pembe-tonlu-aydinlik-canli-ve-dogal-isilti-veren-p-885400816?boutiqueId=61&merchantId=107819,L'Oreal,,479.96,,,0,TRY,"[""47 TL Kupon"",""Kargo Bedava""]",InStock,100 adetten fazla stok sunulmuştur,Son 3 günde 500+ ürün satıldı!,3,500,166.7,4.6,5127,,0,119,"13,2B kişinin sepetinde","320,2B kişi favoriledi","Son 24 saatte 3,9B kişi görüntüledi",,,0,,,,3 saat 54 dakika içinde sipariş verirsen en geç bugün kargoda!,En Çok Satan 3. Ürün,,{},0,,refreshed,"[""daily_top""]",true,2026-08-21T12:00:02+03:00,0,"[""search_result_dom"",""product_detail_jsonld"",""product_detail_dom""]","{""title"":""observed"",""brand"":""observed"",""seller_name"":""observed"",""seller_score"":""unavailable"",""price"":""observed"",""original_price"":""unavailable"",""campaigns"":""observed"",""stock_status"":""observed"",""stock_signal"":""observed"",""rating"":""observed"",""rating_count"":""observed"",""review_count"":""unavailable"",""question_count"":""observed"",""delivery_summary"":""observed"",""shipping_cost"":""unavailable"",""properties"":""observed""}",true,
2026-08-21,2026-08-21T12:00:02+03:00,kozmetik,BEST_SELLER,kozmetik-vitrini,Trendyol Kozmetik / En Çok Satan Ürünler,105,8,105,105,4,kozmetik:kozmetik-vitrini,105,-31,39.1,22.3,50961069,451556,50961069:451556,"Morfose Milk Therapy Çift Fazlı Saç Bakım Fön Suyu 240 ML - Saç Dökülmesi Önleyici, Besleyici, Koruyucu Etki",Morfose,Saç Spreyi,https://www.trendyol.com/morfose/milk-therapy-cift-fazli-sac-bakim-fon-suyu-240-ml-sac-dokulmesi-onleyici-besleyici-koruyucu-etki-p-50961069?boutiqueId=61&merchantId=451556,MORFOSE,93,178.97,183.26,2.3,0,TRY,"[""Son 10 Günün En Düşük Fiyatı"",""Sepette %40 İndirim"",""Kargo Bedava"",""Son 10 günün en düşük fiyatı"",""Trendyol Plus'a Özel""]",InStock,100 adetten fazla stok sunulmuştur,Son 3 günde 500+ ürün satıldı!,3,500,166.7,4.4,6780,3649,-3,1107,"4,3B kişinin sepetinde","174,7B kişi favoriledi","Son 24 saatte 1,5B kişi görüntüledi",4999,TRY,0,3,1,6,11 saat 54 dakika içinde sipariş verirsen en geç yarın kargoda!,En Çok Satan 4. Ürün,https://cdn.dsmcdn.com/ty1000405/product/media/images/prod/PIM/20260602/06/301a7d93-1631-4b82-8a46-ace2420f4160/1_org_zoom.jpg,"{""Etki"":""Nemlendirici"",""Tutuculuk / Sertlik"":""Yüksek"",""Hacim"":""240 ml"",""Menşei"":""TR"",""Ürün Güvenliği Bilgisi"":""Tehlikeli Değil""}",20,5,refreshed,"[""daily_top""]",true,2026-08-21T12:00:02+03:00,0,"[""search_result_dom"",""product_detail_jsonld"",""product_detail_dom""]","{""title"":""observed"",""brand"":""observed"",""seller_name"":""observed"",""seller_score"":""observed"",""price"":""observed"",""original_price"":""observed"",""campaigns"":""observed"",""stock_status"":""observed"",""stock_signal"":""observed"",""rating"":""observed"",""rating_count"":""observed"",""review_count"":""observed"",""question_count"":""observed"",""delivery_summary"":""observed"",""shipping_cost"":""observed"",""properties"":""observed""}",true,
2026-08-21,2026-08-21T12:00:02+03:00,kozmetik,BEST_SELLER,kozmetik-vitrini,Trendyol Kozmetik / En Çok Satan Ürünler,106,8,106,106,4,kozmetik:kozmetik-vitrini,106,-13,41.5,46.8,988457635,1128156,988457635:1128156,Flormar Volume Up Mascara Yoğun Hacim ve Lifting Etkili Kat Kat Uygulanabilir Maskara,Flormar,Maskara,https://www.trendyol.com/flormar/volume-up-mascara-yogun-hacim-ve-lifting-etkili-kat-kat-uygulanabilir-maskara-p-988457635?boutiqueId=61&merchantId=1128156,DALSEO,96,528,,,,TRY,"[""Kargo Bedava""]",InStock,10 adetten fazla stok sunulmuştur,Son 3 günde 1B+ ürün satıldı!,3,1000,333.3,4.3,2720,1267,13,106,"11,7B kişinin sepetinde","191,8B kişi favoriledi","Son 24 saatte 2,9B kişi görüntüledi",4999,TRY,0,,1,4,11 saat 54 dakika içinde sipariş verirsen en geç yarın kargoda!,En Çok Satan 4. Ürün,https://cdn.dsmcdn.com/ty1810/prod/QC_PREP/20260115/13/5e4834d8-2037-3a30-8a99-7821a718d165/1_org_zoom.jpg,"{""Boy"":""Orijinal Boy"",""Etki"":""Hacim Verici"",""Suya/Tere Dayanıklılık"":""Var"",""Fırça Tipi"":""Plastik"",""Menşei"":""TR"",""Kutu Durumu"":""Kutulu"",""Ürün Güvenliği Bilgisi"":""Tehlikeli Değil"",""Renk"":""Siyah""}",20,5,refreshed,"[""daily_top""]",true,2026-08-21T12:00:02+03:00,0,"[""search_result_dom"",""product_detail_jsonld"",""product_detail_dom""]","{""title"":""observed"",""brand"":""observed"",""seller_name"":""observed"",""seller_score"":""observed"",""price"":""observed"",""original_price"":""unavailable"",""campaigns"":""observed"",""stock_status"":""observed"",""stock_signal"":""observed"",""rating"":""observed"",""rating_count"":""observed"",""review_count"":""observed"",""question_count"":""observed"",""delivery_summary"":""observed"",""shipping_cost"":""observed"",""properties"":""observed""}",true,
2026-08-21,2026-08-21T12:00:02+03:00,kozmetik,BEST_SELLER,kozmetik-vitrini,Trendyol Kozmetik / En Çok Satan Ürünler,107,8,107,107,14,kozmetik:kozmetik-vitrini,107,-18,37.1,10.4,88741299,1124646,88741299:1124646,"Aqua Di Polo 1987 La Rocca Sense EDP Kadın Parfüm 50 ml | Çiçeksi, Oryantal | Portakal Çiçeği, Kahve, Yasemin, Vanilya",Aqua Di Polo 1987,Parfüm,https://www.trendyol.com/aqua-di-polo-1987/la-rocca-sense-edp-kadin-parfum-50-ml-ciceksi-oryantal-portakal-cicegi-kahve-yasemin-vanilya-p-88741299?boutiqueId=61&merchantId=1124646,Aqua di Polo 1987,9,404.77,,,0,TRY,"[""Sepette %50 İndirim"",""Kargo Bedava"",""Son 10 Günün En Düşük Fiyatı"",""Trendyol Plus'a Özel""]",InStock,100 adetten fazla stok sunulmuştur,Son 3 günde 250+ ürün satıldı!,3,250,83.3,4.3,20672,12901,-2,1027,"5,7B kişinin sepetinde","312,1B kişi favoriledi","Son 24 saatte 1,7B kişi görüntüledi",4999,TRY,0,1,1,4,11 saat 54 dakika içinde sipariş verirsen en geç yarın kargoda!,,https://cdn.dsmcdn.com/ty1911/prod/QC_ENRICHMENT/20260509/10/67d84b86-007a-3e08-9d3f-32c309f15fe2/1_org_zoom.jpg,"{""Tip"":""EDP"",""Koku Türü"":""Çiçeksi"",""Menşei"":""TR"",""Refill"":""Hayır"",""Hacim"":""50 ml""}",20,5,refreshed,"[""daily_top""]",true,2026-08-21T12:00:02+03:00,0,"[""search_result_dom"",""product_detail_jsonld"",""product_detail_dom""]","{""title"":""observed"",""brand"":""observed"",""seller_name"":""observed"",""seller_score"":""observed"",""price"":""observed"",""original_price"":""unavailable"",""campaigns"":""observed"",""stock_status"":""observed"",""stock_signal"":""observed"",""rating"":""observed"",""rating_count"":""observed"",""review_count"":""observed"",""question_count"":""observed"",""delivery_summary"":""observed"",""shipping_cost"":""observed"",""properties"":""observed""}",true,
2026-08-21,2026-08-21T12:00:02+03:00,kozmetik,BEST_SELLER,kozmetik-vitrini,Trendyol Kozmetik / En Çok Satan Ürünler,108,8,108,108,3,kozmetik:kozmetik-vitrini,108,1,26.9,17.7,891538884,630280,891538884:630280,Batekso Çıtır Kiraz Desenli Makyaj Çantası - Büyük Boy,Batekso,Makyaj Çantası,https://www.trendyol.com/batekso/citir-kiraz-desenli-makyaj-cantasi-buyuk-boy-p-891538884?boutiqueId=61&merchantId=630280,Batekso,,159.9,,,0,TRY,"[""Kargo Bedava"",""Trendyol Plus'a Özel""]",InStock,100 adetten fazla stok sunulmuştur,Son 3 günde 250+ ürün satıldı!,3,250,83.3,4.8,1312,690,0,55,4B kişinin sepetinde,"63,4B kişi favoriledi","Son 24 saatte 2,3B kişi görüntüledi",4999,TRY,0,1,1,4,Tahmini Teslim:,En Çok Satan 3. Ürün,https://cdn.dsmcdn.com/ty1621/prod/QC/20250109/22/4e95b3de-d6ab-3e35-a7be-b5fa8f7e6197/1_org_zoom.jpg,"{""Renk"":""Çok Renkli"",""Materyal"":""Pamuk"",""Materyal Bileşeni"":""100% Pamuk"",""Yıkama Talimatı"":""type 4"",""Menşei"":""TR""}",20,5,refreshed,"[""daily_top""]",true,2026-08-21T12:00:02+03:00,0,"[""search_result_dom"",""product_detail_jsonld"",""product_detail_dom""]","{""title"":""observed"",""brand"":""observed"",""seller_name"":""observed"",""seller_score"":""unavailable"",""price"":""observed"",""original_price"":""unavailable"",""campaigns"":""observed"",""stock_status"":""observed"",""stock_signal"":""observed"",""rating"":""observed"",""rating_count"":""observed"",""review_count"":""observed"",""question_count"":""observed"",""delivery_summary"":""observed"",""shipping_cost"":""observed"",""properties"":""observed""}",true,
2026-08-21,2026-08-21T12:00:02+03:00,kozmetik,BEST_SELLER,kozmetik-vitrini,Trendyol Kozmetik / En Çok Satan Ürünler,109,8,109,109,,kozmetik:kozmetik-vitrini,109,60,33,11.6,87664864,310522,87664864:310522,Alix Avien Fondöten Fırçası - Foundation Brush,Alix Avien,Makyaj Fırçası,https://www.trendyol.com/alix-avien/fondoten-fircasi-foundation-brush-p-87664864?boutiqueId=61&merchantId=310522,Alix Avien,,649.99,,,11.1,TRY,"[""Kargo Bedava"",""Sepette %1 İndirim""]",InStock,100 adetten fazla stok sunulmuştur,Son 3 günde 250+ ürün satıldı!,3,250,83.3,4.6,6786,4025,22,281,"7,9B kişinin sepetinde","496,4B kişi favoriledi","Son 24 saatte 1,8B kişi görüntüledi",4999,TRY,0,1,1,4,Tahmini Teslim:,En Çok Favorilenen 1. Ürün,https://cdn.dsmcdn.com/ty1000428/product/media/images/prod/PIM/20260813/08/71b07e17-26ab-479b-aa44-64e7a70437a7/1_org_zoom.jpg,"{""Tip"":""Tekli"",""Fırça Tipi"":""Kabuki"",""Kıl Tipi"":""Sentetik"",""Menşei"":""TR""}",20,5,refreshed,"[""daily_top"",""hot_change""]",true,2026-08-21T12:00:02+03:00,0,"[""search_result_dom"",""product_detail_jsonld"",""product_detail_dom""]","{""title"":""observed"",""brand"":""observed"",""seller_name"":""observed"",""seller_score"":""unavailable"",""price"":""observed"",""original_price"":""unavailable"",""campaigns"":""observed"",""stock_status"":""observed"",""stock_signal"":""observed"",""rating"":""observed"",""rating_count"":""observed"",""review_count"":""observed"",""question_count"":""observed"",""delivery_summary"":""observed"",""shipping_cost"":""observed"",""properties"":""observed""}",true,
2026-08-21,2026-08-21T12:00:02+03:00,kozmetik,BEST_SELLER,kozmetik-vitrini,Trendyol Kozmetik / En Çok Satan Ürünler,110,8,110,110,9,kozmetik:kozmetik-vitrini,110,-10,32.8,11.8,281950,803859,281950:803859,Essence I Love Crazy Volume Hacim Maskara,Essence,Maskara,https://www.trendyol.com/essence/i-love-crazy-volume-hacim-maskara-p-281950?boutiqueId=61&merchantId=803859,essence,92,299.9,,,0,TRY,"[""Kargo Bedava""]",InStock,100 adetten fazla stok sunulmuştur,Son 3 günde 250+ ürün satıldı!,3,250,83.3,4.5,8810,3760,2,340,"5,6B kişinin sepetinde","214,4B kişi favoriledi","Son 24 saatte 1,1B kişi görüntüledi",4999,TRY,0,1,1,4,11 saat 54 dakika içinde sipariş verirsen en geç yarın kargoda!,En Çok Satan 9. Ürün,https://cdn.dsmcdn.com/ty1635/prod/QC/20250215/20/de9e4504-7c3c-3f94-b67a-24d08ce6653c/1_org_zoom.jpg,"{""Boy"":""Orijinal Boy"",""Etki"":""Hacim / Dolgunluk Veren"",""Suya/Tere Dayanıklılık"":""Belirtilmemiş"",""Fırça Tipi"":""Plastik"",""Menşei"":""DE"",""Kutu Durumu"":""Kutulu"",""Ürün Güvenliği Bilgisi"":""Tehlikeli Değil"",""Renk"":""Siyah""}",20,5,refreshed,"[""daily_top""]",true,2026-08-21T12:00:02+03:00,0,"[""search_result_dom"",""product_detail_jsonld"",""product_detail_dom""]","{""title"":""observed"",""brand"":""observed"",""seller_name"":""observed"",""seller_score"":""observed"",""price"":""observed"",""original_price"":""unavailable"",""campaigns"":""observed"",""stock_status"":""observed"",""stock_signal"":""observed"",""rating"":""observed"",""rating_count"":""observed"",""review_count"":""observed"",""question_count"":""observed"",""delivery_summary"":""observed"",""shipping_cost"":""observed"",""properties"":""observed""}",true,
2026-08-21,2026-08-21T12:00:02+03:00,kozmetik,BEST_SELLER,kozmetik-vitrini,Trendyol Kozmetik / En Çok Satan Ürünler,111,8,111,111,,kozmetik:kozmetik-vitrini,111,-54,29.3,15.3,2870702,478241,2870702:478241,Cosrx Low Ph Good Morning Gel Cleanser 150ml,Cosrx,Yüz Temizleyicileri,https://www.trendyol.com/cosrx/low-ph-good-morning-gel-cleanser-150ml-p-2870702?boutiqueId=61&merchantId=478241,MerSel Teknoloji,93,427.55,,,,TRY,"[""Kargo Bedava""]",InStock,10 adetten fazla stok sunulmuştur,Son 3 günde 250+ ürün satıldı!,3,250,83.3,4.6,2608,1393,-2,935,"1,4B kişinin sepetinde","91,9B kişi favoriledi",Son 24 saatte 993 kişi görüntüledi,4999,TRY,0,1,1,4,11 saat 54 dakika içinde sipariş verirsen en geç yarın kargoda!,,https://cdn.dsmcdn.com/ty1639/prod/QC/20250219/06/372dd04d-727d-3745-97eb-60c787150060/1_org_zoom.jpg,"{""Cilt Tipi"":""Tüm Cilt Tipleri"",""Ek Özellik"":""Paraben İçermeyen"",""Form"":""Jel"",""Hacim"":""150 ml"",""İçerik"":""Hyalüronik Asit"",""Tip"":""Tüp"",""Kullanma Amacı"":""Belirtilmemiş"",""Menşei"":""KR"",""Ürün Güvenliği Bilgisi"":""Tehlikeli Değil"",""Refill"":""Hayır""}",20,5,refreshed,"[""daily_top"",""hot_change""]",true,2026-08-21T12:00:02+03:00,0,"[""search_result_dom"",""product_detail_jsonld"",""product_detail_dom""]","{""title"":""observed"",""brand"":""observed"",""seller_name"":""observed"",""seller_score"":""observed"",""price"":""observed"",""original_price"":""unavailable"",""campaigns"":""observed"",""stock_status"":""observed"",""stock_signal"":""observed"",""rating"":""observed"",""rating_count"":""observed"",""review_count"":""observed"",""question_count"":""observed"",""delivery_summary"":""observed"",""shipping_cost"":""observed"",""properties"":""observed""}",true,
2026-08-21,2026-08-21T12:00:02+03:00,kozmetik,BEST_SELLER,kozmetik-vitrini,Trendyol Kozmetik / En Çok Satan Ürünler,112,8,112,112,7,kozmetik:kozmetik-vitrini,112,,83.3,0.6,647439259,529402,647439259:529402,New Well Sıvı Allık (sedefli) No02,New Well,,https://www.trendyol.com/new-well/sivi-allik-sedefli-no02-p-647439259?boutiqueId=61&merchantId=529402,NEW WELL,94,138.37,299.9,53.9,,TRY,"[""Son 10 Günün En Düşük Fiyatı"",""Kargo Bedava"",""Son 10 günün en düşük fiyatı""]",InStock,100 adetten fazla stok sunulmuştur,,,,,4.4,4774,,,256,872 kişinin sepetinde,"57,5B kişi favoriledi",Son 24 saatte 361 kişi görüntüledi,,,0,,,,Tahmini Teslim:,,,{},0,,refreshed,"[""daily_top""]",true,2026-08-21T12:00:02+03:00,0,"[""search_result_dom"",""product_detail_jsonld"",""product_detail_dom""]","{""title"":""observed"",""brand"":""observed"",""seller_name"":""observed"",""seller_score"":""observed"",""price"":""observed"",""original_price"":""observed"",""campaigns"":""observed"",""stock_status"":""observed"",""stock_signal"":""observed"",""rating"":""observed"",""rating_count"":""observed"",""review_count"":""unavailable"",""question_count"":""observed"",""delivery_summary"":""observed"",""shipping_cost"":""unavailable"",""properties"":""observed""}",true,
2026-08-21,2026-08-21T12:00:02+03:00,kozmetik,BEST_SELLER,kozmetik-vitrini,Trendyol Kozmetik / En Çok Satan Ürünler,113,8,113,113,,kozmetik:kozmetik-vitrini,113,,37.6,10.1,1046346713,107302,1046346713:107302,Sinoz Avokado Bomb Yoğun Nemlendirici Yüz Kremi & Göz Kremi 2'li Bakım Seti,Sinoz,Cilt Bakım Seti,https://www.trendyol.com/sinoz/avokado-bomb-yogun-nemlendirici-yuz-kremi-goz-kremi-2-li-bakim-seti-p-1046346713?boutiqueId=61&merchantId=107302,Sinoz Kozmetik,94,699,849,17.7,,TRY,"[""Kargo Bedava"",""Son 10 Günün En Düşük Fiyatı"",""Süper Fırsat Ürünü"",""Son 10 günün en düşük fiyatı""]",InStock,100 adetten fazla stok sunulmuştur,,,,,4.5,753,307,,108,"1,5B kişinin sepetinde","48,1B kişi favoriledi",Son 24 saatte 763 kişi görüntüledi,4999,TRY,0,1,1,4,11 saat 54 dakika içinde sipariş verirsen en geç yarın kargoda!,,https://cdn.dsmcdn.com/ty1915/prod/QC_ENRICHMENT/20260814/23/43495c19-e418-3e7a-9f12-281e014453b6/1_org_zoom.jpg,"{""Ek Özellik"":""Alkol İçermez"",""Cilt Tipi"":""Kuru"",""Form"":""Krem"",""İçerik"":""Niacinamide"",""Kullanma Amacı"":""Nemlendirici"",""Set İçerik Adeti"":""2"",""Yaşlanma Karşıtı"":""Evet"",""Menşei"":""TR"",""Ürün Güvenliği Bilgisi"":""Tehlikeli Değil"",""Refill"":""Hayır""}",20,5,refreshed,"[""daily_top""]",true,2026-08-21T12:00:02+03:00,0,"[""search_result_dom"",""product_detail_jsonld"",""product_detail_dom""]","{""title"":""observed"",""brand"":""observed"",""seller_name"":""observed"",""seller_score"":""observed"",""price"":""observed"",""original_price"":""observed"",""campaigns"":""observed"",""stock_status"":""observed"",""stock_signal"":""observed"",""rating"":""observed"",""rating_count"":""observed"",""review_count"":""observed"",""question_count"":""observed"",""delivery_summary"":""observed"",""shipping_cost"":""observed"",""properties"":""observed""}",true,
2026-08-21,2026-08-21T12:00:02+03:00,kozmetik,BEST_SELLER,kozmetik-vitrini,Trendyol Kozmetik / En Çok Satan Ürünler,114,8,114,114,6,kozmetik:kozmetik-vitrini,114,-38,29.6,0.4,98901142,104886,98901142:104886,Missha Ciltle Bütünleşen Kalıcı Likit Aydınlatıcı Juicy-Pang Water Highlighter (PK01),Missha,,https://www.trendyol.com/missha/ciltle-butunlesen-kalici-likit-aydinlatici-juicy-pang-water-highlighter-pk01-p-98901142?boutiqueId=61&merchantId=104886,Missha Türkiye,93,374.9,,,0,TRY,"[""Kargo Bedava"",""Trendyol Plus'a Özel""]",InStock,100 adetten fazla stok sunulmuştur,,,,,4.5,4959,,0,215,"4,6B kişinin sepetinde","180,6B kişi favoriledi","Son 24 saatte 1,1B kişi görüntüledi",,,0,,,,1 saat 54 dakika içinde sipariş verirsen en geç bugün kargoda!,En Çok Satan 6. Ürün,,{},0,,refreshed,"[""daily_top""]",true,2026-08-21T12:00:02+03:00,0,"[""search_result_dom"",""product_detail_jsonld"",""product_detail_dom""]","{""title"":""observed"",""brand"":""observed"",""seller_name"":""observed"",""seller_score"":""observed"",""price"":""observed"",""original_price"":""unavailable"",""campaigns"":""observed"",""stock_status"":""observed"",""stock_signal"":""observed"",""rating"":""observed"",""rating_count"":""observed"",""review_count"":""unavailable"",""question_count"":""observed"",""delivery_summary"":""observed"",""shipping_cost"":""unavailable"",""properties"":""observed""}",true,
2026-08-21,2026-08-21T12:00:02+03:00,kozmetik,BEST_SELLER,kozmetik-vitrini,Trendyol Kozmetik / En Çok Satan Ürünler,115,9,115,115,2,kozmetik:kozmetik-vitrini,115,-3,36.3,22.9,814330140,1044116,814330140:1044116,L'Oreal Paris Infaillible Makyaj Sabitleyici Sprey 75 ml - Makyajı Sabitleyen 36 Saate Kadar Kalıcı Sprey,L'Oreal Paris,Makyaj Sabitleyici,https://www.trendyol.com/l-oreal-paris/infaillible-makyaj-sabitleyici-sprey-75-ml-makyaji-sabitleyen-36-saate-kadar-kalici-sprey-p-814330140?boutiqueId=61&merchantId=1044116,PÂRLÂ,93,518.96,,,,TRY,"[""Kargo Bedava""]",InStock,100 adetten fazla stok sunulmuştur,Son 3 günde 500+ ürün satıldı!,3,500,166.7,4.2,5530,3098,5,193,"8,6B kişinin sepetinde",238B kişi favoriledi,"Son 24 saatte 1,7B kişi görüntüledi",4999,TRY,0,,1,4,11 saat 54 dakika içinde sipariş verirsen en geç yarın kargoda!,En Çok Satan 2. Ürün,https://cdn.dsmcdn.com/ty1534/product/media/images/prod/QC/20240910/11/8de839e8-33da-3b9e-b08f-8aa56bbc8e8d/1_org_zoom.jpg,"{""Menşei"":""TR"",""Renk"":""Çok Renkli""}",20,5,refreshed,"[""daily_top""]",true,2026-08-21T12:00:02+03:00,0,"[""search_result_dom"",""product_detail_jsonld"",""product_detail_dom""]","{""title"":""observed"",""brand"":""observed"",""seller_name"":""observed"",""seller_score"":""observed"",""price"":""observed"",""original_price"":""unavailable"",""campaigns"":""observed"",""stock_status"":""observed"",""stock_signal"":""observed"",""rating"":""observed"",""rating_count"":""observed"",""review_count"":""observed"",""question_count"":""observed"",""delivery_summary"":""observed"",""shipping_cost"":""observed"",""properties"":""observed""}",true,
2026-08-21,2026-08-21T12:00:02+03:00,kozmetik,BEST_SELLER,kozmetik-vitrini,Trendyol Kozmetik / En Çok Satan Ürünler,116,9,116,116,,kozmetik:kozmetik-vitrini,116,,22.7,7.3,777638575,879999,777638575:879999,EVAS HIDDEN Body Mist Pure Delight Vücut Saç Spreyi 250 ml,EVAS HIDDEN,Vücut Spreyi,https://www.trendyol.com/evas-hidden/body-mist-pure-delight-vucut-sac-spreyi-250-ml-p-777638575?boutiqueId=61&merchantId=879999,Evas Hidden,93,749.99,,,,TRY,"[""Kargo Bedava""]",InStock,100 adetten fazla stok sunulmuştur,,,,,4.3,1107,694,,72,,"8,8B kişi favoriledi",Son 24 saatte 577 kişi görüntüledi,4999,TRY,0,3,1,6,Tahmini Teslim:,,https://cdn.dsmcdn.com/ty1918/prod/QC_ENRICHMENT/20260721/13/0252477b-7481-3f58-b1bd-ee5f52c68bcb/1_org_zoom.jpg,"{""Hacim"":""250 ml"",""Koku Türü"":""Aromatik"",""Menşei"":""TR""}",20,5,refreshed,"[""daily_top""]",true,2026-08-21T12:00:02+03:00,0,"[""search_result_dom"",""product_detail_jsonld"",""product_detail_dom""]","{""title"":""observed"",""brand"":""observed"",""seller_name"":""observed"",""seller_score"":""observed"",""price"":""observed"",""original_price"":""unavailable"",""campaigns"":""observed"",""stock_status"":""observed"",""stock_signal"":""observed"",""rating"":""observed"",""rating_count"":""observed"",""review_count"":""observed"",""question_count"":""observed"",""delivery_summary"":""observed"",""shipping_cost"":""observed"",""properties"":""observed""}",true,
2026-08-21,2026-08-21T12:00:02+03:00,kozmetik,BEST_SELLER,kozmetik-vitrini,Trendyol Kozmetik / En Çok Satan Ürünler,117,9,117,117,2,kozmetik:kozmetik-vitrini,117,-46,36.5,22.7,4380989,4473,4380989:4473,Flormar Suya Dayanıklı Dudak Kalemi (KAHVE) - Waterproof Lipliner - 244 Chocolate Fondue - 8690604567591,Flormar,Dudak Kalemi,https://www.trendyol.com/flormar/suya-dayanikli-dudak-kalemi-kahve-waterproof-lipliner-244-chocolate-fondue-8690604567591-p-4380989?boutiqueId=61&merchantId=4473,Flormar,,189.99,,,0,TRY,"[""Sepette %5 İndirim"",""Sepette %30 İndirim"",""Kargo Bedava"",""Trendyol Plus'a Özel""]",InStock,100 adetten fazla stok sunulmuştur,Son 3 günde 500+ ürün satıldı!,3,500,166.7,4.6,7581,3297,-4,102,"12,5B kişinin sepetinde","238,5B kişi favoriledi","Son 24 saatte 1,7B kişi görüntüledi",4999,TRY,0,3,1,6,Tahmini Teslim:,En Çok Satan 2. Ürün,https://cdn.dsmcdn.com/ty1553/product/media/images/ty1553/prod/QC/20240917/09/483ba691-fc3a-3212-8c82-56aa8c2e75db/1_org_zoom.jpg,"{""Renk"":""Kahverengi"",""RGB"":""#4F1C1B"",""Menşei"":""TR"",""Ürün Güvenliği Bilgisi"":""Tehlikeli Değil""}",20,5,refreshed,"[""daily_top""]",true,2026-08-21T12:00:02+03:00,0,"[""search_result_dom"",""product_detail_jsonld"",""product_detail_dom""]","{""title"":""observed"",""brand"":""observed"",""seller_name"":""observed"",""seller_score"":""unavailable"",""price"":""observed"",""original_price"":""unavailable"",""campaigns"":""observed"",""stock_status"":""observed"",""stock_signal"":""observed"",""rating"":""observed"",""rating_count"":""observed"",""review_count"":""observed"",""question_count"":""observed"",""delivery_summary"":""observed"",""shipping_cost"":""observed"",""properties"":""observed""}",true,
2026-08-21,2026-08-21T12:00:02+03:00,kozmetik,BEST_SELLER,kozmetik-vitrini,Trendyol Kozmetik / En Çok Satan Ürünler,118,9,118,118,10,kozmetik:kozmetik-vitrini,118,,45.2,9.8,870116038,885839,870116038:885839,FRANKLY Butter So Much Cilt Bariyeri Güçlendiren Onarıcı ve Nemlendirici Krem 80 mL,FRANKLY,Yüz Kremi,https://www.trendyol.com/frankly/butter-so-much-cilt-bariyeri-guclendiren-onarici-ve-nemlendirici-krem-80-ml-p-870116038?boutiqueId=61&merchantId=885839,Frankly Türkiye,94,861.75,1149,25,,TRY,"[""Sepette %25 İndirim"",""Kargo Bedava""]",InStock,100 adetten fazla stok sunulmuştur,,,,,4.7,601,333,,183,512 kişinin sepetinde,"37,9B kişi favoriledi","Son 24 saatte 1,3B kişi görüntüledi",4999,TRY,0,3,1,6,Tahmini Teslim:,,https://cdn.dsmcdn.com/ty1664/prod/QC/20250411/14/f1f93c68-987c-31cc-9840-59f146516196/1_org_zoom.jpg,"{""Cilt Tipi"":""Kuru"",""Ek Özellik"":""Vegan"",""İçerik"":""Hyalüronik Asit"",""SPF"":""Korumasız"",""Hacim"":""80 ml"",""Tip"":""Tüp"",""Kullanma Amacı"":""Nemlendirici"",""Form"":""Krem"",""Yaşlanma Karşıtı"":""Evet"",""Menşei"":""KR"",""Refill"":""Hayır""}",20,5,refreshed,"[""daily_top""]",true,2026-08-21T12:00:02+03:00,0,"[""search_result_dom"",""product_detail_jsonld"",""product_detail_dom""]","{""title"":""observed"",""brand"":""observed"",""seller_name"":""observed"",""seller_score"":""observed"",""price"":""observed"",""original_price"":""observed"",""campaigns"":""observed"",""stock_status"":""observed"",""stock_signal"":""observed"",""rating"":""observed"",""rating_count"":""observed"",""review_count"":""observed"",""question_count"":""observed"",""delivery_summary"":""observed"",""shipping_cost"":""observed"",""properties"":""observed""}",true,
2026-08-21,2026-08-21T12:00:02+03:00,kozmetik,BEST_SELLER,kozmetik-vitrini,Trendyol Kozmetik / En Çok Satan Ürünler,119,9,119,119,6,kozmetik:kozmetik-vitrini,119,12,20.9,9.1,960744386,638780,960744386:638780,"BEYZANA Buz Küpü Gua Sha Yüz, Göz ve Boyun Masajı Cilt Bakımı, Göz Torbalarını Giderme Silikon Buz Kalıbı",BEYZANA,Yüz Masaj Aleti,https://www.trendyol.com/beyzana/buz-kupu-gua-sha-yuz-goz-ve-boyun-masaji-cilt-bakimi-goz-torbalarini-giderme-silikon-buz-kalibi-p-960744386?boutiqueId=61&merchantId=638780,BEYZANA,,143.88,,,6.2,TRY,"[""Kargo Bedava"",""Trendyol Plus'a Özel""]",InStock,100 adetten fazla stok sunulmuştur,,,,,4,982,413,0,63,"1,3B kişinin sepetinde","48,4B kişi favoriledi",Son 24 saatte 534 kişi görüntüledi,4999,TRY,0,1,1,4,11 saat 54 dakika içinde sipariş verirsen en geç yarın kargoda!,En Çok Satan 6. Ürün,https://cdn.dsmcdn.com/ty1930/prod/QC_ENRICHMENT/20260630/16/c25e1bfa-8afc-34a2-9148-ac74a4d8613f/1_org_zoom.jpg,"{""Renk"":""Pembe"",""Tip"":""Ice Roller"",""Kullanma Amacı"":""Sıkılaştırıcı"",""Yaşlanma Karşıtı"":""Evet"",""Menşei"":""TR"",""Tamir Edilebilirlik"":""Tamir Edilmez."",""Özellik"":""Sürdürülebilir""}",20,5,refreshed,"[""daily_top""]",true,2026-08-21T12:00:02+03:00,0,"[""search_result_dom"",""product_detail_jsonld"",""product_detail_dom""]","{""title"":""observed"",""brand"":""observed"",""seller_name"":""observed"",""seller_score"":""unavailable"",""price"":""observed"",""original_price"":""unavailable"",""campaigns"":""observed"",""stock_status"":""observed"",""stock_signal"":""observed"",""rating"":""observed"",""rating_count"":""observed"",""review_count"":""observed"",""question_count"":""observed"",""delivery_summary"":""observed"",""shipping_cost"":""observed"",""properties"":""observed""}",true,
2026-08-21,2026-08-21T12:00:02+03:00,kozmetik,BEST_SELLER,kozmetik-vitrini,Trendyol Kozmetik / En Çok Satan Ürünler,120,9,120,120,,kozmetik:kozmetik-vitrini,120,-45,45.9,23.3,777615790,1194314,777615790:1194314,"WOU World of Unique Stick Krem, Koltuk Altı Terleme Önleyici 48 Saat Etkin Koruma Vegan, Erkek Koltu",WOU World of Unique,Deodorant ve Roll On,https://www.trendyol.com/wou-world-of-unique/stick-krem-koltuk-alti-terleme-onleyici-48-saat-etkin-koruma-vegan-erkek-koltu-p-777615790?boutiqueId=61&merchantId=1194314,Kozfa Store,9,199.69,221.77,10,0,TRY,"[""Son 10 Günün En Düşük Fiyatı"",""Kargo Bedava"",""Son 10 günün en düşük fiyatı"",""Trendyol Plus'a Özel""]",InStock,100 adetten fazla stok sunulmuştur,Son 3 günde 500+ ürün satıldı!,3,500,166.7,4.5,4641,2783,7,221,"5,3B kişinin sepetinde",49B kişi favoriledi,Son 24 saatte 592 kişi görüntüledi,4999,TRY,0,1,1,4,Tahmini Teslim:,,https://cdn.dsmcdn.com/ty1849/prod/QC_ENRICHMENT/20260403/15/6c9b424f-412a-3047-a329-50a2195118ad/1_org_zoom.jpg,"{""Ek Özellik"":""Anti Alerjik"",""Hacim"":""75 ml"",""Form"":""Krem"",""Menşei"":""TR"",""Ürün Güvenliği Bilgisi"":""Sınıf 5.2 Organik peroksitler"",""Koruma Süresi"":""48h""}",20,5,refreshed,"[""daily_top""]",true,2026-08-21T12:00:02+03:00,0,"[""search_result_dom"",""product_detail_jsonld"",""product_detail_dom""]","{""title"":""observed"",""brand"":""observed"",""seller_name"":""observed"",""seller_score"":""observed"",""price"":""observed"",""original_price"":""observed"",""campaigns"":""observed"",""stock_status"":""observed"",""stock_signal"":""observed"",""rating"":""observed"",""rating_count"":""observed"",""review_count"":""observed"",""question_count"":""observed"",""delivery_summary"":""observed"",""shipping_cost"":""observed"",""properties"":""observed""}",true,
2026-08-21,2026-08-21T12:00:02+03:00,kozmetik,BEST_SELLER,kozmetik-vitrini,Trendyol Kozmetik / En Çok Satan Ürünler,121,9,121,121,50,kozmetik:kozmetik-vitrini,121,,25.5,4.5,339594943,1028724,339594943:1028724,"Nail Master M550 Kalıcı Oje 7,3ml Koyu Bordo",Nail Master,,https://www.trendyol.com/nail-master/m550-kalici-oje-7-3ml-koyu-bordo-p-339594943?boutiqueId=61&merchantId=1028724,Doğanlı Kozmetik,95,134.99,,,,TRY,"[""Kargo Bedava""]",InStock,100 adetten fazla stok sunulmuştur,,,,,4.2,1558,,,110,1B kişinin sepetinde,"51,5B kişi favoriledi",Son 24 saatte 522 kişi görüntüledi,,,0,,,,3 saat 54 dakika içinde sipariş verirsen en geç bugün kargoda!,En Çok Favorilenen 5. Ürün,,{},0,,refreshed,"[""daily_top""]",true,2026-08-21T12:00:02+03:00,0,"[""search_result_dom"",""product_detail_jsonld"",""product_detail_dom""]","{""title"":""observed"",""brand"":""observed"",""seller_name"":""observed"",""seller_score"":""observed"",""price"":""observed"",""original_price"":""unavailable"",""campaigns"":""observed"",""stock_status"":""observed"",""stock_signal"":""observed"",""rating"":""observed"",""rating_count"":""observed"",""review_count"":""unavailable"",""question_count"":""observed"",""delivery_summary"":""observed"",""shipping_cost"":""unavailable"",""properties"":""observed""}",true,
2026-08-21,2026-08-21T12:00:02+03:00,kozmetik,BEST_SELLER,kozmetik-vitrini,Trendyol Kozmetik / En Çok Satan Ürünler,122,9,122,122,1,kozmetik:kozmetik-vitrini,122,23,24.4,5.6,95508823,1072118,95508823:1072118,Magic Aliver Expres 3-5 Dk Kalıcı Oje /protez Tırnak Çıkarıcı Jel 15ml/bitkisel Reçine,Magic,Oje Çıkarıcı,https://www.trendyol.com/magic/aliver-expres-3-5-dk-kalici-oje-protez-tirnak-cikarici-jel-15ml-bitkisel-recine-p-95508823?boutiqueId=61&merchantId=1072118,DGN TAKIKOZMETİK,85,159.9,,,0,TRY,"[""30 TL Kupon"",""Kargo Bedava""]",InStock,100 adetten fazla stok sunulmuştur,,,,,3.8,1860,1109,0,225,999 kişinin sepetinde,"30,6B kişi favoriledi",Son 24 saatte 407 kişi görüntüledi,4999,TRY,0,,1,4,2 saat 54 dakika içinde sipariş verirsen en geç bugün kargoda!,En Çok Satan 1. Ürün,https://cdn.dsmcdn.com/ty1526/product/media/images/prod/PIM/20240905/13/6043977a-98db-48b9-ba11-6d667a2bb7cc/1_org_zoom.jpg,"{""Tip"":""Şişe"",""İçerik"":""Asetonlu"",""Hacim"":""15 ml"",""Menşei"":""CN""}",20,5,refreshed,"[""daily_top""]",true,2026-08-21T12:00:02+03:00,0,"[""search_result_dom"",""product_detail_jsonld"",""product_detail_dom""]","{""title"":""observed"",""brand"":""observed"",""seller_name"":""observed"",""seller_score"":""observed"",""price"":""observed"",""original_price"":""unavailable"",""campaigns"":""observed"",""stock_status"":""observed"",""stock_signal"":""observed"",""rating"":""observed"",""rating_count"":""observed"",""review_count"":""observed"",""question_count"":""observed"",""delivery_summary"":""observed"",""shipping_cost"":""observed"",""properties"":""observed""}",true,
2026-08-21,2026-08-21T12:00:02+03:00,kozmetik,BEST_SELLER,kozmetik-vitrini,Trendyol Kozmetik / En Çok Satan Ürünler,123,9,123,123,13,kozmetik:kozmetik-vitrini,123,-36,26.5,3.5,47623804,205639,47623804:205639,Note Cosmetics Deep Impact Lipstick Kremsi Dokulu Yarı Parlak Ruj 13 Impressive Red - Kırmızı,Note Cosmetics,,https://www.trendyol.com/note-cosmetics/deep-impact-lipstick-kremsi-dokulu-yari-parlak-ruj-13-impressive-red-kirmizi-p-47623804?boutiqueId=61&merchantId=205639,Note Cosmetics,,199.9,,,39.8,TRY,"[""Kargo Bedava""]",InStock,100 adetten fazla stok sunulmuştur,,,,,4.5,2025,,0,128,878 kişinin sepetinde,"52,9B kişi favoriledi",Son 24 saatte 831 kişi görüntüledi,,,0,,,,Tahmini Teslim:,Fenomen Seçimi,,{},0,,refreshed,"[""daily_top""]",true,2026-08-21T12:00:02+03:00,0,"[""search_result_dom"",""product_detail_jsonld"",""product_detail_dom""]","{""title"":""observed"",""brand"":""observed"",""seller_name"":""observed"",""seller_score"":""unavailable"",""price"":""observed"",""original_price"":""unavailable"",""campaigns"":""observed"",""stock_status"":""observed"",""stock_signal"":""observed"",""rating"":""observed"",""rating_count"":""observed"",""review_count"":""unavailable"",""question_count"":""observed"",""delivery_summary"":""observed"",""shipping_cost"":""unavailable"",""properties"":""observed""}",true,
2026-08-21,2026-08-21T12:00:02+03:00,kozmetik,BEST_SELLER,kozmetik-vitrini,Trendyol Kozmetik / En Çok Satan Ürünler,124,9,124,124,,kozmetik:kozmetik-vitrini,124,,32.2,0,190898590,194370,190898590:194370,Licape Çay Ağacı Özlü Yüz Temizleme Jeli 400ml,Licape,Yüz Temizleyicileri,https://www.trendyol.com/licape/cay-agaci-ozlu-yuz-temizleme-jeli-400ml-p-190898590?boutiqueId=61&merchantId=194370,Licape,,568.1,,,,TRY,"[""100 TL Kupon"",""Kargo Bedava"",""Trendyol Plus'a Özel""]",InStock,100 adetten fazla stok sunulmuştur,,,,,4.5,17032,10622,,2064,"1,7B kişinin sepetinde","126,6B kişi favoriledi",Son 24 saatte 447 kişi görüntüledi,4999,TRY,0,1,1,4,1 saat 54 dakika içinde sipariş verirsen en geç bugün kargoda!,,https://cdn.dsmcdn.com/ty1905/prod/QC_ENRICHMENT/20260707/00/793ff188-eda4-314f-a6b8-4e1be27c08a6/1_org_zoom.jpg,"{""Cilt Tipi"":""Tüm Cilt Tipleri"",""Ek Özellik"":""Vegan"",""Form"":""Krem"",""Hacim"":""400 ml"",""İçerik"":""Salisilik Asit"",""Tip"":""Tüp"",""Kullanma Amacı"":""Canlandırıcı"",""Menşei"":""TR"",""Ürün Güvenliği Bilgisi"":""Tehlikeli Değil"",""Refill"":""Hayır""}",20,5,refreshed,"[""daily_top""]",true,2026-08-21T12:00:02+03:00,0,"[""search_result_dom"",""product_detail_jsonld"",""product_detail_dom""]","{""title"":""observed"",""brand"":""observed"",""seller_name"":""observed"",""seller_score"":""unavailable"",""price"":""observed"",""original_price"":""unavailable"",""campaigns"":""observed"",""stock_status"":""observed"",""stock_signal"":""observed"",""rating"":""observed"",""rating_count"":""observed"",""review_count"":""observed"",""question_count"":""observed"",""delivery_summary"":""observed"",""shipping_cost"":""observed"",""properties"":""observed""}",true,
2026-08-21,2026-08-21T12:00:02+03:00,kozmetik,BEST_SELLER,kozmetik-vitrini,Trendyol Kozmetik / En Çok Satan Ürünler,125,9,125,125,2,kozmetik:kozmetik-vitrini,125,-24,29,1,83043458,205639,83043458:205639,Note Cosmetics Translucent Setting Powder Makyaj Sabitleyici Toz Pudra - Transparan,Note Cosmetics,,https://www.trendyol.com/note-cosmetics/translucent-setting-powder-makyaj-sabitleyici-toz-pudra-transparan-p-83043458?boutiqueId=61&merchantId=205639,Note Cosmetics,,349.9,,,,TRY,"[""30 TL Kupon"",""Kargo Bedava""]",InStock,100 adetten fazla stok sunulmuştur,,,,,4.5,4166,,0,457,"1,2B kişinin sepetinde","145,5B kişi favoriledi",Son 24 saatte 635 kişi görüntüledi,,,0,,,,Tahmini Teslim:,,,{},0,,refreshed,"[""daily_top""]",true,2026-08-21T12:00:02+03:00,0,"[""search_result_dom"",""product_detail_jsonld"",""product_detail_dom""]","{""title"":""observed"",""brand"":""observed"",""seller_name"":""observed"",""seller_score"":""unavailable"",""price"":""observed"",""original_price"":""unavailable"",""campaigns"":""observed"",""stock_status"":""observed"",""stock_signal"":""observed"",""rating"":""observed"",""rating_count"":""observed"",""review_count"":""unavailable"",""question_count"":""observed"",""delivery_summary"":""observed"",""shipping_cost"":""unavailable"",""properties"":""observed""}",true,
2026-08-21,2026-08-21T12:00:02+03:00,kozmetik,BEST_SELLER,kozmetik-vitrini,Trendyol Kozmetik / En Çok Satan Ürünler,126,9,126,126,6,kozmetik:kozmetik-vitrini,126,18,52.3,52.7,926947332,936059,926947332:936059,CALLİEL Aydınlatıcı Leke Karşıtı Cilt Tonu Eşitleyici ve Parlatıcı Rice Tonik 200 Ml,CALLİEL,Tonik,https://www.trendyol.com/calliel/aydinlatici-leke-karsiti-cilt-tonu-esitleyici-ve-parlatici-rice-tonik-200-ml-p-926947332?boutiqueId=61&merchantId=936059,SKY GROUP,93,421,,,0.5,TRY,"[""Kargo Bedava"",""Trendyol Plus'a Özel""]",InStock,Son 2 Ürün,"Son 3 günde 1,5B+ ürün satıldı!",3,1500,500,4.1,4919,2593,22,2370,"25,7B kişinin sepetinde","544,3B kişi favoriledi","Son 24 saatte 5,7B kişi görüntüledi",4999,TRY,0,,1,4,11 saat 54 dakika içinde sipariş verirsen en geç yarın kargoda!,En Çok Satan 6. Ürün,https://cdn.dsmcdn.com/ty1806/prod/QC_ENRICHMENT/20260102/18/cdcefa7a-a57d-3fcb-a68d-0af673e5533f/1_org_zoom.jpg,"{""Cilt Tipi"":""Tüm Cilt Tipleri"",""Tip"":""Şişe"",""İçerik"":""Arbutin"",""Ek Özellik"":""Vegan"",""Kullanma Amacı"":""Dengeleyici"",""Hacim"":""200 ml"",""Menşei"":""TR"",""Ürün Güvenliği Bilgisi"":""Tehlikeli Değil"",""Refill"":""Hayır""}",20,5,refreshed,"[""daily_top""]",true,2026-08-21T12:00:02+03:00,0,"[""search_result_dom"",""product_detail_jsonld"",""product_detail_dom""]","{""title"":""observed"",""brand"":""observed"",""seller_name"":""observed"",""seller_score"":""observed"",""price"":""observed"",""original_price"":""unavailable"",""campaigns"":""observed"",""stock_status"":""observed"",""stock_signal"":""observed"",""rating"":""observed"",""rating_count"":""observed"",""review_count"":""observed"",""question_count"":""observed"",""delivery_summary"":""observed"",""shipping_cost"":""observed"",""properties"":""observed""}",true,
2026-08-21,2026-08-21T12:00:02+03:00,kozmetik,BEST_SELLER,kozmetik-vitrini,Trendyol Kozmetik / En Çok Satan Ürünler,127,10,127,127,,kozmetik:kozmetik-vitrini,127,,36.2,14.4,464947503,332303,464947503:332303,TTO Thermal Yüz Temizleme Köpüğü 200 ml Aplikatörlü Cilt Temizleyici Demodex’e Eğilimli Ciltler,TTO,Yüz Temizleyicileri,https://www.trendyol.com/tto/thermal-yuz-temizleme-kopugu-200-ml-aplikatorlu-cilt-temizleyici-demodex-e-egilimli-ciltler-p-464947503?boutiqueId=61&merchantId=332303,DERMO SHOP,93,685,729,6,,TRY,"[""Kargo Bedava"",""Son 10 Günün En Düşük Fiyatı"",""Son 10 günün en düşük fiyatı"",""Trendyol Plus'a Özel""]",InStock,10 adetten fazla stok sunulmuştur,Son 3 günde 250+ ürün satıldı!,3,250,83.3,4.6,3123,1800,,1012,"2,7B kişinin sepetinde","165,1B kişi favoriledi",Son 24 saatte 1B kişi görüntüledi,4999,TRY,0,3,1,6,Tahmini Teslim:,Fenomen Seçimi,https://cdn.dsmcdn.com/ty1921/prod/QC_ENRICHMENT/20260512/17/b06b66ed-6743-3d10-9740-545b6d2b6f83/1_org_zoom.jpg,"{""Cilt Tipi"":""Tüm Cilt Tipleri"",""Form"":""Köpük"",""Hacim"":""200 ml"",""İçerik"":""E Vitamini"",""Tip"":""Şişe"",""Kullanma Amacı"":""Canlandırıcı"",""Menşei"":""TR"",""Refill"":""Hayır""}",20,5,refreshed,"[""daily_top""]",true,2026-08-21T12:00:02+03:00,0,"[""search_result_dom"",""product_detail_jsonld"",""product_detail_dom""]","{""title"":""observed"",""brand"":""observed"",""seller_name"":""observed"",""seller_score"":""observed"",""price"":""observed"",""original_price"":""observed"",""campaigns"":""observed"",""stock_status"":""observed"",""stock_signal"":""observed"",""rating"":""observed"",""rating_count"":""observed"",""review_count"":""observed"",""question_count"":""observed"",""delivery_summary"":""observed"",""shipping_cost"":""observed"",""properties"":""observed""}",true,
2026-08-21,2026-08-21T12:00:02+03:00,kozmetik,BEST_SELLER,kozmetik-vitrini,Trendyol Kozmetik / En Çok Satan Ürünler,128,10,128,128,,kozmetik:kozmetik-vitrini,128,,31.9,12.7,153287876,109162,153287876:109162,Maru.Derm Hyalüronik Asit Nemlendirici Yüz Bakım Kremi 200 ML,Maru.Derm,Yüz Kremi,https://www.trendyol.com/maru-derm/hyaluronik-asit-nemlendirici-yuz-bakim-kremi-200-ml-p-153287876?boutiqueId=61&merchantId=109162,MARUDERM,93,295.67,,,,TRY,"[""Kargo Bedava""]",InStock,100 adetten fazla stok sunulmuştur,Son 3 günde 250+ ürün satıldı!,3,250,83.3,4.4,5212,2920,,2083,"4,6B kişinin sepetinde","142,4B kişi favoriledi","Son 24 saatte 1,4B kişi görüntüledi",4999,TRY,0,,1,4,Tahmini Teslim:,,https://cdn.dsmcdn.com/ty1000031/product/media/images/prod/PIM/20251117/09/aed3b313-126a-47e3-917b-91d0da33c52a/1_org_zoom.jpg,"{""Cilt Tipi"":""Tüm Cilt Tipleri"",""Ek Özellik"":""Parfüm İçermeyen"",""İçerik"":""Hyalüronik Asit"",""SPF"":""Korumasız"",""Hacim"":""200 ml"",""Tip"":""Şişe"",""Kullanma Amacı"":""Nemlendirici"",""Form"":""Krem"",""Yaşlanma Karşıtı"":""Evet"",""Menşei"":""TR"",""Ürün Güvenliği Bilgisi"":""Tehlikeli Değil"",""Refill"":""Hayır""}",20,5,refreshed,"[""daily_top""]",true,2026-08-21T12:00:02+03:00,0,"[""search_result_dom"",""product_detail_jsonld"",""product_detail_dom""]","{""title"":""observed"",""brand"":""observed"",""seller_name"":""observed"",""seller_score"":""observed"",""price"":""observed"",""original_price"":""unavailable"",""campaigns"":""observed"",""stock_status"":""observed"",""stock_signal"":""observed"",""rating"":""observed"",""rating_count"":""observed"",""review_count"":""observed"",""question_count"":""observed"",""delivery_summary"":""observed"",""shipping_cost"":""observed"",""properties"":""observed""}",true,
2026-08-21,2026-08-21T12:00:02+03:00,kozmetik,BEST_SELLER,kozmetik-vitrini,Trendyol Kozmetik / En Çok Satan Ürünler,129,10,129,129,,kozmetik:kozmetik-vitrini,129,-33,22.2,7.8,832705124,378048,832705124:378048,Vaseline Gluta Hya Serum Etkili UV Losyon Leke Karşıtı ve Aydınlatıcı 200 ml,Vaseline,Vücut Kremleri,https://www.trendyol.com/vaseline/gluta-hya-serum-etkili-uv-losyon-leke-karsiti-ve-aydinlatici-200-ml-p-832705124?boutiqueId=61&merchantId=378048,Unilever,91,273.7,,,0,TRY,"[""Kargo Bedava""]",InStock,100 adetten fazla stok sunulmuştur,,,,,4.4,1164,593,0,600,"1,4B kişinin sepetinde","56,9B kişi favoriledi",Son 24 saatte 529 kişi görüntüledi,4999,TRY,0,1,1,4,Tahmini Teslim:,Fenomen Seçimi,https://cdn.dsmcdn.com/ty1652/prod/QC/20250319/00/3a247c77-599e-35a5-be2e-3112692c43b8/1_org_zoom.jpg,"{""Form"":""Losyon"",""Ek Özellik"":""Glutensiz"",""Tip"":""Tüp"",""Hacim"":""200 ml"",""Kullanma Amacı"":""Nemlendirici"",""Menşei"":""TR"",""Refill"":""Hayır""}",20,5,refreshed,"[""daily_top""]",true,2026-08-21T12:00:02+03:00,0,"[""search_result_dom"",""product_detail_jsonld"",""product_detail_dom""]","{""title"":""observed"",""brand"":""observed"",""seller_name"":""observed"",""seller_score"":""observed"",""price"":""observed"",""original_price"":""unavailable"",""campaigns"":""observed"",""stock_status"":""observed"",""stock_signal"":""observed"",""rating"":""observed"",""rating_count"":""observed"",""review_count"":""observed"",""question_count"":""observed"",""delivery_summary"":""observed"",""shipping_cost"":""observed"",""properties"":""observed""}",true,
2026-08-21,2026-08-21T12:00:02+03:00,kozmetik,BEST_SELLER,kozmetik-vitrini,Trendyol Kozmetik / En Çok Satan Ürünler,130,10,130,130,7,kozmetik:kozmetik-vitrini,130,-28,22.6,22,152900780,1229664,152900780:1229664,Morfose Saç Spreyi 400 ml Turuncu,Morfose,Saç Spreyi,https://www.trendyol.com/morfose/sac-spreyi-400-ml-turuncu-p-152900780?boutiqueId=61&merchantId=1229664,Pera Global,93,171,,,0,TRY,"[""Kargo Bedava"",""Trendyol Plus'a Özel""]",InStock,100 adetten fazla stok sunulmuştur,Son 3 günde 250+ ürün satıldı!,3,250,83.3,4.6,330,202,1,9,807 kişinin sepetinde,"3,8B kişi favoriledi",Son 24 saatte 369 kişi görüntüledi,4999,TRY,0,1,1,4,Tahmini Teslim:,En Çok Satan 7. Ürün,https://cdn.dsmcdn.com/ty1775/prod/QC_ENRICHMENT/20251017/06/d34549b1-bfa3-36fd-9338-e32f9e959313/1_org_zoom.jpg,"{""Etki"":""Sabit Tutma"",""Tutuculuk / Sertlik"":""Yüksek"",""Hacim"":""400 ml"",""Menşei"":""TR"",""Ürün Güvenliği Bilgisi"":""Sınıf 2 Gazlar""}",20,5,refreshed,"[""daily_top""]",true,2026-08-21T12:00:02+03:00,0,"[""search_result_dom"",""product_detail_jsonld"",""product_detail_dom""]","{""title"":""observed"",""brand"":""observed"",""seller_name"":""observed"",""seller_score"":""observed"",""price"":""observed"",""original_price"":""unavailable"",""campaigns"":""observed"",""stock_status"":""observed"",""stock_signal"":""observed"",""rating"":""observed"",""rating_count"":""observed"",""review_count"":""observed"",""question_count"":""observed"",""delivery_summary"":""observed"",""shipping_cost"":""observed"",""properties"":""observed""}",true,
2026-08-21,2026-08-21T12:00:02+03:00,kozmetik,BEST_SELLER,kozmetik-vitrini,Trendyol Kozmetik / En Çok Satan Ürünler,131,10,131,131,1,kozmetik:kozmetik-vitrini,131,-58,35.4,23.8,802277773,1158462,802277773:1158462,NIVOSHE Ağız Kokusu Giderici Sprey Ağız Kokusu Önleyici Sprey Ağız Kokusu Spreyi Propolis05,NIVOSHE,Ağız Çalkalama Suyu,https://www.trendyol.com/nivoshe/agiz-kokusu-giderici-sprey-agiz-kokusu-onleyici-sprey-agiz-kokusu-spreyi-propolis05-p-802277773?boutiqueId=61&merchantId=1158462,DEVACOS SAĞLIKLI YAŞAM ÜRÜNLERİ,93,392.55,,,6.4,TRY,"[""Kargo Bedava""]",InStock,100 adetten fazla stok sunulmuştur,Son 3 günde 500+ ürün satıldı!,3,500,166.7,4.1,3606,2411,13,1061,"9,3B kişinin sepetinde",252B kişi favoriledi,"Son 24 saatte 1,5B kişi görüntüledi",4999,TRY,0,3,1,6,54 dakika 12 saniye içinde sipariş verirsen en geç bugün kargoda!,En Çok Satan 1. Ürün,https://cdn.dsmcdn.com/ty1859/prod/QC_ENRICHMENT/20260422/14/7f1af759-48aa-33e9-89f1-41f6a063326c/1_org_zoom.jpg,"{""Kullanım Amacı"":""Tam Koruma"",""Hacim"":""50 ml"",""Form"":""Sprey"",""İçerik"":""Alkolsüz"",""Menşei"":""TR""}",20,5,refreshed,"[""daily_top"",""hot_change""]",true,2026-08-21T12:00:02+03:00,0,"[""search_result_dom"",""product_detail_jsonld"",""product_detail_dom""]","{""title"":""observed"",""brand"":""observed"",""seller_name"":""observed"",""seller_score"":""observed"",""price"":""observed"",""original_price"":""unavailable"",""campaigns"":""observed"",""stock_status"":""observed"",""stock_signal"":""observed"",""rating"":""observed"",""rating_count"":""observed"",""review_count"":""observed"",""question_count"":""observed"",""delivery_summary"":""observed"",""shipping_cost"":""observed"",""properties"":""observed""}",true,
2026-08-21,2026-08-21T12:00:02+03:00,kozmetik,BEST_SELLER,kozmetik-vitrini,Trendyol Kozmetik / En Çok Satan Ürünler,132,10,132,132,,kozmetik:kozmetik-vitrini,132,-25,41.1,20.8,41161878,113082,41161878:113082,Tala Karınca Yumurtası Yağı Tüy Azaltıcı Tüy İnceltici Tüy Dökücü 20 Ml,Tala,Bakım Yağları,https://www.trendyol.com/tala/karinca-yumurtasi-yagi-tuy-azaltici-tuy-inceltici-tuy-dokucu-20-ml-p-41161878?boutiqueId=61&merchantId=113082,Tala,,180.4,,,0,TRY,"[""Kargo Bedava"",""Trendyol Plus'a Özel""]",InStock,100 adetten fazla stok sunulmuştur,Son 3 günde 500+ ürün satıldı!,3,500,166.7,4.2,23453,12517,-4,3904,"5,6B kişinin sepetinde",431B kişi favoriledi,Son 24 saatte 810 kişi görüntüledi,4999,TRY,0,,1,4,54 dakika 8 saniye içinde sipariş verirsen en geç bugün kargoda!,,https://cdn.dsmcdn.com/ty1666/product/media/images/prod/PIM/20250423/19/1d9652f1-21a1-4423-b333-0e5577c7202a/1_org_zoom.jpg,"{""Hacim"":""20 ml"",""Menşei"":""TR"",""Ürün Güvenliği Bilgisi"":""Tehlikeli Değil""}",20,5,refreshed,"[""daily_top""]",true,2026-08-21T12:00:02+03:00,0,"[""search_result_dom"",""product_detail_jsonld"",""product_detail_dom""]","{""title"":""observed"",""brand"":""observed"",""seller_name"":""observed"",""seller_score"":""unavailable"",""price"":""observed"",""original_price"":""unavailable"",""campaigns"":""observed"",""stock_status"":""observed"",""stock_signal"":""observed"",""rating"":""observed"",""rating_count"":""observed"",""review_count"":""observed"",""question_count"":""observed"",""delivery_summary"":""observed"",""shipping_cost"":""observed"",""properties"":""observed""}",true,
2026-08-21,2026-08-21T12:00:02+03:00,kozmetik,BEST_SELLER,kozmetik-vitrini,Trendyol Kozmetik / En Çok Satan Ürünler,133,10,133,133,,kozmetik:kozmetik-vitrini,133,46,25.6,4.4,774047010,4473,774047010:4473,Flormar Besleyici ve Güçlendirici Tırnak Bakım Yağı - Nourishing Oil Vitamin Nail Care - 000 - 8682536059190,Flormar,Tırnak Bakım,https://www.trendyol.com/flormar/besleyici-ve-guclendirici-tirnak-bakim-yagi-nourishing-oil-vitamin-nail-care-000-8682536059190-p-774047010?boutiqueId=61&merchantId=4473,Flormar,,142.49,,,0,TRY,"[""Kargo Bedava"",""Trendyol Plus'a Özel""]",InStock,100 adetten fazla stok sunulmuştur,,,,,4.6,3077,1562,0,296,2B kişinin sepetinde,"71,3B kişi favoriledi",Son 24 saatte 381 kişi görüntüledi,4999,TRY,0,,1,4,Tahmini Teslim:,,https://cdn.dsmcdn.com/ty1645/prod/QC/20250304/15/d066ea0a-326c-30b7-9695-661a858b95ed/1_org_zoom.jpg,"{""Menşei"":""FR"",""Renk"":""Beyaz""}",20,5,refreshed,"[""daily_top""]",true,2026-08-21T12:00:02+03:00,0,"[""search_result_dom"",""product_detail_jsonld"",""product_detail_dom""]","{""title"":""observed"",""brand"":""observed"",""seller_name"":""observed"",""seller_score"":""unavailable"",""price"":""observed"",""original_price"":""unavailable"",""campaigns"":""observed"",""stock_status"":""observed"",""stock_signal"":""observed"",""rating"":""observed"",""rating_count"":""observed"",""review_count"":""observed"",""question_count"":""observed"",""delivery_summary"":""observed"",""shipping_cost"":""observed"",""properties"":""observed""}",true,
2026-08-21,2026-08-21T12:00:02+03:00,kozmetik,BEST_SELLER,kozmetik-vitrini,Trendyol Kozmetik / En Çok Satan Ürünler,134,10,134,134,,kozmetik:kozmetik-vitrini,134,10,45.6,47.8,1090635124,1279865,1090635124:1279865,Embeauty Keratin Boost Onarıcı Dolgunlaştırıcı Saç Bakım Kremi 200 ml,Embeauty,Saç Kremi,https://www.trendyol.com/embeauty/keratin-boost-onarici-dolgunlastirici-sac-bakim-kremi-200-ml-p-1090635124?boutiqueId=61&merchantId=1279865,Viel Kozmetik,9,266.31,280.56,5.1,0,TRY,"[""Son 10 Günün En Düşük Fiyatı"",""Kargo Bedava"",""Son 10 günün en düşük fiyatı"",""Trendyol Plus'a Özel""]",InStock,100 adetten fazla stok sunulmuştur,Son 3 günde 1B+ ürün satıldı!,3,1000,333.3,4.4,1804,952,10,279,9B kişinin sepetinde,"41,2B kişi favoriledi","Son 24 saatte 1,7B kişi görüntüledi",4999,TRY,0,1,1,4,Tahmini Teslim:,,https://cdn.dsmcdn.com/ty1827/prod/QC_ENRICHMENT/20260220/15/54af0967-18de-3714-81d8-b411dc68be6e/1_org_zoom.jpg,"{""Özellik"":""Sülfatsız"",""Saç Tipi"":""Tüm Saç Tipleri"",""Form"":""Krem"",""Etki"":""Besleyici / Onarıcı"",""Hacim"":""200 ml"",""Menşei"":""TR"",""Ürün Güvenliği Bilgisi"":""Tehlikeli Değil""}",20,5,refreshed,"[""daily_top""]",true,2026-08-21T12:00:02+03:00,0,"[""search_result_dom"",""product_detail_jsonld"",""product_detail_dom""]","{""title"":""observed"",""brand"":""observed"",""seller_name"":""observed"",""seller_score"":""observed"",""price"":""observed"",""original_price"":""observed"",""campaigns"":""observed"",""stock_status"":""observed"",""stock_signal"":""observed"",""rating"":""observed"",""rating_count"":""observed"",""review_count"":""observed"",""question_count"":""observed"",""delivery_summary"":""observed"",""shipping_cost"":""observed"",""properties"":""observed""}",true,
2026-08-21,2026-08-21T12:00:02+03:00,kozmetik,BEST_SELLER,kozmetik-vitrini,Trendyol Kozmetik / En Çok Satan Ürünler,135,10,135,135,10,kozmetik:kozmetik-vitrini,135,,61.4,22.8,898551092,365501,898551092:365501,La Roche Posay Anthelios Uvmune Anti Dark Spots Fluid Lekeli Ciltler İçin Yüksek Koruma SPF50+ Yüz Güneş Kremi 50ml,La Roche Posay,Yüz Güneş Kremi,https://www.trendyol.com/la-roche-posay/anthelios-uvmune-anti-dark-spots-fluid-lekeli-ciltler-icin-yuksek-koruma-spf50-yuz-gunes-kremi-50ml-p-898551092?boutiqueId=61&merchantId=365501,La Roche Posay,,824.92,1099.9,25,,TRY,"[""Sepette %25 İndirim"",""Kargo Bedava""]",InStock,100 adetten fazla stok sunulmuştur,Son 3 günde 500+ ürün satıldı!,3,500,166.7,4.2,6161,3189,,2172,"8,2B kişinin sepetinde","304,7B kişi favoriledi","Son 24 saatte 3,4B kişi görüntüledi",4999,TRY,0,,1,4,Tahmini Teslim:,En Çok Satan 10. Ürün,https://cdn.dsmcdn.com/ty1945/prod/QC_ENRICHMENT/20260819/12/7385dd29-7334-32d2-bef6-8e9ab4c1ebff/1_org_zoom.jpg,"{""Form"":""Krem"",""SPF"":""SPF 50 +"",""Cilt Tipi"":""Tüm Cilt Tipleri"",""Tip"":""Şişe"",""Ek Özellik"":""Alkol İçermez"",""Hacim"":""50 ml"",""Görünüm"":""Renksiz"",""Kullanma Amacı"":""Leke Karşıtı Bakım"",""Yaşlanma Karşıtı"":""Hayır"",""Menşei"":""FR"",""Kutu Durumu"":""Kutu yok"",""Ürün Güvenliği Bilgisi"":""Tehlikeli Değil""}",20,5,refreshed,"[""daily_top""]",true,2026-08-21T12:00:02+03:00,0,"[""search_result_dom"",""product_detail_jsonld"",""product_detail_dom""]","{""title"":""observed"",""brand"":""observed"",""seller_name"":""observed"",""seller_score"":""unavailable"",""price"":""observed"",""original_price"":""observed"",""campaigns"":""observed"",""stock_status"":""observed"",""stock_signal"":""observed"",""rating"":""observed"",""rating_count"":""observed"",""review_count"":""observed"",""question_count"":""observed"",""delivery_summary"":""observed"",""shipping_cost"":""observed"",""properties"":""observed""}",true,
2026-08-21,2026-08-21T12:00:02+03:00,kozmetik,BEST_SELLER,kozmetik-vitrini,Trendyol Kozmetik / En Çok Satan Ürünler,136,10,136,136,,kozmetik:kozmetik-vitrini,136,,32.4,10.9,917331073,361197,917331073:361197,"Dr.Melaxin TX CREAM Derin Koyu Lekeler, Güneş Lekeleri İçin Anti Melasma Leke Kremi&Ton Eşitleyici 50ml",Dr.Melaxin,Yüz Kremi,https://www.trendyol.com/dr-melaxin/tx-cream-derin-koyu-lekeler-gunes-lekeleri-icin-anti-melasma-leke-kremi-ton-esitleyici-50ml-p-917331073?boutiqueId=61&merchantId=361197,7co,95,1299,1499,13.3,,TRY,"[""50 TL Kupon"",""Kargo Bedava""]",InStock,100 adetten fazla stok sunulmuştur,,,,,4.5,374,246,,184,"5,8B kişinin sepetinde",88B kişi favoriledi,"Son 24 saatte 2,1B kişi görüntüledi",4999,TRY,0,,1,4,1 saat 54 dakika içinde sipariş verirsen en geç bugün kargoda!,,https://cdn.dsmcdn.com/ty1807/prod/QC_ENRICHMENT/20251230/00/fd848e3f-9b2d-35f5-bb66-c79aaee4dc70/1_org_zoom.jpg,"{""Cilt Tipi"":""Tüm Cilt Tipleri"",""Ek Özellik"":""Aydınlatma"",""İçerik"":""Niacinamide"",""SPF"":""Korumasız"",""Hacim"":""50 ml"",""Tip"":""Tüp"",""Kullanma Amacı"":""Leke Karşıtı Bakım"",""Form"":""Krem"",""Yaşlanma Karşıtı"":""Evet"",""Menşei"":""KR"",""Refill"":""Hayır""}",20,5,refreshed,"[""daily_top""]",true,2026-08-21T12:00:02+03:00,0,"[""search_result_dom"",""product_detail_jsonld"",""product_detail_dom""]","{""title"":""observed"",""brand"":""observed"",""seller_name"":""observed"",""seller_score"":""observed"",""price"":""observed"",""original_price"":""observed"",""campaigns"":""observed"",""stock_status"":""observed"",""stock_signal"":""observed"",""rating"":""observed"",""rating_count"":""observed"",""review_count"":""observed"",""question_count"":""observed"",""delivery_summary"":""observed"",""shipping_cost"":""observed"",""properties"":""observed""}",true,
2026-08-21,2026-08-21T12:00:02+03:00,kozmetik,BEST_SELLER,kozmetik-vitrini,Trendyol Kozmetik / En Çok Satan Ürünler,137,10,137,137,6,kozmetik:kozmetik-vitrini,137,,75.2,10.6,1019844997,529402,1019844997:529402,New Well Nue X Silkly Matte Lipstick Nude Pembe 01,New Well,,https://www.trendyol.com/new-well/nue-x-silkly-matte-lipstick-nude-pembe-01-p-1019844997?boutiqueId=61&merchantId=529402,NEW WELL,94,154.54,349.9,55.8,,TRY,"[""Son 10 Günün En Düşük Fiyatı"",""Kargo Bedava"",""Son 10 günün en düşük fiyatı""]",InStock,10 adetten fazla stok sunulmuştur,,,,,4.5,267,,,19,398 kişinin sepetinde,"5,6B kişi favoriledi",Son 24 saatte 543 kişi görüntüledi,,,0,,,,Tahmini Teslim:,,,{},0,,refreshed,"[""daily_top""]",true,2026-08-21T12:00:02+03:00,0,"[""search_result_dom"",""product_detail_jsonld"",""product_detail_dom""]","{""title"":""observed"",""brand"":""observed"",""seller_name"":""observed"",""seller_score"":""observed"",""price"":""observed"",""original_price"":""observed"",""campaigns"":""observed"",""stock_status"":""observed"",""stock_signal"":""observed"",""rating"":""observed"",""rating_count"":""observed"",""review_count"":""unavailable"",""question_count"":""observed"",""delivery_summary"":""observed"",""shipping_cost"":""unavailable"",""properties"":""observed""}",true,
2026-08-21,2026-08-21T12:00:02+03:00,kozmetik,BEST_SELLER,kozmetik-vitrini,Trendyol Kozmetik / En Çok Satan Ürünler,138,10,138,138,,kozmetik:kozmetik-vitrini,138,1,47.1,41.7,851615150,107302,851615150:107302,Sinoz Pink Touch Anında Ton Eşitleyici Leke Karşıtı SPF50+ Pembe Sıvı Yüz Güneş Kremi PA++++ 50ml,Sinoz,Yüz Güneş Kremi,https://www.trendyol.com/sinoz/pink-touch-aninda-ton-esitleyici-leke-karsiti-spf50-pembe-sivi-yuz-gunes-kremi-pa-50ml-p-851615150?boutiqueId=61&merchantId=107302,Sinoz Kozmetik,94,499,,,3.2,TRY,"[""Kargo Bedava""]",InStock,100 adetten fazla stok sunulmuştur,Son 3 günde 1B+ ürün satıldı!,3,1000,333.3,4.4,13928,6410,9,2422,"17,3B kişinin sepetinde","576,7B kişi favoriledi","Son 24 saatte 3,4B kişi görüntüledi",4999,TRY,0,3,1,6,11 saat 53 dakika içinde sipariş verirsen en geç yarın kargoda!,En Çok Favorilenen 6. Ürün,https://cdn.dsmcdn.com/ty1000423/product/media/images/prod/PIM/20260731/11/bd542a02-3ab9-4a28-863e-7e3974237d65/1_org_zoom.jpg,"{""Form"":""Krem"",""SPF"":""SPF 50 +"",""Cilt Tipi"":""Tüm Cilt Tipleri"",""Tip"":""Tüp"",""Ek Özellik"":""Vegan"",""Hacim"":""50 ml"",""Görünüm"":""Renkli"",""Kullanma Amacı"":""Nemlendirici"",""Yaşlanma Karşıtı"":""Evet"",""Menşei"":""TR"",""Kutu Durumu"":""Kutulu"",""Ürün Güvenliği Bilgisi"":""Tehlikeli Değil""}",20,5,refreshed,"[""daily_top""]",true,2026-08-21T12:00:02+03:00,0,"[""search_result_dom"",""product_detail_jsonld"",""product_detail_dom""]","{""title"":""observed"",""brand"":""observed"",""seller_name"":""observed"",""seller_score"":""observed"",""price"":""observed"",""original_price"":""unavailable"",""campaigns"":""observed"",""stock_status"":""observed"",""stock_signal"":""observed"",""rating"":""observed"",""rating_count"":""observed"",""review_count"":""observed"",""question_count"":""observed"",""delivery_summary"":""observed"",""shipping_cost"":""observed"",""properties"":""observed""}",true,
2026-08-21,2026-08-21T12:00:02+03:00,kozmetik,BEST_SELLER,kozmetik-vitrini,Trendyol Kozmetik / En Çok Satan Ürünler,139,11,139,139,3,kozmetik:kozmetik-vitrini,139,,28.9,30.3,1145365033,691163,1145365033:691163,VULLY Glow Libera Argan yağlı besleyici ve Panthenol içerikli ışıltı veren Saç Parfümü 100 Ml,VULLY,Saç Parfümü,https://www.trendyol.com/vully/glow-libera-argan-yagli-besleyici-ve-panthenol-icerikli-isilti-veren-sac-parfumu-100-ml-p-1145365033?boutiqueId=61&merchantId=691163,SoWhat Kozmetik,92,699,,,,TRY,"[""Kargo Bedava"",""Trendyol Plus'a Özel""]",InStock,Son 2 Ürün,Son 3 günde 500+ ürün satıldı!,3,500,166.7,4,695,366,,34,"8,6B kişinin sepetinde","70,5B kişi favoriledi","Son 24 saatte 1,2B kişi görüntüledi",4999,TRY,0,3,1,6,Tahmini Teslim:,En Çok Satan 3. Ürün,https://cdn.dsmcdn.com/ty1940/prod/QC_ENRICHMENT/20260514/20/53346af0-5341-3948-a5b1-83f109816d76/1_org_zoom.jpg,{},20,5,refreshed,"[""daily_top""]",true,2026-08-21T12:00:02+03:00,0,"[""search_result_dom"",""product_detail_jsonld"",""product_detail_dom""]","{""title"":""observed"",""brand"":""observed"",""seller_name"":""observed"",""seller_score"":""observed"",""price"":""observed"",""original_price"":""unavailable"",""campaigns"":""observed"",""stock_status"":""observed"",""stock_signal"":""observed"",""rating"":""observed"",""rating_count"":""observed"",""review_count"":""observed"",""question_count"":""observed"",""delivery_summary"":""observed"",""shipping_cost"":""observed"",""properties"":""observed""}",true,
2026-08-21,2026-08-21T12:00:02+03:00,kozmetik,BEST_SELLER,kozmetik-vitrini,Trendyol Kozmetik / En Çok Satan Ürünler,140,11,140,140,7,kozmetik:kozmetik-vitrini,140,-6,46.3,42,456483016,650379,456483016:650379,Holika Holika Aloe Soothing Essence Waterproof Sun Cream Spf50 - Aloe Yatıştırıcı Özlü Güneş Kremi 70ml,Holika Holika,Yüz Güneş Kremi,https://www.trendyol.com/holika-holika/aloe-soothing-essence-waterproof-sun-cream-spf50-aloe-yatistirici-ozlu-gunes-kremi-70ml-p-456483016?boutiqueId=61&merchantId=650379,Ledoria Kozmetik,89,634.34,,,0,TRY,"[""Kargo Bedava""]",InStock,100 adetten fazla stok sunulmuştur,Son 3 günde 1B+ ürün satıldı!,3,1000,333.3,4.6,8402,5081,4,2241,2B kişinin sepetinde,"249,7B kişi favoriledi",Son 24 saatte 4B kişi görüntüledi,4999,TRY,0,1,1,4,11 saat 53 dakika içinde sipariş verirsen en geç yarın kargoda!,En Çok Satan 7. Ürün,https://cdn.dsmcdn.com/ty1858/prod/QC_ENRICHMENT/20260422/13/f704750a-58d2-37dd-9dea-ac4f3703d3a2/1_org_zoom.jpg,"{""Form"":""Krem"",""SPF"":""SPF 50 +"",""Cilt Tipi"":""Tüm Cilt Tipleri"",""Tip"":""Tüp"",""Hacim"":""70 ml"",""Görünüm"":""Renksiz"",""Kullanma Amacı"":""Nemlendirici"",""Yaşlanma Karşıtı"":""Hayır"",""Menşei"":""KR"",""Kutu Durumu"":""Kutu yok""}",20,5,refreshed,"[""daily_top""]",true,2026-08-21T12:00:02+03:00,0,"[""search_result_dom"",""product_detail_jsonld"",""product_detail_dom""]","{""title"":""observed"",""brand"":""observed"",""seller_name"":""observed"",""seller_score"":""observed"",""price"":""observed"",""original_price"":""unavailable"",""campaigns"":""observed"",""stock_status"":""observed"",""stock_signal"":""observed"",""rating"":""observed"",""rating_count"":""observed"",""review_count"":""observed"",""question_count"":""observed"",""delivery_summary"":""observed"",""shipping_cost"":""observed"",""properties"":""observed""}",true,
2026-08-21,2026-08-21T12:00:02+03:00,kozmetik,BEST_SELLER,kozmetik-vitrini,Trendyol Kozmetik / En Çok Satan Ürünler,141,11,141,141,1,kozmetik:kozmetik-vitrini,141,-23,79,20.8,3706799,370301,3706799:370301,Wefood Organik Hindistan Cevizi Yağı 150 ml (Soğuk Sıkım),Wefood,Hindistan Cevizi Yağı,https://www.trendyol.com/wefood/organik-hindistan-cevizi-yagi-150-ml-soguk-sikim-p-3706799?boutiqueId=61&merchantId=370301,Wefood,,390,650,40,37.3,TRY,"[""Sepette %40 İndirim"",""Kargo Bedava""]",InStock,100 adetten fazla stok sunulmuştur,Son 3 günde 500+ ürün satıldı!,3,500,166.7,4.6,12619,6817,17,2340,"5,8B kişinin sepetinde","285,5B kişi favoriledi",Son 24 saatte 1B kişi görüntüledi,4999,TRY,0,1,1,4,1 saat 53 dakika içinde sipariş verirsen en geç bugün kargoda!,En Çok Satan 1. Ürün,https://cdn.dsmcdn.com/ty1000404/product/media/images/prod/PIM/20260602/13/bc050f0f-3638-4598-8cc0-d651895ce211/1_org_zoom.jpg,"{""Menşei"":""SR""}",20,5,refreshed,"[""daily_top""]",true,2026-08-21T12:00:02+03:00,0,"[""search_result_dom"",""product_detail_jsonld"",""product_detail_dom""]","{""title"":""observed"",""brand"":""observed"",""seller_name"":""observed"",""seller_score"":""unavailable"",""price"":""observed"",""original_price"":""observed"",""campaigns"":""observed"",""stock_status"":""observed"",""stock_signal"":""observed"",""rating"":""observed"",""rating_count"":""observed"",""review_count"":""observed"",""question_count"":""observed"",""delivery_summary"":""observed"",""shipping_cost"":""observed"",""properties"":""observed""}",true,
2026-08-21,2026-08-21T12:00:02+03:00,kozmetik,BEST_SELLER,kozmetik-vitrini,Trendyol Kozmetik / En Çok Satan Ürünler,142,11,142,142,1,kozmetik:kozmetik-vitrini,142,-16,28.2,23.1,1120452505,1072750,1120452505:1072750,"7GO 7GMF1 Şarjlı Ağız Duşu (Water Flosser) – 300ml Su Haznesi, 5 Başlıklı IPX6 Su Geçirmez Diş Temiz",7GO,Ağız Duşu,https://www.trendyol.com/7go/7gmf1-sarjli-agiz-dusu-water-flosser-300ml-su-haznesi-5-baslikli-ipx6-su-gecirmez-dis-temiz-p-1120452505?boutiqueId=61&merchantId=1072750,7GO,7,1399,1499,6.7,0,TRY,"[""Kargo Bedava"",""Peşin Fiyatına 3 Taksit""]",InStock,100 adetten fazla stok sunulmuştur,Son 3 günde 250+ ürün satıldı!,3,250,83.3,4.4,282,146,2,163,"2,2B kişinin sepetinde","24,9B kişi favoriledi","Son 24 saatte 1,5B kişi görüntüledi",4999,TRY,0,,1,3,53 dakika 52 saniye içinde sipariş verirsen en geç bugün kargoda!,En Çok Satan 1. Ürün,https://cdn.dsmcdn.com/ty1854/prod/QC_ENRICHMENT/20260415/18/ea52cffa-3292-3baf-8fe1-e7d6292a1324/1_org_zoom.jpg,{},20,5,refreshed,"[""daily_top""]",true,2026-08-21T12:00:02+03:00,0,"[""search_result_dom"",""product_detail_jsonld"",""product_detail_dom""]","{""title"":""observed"",""brand"":""observed"",""seller_name"":""observed"",""seller_score"":""observed"",""price"":""observed"",""original_price"":""observed"",""campaigns"":""observed"",""stock_status"":""observed"",""stock_signal"":""observed"",""rating"":""observed"",""rating_count"":""observed"",""review_count"":""observed"",""question_count"":""observed"",""delivery_summary"":""observed"",""shipping_cost"":""observed"",""properties"":""observed""}",true,
2026-08-21,2026-08-21T12:00:02+03:00,kozmetik,BEST_SELLER,kozmetik-vitrini,Trendyol Kozmetik / En Çok Satan Ürünler,143,11,143,143,,kozmetik:kozmetik-vitrini,143,-10,25.2,33.9,1053255031,1257068,1053255031:1257068,"Genel Markalar Saç Şekillendirici Sihirli Tarak, Dalgalı ve Kıvırcık Saçlar için Mucizevi Tasarım",Genel Markalar,Saç Fırçası ve Tarak,https://www.trendyol.com/genel-markalar/sac-sekillendirici-sihirli-tarak-dalgali-ve-kivircik-saclar-icin-mucizevi-tasarim-p-1053255031?boutiqueId=61&merchantId=1257068,Zerina Saç Aksesuar,9,13,,,0,TRY,"[""Kargo Bedava""]",InStock,100 adetten fazla stok sunulmuştur,Son 3 günde 500+ ürün satıldı!,3,500,166.7,3.5,341,129,2,107,"2,6B kişinin sepetinde","19,5B kişi favoriledi","Son 24 saatte 1,2B kişi görüntüledi",4999,TRY,0,1,1,4,Tahmini Teslim:,,https://cdn.dsmcdn.com/ty1793/prod/QC_PREP/20251119/23/961ce7e4-7143-3282-9634-86e884eb367d/1_org_zoom.jpg,"{""Renk"":""Siyah"",""Tip"":""Tarak"",""Menşei"":""TR"",""Bakım Talimatları (Genel)"":""Nemli bir bezle silin.""}",20,5,refreshed,"[""daily_top""]",true,2026-08-21T12:00:02+03:00,0,"[""search_result_dom"",""product_detail_jsonld"",""product_detail_dom""]","{""title"":""observed"",""brand"":""observed"",""seller_name"":""observed"",""seller_score"":""observed"",""price"":""observed"",""original_price"":""unavailable"",""campaigns"":""observed"",""stock_status"":""observed"",""stock_signal"":""observed"",""rating"":""observed"",""rating_count"":""observed"",""review_count"":""observed"",""question_count"":""observed"",""delivery_summary"":""observed"",""shipping_cost"":""observed"",""properties"":""observed""}",true,
2026-08-21,2026-08-21T12:00:02+03:00,kozmetik,BEST_SELLER,kozmetik-vitrini,Trendyol Kozmetik / En Çok Satan Ürünler,144,11,144,144,10,kozmetik:kozmetik-vitrini,144,,23.8,13.9,952200188,104751,952200188:104751,Bade Natural Papatya Suyu Saç Toniği Doğal Işıltı Etkili Saç Açıcı %100 Doğal 150 ml,Bade Natural,Saç Toniği,https://www.trendyol.com/bade-natural/papatya-suyu-sac-tonigi-dogal-isilti-etkili-sac-acici-100-dogal-150-ml-p-952200188?boutiqueId=61&merchantId=104751,Bade Natural,,257.94,279.4,7.7,,TRY,"[""Son 10 Günün En Düşük Fiyatı"",""Sepette %10 İndirim"",""Kargo Bedava"",""Son 10 günün en düşük fiyatı""]",InStock,100 adetten fazla stok sunulmuştur,,,,,4.5,198,102,,98,"1,3B kişinin sepetinde",16B kişi favoriledi,Son 24 saatte 664 kişi görüntüledi,4999,TRY,0,1,1,4,Tahmini Teslim:,En Çok Satan 10. Ürün,https://cdn.dsmcdn.com/ty1000033/product/media/images/prod/PIM/20251107/03/8994e207-a967-4d8c-9c05-30ff2b6d090e/1_org_zoom.jpg,"{""Hacim"":""150 ml"",""Menşei"":""TR"",""Ürün Güvenliği Bilgisi"":""Tehlikeli Değil""}",20,5,refreshed,"[""daily_top""]",true,2026-08-21T12:00:02+03:00,0,"[""search_result_dom"",""product_detail_jsonld"",""product_detail_dom""]","{""title"":""observed"",""brand"":""observed"",""seller_name"":""observed"",""seller_score"":""unavailable"",""price"":""observed"",""original_price"":""observed"",""campaigns"":""observed"",""stock_status"":""observed"",""stock_signal"":""observed"",""rating"":""observed"",""rating_count"":""observed"",""review_count"":""observed"",""question_count"":""observed"",""delivery_summary"":""observed"",""shipping_cost"":""observed"",""properties"":""observed""}",true,
2026-08-21,2026-08-21T12:00:02+03:00,kozmetik,BEST_SELLER,kozmetik-vitrini,Trendyol Kozmetik / En Çok Satan Ürünler,145,11,145,145,,kozmetik:kozmetik-vitrini,145,-42,28.3,1.7,6056683,197243,6056683:197243,RODEO 3033 Profesyonel Topuz Fırçası,RODEO,Saç Fırçası ve Tarak,https://www.trendyol.com/rodeo/3033-profesyonel-topuz-fircasi-p-6056683?boutiqueId=61&merchantId=197243,kozmopol,94,150.95,,,0,TRY,"[""Sepette %41 İndirim"",""Kargo Bedava"",""Son 10 Günün En Düşük Fiyatı"",""Trendyol Plus'a Özel""]",InStock,100 adetten fazla stok sunulmuştur,,,,,4.5,6478,3480,-8,111,"1,3B kişinin sepetinde",140B kişi favoriledi,Son 24 saatte 448 kişi görüntüledi,4999,TRY,0,1,1,4,Tahmini Teslim:,En Çok Favorilenen 1. Ürün,https://cdn.dsmcdn.com/ty1625/prod/QC/20250115/01/d3c606af-5ba8-3d8e-886a-fae5c4fbf452/1_org_zoom.jpg,"{""Renk"":""Siyah"",""Tip"":""Topuz Fırçası"",""Menşei"":""TR"",""Bakım Talimatları (Genel)"":""Ürünün kullanım ömrünü korumak için ürüne özel bakım talimatlarını takip ediniz.""}",20,5,refreshed,"[""daily_top""]",true,2026-08-21T12:00:02+03:00,0,"[""search_result_dom"",""product_detail_jsonld"",""product_detail_dom""]","{""title"":""observed"",""brand"":""observed"",""seller_name"":""observed"",""seller_score"":""observed"",""price"":""observed"",""original_price"":""unavailable"",""campaigns"":""observed"",""stock_status"":""observed"",""stock_signal"":""observed"",""rating"":""observed"",""rating_count"":""observed"",""review_count"":""observed"",""question_count"":""observed"",""delivery_summary"":""observed"",""shipping_cost"":""observed"",""properties"":""observed""}",true,
2026-08-21,2026-08-21T12:00:02+03:00,kozmetik,BEST_SELLER,kozmetik-vitrini,Trendyol Kozmetik / En Çok Satan Ürünler,146,11,146,146,2,kozmetik:kozmetik-vitrini,146,,66.7,19.1,1053088870,529402,1053088870:529402,New Well Glow Creamy Highlighter Doğal Işıltılı Krem Aydınlatıcı 30 ML Sandstone 04,New Well,,https://www.trendyol.com/new-well/glow-creamy-highlighter-dogal-isiltili-krem-aydinlatici-30-ml-sandstone-04-p-1053088870?boutiqueId=61&merchantId=529402,NEW WELL,94,293.84,499.9,41.2,,TRY,"[""50 TL Kupon"",""Son 10 Günün En Düşük Fiyatı"",""Süper Fırsat Ürünü"",""Kargo Bedava"",""Son 10 günün en düşük fiyatı""]",InStock,100 adetten fazla stok sunulmuştur,Son 3 günde 250+ ürün satıldı!,3,250,83.3,4.1,462,,,136,"7,2B kişinin sepetinde","32,9B kişi favoriledi","Son 24 saatte 1,8B kişi görüntüledi",,,0,,,,Tahmini Teslim:,En Çok Satan 2. Ürün,,{},0,,refreshed,"[""daily_top""]",true,2026-08-21T12:00:02+03:00,0,"[""search_result_dom"",""product_detail_jsonld"",""product_detail_dom""]","{""title"":""observed"",""brand"":""observed"",""seller_name"":""observed"",""seller_score"":""observed"",""price"":""observed"",""original_price"":""observed"",""campaigns"":""observed"",""stock_status"":""observed"",""stock_signal"":""observed"",""rating"":""observed"",""rating_count"":""observed"",""review_count"":""unavailable"",""question_count"":""observed"",""delivery_summary"":""observed"",""shipping_cost"":""unavailable"",""properties"":""observed""}",true,
2026-08-21,2026-08-21T12:00:02+03:00,kozmetik,BEST_SELLER,kozmetik-vitrini,Trendyol Kozmetik / En Çok Satan Ürünler,147,11,147,147,,kozmetik:kozmetik-vitrini,147,,78.4,30.8,1157874477,856334,1157874477:856334,ÖZDEN ÖZDOĞAN Pink Touch Tone-Up SPF 50 PA+++ Ton Eşitleyici Güneş Kremi 50 ml,ÖZDEN ÖZDOĞAN,Yüz Güneş Kremi,https://www.trendyol.com/ozden-ozdogan/pink-touch-tone-up-spf-50-pa-ton-esitleyici-gunes-kremi-50-ml-p-1157874477?boutiqueId=61&merchantId=856334,ÖZDEN ÖZDOĞAN,,274.99,549.99,50,,TRY,"[""Sepette %50 İndirim"",""Kargo Bedava""]",InStock,100 adetten fazla stok sunulmuştur,Son 3 günde 500+ ürün satıldı!,3,500,166.7,4.4,550,320,,137,"4,9B kişinin sepetinde","18,5B kişi favoriledi","Son 24 saatte 3,7B kişi görüntüledi",4999,TRY,0,1,1,4,Tahmini Teslim:,,https://cdn.dsmcdn.com/ty1919/prod/QC_ENRICHMENT/20260618/17/c6e39ba7-54e4-336e-9179-6565ec14fcef/1_org_zoom.jpg,"{""Form"":""Krem"",""SPF"":""SPF 50 +"",""Cilt Tipi"":""Tüm Cilt Tipleri"",""Tip"":""Şişe"",""Hacim"":""50 ml"",""Görünüm"":""Renkli"",""Kullanma Amacı"":""Aydınlatıcı"",""Menşei"":""TR"",""Kutu Durumu"":""Kutulu""}",20,5,refreshed,"[""daily_top""]",true,2026-08-21T12:00:02+03:00,0,"[""search_result_dom"",""product_detail_jsonld"",""product_detail_dom""]","{""title"":""observed"",""brand"":""observed"",""seller_name"":""observed"",""seller_score"":""unavailable"",""price"":""observed"",""original_price"":""observed"",""campaigns"":""observed"",""stock_status"":""observed"",""stock_signal"":""observed"",""rating"":""observed"",""rating_count"":""observed"",""review_count"":""observed"",""question_count"":""observed"",""delivery_summary"":""observed"",""shipping_cost"":""observed"",""properties"":""observed""}",true,
2026-08-21,2026-08-21T12:00:02+03:00,kozmetik,BEST_SELLER,kozmetik-vitrini,Trendyol Kozmetik / En Çok Satan Ürünler,148,11,148,148,,kozmetik:kozmetik-vitrini,148,-56,18.1,11.9,988853059,105008,988853059:105008,"Bioderma Sebium Kerato+ Body Sivilce, Akne Lekesi Karşıtı Salisilik Asit Niasinamid İçeren Vücut Spreyi 150ml",Bioderma,Vücut Kremleri,https://www.trendyol.com/bioderma/sebium-kerato-body-sivilce-akne-lekesi-karsiti-salisilik-asit-niasinamid-iceren-vucut-spreyi-150ml-p-988853059?boutiqueId=61&merchantId=105008,Recete,94,1841.65,,,0,TRY,"[""Kargo Bedava"",""Trendyol Plus'a Özel""]",InStock,100 adetten fazla stok sunulmuştur,,,,,4.2,334,182,1,109,"7,2B kişinin sepetinde","134,2B kişi favoriledi","Son 24 saatte 2,9B kişi görüntüledi",4999,TRY,0,,1,4,2 saat 53 dakika içinde sipariş verirsen en geç bugün kargoda!,En Çok Ziyaret Edilen 6. Ürün,https://cdn.dsmcdn.com/ty1000319/product/media/images/prod/PIM/20260225/14/18a468f5-fba6-4e37-8a50-61838dcd1746/1_org_zoom.jpg,"{""Form"":""Losyon"",""Tip"":""Sprey"",""Hacim"":""150 ml"",""Kullanma Amacı"":""Nemlendirici"",""Menşei"":""FR"",""Refill"":""Hayır""}",20,5,refreshed,"[""daily_top"",""hot_change""]",true,2026-08-21T12:00:02+03:00,0,"[""search_result_dom"",""product_detail_jsonld"",""product_detail_dom""]","{""title"":""observed"",""brand"":""observed"",""seller_name"":""observed"",""seller_score"":""observed"",""price"":""observed"",""original_price"":""unavailable"",""campaigns"":""observed"",""stock_status"":""observed"",""stock_signal"":""observed"",""rating"":""observed"",""rating_count"":""observed"",""review_count"":""observed"",""question_count"":""observed"",""delivery_summary"":""observed"",""shipping_cost"":""observed"",""properties"":""observed""}",true,
2026-08-21,2026-08-21T12:00:02+03:00,kozmetik,BEST_SELLER,kozmetik-vitrini,Trendyol Kozmetik / En Çok Satan Ürünler,149,11,149,149,7,kozmetik:kozmetik-vitrini,149,-68,37.5,3.5,364398765,591337,364398765:591337,LET'SCRUB Yavruağzı Yüz Kesesi Floş Ipek Peeling Eldiveni Hassas Ciltler Için 1 Adet,LET'SCRUB,Banyo Lifi ve Süngeri,https://www.trendyol.com/let-scrub/yavruagzi-yuz-kesesi-flos-ipek-peeling-eldiveni-hassas-ciltler-icin-1-adet-p-364398765?boutiqueId=61&merchantId=591337,LET'SCRUB,,186.9,210,11,0,TRY,"[""Sepette %11 İndirim"",""Kargo Bedava""]",InStock,100 adetten fazla stok sunulmuştur,,,,,4.6,3733,2065,0,189,"1,1B kişinin sepetinde","69,9B kişi favoriledi",Son 24 saatte 360 kişi görüntüledi,4999,TRY,0,,1,4,1 saat 53 dakika içinde sipariş verirsen en geç bugün kargoda!,En Çok Satan 7. Ürün,https://cdn.dsmcdn.com/ty1935/prod/QC_ENRICHMENT/20260805/15/cebc1d60-76bb-306a-a3e9-d19070b8a8f3/1_org_zoom.jpg,"{""Menşei"":""TR"",""Bakım Talimatları (Genel)"":""Ürünün kullanım ömrünü korumak için ürüne özel bakım talimatlarını takip ediniz.""}",20,5,refreshed,"[""daily_top"",""hot_change""]",true,2026-08-21T12:00:02+03:00,0,"[""search_result_dom"",""product_detail_jsonld"",""product_detail_dom""]","{""title"":""observed"",""brand"":""observed"",""seller_name"":""observed"",""seller_score"":""unavailable"",""price"":""observed"",""original_price"":""observed"",""campaigns"":""observed"",""stock_status"":""observed"",""stock_signal"":""observed"",""rating"":""observed"",""rating_count"":""observed"",""review_count"":""observed"",""question_count"":""observed"",""delivery_summary"":""observed"",""shipping_cost"":""observed"",""properties"":""observed""}",true,
2026-08-21,2026-08-21T12:00:02+03:00,kozmetik,BEST_SELLER,kozmetik-vitrini,Trendyol Kozmetik / En Çok Satan Ürünler,150,11,150,150,,kozmetik:kozmetik-vitrini,150,-5,42.4,27.7,1134193427,1194314,1134193427:1194314,WOU World of Unique Yeni Nesil Güneş Koruyucu Sprey 50spf. Özel Halka Sprey Teknolojisi 150ml,WOU World of Unique,Yüz Güneş Kremi,https://www.trendyol.com/wou-world-of-unique/yeni-nesil-gunes-koruyucu-sprey-50spf-ozel-halka-sprey-teknolojisi-150ml-p-1134193427?boutiqueId=61&merchantId=1194314,Kozfa Store,9,469.9,527.56,10.9,0,TRY,"[""Kargo Bedava"",""Son 10 Günün En Düşük Fiyatı"",""Son 10 günün en düşük fiyatı""]",InStock,100 adetten fazla stok sunulmuştur,Son 3 günde 500+ ürün satıldı!,3,500,166.7,4,1128,778,1,226,"1,2B kişinin sepetinde","80,5B kişi favoriledi","Son 24 saatte 1,3B kişi görüntüledi",4999,TRY,0,3,1,6,Tahmini Teslim:,Fenomen Seçimi,https://cdn.dsmcdn.com/ty1856/prod/QC_PREP/20260416/17/84306b56-757c-330f-a234-0c9bf7418b95/1_org_zoom.jpg,"{""SPF"":""SPF 50 +"",""Cilt Tipi"":""Tüm Cilt Tipleri"",""Tip"":""Sprey"",""Hacim"":""150 ml"",""Görünüm"":""Renksiz"",""Kullanma Amacı"":""Leke Karşıtı Bakım"",""Yaşlanma Karşıtı"":""Evet"",""Menşei"":""TR"",""Kutu Durumu"":""Kutu yok""}",20,5,refreshed,"[""daily_top""]",true,2026-08-21T12:00:02+03:00,0,"[""search_result_dom"",""product_detail_jsonld"",""product_detail_dom""]","{""title"":""observed"",""brand"":""observed"",""seller_name"":""observed"",""seller_score"":""observed"",""price"":""observed"",""original_price"":""observed"",""campaigns"":""observed"",""stock_status"":""observed"",""stock_signal"":""observed"",""rating"":""observed"",""rating_count"":""observed"",""review_count"":""observed"",""question_count"":""observed"",""delivery_summary"":""observed"",""shipping_cost"":""observed"",""properties"":""observed""}",true,
2026-08-21,2026-08-21T12:00:02+03:00,kozmetik,BEST_SELLER,kozmetik-vitrini,Trendyol Kozmetik / En Çok Satan Ürünler,151,12,151,151,,kozmetik:kozmetik-vitrini,151,,18.9,11.1,873238579,1257236,873238579:1257236,Dr. Althea 345 Relief Cream | Akne Karşıtı Niacinamide Resveratrol Centella Yatıştırıcı Nemlendirici Krem 50 ml,Dr. Althea,Yüz Kremi,https://www.trendyol.com/dr-althea/345-relief-cream-akne-karsiti-niacinamide-resveratrol-centella-yatistirici-nemlendirici-krem-50-ml-p-873238579?boutiqueId=61&merchantId=1257236,HÜR MARKET,71,799,,,,TRY,"[""Kargo Bedava"",""Son 10 Günün En Düşük Fiyatı""]",InStock,50 adetten fazla stok sunulmuştur,,,,,4.3,751,231,,373,"3,1B kişinin sepetinde","118,8B kişi favoriledi","Son 24 saatte 1,6B kişi görüntüledi",4999,TRY,0,1,1,4,Tahmini Teslim:,,https://cdn.dsmcdn.com/ty1904/prod/QC_ENRICHMENT/20260703/15/ff8671d8-8768-361f-be2b-99c75c822b81/1_org_zoom.jpg,"{""Ek Özellik"":""Paraben İçermeyen"",""Cilt Tipi"":""Tüm Cilt Tipleri"",""İçerik"":""Niacinamide"",""SPF"":""Korumasız"",""Hacim"":""50 ml"",""Tip"":""Tüp"",""Kullanma Amacı"":""Akne Karşıtı"",""Form"":""Krem"",""Yaşlanma Karşıtı"":""Hayır"",""Menşei"":""KR"",""Refill"":""Evet""}",20,5,refreshed,"[""daily_top""]",true,2026-08-21T12:00:02+03:00,0,"[""search_result_dom"",""product_detail_jsonld"",""product_detail_dom""]","{""title"":""observed"",""brand"":""observed"",""seller_name"":""observed"",""seller_score"":""observed"",""price"":""observed"",""original_price"":""unavailable"",""campaigns"":""observed"",""stock_status"":""observed"",""stock_signal"":""observed"",""rating"":""observed"",""rating_count"":""observed"",""review_count"":""observed"",""question_count"":""observed"",""delivery_summary"":""observed"",""shipping_cost"":""observed"",""properties"":""observed""}",true,
2026-08-21,2026-08-21T12:00:02+03:00,kozmetik,BEST_SELLER,kozmetik-vitrini,Trendyol Kozmetik / En Çok Satan Ürünler,152,12,152,152,,kozmetik:kozmetik-vitrini,152,,28.8,30.4,973102804,106852,973102804:106852,Siveno %100 Doğal Papatya Suyu Saç Aydınlatıcı Etkili Arındırıcı Rahatlatıcı Saç ve Cilt toniği 150 ml,Siveno,Saç Açıcı Sprey,https://www.trendyol.com/siveno/100-dogal-papatya-suyu-sac-aydinlatici-etkili-arindirici-rahatlatici-sac-ve-cilt-tonigi-150-ml-p-973102804?boutiqueId=61&merchantId=106852,Siveno,,186.31,,,,TRY,"[""Kargo Bedava""]",InStock,100 adetten fazla stok sunulmuştur,Son 3 günde 500+ ürün satıldı!,3,500,166.7,4.5,621,360,,165,"3,7B kişinin sepetinde","107,3B kişi favoriledi",Son 24 saatte 847 kişi görüntüledi,4999,TRY,0,1,1,4,Tahmini Teslim:,,https://cdn.dsmcdn.com/ty1000034/product/media/images/prod/PIM/20251127/13/18e2347d-5028-49ea-998f-6b855a6bc36b/1_org_zoom.jpg,"{""Hacim"":""150 ml"",""Menşei"":""TR"",""Ürün Güvenliği Bilgisi"":""Tehlikeli Değil""}",20,5,refreshed,"[""daily_top""]",true,2026-08-21T12:00:02+03:00,0,"[""search_result_dom"",""product_detail_jsonld"",""product_detail_dom""]","{""title"":""observed"",""brand"":""observed"",""seller_name"":""observed"",""seller_score"":""unavailable"",""price"":""observed"",""original_price"":""unavailable"",""campaigns"":""observed"",""stock_status"":""observed"",""stock_signal"":""observed"",""rating"":""observed"",""rating_count"":""observed"",""review_count"":""observed"",""question_count"":""observed"",""delivery_summary"":""observed"",""shipping_cost"":""observed"",""properties"":""observed""}",true,
2026-08-21,2026-08-21T12:00:02+03:00,kozmetik,BEST_SELLER,kozmetik-vitrini,Trendyol Kozmetik / En Çok Satan Ürünler,153,12,153,153,4,kozmetik:kozmetik-vitrini,153,36,22.9,7.1,951361694,630280,951361694:630280,Batekso Pembe Pötikare Kurdele Desenli Makyaj Çantası - Büyük Boy,Batekso,Makyaj Çantası,https://www.trendyol.com/batekso/pembe-potikare-kurdele-desenli-makyaj-cantasi-buyuk-boy-p-951361694?boutiqueId=61&merchantId=630280,Batekso,,151.9,,,0,TRY,"[""Kargo Bedava"",""Trendyol Plus'a Özel""]",InStock,100 adetten fazla stok sunulmuştur,,,,,4.7,1413,722,2,68,,,,4999,TRY,0,1,1,3,Tahmini Teslim:,En Çok Satan 4. Ürün,https://cdn.dsmcdn.com/ty1774/prod/QC_ENRICHMENT/20251018/12/11f2a839-b28f-3494-a978-55769c943c58/1_org_zoom.jpg,"{""Renk"":""Pembe"",""Materyal"":""Pamuk"",""Materyal Bileşeni"":""Pamuk"",""Yıkama Talimatı"":""Type 4"",""Menşei"":""TR""}",20,5,refreshed,"[""daily_top""]",true,2026-08-21T12:00:02+03:00,0,"[""search_result_dom"",""product_detail_jsonld"",""product_detail_dom""]","{""title"":""observed"",""brand"":""observed"",""seller_name"":""observed"",""seller_score"":""unavailable"",""price"":""observed"",""original_price"":""unavailable"",""campaigns"":""observed"",""stock_status"":""observed"",""stock_signal"":""observed"",""rating"":""observed"",""rating_count"":""observed"",""review_count"":""observed"",""question_count"":""observed"",""delivery_summary"":""observed"",""shipping_cost"":""observed"",""properties"":""observed""}",true,
2026-08-21,2026-08-21T12:00:02+03:00,kozmetik,BEST_SELLER,kozmetik-vitrini,Trendyol Kozmetik / En Çok Satan Ürünler,154,12,154,154,,kozmetik:kozmetik-vitrini,154,-76,36.3,10.4,808535323,117151,808535323:117151,Bargello NO.122 KADIN 210 ml VÜCUT SPREYİ,Bargello,Vücut Spreyi,https://www.trendyol.com/bargello/no-122-kadin-210-ml-vucut-spreyi-p-808535323?boutiqueId=61&merchantId=117151,ONLİNE PARFUM,94,350,,,,TRY,"[""Kargo Bedava""]",InStock,100 adetten fazla stok sunulmuştur,Son 3 günde 250+ ürün satıldı!,3,250,83.3,4.4,19069,10358,14,1425,24B kişinin sepetinde,"345,6B kişi favoriledi","Son 24 saatte 1,7B kişi görüntüledi",4999,TRY,0,,1,4,4 saat 53 dakika içinde sipariş verirsen en geç bugün kargoda!,,https://cdn.dsmcdn.com/ty1000424/product/media/images/prod/PIM/20260810/07/38259e3b-e345-4867-950e-87d6e6a30ce3/1_org_zoom.jpg,"{""Hacim"":""200 ml"",""Koku Türü"":""Oryantal"",""Menşei"":""TR"",""Ürün Güvenliği Bilgisi"":""Tehlikeli Değil""}",20,5,refreshed,"[""daily_top"",""hot_change""]",true,2026-08-21T12:00:02+03:00,0,"[""search_result_dom"",""product_detail_jsonld"",""product_detail_dom""]","{""title"":""observed"",""brand"":""observed"",""seller_name"":""observed"",""seller_score"":""observed"",""price"":""observed"",""original_price"":""unavailable"",""campaigns"":""observed"",""stock_status"":""observed"",""stock_signal"":""observed"",""rating"":""observed"",""rating_count"":""observed"",""review_count"":""observed"",""question_count"":""observed"",""delivery_summary"":""observed"",""shipping_cost"":""observed"",""properties"":""observed""}",true,
2026-08-21,2026-08-21T12:00:02+03:00,kozmetik,BEST_SELLER,kozmetik-vitrini,Trendyol Kozmetik / En Çok Satan Ürünler,155,12,155,155,,kozmetik:kozmetik-vitrini,155,,30.9,13.7,828915927,105053,828915927:105053,Avon Imarı Naturelle Kadın EDT,Avon,Parfüm,https://www.trendyol.com/avon/imari-naturelle-kadin-edt-p-828915927?boutiqueId=61&merchantId=105053,AvonShop,95,372.9,,,,TRY,"[""Kargo Bedava""]",InStock,100 adetten fazla stok sunulmuştur,Son 3 günde 250+ ürün satıldı!,3,250,83.3,4.3,4133,2180,,208,"2,2B kişinin sepetinde","125,4B kişi favoriledi",Son 24 saatte 1B kişi görüntüledi,4999,TRY,0,3,1,6,1 saat 53 dakika içinde sipariş verirsen en geç bugün kargoda!,,https://cdn.dsmcdn.com/ty1817/prod/QC_ENRICHMENT/20260123/16/dab5cb8b-5c2f-3bcc-8ff5-62070055628c/1_org_zoom.jpg,"{""Tip"":""EDT"",""Koku Türü"":""Çiçeksi"",""Menşei"":""TR"",""Ürün Güvenliği Bilgisi"":""Sınıf 3 Alevlenir sıvılar"",""Refill"":""Hayır"",""Hacim"":""50 ml""}",20,5,refreshed,"[""daily_top""]",true,2026-08-21T12:00:02+03:00,0,"[""search_result_dom"",""product_detail_jsonld"",""product_detail_dom""]","{""title"":""observed"",""brand"":""observed"",""seller_name"":""observed"",""seller_score"":""observed"",""price"":""observed"",""original_price"":""unavailable"",""campaigns"":""observed"",""stock_status"":""observed"",""stock_signal"":""observed"",""rating"":""observed"",""rating_count"":""observed"",""review_count"":""observed"",""question_count"":""observed"",""delivery_summary"":""observed"",""shipping_cost"":""observed"",""properties"":""observed""}",true,
2026-08-21,2026-08-21T12:00:02+03:00,kozmetik,BEST_SELLER,kozmetik-vitrini,Trendyol Kozmetik / En Çok Satan Ürünler,156,12,156,156,3,kozmetik:kozmetik-vitrini,156,-12,41.4,22.4,373045375,1108779,373045375:1108779,Mila Care Health&Beauty Bee Venom Arı Zehri Kremi 100ml,Mila Care Health&Beauty,Vücut Kremleri,https://www.trendyol.com/mila-care-health-beauty/bee-venom-ari-zehri-kremi-100ml-p-373045375?boutiqueId=61&merchantId=1108779,,,629,659,4.6,23.6,TRY,"[""50 TL Kupon"",""Kargo Bedava""]",InStock,,Son 3 günde 500+ ürün satıldı!,3,500,166.7,4.1,7053,3587,6,,,,,4999,TRY,0,1,1,4,,En Çok Satan 3. Ürün,https://cdn.dsmcdn.com/ty1944/prod/QC_ENRICHMENT/20260821/08/64a15e62-8735-3093-ac2b-4adced8b9d98/1_org_zoom.jpg,"{""Form"":""Krem"",""Ek Özellik"":""Paraben İçermeyen"",""Tip"":""Kavanoz"",""Hacim"":""100 ml"",""Kullanma Amacı"":""Onarıcı"",""Menşei"":""TR"",""Ürün Güvenliği Bilgisi"":""Tehlikeli Değil"",""Refill"":""Hayır""}",20,5,refreshed,"[""daily_top""]",true,2026-08-21T12:00:02+03:00,0,"[""search_result_dom"",""product_detail_jsonld"",""product_detail_dom""]","{""title"":""observed"",""brand"":""observed"",""seller_name"":""unavailable"",""seller_score"":""unavailable"",""price"":""observed"",""original_price"":""observed"",""campaigns"":""observed"",""stock_status"":""observed"",""stock_signal"":""unavailable"",""rating"":""observed"",""rating_count"":""observed"",""review_count"":""observed"",""question_count"":""unavailable"",""delivery_summary"":""unavailable"",""shipping_cost"":""observed"",""properties"":""observed""}",true,
2026-08-21,2026-08-21T12:00:02+03:00,kozmetik,BEST_SELLER,kozmetik-vitrini,Trendyol Kozmetik / En Çok Satan Ürünler,157,12,157,157,3,kozmetik:kozmetik-vitrini,157,-67,31.9,8.5,929624244,145234,929624244:145234,S'GLAM WHITE SWAN TRANSPARAN PUDRA,S'GLAM,Pudra,https://www.trendyol.com/s-glam/white-swan-transparan-pudra-p-929624244?boutiqueId=61&merchantId=145234,SGLAM,91,429,479,10.4,0,TRY,"[""Kargo Bedava""]",InStock,100 adetten fazla stok sunulmuştur,,,,,4.4,909,489,1,206,,,,4999,TRY,0,,1,4,1 saat 53 dakika içinde sipariş verirsen en geç bugün kargoda!,En Çok Satan 3. Ürün,https://cdn.dsmcdn.com/ty1805/prod/QC_ENRICHMENT/20251222/19/1fc25dde-3d75-34a2-adff-f3e01a1f7858/1_org_zoom.jpg,"{""Kapatıcılık"":""Hafif"",""Renk"":""Beyaz"",""Görünüm"":""Transparan"",""Form"":""Toz"",""RGB"":""#FFFFFF"",""Menşei"":""TR"",""Ürün Güvenliği Bilgisi"":""Tehlikeli Değil""}",20,5,refreshed,"[""daily_top"",""hot_change""]",true,2026-08-21T12:00:02+03:00,0,"[""search_result_dom"",""product_detail_jsonld"",""product_detail_dom""]","{""title"":""observed"",""brand"":""observed"",""seller_name"":""observed"",""seller_score"":""observed"",""price"":""observed"",""original_price"":""observed"",""campaigns"":""observed"",""stock_status"":""observed"",""stock_signal"":""observed"",""rating"":""observed"",""rating_count"":""observed"",""review_count"":""observed"",""question_count"":""observed"",""delivery_summary"":""observed"",""shipping_cost"":""observed"",""properties"":""observed""}",true,
2026-08-21,2026-08-21T12:00:02+03:00,kozmetik,BEST_SELLER,kozmetik-vitrini,Trendyol Kozmetik / En Çok Satan Ürünler,158,12,158,158,1,kozmetik:kozmetik-vitrini,158,,56.3,50,841178228,650812,841178228:650812,Jeven Brus Kiss Me Erkek Parfüm - Edp 50 ml,Jeven Brus,Parfüm,https://www.trendyol.com/jeven-brus/kiss-me-erkek-parfum-edp-50-ml-p-841178228?boutiqueId=61&merchantId=650812,Jeven Brus Parfüm,,1795.5,,,,TRY,"[""Kargo Bedava"",""Trendyol Plus'a Özel""]",InStock,100 adetten fazla stok sunulmuştur,"Son 3 günde 1,5B+ ürün satıldı!",3,1500,500,4.2,12651,8250,,1341,"28,5B kişinin sepetinde","213,7B kişi favoriledi","Son 24 saatte 11,5B kişi görüntüledi",4999,TRY,0,1,1,4,2 saat 53 dakika içinde sipariş verirsen en geç bugün kargoda!,En Çok Satan 1. Ürün,https://cdn.dsmcdn.com/ty1757/prod/QC_ENRICHMENT/20250918/16/5e6b6340-0190-370d-a87f-5d4c4114b5f6/1_org_zoom.jpg,"{""Tip"":""EDP"",""Koku Türü"":""Aromatik"",""Menşei"":""TR"",""Ürün Güvenliği Bilgisi"":""Sınıf 3 Alevlenir sıvılar"",""Refill"":""Hayır"",""Hacim"":""50 ml""}",20,5,refreshed,"[""daily_top""]",true,2026-08-21T12:00:02+03:00,0,"[""search_result_dom"",""product_detail_jsonld"",""product_detail_dom""]","{""title"":""observed"",""brand"":""observed"",""seller_name"":""observed"",""seller_score"":""unavailable"",""price"":""observed"",""original_price"":""unavailable"",""campaigns"":""observed"",""stock_status"":""observed"",""stock_signal"":""observed"",""rating"":""observed"",""rating_count"":""observed"",""review_count"":""observed"",""question_count"":""observed"",""delivery_summary"":""observed"",""shipping_cost"":""observed"",""properties"":""observed""}",true,
2026-08-21,2026-08-21T12:00:02+03:00,kozmetik,BEST_SELLER,kozmetik-vitrini,Trendyol Kozmetik / En Çok Satan Ürünler,159,12,159,159,,kozmetik:kozmetik-vitrini,159,,19.6,10.4,47090027,1028724,47090027:1028724,DIAMOND PROFESSIONAL Protez Tırnak Uzatma Kağıt Gold (GİTAR) Şablon Top 50 Adet,DIAMOND PROFESSIONAL,Takma Tırnak & Aksesuarı,https://www.trendyol.com/diamond-professional/protez-tirnak-uzatma-kagit-gold-gitar-sablon-top-50-adet-p-47090027?boutiqueId=61&merchantId=1028724,Doğanlı Kozmetik,95,37,,,,TRY,"[""Kargo Bedava""]",InStock,100 adetten fazla stok sunulmuştur,,,,,4.3,603,277,,20,,,,4999,TRY,0,3,1,6,3 saat 53 dakika içinde sipariş verirsen en geç bugün kargoda!,,https://cdn.dsmcdn.com/ty1509/product/media/images/prod/QC/20240828/11/d08c0f62-da66-3dbc-9da7-de741a187a1d/1_org_zoom.jpg,"{""Renk"":""Altın"",""Menşei"":""CN""}",20,5,refreshed,"[""daily_top""]",true,2026-08-21T12:00:02+03:00,0,"[""search_result_dom"",""product_detail_jsonld"",""product_detail_dom""]","{""title"":""observed"",""brand"":""observed"",""seller_name"":""observed"",""seller_score"":""observed"",""price"":""observed"",""original_price"":""unavailable"",""campaigns"":""observed"",""stock_status"":""observed"",""stock_signal"":""observed"",""rating"":""observed"",""rating_count"":""observed"",""review_count"":""observed"",""question_count"":""observed"",""delivery_summary"":""observed"",""shipping_cost"":""observed"",""properties"":""observed""}",true,
2026-08-21,2026-08-21T12:00:02+03:00,kozmetik,BEST_SELLER,kozmetik-vitrini,Trendyol Kozmetik / En Çok Satan Ürünler,160,12,160,160,8,kozmetik:kozmetik-vitrini,160,39,1.8,,1051807137,1127053,1051807137:1127053,Lotravia Profesyonel Saç Şekillendirici Mucizevi Sihirli Tarak,Lotravia,,https://www.trendyol.com/lotravia/profesyonel-sac-sekillendirici-mucizevi-sihirli-tarak-p-1051807137?boutiqueId=61&merchantId=1127053,Lotravia Kozmetik,,127.89,130.29,1.8,0,TRY,"[""Son 10 Günün En Düşük Fiyatı""]",InStock,100 adetten fazla stok sunulmuştur,,,,,,,,0,,,,,,,0,,,,,En Çok Satan 8. Ürün,,{},0,,refreshed,"[""daily_top""]",true,2026-08-21T12:00:02+03:00,0,"[""search_result_dom"",""product_detail_jsonld"",""product_detail_dom""]","{""title"":""observed"",""brand"":""observed"",""seller_name"":""observed"",""seller_score"":""unavailable"",""price"":""observed"",""original_price"":""observed"",""campaigns"":""observed"",""stock_status"":""observed"",""stock_signal"":""observed"",""rating"":""unavailable"",""rating_count"":""unavailable"",""review_count"":""unavailable"",""question_count"":""unavailable"",""delivery_summary"":""unavailable"",""shipping_cost"":""unavailable"",""properties"":""observed""}",true,
2026-08-21,2026-08-21T12:00:02+03:00,kozmetik,BEST_SELLER,kozmetik-vitrini,Trendyol Kozmetik / En Çok Satan Ürünler,161,12,161,161,2,kozmetik:kozmetik-vitrini,161,22,33.7,10.8,1263243,107819,1263243:107819,"Garnier Micellar Makyaj Temizleme Suyu 400ML, 24 Saat Nemlendirme, Hassas Ciltler için",Garnier,Makyaj Temizleyici,https://www.trendyol.com/garnier/micellar-makyaj-temizleme-suyu-400ml-24-saat-nemlendirme-hassas-ciltler-icin-p-1263243?boutiqueId=61&merchantId=107819,L'Oreal,94,286.15,,,0,TRY,"[""28 TL Kupon"",""Kargo Bedava""]",InStock,100 adetten fazla stok sunulmuştur,Son 3 günde 250+ ürün satıldı!,3,250,83.3,4.7,9138,4975,-5,309,,,,4999,TRY,0,1,1,4,3 saat 53 dakika içinde sipariş verirsen en geç bugün kargoda!,En Çok Satan 2. Ürün,https://cdn.dsmcdn.com/ty1000390/product/media/images/prod/PIM/20260420/08/af10769f-399d-4e0c-a1c8-22708d3f5d40/1_org_zoom.jpg,"{""Hacim"":""400 ml"",""Cilt Tipi"":""Hassas"",""Özellik"":""Tek Fazlı"",""Ek Özellik"":""Vegan"",""İçerik"":""Misel"",""Form"":""Sıvı"",""Tip"":""Şişe"",""Menşei"":""TR"",""Ürün Güvenliği Bilgisi"":""Tehlikeli Değil""}",20,5,refreshed,"[""daily_top""]",true,2026-08-21T12:00:02+03:00,0,"[""search_result_dom"",""product_detail_jsonld"",""product_detail_dom""]","{""title"":""observed"",""brand"":""observed"",""seller_name"":""observed"",""seller_score"":""observed"",""price"":""observed"",""original_price"":""unavailable"",""campaigns"":""observed"",""stock_status"":""observed"",""stock_signal"":""observed"",""rating"":""observed"",""rating_count"":""observed"",""review_count"":""observed"",""question_count"":""observed"",""delivery_summary"":""observed"",""shipping_cost"":""observed"",""properties"":""observed""}",true,
2026-08-21,2026-08-21T12:00:02+03:00,kozmetik,BEST_SELLER,kozmetik-vitrini,Trendyol Kozmetik / En Çok Satan Ürünler,162,12,162,162,,kozmetik:kozmetik-vitrini,162,-86,24.3,20.3,1120926033,443728,1120926033:443728,Qremfi Gül Maya Kil Maskesi | Aydınlatıcı | Bariyer Güçlendirici | Akne Karşıtı | Yağ Dengeleyici | 100 ml,Qremfi,Yüz Maskesi,https://www.trendyol.com/qremfi/gul-maya-kil-maskesi-aydinlatici-bariyer-guclendirici-akne-karsiti-yag-dengeleyici-100-ml-p-1120926033?boutiqueId=61&merchantId=443728,,,313.4,,,9.2,TRY,"[""Trendyol Plus'a Özel""]",InStock,,Son 3 günde 250+ ürün satıldı!,3,250,83.3,4.5,591,328,0,,,,,4999,TRY,0,1,1,4,,En Çok Ziyaret Edilen 7. Ürün,https://cdn.dsmcdn.com/ty1852/prod/QC_ENRICHMENT/20260409/11/6ea3030f-9db7-3de7-8385-9ae66f88c93a/1_org_zoom.jpg,"{""Cilt Tipi"":""Tüm Cilt Tipleri"",""Kullanma Amacı"":""Aydınlatıcı"",""Ek Özellik"":""Aydınlatma"",""Hacim"":""100 ml"",""Form"":""Krem"",""İçerik"":""Hyalüronik Asit"",""Tip"":""Kavanoz"",""Set İçerik Adeti"":""1"",""Yaşlanma Karşıtı"":""Hayır"",""Menşei"":""TR"",""Ürün Güvenliği Bilgisi"":""Tehlikeli Değil""}",20,5,refreshed,"[""daily_top"",""hot_change""]",true,2026-08-21T12:00:02+03:00,0,"[""search_result_dom"",""product_detail_jsonld"",""product_detail_dom""]","{""title"":""observed"",""brand"":""observed"",""seller_name"":""unavailable"",""seller_score"":""unavailable"",""price"":""observed"",""original_price"":""unavailable"",""campaigns"":""observed"",""stock_status"":""observed"",""stock_signal"":""unavailable"",""rating"":""observed"",""rating_count"":""observed"",""review_count"":""observed"",""question_count"":""unavailable"",""delivery_summary"":""unavailable"",""shipping_cost"":""observed"",""properties"":""observed""}",true,
2026-08-21,2026-08-21T12:00:02+03:00,kozmetik,BEST_SELLER,kozmetik-vitrini,Trendyol Kozmetik / En Çok Satan Ürünler,163,13,163,163,,kozmetik:kozmetik-vitrini,163,,27,3,751362699,217992,751362699:217992,MATSU Harmony Saç Parfümü 50 ml | Çiçeksi & Meyvemsi Notalar,MATSU,Saç Parfümü,https://www.trendyol.com/matsu/harmony-sac-parfumu-50-ml-ciceksi-meyvemsi-notalar-p-751362699?boutiqueId=61&merchantId=217992,Matsu Professional,,654.55,,,,TRY,"[""50 TL Kupon"",""Kargo Bedava"",""Trendyol Plus'a Özel""]",InStock,100 adetten fazla stok sunulmuştur,,,,,4.3,3530,2369,,,,,,4999,TRY,0,1,1,4,53 dakika 15 saniye içinde sipariş verirsen en geç bugün kargoda!,En Çok Favorilenen 2. Ürün,https://cdn.dsmcdn.com/ty1930/prod/QC_ENRICHMENT/20260721/17/68f56d59-8f9e-3955-b367-68bf582d1b9f/1_org_zoom.jpg,{},20,5,refreshed,"[""daily_top""]",true,2026-08-21T12:00:02+03:00,0,"[""search_result_dom"",""product_detail_jsonld"",""product_detail_dom""]","{""title"":""observed"",""brand"":""observed"",""seller_name"":""observed"",""seller_score"":""unavailable"",""price"":""observed"",""original_price"":""unavailable"",""campaigns"":""observed"",""stock_status"":""observed"",""stock_signal"":""observed"",""rating"":""observed"",""rating_count"":""observed"",""review_count"":""observed"",""question_count"":""unavailable"",""delivery_summary"":""observed"",""shipping_cost"":""observed"",""properties"":""observed""}",true,
2026-08-21,2026-08-21T12:00:02+03:00,kozmetik,BEST_SELLER,kozmetik-vitrini,Trendyol Kozmetik / En Çok Satan Ürünler,164,13,164,164,,kozmetik:kozmetik-vitrini,164,36,25.7,4.3,802087534,691473,802087534:691473,Yves Rocher Comme une Evidence EDP- Comme Une Evidence- Kadın Parfüm-50ml,Yves Rocher,Parfüm,https://www.trendyol.com/yves-rocher/comme-une-evidence-edp-comme-une-evidence-kadin-parfum-50ml-p-802087534?boutiqueId=61&merchantId=691473,ZENIQ LİVİNG,82,1569,,,0.6,TRY,"[""Kargo Bedava"",""Sepette %25 İndirim""]",InStock,10 adetten fazla stok sunulmuştur,,,,,4.4,2682,1627,13,319,"5,2B kişinin sepetinde","319,7B kişi favoriledi","Son 24 saatte 3,3B kişi görüntüledi",4999,TRY,0,1,1,4,11 saat 53 dakika içinde sipariş verirsen en geç yarın kargoda!,,https://cdn.dsmcdn.com/ty1000047/product/media/images/prod/PIM/20251223/09/9a712c70-f06f-4b1a-bf62-08b7764ad52c/1_org_zoom.jpg,"{""Tip"":""EDP"",""Koku Türü"":""Çiçeksi"",""Menşei"":""FR"",""Ürün Güvenliği Bilgisi"":""Tehlikeli Değil"",""Refill"":""Hayır"",""Hacim"":""50 ml""}",20,5,refreshed,"[""daily_top""]",true,2026-08-21T12:00:02+03:00,0,"[""search_result_dom"",""product_detail_jsonld"",""product_detail_dom""]","{""title"":""observed"",""brand"":""observed"",""seller_name"":""observed"",""seller_score"":""observed"",""price"":""observed"",""original_price"":""unavailable"",""campaigns"":""observed"",""stock_status"":""observed"",""stock_signal"":""observed"",""rating"":""observed"",""rating_count"":""observed"",""review_count"":""observed"",""question_count"":""observed"",""delivery_summary"":""observed"",""shipping_cost"":""observed"",""properties"":""observed""}",true,
2026-08-21,2026-08-21T12:00:02+03:00,kozmetik,BEST_SELLER,kozmetik-vitrini,Trendyol Kozmetik / En Çok Satan Ürünler,165,13,165,165,,kozmetik:kozmetik-vitrini,165,-74,36.2,10.4,354236050,145234,354236050:145234,S'GLAM Transparan Pudra (Baking Powder),S'GLAM,Pudra,https://www.trendyol.com/s-glam/transparan-pudra-baking-powder-p-354236050?boutiqueId=61&merchantId=145234,SGLAM,91,499,,,0,TRY,"[""Kargo Bedava""]",InStock,100 adetten fazla stok sunulmuştur,Son 3 günde 250+ ürün satıldı!,3,250,83.3,4.6,16033,9995,-6,2670,,,,4999,TRY,0,,1,4,1 saat 53 dakika içinde sipariş verirsen en geç bugün kargoda!,En Çok Favorilenen 1. Ürün,https://cdn.dsmcdn.com/ty1803/prod/QC_ENRICHMENT/20251222/19/30944ec5-a6b0-3877-9747-ff85a7bb3f2c/1_org_zoom.jpg,"{""Kapatıcılık"":""Hafif"",""Renk"":""Çok Renkli"",""Görünüm"":""Transparan"",""Form"":""Toz"",""Menşei"":""TR"",""Ürün Güvenliği Bilgisi"":""Tehlikeli Değil""}",20,5,refreshed,"[""daily_top"",""hot_change""]",true,2026-08-21T12:00:02+03:00,0,"[""search_result_dom"",""product_detail_jsonld"",""product_detail_dom""]","{""title"":""observed"",""brand"":""observed"",""seller_name"":""observed"",""seller_score"":""observed"",""price"":""observed"",""original_price"":""unavailable"",""campaigns"":""observed"",""stock_status"":""observed"",""stock_signal"":""observed"",""rating"":""observed"",""rating_count"":""observed"",""review_count"":""observed"",""question_count"":""observed"",""delivery_summary"":""observed"",""shipping_cost"":""observed"",""properties"":""observed""}",true,
2026-08-21,2026-08-21T12:00:02+03:00,kozmetik,BEST_SELLER,kozmetik-vitrini,Trendyol Kozmetik / En Çok Satan Ürünler,166,13,166,166,,kozmetik:kozmetik-vitrini,166,-54,38.8,20.8,847267079,936059,847267079:936059,CALLİEL Leke Karşıtı Gözenek Sıkılaştırıcı Glikolik Asit Tonik 200 Ml,CALLİEL,Tonik,https://www.trendyol.com/calliel/leke-karsiti-gozenek-sikilastirici-glikolik-asit-tonik-200-ml-p-847267079?boutiqueId=61&merchantId=936059,SKY GROUP,93,401,,,,TRY,"[""Kargo Bedava"",""Trendyol Plus'a Özel""]",InStock,Son 1 Ürün,Son 3 günde 500+ ürün satıldı!,3,500,166.7,4.3,12701,6388,14,5034,,,,4999,TRY,0,1,1,4,11 saat 53 dakika içinde sipariş verirsen en geç yarın kargoda!,En Çok Favorilenen 7. Ürün,https://cdn.dsmcdn.com/ty1808/prod/QC_ENRICHMENT/20260102/18/520b8e3c-9416-30cd-9198-1f0d5dc0834e/1_org_zoom.jpg,"{""Cilt Tipi"":""Tüm Cilt Tipleri"",""Tip"":""Şişe"",""İçerik"":""Glikolik Asit"",""Ek Özellik"":""Vegan"",""Kullanma Amacı"":""Gözenek Sıkılaştırıcı"",""Hacim"":""200 ml"",""Menşei"":""TR"",""Ürün Güvenliği Bilgisi"":""Tehlikeli Değil"",""Refill"":""Hayır""}",20,5,refreshed,"[""daily_top"",""hot_change""]",true,2026-08-21T12:00:02+03:00,0,"[""search_result_dom"",""product_detail_jsonld"",""product_detail_dom""]","{""title"":""observed"",""brand"":""observed"",""seller_name"":""observed"",""seller_score"":""observed"",""price"":""observed"",""original_price"":""unavailable"",""campaigns"":""observed"",""stock_status"":""observed"",""stock_signal"":""observed"",""rating"":""observed"",""rating_count"":""observed"",""review_count"":""observed"",""question_count"":""observed"",""delivery_summary"":""observed"",""shipping_cost"":""observed"",""properties"":""observed""}",true,
2026-08-21,2026-08-21T12:00:02+03:00,kozmetik,BEST_SELLER,kozmetik-vitrini,Trendyol Kozmetik / En Çok Satan Ürünler,167,13,167,167,10,kozmetik:kozmetik-vitrini,167,,20.1,9.9,940855904,4473,940855904:4473,Flormar Lift Up Lip Plumper Lipliner Dolgunlaştırıcı Etkili & Uzun Süre Kalıcı Dudak Kalemi,Flormar,,https://www.trendyol.com/flormar/lift-up-lip-plumper-lipliner-dolgunlastirici-etkili-uzun-sure-kalici-dudak-kalemi-p-940855904?boutiqueId=61&merchantId=4473,Flormar,,299.99,,,,TRY,"[""Kargo Bedava"",""Trendyol Plus'a Özel""]",InStock,100 adetten fazla stok sunulmuştur,,,,,4.5,321,,,13,,,,,,0,,,,Tahmini Teslim:,Fenomen Seçimi,,{},0,,refreshed,"[""daily_top""]",true,2026-08-21T12:00:02+03:00,0,"[""search_result_dom"",""product_detail_jsonld"",""product_detail_dom""]","{""title"":""observed"",""brand"":""observed"",""seller_name"":""observed"",""seller_score"":""unavailable"",""price"":""observed"",""original_price"":""unavailable"",""campaigns"":""observed"",""stock_status"":""observed"",""stock_signal"":""observed"",""rating"":""observed"",""rating_count"":""observed"",""review_count"":""unavailable"",""question_count"":""observed"",""delivery_summary"":""observed"",""shipping_cost"":""unavailable"",""properties"":""observed""}",true,
2026-08-21,2026-08-21T12:00:02+03:00,kozmetik,BEST_SELLER,kozmetik-vitrini,Trendyol Kozmetik / En Çok Satan Ürünler,168,13,168,168,,kozmetik:kozmetik-vitrini,168,-24,55.4,50,847241440,830154,847241440:830154,CALLİEL Sivilce Ve Siyah Nokta Karşıtı Arındırıcı Salisilik Asit Tonik 200 Ml,CALLİEL,Tonik,https://www.trendyol.com/calliel/sivilce-ve-siyah-nokta-karsiti-arindirici-salisilik-asit-tonik-200-ml-p-847241440?boutiqueId=61&merchantId=830154,Calliel,91,237.75,,,-37.4,TRY,"[""Kargo Bedava""]",InStock,100 adetten fazla stok sunulmuştur,"Son 3 günde 1,5B+ ürün satıldı!",3,1500,500,4.3,12657,6365,4,5068,"21,8B kişinin sepetinde","638,4B kişi favoriledi","Son 24 saatte 4,3B kişi görüntüledi",4999,TRY,0,3,1,6,4 saat 53 dakika içinde sipariş verirsen en geç bugün kargoda!,,https://cdn.dsmcdn.com/ty1807/prod/QC_ENRICHMENT/20260102/18/dc28feef-d9a3-3df0-bf43-6b49c8d54964/1_org_zoom.jpg,"{""Cilt Tipi"":""Tüm Cilt Tipleri"",""Tip"":""Şişe"",""İçerik"":""Salisilik Asit"",""Ek Özellik"":""Parfüm İçermeyen"",""Kullanma Amacı"":""Siyah Nokta Önleyici"",""Hacim"":""200 ml"",""Menşei"":""TR"",""Ürün Güvenliği Bilgisi"":""Tehlikeli Değil"",""Refill"":""Hayır""}",20,5,refreshed,"[""daily_top""]",true,2026-08-21T12:00:02+03:00,0,"[""search_result_dom"",""product_detail_jsonld"",""product_detail_dom""]","{""title"":""observed"",""brand"":""observed"",""seller_name"":""observed"",""seller_score"":""observed"",""price"":""observed"",""original_price"":""unavailable"",""campaigns"":""observed"",""stock_status"":""observed"",""stock_signal"":""observed"",""rating"":""observed"",""rating_count"":""observed"",""review_count"":""observed"",""question_count"":""observed"",""delivery_summary"":""observed"",""shipping_cost"":""observed"",""properties"":""observed""}",true,
2026-08-21,2026-08-21T12:00:02+03:00,kozmetik,BEST_SELLER,kozmetik-vitrini,Trendyol Kozmetik / En Çok Satan Ürünler,169,13,169,169,,kozmetik:kozmetik-vitrini,169,,46,10.2,951780978,107302,951780978:107302,Sinoz Vitamin Kokteyl-Nemlendirici Besleyici Onarıcı Yüz Kremi (Vitamin C+ B3 +B5 +E) ve Makyaj Bazı 50Ml,Sinoz,Makyaj Bazı,https://www.trendyol.com/sinoz/vitamin-kokteyl-nemlendirici-besleyici-onarici-yuz-kremi-vitamin-c-b3-b5-e-ve-makyaj-bazi-50ml-p-951780978?boutiqueId=61&merchantId=107302,Sinoz Kozmetik,94,398,539.4,26.2,,TRY,"[""Kargo Bedava"",""Son 10 Günün En Düşük Fiyatı"",""Süper Fırsat Ürünü"",""Son 10 günün en düşük fiyatı""]",InStock,100 adetten fazla stok sunulmuştur,,,,,4.5,651,297,,109,"2,1B kişinin sepetinde","65,6B kişi favoriledi",Son 24 saatte 933 kişi görüntüledi,4999,TRY,0,1,1,4,11 saat 53 dakika içinde sipariş verirsen en geç yarın kargoda!,,https://cdn.dsmcdn.com/ty1924/prod/QC_ENRICHMENT/20260814/23/ce006558-fbc4-3ffb-a515-a04ace044e0e/1_org_zoom.jpg,"{""Kullanma Amacı"":""Nemlendirici"",""Renk"":""Beyaz"",""Cilt Tipi"":""Tüm Cilt Tipleri"",""Menşei"":""TR"",""Ürün Güvenliği Bilgisi"":""Tehlikeli Değil""}",20,5,refreshed,"[""daily_top""]",true,2026-08-21T12:00:02+03:00,0,"[""search_result_dom"",""product_detail_jsonld"",""product_detail_dom""]","{""title"":""observed"",""brand"":""observed"",""seller_name"":""observed"",""seller_score"":""observed"",""price"":""observed"",""original_price"":""observed"",""campaigns"":""observed"",""stock_status"":""observed"",""stock_signal"":""observed"",""rating"":""observed"",""rating_count"":""observed"",""review_count"":""observed"",""question_count"":""observed"",""delivery_summary"":""observed"",""shipping_cost"":""observed"",""properties"":""observed""}",true,
2026-08-21,2026-08-21T12:00:02+03:00,kozmetik,BEST_SELLER,kozmetik-vitrini,Trendyol Kozmetik / En Çok Satan Ürünler,170,13,170,170,,kozmetik:kozmetik-vitrini,170,-64,35.7,10.4,103384378,107819,103384378:107819,"Garnier Micellar Makyaj Temizleme Suyu 200ML, 24 Saat Nemlendirme, Hassas Ciltler,Vegan&Cruelty Free",Garnier,Makyaj Temizleyici,https://www.trendyol.com/garnier/micellar-makyaj-temizleme-suyu-200ml-24-saat-nemlendirme-hassas-ciltler-vegan-cruelty-free-p-103384378?boutiqueId=61&merchantId=107819,L'Oreal,94,199,,,0,TRY,"[""19 TL Kupon"",""Kargo Bedava"",""Son 10 Günün En Düşük Fiyatı""]",InStock,100 adetten fazla stok sunulmuştur,Son 3 günde 250+ ürün satıldı!,3,250,83.3,4.6,16205,8789,-54,452,"7,7B kişinin sepetinde","202,7B kişi favoriledi",Son 24 saatte 902 kişi görüntüledi,4999,TRY,0,,1,4,3 saat 53 dakika içinde sipariş verirsen en geç bugün kargoda!,,https://cdn.dsmcdn.com/ty1000058/product/media/images/prod/PIM/20260110/06/5b238403-fb1c-4efb-8110-e218f33ca4ea/1_org_zoom.jpg,"{""Hacim"":""200 ml"",""Cilt Tipi"":""Hassas"",""Ek Özellik"":""Vegan"",""İçerik"":""Misel"",""Form"":""Sıvı"",""Tip"":""Şişe"",""Menşei"":""TR"",""Ürün Güvenliği Bilgisi"":""Tehlikeli Değil""}",20,5,refreshed,"[""daily_top"",""hot_change""]",true,2026-08-21T12:00:02+03:00,0,"[""search_result_dom"",""product_detail_jsonld"",""product_detail_dom""]","{""title"":""observed"",""brand"":""observed"",""seller_name"":""observed"",""seller_score"":""observed"",""price"":""observed"",""original_price"":""unavailable"",""campaigns"":""observed"",""stock_status"":""observed"",""stock_signal"":""observed"",""rating"":""observed"",""rating_count"":""observed"",""review_count"":""observed"",""question_count"":""observed"",""delivery_summary"":""observed"",""shipping_cost"":""observed"",""properties"":""observed""}",true,
2026-08-21,2026-08-21T12:00:02+03:00,kozmetik,BEST_SELLER,kozmetik-vitrini,Trendyol Kozmetik / En Çok Satan Ürünler,171,13,171,171,30,kozmetik:kozmetik-vitrini,171,,9.6,22.4,1156654225,1085971,1156654225:1085971,QNAİL PROFESSİONAL 9’lu Premium Nail Art Fırça Seti Çift Uçlu İnce Detay Düz Açılı Oval Uçlu kahverengi,QNAİL PROFESSİONAL,Takma Tırnak & Aksesuarı,https://www.trendyol.com/qnail-professional/9-lu-premium-nail-art-firca-seti-cift-uclu-ince-detay-duz-acili-oval-uclu-kahverengi-p-1156654225?boutiqueId=61&merchantId=1085971,ADEN MAC KOZMETİK,94,195.9,199.9,2,,TRY,"[""Sepette %2 İndirim"",""Kargo Bedava"",""Son 10 Günün En Düşük Fiyatı""]",InStock,100 adetten fazla stok sunulmuştur,,,,,4.4,16,8,,7,677 kişinin sepetinde,"2,2B kişi favoriledi",Son 24 saatte 511 kişi görüntüledi,4999,TRY,0,1,1,4,11 saat 53 dakika içinde sipariş verirsen en geç yarın kargoda!,,https://cdn.dsmcdn.com/ty1907/prod/QC_PREP/20260615/16/9a939f13-26e7-3774-ac32-4eb1ba380690/1_org_zoom.jpg,"{""Renk"":""Kahverengi"",""Menşei"":""TR""}",8,4.38,refreshed,"[""daily_top""]",true,2026-08-21T12:00:02+03:00,0,"[""search_result_dom"",""product_detail_jsonld"",""product_detail_dom""]","{""title"":""observed"",""brand"":""observed"",""seller_name"":""observed"",""seller_score"":""observed"",""price"":""observed"",""original_price"":""observed"",""campaigns"":""observed"",""stock_status"":""observed"",""stock_signal"":""observed"",""rating"":""observed"",""rating_count"":""observed"",""review_count"":""observed"",""question_count"":""observed"",""delivery_summary"":""observed"",""shipping_cost"":""observed"",""properties"":""observed""}",true,
2026-08-21,2026-08-21T12:00:02+03:00,kozmetik,BEST_SELLER,kozmetik-vitrini,Trendyol Kozmetik / En Çok Satan Ürünler,172,13,172,172,,kozmetik:kozmetik-vitrini,172,,88.4,20.8,1152408015,856334,1152408015:856334,"ÖZDEN ÖZDOĞAN Güçlendirici, Besleyici Ve Onarıcı Saç Bakım Sütü Keratin & Biotin 200 ml",ÖZDEN ÖZDOĞAN,Saç Spreyi,https://www.trendyol.com/ozden-ozdogan/guclendirici-besleyici-ve-onarici-sac-bakim-sutu-keratin-biotin-200-ml-p-1152408015?boutiqueId=61&merchantId=856334,ÖZDEN ÖZDOĞAN,,299.99,599.99,50,,TRY,"[""Sepette %50 İndirim"",""Kargo Bedava""]",InStock,100 adetten fazla stok sunulmuştur,Son 3 günde 500+ ürün satıldı!,3,500,166.7,4.5,9907,5747,,1235,"2,7B kişinin sepetinde","82,5B kişi favoriledi","Son 24 saatte 3,2B kişi görüntüledi",4999,TRY,0,3,1,6,Tahmini Teslim:,En Çok Ziyaret Edilen 3. Ürün,https://cdn.dsmcdn.com/ty1931/prod/QC_ENRICHMENT/20260606/18/af4ff5c1-93aa-3e07-ac66-293136bd8941/1_org_zoom.jpg,"{""Etki"":""Hacim / Dolgunluk Veren"",""Tutuculuk / Sertlik"":""Hafif"",""Hacim"":""200 ml"",""Menşei"":""TR""}",20,5,refreshed,"[""daily_top""]",true,2026-08-21T12:00:02+03:00,0,"[""search_result_dom"",""product_detail_jsonld"",""product_detail_dom""]","{""title"":""observed"",""brand"":""observed"",""seller_name"":""observed"",""seller_score"":""unavailable"",""price"":""observed"",""original_price"":""observed"",""campaigns"":""observed"",""stock_status"":""observed"",""stock_signal"":""observed"",""rating"":""observed"",""rating_count"":""observed"",""review_count"":""observed"",""question_count"":""observed"",""delivery_summary"":""observed"",""shipping_cost"":""observed"",""properties"":""observed""}",true,
2026-08-21,2026-08-21T12:00:02+03:00,kozmetik,BEST_SELLER,kozmetik-vitrini,Trendyol Kozmetik / En Çok Satan Ürünler,173,13,173,173,1,kozmetik:kozmetik-vitrini,173,-24,25.7,18.9,7048320,1253656,7048320:1253656,Morfose Ossion Mat Saç Şekillendirici Wax 100 ml,Morfose,Saç Şekillendirici Krem,https://www.trendyol.com/morfose/ossion-mat-sac-sekillendirici-wax-100-ml-p-7048320?boutiqueId=61&merchantId=1253656,EMEK TOPTAN GROSS,95,115,,,5.2,TRY,"[""Kargo Bedava"",""Trendyol Plus'a Özel""]",InStock,100 adetten fazla stok sunulmuştur,Son 3 günde 250+ ürün satıldı!,3,250,83.3,4.4,1139,489,0,287,2B kişinin sepetinde,16B kişi favoriledi,Son 24 saatte 733 kişi görüntüledi,4999,TRY,0,,1,4,2 saat 53 dakika içinde sipariş verirsen en geç bugün kargoda!,En Çok Satan 1. Ürün,https://cdn.dsmcdn.com/ty1000399/product/media/images/prod/PIM/20260522/06/d0521e80-a8ea-4f91-a006-481b47983795/1_org_zoom.jpg,"{""Form"":""Krem"",""Hacim"":""100 ml"",""Tutuculuk / Sertlik"":""Yüksek"",""Menşei"":""TR"",""Ürün Güvenliği Bilgisi"":""Sınıf 5.2 Organik peroksitler""}",20,5,refreshed,"[""daily_top""]",true,2026-08-21T12:00:02+03:00,0,"[""search_result_dom"",""product_detail_jsonld"",""product_detail_dom""]","{""title"":""observed"",""brand"":""observed"",""seller_name"":""observed"",""seller_score"":""observed"",""price"":""observed"",""original_price"":""unavailable"",""campaigns"":""observed"",""stock_status"":""observed"",""stock_signal"":""observed"",""rating"":""observed"",""rating_count"":""observed"",""review_count"":""observed"",""question_count"":""observed"",""delivery_summary"":""observed"",""shipping_cost"":""observed"",""properties"":""observed""}",true,
2026-08-21,2026-08-21T12:00:02+03:00,kozmetik,BEST_SELLER,kozmetik-vitrini,Trendyol Kozmetik / En Çok Satan Ürünler,174,13,174,174,,kozmetik:kozmetik-vitrini,174,-23,41.5,24.8,1066170057,126383,1066170057:126383,KOREACO Red Dragon Bubble Clay Yüz Maskesi | Tazelenme Parlaklık Nemli ve İpeksi Köpüren Yüz Maskesi 100 ml,KOREACO,Yüz Maskesi,https://www.trendyol.com/koreaco/red-dragon-bubble-clay-yuz-maskesi-tazelenme-parlaklik-nemli-ve-ipeksi-kopuren-yuz-maskesi-100-ml-p-1066170057?boutiqueId=61&merchantId=126383,KOREACO,,276.57,298,7.2,-2.6,TRY,"[""Son 10 Günün En Düşük Fiyatı"",""Kargo Bedava"",""Son 10 günün en düşük fiyatı""]",InStock,100 adetten fazla stok sunulmuştur,Son 3 günde 500+ ürün satıldı!,3,500,166.7,4.2,5105,1782,8,389,"13,6B kişinin sepetinde","186,2B kişi favoriledi","Son 24 saatte 1,5B kişi görüntüledi",4999,TRY,0,1,1,4,Tahmini Teslim:,,https://cdn.dsmcdn.com/ty1946/prod/QC_ENRICHMENT/20260819/17/a3549611-07e8-3f7e-b9d3-fade73133a62/1_org_zoom.jpg,"{""Cilt Tipi"":""Tüm Cilt Tipleri"",""Kullanma Amacı"":""Canlandırıcı"",""Hacim"":""100 ml"",""İçerik"":""E Vitamini"",""Yaşlanma Karşıtı"":""Evet"",""Menşei"":""TR""}",20,5,refreshed,"[""daily_top""]",true,2026-08-21T12:00:02+03:00,0,"[""search_result_dom"",""product_detail_jsonld"",""product_detail_dom""]","{""title"":""observed"",""brand"":""observed"",""seller_name"":""observed"",""seller_score"":""unavailable"",""price"":""observed"",""original_price"":""observed"",""campaigns"":""observed"",""stock_status"":""observed"",""stock_signal"":""observed"",""rating"":""observed"",""rating_count"":""observed"",""review_count"":""observed"",""question_count"":""observed"",""delivery_summary"":""observed"",""shipping_cost"":""observed"",""properties"":""observed""}",true,
2026-08-21,2026-08-21T12:00:02+03:00,kozmetik,BEST_SELLER,kozmetik-vitrini,Trendyol Kozmetik / En Çok Satan Ürünler,175,14,175,175,4,kozmetik:kozmetik-vitrini,175,,32.5,0,98901173,104886,98901173:104886,"Missha Kolay Uygulanabilen, Kalıcı, Doğal Görünüm Sunan Likit Bronzer Juicy-Pang Water Bronzer (BR02)",Missha,,https://www.trendyol.com/missha/kolay-uygulanabilen-kalici-dogal-gorunum-sunan-likit-bronzer-juicy-pang-water-bronzer-br02-p-98901173?boutiqueId=61&merchantId=104886,Missha Türkiye,93,374.9,,,,TRY,"[""Kargo Bedava"",""Trendyol Plus'a Özel""]",InStock,100 adetten fazla stok sunulmuştur,,,,,4.6,11471,,,519,"3,3B kişinin sepetinde","376,2B kişi favoriledi",Son 24 saatte 1B kişi görüntüledi,,,0,,,,1 saat 52 dakika içinde sipariş verirsen en geç bugün kargoda!,,,{},0,,refreshed,"[""daily_top""]",true,2026-08-21T12:00:02+03:00,0,"[""search_result_dom"",""product_detail_jsonld"",""product_detail_dom""]","{""title"":""observed"",""brand"":""observed"",""seller_name"":""observed"",""seller_score"":""observed"",""price"":""observed"",""original_price"":""unavailable"",""campaigns"":""observed"",""stock_status"":""observed"",""stock_signal"":""observed"",""rating"":""observed"",""rating_count"":""observed"",""review_count"":""unavailable"",""question_count"":""observed"",""delivery_summary"":""observed"",""shipping_cost"":""unavailable"",""properties"":""observed""}",true,
2026-08-21,2026-08-21T12:00:02+03:00,kozmetik,BEST_SELLER,kozmetik-vitrini,Trendyol Kozmetik / En Çok Satan Ürünler,176,14,176,176,,kozmetik:kozmetik-vitrini,176,,32.3,26.9,971346881,733266,971346881:733266,LumenaScent L301 Kadın Parfüm Oriental Edp 50 ml,LumenaScent,Parfüm,https://www.trendyol.com/lumenascent/l301-kadin-parfum-oriental-edp-50-ml-p-971346881?boutiqueId=61&merchantId=733266,FarmaStar,88,426.55,,,,TRY,"[""Kargo Bedava"",""Trendyol Plus'a Özel""]",InStock,100 adetten fazla stok sunulmuştur,Son 3 günde 500+ ürün satıldı!,3,500,166.7,4.2,1603,981,,179,"5,5B kişinin sepetinde","44,1B kişi favoriledi","Son 24 saatte 1,4B kişi görüntüledi",4999,TRY,0,3,1,6,Tahmini Teslim:,Fenomen Seçimi,https://cdn.dsmcdn.com/ty1892/prod/QC_ENRICHMENT/20260629/14/f9aa7133-2039-3b2c-97df-fbc8bd9e3d49/1_org_zoom.jpg,"{""Tip"":""EDP"",""Koku Türü"":""Oryantal"",""Menşei"":""TR"",""Refill"":""Hayır"",""Hacim"":""50 ml""}",20,5,refreshed,"[""daily_top""]",true,2026-08-21T12:00:02+03:00,0,"[""search_result_dom"",""product_detail_jsonld"",""product_detail_dom""]","{""title"":""observed"",""brand"":""observed"",""seller_name"":""observed"",""seller_score"":""observed"",""price"":""observed"",""original_price"":""unavailable"",""campaigns"":""observed"",""stock_status"":""observed"",""stock_signal"":""observed"",""rating"":""observed"",""rating_count"":""observed"",""review_count"":""observed"",""question_count"":""observed"",""delivery_summary"":""observed"",""shipping_cost"":""observed"",""properties"":""observed""}",true,
2026-08-21,2026-08-21T12:00:02+03:00,kozmetik,BEST_SELLER,kozmetik-vitrini,Trendyol Kozmetik / En Çok Satan Ürünler,177,14,177,177,,kozmetik:kozmetik-vitrini,177,,28,2,846436044,529402,846436044:529402,New Well Güneş Korumalı Göz Çevresi Concealer Cream 50+SPF,New Well,Yüz Güneş Kremi,https://www.trendyol.com/new-well/gunes-korumali-goz-cevresi-concealer-cream-50-spf-p-846436044?boutiqueId=61&merchantId=529402,NEW WELL,94,274.74,,,,TRY,"[""Kargo Bedava""]",InStock,100 adetten fazla stok sunulmuştur,,,,,4.3,5985,3184,,472,"1,6B kişinin sepetinde","94,5B kişi favoriledi",Son 24 saatte 440 kişi görüntüledi,4999,TRY,0,1,1,4,Tahmini Teslim:,,https://cdn.dsmcdn.com/ty1452/product/media/images/prod/QC/20240731/19/127a83b0-282e-3a99-92ab-b64ff0f8b693/1_org_zoom.jpg,"{""Form"":""Krem"",""SPF"":""SPF 50 +"",""Cilt Tipi"":""Tüm Cilt Tipleri"",""Tip"":""Stick"",""Ek Özellik"":""Paraben İçermeyen"",""Hacim"":""3 ml"",""Görünüm"":""Renksiz"",""Kullanma Amacı"":""Nemlendirici"",""Yaşlanma Karşıtı"":""Evet"",""Menşei"":""TR"",""Kutu Durumu"":""Kutulu"",""Ürün Güvenliği Bilgisi"":""Tehlikeli Değil""}",20,5,refreshed,"[""daily_top""]",true,2026-08-21T12:00:02+03:00,0,"[""search_result_dom"",""product_detail_jsonld"",""product_detail_dom""]","{""title"":""observed"",""brand"":""observed"",""seller_name"":""observed"",""seller_score"":""observed"",""price"":""observed"",""original_price"":""unavailable"",""campaigns"":""observed"",""stock_status"":""observed"",""stock_signal"":""observed"",""rating"":""observed"",""rating_count"":""observed"",""review_count"":""observed"",""question_count"":""observed"",""delivery_summary"":""observed"",""shipping_cost"":""observed"",""properties"":""observed""}",true,
2026-08-21,2026-08-21T12:00:02+03:00,kozmetik,BEST_SELLER,kozmetik-vitrini,Trendyol Kozmetik / En Çok Satan Ürünler,178,14,178,178,10,kozmetik:kozmetik-vitrini,178,,26.1,13.9,831391742,115550,831391742:115550,DKDENT %93 Maksimum Beyazlatıcı Diş Macunu 75 ml,DKDENT,Diş Macunu,https://www.trendyol.com/dkdent/93-maksimum-beyazlatici-dis-macunu-75-ml-p-831391742?boutiqueId=61&merchantId=115550,Dermokil,95,135.23,150.26,10,,TRY,"[""Sepette %10 İndirim"",""Kargo Bedava""]",InStock,100 adetten fazla stok sunulmuştur,,,,,4.5,188,101,,21,"1,4B kişinin sepetinde",10B kişi favoriledi,Son 24 saatte 583 kişi görüntüledi,4999,TRY,0,1,1,4,Tahmini Teslim:,,https://cdn.dsmcdn.com/ty1000330/product/media/images/prod/PIM/20260128/07/ff9e65eb-b5c0-4df9-b6c3-0be779776ed9/1_org_zoom.jpg,"{""Kullanım Amacı"":""Beyazlatma"",""Diğer Özellikler"":""Vegan"",""Menşei"":""TR"",""İçerik"":""Florürsüz""}",20,5,refreshed,"[""daily_top""]",true,2026-08-21T12:00:02+03:00,0,"[""search_result_dom"",""product_detail_jsonld"",""product_detail_dom""]","{""title"":""observed"",""brand"":""observed"",""seller_name"":""observed"",""seller_score"":""observed"",""price"":""observed"",""original_price"":""observed"",""campaigns"":""observed"",""stock_status"":""observed"",""stock_signal"":""observed"",""rating"":""observed"",""rating_count"":""observed"",""review_count"":""observed"",""question_count"":""observed"",""delivery_summary"":""observed"",""shipping_cost"":""observed"",""properties"":""observed""}",true,
2026-08-21,2026-08-21T12:00:02+03:00,kozmetik,BEST_SELLER,kozmetik-vitrini,Trendyol Kozmetik / En Çok Satan Ürünler,179,14,179,179,10,kozmetik:kozmetik-vitrini,179,,65.3,9.7,238937,1122518,238937:1122518,Otacı Bitkisel Saç Şekillendirici Orta & Sert Tutuş 150ML,Otacı,Saç Şekillendirici Krem,https://www.trendyol.com/otaci/bitkisel-sac-sekillendirici-orta-sert-tutus-150ml-p-238937?boutiqueId=61&merchantId=1122518,Otacı,,296.45,539,45,,TRY,"[""Sepette %45 İndirim"",""Kargo Bedava""]",InStock,100 adetten fazla stok sunulmuştur,,,,,4.5,638,339,,189,"2,4B kişinin sepetinde",71B kişi favoriledi,Son 24 saatte 637 kişi görüntüledi,4999,TRY,0,1,1,4,11 saat 52 dakika içinde sipariş verirsen en geç yarın kargoda!,,https://cdn.dsmcdn.com/ty1936/prod/QC_ENRICHMENT/20260622/16/07c91b3a-fb01-3df9-b40b-27b2ba2888c8/1_org_zoom.jpg,"{""Form"":""Sert"",""Hacim"":""150 ml"",""Tutuculuk / Sertlik"":""Yüksek"",""Menşei"":""TR"",""Ürün Güvenliği Bilgisi"":""Tehlikeli Değil""}",20,5,refreshed,"[""daily_top""]",true,2026-08-21T12:00:02+03:00,0,"[""search_result_dom"",""product_detail_jsonld"",""product_detail_dom""]","{""title"":""observed"",""brand"":""observed"",""seller_name"":""observed"",""seller_score"":""unavailable"",""price"":""observed"",""original_price"":""observed"",""campaigns"":""observed"",""stock_status"":""observed"",""stock_signal"":""observed"",""rating"":""observed"",""rating_count"":""observed"",""review_count"":""observed"",""question_count"":""observed"",""delivery_summary"":""observed"",""shipping_cost"":""observed"",""properties"":""observed""}",true,
2026-08-21,2026-08-21T12:00:02+03:00,kozmetik,BEST_SELLER,kozmetik-vitrini,Trendyol Kozmetik / En Çok Satan Ürünler,180,14,180,180,9,kozmetik:kozmetik-vitrini,180,-76,16,14,1179507562,224434,1179507562:224434,TGC Hair Care Cosmetic TGC Eşek Sütlü Ballı Kabak Lifli Peeling Sabunu 120 gr,TGC Hair Care Cosmetic,Katı Sabun,https://www.trendyol.com/tgc-hair-care-cosmetic/tgc-esek-sutlu-balli-kabak-lifli-peeling-sabunu-120-gr-p-1179507562?boutiqueId=61&merchantId=224434,TGC Hair Care & Cosmetic,9,329,,,0,TRY,"[""Sepette %3 İndirim"",""Sepette %11 İndirim"",""7 TL Kupon"",""15 TL Kupon"",""5 TL Kupon"",""Kargo Bedava"",""Trendyol Plus'a Özel""]",InStock,100 adetten fazla stok sunulmuştur,,,,,4.7,130,99,7,42,"2,6B kişinin sepetinde",6B kişi favoriledi,Son 24 saatte 317 kişi görüntüledi,4999,TRY,0,3,1,6,Tahmini Teslim:,En Çok Satan 9. Ürün,https://cdn.dsmcdn.com/ty1917/prod/QC_ENRICHMENT/20260805/01/202edef9-7192-3307-a775-9ee92efec6ea/1_org_zoom.jpg,"{""Menşei"":""TR""}",20,5,refreshed,"[""daily_top"",""hot_change""]",true,2026-08-21T12:00:02+03:00,0,"[""search_result_dom"",""product_detail_jsonld"",""product_detail_dom""]","{""title"":""observed"",""brand"":""observed"",""seller_name"":""observed"",""seller_score"":""observed"",""price"":""observed"",""original_price"":""unavailable"",""campaigns"":""observed"",""stock_status"":""observed"",""stock_signal"":""observed"",""rating"":""observed"",""rating_count"":""observed"",""review_count"":""observed"",""question_count"":""observed"",""delivery_summary"":""observed"",""shipping_cost"":""observed"",""properties"":""observed""}",true,
2026-08-21,2026-08-21T12:00:02+03:00,kozmetik,BEST_SELLER,kozmetik-vitrini,Trendyol Kozmetik / En Çok Satan Ürünler,181,14,181,181,,kozmetik:kozmetik-vitrini,181,,15.4,14.6,814348539,483682,814348539:483682,OG natural Organik Hindistan Cevizi Yağı 170 gr,OG natural,Hindistan Cevizi Yağı,https://www.trendyol.com/og-natural/organik-hindistan-cevizi-yagi-170-gr-p-814348539?boutiqueId=61&merchantId=483682,Ada Karyesi,96,198,,,,TRY,"[""Kargo Bedava""]",InStock,50 adetten fazla stok sunulmuştur,,,,,4.8,165,83,,44,"1,3B kişinin sepetinde","7,5B kişi favoriledi",Son 24 saatte 397 kişi görüntüledi,4999,TRY,0,,1,4,1 saat 52 dakika içinde sipariş verirsen en geç bugün kargoda!,,https://cdn.dsmcdn.com/ty1208/product/media/images/prod/SPM/PIM/20240312/15/65eaf932-59ce-3204-9676-51033864cf2a/1_org_zoom.jpg,"{""Menşei"":""TR""}",20,5,refreshed,"[""daily_top""]",true,2026-08-21T12:00:02+03:00,0,"[""search_result_dom"",""product_detail_jsonld"",""product_detail_dom""]","{""title"":""observed"",""brand"":""observed"",""seller_name"":""observed"",""seller_score"":""observed"",""price"":""observed"",""original_price"":""unavailable"",""campaigns"":""observed"",""stock_status"":""observed"",""stock_signal"":""observed"",""rating"":""observed"",""rating_count"":""observed"",""review_count"":""observed"",""question_count"":""observed"",""delivery_summary"":""observed"",""shipping_cost"":""observed"",""properties"":""observed""}",true,
2026-08-21,2026-08-21T12:00:02+03:00,kozmetik,BEST_SELLER,kozmetik-vitrini,Trendyol Kozmetik / En Çok Satan Ürünler,182,14,182,182,,kozmetik:kozmetik-vitrini,182,,37,18.7,1158214714,224434,1158214714:224434,TGC Hair Care Cosmetic TGC Şampuan,TGC Hair Care Cosmetic,Şampuan,https://www.trendyol.com/tgc-hair-care-cosmetic/tgc-sampuan-p-1158214714?boutiqueId=61&merchantId=224434,TGC Hair Care & Cosmetic,9,400,450,11.1,,TRY,"[""Son 10 Günün En Düşük Fiyatı"",""Son 10 günün en düşük fiyatı""]",InStock,100 adetten fazla stok sunulmuştur,Son 3 günde 250+ ürün satıldı!,3,250,83.3,4.7,938,524,,101,"2,8B kişinin sepetinde","16,8B kişi favoriledi",Son 24 saatte 584 kişi görüntüledi,4999,TRY,0,3,1,6,Tahmini Teslim:,,https://cdn.dsmcdn.com/ty1900/prod/QC_PREP/20260619/13/936488f6-6089-36f2-b955-4dd90e3f4d2b/1_org_zoom.jpg,"{""Etki"":""Besleyici / Onarıcı"",""Hacim"":""250 ml"",""Saç Tipi"":""Tüm Saç Tipleri"",""Menşei"":""TR"",""Ürün Güvenliği Bilgisi"":""Tehlikeli Değil"",""Refill"":""Hayır""}",20,5,refreshed,"[""daily_top""]",true,2026-08-21T12:00:02+03:00,0,"[""search_result_dom"",""product_detail_jsonld"",""product_detail_dom""]","{""title"":""observed"",""brand"":""observed"",""seller_name"":""observed"",""seller_score"":""observed"",""price"":""observed"",""original_price"":""observed"",""campaigns"":""observed"",""stock_status"":""observed"",""stock_signal"":""observed"",""rating"":""observed"",""rating_count"":""observed"",""review_count"":""observed"",""question_count"":""observed"",""delivery_summary"":""observed"",""shipping_cost"":""observed"",""properties"":""observed""}",true,
2026-08-21,2026-08-21T12:00:02+03:00,kozmetik,BEST_SELLER,kozmetik-vitrini,Trendyol Kozmetik / En Çok Satan Ürünler,183,14,183,183,,kozmetik:kozmetik-vitrini,183,-93,37.3,,735885774,529402,735885774:529402,New Well Ton Eşitleyici yüksek Koruma Etkili Spf50+ Aydınlatıcı Pembe Yüz Güneş Kremi 50 Ml,New Well,Yüz Güneş Kremi,https://www.trendyol.com/new-well/ton-esitleyici-yuksek-koruma-etkili-spf50-aydinlatici-pembe-yuz-gunes-kremi-50-ml-p-735885774?boutiqueId=61&merchantId=529402,NEW WELL,,191.64,218.47,12.3,,TRY,"[""Son 10 Günün En Düşük Fiyatı""]",InStock,100 adetten fazla stok sunulmuştur,"Son 3 günde 1,5B+ ürün satıldı!",3,1500,500,,,,0,,,,,4999,TRY,0,,1,4,Tahmini Teslim:,,https://cdn.dsmcdn.com/ty1605/prod/QC/20241125/12/cd416bbb-249c-3872-a7e0-8ce1c439d326/1_org_zoom.jpg,"{""Form"":""Krem"",""SPF"":""SPF 50 +"",""Cilt Tipi"":""Tüm Cilt Tipleri"",""Tip"":""Tüp"",""Ek Özellik"":""Alkol İçermez"",""Hacim"":""50 ml"",""Görünüm"":""Renksiz"",""Kullanma Amacı"":""Nemlendirici"",""Yaşlanma Karşıtı"":""Hayır"",""Menşei"":""TR"",""Kutu Durumu"":""Kutulu"",""Ürün Güvenliği Bilgisi"":""Tehlikeli Değil""}",0,,refreshed,"[""daily_top"",""hot_change""]",true,2026-08-21T12:00:02+03:00,0,"[""search_result_dom"",""product_detail_jsonld"",""product_detail_dom""]","{""title"":""observed"",""brand"":""observed"",""seller_name"":""observed"",""seller_score"":""unavailable"",""price"":""observed"",""original_price"":""observed"",""campaigns"":""observed"",""stock_status"":""observed"",""stock_signal"":""observed"",""rating"":""unavailable"",""rating_count"":""unavailable"",""review_count"":""unavailable"",""question_count"":""unavailable"",""delivery_summary"":""observed"",""shipping_cost"":""observed"",""properties"":""observed""}",true,
2026-08-21,2026-08-21T12:00:02+03:00,kozmetik,BEST_SELLER,kozmetik-vitrini,Trendyol Kozmetik / En Çok Satan Ürünler,184,14,184,184,,kozmetik:kozmetik-vitrini,184,,22.2,7.8,809360800,113106,809360800:113106,Caudalie Vinoperfect Leke Karşıtı ve Işıltı Verici Serum 30 ml,Caudalie,Cilt Serumu,https://www.trendyol.com/caudalie/vinoperfect-leke-karsiti-ve-isilti-verici-serum-30-ml-p-809360800?boutiqueId=61&merchantId=113106,Artı Marka,86,2414,,,,TRY,"[""Kargo Bedava"",""Son 10 Günün En Düşük Fiyatı""]",InStock,5 adetten fazla stok sunulmuştur,,,,,4.2,981,599,,765,,,,4999,TRY,0,1,1,4,Tahmini Teslim:,Fenomen Seçimi,https://cdn.dsmcdn.com/ty1668/prod/QC/20250429/14/23792ffd-b491-323c-b712-518af029bed0/1_org_zoom.jpg,"{""SPF"":""Korumasız"",""Cilt Tipi"":""Tüm Cilt Tipleri"",""Tip"":""Şişe"",""Hacim"":""30 ml"",""İçerik"":""Hyalüronik Asit"",""Kullanma Amacı"":""Leke Karşıtı Bakım"",""Ek Özellik"":""Vegan"",""Yaşlanma Karşıtı"":""Hayır"",""Menşei"":""FR"",""Ürün Güvenliği Bilgisi"":""Tehlikeli Değil"",""Refill"":""Hayır""}",20,5,refreshed,"[""daily_top""]",true,2026-08-21T12:00:02+03:00,0,"[""search_result_dom"",""product_detail_jsonld"",""product_detail_dom""]","{""title"":""observed"",""brand"":""observed"",""seller_name"":""observed"",""seller_score"":""observed"",""price"":""observed"",""original_price"":""unavailable"",""campaigns"":""observed"",""stock_status"":""observed"",""stock_signal"":""observed"",""rating"":""observed"",""rating_count"":""observed"",""review_count"":""observed"",""question_count"":""observed"",""delivery_summary"":""observed"",""shipping_cost"":""observed"",""properties"":""observed""}",true,
2026-08-21,2026-08-21T12:00:02+03:00,kozmetik,BEST_SELLER,kozmetik-vitrini,Trendyol Kozmetik / En Çok Satan Ürünler,185,14,185,185,,kozmetik:kozmetik-vitrini,185,-12,29.8,5.2,851709350,565865,851709350:565865,Agarta Tüm Cilt Tipleri Için Doğal Arındırıcı Yüz Yıkama Jeli Hassas 400 ml,Agarta,Yüz Temizleyicileri,https://www.trendyol.com/agarta/tum-cilt-tipleri-icin-dogal-arindirici-yuz-yikama-jeli-hassas-400-ml-p-851709350?boutiqueId=61&merchantId=565865,AGARTA BİTKİSEL KOZMETİK,94,364.8,384,5,,TRY,"[""Sepette %5 İndirim"",""Kargo Bedava""]",InStock,100 adetten fazla stok sunulmuştur,,,,,4.5,2040,1264,3,485,,,,4999,TRY,0,1,1,4,Tahmini Teslim:,,https://cdn.dsmcdn.com/ty1000427/product/media/images/prod/PIM/20260817/07/1c499d65-dc80-4c8f-b6ad-79d9d2528c5e/1_org_zoom.jpg,"{""Cilt Tipi"":""Tüm Cilt Tipleri"",""Ek Özellik"":""Vegan"",""Form"":""Jel"",""Hacim"":""400 ml"",""İçerik"":""Salisilik Asit"",""Tip"":""Şişe"",""Kullanma Amacı"":""Canlandırıcı"",""Menşei"":""TR"",""Refill"":""Hayır""}",20,5,refreshed,"[""daily_top""]",true,2026-08-21T12:00:02+03:00,0,"[""search_result_dom"",""product_detail_jsonld"",""product_detail_dom""]","{""title"":""observed"",""brand"":""observed"",""seller_name"":""observed"",""seller_score"":""observed"",""price"":""observed"",""original_price"":""observed"",""campaigns"":""observed"",""stock_status"":""observed"",""stock_signal"":""observed"",""rating"":""observed"",""rating_count"":""observed"",""review_count"":""observed"",""question_count"":""observed"",""delivery_summary"":""observed"",""shipping_cost"":""observed"",""properties"":""observed""}",true,
2026-08-21,2026-08-21T12:00:02+03:00,kozmetik,BEST_SELLER,kozmetik-vitrini,Trendyol Kozmetik / En Çok Satan Ürünler,186,14,186,186,,kozmetik:kozmetik-vitrini,186,-48,32.9,11.7,951802255,1018757,951802255:1018757,"RABRAIN Manifest Body Mist, Kadın Vücut Spreyi 150ml",RABRAIN,Vücut Spreyi,https://www.trendyol.com/rabrain/manifest-body-mist-kadin-vucut-spreyi-150ml-p-951802255?boutiqueId=61&merchantId=1018757,COSMONOL,92,529,,,0,TRY,"[""Kargo Bedava""]",InStock,100 adetten fazla stok sunulmuştur,Son 3 günde 250+ ürün satıldı!,3,250,83.3,3.8,6255,3934,7,141,"3,6B kişinin sepetinde","220,5B kişi favoriledi",Son 24 saatte 882 kişi görüntüledi,4999,TRY,0,1,1,4,Tahmini Teslim:,,https://cdn.dsmcdn.com/ty1829/prod/QC_ENRICHMENT/20260219/12/964ea65a-023a-34c1-b793-9dc8e61d80d2/1_org_zoom.jpg,"{""Hacim"":""150 ml"",""Koku Türü"":""Aromatik"",""Menşei"":""TR"",""Ürün Güvenliği Bilgisi"":""Tehlikeli Değil""}",20,5,refreshed,"[""daily_top"",""hot_change""]",true,2026-08-21T12:00:02+03:00,0,"[""search_result_dom"",""product_detail_jsonld"",""product_detail_dom""]","{""title"":""observed"",""brand"":""observed"",""seller_name"":""observed"",""seller_score"":""observed"",""price"":""observed"",""original_price"":""unavailable"",""campaigns"":""observed"",""stock_status"":""observed"",""stock_signal"":""observed"",""rating"":""observed"",""rating_count"":""observed"",""review_count"":""observed"",""question_count"":""observed"",""delivery_summary"":""observed"",""shipping_cost"":""observed"",""properties"":""observed""}",true,
2026-08-21,2026-08-21T12:00:02+03:00,kozmetik,BEST_SELLER,kozmetik-vitrini,Trendyol Kozmetik / En Çok Satan Ürünler,187,15,187,187,,kozmetik:kozmetik-vitrini,187,-62,54.4,0,472903893,710270,472903893:710270,Baga Kırmızı Kil Maskesi,Baga,Yüz Maskesi,https://www.trendyol.com/baga/kirmizi-kil-maskesi-p-472903893?boutiqueId=61&merchantId=710270,LAYES KOZMETİK,97,289.9,369.9,21.6,,TRY,"[""Son 10 Günün En Düşük Fiyatı"",""Sepette %5 İndirim"",""Kargo Bedava"",""Son 10 günün en düşük fiyatı""]",InStock,100 adetten fazla stok sunulmuştur,,,,,4.1,22538,12572,0,5772,,,,4999,TRY,0,1,1,4,2 saat 52 dakika içinde sipariş verirsen en geç bugün kargoda!,,https://cdn.dsmcdn.com/ty1614/prod/QC/20241222/19/698e4b86-8199-38da-9996-5778dced5a60/1_org_zoom.jpg,"{""Cilt Tipi"":""Tüm Cilt Tipleri"",""Kullanma Amacı"":""Akne Karşıtı"",""Ek Özellik"":""Vegan"",""Hacim"":""100 ml"",""Form"":""Krem"",""İçerik"":""Hyalüronik Asit"",""Tip"":""Kavanoz"",""Set İçerik Adeti"":""1"",""Yaşlanma Karşıtı"":""Evet"",""Menşei"":""TR""}",20,5,refreshed,"[""daily_top"",""hot_change""]",true,2026-08-21T12:00:02+03:00,0,"[""search_result_dom"",""product_detail_jsonld"",""product_detail_dom""]","{""title"":""observed"",""brand"":""observed"",""seller_name"":""observed"",""seller_score"":""observed"",""price"":""observed"",""original_price"":""observed"",""campaigns"":""observed"",""stock_status"":""observed"",""stock_signal"":""observed"",""rating"":""observed"",""rating_count"":""observed"",""review_count"":""observed"",""question_count"":""observed"",""delivery_summary"":""observed"",""shipping_cost"":""observed"",""properties"":""observed""}",true,
2026-08-21,2026-08-21T12:00:02+03:00,kozmetik,BEST_SELLER,kozmetik-vitrini,Trendyol Kozmetik / En Çok Satan Ürünler,188,15,188,188,,kozmetik:kozmetik-vitrini,188,-26,26.8,3.2,202718,553906,202718:553906,"Osis Thrill Elastik Lifli Gum Şekillendirici Orta Tutuş 100ml | Parlaklık Veren Gum Wax, Saç Sakızı",Osis,Saç Şekillendirici Krem,https://www.trendyol.com/osis/thrill-elastik-lifli-gum-sekillendirici-orta-tutus-100ml-parlaklik-veren-gum-wax-sac-sakizi-p-202718?boutiqueId=61&merchantId=553906,BOL KAZAN,95,713,,,,TRY,"[""Kargo Bedava"",""Trendyol Plus'a Özel""]",InStock,10 adetten fazla stok sunulmuştur,,,,,4.5,3957,2216,3,648,"1,5B kişinin sepetinde","294,1B kişi favoriledi",Son 24 saatte 715 kişi görüntüledi,4999,TRY,0,,1,4,11 saat 52 dakika içinde sipariş verirsen en geç yarın kargoda!,En Çok Favorilenen 2. Ürün,https://cdn.dsmcdn.com/ty1000313/product/media/images/prod/PIM/20260209/12/5f29bfcd-4cae-448f-9d2e-ef44ea4dd5af/1_org_zoom.jpg,"{""Form"":""Macun"",""Hacim"":""100 ml"",""Tutuculuk / Sertlik"":""Orta"",""Menşei"":""TR"",""Ürün Güvenliği Bilgisi"":""Tehlikeli Değil""}",20,5,refreshed,"[""daily_top""]",true,2026-08-21T12:00:02+03:00,0,"[""search_result_dom"",""product_detail_jsonld"",""product_detail_dom""]","{""title"":""observed"",""brand"":""observed"",""seller_name"":""observed"",""seller_score"":""observed"",""price"":""observed"",""original_price"":""unavailable"",""campaigns"":""observed"",""stock_status"":""observed"",""stock_signal"":""observed"",""rating"":""observed"",""rating_count"":""observed"",""review_count"":""observed"",""question_count"":""observed"",""delivery_summary"":""observed"",""shipping_cost"":""observed"",""properties"":""observed""}",true,
2026-08-21,2026-08-21T12:00:02+03:00,kozmetik,BEST_SELLER,kozmetik-vitrini,Trendyol Kozmetik / En Çok Satan Ürünler,189,15,189,189,,kozmetik:kozmetik-vitrini,189,-70,23.3,6.7,885896576,556702,885896576:556702,Cream Co. Leke Karşıtı Nemlendirici Yüz Temizleme Jeli Niacinamide Hyalüronik Asit | 400 ML | Tüm Cilt Tipleri,Cream Co.,Yüz Temizleyicileri,https://www.trendyol.com/cream-co/leke-karsiti-nemlendirici-yuz-temizleme-jeli-niacinamide-hyaluronik-asit-400-ml-tum-cilt-tipleri-p-885896576?boutiqueId=61&merchantId=556702,Cream Co.,,398.9,,,0,TRY,"[""Kargo Bedava"",""Trendyol Plus'a Özel""]",InStock,100 adetten fazla stok sunulmuştur,,,,,4.3,1634,820,1,325,,,,4999,TRY,0,,1,4,Tahmini Teslim:,,https://cdn.dsmcdn.com/ty1000384/product/media/images/prod/PIM/20260331/07/a39a744b-8fae-4d6c-9b93-71d5d8bb9d05/1_org_zoom.jpg,"{""Cilt Tipi"":""Tüm Cilt Tipleri"",""Ek Özellik"":""Vegan"",""Form"":""Jel"",""Hacim"":""200 ml"",""İçerik"":""Hyalüronik Asit"",""Tip"":""Şişe"",""Kullanma Amacı"":""Canlandırıcı"",""Menşei"":""FR"",""Ürün Güvenliği Bilgisi"":""Tehlikeli Değil"",""Refill"":""Evet""}",20,5,refreshed,"[""daily_top"",""hot_change""]",true,2026-08-21T12:00:02+03:00,0,"[""search_result_dom"",""product_detail_jsonld"",""product_detail_dom""]","{""title"":""observed"",""brand"":""observed"",""seller_name"":""observed"",""seller_score"":""unavailable"",""price"":""observed"",""original_price"":""unavailable"",""campaigns"":""observed"",""stock_status"":""observed"",""stock_signal"":""observed"",""rating"":""observed"",""rating_count"":""observed"",""review_count"":""observed"",""question_count"":""observed"",""delivery_summary"":""observed"",""shipping_cost"":""observed"",""properties"":""observed""}",true,
2026-08-21,2026-08-21T12:00:02+03:00,kozmetik,BEST_SELLER,kozmetik-vitrini,Trendyol Kozmetik / En Çok Satan Ürünler,190,15,190,190,7,kozmetik:kozmetik-vitrini,190,-29,13.6,18.4,1131308367,1085971,1131308367:1085971,QNAİL PROFESSİONAL Buffer Törpü Kalıcı Oje İçin Protez Tırnak 100/180 1 adet,QNAİL PROFESSİONAL,Takma Tırnak & Aksesuarı,https://www.trendyol.com/qnail-professional/buffer-torpu-kalici-oje-icin-protez-tirnak-100-180-1-adet-p-1131308367?boutiqueId=61&merchantId=1085971,ADEN MAC KOZMETİK,94,30.85,31.48,2,0,TRY,"[""Sepette %2 İndirim"",""Kargo Bedava""]",InStock,100 adetten fazla stok sunulmuştur,,,,,4.3,60,27,0,4,,,,4999,TRY,0,1,1,4,11 saat 52 dakika içinde sipariş verirsen en geç yarın kargoda!,En Çok Satan 7. Ürün,https://cdn.dsmcdn.com/ty1853/prod/QC_PREP/20260410/16/0ab8e723-482b-35c6-929c-ff5824f8320b/1_org_zoom.jpg,"{""Renk"":""Çok Renkli"",""Menşei"":""TR""}",20,5,refreshed,"[""daily_top""]",true,2026-08-21T12:00:02+03:00,0,"[""search_result_dom"",""product_detail_jsonld"",""product_detail_dom""]","{""title"":""observed"",""brand"":""observed"",""seller_name"":""observed"",""seller_score"":""observed"",""price"":""observed"",""original_price"":""observed"",""campaigns"":""observed"",""stock_status"":""observed"",""stock_signal"":""observed"",""rating"":""observed"",""rating_count"":""observed"",""review_count"":""observed"",""question_count"":""observed"",""delivery_summary"":""observed"",""shipping_cost"":""observed"",""properties"":""observed""}",true,
2026-08-21,2026-08-21T12:00:02+03:00,kozmetik,BEST_SELLER,kozmetik-vitrini,Trendyol Kozmetik / En Çok Satan Ürünler,191,15,191,191,,kozmetik:kozmetik-vitrini,191,-1,26.5,3.5,270114277,942892,270114277:942892,ALFAGİFT Elektrikli USB Tırnak Törpü Seti Manikür Pedikür Protez Tırnak Ayak Nasır Ve Tırnak Mantar Makinesi,ALFAGİFT,Manikür & Pedikür Aletleri,https://www.trendyol.com/alfagift/elektrikli-usb-tirnak-torpu-seti-manikur-pedikur-protez-tirnak-ayak-nasir-ve-tirnak-mantar-makinesi-p-270114277?boutiqueId=61&merchantId=942892,Saravita,89,349.99,,,0,TRY,"[""Kargo Bedava""]",InStock,100 adetten fazla stok sunulmuştur,,,,,3.8,3740,2052,4,806,,,,4999,TRY,0,,1,4,1 saat 52 dakika içinde sipariş verirsen en geç bugün kargoda!,En Çok Favorilenen 1. Ürün,https://cdn.dsmcdn.com/ty1836/prod/QC_ENRICHMENT/20260312/16/d91dc164-eeb8-3f1c-a1b2-2f51e5406061/1_org_zoom.jpg,"{""Menşei"":""CN"",""Bakım Talimatları (Genel)"":""Ürünün kullanım ömrünü korumak için ürüne özel bakım talimatlarını takip ediniz.""}",20,5,refreshed,"[""daily_top""]",true,2026-08-21T12:00:02+03:00,0,"[""search_result_dom"",""product_detail_jsonld"",""product_detail_dom""]","{""title"":""observed"",""brand"":""observed"",""seller_name"":""observed"",""seller_score"":""observed"",""price"":""observed"",""original_price"":""unavailable"",""campaigns"":""observed"",""stock_status"":""observed"",""stock_signal"":""observed"",""rating"":""observed"",""rating_count"":""observed"",""review_count"":""observed"",""question_count"":""observed"",""delivery_summary"":""observed"",""shipping_cost"":""observed"",""properties"":""observed""}",true,
2026-08-21,2026-08-21T12:00:02+03:00,kozmetik,BEST_SELLER,kozmetik-vitrini,Trendyol Kozmetik / En Çok Satan Ürünler,192,15,192,192,,kozmetik:kozmetik-vitrini,192,-86,26.2,3.8,55417174,1142783,55417174:1142783,beaulis Fake It Maskara Hacimli Ve Uzun Kirpikler - 100 Black,beaulis,Maskara,https://www.trendyol.com/beaulis/fake-it-maskara-hacimli-ve-uzun-kirpikler-100-black-p-55417174?boutiqueId=61&merchantId=1142783,ZHE Global,95,258,,,,TRY,"[""Kargo Bedava""]",InStock,,,,,,4.5,3572,1905,-2,,,,,4999,TRY,0,,1,4,11 saat 52 dakika içinde sipariş verirsen en geç yarın kargoda!,,https://cdn.dsmcdn.com/ty1550/product/media/images/ty1549/prod/QC/20240916/22/b416f95a-efb2-3e28-88f5-c34b3d3bee9b/1_org_zoom.jpg,"{""Boy"":""Orijinal Boy"",""Etki"":""Hacim Verici"",""Suya/Tere Dayanıklılık"":""Var"",""Fırça Tipi"":""Plastik"",""Menşei"":""TR"",""Kutu Durumu"":""Kutulu"",""Ürün Güvenliği Bilgisi"":""Tehlikeli Değil"",""Renk"":""Siyah""}",20,5,refreshed,"[""daily_top"",""hot_change""]",true,2026-08-21T12:00:02+03:00,0,"[""search_result_dom"",""product_detail_jsonld"",""product_detail_dom""]","{""title"":""observed"",""brand"":""observed"",""seller_name"":""observed"",""seller_score"":""observed"",""price"":""observed"",""original_price"":""unavailable"",""campaigns"":""observed"",""stock_status"":""observed"",""stock_signal"":""unavailable"",""rating"":""observed"",""rating_count"":""observed"",""review_count"":""observed"",""question_count"":""unavailable"",""delivery_summary"":""observed"",""shipping_cost"":""observed"",""properties"":""observed""}",true,
2026-08-21,2026-08-21T12:00:02+03:00,kozmetik,BEST_SELLER,kozmetik-vitrini,Trendyol Kozmetik / En Çok Satan Ürünler,193,15,193,193,8,kozmetik:kozmetik-vitrini,193,,23.6,6.4,749803338,4473,749803338:4473,Flormar Perfect Coverage Yüksek Pigmentli & Yarı Parlak Bitişli SPF15 Fondöten,Flormar,,https://www.trendyol.com/flormar/perfect-coverage-yuksek-pigmentli-yari-parlak-bitisli-spf15-fondoten-p-749803338?boutiqueId=61&merchantId=4473,Flormar,,509.85,,,,TRY,"[""Kargo Bedava"",""Son 10 Günün En Düşük Fiyatı"",""Trendyol Plus'a Özel""]",InStock,100 adetten fazla stok sunulmuştur,,,,,4.3,900,,,195,,,,,,0,,,,Tahmini Teslim:,En Çok Satan 8. Ürün,,{},0,,refreshed,"[""daily_top""]",true,2026-08-21T12:00:02+03:00,0,"[""search_result_dom"",""product_detail_jsonld"",""product_detail_dom""]","{""title"":""observed"",""brand"":""observed"",""seller_name"":""observed"",""seller_score"":""unavailable"",""price"":""observed"",""original_price"":""unavailable"",""campaigns"":""observed"",""stock_status"":""observed"",""stock_signal"":""observed"",""rating"":""observed"",""rating_count"":""observed"",""review_count"":""unavailable"",""question_count"":""observed"",""delivery_summary"":""observed"",""shipping_cost"":""unavailable"",""properties"":""observed""}",true,
2026-08-21,2026-08-21T12:00:02+03:00,kozmetik,BEST_SELLER,kozmetik-vitrini,Trendyol Kozmetik / En Çok Satan Ürünler,194,15,194,194,10,kozmetik:kozmetik-vitrini,194,,36.3,13.7,797086527,885839,797086527:885839,"FRANKLY Renk Tonu Eşitleyici, Yaşlanma ve Gözenek Karşıtı Bakım Seti",FRANKLY,Cilt Bakım Seti,https://www.trendyol.com/frankly/renk-tonu-esitleyici-yaslanma-ve-gozenek-karsiti-bakim-seti-p-797086527?boutiqueId=61&merchantId=885839,Frankly Türkiye,94,1214.4,1518,20,,TRY,"[""Sepette %20 İndirim"",""Kargo Bedava""]",InStock,100 adetten fazla stok sunulmuştur,,,,,4.8,271,107,,93,734 kişinin sepetinde,"16,3B kişi favoriledi","Son 24 saatte 1,1B kişi görüntüledi",4999,TRY,0,3,1,6,Tahmini Teslim:,,https://cdn.dsmcdn.com/ty1136/product/media/images/prod/SPM/PIM/20240115/11/e3f8e08e-ab35-3b5b-ba7e-6a47fdf8c2a0/1_org_zoom.jpg,"{""Ek Özellik"":""Vegan"",""Cilt Tipi"":""Tüm Cilt Tipleri"",""İçerik"":""Niacinamide"",""Kullanma Amacı"":""Gözenek Sıkılaştırıcı"",""Set İçerik Adeti"":""2"",""Yaşlanma Karşıtı"":""Evet"",""Menşei"":""KR"",""Refill"":""Hayır""}",20,5,refreshed,"[""daily_top""]",true,2026-08-21T12:00:02+03:00,0,"[""search_result_dom"",""product_detail_jsonld"",""product_detail_dom""]","{""title"":""observed"",""brand"":""observed"",""seller_name"":""observed"",""seller_score"":""observed"",""price"":""observed"",""original_price"":""observed"",""campaigns"":""observed"",""stock_status"":""observed"",""stock_signal"":""observed"",""rating"":""observed"",""rating_count"":""observed"",""review_count"":""observed"",""question_count"":""observed"",""delivery_summary"":""observed"",""shipping_cost"":""observed"",""properties"":""observed""}",true,
2026-08-21,2026-08-21T12:00:02+03:00,kozmetik,BEST_SELLER,kozmetik-vitrini,Trendyol Kozmetik / En Çok Satan Ürünler,195,15,195,195,,kozmetik:kozmetik-vitrini,195,,23.4,6.6,242865436,1003608,242865436:1003608,Mustela Tüm Aile Için Spf 50 Çok Yüksek Koruma Faktörlü Güneş Stick 9 Ml 3504105037772,Mustela,Bebek Güneş Kremi,https://www.trendyol.com/mustela/tum-aile-icin-spf-50-cok-yuksek-koruma-faktorlu-gunes-stick-9-ml-3504105037772-p-242865436?boutiqueId=61&merchantId=1003608,HepsiMix,,589,,,,TRY,"[""Kargo Bedava""]",InStock,100 adetten fazla stok sunulmuştur,,,,,4.1,1440,843,,,,,,4999,TRY,0,1,1,4,11 saat 52 dakika içinde sipariş verirsen en geç yarın kargoda!,En Çok Favorilenen 2. Ürün,https://cdn.dsmcdn.com/ty1000429/product/media/images/prod/PIM/20260814/14/b5a74811-775f-48ed-b77a-e22f06b61d2a/1_org_zoom.jpg,"{""Tip"":""Krem"",""SPF"":""SPF 50 +"",""Boy"":""50 ML"",""Menşei"":""FR"",""Ürün Güvenliği Bilgisi"":""Tehlikeli Değil"",""Refill"":""Hayır""}",20,5,refreshed,"[""daily_top""]",true,2026-08-21T12:00:02+03:00,0,"[""search_result_dom"",""product_detail_jsonld"",""product_detail_dom""]","{""title"":""observed"",""brand"":""observed"",""seller_name"":""observed"",""seller_score"":""unavailable"",""price"":""observed"",""original_price"":""unavailable"",""campaigns"":""observed"",""stock_status"":""observed"",""stock_signal"":""observed"",""rating"":""observed"",""rating_count"":""observed"",""review_count"":""observed"",""question_count"":""unavailable"",""delivery_summary"":""observed"",""shipping_cost"":""observed"",""properties"":""observed""}",true,
2026-08-21,2026-08-21T12:00:02+03:00,kozmetik,BEST_SELLER,kozmetik-vitrini,Trendyol Kozmetik / En Çok Satan Ürünler,196,15,196,196,,kozmetik:kozmetik-vitrini,196,-2,46,6.9,1068908,736295,1068908:736295,Bioxcin Forte 300 ml Şampuan - Yoğun Dökülme Şampuanı Tüm Saç Tipleri,Bioxcin,Şampuan,https://www.trendyol.com/bioxcin/forte-300-ml-sampuan-yogun-dokulme-sampuani-tum-sac-tipleri-p-1068908?boutiqueId=61&merchantId=736295,Nysa,98,269.9,349.99,22.9,,TRY,"[""Son 10 Günün En Düşük Fiyatı"",""Kargo Bedava"",""Son 10 günün en düşük fiyatı""]",InStock,100 adetten fazla stok sunulmuştur,,,,,4.4,1840,774,-1,446,,,,4999,TRY,0,,1,4,3 saat 52 dakika içinde sipariş verirsen en geç bugün kargoda!,,https://cdn.dsmcdn.com/ty1000077/product/media/images/prod/PIM/20260123/06/45921318-56a2-40e4-bb6d-2bb69f6c1ec7/1_org_zoom.jpg,"{""Etki"":""Dökülme Karşıtı"",""Hacim"":""300 ml"",""Saç Tipi"":""Tüm Saç Tipleri"",""Menşei"":""TR"",""Ürün Güvenliği Bilgisi"":""Tehlikeli Değil"",""Refill"":""Hayır""}",20,5,refreshed,"[""daily_top""]",true,2026-08-21T12:00:02+03:00,0,"[""search_result_dom"",""product_detail_jsonld"",""product_detail_dom""]","{""title"":""observed"",""brand"":""observed"",""seller_name"":""observed"",""seller_score"":""observed"",""price"":""observed"",""original_price"":""observed"",""campaigns"":""observed"",""stock_status"":""observed"",""stock_signal"":""observed"",""rating"":""observed"",""rating_count"":""observed"",""review_count"":""observed"",""question_count"":""observed"",""delivery_summary"":""observed"",""shipping_cost"":""observed"",""properties"":""observed""}",true,
2026-08-21,2026-08-21T12:00:02+03:00,kozmetik,BEST_SELLER,kozmetik-vitrini,Trendyol Kozmetik / En Çok Satan Ürünler,197,15,197,197,1,kozmetik:kozmetik-vitrini,197,-65,28.6,1.4,37595114,140057,37595114:140057,MAR’LE %100 Doğal At Kılı Selülit Fırçası (SAKLAMA KESESİ HEDİYELİ),MAR’LE,Selülit Fırçası,https://www.trendyol.com/mar-le/100-dogal-at-kili-selulit-fircasi-saklama-kesesi-hediyeli-p-37595114?boutiqueId=61&merchantId=140057,MAR’LE,,368,,,0,TRY,"[""Kargo Bedava"",""Trendyol Plus'a Özel""]",InStock,100 adetten fazla stok sunulmuştur,,,,,4.7,6481,3792,-29,394,,,,4999,TRY,0,1,1,4,11 saat 52 dakika içinde sipariş verirsen en geç yarın kargoda!,En Çok Satan 1. Ürün,https://cdn.dsmcdn.com/ty1860/prod/QC_ENRICHMENT/20260426/15/1e05f50e-9b28-345f-9522-02227657a7c0/1_org_zoom.jpg,"{""Menşei"":""TR"",""Bakım Talimatları (Genel)"":""Ürünün kullanım ömrünü korumak için ürüne özel bakım talimatlarını takip ediniz.""}",20,5,refreshed,"[""daily_top"",""hot_change""]",true,2026-08-21T12:00:02+03:00,0,"[""search_result_dom"",""product_detail_jsonld"",""product_detail_dom""]","{""title"":""observed"",""brand"":""observed"",""seller_name"":""observed"",""seller_score"":""unavailable"",""price"":""observed"",""original_price"":""unavailable"",""campaigns"":""observed"",""stock_status"":""observed"",""stock_signal"":""observed"",""rating"":""observed"",""rating_count"":""observed"",""review_count"":""observed"",""question_count"":""observed"",""delivery_summary"":""observed"",""shipping_cost"":""observed"",""properties"":""observed""}",true,
2026-08-21,2026-08-21T12:00:02+03:00,kozmetik,BEST_SELLER,kozmetik-vitrini,Trendyol Kozmetik / En Çok Satan Ürünler,198,15,198,198,2,kozmetik:kozmetik-vitrini,198,-27,31.4,0,358492333,674296,358492333:674296,Mad Parfüm Mad Z101 Selective 50 ml Kadın Parfüm,Mad Parfüm,Parfüm,https://www.trendyol.com/mad-parfum/mad-z101-selective-50-ml-kadin-parfum-p-358492333?boutiqueId=61&merchantId=674296,MAD PARFÜM,92,599.99,,,0,TRY,"[""50 TL Kupon"",""Kargo Bedava""]",InStock,100 adetten fazla stok sunulmuştur,,,,,4.2,13569,8357,-2,4124,,,,4999,TRY,0,,1,4,Tahmini Teslim:,Fenomen Seçimi,https://cdn.dsmcdn.com/ty1941/prod/QC_ENRICHMENT/20260805/11/6dce940c-3465-3bb1-824b-b6ba247879c9/1_org_zoom.jpg,"{""Tip"":""EDP"",""Koku Türü"":""Oryantal"",""Menşei"":""TR"",""Ürün Güvenliği Bilgisi"":""Sınıf 3 Alevlenir sıvılar"",""Refill"":""Hayır"",""Hacim"":""50 ml""}",20,5,refreshed,"[""daily_top""]",true,2026-08-21T12:00:02+03:00,0,"[""search_result_dom"",""product_detail_jsonld"",""product_detail_dom""]","{""title"":""observed"",""brand"":""observed"",""seller_name"":""observed"",""seller_score"":""observed"",""price"":""observed"",""original_price"":""unavailable"",""campaigns"":""observed"",""stock_status"":""observed"",""stock_signal"":""observed"",""rating"":""observed"",""rating_count"":""observed"",""review_count"":""observed"",""question_count"":""observed"",""delivery_summary"":""observed"",""shipping_cost"":""observed"",""properties"":""observed""}",true,
2026-08-21,2026-08-21T12:00:02+03:00,kozmetik,BEST_SELLER,kozmetik-vitrini,Trendyol Kozmetik / En Çok Satan Ürünler,199,16,199,199,8,kozmetik:kozmetik-vitrini,199,-3,29.2,15.4,4051039,104886,4051039:104886,Missha Mükemmel Kapatıcılık Sunan Çok Fonksiyonlu M Perfect Cover BB Cream Ex SPF42/PA+++ No.13 (50ml),Missha,,https://www.trendyol.com/missha/mukemmel-kapaticilik-sunan-cok-fonksiyonlu-m-perfect-cover-bb-cream-ex-spf42-pa-no-13-50ml-p-4051039?boutiqueId=61&merchantId=104886,Missha Türkiye,93,824.9,,,0,TRY,"[""125 TL Kupon"",""Kargo Bedava""]",InStock,100 adetten fazla stok sunulmuştur,Son 3 günde 250+ ürün satıldı!,3,250,83.3,4.6,1334,,0,534,,,,,,0,,,,1 saat 52 dakika içinde sipariş verirsen en geç bugün kargoda!,En Çok Ziyaret Edilen 2. Ürün,,{},0,,refreshed,"[""daily_top""]",true,2026-08-21T12:00:02+03:00,0,"[""search_result_dom"",""product_detail_jsonld"",""product_detail_dom""]","{""title"":""observed"",""brand"":""observed"",""seller_name"":""observed"",""seller_score"":""observed"",""price"":""observed"",""original_price"":""unavailable"",""campaigns"":""observed"",""stock_status"":""observed"",""stock_signal"":""observed"",""rating"":""observed"",""rating_count"":""observed"",""review_count"":""unavailable"",""question_count"":""observed"",""delivery_summary"":""observed"",""shipping_cost"":""unavailable"",""properties"":""observed""}",true,
2026-08-21,2026-08-21T12:00:02+03:00,kozmetik,BEST_SELLER,kozmetik-vitrini,Trendyol Kozmetik / En Çok Satan Ürünler,200,16,200,200,,kozmetik:kozmetik-vitrini,200,-2,28.9,1.1,205456960,650379,205456960:650379,Barulab Greentea Hyrdo Calming Sun Cream - Yeşil Çaylı Kimyasal Filtreli Güneş Kremi 60ml,Barulab,Yüz Güneş Kremi,https://www.trendyol.com/barulab/greentea-hyrdo-calming-sun-cream-yesil-cayli-kimyasal-filtreli-gunes-kremi-60ml-p-205456960?boutiqueId=61&merchantId=650379,Ledoria Kozmetik,89,799,,,0,TRY,"[""Kargo Bedava""]",InStock,100 adetten fazla stok sunulmuştur,,,,,4.7,6452,4100,-15,1536,856 kişinin sepetinde,"152,8B kişi favoriledi",Son 24 saatte 728 kişi görüntüledi,4999,TRY,0,1,1,4,11 saat 52 dakika içinde sipariş verirsen en geç yarın kargoda!,,https://cdn.dsmcdn.com/ty1859/prod/QC_ENRICHMENT/20260422/13/afa0d0bb-a9e0-360d-b0af-f0226539732b/1_org_zoom.jpg,"{""Form"":""Krem"",""SPF"":""SPF 50 +"",""Cilt Tipi"":""Tüm Cilt Tipleri"",""Tip"":""Tüp"",""Ek Özellik"":""Sülfat İçermez"",""Hacim"":""60 ml"",""Görünüm"":""Renksiz"",""Kullanma Amacı"":""Nemlendirici"",""Yaşlanma Karşıtı"":""Evet"",""Menşei"":""TR"",""Kutu Durumu"":""Kutulu"",""Ürün Güvenliği Bilgisi"":""Tehlikeli Değil""}",20,5,refreshed,"[""daily_top""]",true,2026-08-21T12:00:02+03:00,0,"[""search_result_dom"",""product_detail_jsonld"",""product_detail_dom""]","{""title"":""observed"",""brand"":""observed"",""seller_name"":""observed"",""seller_score"":""observed"",""price"":""observed"",""original_price"":""unavailable"",""campaigns"":""observed"",""stock_status"":""observed"",""stock_signal"":""observed"",""rating"":""observed"",""rating_count"":""observed"",""review_count"":""observed"",""question_count"":""observed"",""delivery_summary"":""observed"",""shipping_cost"":""observed"",""properties"":""observed""}",true,
